source,scenario,condition,detector_seed,c,parameter_delta_l2,runtime_seconds,score_path,score_sha256,n,positives,negatives,prevalence,recall,fpr,ap,pr_auc_trapezoidal,auroc,valid_for_H1_inference
3000,abrupt,collective,11,,0.0,0.18948880303651094,data/phase_d/grid/3000_abrupt_collective_11/scores_no_update.npy,d29e805f18bedadc1bf60a10d3e711c76ed5bf160836c32b893f0b31da1ef8de,8236,941,7295,0.11425449247207382,0.9914984059511158,0.9155586017820425,0.3928237772204286,0.3924756998090481,0.7875568769898297,False
3000,abrupt,collective,11,0,0.05063691272607554,0.19807296805083752,data/phase_d/grid/3000_abrupt_collective_11/scores_0.npy,02a9c5d9050512de3accbc770b604cfe379486b197f346fb0ab66afd25c0e934,8236,941,7295,0.11425449247207382,0.9893730074388948,0.8993831391363948,0.3955188073465383,0.3951738837140008,0.7889895907915907,False
3000,abrupt,collective,11,5,0.0507001007958668,0.19743699626997113,data/phase_d/grid/3000_abrupt_collective_11/scores_5.npy,0ff481f46b1a4d5cf474626a7ec261f565cc7425a22f568dd9986d1618c99ea8,8236,941,7295,0.11425449247207382,0.9893730074388948,0.8995202193283071,0.3955083236673799,0.3951630972292984,0.7889945437422019,False
3000,abrupt,collective,11,10,0.05088923518916776,0.20021355198696256,data/phase_d/grid/3000_abrupt_collective_11/scores_10.npy,552be33830c638c8eb2291c21daa240dfffe040a420b440efd1115b29272c4d1,8236,941,7295,0.11425449247207382,0.9893730074388948,0.8993831391363948,0.39550428761745615,0.39515926165479875,0.7889761158524282,False
3000,abrupt,collective,11,20,0.05137186357244336,0.19966265372931957,data/phase_d/grid/3000_abrupt_collective_11/scores_20.npy,33b072832b199e228dfe2932f38eaeccf90518f3e2adb312e55456945b74e8b4,8236,941,7295,0.11425449247207382,0.9893730074388948,0.8993831391363948,0.3955023424178308,0.3951572105857538,0.788966719813769,False
3000,abrupt,collective,11,30,0.05191489282311482,0.19758358923718333,data/phase_d/grid/3000_abrupt_collective_11/scores_30.npy,14479e8d3315daf4a1edde30c208123de2b59a6463d941146376507606a2ace9,8236,941,7295,0.11425449247207382,0.9893730074388948,0.8991089787525702,0.39549415052061826,0.39515153691584304,0.7889788836777698,False
3000,abrupt,collective,22,,0.0,0.18911526398733258,data/phase_d/grid/3000_abrupt_collective_22/scores_no_update.npy,3ba16d5f2cf3a81b7f236dd0a111bd352cd4f4b98ce1453fcd8c48ee1e963ac1,8236,941,7295,0.11425449247207382,0.9883103081827843,0.9196710075394106,0.4246526089796654,0.42432572124729273,0.7920711272842753,False
3000,abrupt,collective,22,0,0.05592969619159815,0.1987790330313146,data/phase_d/grid/3000_abrupt_collective_22/scores_0.npy,80690696d1f29a249d327f325f51ea523299ad08ddd17913d35cbcc935799cdc,8236,941,7295,0.11425449247207382,0.9872476089266737,0.9017135023989034,0.42134702462071705,0.42101635214568217,0.7931722119076218,False
3000,abrupt,collective,22,5,0.05600772823852589,0.19876471301540732,data/phase_d/grid/3000_abrupt_collective_22/scores_5.npy,52e6ea4e8cc33bebeda84d8d62a8cce48832e04fb4f14a67255bc8d5eb467b64,8236,941,7295,0.11425449247207382,0.9872476089266737,0.9014393420150788,0.42135736513708655,0.42102602957555557,0.7931758537830709,False
3000,abrupt,collective,22,10,0.056247340230732405,0.1988798649981618,data/phase_d/grid/3000_abrupt_collective_22/scores_10.npy,793a64e625124a9e2a1a936547813cab400a6a38a6ff468121d2c949b0fb98fd,8236,941,7295,0.11425449247207382,0.9872476089266737,0.9015764222069911,0.42139272665677174,0.4210614727005316,0.7931778203958136,False
3000,abrupt,collective,22,20,0.05665161368332776,0.19736141106113791,data/phase_d/grid/3000_abrupt_collective_22/scores_20.npy,8c49eb5ff1983fca8f5a8f30e79ef21547b2aa31c1ec81017a69c9506a62dff4,8236,941,7295,0.11425449247207382,0.9872476089266737,0.9013022618231665,0.4213641920019112,0.4210328722537809,0.7931772376957417,False
3000,abrupt,collective,22,30,0.056936095519558805,0.1979337651282549,data/phase_d/grid/3000_abrupt_collective_22/scores_30.npy,6b90a70626d5497f88d488e532cb2bf9c16b2ff919ef22e8e7e5ab30b23b3482,8236,941,7295,0.11425449247207382,0.9872476089266737,0.9014393420150788,0.42136864927467005,0.42103735048259494,0.7931757081080529,False
3000,abrupt,collective,33,,0.0,0.18987776199355721,data/phase_d/grid/3000_abrupt_collective_33/scores_no_update.npy,d33239c8552ffa46bda89c181acee8bd6dd0fc1a4304ce8ca8eedc651cea5248,8236,941,7295,0.11425449247207382,0.9893730074388948,0.9247429746401645,0.4118700240531937,0.41154008541068043,0.7895524790610371,False
3000,abrupt,collective,33,0,0.05543577946516301,0.19894356094300747,data/phase_d/grid/3000_abrupt_collective_33/scores_0.npy,d03d9bbaaeff5f8ad5dc69e4798e19eb53c0a133900a0a76558048685b495015,8236,941,7295,0.11425449247207382,0.9872476089266737,0.9036326250856751,0.4126495662681993,0.41232050418437644,0.7901143476053576,False
3000,abrupt,collective,33,5,0.055552864593716195,0.1994738830253482,data/phase_d/grid/3000_abrupt_collective_33/scores_5.npy,ecce6a8860a415c15f8617ccc6a94bfa58e179d1585121d99d8530cea2893696,8236,941,7295,0.11425449247207382,0.9872476089266737,0.9036326250856751,0.412635410477868,0.41230674232389414,0.7901142747678487,False
3000,abrupt,collective,33,10,0.05572536397553163,0.1992959608323872,data/phase_d/grid/3000_abrupt_collective_33/scores_10.npy,b4179cec7d973e3ab636128f067df65abe2dc6a7698833f91af14cb0edbd2640,8236,941,7295,0.11425449247207382,0.9872476089266737,0.9036326250856751,0.4126061594152214,0.41227678208334917,0.7901064811543872,False
3000,abrupt,collective,33,20,0.05610346598268675,0.19814038882032037,data/phase_d/grid/3000_abrupt_collective_33/scores_20.npy,6e0d79476cb66fff8f62560ac5c36478d994b23e3fd9c284ab141c380ca6c862,8236,941,7295,0.11425449247207382,0.9872476089266737,0.9034955448937628,0.41256458892019443,0.41223578438907116,0.7900955555280392,False
3000,abrupt,collective,33,30,0.05643222891788347,0.19895274378359318,data/phase_d/grid/3000_abrupt_collective_33/scores_30.npy,81abff7eedf2a1fe3d519b86b62369f3854fae9b3c43c607e9b8967b643ddeae,8236,941,7295,0.11425449247207382,0.9872476089266737,0.9033584647018505,0.4126031539474253,0.4122744607028094,0.7901058256168062,False
3000,abrupt,collective,44,,0.0,0.18985480023548007,data/phase_d/grid/3000_abrupt_collective_44/scores_no_update.npy,615ffea883bc1fe1966ca4544fa7d997d1f225b61da8d210f2b69b6ee2bdd207,8236,941,7295,0.11425449247207382,0.9914984059511158,0.9170664838930774,0.4271377447063244,0.42681201812729164,0.8050868259525872,False
3000,abrupt,collective,44,0,0.04703486663461997,0.19867920596152544,data/phase_d/grid/3000_abrupt_collective_44/scores_0.npy,da6ab56c8b12e0855c49df121d9e1484af0104cf02dcb2871a5069d9ac560870,8236,941,7295,0.11425449247207382,0.9904357066950054,0.9040438656614119,0.42234466619732985,0.4220201253815364,0.8024491612396654,False
3000,abrupt,collective,44,5,0.04705072960775949,0.19784675538539886,data/phase_d/grid/3000_abrupt_collective_44/scores_5.npy,c0b9e453a1fa6bb32f15cb99da5027ba5946e505016a64a37a0a36af4f4cdba5,8236,941,7295,0.11425449247207382,0.9904357066950054,0.9040438656614119,0.42234577161717984,0.4220211975433883,0.802445155176671,False
3000,abrupt,collective,44,10,0.04721224029110631,0.1999647323973477,data/phase_d/grid/3000_abrupt_collective_44/scores_10.npy,2bed40dd87c7fbe098a7590c65491138fc56f15e3ee09cdbcdad4a93feb11d75,8236,941,7295,0.11425449247207382,0.9904357066950054,0.9040438656614119,0.4223476465770445,0.4220233905286077,0.802440275063569,False
3000,abrupt,collective,44,20,0.047621176942791825,0.20034446101635695,data/phase_d/grid/3000_abrupt_collective_44/scores_20.npy,20f0993ca4a9ac767f988752fc1009ab7c75a149f36f736b2428194e4dcf8d12,8236,941,7295,0.11425449247207382,0.9904357066950054,0.9039067854694997,0.42230145246134,0.42197653665182916,0.8024281840370773,False
3000,abrupt,collective,44,30,0.047921169599409646,0.19790456164628267,data/phase_d/grid/3000_abrupt_collective_44/scores_30.npy,33fd6c1c9a18e7d2c18b2d6caab808d2644fc6fc14e163278200c8b78cf74230,8236,941,7295,0.11425449247207382,0.9904357066950054,0.9040438656614119,0.4223827923020937,0.42205851614802314,0.802445592201725,False
3000,abrupt,collective,55,,0.0,0.19075749069452286,data/phase_d/grid/3000_abrupt_collective_55/scores_no_update.npy,9ec0ac00631598a447bd3789f15992c75847d17351789705c2941d7acb8cbce8,8236,941,7295,0.11425449247207382,0.9936238044633369,0.9287183002056203,0.4204013580253128,0.4200728207611284,0.7940518705036494,False
3000,abrupt,collective,55,0,0.05921254560388211,0.1983039230108261,data/phase_d/grid/3000_abrupt_collective_55/scores_0.npy,d3f90e3c5820f82ae5ad4b80a276b87cf7ff2b29c7099a17a6655016e79e1b32,8236,941,7295,0.11425449247207382,0.9904357066950054,0.9098012337217272,0.4182587991999478,0.41793040071595716,0.7942542131036135,False
3000,abrupt,collective,55,5,0.05930472792882506,0.1981960190460086,data/phase_d/grid/3000_abrupt_collective_55/scores_5.npy,b38580869877d2b2a3eb0f7d72b74c2b9b07f2b0790dab1cefb0f6ae73b52487,8236,941,7295,0.11425449247207382,0.9904357066950054,0.9096641535298149,0.418261523404784,0.41793336268748377,0.7942630264422009,False
3000,abrupt,collective,55,10,0.05950492164718786,0.1985534429550171,data/phase_d/grid/3000_abrupt_collective_55/scores_10.npy,2980c8ecc318c9684ac206c946d456fb57973876962899ac61b995ae7baf5598,8236,941,7295,0.11425449247207382,0.9904357066950054,0.9095270733379027,0.4182392698427038,0.4179107528345872,0.7942573451164999,False
3000,abrupt,collective,55,20,0.05991429224929478,0.1983801149763167,data/phase_d/grid/3000_abrupt_collective_55/scores_20.npy,d5f654eb1e0453a08469979a769bdde9ef2918ef9c7195af0bf6d819cc865895,8236,941,7295,0.11425449247207382,0.9904357066950054,0.9093899931459904,0.4182020569674702,0.417873566409053,0.7942537760785596,False
3000,abrupt,collective,55,30,0.06025019158294287,0.1985314437188208,data/phase_d/grid/3000_abrupt_collective_55/scores_30.npy,fe790cff9c03752ced3b1363f5316daac203132ba1ad68b80d13fa7687679b08,8236,941,7295,0.11425449247207382,0.9904357066950054,0.9095270733379027,0.4182112621032716,0.4178819406414191,0.7942645560298895,False
3000,abrupt,dependency,11,,0.0,0.18889033002778888,data/phase_d/grid/3000_abrupt_dependency_11/scores_no_update.npy,d3d605cab03b01e95db99134089f0dd3d896a6ce558cdedf5b65b2488e322b78,8236,941,7295,0.11425449247207382,0.9819341126461212,0.9178889650445511,0.2630499797315268,0.26214187917683074,0.684209702101872,False
3000,abrupt,dependency,11,0,0.050636912723830405,0.19894464407116175,data/phase_d/grid/3000_abrupt_dependency_11/scores_0.npy,78b9711862dc5a66ac6330ed0632885bbffc24063f2d7a71255cf97e3a0428a2,8236,941,7295,0.11425449247207382,0.9798087141339001,0.9028101439342016,0.26880930934152125,0.26776343801571734,0.6875208224228815,False
3000,abrupt,dependency,11,5,0.05064080004753402,0.20005028089508414,data/phase_d/grid/3000_abrupt_dependency_11/scores_5.npy,cfee46fa636796bf7122c8ccd496a007cd627c989d35280e4c573f6a561b8780,8236,941,7295,0.11425449247207382,0.9798087141339001,0.9029472241261137,0.2688208017731417,0.2677749224883587,0.6875243186233128,False
3000,abrupt,dependency,11,10,0.050605298105109046,0.20009282510727644,data/phase_d/grid/3000_abrupt_dependency_11/scores_10.npy,e9d489af992f9e771f26532e8152546a5e424c1d2e7d8e805305dc325f7bb2ee,8236,941,7295,0.11425449247207382,0.9798087141339001,0.9028101439342016,0.268874258565019,0.26782898713973935,0.6875600818402251,False
3000,abrupt,dependency,11,20,0.05026522247658975,0.19968443969264627,data/phase_d/grid/3000_abrupt_dependency_11/scores_20.npy,06b55c4819106e513fe87d675e5f9ce8d088f75cfa8a1071a2bc714f6762f8ff,8236,941,7295,0.11425449247207382,0.9798087141339001,0.9029472241261137,0.26891533433543563,0.2678701331422463,0.6875860848309333,False
3000,abrupt,dependency,11,30,0.049991876157457996,0.19695309922099113,data/phase_d/grid/3000_abrupt_dependency_11/scores_30.npy,b6def4304d9e66655d482081140a9e58117a98ff09f3807b2049fd089b08ff5d,8236,941,7295,0.11425449247207382,0.9798087141339001,0.9026730637422893,0.26896968623671696,0.26792442707611164,0.6876471226634638,False
3000,abrupt,dependency,22,,0.0,0.1888475283049047,data/phase_d/grid/3000_abrupt_dependency_22/scores_no_update.npy,b55ec7e818b0bc997ed3bd13de7e4e8873c18a225c3f019ba773ef87b082b9aa,8236,941,7295,0.11425449247207382,0.9829968119022316,0.9207676490747086,0.2771489881744228,0.27662509800326207,0.6887924196547648,False
3000,abrupt,dependency,22,0,0.05592969618499196,0.1986647378653288,data/phase_d/grid/3000_abrupt_dependency_22/scores_0.npy,7c343079a5e8290385df9c8176b84675198f835b9c7e8ce48d819be24f465a07,8236,941,7295,0.11425449247207382,0.9787460148777896,0.9032213845099383,0.28019675877373706,0.27967593499740434,0.6908223281927048,False
3000,abrupt,dependency,22,5,0.055968317601622124,0.1993124051950872,data/phase_d/grid/3000_abrupt_dependency_22/scores_5.npy,ac971e733600e5566fe59dd642a4e3c5601fd178ddfcc3790907f2999122050c,8236,941,7295,0.11425449247207382,0.9787460148777896,0.9029472241261137,0.28020219309794403,0.27968135515763204,0.690816064166932,False
3000,abrupt,dependency,22,10,0.05584266505173827,0.19829732831567526,data/phase_d/grid/3000_abrupt_dependency_22/scores_10.npy,483ffdbdb336f536b6e3f2bd27227b1657d219a9033dd852045dbaa193c5925f,8236,941,7295,0.11425449247207382,0.9787460148777896,0.903084304318026,0.28023117541632103,0.27971030303127087,0.6908643554353898,False
3000,abrupt,dependency,22,20,0.055863078352748126,0.19874931406229734,data/phase_d/grid/3000_abrupt_dependency_22/scores_20.npy,6024319db8b38ef9377856db63182b26b95e08320f90b6be46a0cec7b80ed757,8236,941,7295,0.11425449247207382,0.9787460148777896,0.9029472241261137,0.28028732430704706,0.27976646739084404,0.6909204403173093,False
3000,abrupt,dependency,22,30,0.05554797732906165,0.19986186269670725,data/phase_d/grid/3000_abrupt_dependency_22/scores_30.npy,527baf53c942e7956b683a6944e897df24983cfd15fdf9d634510f89cf00cee5,8236,941,7295,0.11425449247207382,0.9787460148777896,0.903084304318026,0.2803716412418685,0.2798506377283719,0.6910059515528593,False
3000,abrupt,dependency,33,,0.0,0.18951993063092232,data/phase_d/grid/3000_abrupt_dependency_33/scores_no_update.npy,adf9d2d66e98708001fe79430a9cfa72972b22650eae88c7dd8ef7f0a6603e57,8236,941,7295,0.11425449247207382,0.9829968119022316,0.9243317340644277,0.28079422627315015,0.28020307693140145,0.6910221214798542,False
3000,abrupt,dependency,33,0,0.05543577946413762,0.19785670237615705,data/phase_d/grid/3000_abrupt_dependency_33/scores_0.npy,dc757fbc424226d439ac2fdb83cbbcfcff74db25661738940f7aaa0e2ecb54ca,8236,941,7295,0.11425449247207382,0.9776833156216791,0.9044551062371488,0.28610184593500065,0.28551346849937936,0.6942711842432073,False
3000,abrupt,dependency,33,5,0.05552761273894635,0.19856961723417044,data/phase_d/grid/3000_abrupt_dependency_33/scores_5.npy,1e8bb0be0325f1dce5ccb78e6870ba3694a740fdb9013a5ed98f16aaeb62b66e,8236,941,7295,0.11425449247207382,0.9776833156216791,0.9041809458533242,0.28609015483148736,0.2855012449876669,0.6942714027557343,False
3000,abrupt,dependency,33,10,0.05539337609757176,0.19937643595039845,data/phase_d/grid/3000_abrupt_dependency_33/scores_10.npy,f98935db02abc77977e5797f567e291ff1299ee5bb118507c8da4820458d780c,8236,941,7295,0.11425449247207382,0.9776833156216791,0.9047292666209733,0.28610431097484845,0.2855153920231476,0.6943190384866114,False
3000,abrupt,dependency,33,20,0.05526158615050287,0.19851870415732265,data/phase_d/grid/3000_abrupt_dependency_33/scores_20.npy,dda9d228653dbe795e92723f7fdc063ada82e89971d8879520aa14715c27d490,8236,941,7295,0.11425449247207382,0.9776833156216791,0.904592186429061,0.2862009379717254,0.28561233940788044,0.6943762159311656,False
3000,abrupt,dependency,33,30,0.05510784635937255,0.19796273298561573,data/phase_d/grid/3000_abrupt_dependency_33/scores_30.npy,b3bcf93df4d099ad49761e45be0b3826ee9d6961ff83cce8e3937f723665d3c9,8236,941,7295,0.11425449247207382,0.9776833156216791,0.904592186429061,0.2862680511134265,0.2856793728110134,0.6944460671022835,False
3000,abrupt,dependency,44,,0.0,0.19009609194472432,data/phase_d/grid/3000_abrupt_dependency_44/scores_no_update.npy,9b90accc32317083035108053ca77549bd8665f292301fd458a5e2c7e5165987,8236,941,7295,0.11425449247207382,0.9798087141339001,0.9195339273474983,0.2845466242265563,0.28394183433768677,0.6967518841242637,False
3000,abrupt,dependency,44,0,0.047034866621326055,0.19816310238093138,data/phase_d/grid/3000_abrupt_dependency_44/scores_0.npy,2cd58db5e3efd400dea42104d33f1f89f7d7b47f9fb22392245f55bf715b72a7,8236,941,7295,0.11425449247207382,0.9766206163655685,0.9073337902673064,0.2846800775117757,0.2840697122789677,0.69652077070825,False
3000,abrupt,dependency,44,5,0.04706526262593784,0.19996198965236545,data/phase_d/grid/3000_abrupt_dependency_44/scores_5.npy,c01cecb06930ac77b302c16b5c5cdee94ee4bb608b05d295ea8399366931aec5,8236,941,7295,0.11425449247207382,0.9766206163655685,0.9073337902673064,0.2846795495727909,0.2840692967250981,0.6965173473453278,False
3000,abrupt,dependency,44,10,0.04682232799705486,0.20000586099922657,data/phase_d/grid/3000_abrupt_dependency_44/scores_10.npy,0225ac3f860f0f62b20c4744b7526c0640ff9261aa6a8c6024122ea4b3624a59,8236,941,7295,0.11425449247207382,0.9766206163655685,0.9073337902673064,0.28471121605978006,0.28410089459299637,0.6965332987597957,False
3000,abrupt,dependency,44,20,0.046774147655348985,0.1983480299822986,data/phase_d/grid/3000_abrupt_dependency_44/scores_20.npy,880b28b944aa70c45c33eab11dc2b1d9ebe01c89d39c5e3fbaf272ff7c5e0f4c,8236,941,7295,0.11425449247207382,0.9766206163655685,0.9073337902673064,0.28476146681833836,0.2841511927431448,0.6965829739409244,False
3000,abrupt,dependency,44,30,0.04661104946259453,0.19795917998999357,data/phase_d/grid/3000_abrupt_dependency_44/scores_30.npy,b2deb8ba25d6eda224910af5e7204ac5d79474b74319f0a895dd87d9a66304cd,8236,941,7295,0.11425449247207382,0.9766206163655685,0.9074708704592186,0.2848141171608259,0.28420349877106166,0.6966606915630128,False
3000,abrupt,dependency,55,,0.0,0.18982191337272525,data/phase_d/grid/3000_abrupt_dependency_55/scores_no_update.npy,8261cf35111a2c296b29d6b46ea2fc7f7b4a17b3087a95c76b9ef39afa1a3740,8236,941,7295,0.11425449247207382,0.9829968119022316,0.9303632625085675,0.27806091940583855,0.2773094214775504,0.6904559555225035,False
3000,abrupt,dependency,55,0,0.05921254559236224,0.19815116375684738,data/phase_d/grid/3000_abrupt_dependency_55/scores_0.npy,0a805ee11b550874f59d7313f66c9c9376e7aeb22855ed79cd1c6be4fb6167d4,8236,941,7295,0.11425449247207382,0.9798087141339001,0.9119945167923235,0.27970977617514503,0.2789612738405892,0.692440704804872,False
3000,abrupt,dependency,55,5,0.05923815360498776,0.1980943321250379,data/phase_d/grid/3000_abrupt_dependency_55/scores_5.npy,870288c9749e372674be7c86f4a14487808f392ddc83fd47f56c29f7ac4f8e8f,8236,941,7295,0.11425449247207382,0.9798087141339001,0.9119945167923235,0.279700202778844,0.27895173047511873,0.6924363345543328,False
3000,abrupt,dependency,55,10,0.05913762399232531,0.1997628347016871,data/phase_d/grid/3000_abrupt_dependency_55/scores_10.npy,ea853fd9cba86519a737ddc836a3644d080c8c2994d0e39e1dd6a7c9bacad2af,8236,941,7295,0.11425449247207382,0.9798087141339001,0.9121315969842357,0.2797270803400793,0.27897854804603883,0.6924536698814715,False
3000,abrupt,dependency,55,20,0.059010843512116135,0.1981530850753188,data/phase_d/grid/3000_abrupt_dependency_55/scores_20.npy,086b00e0ae8468cedd81593e6c769a3e4feea47944dca0bbfac2f7dcfc3e6017,8236,941,7295,0.11425449247207382,0.9798087141339001,0.9121315969842357,0.27978154220612345,0.27903303040134714,0.6925014512873665,False
3000,abrupt,dependency,55,30,0.05856021904548566,0.19932851288467646,data/phase_d/grid/3000_abrupt_dependency_55/scores_30.npy,1689bb008e67965c42fbe4dbacb478c3d6bf85ac4b38527de1d34387b29a40fa,8236,941,7295,0.11425449247207382,0.9798087141339001,0.9119945167923235,0.2798858813720298,0.2791374631351806,0.6925487956682076,False
3000,abrupt,mixture,11,,0.0,0.19040615390986204,data/phase_d/grid/3000_abrupt_mixture_11/scores_no_update.npy,531bb4ad725aa13699e018234629688d9412af7040269a705f020b18eec9e06a,8236,1922,6314,0.23336571151044197,0.9843912591050988,0.91384225530567,0.51371879229955,0.5135590782494771,0.7404839171133174,False
3000,abrupt,mixture,11,0,0.05063691281363591,0.20045182900503278,data/phase_d/grid/3000_abrupt_mixture_11/scores_0.npy,6ca00954d9407ffcc66726c04554fdd87edb770e4cd8624571fb7e306d4ae109,8236,1922,6314,0.23336571151044197,0.9823100936524454,0.8978460563826417,0.5177772058948634,0.5176207095150981,0.7428477654169895,False
3000,abrupt,mixture,11,5,0.05070205529003565,0.19834780413657427,data/phase_d/grid/3000_abrupt_mixture_11/scores_5.npy,e16c8eab485852523036d3ef5bc7750dac418405b77b7449c09b639b9e2e703e,8236,1922,6314,0.23336571151044197,0.9823100936524454,0.8980044345898004,0.517789525580112,0.5176330384299983,0.7428539456279868,False
3000,abrupt,mixture,11,10,0.050788323408004946,0.19958032108843327,data/phase_d/grid/3000_abrupt_mixture_11/scores_10.npy,cd2fa903bf102490836a2e58a4421d5b69af423ffa5503c335506a891ca357e2,8236,1922,6314,0.23336571151044197,0.9823100936524454,0.8980044345898004,0.5177887854489698,0.5176323007865077,0.7428555112814396,False
3000,abrupt,mixture,11,20,0.05076209243203197,0.19865519599989057,data/phase_d/grid/3000_abrupt_mixture_11/scores_20.npy,4415ed25760a228f23a03c730a00b929be774afd2a28be1ac45ba83336cc8a88,8236,1922,6314,0.23336571151044197,0.9823100936524454,0.8980044345898004,0.5177903649689185,0.5176338984404658,0.7428796141043292,False
3000,abrupt,mixture,11,30,0.050780225463165504,0.200377460103482,data/phase_d/grid/3000_abrupt_mixture_11/scores_30.npy,f9bd9c9ff6e4bfad7c147f23095d1d90eb25572ff1ae05ccde3691e13a64d187,8236,1922,6314,0.23336571151044197,0.9823100936524454,0.8978460563826417,0.5177881680820546,0.5176318955254127,0.7429180962181393,False
3000,abrupt,mixture,22,,0.0,0.18906600400805473,data/phase_d/grid/3000_abrupt_mixture_22/scores_no_update.npy,117056de0a2a5942af5e026bda60fa129827e30fe724c6c11379c27678bace05,8236,1922,6314,0.23336571151044197,0.9838709677419355,0.9171681976560025,0.5332242397150315,0.5330789313285713,0.7449303729188758,False
3000,abrupt,mixture,22,0,0.05592969620125335,0.19850441114977002,data/phase_d/grid/3000_abrupt_mixture_22/scores_0.npy,8fe2eb078c1877c492d1b2283c491044fdfb01231c9dc2de1a3403899d0800b5,8236,1922,6314,0.23336571151044197,0.9807492195629552,0.8991130820399114,0.5338915524304167,0.5337458696977324,0.7465092932244781,False
3000,abrupt,mixture,22,5,0.05600965385350854,0.19839127408340573,data/phase_d/grid/3000_abrupt_mixture_22/scores_5.npy,a1625c0dae354fc3e2845d5dd98729d0da45553153a24a4f1834090b0e4b7292,8236,1922,6314,0.23336571151044197,0.9807492195629552,0.898796325625594,0.533898562388821,0.5337528950100481,0.7465128365454499,False
3000,abrupt,mixture,22,10,0.05620431240241512,0.1990238050930202,data/phase_d/grid/3000_abrupt_mixture_22/scores_10.npy,34079f56342e68326d5743bee851e8795a4106c150065ae83435461cabd4b8b4,8236,1922,6314,0.23336571151044197,0.9807492195629552,0.898796325625594,0.533916738424656,0.5337710833911411,0.7465181103255011,False
3000,abrupt,mixture,22,20,0.056199767276296234,0.1988232610747218,data/phase_d/grid/3000_abrupt_mixture_22/scores_20.npy,8eb22f1f3061e349b56ac4b61a3a0046d5a24f569603f5905afaa2057e5c6460,8236,1922,6314,0.23336571151044197,0.9807492195629552,0.8986379474184352,0.5338974119319,0.5337516642888757,0.7465434903919967,False
3000,abrupt,mixture,22,30,0.05604441699117352,0.1987019800581038,data/phase_d/grid/3000_abrupt_mixture_22/scores_30.npy,8d0513bffb43ebbbecf4ab34e730349a1276651e8dbaa43a5028342494ba9e1b,8236,1922,6314,0.23336571151044197,0.9807492195629552,0.898796325625594,0.5338974666938087,0.5337516882244833,0.7465795416228146,False
3000,abrupt,mixture,33,,0.0,0.1892833150923252,data/phase_d/grid/3000_abrupt_mixture_33/scores_no_update.npy,e9babdbdf7ce9aa091b3f063d719b074ef56588a1598817cd9fcd4b1f09e25f2,8236,1922,6314,0.23336571151044197,0.9838709677419355,0.9217611656636047,0.5305996863477934,0.5304600523659669,0.7446717928907467,False
3000,abrupt,mixture,33,0,0.05543577946208683,0.19992779335007071,data/phase_d/grid/3000_abrupt_mixture_33/scores_0.npy,3c356f2a5ac593ccc00912335c5c938d58ad78cab5e1071dd1f10a6382f1673e,8236,1922,6314,0.23336571151044197,0.9802289281997919,0.9002217294900222,0.533619492071089,0.5334814129272047,0.7465431607807437,False
3000,abrupt,mixture,33,5,0.05556130714219935,0.19983726413920522,data/phase_d/grid/3000_abrupt_mixture_33/scores_5.npy,65b7485d64a5ea42fba122879b7b58065708b1404e43fce9a967e2340b5a4996,8236,1922,6314,0.23336571151044197,0.9802289281997919,0.9002217294900222,0.5336281988963694,0.5334903386539586,0.7465462508862423,False
3000,abrupt,mixture,33,10,0.05565056878885242,0.20174155989661813,data/phase_d/grid/3000_abrupt_mixture_33/scores_10.npy,f0c7c030f2e5979cb3311f2f4dfc31ff676f144cee15fee4eec95a23d7a06c18,8236,1922,6314,0.23336571151044197,0.9802289281997919,0.9000633512828635,0.5336185037432131,0.5334805186446439,0.7465556448069582,False
3000,abrupt,mixture,33,20,0.05573051484732872,0.20049209706485271,data/phase_d/grid/3000_abrupt_mixture_33/scores_20.npy,afa69678bbe4278bd335276ada58323e4eed60fc971476287fcc25605a1453f9,8236,1922,6314,0.23336571151044197,0.9802289281997919,0.9000633512828635,0.5336275214814121,0.5334895315698056,0.7465766575243491,False
3000,abrupt,mixture,33,30,0.05577959650102811,0.19914713175967336,data/phase_d/grid/3000_abrupt_mixture_33/scores_30.npy,024857446b684fce45a6325e3972686759189005db0da53512652cef93efd673,8236,1922,6314,0.23336571151044197,0.9802289281997919,0.9002217294900222,0.5336298196968867,0.5334917914402035,0.7466154692494126,False
3000,abrupt,mixture,44,,0.0,0.19114496977999806,data/phase_d/grid/3000_abrupt_mixture_44/scores_no_update.npy,e7b4f9fef14a7b7cf3fe8a81e0be8825f40f4c9f05a64f1b275d8f19638daa35,8236,1922,6314,0.23336571151044197,0.9833506763787722,0.9152676591700982,0.5414482483404546,0.5413056458507989,0.7551047718809959,False
3000,abrupt,mixture,44,0,0.04703486660863641,0.19880687398836017,data/phase_d/grid/3000_abrupt_mixture_44/scores_0.npy,04cc0aaba7ae7cc6acbcb19189d2271655c829080ef86b22b88b6035ab271859,8236,1922,6314,0.23336571151044197,0.9812695109261186,0.9018055115616092,0.5391928872495234,0.539050070350396,0.7536930468835751,False
3000,abrupt,mixture,44,5,0.04705179157488815,0.1987995458766818,data/phase_d/grid/3000_abrupt_mixture_44/scores_5.npy,ead24c438cdbc9e56dd32736e2ad8e35f52b4f3d81f2ee3bb5bfb5528686b8b1,8236,1922,6314,0.23336571151044197,0.9812695109261186,0.9018055115616092,0.5391865009122634,0.5390438175843413,0.7536891327499433,False
3000,abrupt,mixture,44,10,0.04722401895963498,0.19820095133036375,data/phase_d/grid/3000_abrupt_mixture_44/scores_10.npy,86abba40fe881b9efce47776884db74fb2312a32b78ac15a0bf95a594707858a,8236,1922,6314,0.23336571151044197,0.9812695109261186,0.9018055115616092,0.5392018999685644,0.539058995738753,0.7537083738068485,False
3000,abrupt,mixture,44,20,0.04747674733714545,0.19768746104091406,data/phase_d/grid/3000_abrupt_mixture_44/scores_20.npy,b52645b94de18c76fe6b0724b87adf7eea0c361aebce9ccc8aef166b9184a5fd,8236,1922,6314,0.23336571151044197,0.9812695109261186,0.9021222679759265,0.5392157907715168,0.53907289805506,0.7537347839085105,False
3000,abrupt,mixture,44,30,0.047524509998183924,0.19972329400479794,data/phase_d/grid/3000_abrupt_mixture_44/scores_30.npy,0ea390d356d37afb0ae61709cad2ac39e7f41abd54f1ea38651286b452ecb6c7,8236,1922,6314,0.23336571151044197,0.9812695109261186,0.9022806461830852,0.539261947865309,0.5391190492581147,0.7537855852429086,False
3000,abrupt,mixture,55,,0.0,0.18971862690523267,data/phase_d/grid/3000_abrupt_mixture_55/scores_no_update.npy,31995ae7602eb435e43d7c4b54fd66ef45a40550deb2804f68d841035d4736e9,8236,1922,6314,0.23336571151044197,0.985952133194589,0.9276211593284764,0.5326128313165647,0.532467941385238,0.746449551184837,False
3000,abrupt,mixture,55,0,0.05921254560196213,0.19782352540642023,data/phase_d/grid/3000_abrupt_mixture_55/scores_0.npy,1b2aa6adf634430156d2b3ff436ae7bbd23ef4d3b98aab702dc3c18d0f9d32be,8236,1922,6314,0.23336571151044197,0.9828303850156087,0.9081406398479569,0.5330124896201144,0.5328675868053656,0.7475799529776587,False
3000,abrupt,mixture,55,5,0.05930183312594951,0.1975350589491427,data/phase_d/grid/3000_abrupt_mixture_55/scores_5.npy,0c4aba72964c9c1cbf24dbc00eee389350213aa604eda3ecc1de0dc64e7384e0,8236,1922,6314,0.23336571151044197,0.9828303850156087,0.9079822616407982,0.5330138751177058,0.5328689477426981,0.7475855151675561,False
3000,abrupt,mixture,55,10,0.05927379092199409,0.19918735418468714,data/phase_d/grid/3000_abrupt_mixture_55/scores_10.npy,3a1029ac938abd2dcbc2b4c9dbe0993baff50aa87011932e37c4a1fa0286394c,8236,1922,6314,0.23336571151044197,0.9828303850156087,0.9081406398479569,0.5330359864121972,0.5328911185694897,0.7475988644233106,False
3000,abrupt,mixture,55,20,0.059422571042657225,0.19955345196649432,data/phase_d/grid/3000_abrupt_mixture_55/scores_20.npy,e46194c7e0247cb0254e462106aa8c3dac78fea33d4e427983ee93ecca1aeb06,8236,1922,6314,0.23336571151044197,0.9823100936524454,0.9079822616407982,0.5330254055049876,0.5328804567962397,0.7476159218056632,False
3000,abrupt,mixture,55,30,0.059368913234127046,0.1986975921317935,data/phase_d/grid/3000_abrupt_mixture_55/scores_30.npy,dceae35ec9549628bf9b403f28c564792a27a8ede67dbebb1cb371c74bfc6f6f,8236,1922,6314,0.23336571151044197,0.9828303850156087,0.9081406398479569,0.5330509808999067,0.5329059804883284,0.747655145544793,False
3000,abrupt,spike,11,,0.0,0.5136051350273192,data/phase_d/grid/3000_abrupt_spike_11/scores_no_update.npy,b60db99d58cc003ffd6a854ee5d8174d7213e1935b91ca8a1e946cd6d8bc004e,8236,40,8196,0.0048567265662943174,0.875,0.9193509028794534,0.007729962487520902,0.007265013826281943,0.6193265007320644,False
3000,abrupt,spike,11,0,0.05063691280297151,0.3078787187114358,data/phase_d/grid/3000_abrupt_spike_11/scores_0.npy,f95f64a523dbe702c31007a578d41f2d12f0876fc846dc081fff0418fbe868cc,8236,40,8196,0.0048567265662943174,0.875,0.9038555392874573,0.0077460194334740134,0.007288375438745156,0.619805392874573,False
3000,abrupt,spike,11,5,0.05070010076895873,0.19569022301584482,data/phase_d/grid/3000_abrupt_spike_11/scores_5.npy,a336d0a0b12343949b8ee0b90c778a752fbaceae83868a027df2a017911c3434,8236,40,8196,0.0048567265662943174,0.875,0.9039775500244022,0.007747200099270666,0.0072895020965460895,0.6198267447535384,False
3000,abrupt,spike,11,10,0.05087743102110042,0.19575754972174764,data/phase_d/grid/3000_abrupt_spike_11/scores_10.npy,cc9f9ac19995e82614e30176185e62be32d06126b7ae75bb02258f75c8045b46,8236,40,8196,0.0048567265662943174,0.875,0.9038555392874573,0.007746493760979516,0.007288813332212881,0.6197992923377257,False
3000,abrupt,spike,11,20,0.051140591207855815,0.1960263350047171,data/phase_d/grid/3000_abrupt_spike_11/scores_20.npy,4a3c3bdcb16f13a108869308e636bf35d44e929cb73dc076987a2d218c59455a,8236,40,8196,0.0048567265662943174,0.875,0.9039775500244022,0.007746355996368392,0.007288663185141982,0.6197962420693022,False
3000,abrupt,spike,11,30,0.051155815569624376,0.19703465700149536,data/phase_d/grid/3000_abrupt_spike_11/scores_30.npy,f4ed81333cce05429beef1140f034144c84a1a4f1efb685f10962f8980b2ec96,8236,40,8196,0.0048567265662943174,0.875,0.9039775500244022,0.007746747750082623,0.007289062819229786,0.6198084431429965,False
3000,abrupt,spike,22,,0.0,0.4881483782082796,data/phase_d/grid/3000_abrupt_spike_22/scores_no_update.npy,a0f6781957962ee19199089caf49f6fc500d79f7c5f6459c90d00aae12ecd3fc,8236,40,8196,0.0048567265662943174,0.9,0.9227672035139092,0.007938877591721433,0.007485784831988634,0.6129605905319668,False
3000,abrupt,spike,22,0,0.05592969617635309,0.3014672789722681,data/phase_d/grid/3000_abrupt_spike_22/scores_0.npy,a8cc9451514db14f06aba71a94ae39d7b3e7fe3e2654dbc0457fd20bc5704583,8236,40,8196,0.0048567265662943174,0.875,0.9053196681307956,0.007889612303107387,0.007438948357136497,0.6120760126891166,False
3000,abrupt,spike,22,5,0.05600772820198874,0.19781522685661912,data/phase_d/grid/3000_abrupt_spike_22/scores_5.npy,bfd5e9bcecfb2278c65d322760cfed9989a17c6f9b2d5bb51cc6f5ffbe1f73f6,8236,40,8196,0.0048567265662943174,0.875,0.9050756466569058,0.007888141401471283,0.007437670431230996,0.6120607613469985,False
3000,abrupt,spike,22,10,0.056234935559285285,0.19862271891906857,data/phase_d/grid/3000_abrupt_spike_22/scores_10.npy,7e74567e9466178a7fc3ff7d8c524526c9f42f8227f8082b9af752da5b3632c7,8236,40,8196,0.0048567265662943174,0.875,0.9050756466569058,0.007890582974689954,0.007440021465672862,0.6120882137628112,False
3000,abrupt,spike,22,20,0.05631110061932269,0.1982501088641584,data/phase_d/grid/3000_abrupt_spike_22/scores_20.npy,b1443c4896c4667701a2e57debdae2a6c0fb3eb1914cfed2b3568d38fcce0607,8236,40,8196,0.0048567265662943174,0.875,0.9050756466569058,0.007887521927208804,0.007437130296275428,0.6120302586627623,False
3000,abrupt,spike,22,30,0.05620881962230728,0.19738418515771627,data/phase_d/grid/3000_abrupt_spike_22/scores_30.npy,0a6617a4c64823e30ae5df35d10845d1ef139b1187b4819fcbd1258173729b29,8236,40,8196,0.0048567265662943174,0.875,0.9050756466569058,0.007890202301119314,0.007439623052624968,0.6120699121522695,False
3000,abrupt,spike,33,,0.0,0.18909341236576438,data/phase_d/grid/3000_abrupt_spike_33/scores_no_update.npy,c11872bd668b3d12b9cdd55cb7a6466a900cb4153292d7eee5eeb330d217d081,8236,40,8196,0.0048567265662943174,0.875,0.9271595900439239,0.0089785914118189,0.00834158983430826,0.6152101634943875,False
3000,abrupt,spike,33,0,0.05543577946208683,0.19791432982310653,data/phase_d/grid/3000_abrupt_spike_33/scores_0.npy,40b35df1788223c7d62449f9f45199ed761afec5caedb1d22d5ac50abc5ec9cf,8236,40,8196,0.0048567265662943174,0.875,0.9072718399219132,0.008799577129687847,0.008183742630712086,0.6132534163006345,False
3000,abrupt,spike,33,5,0.05555286457478642,0.19693046994507313,data/phase_d/grid/3000_abrupt_spike_33/scores_5.npy,8e92cf5a39c5643a98cb21eebe5b8c0e27d9af1ec9177ab357c7f2f61ad5678a,8236,40,8196,0.0048567265662943174,0.875,0.9072718399219132,0.008798828463870938,0.00818301326586945,0.6132015617374329,False
3000,abrupt,spike,33,10,0.05572599986755185,0.19716026401147246,data/phase_d/grid/3000_abrupt_spike_33/scores_10.npy,0b91c0f85a9725d62d017e5d81e991b1f1074008253788081d6c09408914c2fb,8236,40,8196,0.0048567265662943174,0.875,0.9072718399219132,0.00879726411870789,0.008181673001154785,0.6131710590531967,False
3000,abrupt,spike,33,20,0.05583711141070069,0.19822594709694386,data/phase_d/grid/3000_abrupt_spike_33/scores_20.npy,9020c058f17f4c260f0035362b26040c9941a2208c7d1689575ae565e02c9ed6,8236,40,8196,0.0048567265662943174,0.875,0.9072718399219132,0.008797237629319273,0.00818165508707789,0.6131741093216203,False
3000,abrupt,spike,33,30,0.05573372941348115,0.19701250083744526,data/phase_d/grid/3000_abrupt_spike_33/scores_30.npy,367aaf156c2ccf27d2b768bf637631017a4618c3f9556baddcb1ea7a10a686eb,8236,40,8196,0.0048567265662943174,0.875,0.9071498291849682,0.008797515065618268,0.008181913104162854,0.6131786847242557,False
3000,abrupt,spike,44,,0.0,0.18933416437357664,data/phase_d/grid/3000_abrupt_spike_44/scores_no_update.npy,7a3f50e3d66488381775a1e2dc8b258c8bf407e494d1f1bb87dc2a1f4e2265a8,8236,40,8196,0.0048567265662943174,0.875,0.9210590531966814,0.008448755413951979,0.007915678024515711,0.6075677159590045,False
3000,abrupt,spike,44,0,0.04703486663461997,0.19765258394181728,data/phase_d/grid/3000_abrupt_spike_44/scores_0.npy,f717a22bd895985874d66e5e158b6c9652587896dc3d6cdc37ea5552838b1a76,8236,40,8196,0.0048567265662943174,0.875,0.908979990239141,0.008359074117651159,0.0078384691405914,0.6068783552952659,False
3000,abrupt,spike,44,5,0.04705072960775949,0.19902894226834178,data/phase_d/grid/3000_abrupt_spike_44/scores_5.npy,d95f02b865c5bc3f349b999780d7401ead9c09dc6aab1fee34293d56fb183585,8236,40,8196,0.0048567265662943174,0.875,0.908979990239141,0.008360926748126538,0.007840407905749873,0.6068539531478769,False
3000,abrupt,spike,44,10,0.04722854935938012,0.2000408978201449,data/phase_d/grid/3000_abrupt_spike_44/scores_10.npy,b732a742a84d849a1ce95e942abb8a9bd04df6dd12c6c1cf90d885fa1194b1bf,8236,40,8196,0.0048567265662943174,0.875,0.908979990239141,0.00835600641731634,0.007836020217046224,0.606829551000488,False
3000,abrupt,spike,44,20,0.047353002068671476,0.19924665475264192,data/phase_d/grid/3000_abrupt_spike_44/scores_20.npy,c18bca96a06a3ad7dd87461dcd698e71ad9c2c52377a58ce1708b74eca9b8cca,8236,40,8196,0.0048567265662943174,0.875,0.9088579795021962,0.008358365594251745,0.007838487129068495,0.6068219253294289,False
3000,abrupt,spike,44,30,0.047300632643561165,0.19952163193374872,data/phase_d/grid/3000_abrupt_spike_44/scores_30.npy,d3bf5595158f6079cdaf2bea4faa860c458aa7dc0a06b7f126edaa1b1f4bd8a5,8236,40,8196,0.0048567265662943174,0.875,0.9088579795021962,0.008358972049472014,0.007838746541572458,0.6068631039531478,False
3000,abrupt,spike,55,,0.0,0.19000986218452454,data/phase_d/grid/3000_abrupt_spike_55/scores_no_update.npy,ca39d30983b4d5f2ca240ca0866017fe14a4d2f8fbebe605fd1a07870051851c,8236,40,8196,0.0048567265662943174,0.875,0.9315519765739385,0.00817686632989812,0.007730761322098758,0.6149005612493901,False
3000,abrupt,spike,55,0,0.05921254562116192,0.19767541531473398,data/phase_d/grid/3000_abrupt_spike_55/scores_0.npy,88a8f56c587f8ea68436b728594be41840b5209912745804d69dda6ae47f70c8,8236,40,8196,0.0048567265662943174,0.875,0.9133723767691557,0.008120891265116044,0.007678437108678516,0.6132015617374329,False
3000,abrupt,spike,55,5,0.05930472795949697,0.19762736605480313,data/phase_d/grid/3000_abrupt_spike_55/scores_5.npy,04c5e9ac624613a917ecc8af38874dbe02ae57d6e3a718adad51e5f269d4a93b,8236,40,8196,0.0048567265662943174,0.875,0.9132503660322109,0.008119724051695813,0.007677373379029743,0.6131649585163496,False
3000,abrupt,spike,55,10,0.059460440076571926,0.19839400984346867,data/phase_d/grid/3000_abrupt_spike_55/scores_10.npy,60a8520ac029b9e2a80df3fdbccc0f887b43e03f134e2b24fff7b4cc0f4a8257,8236,40,8196,0.0048567265662943174,0.875,0.913128355295266,0.00811908762536643,0.007676648020269964,0.6131741093216203,False
3000,abrupt,spike,55,20,0.0595677601388756,0.19821698497980833,data/phase_d/grid/3000_abrupt_spike_55/scores_20.npy,ba29c4fcd756eda4b3656e17d4035a9e6cd9b9cbc744996c62d8ac06503b5701,8236,40,8196,0.0048567265662943174,0.875,0.9132503660322109,0.008119094606133841,0.007676595975653345,0.6131527574426551,False
3000,abrupt,spike,55,30,0.059580974231710555,0.19785165507346392,data/phase_d/grid/3000_abrupt_spike_55/scores_30.npy,a57042806daf1b23d7a3e74855570f81bd7aa6e50fbac06d9df4228457154d6e,8236,40,8196,0.0048567265662943174,0.875,0.9133723767691557,0.008120149034154102,0.007677358739947743,0.613177159590044,False
3000,correlation,collective,11,,0.0,0.19092704402282834,data/phase_d/grid/3000_correlation_collective_11/scores_no_update.npy,a65bf162365423bccaf2534552d9256e227c31e6af660a03f5fb9079e8b5e543,8236,941,7295,0.11425449247207382,0.4442082890541977,0.0009595613433858808,0.7800821353316921,0.7800178443893127,0.9105357271623452,False
3000,correlation,collective,11,0,0.03621440345010409,0.20002309512346983,data/phase_d/grid/3000_correlation_collective_11/scores_0.npy,32a3c2f60cb202c46b751a58cd5422ed9901003f35c686e92e79b75f33b73169,8236,941,7295,0.11425449247207382,0.43358129649309246,0.0005483207676490747,0.783287163203425,0.7832235460695283,0.9124896661784125,False
3000,correlation,collective,11,5,0.036224256201887024,0.1992360851727426,data/phase_d/grid/3000_correlation_collective_11/scores_5.npy,626873d9effc8c746ce39051629d3d4e0ad87fd860398d9a182c1dcdb23944b8,8236,941,7295,0.11425449247207382,0.43358129649309246,0.0005483207676490747,0.7833034537644606,0.783239842391451,0.9124836935026757,False
3000,correlation,collective,11,10,0.036314616604047806,0.19975462974980474,data/phase_d/grid/3000_correlation_collective_11/scores_10.npy,8754c6c553a831b6566a14b689e522ca2f9b02a918a389959a29a1602404f375,8236,941,7295,0.11425449247207382,0.43358129649309246,0.0005483207676490747,0.7832749043119023,0.78321126990658,0.9124970956043293,False
3000,correlation,collective,11,20,0.03650960550082421,0.20042082527652383,data/phase_d/grid/3000_correlation_collective_11/scores_20.npy,06e5a4d2c8870d20b15e7749f08e11595932b878a467b73eb2be82295c399732,8236,941,7295,0.11425449247207382,0.43358129649309246,0.0006854009595613434,0.7832596401388408,0.7831959747389781,0.9125206949572408,False
3000,correlation,collective,11,30,0.03675265221118054,0.21252821618691087,data/phase_d/grid/3000_correlation_collective_11/scores_30.npy,8341f5932d6ef8a98a6814ada0a4600c791d1698c8eefaef4e3b648819c13bde,8236,941,7295,0.11425449247207382,0.43358129649309246,0.0006854009595613434,0.7832919493779633,0.7832282790138265,0.9125693504132436,False
3000,correlation,collective,22,,0.0,0.19143114099279046,data/phase_d/grid/3000_correlation_collective_22/scores_no_update.npy,23e73ca4b4f7a40c136a851a5bf23b608efcc5d7480061784805e46fcc971697,8236,941,7295,0.11425449247207382,0.4293304994686504,0.001233721727210418,0.780427275937397,0.7803625474883205,0.9129168581686175,False
3000,correlation,collective,22,0,0.037413854967636155,0.19954709196463227,data/phase_d/grid/3000_correlation_collective_22/scores_0.npy,e088258f3e0ee2e7e23b9c4b350a18bc93f86f1b5ef16383e0cb3924504a2bf4,8236,941,7295,0.11425449247207382,0.4197662061636557,0.0010966415352981493,0.7832561870453559,0.7831919022594795,0.91474107358118,False
3000,correlation,collective,22,5,0.03746144063618887,0.19981499668210745,data/phase_d/grid/3000_correlation_collective_22/scores_5.npy,3d9adcec0882ba1805a7dabda57954fd99abb2fd39d4c2100cb913496dd1942b,8236,941,7295,0.11425449247207382,0.4197662061636557,0.0010966415352981493,0.7832645474374852,0.7832003116255545,0.9147347367178982,False
3000,correlation,collective,22,10,0.03764193859303833,0.20040939981117845,data/phase_d/grid/3000_correlation_collective_22/scores_10.npy,dda8cb9c29d6d8bc3dd9784285d1474d65d7940c8766736987e170ae5b9807e7,8236,941,7295,0.11425449247207382,0.4197662061636557,0.0010966415352981493,0.7832397264933162,0.7831756641651723,0.9147578990457559,False
3000,correlation,collective,22,20,0.037861324886962186,0.2047421196475625,data/phase_d/grid/3000_correlation_collective_22/scores_20.npy,878a5cc72a13d0df406e21876eb0a813145a007fc9ccf1f441dc0dfe87380406,8236,941,7295,0.11425449247207382,0.4197662061636557,0.0010966415352981493,0.7831759203229852,0.7831115577655654,0.9147680234595049,False
3000,correlation,collective,22,30,0.03790304137345173,0.20114199398085475,data/phase_d/grid/3000_correlation_collective_22/scores_30.npy,47f65dd456007c40c32844f0e8a06bda6dd10f6c4aa19a77567f86fdbe108442,8236,941,7295,0.11425449247207382,0.4197662061636557,0.0010966415352981493,0.7831093340607811,0.7830449474188509,0.9147809156985954,False
3000,correlation,collective,33,,0.0,0.1919360850006342,data/phase_d/grid/3000_correlation_collective_33/scores_no_update.npy,9bfdb7d68d008b2ac26743c9da5cf530d741a40d1c82c26da9c5f83f79728453,8236,941,7295,0.11425449247207382,0.4495217853347503,0.0015078821110349554,0.7870000579910341,0.7869370906713493,0.915321442852783,False
3000,correlation,collective,33,0,0.035971716685618604,0.20048608677461743,data/phase_d/grid/3000_correlation_collective_33/scores_0.npy,8cd2c8173bf4dbb6f9e6b8ad3538c12aa8d31b11182a48d5992803c7733d6088,8236,941,7295,0.11425449247207382,0.43783209351753455,0.0010966415352981493,0.7882447496491062,0.7881824538333795,0.9163673894818267,False
3000,correlation,collective,33,5,0.03605224487044901,0.20009354082867503,data/phase_d/grid/3000_correlation_collective_33/scores_5.npy,4aac90aec827176f7423a0996cef81722c5dff64e16d298e71fc9bd5bfe14101,8236,941,7295,0.11425449247207382,0.43783209351753455,0.0010966415352981493,0.788248453029823,0.7881853348731133,0.9163582119556944,False
3000,correlation,collective,33,10,0.03612812904069229,0.2010274170897901,data/phase_d/grid/3000_correlation_collective_33/scores_10.npy,94ee7b52c4190a30a8492091ccbfe3b6fd709f22a476ddeb99fc16ba9cfc5bed,8236,941,7295,0.11425449247207382,0.43783209351753455,0.0010966415352981493,0.7882303385942555,0.788167633080729,0.9163725609449648,False
3000,correlation,collective,33,20,0.03626645280509854,0.2007117667235434,data/phase_d/grid/3000_correlation_collective_33/scores_20.npy,93bc1f89c0783721c8f4d673c3bb67ad289274b9412389c1702ad1a3b70cfe19,8236,941,7295,0.11425449247207382,0.43889479277364507,0.0010966415352981493,0.7881873339672997,0.7881241757556204,0.916386691421708,False
3000,correlation,collective,33,30,0.036300143012964296,0.2012238330207765,data/phase_d/grid/3000_correlation_collective_33/scores_30.npy,08988d76f24c0098211f799f87cbd37935d5f8fdf0e6d748a0a76c6a3bd53cba,8236,941,7295,0.11425449247207382,0.43889479277364507,0.0010966415352981493,0.7881622310146966,0.788099014974753,0.9163995836607987,False
3000,correlation,collective,44,,0.0,0.19177144393324852,data/phase_d/grid/3000_correlation_collective_44/scores_no_update.npy,51906cbd50940f91808bc39ff1ead7ea1de6df2668aa48a0005e9434034835f6,8236,941,7295,0.11425449247207382,0.48352816153028694,0.001233721727210418,0.8014806295962569,0.8014244744949496,0.9196185645329403,False
3000,correlation,collective,44,0,0.03626972740947261,0.1999182440340519,data/phase_d/grid/3000_correlation_collective_44/scores_0.npy,265e504b219e27ff76bba3dc2c7dd00e7ef05ce19f83b10efa944499dac812c6,8236,941,7295,0.11425449247207382,0.4580233793836344,0.0009595613433858808,0.801998202592647,0.8019419249767935,0.9202390672719949,False
3000,correlation,collective,44,5,0.03623552761151221,0.20052920607849956,data/phase_d/grid/3000_correlation_collective_44/scores_5.npy,53ed0058f67440a1d70dec7b2f816f1e946173fa5fc2e30d6333aa36b5a126fb,8236,941,7295,0.11425449247207382,0.4580233793836344,0.0009595613433858808,0.8019886242085076,0.8019326737506006,0.9202274132705571,False
3000,correlation,collective,44,10,0.03632236876180825,0.20034206891432405,data/phase_d/grid/3000_correlation_collective_44/scores_10.npy,f4f9ef899b697d12c31d9c468721c82cf495a48c053085ef82f3752b7ba05fe7,8236,941,7295,0.11425449247207382,0.4580233793836344,0.0009595613433858808,0.8019720598444049,0.8019156380414416,0.9202556013865348,False
3000,correlation,collective,44,20,0.03660115688009455,0.19924342492595315,data/phase_d/grid/3000_correlation_collective_44/scores_20.npy,386c6592c5e49748dd7ea120fa2b397beaf0da682f88be9c8862b39e9dfb8ad1,8236,941,7295,0.11425449247207382,0.4580233793836344,0.0009595613433858808,0.8019553331368033,0.8018989054036616,0.9202797106020093,False
3000,correlation,collective,44,30,0.03672349020468417,0.19983200263231993,data/phase_d/grid/3000_correlation_collective_44/scores_30.npy,886ee73727d1839f35fa4a8b71dcbcac1bffed79bf75efdf4279b7102894d2d3,8236,941,7295,0.11425449247207382,0.4580233793836344,0.0009595613433858808,0.8019275501870247,0.801871066017118,0.9203003236170524,False
3000,correlation,collective,55,,0.0,0.19136680103838444,data/phase_d/grid/3000_correlation_collective_55/scores_no_update.npy,d8ce5f6525bdaeae30616fbe0babf25d7d1cba6d96f020a4b7c01288cc36ea11,8236,941,7295,0.11425449247207382,0.434643995749203,0.00027416038382453733,0.7923488316083325,0.7922892541152434,0.9156862130977865,False
3000,correlation,collective,55,0,0.03942821568684725,0.20009405119344592,data/phase_d/grid/3000_correlation_collective_55/scores_0.npy,83d3e37ffa665a860fb26d5892432fd8a483cda98cfdfb23c77c953f4ceff121,8236,941,7295,0.11425449247207382,0.41870350690754515,0.00013708019191226866,0.7948166332361514,0.7947575956278071,0.917143400302567,False
3000,correlation,collective,55,5,0.03956273461477149,0.1995735689997673,data/phase_d/grid/3000_correlation_collective_55/scores_5.npy,9a26b996dcbe492cad2cdf75e38f296b08568cfe4c497c6bc56463803d6a8290,8236,941,7295,0.11425449247207382,0.41870350690754515,0.00013708019191226866,0.7948459765827759,0.7947869481333832,0.9171457311028545,False
3000,correlation,collective,55,10,0.03965851802093341,0.19944902369752526,data/phase_d/grid/3000_correlation_collective_55/scores_10.npy,b345de6eb57c4e32ac440fa0bab42bb752750b343f2746e1d46313e518ba506b,8236,941,7295,0.11425449247207382,0.41870350690754515,0.00013708019191226866,0.7948519423865307,0.79479295956078,0.9171848448451801,False
3000,correlation,collective,55,20,0.03991196585514857,0.20014089904725552,data/phase_d/grid/3000_correlation_collective_55/scores_20.npy,2b21b3aa9ee3fc8d3e132f187babd86dde24899a9de8c1feab4f3b176cc85313,8236,941,7295,0.11425449247207382,0.41870350690754515,0.00013708019191226866,0.7949071414300636,0.794848219706518,0.9172335003011831,False
3000,correlation,collective,55,30,0.04016274327625033,0.20126971881836653,data/phase_d/grid/3000_correlation_collective_55/scores_30.npy,cbca35329d6989798901177de943bce31a59da7e9283789ae56c968342952e0e,8236,941,7295,0.11425449247207382,0.41764080765143463,0.00013708019191226866,0.7948468046866733,0.7947877236482386,0.9172836125073658,False
3000,correlation,dependency,11,,0.0,0.19278354197740555,data/phase_d/grid/3000_correlation_dependency_11/scores_no_update.npy,d508f6b3806894b93a5fe5543a6692bc669246d384c0ca8c51098af7f4110cc4,8236,941,7295,0.11425449247207382,0.22741764080765142,0.0015078821110349554,0.5260666689153237,0.5259145327631195,0.8011421649784145,False
3000,correlation,dependency,11,0,0.03621440345007956,0.20051061175763607,data/phase_d/grid/3000_correlation_dependency_11/scores_0.npy,4131592a4f72f6f9f0085fe1de26ce67f8d892a7cff60ec74a2e23cfbb9ad189,8236,941,7295,0.11425449247207382,0.21253985122210414,0.0010966415352981493,0.52762796757817,0.5274769214826459,0.8016960942342557,False
3000,correlation,dependency,11,5,0.036195395910488606,0.19949100818485022,data/phase_d/grid/3000_correlation_dependency_11/scores_5.npy,c61da7973a2c60c47c0d22354b201be03823a564695838b7538d7dd2b504261a,8236,941,7295,0.11425449247207382,0.21253985122210414,0.0010966415352981493,0.5276191862243259,0.5274681417367652,0.8016960942342556,False
3000,correlation,dependency,11,10,0.03621454343944661,0.20093094883486629,data/phase_d/grid/3000_correlation_dependency_11/scores_10.npy,0bd796b5397878411aa4ea2e631c5c20f5659efb8bccb7759066c9b1f87a65f4,8236,941,7295,0.11425449247207382,0.21253985122210414,0.0010966415352981493,0.5276176696191005,0.5274665798726569,0.80170439771028,False
3000,correlation,dependency,11,20,0.036344348071769936,0.20125275803729892,data/phase_d/grid/3000_correlation_dependency_11/scores_20.npy,2c80baaaba07dd70c7f4f50035a4f626d752885801a1c1ccf87c80bd91a7d0b4,8236,941,7295,0.11425449247207382,0.21253985122210414,0.0010966415352981493,0.5275862881092912,0.5274351665097623,0.8017027224475735,False
3000,correlation,dependency,11,30,0.03642524365451052,0.19936241395771503,data/phase_d/grid/3000_correlation_dependency_11/scores_30.npy,d7528cca9b3f717f41372b2d1aa20027e25178252376818756d60b2cbeb2d0f6,8236,941,7295,0.11425449247207382,0.2104144527098831,0.001233721727210418,0.5275538331901227,0.5274026323287376,0.8016996632721961,False
3000,correlation,dependency,22,,0.0,0.19307018211111426,data/phase_d/grid/3000_correlation_dependency_22/scores_no_update.npy,f5f3f3c7505a8484feda15c89d144d4f19a1503646fe9612ce2e8e7adb0756a7,8236,941,7295,0.11425449247207382,0.21147715196599362,0.001233721727210418,0.5348023270697528,0.5346576282007454,0.8002064943379763,False
3000,correlation,dependency,22,0,0.037413854964217695,0.19932442996650934,data/phase_d/grid/3000_correlation_dependency_22/scores_0.npy,d08b23347f285c3802ddee52033a846c06ab10fbdce9d7867848809813a2ac21,8236,941,7295,0.11425449247207382,0.19766206163655686,0.001233721727210418,0.535262407721323,0.5351177040568511,0.8000402063049605,False
3000,correlation,dependency,22,5,0.03744822248941804,0.19942051032558084,data/phase_d/grid/3000_correlation_dependency_22/scores_5.npy,bffe59dd203df4ac454cacfff9ea99b69f4b5cb884f3b4c5786b244104a2762d,8236,941,7295,0.11425449247207382,0.19766206163655686,0.001233721727210418,0.5352650964592136,0.5351203849070747,0.8000437025053918,False
3000,correlation,dependency,22,10,0.03751076113688686,0.20029977802187204,data/phase_d/grid/3000_correlation_dependency_22/scores_10.npy,78e0457ffa6ea3c9dcc26766c3c6e826b7160fd4ff6abd820c289b8af309681d,8236,941,7295,0.11425449247207382,0.19766206163655686,0.001233721727210418,0.5352656636333312,0.5351210199028618,0.8000510590937995,False
3000,correlation,dependency,22,20,0.037532921645772876,0.20088448375463486,data/phase_d/grid/3000_correlation_dependency_22/scores_20.npy,564059d0596a8b108294414ccaaaeba9009c0ffc498b368c195eb5f8be46b177,8236,941,7295,0.11425449247207382,0.19766206163655686,0.001233721727210418,0.5352155729391921,0.5350708029170944,0.8000289893285766,False
3000,correlation,dependency,22,30,0.03736790182458995,0.2001593611203134,data/phase_d/grid/3000_correlation_dependency_22/scores_30.npy,10ca11e16aa04f704e63c6e75be133a559088ec3a496e5dac29ed083bf329b51,8236,941,7295,0.11425449247207382,0.19766206163655686,0.001233721727210418,0.5351615427176052,0.5350167343465332,0.8000129650765995,False
3000,correlation,dependency,33,,0.0,0.1922968183644116,data/phase_d/grid/3000_correlation_dependency_33/scores_no_update.npy,9b77ead49a6a899062983425f7fe54b0ee0ae4f4520304392bba335a16d7c0c6,8236,941,7295,0.11425449247207382,0.21891604675876727,0.00205620287868403,0.530391068109566,0.5302376302208184,0.804134475522591,False
3000,correlation,dependency,33,0,0.035971716685618604,0.20164023013785481,data/phase_d/grid/3000_correlation_dependency_33/scores_0.npy,f2ea1e92f272a7a87abd2689fcfebba5cc21d4ab58da33a3b2b54cc321147f2f,8236,941,7295,0.11425449247207382,0.2104144527098831,0.0016449623029472242,0.531147730088995,0.5309950886062004,0.8039485941996579,False
3000,correlation,dependency,33,5,0.036065014993270535,0.19985003117471933,data/phase_d/grid/3000_correlation_dependency_33/scores_5.npy,bf1e13b88ba4a22348b54dc96154832a330f84b604ff2bbb318370edc4aab6d4,8236,941,7295,0.11425449247207382,0.21147715196599362,0.0016449623029472242,0.5311329459324221,0.5309802683304808,0.8039483756871308,False
3000,correlation,dependency,33,10,0.03602804263421586,0.20059188874438405,data/phase_d/grid/3000_correlation_dependency_33/scores_10.npy,031fdbf629b61612261ed32deb36678cc28f22c0b7d1f902107555371f28a2f6,8236,941,7295,0.11425449247207382,0.21147715196599362,0.0016449623029472242,0.5311238782846619,0.5309711868614359,0.8039492497372387,False
3000,correlation,dependency,33,20,0.036023436326226774,0.19999236706644297,data/phase_d/grid/3000_correlation_dependency_33/scores_20.npy,099ec37d24f6fd481408ceba5f823d9bb11988950a499126dd228126ff746459,8236,941,7295,0.11425449247207382,0.21147715196599362,0.0016449623029472242,0.5310910647946643,0.5309383401253395,0.8039249220092374,False
3000,correlation,dependency,33,30,0.03584729715152788,0.20025769621133804,data/phase_d/grid/3000_correlation_dependency_33/scores_30.npy,08ad4dd20af5d6af7292139f468d29c482a4ce4323117f77b950c57ed275669b,8236,941,7295,0.11425449247207382,0.21147715196599362,0.0016449623029472242,0.5310107189710023,0.5308581033209262,0.8038745912905277,False
3000,correlation,dependency,44,,0.0,0.1957732937298715,data/phase_d/grid/3000_correlation_dependency_44/scores_no_update.npy,2e79d86bb64914257f5b8d07fe7b4442998a69038845c60e8f30fab0a2714d16,8236,941,7295,0.11425449247207382,0.230605738575983,0.0017820424948594928,0.528135255761862,0.5279888743166445,0.7993339738178291,False
3000,correlation,dependency,44,0,0.03626972740947261,0.20045028813183308,data/phase_d/grid/3000_correlation_dependency_44/scores_0.npy,3c6992c474b6bd0a9640c24c67ead1ff918197726450713bcb5b8a21f3fb0eb8,8236,941,7295,0.11425449247207382,0.21891604675876727,0.0015078821110349554,0.5285958861073237,0.5284498963929649,0.799195728225773,False
3000,correlation,dependency,44,5,0.03624249551139756,0.2000121739692986,data/phase_d/grid/3000_correlation_dependency_44/scores_5.npy,bf8d804ab6e4c35a3f1562e70e1ac7732d26730e9ebed3ac06a35adc72fe7482,8236,941,7295,0.11425449247207382,0.21891604675876727,0.0015078821110349554,0.5285900904769116,0.528444092120064,0.7991907752751619,False
3000,correlation,dependency,44,10,0.03618776955454985,0.20085385674610734,data/phase_d/grid/3000_correlation_dependency_44/scores_10.npy,20d10e98c09d4eab30b55a8c2dd4b45a99419b6cacfd48c01bbd8f4ad9c4ed4f,8236,941,7295,0.11425449247207382,0.21891604675876727,0.0015078821110349554,0.5285969885035159,0.5284509841041749,0.7992062168270669,False
3000,correlation,dependency,44,20,0.036317968474195654,0.2038005879148841,data/phase_d/grid/3000_correlation_dependency_44/scores_20.npy,c05921da439ae020bb98bf0559503856656fa1d1eef446b7eac22d2145537869,8236,941,7295,0.11425449247207382,0.21891604675876727,0.0015078821110349554,0.5285907759551629,0.5284448427010562,0.7992043958893423,False
3000,correlation,dependency,44,30,0.03639092043589213,0.19941756315529346,data/phase_d/grid/3000_correlation_dependency_44/scores_30.npy,a9c7186ca6f744353cb8ff06db172b49b70b0eb0bd6d30467ef061f510d4f83a,8236,941,7295,0.11425449247207382,0.21891604675876727,0.0015078821110349554,0.5285743153417352,0.5284282639930418,0.7992232608041698,False
3000,correlation,dependency,55,,0.0,0.19185079773887992,data/phase_d/grid/3000_correlation_dependency_55/scores_no_update.npy,a022dfc6f1eb04c56d0b06e2180884baf0da86c1dc397aa2fee9155dae03398d,8236,941,7295,0.11425449247207382,0.21785334750265675,0.0008224811514736121,0.5456850446742381,0.5455485411103035,0.805060968636897,False
3000,correlation,dependency,55,0,0.039428215689910846,0.20073809567838907,data/phase_d/grid/3000_correlation_dependency_55/scores_0.npy,6493657598db0420fb948f2843fd88b17338607272935cd01085f3607e28ccd4,8236,941,7295,0.11425449247207382,0.20085015940488843,0.0006854009595613434,0.5458459509575149,0.5457093323005494,0.8051956451910127,False
3000,correlation,dependency,55,5,0.039504236551155265,0.19932397827506065,data/phase_d/grid/3000_correlation_dependency_55/scores_5.npy,67a81375bad72ac0ff64d22ce8580ddaec61d39043cd89364722de8b7ee7030c,8236,941,7295,0.11425449247207382,0.20085015940488843,0.0006854009595613434,0.5458337413096663,0.5456973502558545,0.8051827529519221,False
3000,correlation,dependency,55,10,0.03949703453577446,0.20029714982956648,data/phase_d/grid/3000_correlation_dependency_55/scores_10.npy,516c4f97c7186e1ae1b6bd18ed3ccb6a867b584c124d141ac247cb33c275675a,8236,941,7295,0.11425449247207382,0.20085015940488843,0.0006854009595613434,0.5458168673686757,0.5456802260279996,0.8051666558624362,False
3000,correlation,dependency,55,20,0.03954024833147759,0.2016263883560896,data/phase_d/grid/3000_correlation_dependency_55/scores_20.npy,2e9cfe10db7a92accb4ee7f232c57c34f49bd038b76414a5d0c208a3126dacf7,8236,941,7295,0.11425449247207382,0.20085015940488843,0.0006854009595613434,0.5458376446669685,0.5457012434441719,0.8051563857736691,False
3000,correlation,dependency,55,30,0.03950168642944803,0.1995100430212915,data/phase_d/grid/3000_correlation_dependency_55/scores_30.npy,f3cf821d5c0699f471b8e2cf4d1e3970a67ca4423ac05e97821519b0a4bca782,8236,941,7295,0.11425449247207382,0.20085015940488843,0.0006854009595613434,0.5458281873869061,0.5456915984162257,0.80515201552313,False
3000,correlation,mixture,11,,0.0,0.19222130998969078,data/phase_d/grid/3000_correlation_mixture_11/scores_no_update.npy,ddad06bf3d2d0c6a54cdffcf0884c525fdd2dce84493785715c6f4b66af0513e,8236,1922,6314,0.23336571151044197,0.32934443288241416,0.0006335128286347799,0.7619259688407305,0.7618831634785538,0.8566432900872382,False
3000,correlation,mixture,11,0,0.03621440345007956,0.20089627197012305,data/phase_d/grid/3000_correlation_mixture_11/scores_0.npy,3053a57ca894f4d71ec645d93f909bb215c9ebb56b77e76d2d1670e064151f16,8236,1922,6314,0.23336571151044197,0.31685744016649325,0.0003167564143173899,0.7639288035822174,0.763886407165732,0.857911345779674,False
3000,correlation,mixture,11,5,0.03622788137473782,0.1999831972643733,data/phase_d/grid/3000_correlation_mixture_11/scores_5.npy,51539a2f898a0dfe324fce4fed49adb8d0db3edaadf84a8ec45b24ae08dae9f6,8236,1922,6314,0.23336571151044197,0.31685744016649325,0.0003167564143173899,0.7639345781026683,0.7638921849298239,0.8579081320699554,False
3000,correlation,mixture,11,10,0.036292575857900154,0.20200781105086207,data/phase_d/grid/3000_correlation_mixture_11/scores_10.npy,8c536d0e43216b3f462d7b2193a88d7ba2424650d0a81bdd36b76ff197eb0034,8236,1922,6314,0.23336571151044197,0.31685744016649325,0.0003167564143173899,0.7639236877426293,0.7638812890603571,0.857909697723408,False
3000,correlation,mixture,11,20,0.03635696149118238,0.19978247489780188,data/phase_d/grid/3000_correlation_mixture_11/scores_20.npy,4f6ca912ed4d6b111bf79b40dd3bffbbb82e8f541eb871490fef735cbd052b1f,8236,1922,6314,0.23336571151044197,0.31633714880332986,0.0003167564143173899,0.7639447863889499,0.7639023893821908,0.8579285679676533,False
3000,correlation,mixture,11,30,0.03648949107323847,0.20039364602416754,data/phase_d/grid/3000_correlation_mixture_11/scores_30.npy,6163049276d89dc4dd0d0f4de7e9b00ad855a716e025979dcf0de7172efeb83f,8236,1922,6314,0.23336571151044197,0.3152965660770031,0.0004751346214760849,0.7639575708930683,0.7639151726387794,0.8579440596965533,False
3000,correlation,mixture,22,,0.0,0.1923134857788682,data/phase_d/grid/3000_correlation_mixture_22/scores_no_update.npy,6623a148a001c87a753ef63c610c4a55f0f4fed1b13f1e8998d391f020e92810,8236,1922,6314,0.23336571151044197,0.313735691987513,0.0006335128286347799,0.7648921909371601,0.7648504091905288,0.8568307152860845,False
3000,correlation,mixture,22,0,0.037413854967636155,0.20145976124331355,data/phase_d/grid/3000_correlation_mixture_22/scores_0.npy,0152c7d172f0dac5d309ccac5f6861eb2d68845bcb108e28215ffb0709fd2a75,8236,1922,6314,0.23336571151044197,0.3022892819979188,0.0006335128286347799,0.7665987686278536,0.7665572091142401,0.857793839367911,False
3000,correlation,mixture,22,5,0.037465160712465174,0.19995095487684011,data/phase_d/grid/3000_correlation_mixture_22/scores_5.npy,2f5cfd1508d91fcb35e703b8506ddc7705a287dd128c2cd9ef3124a47440f59f,8236,1922,6314,0.23336571151044197,0.3022892819979188,0.0006335128286347799,0.7666052650180846,0.7665638285416749,0.8577945397918241,False
3000,correlation,mixture,22,10,0.037625969067130206,0.20023895613849163,data/phase_d/grid/3000_correlation_mixture_22/scores_10.npy,87a6082404ba3fa17bb388f7d75a60b27eafd5a805a3885acd0df29a38a42eee,8236,1922,6314,0.23336571151044197,0.3022892819979188,0.0006335128286347799,0.7665871425840662,0.76654557953023,0.8577879887681669,False
3000,correlation,mixture,22,20,0.03752625072981668,0.199179464019835,data/phase_d/grid/3000_correlation_mixture_22/scores_20.npy,3ac95797f40fb895880eab8d6473f615479688cce98f87943aabaf6a88dabff1,8236,1922,6314,0.23336571151044197,0.3022892819979188,0.0006335128286347799,0.7665616353414881,0.766520064263343,0.8577790068615175,False
3000,correlation,mixture,22,30,0.037257019336232544,0.2008924619294703,data/phase_d/grid/3000_correlation_mixture_22/scores_30.npy,445f9e3ac650f716931f3a0010c710f309fa33436dbafa72c6b67b6491d4ebda,8236,1922,6314,0.23336571151044197,0.3022892819979188,0.0006335128286347799,0.7665515994022141,0.7665100203472469,0.8577821381684227,False
3000,correlation,mixture,33,,0.0,0.19551012106239796,data/phase_d/grid/3000_correlation_mixture_33/scores_no_update.npy,cc437f0b2ea51c360356eb15417903a2fb37737e6d9e6db964484b4291a5d1d0,8236,1922,6314,0.23336571151044197,0.32830385015608743,0.0011086474501108647,0.7681219690373701,0.7680799044001311,0.8605986663269474,False
3000,correlation,mixture,33,0,0.035971716685618604,0.19953023316338658,data/phase_d/grid/3000_correlation_mixture_33/scores_0.npy,4a25475828a4b7c0b988b5db4a91a48056e52dffc7c010f291879dd31b7c6839,8236,1922,6314,0.23336571151044197,0.3184183142559833,0.0007918910357934748,0.7690282159095015,0.7689866505578475,0.8610393977738715,False
3000,correlation,mixture,33,5,0.03607192369433835,0.20043524401262403,data/phase_d/grid/3000_correlation_mixture_33/scores_5.npy,143e55595daa328421163a2e8b9e4c995b7b8ab4eed2c5ac0837e3ffe4dde3b2,8236,1922,6314,0.23336571151044197,0.3189386056191467,0.0007918910357934748,0.7690312716292864,0.7689893634635259,0.8610347420149203,False
3000,correlation,mixture,33,10,0.0360935435755914,0.20045113191008568,data/phase_d/grid/3000_correlation_mixture_33/scores_10.npy,4f1a7da9d453dfacc0b82a50c9a49a06b38c68394ad922f3ee092eb42af992b2,8236,1922,6314,0.23336571151044197,0.3189386056191467,0.0007918910357934748,0.7690125733465256,0.7689706573676,0.8610324347361478,False
3000,correlation,mixture,33,20,0.03618870268541101,0.20058436412364244,data/phase_d/grid/3000_correlation_mixture_33/scores_20.npy,5e572b1a762a10edfe5ddfb524e3662cc5a7734ba3b82d04fb36c317d4c1b50e,8236,1922,6314,0.23336571151044197,0.3189386056191467,0.0007918910357934748,0.7690233920142718,0.768981509200464,0.8610357308486798,False
3000,correlation,mixture,33,30,0.03606677617925095,0.19995376886799932,data/phase_d/grid/3000_correlation_mixture_33/scores_30.npy,7d9e613ccba5743abe6cba45eb86906a619ec2aeb3674228010135f47e5f3281,8236,1922,6314,0.23336571151044197,0.3189386056191467,0.0007918910357934748,0.7689921276415475,0.7689501317033047,0.8610244004618512,False
3000,correlation,mixture,44,,0.0,0.19107831083238125,data/phase_d/grid/3000_correlation_mixture_44/scores_no_update.npy,407c3703072fa3f245937c391b349313b51aee263e92e0550f2ffa55ef10131d,8236,1922,6314,0.23336571151044197,0.350156087408949,0.0006335128286347799,0.7702115541784776,0.7701713668306471,0.8600018227502301,False
3000,correlation,mixture,44,0,0.036269727409276704,0.20107241300866008,data/phase_d/grid/3000_correlation_mixture_44/scores_0.npy,f654efcc449c5b674966f6f1de5dffaba5e4666afd36910ee66213f76fd8817f,8236,1922,6314,0.23336571151044197,0.331945889698231,0.0004751346214760849,0.7707562241240145,0.7707161752336503,0.8602716507623743,False
3000,correlation,mixture,44,5,0.03623027570961988,0.20020850514993072,data/phase_d/grid/3000_correlation_mixture_44/scores_5.npy,93207c507a78dd29ce7e39f622439c836e248842d7cc5b449eb79bcf83f27be5,8236,1922,6314,0.23336571151044197,0.331945889698231,0.0004751346214760849,0.7707545718984071,0.770714514872535,0.8602659237668501,False
3000,correlation,mixture,44,10,0.036295294244596155,0.20052173919975758,data/phase_d/grid/3000_correlation_mixture_44/scores_10.npy,255dce3a321eaf4b0b98d189f99b3abd6b50a2d8f1e1590756a844da637aa363,8236,1922,6314,0.23336571151044197,0.331945889698231,0.0004751346214760849,0.7707503447592144,0.7707102453982366,0.8602686018582824,False
3000,correlation,mixture,44,20,0.036533333726958814,0.2008618521504104,data/phase_d/grid/3000_correlation_mixture_44/scores_20.npy,dc6a08b0a1a1315f4972fe3673badd4177c74e439d4856c0f01734bfc3bb8814,8236,1922,6314,0.23336571151044197,0.331945889698231,0.0004751346214760849,0.7707494551244984,0.7707093460574277,0.860279561432451,False
3000,correlation,mixture,44,30,0.036429815129631615,0.20071476278826594,data/phase_d/grid/3000_correlation_mixture_44/scores_30.npy,907d9050d4238cd1d1e51e6081f6cf78986f33df2c5593091ab842c3463e1fc6,8236,1922,6314,0.23336571151044197,0.331945889698231,0.0004751346214760849,0.7707707017116063,0.7707305803156009,0.8603096796607114,False
3000,correlation,mixture,55,,0.0,0.19168666377663612,data/phase_d/grid/3000_correlation_mixture_55/scores_no_update.npy,8705886f3da98f4b2ee521d010a3a50ad5cfdaab5e21437675e7af50481612fb,8236,1922,6314,0.23336571151044197,0.3194588969823101,0.0,0.7726844655396471,0.7726447766180847,0.8606873729554627,False
3000,correlation,mixture,55,0,0.03942821568360343,0.19936851784586906,data/phase_d/grid/3000_correlation_mixture_55/scores_0.npy,60420d8be0216d35d80940a8fd6fc93d2909159d62d5e08a8a47e6119cb0952a,8236,1922,6314,0.23336571151044197,0.30332986472424556,0.0,0.7740459652419159,0.7740065492124553,0.8615718023505897,False
3000,correlation,mixture,55,5,0.039554169465778125,0.20060023525729775,data/phase_d/grid/3000_correlation_mixture_55/scores_5.npy,51ef2b979d4a50b0b489da8541d87516585a3265f489dc903a0956a43a32872f,8236,1922,6314,0.23336571151044197,0.30332986472424556,0.0,0.7740536535372405,0.7740141669479792,0.861566363764912,False
3000,correlation,mixture,55,10,0.03956703537786912,0.20013592764735222,data/phase_d/grid/3000_correlation_mixture_55/scores_10.npy,95393633f0abc02130b172b84973a3c33b24769115a6a183a0d897a3ecab1f4f,8236,1922,6314,0.23336571151044197,0.30332986472424556,0.0,0.7740532927421122,0.7740138049439109,0.8615753868729682,False
3000,correlation,mixture,55,20,0.039735922743909406,0.20082861883565784,data/phase_d/grid/3000_correlation_mixture_55/scores_20.npy,d7031c7eda081c0834a5834ce0fcb7ac6ea960ad915300398d5189be7f51b2de,8236,1922,6314,0.23336571151044197,0.30332986472424556,0.0,0.774086481133765,0.7740470451845516,0.8615922794496943,False
3000,correlation,mixture,55,30,0.03974406854435643,0.20157427014783025,data/phase_d/grid/3000_correlation_mixture_55/scores_30.npy,825d9f5b7500b327af20bc3396c53f94fd66391748be582d1a707adedf210277,8236,1922,6314,0.23336571151044197,0.3028095733610822,0.0,0.7741335864814132,0.7740942851605003,0.8616215324484151,False
3000,correlation,spike,11,,0.0,0.19116513105109334,data/phase_d/grid/3000_correlation_spike_11/scores_no_update.npy,f3d5e1c0c4c2b0fb0af53b192bc151c9e709b3934a778a1d8d4b9c6a7e7641f6,8236,40,8196,0.0048567265662943174,0.025,0.001708150317227916,0.022306497989057022,0.019670177071649773,0.7034864568081992,False
3000,correlation,spike,11,0,0.03621440345007956,0.2010544971562922,data/phase_d/grid/3000_correlation_spike_11/scores_0.npy,33bad34b369c8be3c0c6238cb7b7a0b10368164156483bd7c9d9b047733ba8d1,8236,40,8196,0.0048567265662943174,0.025,0.0012201073694485115,0.02268493495099693,0.019998993703777914,0.7025439238653002,False
3000,correlation,spike,11,5,0.036224256204436985,0.2032861541956663,data/phase_d/grid/3000_correlation_spike_11/scores_5.npy,86c480ca77f8cdaa0ac38d0d4f0e8ba450c093df769066896c6d8a8a0b813770,8236,40,8196,0.0048567265662943174,0.025,0.0012201073694485115,0.022705060470950167,0.020018060406780863,0.7025378233284529,False
3000,correlation,spike,11,10,0.03631886423176986,0.2011188487522304,data/phase_d/grid/3000_correlation_spike_11/scores_10.npy,9753f59ddbce8d7b690f7424276efba7f42e35fe3d1d2f9ee1230b7692911270,8236,40,8196,0.0048567265662943174,0.025,0.0012201073694485115,0.022705640239851284,0.02001856079272626,0.7025622254758419,False
3000,correlation,spike,11,20,0.036423546467894134,0.19992306921631098,data/phase_d/grid/3000_correlation_spike_11/scores_20.npy,fc160418ed529f999f5102ad749189e853c4b84242efc0250af8105983716d4a,8236,40,8196,0.0048567265662943174,0.025,0.0012201073694485115,0.022718282299100112,0.020030490849863518,0.702553074670571,False
3000,correlation,spike,11,30,0.03638937410658742,0.20202650036662817,data/phase_d/grid/3000_correlation_spike_11/scores_30.npy,8ade83309f859bafff8110d9fd1a365bf64b99487844fee0b76694e4324a9512,8236,40,8196,0.0048567265662943174,0.025,0.0012201073694485115,0.022746559148555917,0.02005678260537392,0.7025805270863835,False
3000,correlation,spike,22,,0.0,0.19261743780225515,data/phase_d/grid/3000_correlation_spike_22/scores_no_update.npy,192411ee565dd623d3eb32f40c550ae9da7ea4137313cdfe2d2fba43558e2b1e,8236,40,8196,0.0048567265662943174,0.0,0.001708150317227916,0.020601244327877504,0.01841792498513399,0.6741337237676915,False
3000,correlation,spike,22,0,0.037413854967636155,0.20233064517378807,data/phase_d/grid/3000_correlation_spike_22/scores_0.npy,21bf1399dfb5edfdcead15c661d80c43e4713c67ea0ee7a222d7dbe5f1ca4926,8236,40,8196,0.0048567265662943174,0.0,0.001586139580283065,0.021994148344940435,0.019578543962405964,0.6758113714006833,False
3000,correlation,spike,22,5,0.03746144063618887,0.19959663413465023,data/phase_d/grid/3000_correlation_spike_22/scores_5.npy,c7e15f53d31b3ccc54e8bb7e874c5a65874ed3032f9ce840e2868cab6e43d494,8236,40,8196,0.0048567265662943174,0.0,0.001586139580283065,0.02201212094858236,0.019595593357221136,0.6758174719375305,False
3000,correlation,spike,22,10,0.037608123942714164,0.2176597942598164,data/phase_d/grid/3000_correlation_spike_22/scores_10.npy,1cec66d21370280af528f3174cc4f31afd6c881293a4ffefff46539b4d64045d,8236,40,8196,0.0048567265662943174,0.0,0.001586139580283065,0.021989989962880756,0.019574577263601338,0.6758144216691069,False
3000,correlation,spike,22,20,0.03759437328302116,0.23271162994205952,data/phase_d/grid/3000_correlation_spike_22/scores_20.npy,c333dab0354a05508e9acf5bec95f76bb532ad3e083563d305986cd6f0c1906a,8236,40,8196,0.0048567265662943174,0.0,0.001586139580283065,0.02193552908458899,0.01953735739727282,0.6758174719375305,False
3000,correlation,spike,22,30,0.03740905157255902,0.2053547198884189,data/phase_d/grid/3000_correlation_spike_22/scores_30.npy,f3e867ff18c95ae7e5f92666b3ba8e3cdccf6491497dd149a56a2a5f93aee665,8236,40,8196,0.0048567265662943174,0.0,0.001586139580283065,0.021940075610460776,0.019541477423385547,0.6758723767691557,False
3000,correlation,spike,33,,0.0,0.2030341187492013,data/phase_d/grid/3000_correlation_spike_33/scores_no_update.npy,8b4cb55f074de2574b85407dcc0115da9f92d8138fb5ac6ecc0ae111de53e166,8236,40,8196,0.0048567265662943174,0.05,0.002318204001952172,0.02154221573537413,0.018959408765306243,0.7007686676427525,False
3000,correlation,spike,33,0,0.035971716685618604,0.20848474884405732,data/phase_d/grid/3000_correlation_spike_33/scores_0.npy,f56dbdd0dbc14f0271728aab8dcc19eafac873929382a518d8cc6e76ecace4e3,8236,40,8196,0.0048567265662943174,0.05,0.0018301610541727673,0.022639906301748534,0.01995263413765166,0.6987493899463152,False
3000,correlation,spike,33,5,0.03605224487143445,0.39572930010035634,data/phase_d/grid/3000_correlation_spike_33/scores_5.npy,f29916a2657b33934889ac818aa692d65d6ba5e73991082b11d84c15242bae25,8236,40,8196,0.0048567265662943174,0.05,0.0018301610541727673,0.02266373197421215,0.019974292400544182,0.6986853343094193,False
3000,correlation,spike,33,10,0.03613320921371441,0.40012159012258053,data/phase_d/grid/3000_correlation_spike_33/scores_10.npy,4b459a8ff633f9e8040adf5a8559f22251f4892cf6d1ff4467962a4f37355d83,8236,40,8196,0.0048567265662943174,0.05,0.0018301610541727673,0.022587561143928053,0.019909891336206027,0.6986517813567594,False
3000,correlation,spike,33,20,0.0361474205294674,0.20080025307834148,data/phase_d/grid/3000_correlation_spike_33/scores_20.npy,d6d0aaa5e263ddf0c26b2d58c95d85cee9588a22b67c3c86bea3e4c8251d9edd,8236,40,8196,0.0048567265662943174,0.05,0.0018301610541727673,0.02261405710680996,0.019934110624783452,0.6986060273304051,False
3000,correlation,spike,33,30,0.035949523821921466,0.2014223039150238,data/phase_d/grid/3000_correlation_spike_33/scores_30.npy,27f7cc4f5872283b3c977e581479bdfb82f71b82eca6d6f94cadc82e418854c5,8236,40,8196,0.0048567265662943174,0.05,0.0018301610541727673,0.02258360432747343,0.019906344447597337,0.698703635919961,False
3000,correlation,spike,44,,0.0,0.20551926316693425,data/phase_d/grid/3000_correlation_spike_44/scores_no_update.npy,71fe374aba576465597c6851309e9d00c3b86ee54e72ff7ba5e68a9c9cf3848c,8236,40,8196,0.0048567265662943174,0.025,0.0021961932650073207,0.019968944545916967,0.01752465349141088,0.6861822840409956,False
3000,correlation,spike,44,0,0.03626972740888489,0.21085517294704914,data/phase_d/grid/3000_correlation_spike_44/scores_0.npy,522369f290e6de02981bc93defefebca98cf4a4dbd03a7dffa15ae7fb389ee9c,8236,40,8196,0.0048567265662943174,0.025,0.0018301610541727673,0.020574658359446205,0.018084011636808558,0.6856423865300146,False
3000,correlation,spike,44,5,0.03623552762004213,0.20104364585131407,data/phase_d/grid/3000_correlation_spike_44/scores_5.npy,7c8c5d9f83bf451443fef8e532c73bf8cbcfbd139f3e7fe14615d7da5f8bcf5f,8236,40,8196,0.0048567265662943174,0.025,0.0018301610541727673,0.02060099410076892,0.0181081766151387,0.6856271351878965,False
3000,correlation,spike,44,10,0.03634248375865186,0.2008557729423046,data/phase_d/grid/3000_correlation_spike_44/scores_10.npy,b677711f68f4fe9cb2f380c52a92970497ca6d21af6f031297f889f8b2656653,8236,40,8196,0.0048567265662943174,0.025,0.0018301610541727673,0.020545550523450844,0.018057506906870847,0.6856118838457784,False
3000,correlation,spike,44,20,0.036500910390317234,0.20058097084984183,data/phase_d/grid/3000_correlation_spike_44/scores_20.npy,e90fc727b34beb58030e2bfcbb682acb92f9e5ad0556482a446bb9aafbcfaf16,8236,40,8196,0.0048567265662943174,0.025,0.0018301610541727673,0.02052641771349548,0.01804019368236615,0.6855935822352367,False
3000,correlation,spike,44,30,0.03635472810851901,0.2009898996911943,data/phase_d/grid/3000_correlation_spike_44/scores_30.npy,ac161d7735299875c3064fb7a51cc519adfd9f3e0b74dc5a7b9e3df910fb6592,8236,40,8196,0.0048567265662943174,0.025,0.0018301610541727673,0.020553090794137006,0.018064544269643906,0.6856576378721327,False
3000,correlation,spike,55,,0.0,0.1923879780806601,data/phase_d/grid/3000_correlation_spike_55/scores_no_update.npy,1b7c9d1e17b7c43e2cb5ee620b20a1c66f301bf5199757970b62056f1004481a,8236,40,8196,0.0048567265662943174,0.0,0.0009760858955588092,0.01701110863550931,0.015509648888169691,0.6862036359199609,False
3000,correlation,spike,55,0,0.03942821568684725,0.2006957707926631,data/phase_d/grid/3000_correlation_spike_55/scores_0.npy,61150d15876a907a65e45428324e25d43479c378ee442ef10b34b60c605325df,8236,40,8196,0.0048567265662943174,0.0,0.0007320644216691069,0.017893735605731466,0.016295425658976237,0.6869616276232309,False
3000,correlation,spike,55,5,0.03956273461165096,0.20003012008965015,data/phase_d/grid/3000_correlation_spike_55/scores_5.npy,a3adbc0015186295b3f356208a2c88cc80654372fcc84695dbcd4456dde31e45,8236,40,8196,0.0048567265662943174,0.0,0.0007320644216691069,0.01790767226363228,0.016308398318108288,0.6869601024890191,False
3000,correlation,spike,55,10,0.03963142283417615,0.20020300103351474,data/phase_d/grid/3000_correlation_spike_55/scores_10.npy,545c73c2428462a35f55cda28875dff5f23c6fe5ec6d88534b174e537b275d4e,8236,40,8196,0.0048567265662943174,0.0,0.0007320644216691069,0.017866989521242126,0.016280640314584156,0.6869509516837482,False
3000,correlation,spike,55,20,0.03966297471063944,0.20026700105518103,data/phase_d/grid/3000_correlation_spike_55/scores_20.npy,2df1358e4b2eb1e34e7fbedd00016f73231c8a4f3d0a629c46c9fbecd644b1b9,8236,40,8196,0.0048567265662943174,0.0,0.0007320644216691069,0.0178790410975247,0.01629200211037648,0.6869997559785261,False
3000,correlation,spike,55,30,0.03969082989601175,0.20123126124963164,data/phase_d/grid/3000_correlation_spike_55/scores_30.npy,540967ca61b4af88910718c579aa948855e66d61885fb6bcaf18e6fb38f1dd43,8236,40,8196,0.0048567265662943174,0.0,0.0007320644216691069,0.017890798721012666,0.016301336116691968,0.6869875549048317,False
3000,gradual,collective,11,,0.0,0.193024265114218,data/phase_d/grid/3000_gradual_collective_11/scores_no_update.npy,8c826b5776865f9d8e6e6608ecb2027e6271761920a877504026f23ff93e0c18,8236,941,7295,0.11425449247207382,0.9914984059511158,0.906100068540096,0.391128253159093,0.3907836708125382,0.7872878152316342,False
3000,gradual,collective,11,0,0.041494455891186825,0.20065061701461673,data/phase_d/grid/3000_gradual_collective_11/scores_0.npy,ec3f412faaa0a0a2155b9ab1a90a3af031764f93c637a79dc18b58556023f8b2,8236,941,7295,0.11425449247207382,0.9893730074388948,0.8941740918437285,0.39508592295118683,0.39474473051134124,0.7892065737308611,False
3000,gradual,collective,11,5,0.04150696195449974,0.19928544387221336,data/phase_d/grid/3000_gradual_collective_11/scores_5.npy,d7f43967cd8014ca0dee9d49943c49583de4d19bfe3d064f49ed4fd3a5f6f0ba,8236,941,7295,0.11425449247207382,0.9893730074388948,0.8941740918437285,0.39507874566424683,0.394737483352533,0.7892047527931364,False
3000,gradual,collective,11,10,0.04161243683431898,0.19927881890907884,data/phase_d/grid/3000_gradual_collective_11/scores_10.npy,d8c14b2ec93f77df6dd730cb0288b0cb4971346db47441afd670a1e2e3a380d4,8236,941,7295,0.11425449247207382,0.9893730074388948,0.8941740918437285,0.3950444910235149,0.39470316545858813,0.7891925889291356,False
3000,gradual,collective,11,20,0.04197002820387813,0.20163052482530475,data/phase_d/grid/3000_gradual_collective_11/scores_20.npy,6b1c454d7022af4527bbbfbf35d999fcca2af75a4ab758edd436943f3ca9c827,8236,941,7295,0.11425449247207382,0.9893730074388948,0.8940370116518163,0.39501667778172816,0.39467540437083964,0.789180716415171,False
3000,gradual,collective,11,30,0.04244436147571571,0.19892339315265417,data/phase_d/grid/3000_gradual_collective_11/scores_30.npy,f2060a49adae406e6645a4972be4119a8293ab7dadfce143187ce730afa90c44,8236,941,7295,0.11425449247207382,0.9893730074388948,0.8934886908841673,0.39500237999066135,0.39466145402961633,0.7891917877165368,False
3000,gradual,collective,22,,0.0,0.1904594381339848,data/phase_d/grid/3000_gradual_collective_22/scores_no_update.npy,4d22fe44b085f5235172b01f1414751e7c11d4291dbe6cfa13d01da227bf449e,8236,941,7295,0.11425449247207382,0.9883103081827843,0.911720356408499,0.42395142833881905,0.42362730138992427,0.7903034337786862,False
3000,gradual,collective,22,0,0.04639861516432094,0.19976051710546017,data/phase_d/grid/3000_gradual_collective_22/scores_0.npy,87ec5be45965db1ef2c0bcc081737730e82deeb4952efc4b8f4b724558f7c3f2,8236,941,7295,0.11425449247207382,0.9872476089266737,0.8967786154900617,0.4229759698606074,0.42265073571452466,0.7915553648831432,False
3000,gradual,collective,22,5,0.04648323616819003,0.19849276589229703,data/phase_d/grid/3000_gradual_collective_22/scores_5.npy,0806c0fd2f93e7084c2b8c02fcd0c610cd47a41236b16eddf956aad7ba9959b5,8236,941,7295,0.11425449247207382,0.9872476089266737,0.8967786154900617,0.42299055387324935,0.4226655065313821,0.7915638868716945,False
3000,gradual,collective,22,10,0.04662686653030745,0.20002842089161277,data/phase_d/grid/3000_gradual_collective_22/scores_10.npy,f319651e87ce85055ec28afd0ba20379d42634e6c1526a3c8f211026b74eeb2a,8236,941,7295,0.11425449247207382,0.9872476089266737,0.8967786154900617,0.4230122950279574,0.4226871366429101,0.7915645424092755,False
3000,gradual,collective,22,20,0.04691884437549053,0.19885566411539912,data/phase_d/grid/3000_gradual_collective_22/scores_20.npy,a2e58289ad56a941c99cc4856cf4a4755afc06296bc0f47ade9c8d338763c012,8236,941,7295,0.11425449247207382,0.9872476089266737,0.8965044551062371,0.4229392568099712,0.42261383001034025,0.791566581859527,False
3000,gradual,collective,22,30,0.04712755593827272,0.19913892913609743,data/phase_d/grid/3000_gradual_collective_22/scores_30.npy,7fa6c1bdca432a00f2e105954cb9c7405c13acb9e1c1256331cf47c81c77c5ac,8236,941,7295,0.11425449247207382,0.9872476089266737,0.8966415352981494,0.4229434617029416,0.42261805490762483,0.7915661448344731,False
3000,gradual,collective,33,,0.0,0.1916273613460362,data/phase_d/grid/3000_gradual_collective_33/scores_no_update.npy,e9ab9fb1d5ebcfda8ce79395a193883d28097ab6940649ed9c049d1b449208da,8236,941,7295,0.11425449247207382,0.9893730074388948,0.9167923235092529,0.4097261706539759,0.4093942509482349,0.7886874608043153,False
3000,gradual,collective,33,0,0.04328545734948345,0.19938134588301182,data/phase_d/grid/3000_gradual_collective_33/scores_0.npy,acb356c9211791a125d9a6a41f2e589e021c5b791ce32e73d776468869c8e162,8236,941,7295,0.11425449247207382,0.9872476089266737,0.9022618231665525,0.4102750292284291,0.4099439151669132,0.7891590108374931,False
3000,gradual,collective,33,5,0.04334197856919599,0.19973454670980573,data/phase_d/grid/3000_gradual_collective_33/scores_5.npy,cd6851fa40ceb9378501019265133dd854f094eca27da1c4f06091c9586e7d4c,8236,941,7295,0.11425449247207382,0.9872476089266737,0.9022618231665525,0.4102902670282961,0.40995926015809425,0.7891617058253254,False
3000,gradual,collective,33,10,0.043480947769427326,0.20068395929411054,data/phase_d/grid/3000_gradual_collective_33/scores_10.npy,cea9860f8f557a2b94d80bb549f35721b2f04aebc823165022ceb9e9c3ae63d5,8236,941,7295,0.11425449247207382,0.9872476089266737,0.9022618231665525,0.4102958481630663,0.40996487077675886,0.7891528924867381,False
3000,gradual,collective,33,20,0.04385789190089022,0.1982161239720881,data/phase_d/grid/3000_gradual_collective_33/scores_20.npy,3e3a53f1e4fb948b827c8c309e86cd2e89614ce523d0d9f66e4325618a0468bc,8236,941,7295,0.11425449247207382,0.9872476089266737,0.9022618231665525,0.41027411030969846,0.40994304039548396,0.7891403644351925,False
3000,gradual,collective,33,30,0.04416594235985565,0.19952622475102544,data/phase_d/grid/3000_gradual_collective_33/scores_30.npy,9bbbd288f3da6bb0d4ce9c493c3d5342a80ec0f80657baa9bf0905ddcee65438,8236,941,7295,0.11425449247207382,0.9872476089266737,0.9023989033584647,0.4102484661555737,0.4099172964159429,0.7891339547344017,False
3000,gradual,collective,44,,0.0,0.19124961411580443,data/phase_d/grid/3000_gradual_collective_44/scores_no_update.npy,da9669f37fe6b9fe6d88b4a00ebca394c52b2160a2e74385de172f88418254b4,8236,941,7295,0.11425449247207382,0.9914984059511158,0.9092529129540782,0.42584662551824004,0.42552506800660317,0.8033343554863761,False
3000,gradual,collective,44,0,0.03978897197021473,0.1999085140414536,data/phase_d/grid/3000_gradual_collective_44/scores_0.npy,b854a25dbaa45ba472c17a2d0519edeea9de5f6f960f20c8f72d837f411e4eeb,8236,941,7295,0.11425449247207382,0.9904357066950054,0.8986977381768334,0.4228031852596831,0.4224829520106653,0.8018841606824583,False
3000,gradual,collective,44,5,0.039756830223100566,0.19937657611444592,data/phase_d/grid/3000_gradual_collective_44/scores_5.npy,a8f675ee20e0e60ef755c45705a1ee07735e0653edd14b110b2ba26ec4a2408c,8236,941,7295,0.11425449247207382,0.9904357066950054,0.8986977381768334,0.42279225251593855,0.4224720490204067,0.801880008944446,False
3000,gradual,collective,44,10,0.03987439467773502,0.20029851468279958,data/phase_d/grid/3000_gradual_collective_44/scores_10.npy,a29b64ba4762356298dd2358b880184b6b48b92d3ac803915fae9d70555c0dbf,8236,941,7295,0.11425449247207382,0.9904357066950054,0.8988348183687457,0.42282373278176094,0.42250354637870047,0.8018793534068652,False
3000,gradual,collective,44,20,0.04021199799515922,0.19919670326635242,data/phase_d/grid/3000_gradual_collective_44/scores_20.npy,d67ced33ae690da92340341ed485e2303e3f9d1af62f6b3695a1c898cdc74413,8236,941,7295,0.11425449247207382,0.9904357066950054,0.8986977381768334,0.4227741114257783,0.42245390542807093,0.8018732350561103,False
3000,gradual,collective,44,30,0.040516037201563285,0.2000298579223454,data/phase_d/grid/3000_gradual_collective_44/scores_30.npy,18bbca9125c21ffe68d42ab81760913731d47d6660afe52c016ff38e12884b51,8236,941,7295,0.11425449247207382,0.9904357066950054,0.8985606579849211,0.4227423243810902,0.4224219760213889,0.8018556083789357,False
3000,gradual,collective,55,,0.0,0.19091929215937853,data/phase_d/grid/3000_gradual_collective_55/scores_no_update.npy,5dc29b1e3c672bafd8cdee2ea73034838f65b04d777675c245db2636d430b049,8236,941,7295,0.11425449247207382,0.9936238044633369,0.9202193283070597,0.41925913707264245,0.41893504066030046,0.791961215483215,False
3000,gradual,collective,55,0,0.04733537264928904,0.19932139059528708,data/phase_d/grid/3000_gradual_collective_55/scores_0.npy,c7d42ca6fd47ec089995e04125c4b12a83412e6d70a95aa8ade66c43e31cc321,8236,941,7295,0.11425449247207382,0.9904357066950054,0.9059629883481837,0.4185272678583455,0.41820342444332625,0.7926141309137684,False
3000,gradual,collective,55,5,0.04745295738497436,0.19986931281164289,data/phase_d/grid/3000_gradual_collective_55/scores_5.npy,c80459877e518cc0c01a80e15f13cd806687854b9c1ea2bb85ce909711683128,8236,941,7295,0.11425449247207382,0.9904357066950054,0.9059629883481837,0.4185063684014837,0.41818246908717716,0.7926206134520681,False
3000,gradual,collective,55,10,0.047548132713799596,0.19907979015260935,data/phase_d/grid/3000_gradual_collective_55/scores_10.npy,0af0fa751b90922e2531f1b97a2a4ada718d456e181c43dba079567ef0685794,8236,941,7295,0.11425449247207382,0.9904357066950054,0.9059629883481837,0.4184960787196161,0.41817275699893797,0.7926121643010259,False
3000,gradual,collective,55,20,0.04784843211553954,0.20575328916311264,data/phase_d/grid/3000_gradual_collective_55/scores_20.npy,eb617b0f7efbd7b4b1357d8f6f31577be8f0c2a80c0fc3a6eb49107404ae90ba,8236,941,7295,0.11425449247207382,0.9904357066950054,0.9058259081562714,0.41844235301248134,0.41811839816105023,0.7926008744871329,False
3000,gradual,collective,55,30,0.048249514678224296,0.1997526721097529,data/phase_d/grid/3000_gradual_collective_55/scores_30.npy,4dd780e96fd49c88d562a81af0a087609f1e33af145c4704f525d037b5490fc3,8236,941,7295,0.11425449247207382,0.9904357066950054,0.9055517477724468,0.4184156611489058,0.4180916021654784,0.7925947561363781,False
3000,gradual,dependency,11,,0.0,0.19079044181853533,data/phase_d/grid/3000_gradual_dependency_11/scores_no_update.npy,d37441fe78f1c7fb926add59ee02d343a059784cf72dfa0be4a1355b7fa25ab0,8236,941,7295,0.11425449247207382,0.9798087141339001,0.9084304318026045,0.26559032175263597,0.2647443766050971,0.6896120601433879,False
3000,gradual,dependency,11,0,0.04149445588615671,0.19934550067409873,data/phase_d/grid/3000_gradual_dependency_11/scores_0.npy,3b971551512234adb9afce37c4bb00f66e72c4f24a05cdda461340f0990d9bcf,8236,941,7295,0.11425449247207382,0.9787460148777896,0.8976010966415353,0.26950967073644605,0.2686676105639922,0.6921258282535241,False
3000,gradual,dependency,11,5,0.041474521999241655,0.19919454026967287,data/phase_d/grid/3000_gradual_dependency_11/scores_5.npy,d4d3fd5c469e743523061b7315dffaeb16168775b1a3d6c2326446f33ea6706c,8236,941,7295,0.11425449247207382,0.9787460148777896,0.8976010966415353,0.2695265702295705,0.26868446050378225,0.6921322379543149,False
3000,gradual,dependency,11,10,0.04148288343873609,0.1990047632716596,data/phase_d/grid/3000_gradual_dependency_11/scores_10.npy,eb06dabbdbffa8b837d37091aff11ac64d83bbc9f1fdf34d8d1ccbe43a9809ab,8236,941,7295,0.11425449247207382,0.9787460148777896,0.8977381768334476,0.26953791620368883,0.26869586934685513,0.6921485535563278,False
3000,gradual,dependency,11,20,0.04145211423836645,0.2000083359889686,data/phase_d/grid/3000_gradual_dependency_11/scores_20.npy,ece9d3b08729c834877d1fe2d3e1a63b58ad3cc1fcaec1bea34f0d809cda13e4,8236,941,7295,0.11425449247207382,0.9787460148777896,0.8977381768334476,0.26952013351284454,0.268677732154275,0.692168583871299,False
3000,gradual,dependency,11,30,0.041561192010753374,0.19951900513842702,data/phase_d/grid/3000_gradual_dependency_11/scores_30.npy,37146ae5a278be5b3100f1720227cdc9d20a9a2aaf2a5b6b91d3768241d4e332,8236,941,7295,0.11425449247207382,0.9787460148777896,0.8977381768334476,0.2695571350317703,0.26871470224067073,0.6922197158026074,False
3000,gradual,dependency,22,,0.0,0.19201622158288956,data/phase_d/grid/3000_gradual_dependency_22/scores_no_update.npy,d08b1cf99864d8b28b0327459a435fbccbbd48fe4a97483549d19805c8dbe5e4,8236,941,7295,0.11425449247207382,0.9808714133900106,0.9125428375599726,0.2770327728554142,0.2760169385774459,0.694485982057208,False
3000,gradual,dependency,22,0,0.04639861516033933,0.1995915649458766,data/phase_d/grid/3000_gradual_dependency_22/scores_0.npy,00fad2183bbea9e7b406b2517912f9382bf28b33799860ce6a5b6ac64c6f1564,8236,941,7295,0.11425449247207382,0.9776833156216791,0.8973269362577108,0.2789353676006899,0.27791210026167995,0.6953317712115573,False
3000,gradual,dependency,22,5,0.04647620998628282,0.19950610864907503,data/phase_d/grid/3000_gradual_dependency_22/scores_5.npy,649e2370ba49bc42753ead6f88ea363acf44da7d80a205f554da149fa2d14059,8236,941,7295,0.11425449247207382,0.9776833156216791,0.8973269362577108,0.27893105217123915,0.2779081494486932,0.695327765148563,False
3000,gradual,dependency,22,10,0.0464141827636563,0.19974855799227953,data/phase_d/grid/3000_gradual_dependency_22/scores_10.npy,fc78ac62cba8fb423b50ab8ddde0d26b58101bbcb1b4e8a9db061e229c56cbe1,8236,941,7295,0.11425449247207382,0.9776833156216791,0.897464016449623,0.27896927953509315,0.27794603516980876,0.6953515101764925,False
3000,gradual,dependency,22,20,0.04646339526527607,0.20043731201440096,data/phase_d/grid/3000_gradual_dependency_22/scores_20.npy,d278a502f01f46eb7ba8c9152965c1bb70edf48b63997639266fc84e1e4aaec0,8236,941,7295,0.11425449247207382,0.9776833156216791,0.8973269362577108,0.2789157217054533,0.2778911376635398,0.6953842870555363,False
3000,gradual,dependency,22,30,0.04628195656002631,0.20019710343331099,data/phase_d/grid/3000_gradual_dependency_22/scores_30.npy,ae3f6dcc1ee8c41fdb9ef51460731ed01b4e95f62f8160dc7b8405c7b0b3112b,8236,941,7295,0.11425449247207382,0.9776833156216791,0.8973269362577108,0.2789553950443277,0.2779307763688811,0.6954483840634443,False
3000,gradual,dependency,33,,0.0,0.19098743330687284,data/phase_d/grid/3000_gradual_dependency_33/scores_no_update.npy,d41a1b4ebe2e8f5027aab6b0e80cc5f27ff8b635291e47c40eb446bda382667f,8236,941,7295,0.11425449247207382,0.9819341126461212,0.9158327621658671,0.28119067232228157,0.28026447558685214,0.696756035862276,False
3000,gradual,dependency,33,0,0.04328545734948345,0.20005423808470368,data/phase_d/grid/3000_gradual_dependency_33/scores_0.npy,f22368827a3b6ddf23e164f5e0c9a7e885a8563bbf18611ad7f2a8b8dd3dbf57,8236,941,7295,0.11425449247207382,0.9787460148777896,0.9022618231665525,0.2846202055459219,0.283694396369189,0.6986959900766178,False
3000,gradual,dependency,33,5,0.04339175150367754,0.19893892109394073,data/phase_d/grid/3000_gradual_dependency_33/scores_5.npy,026de66d6dc1c1d7e1d79d676b4aef2a8e1524c0193891366f8ffc24ff8c8251,8236,941,7295,0.11425449247207382,0.9787460148777896,0.9021247429746402,0.2846264296096116,0.28370062011262576,0.6987010887022468,False
3000,gradual,dependency,33,10,0.04333536491660774,0.2013137466274202,data/phase_d/grid/3000_gradual_dependency_33/scores_10.npy,aa74d2261df52020b005656759a73b6cce528f36c5d4fcb03272f4696d206807,8236,941,7295,0.11425449247207382,0.9787460148777896,0.9022618231665525,0.2846539953661101,0.28372820938376847,0.6987325545061289,False
3000,gradual,dependency,33,20,0.043385430431389434,0.19841781398281455,data/phase_d/grid/3000_gradual_dependency_33/scores_20.npy,d45231c00b25922eb778cdecb46ab889af79c71ac4cb0e077050762f4f83526e,8236,941,7295,0.11425449247207382,0.9787460148777896,0.9021247429746402,0.2847298323182473,0.2838041425518893,0.6987659869227537,False
3000,gradual,dependency,33,30,0.043425209502231665,0.1995051959529519,data/phase_d/grid/3000_gradual_dependency_33/scores_30.npy,66b1756f4d8420f2d2bc2b2d2b78349a78561159104852fcfe7e11818caab2f5,8236,941,7295,0.11425449247207382,0.9787460148777896,0.9022618231665525,0.2848431456359889,0.2839175991525531,0.6988222174796911,False
3000,gradual,dependency,44,,0.0,0.19107034290209413,data/phase_d/grid/3000_gradual_dependency_44/scores_no_update.npy,f7465cb750dffca261a6a1ebee7b3ce725bd390ce429fd5d7f330826db8a9845,8236,941,7295,0.11425449247207382,0.9776833156216791,0.9111720356408499,0.2869055349281503,0.2862751442110531,0.7019422121771204,False
3000,gradual,dependency,44,0,0.03978897197307197,0.1991350008174777,data/phase_d/grid/3000_gradual_dependency_44/scores_0.npy,4f450ca244057ebaf498131c2f039a7447219614940f794e7e031969f4ef9e0b,8236,941,7295,0.11425449247207382,0.9766206163655685,0.9008910212474297,0.28658559242473086,0.2859545481849537,0.7010151363627425,False
3000,gradual,dependency,44,5,0.0397958142815179,0.1989089041016996,data/phase_d/grid/3000_gradual_dependency_44/scores_5.npy,8563ebbf8a7c8d50b11c420960033fbe943fa000413fa7e00be8f20d9bce3d09,8236,941,7295,0.11425449247207382,0.9766206163655685,0.9008910212474297,0.28657915299489106,0.28594811733033093,0.701007269911772,False
3000,gradual,dependency,44,10,0.03967660721159576,0.19964409107342362,data/phase_d/grid/3000_gradual_dependency_44/scores_10.npy,33e62cbb5ddd1d8e36556ac3f07f805071db73176768021d42b0c857e93943ab,8236,941,7295,0.11425449247207382,0.9766206163655685,0.901028101439342,0.2865910823371078,0.28596000015942513,0.7010240225388388,False
3000,gradual,dependency,44,20,0.03978464013294542,0.1990722483024001,data/phase_d/grid/3000_gradual_dependency_44/scores_20.npy,2e237071212dae39ed46f224157a110b18a52d3e4d16a7f96fc7b42d042a6185,8236,941,7295,0.11425449247207382,0.9766206163655685,0.9008910212474297,0.2866234988000891,0.28599240600135956,0.7010522834923255,False
3000,gradual,dependency,44,30,0.039887748328531834,0.20070503884926438,data/phase_d/grid/3000_gradual_dependency_44/scores_30.npy,30db1a86036315f40bc189b9695d9fb1fdabece33cb273aba55ebfc0bf252e28,8236,941,7295,0.11425449247207382,0.9766206163655685,0.901028101439342,0.28668807489525594,0.2860570152571039,0.7011110633620775,False
3000,gradual,dependency,55,,0.0,0.19147997675463557,data/phase_d/grid/3000_gradual_dependency_55/scores_no_update.npy,de01a6bf080885e84317a0c8798589025acdc78035dfb43d3edccbf46322f142,8236,941,7295,0.11425449247207382,0.9819341126461212,0.9215901302261823,0.2799743275304416,0.27896656045760493,0.6959951752434048,False
3000,gradual,dependency,55,0,0.0473353725762614,0.20024362904950976,data/phase_d/grid/3000_gradual_dependency_55/scores_0.npy,f708d23a3ebae6d90a6a8164933ce72ba80df527b347a09e229ca1bc9d959783,8236,941,7295,0.11425449247207382,0.9808714133900106,0.9077450308430431,0.28003844539369355,0.2791593166765696,0.696527544596586,False
3000,gradual,dependency,55,5,0.0474158131593968,0.2002001884393394,data/phase_d/grid/3000_gradual_dependency_55/scores_5.npy,5971b9e65bbecffdd8f536fbcc2b71b222e6d2b1faf611cc392d9ef419ac6eb5,8236,941,7295,0.11425449247207382,0.9808714133900106,0.9077450308430431,0.2800156788073927,0.2791364995982532,0.6965307494469813,False
3000,gradual,dependency,55,10,0.047357413145706316,0.2007931498810649,data/phase_d/grid/3000_gradual_dependency_55/scores_10.npy,1dcb42c4b8bae80cffbc672a73fd74947ebed0109bab0ffae3ee0b6fe4bcc628,8236,941,7295,0.11425449247207382,0.9798087141339001,0.9077450308430431,0.2800359648406084,0.2791564635691187,0.6965501970618806,False
3000,gradual,dependency,55,20,0.04736334377333355,0.20008831517770886,data/phase_d/grid/3000_gradual_dependency_55/scores_20.npy,0e80f6fa024df8f8e715a4fad5870238665ae4b285d7cdd34a65a55096c8c1b9,8236,941,7295,0.11425449247207382,0.9798087141339001,0.9077450308430431,0.2800650145270931,0.27918546239546177,0.6965835566409964,False
3000,gradual,dependency,55,30,0.04718830084078374,0.19923213589936495,data/phase_d/grid/3000_gradual_dependency_55/scores_30.npy,84f59438f421f4a0ebba823461238940ba69f9d0c32f106d13d5446990ef6fc2,8236,941,7295,0.11425449247207382,0.9798087141339001,0.9077450308430431,0.2801179343127757,0.27923853046589264,0.6966202667455255,False
3000,gradual,mixture,11,,0.0,0.19102424522861838,data/phase_d/grid/3000_gradual_mixture_11/scores_no_update.npy,88225bbb7b16d4ca776e46f5b4754ad0c8f658d94e185bafa7fc4fde3a4add86,8236,1922,6314,0.23336571151044197,0.9833506763787722,0.9038644282546722,0.5156918191133603,0.5155329517309889,0.7434364923165969,False
3000,gradual,mixture,11,0,0.0414944558919788,0.19916216703131795,data/phase_d/grid/3000_gradual_mixture_11/scores_0.npy,c27d6e2e8159add58440d42ea7795c1bd240dd9ec7167768f95cb268bfc9b4be,8236,1922,6314,0.23336571151044197,0.981789802289282,0.8921444409249287,0.5195328117932629,0.519376691889883,0.7456356585978929,False
3000,gradual,mixture,11,5,0.0415173207835675,0.19959519198164344,data/phase_d/grid/3000_gradual_mixture_11/scores_5.npy,08c988d54edc63c44bb1f7cfcfd81402ff63265aa957e5c799806f03937e9efb,8236,1922,6314,0.23336571151044197,0.981789802289282,0.8921444409249287,0.5195418124638389,0.5193856677196571,0.7456404379610643,False
3000,gradual,mixture,11,10,0.04158215636935149,0.19887341419234872,data/phase_d/grid/3000_gradual_mixture_11/scores_10.npy,020a0efb371fddf0b519c3c94aeb7754f5bc11f7dfd1f576e4608d4aa07a1804,8236,1922,6314,0.23336571151044197,0.981789802289282,0.8921444409249287,0.5195486607203612,0.5193925189220737,0.7456448465115758,False
3000,gradual,mixture,11,20,0.04162191336041444,0.20093999709933996,data/phase_d/grid/3000_gradual_mixture_11/scores_20.npy,9b612bc92cc5d78f05e4bb2b961a0ce3d30c37e9b6aeab57ba244a8c00dfb8c7,8236,1922,6314,0.23336571151044197,0.981789802289282,0.8921444409249287,0.5195597602140798,0.519403645914876,0.7456682077091458,False
3000,gradual,mixture,11,30,0.041786591815686974,0.19867624389007688,data/phase_d/grid/3000_gradual_mixture_11/scores_30.npy,628ab18be080099d84a65da832a94b9b6792e0fa8ed2c5f1a4fb0e561169bbec,8236,1922,6314,0.23336571151044197,0.981789802289282,0.8921444409249287,0.5195970900567073,0.5194408113410798,0.7457091619073549,False
3000,gradual,mixture,22,,0.0,0.19053541077300906,data/phase_d/grid/3000_gradual_mixture_22/scores_no_update.npy,3c52530fbb332d167fe6f8d1dee8286a1bc688e3863cdb00736d87c72c46ee27,8236,1922,6314,0.23336571151044197,0.9828303850156087,0.9084573962622743,0.5354006105821095,0.5352560241965277,0.7472845800933922,False
3000,gradual,mixture,22,0,0.04639861516033933,0.199166230391711,data/phase_d/grid/3000_gradual_mixture_22/scores_0.npy,4a25e9c50cd34b69a5e44bf9a607d1e06560c272740841bfe21f5fc393a57527,8236,1922,6314,0.23336571151044197,0.9807492195629552,0.8927779537535635,0.5360927371243591,0.535948384867053,0.748349801260895,False
3000,gradual,mixture,22,5,0.04648744987026347,0.20019356114789844,data/phase_d/grid/3000_gradual_mixture_22/scores_5.npy,5570c7096de00381fe8be2830f46fa56962489519a47f0ddc158c3afda48c3da,8236,1922,6314,0.23336571151044197,0.9807492195629552,0.8927779537535635,0.5361019057087365,0.5359575747375696,0.7483562698817388,False
3000,gradual,mixture,22,10,0.04661233095331705,0.20000287285074592,data/phase_d/grid/3000_gradual_mixture_22/scores_10.npy,4169bd91a58ef89580f1f73f0a7acf4a383eafd69854b7db130bd36d08c1501d,8236,1922,6314,0.23336571151044197,0.9807492195629552,0.8927779537535635,0.5361037912347665,0.5359594230037241,0.7483647985729152,False
3000,gradual,mixture,22,20,0.04652687352676317,0.1991792693734169,data/phase_d/grid/3000_gradual_mixture_22/scores_20.npy,b336beb9960a220b48956a8a62328d215079bc0b2165f5e0e512081912b3a93a,8236,1922,6314,0.23336571151044197,0.9807492195629552,0.8926195755464048,0.5361143741788339,0.5359700403248322,0.7483858936931195,False
3000,gradual,mixture,22,30,0.04629235996211901,0.19996525719761848,data/phase_d/grid/3000_gradual_mixture_22/scores_30.npy,5d003593f98074a007a1ff6d6796aa257b6028e485c18d9c85ff172551a285b5,8236,1922,6314,0.23336571151044197,0.9807492195629552,0.8929363319607222,0.5361366558287574,0.5359923216506913,0.7484294847813541,False
3000,gradual,mixture,33,,0.0,0.19505605101585388,data/phase_d/grid/3000_gradual_mixture_33/scores_no_update.npy,bf83b8c99a6d615a895331d5e69d13b76b84a039feefe81272f281d0fb7a847b,8236,1922,6314,0.23336571151044197,0.9833506763787722,0.9127336078555591,0.5322912598092621,0.5321505726473533,0.7474910815435168,False
3000,gradual,mixture,33,0,0.04328545735210989,0.19958354206755757,data/phase_d/grid/3000_gradual_mixture_33/scores_0.npy,3ed10ef667d2a9b474188fcfb8ed010837fd59f39bccaf2695569a3e8eb11645,8236,1922,6314,0.23336571151044197,0.9807492195629552,0.8978460563826417,0.5342728785119131,0.534133315122153,0.7486693593708644,False
3000,gradual,mixture,33,5,0.04336502909973903,0.19960232637822628,data/phase_d/grid/3000_gradual_mixture_33/scores_5.npy,ab42063571883e8c1a67fa146c099b7036ed53774ba29565d6dcd49de7be2caa,8236,1922,6314,0.23336571151044197,0.9807492195629552,0.8978460563826417,0.534279934582775,0.534140374275736,0.7486749627621687,False
3000,gradual,mixture,33,10,0.043456063339390116,0.19987923931330442,data/phase_d/grid/3000_gradual_mixture_33/scores_10.npy,07495070198e4cd88b35022a56813a80e3c26f5f9f0bcbb49b93ff84ca70ad91,8236,1922,6314,0.23336571151044197,0.9807492195629552,0.897687678175483,0.5342912466950722,0.534151757057114,0.7486818021956724,False
3000,gradual,mixture,33,20,0.04363322658674756,0.2003648243844509,data/phase_d/grid/3000_gradual_mixture_33/scores_20.npy,7c930d3838f16263e9cc15665b6b084d3b5cf083512303cd75ba559a46029bd7,8236,1922,6314,0.23336571151044197,0.9807492195629552,0.8973709217611656,0.5342997607155846,0.534160208817978,0.7487003428286644,False
3000,gradual,mixture,33,30,0.04378929713187383,0.2016608132980764,data/phase_d/grid/3000_gradual_mixture_33/scores_30.npy,3d0358deea4ddd871ec281091b9f09b218058ae406b4453eb0ca1e71dd095e94,8236,1922,6314,0.23336571151044197,0.9807492195629552,0.8973709217611656,0.534335074983422,0.5341955309524432,0.7487426154718863,False
3000,gradual,mixture,44,,0.0,0.19102203380316496,data/phase_d/grid/3000_gradual_mixture_44/scores_no_update.npy,b6c549a10ca481519cde560f80a9d294a65a30fa02671cdfedb1dafcb96a15db,8236,1922,6314,0.23336571151044197,0.9823100936524454,0.9067152359835287,0.5432908713686613,0.543149120944435,0.7571797159212452,False
3000,gradual,mixture,44,0,0.03978897196592886,0.19941096426919103,data/phase_d/grid/3000_gradual_mixture_44/scores_0.npy,eb10b180d6211e3d19f7a679abdc7735876e0a57b9914e5ec6c8bc59a90bb32c,8236,1922,6314,0.23336571151044197,0.9812695109261186,0.8957871396895787,0.541499819306601,0.5413578451235673,0.7560190310945368,False
3000,gradual,mixture,44,5,0.03975096510610188,0.200371656101197,data/phase_d/grid/3000_gradual_mixture_44/scores_5.npy,b7629726fc36ff5f912579b08bc0c92519a7e2b5007be45261aa06a8253e438c,8236,1922,6314,0.23336571151044197,0.9812695109261186,0.8957871396895787,0.541494889325173,0.5413530430789516,0.7560165590101378,False
3000,gradual,mixture,44,10,0.03989807817522962,0.20098812179639935,data/phase_d/grid/3000_gradual_mixture_44/scores_10.npy,c8fd4bc1595caac6f6bd56e08efb8a1854d6ee0a52f408a2680a1ef0fb96a6e9,8236,1922,6314,0.23336571151044197,0.9812695109261186,0.8957871396895787,0.5414900524704426,0.5413482215238287,0.7560205143451761,False
3000,gradual,mixture,44,20,0.04010874634073929,0.20094261830672622,data/phase_d/grid/3000_gradual_mixture_44/scores_20.npy,7778b34ebd99fc92f6afefcf6ab1c233db639526f0324ce69b4e114a922ae583,8236,1922,6314,0.23336571151044197,0.9812695109261186,0.8959455178967374,0.5414903941556826,0.5413485088675782,0.7560444523624391,False
3000,gradual,mixture,44,30,0.04012785264930328,0.199873685836792,data/phase_d/grid/3000_gradual_mixture_44/scores_30.npy,fa0b0abfe91429ac5d87ed2aaf2e5b3c8c3662e0006374d4bd816357466a3fa9,8236,1922,6314,0.23336571151044197,0.9812695109261186,0.8959455178967374,0.5415194352504382,0.541377559037212,0.7560914219660191,False
3000,gradual,mixture,55,,0.0,0.192973752040416,data/phase_d/grid/3000_gradual_mixture_55/scores_no_update.npy,2d1bcbf244cad10d83f2a58d013cf14b250e1eb8b6d0457a1690907805d260a4,8236,1922,6314,0.23336571151044197,0.9854318418314256,0.9182768451061134,0.5344923094196488,0.534348495029842,0.7485420058229124,False
3000,gradual,mixture,55,0,0.04733537258324143,0.19997147703543305,data/phase_d/grid/3000_gradual_mixture_55/scores_0.npy,efb6aff5818a6e0c15603c16928f0d3d1f2d7877e874126bcd42a980022a73dc,8236,1922,6314,0.23336571151044197,0.9833506763787722,0.9035476718403548,0.5345003933612471,0.534356305130566,0.7491762602768668,False
3000,gradual,mixture,55,5,0.04744476658564102,0.20264857588335872,data/phase_d/grid/3000_gradual_mixture_55/scores_5.npy,05d5c35113ca8f54769517c7a1cb4070840106cb20ab12eb2b8059c83754820e,8236,1922,6314,0.23336571151044197,0.9828303850156087,0.9035476718403548,0.534498141956915,0.5343539994547424,0.7491823168836442,False
3000,gradual,mixture,55,10,0.04743701673105937,0.20067399088293314,data/phase_d/grid/3000_gradual_mixture_55/scores_10.npy,1814ba256e0e9925bba4ef321dc8e03ecac9d146ab480b7960d22a8e3576f5d0,8236,1922,6314,0.23336571151044197,0.9833506763787722,0.9035476718403548,0.5345123690939662,0.534368342343593,0.7491881674833885,False
3000,gradual,mixture,55,20,0.04760639266677684,0.19995509227737784,data/phase_d/grid/3000_gradual_mixture_55/scores_20.npy,fc429a241777e58affac3d7099a0a14c0bfb5dad429cf9a4f97cc70b37aec414,8236,1922,6314,0.23336571151044197,0.9828303850156087,0.9037060500475135,0.5345017892821037,0.5343577165978143,0.7492067493177872,False
3000,gradual,mixture,55,30,0.0475868079592332,0.20006602117791772,data/phase_d/grid/3000_gradual_mixture_55/scores_30.npy,82204b585a0660dbf4d9dc3d628dce1435f1b20721ae8855aa73b87f021854a2,8236,1922,6314,0.23336571151044197,0.9828303850156087,0.9037060500475135,0.534531980298292,0.5343878469719968,0.7492524828791675,False
3000,gradual,spike,11,,0.0,0.1892468798905611,data/phase_d/grid/3000_gradual_spike_11/scores_no_update.npy,0896df7eb1e3625f43511f431b8938bf216856c93ebd2de1bc9cbbe9c6d401b8,8236,40,8196,0.0048567265662943174,0.875,0.9102000976085896,0.008126689789157518,0.007631827492464754,0.6296516593460225,False
3000,gradual,spike,11,0,0.041494455891186825,0.1987814800813794,data/phase_d/grid/3000_gradual_spike_11/scores_0.npy,a02a1e7e757c4a04773ef08365d38ffde13f29dd0452d74065a545659d15b364,8236,40,8196,0.0048567265662943174,0.875,0.8989751098096632,0.008143561372743881,0.007654228721143472,0.6310273304050757,False
3000,gradual,spike,11,5,0.04150696195484211,0.19898439198732376,data/phase_d/grid/3000_gradual_spike_11/scores_5.npy,a0f9eceb6f07a5fd5dd1a96d832da162412c22d8fd49f23ec93167228c44335b,8236,40,8196,0.0048567265662943174,0.875,0.8989751098096632,0.008144052666564693,0.007654685934797107,0.6310181795998048,False
3000,gradual,spike,11,10,0.041602731800647504,0.19908757600933313,data/phase_d/grid/3000_gradual_spike_11/scores_10.npy,4c411f8d733f669f6e16c4c610e7dd9611f45c9c209b3e59743dbef340555a52,8236,40,8196,0.0048567265662943174,0.875,0.8989751098096632,0.008144472354524847,0.007654872729548831,0.6309968277208394,False
3000,gradual,spike,11,20,0.04186901324892636,0.19918858399614692,data/phase_d/grid/3000_gradual_spike_11/scores_20.npy,d559a6faea0e1fda7d83f1b029d34c779f8f583fab579026cb803abd063195e7,8236,40,8196,0.0048567265662943174,0.875,0.8988530990727184,0.008143381691899442,0.007653887588669837,0.6309937774524158,False
3000,gradual,spike,11,30,0.0418737773288374,0.20088183972984552,data/phase_d/grid/3000_gradual_spike_11/scores_30.npy,5770eeb1ad43f79f6f5fc020a9304e0e72888e5fc86926f8f87a691b14b10657,8236,40,8196,0.0048567265662943174,0.875,0.8987310883357735,0.008144383606208623,0.00765481606405247,0.6310090287945339,False
3000,gradual,spike,22,,0.0,0.19059626013040543,data/phase_d/grid/3000_gradual_spike_22/scores_no_update.npy,4d6eabd0732971fc82038327852f65d0372b68d511d78c7018b95559a64e9708,8236,40,8196,0.0048567265662943174,0.9,0.9150805270863837,0.00834537877914862,0.007865429381604977,0.6230081747193753,False
3000,gradual,spike,22,0,0.04639861516033933,0.19916109601035714,data/phase_d/grid/3000_gradual_spike_22/scores_0.npy,e286d4c91ab545a85e85e397d4014b6526e064fd0dc61cfff64b4ca3e11bdcb0,8236,40,8196,0.0048567265662943174,0.9,0.9005612493899463,0.00831226257502821,0.007836815836628921,0.6235511224987799,False
3000,gradual,spike,22,5,0.04648323615687839,0.199095718562603,data/phase_d/grid/3000_gradual_spike_22/scores_5.npy,8644dde22f136bc9b1f7112c85b9377a5445f4c7ed0b67f319a50b53ed8ccf67,8236,40,8196,0.0048567265662943174,0.9,0.9005612493899463,0.008311344293074143,0.007836094512982901,0.6235480722303562,False
3000,gradual,spike,22,10,0.04659522074762263,0.1993229677900672,data/phase_d/grid/3000_gradual_spike_22/scores_10.npy,20003710bff9dce5ca463a6b06fa3fcd904733df31cdd92f0af8515217b55031,8236,40,8196,0.0048567265662943174,0.9,0.9006832601268911,0.008308923420680918,0.007834044744113306,0.6235694241093216,False
3000,gradual,spike,22,20,0.04664239331040709,0.19929671194404364,data/phase_d/grid/3000_gradual_spike_22/scores_20.npy,b706fcbc46b191b9e66a0b093ee091e4a922a5e37143b2ef1f34597eac5bc718,8236,40,8196,0.0048567265662943174,0.9,0.9005612493899463,0.008309096473191894,0.007834203632338192,0.6235602733040507,False
3000,gradual,spike,22,30,0.046499010503342555,0.19885379821062088,data/phase_d/grid/3000_gradual_spike_22/scores_30.npy,92fae67666f0e762cbd999c25659b961e8da5736e048d97fd114c51e53ddef97,8236,40,8196,0.0048567265662943174,0.9,0.9005612493899463,0.008308363006886229,0.007833557481810857,0.6235755246461688,False
3000,gradual,spike,33,,0.0,0.1923809857107699,data/phase_d/grid/3000_gradual_spike_33/scores_no_update.npy,90aef72abe3d3af481de38df353a13dccd5c89ef3278b5bfebe1ba480b6f5f97,8236,40,8196,0.0048567265662943174,0.875,0.9194729136163983,0.009487937828450102,0.008814158406738389,0.6251220107369448,False
3000,gradual,spike,33,0,0.04328545735210989,0.19951466470956802,data/phase_d/grid/3000_gradual_spike_33/scores_0.npy,a42e733977c77b4a5bf9561bdc165436c9d949f24b16afec67ff06e2601dd3f2,8236,40,8196,0.0048567265662943174,0.875,0.9059297218155198,0.009335596260428954,0.008680095941878116,0.6244234992679356,False
3000,gradual,spike,33,5,0.04334197857895034,0.19869234086945653,data/phase_d/grid/3000_gradual_spike_33/scores_5.npy,ab4d159f3c9b553f02f99c2a3e661f0beafafe7a07f3509bfbaf56d6fce79c0c,8236,40,8196,0.0048567265662943174,0.875,0.9059297218155198,0.009337088430554613,0.008681478534815473,0.6243990971205466,False
3000,gradual,spike,33,10,0.043481982528178836,0.20127435075119138,data/phase_d/grid/3000_gradual_spike_33/scores_10.npy,39bd9ba9f1eccc9165cb8d079c13fac27f4b5d20e0e3cfb24364d829d4bb023c,8236,40,8196,0.0048567265662943174,0.875,0.9058077110785749,0.009332758865241299,0.008677746885436953,0.6243929965836994,False
3000,gradual,spike,33,20,0.04360573879539328,0.1997650172561407,data/phase_d/grid/3000_gradual_spike_33/scores_20.npy,877dde4f7ea257849a029b06016cabc0ce420ea2550b484f43ec4a504c4a1a86,8236,40,8196,0.0048567265662943174,0.875,0.9058077110785749,0.009332243893348116,0.00867751716833573,0.6244173987310884,False
3000,gradual,spike,33,30,0.04349549920238731,0.20117001421749592,data/phase_d/grid/3000_gradual_spike_33/scores_30.npy,fbc011caf684b383473aea31f6616cd83bbbf75f95d09507ce399e7eaa231031,8236,40,8196,0.0048567265662943174,0.875,0.9059297218155198,0.009333446872636496,0.0086786830702089,0.6244387506100536,False
3000,gradual,spike,44,,0.0,0.19242071313783526,data/phase_d/grid/3000_gradual_spike_44/scores_no_update.npy,5d0c777973e17aa7bc79a4bbe6f330a9b751753ab53ffd151a4b9ef0fa2c903d,8236,40,8196,0.0048567265662943174,0.875,0.9132503660322109,0.008893318998723945,0.008325223890439031,0.6173834797462177,False
3000,gradual,spike,44,0,0.03978897197057188,0.1987145789898932,data/phase_d/grid/3000_gradual_spike_44/scores_0.npy,e7211ab73dbdfd4be5f76e3075c553aca7001d1e89a5b4c7f32a416ba06cac7f,8236,40,8196,0.0048567265662943174,0.875,0.9031234748657881,0.008852803240436892,0.008289827160888706,0.6178776232308443,False
3000,gradual,spike,44,5,0.03975683022381545,0.19953651912510395,data/phase_d/grid/3000_gradual_spike_44/scores_5.npy,ac50268f85da1b21fb25f3420dfe264c7a505b5caa8f989f352d55110daab880,8236,40,8196,0.0048567265662943174,0.875,0.9031234748657881,0.008854260470730114,0.008291150144848202,0.6178745729624207,False
3000,gradual,spike,44,10,0.03988217820610604,0.2005166825838387,data/phase_d/grid/3000_gradual_spike_44/scores_10.npy,b65003f159df2500733f7d28bf25f58c3381f39db0112e7bc054d4fcbeed10f4,8236,40,8196,0.0048567265662943174,0.875,0.903245485602733,0.008854303290444891,0.008290584905364815,0.6178837237676915,False
3000,gradual,spike,44,20,0.04003625671517654,0.20001496793702245,data/phase_d/grid/3000_gradual_spike_44/scores_20.npy,8996790dc41373786cbdb3b81ccbcb6d3bbeb5a7e2b86b8f98224185112a8fd8,8236,40,8196,0.0048567265662943174,0.875,0.9031234748657881,0.008848485445470101,0.008286105511360695,0.6178654221571498,False
3000,gradual,spike,44,30,0.03999363553439822,0.20011991215869784,data/phase_d/grid/3000_gradual_spike_44/scores_30.npy,1266a28699c269597985959690f19f02bfd1f4a284d7eaeb6bc175a99b1aede5,8236,40,8196,0.0048567265662943174,0.875,0.9031234748657881,0.008849617964678282,0.008286917698432426,0.6178593216203025,False
3000,gradual,spike,55,,0.0,0.1917900862172246,data/phase_d/grid/3000_gradual_spike_55/scores_no_update.npy,30805b48c8c13762450ed18ee8a27860f0e73b9aa9dbbd5277812ac6be2f48eb,8236,40,8196,0.0048567265662943174,0.875,0.9233772571986335,0.008619644879662932,0.00814515351005913,0.6246705710102489,False
3000,gradual,spike,55,0,0.04733537257573602,0.1998051586560905,data/phase_d/grid/3000_gradual_spike_55/scores_0.npy,46135e3818774e97d3b07418bda93364fdfc7fff4c531902bd8962c2d44dec3a,8236,40,8196,0.0048567265662943174,0.875,0.9097120546608102,0.008595021578559419,0.008122634765322167,0.6245424597364568,False
3000,gradual,spike,55,5,0.04745295739036486,0.19898174703121185,data/phase_d/grid/3000_gradual_spike_55/scores_5.npy,fbeac34a2efbd4f8d2df4382d74f12e0d00bce83fe0337f91d61bdc1e180cb7c,8236,40,8196,0.0048567265662943174,0.875,0.9097120546608102,0.008596761712136974,0.008124235520661409,0.6245546608101513,False
3000,gradual,spike,55,10,0.047517534162055564,0.20072607416659594,data/phase_d/grid/3000_gradual_spike_55/scores_10.npy,322482d33eac7fbcf0f60f44aa907c321a67b06f163a7380464cf52f82b464ec,8236,40,8196,0.0048567265662943174,0.875,0.9097120546608102,0.00859676509433399,0.008124224361806993,0.6244997559785261,False
3000,gradual,spike,55,20,0.04761415697406307,0.19946134882047772,data/phase_d/grid/3000_gradual_spike_55/scores_20.npy,c94984d08de6b642d2b4fb4d8c091e2fa77722ffb57e33099ca88036b08f135a,8236,40,8196,0.0048567265662943174,0.875,0.9097120546608102,0.008595665850486676,0.00812322516823963,0.6245119570522206,False
3000,gradual,spike,55,30,0.047738526106130885,0.19995026290416718,data/phase_d/grid/3000_gradual_spike_55/scores_30.npy,905f5990fa5b3d709f8bbc5927e056bb1c5c41cbc129f8b937b9d8878691ac85,8236,40,8196,0.0048567265662943174,0.875,0.9094680331869205,0.008594640803685999,0.008122345139971905,0.6245211078574915,False
3000,recurring,collective,11,,0.0,0.19134439481422305,data/phase_d/grid/3000_recurring_collective_11/scores_no_update.npy,fabfdc21f4231cb9183125da349c8319cd0a21fa74c18f0f1cf2d89c3bdf01bf,8236,941,7295,0.11425449247207382,0.6854410201912858,0.19917751884852639,0.3020143449653692,0.30104217381631654,0.8015885860709918,False
3000,recurring,collective,11,0,0.05063691280746178,0.1993754361756146,data/phase_d/grid/3000_recurring_collective_11/scores_0.npy,61d93660ac657222aeefec0269a9bf686be57feef11fb9cb36c3aadd91bf5f12,8236,941,7295,0.11425449247207382,0.6758767268862912,0.19136394790952707,0.3055638771389639,0.3045834808545314,0.8034277331728966,False
3000,recurring,collective,11,5,0.050700100813805514,0.19944646023213863,data/phase_d/grid/3000_recurring_collective_11/scores_5.npy,1d6d0aa749addc11010a6460e212bd757718401cd8efdeb941f219e007378db6,8236,941,7295,0.11425449247207382,0.6758767268862912,0.19136394790952707,0.3055847910956806,0.30460436112625106,0.8034278788479147,False
3000,recurring,collective,11,10,0.05088923524781041,0.2002387191168964,data/phase_d/grid/3000_recurring_collective_11/scores_10.npy,d77985626814d750d2a55e0663fd062287f867b73e7d751c3c94dde25d528b67,8236,941,7295,0.11425449247207382,0.6748140276301806,0.19136394790952707,0.30558945646937974,0.3046090613449765,0.8034274418228606,False
3000,recurring,collective,11,20,0.05137186356912383,0.20095476927235723,data/phase_d/grid/3000_recurring_collective_11/scores_20.npy,284ffff6000319d8d563377b041f0b918236ad6dd83cde6852861edc10067945,8236,941,7295,0.11425449247207382,0.6748140276301806,0.19150102810143935,0.3056861863148657,0.30470551733999396,0.8034500214506463,False
3000,recurring,collective,11,30,0.05191489282119868,0.19938327511772513,data/phase_d/grid/3000_recurring_collective_11/scores_30.npy,7eee5e8253767c50c1e97baed32e1817efea4155c922349216ca4437f0c588fc,8236,941,7295,0.11425449247207382,0.6748140276301806,0.19150102810143935,0.305752474762036,0.30477184540931945,0.8034907376181697,False
3000,recurring,collective,22,,0.0,0.19184908410534263,data/phase_d/grid/3000_recurring_collective_22/scores_no_update.npy,74410a9fecc7c484bfceab07e54a02cdcb4fba7e8a7ee8dd2a0a9a42ef1d8054,8236,941,7295,0.11425449247207382,0.6865037194473964,0.1947909527073338,0.31878207016182486,0.3179759187029989,0.8083482710924679,False
3000,recurring,collective,22,0,0.05592969620785954,0.20180970104411244,data/phase_d/grid/3000_recurring_collective_22/scores_0.npy,058bc67810dd114175c7fe731134c8407f5eb9fc6ac6f4d3027d73c2b02109dc,8236,941,7295,0.11425449247207382,0.6705632306057385,0.18752570253598355,0.32048076866675745,0.3196709451254186,0.8097571670287905,False
3000,recurring,collective,22,5,0.05600772823852589,0.200505998916924,data/phase_d/grid/3000_recurring_collective_22/scores_5.npy,dcf5a9a86c97ee9c79503c5124edcbb8b2ea33b2435c2830ad879f269bce1c39,8236,941,7295,0.11425449247207382,0.6705632306057385,0.18752570253598355,0.3205069203218107,0.319697095680414,0.809759716341605,False
3000,recurring,collective,22,10,0.0562473402721669,0.19957801094278693,data/phase_d/grid/3000_recurring_collective_22/scores_10.npy,afc6419a76c9cc818f7418eb220b3b3deeaa539d057923b6c1aee6285b34451f,8236,941,7295,0.11425449247207382,0.6705632306057385,0.18752570253598355,0.3204967794816183,0.3196869663398703,0.8097645964547071,False
3000,recurring,collective,22,20,0.056651613694365,0.20078260777518153,data/phase_d/grid/3000_recurring_collective_22/scores_20.npy,40f787ebadb5e4da93779a6dc43d3bc4901eaf22d07eeea73ffbf71b69ea1d9b,8236,941,7295,0.11425449247207382,0.6705632306057385,0.18766278272789583,0.32053801837437285,0.31972815591400777,0.8097763961311628,False
3000,recurring,collective,22,30,0.05693609551868523,0.20060427114367485,data/phase_d/grid/3000_recurring_collective_22/scores_30.npy,fe7c10e3e8a3537436a28700ee4c7ec2e221ba13dd0cc4c4fe0b9326ba7fffd0,8236,941,7295,0.11425449247207382,0.6716259298618491,0.18766278272789583,0.3206231331553374,0.31981319602644953,0.8097966449586611,False
3000,recurring,collective,33,,0.0,0.19160575373098254,data/phase_d/grid/3000_recurring_collective_33/scores_no_update.npy,00ef583f992db0c2b660bc882b0cef2294e3671ddcce04356da778963901537f,8236,941,7295,0.11425449247207382,0.691817215727949,0.19533927347498287,0.3167337730499247,0.31598516820399697,0.8093466548281436,False
3000,recurring,collective,33,0,0.0554357794800312,0.20038247806951404,data/phase_d/grid/3000_recurring_collective_33/scores_0.npy,5f00f03bbf466248c5d52d1e4d3752eb43504afde4c612bedbd4e4229906e1ba,8236,941,7295,0.11425449247207382,0.6769394261424017,0.187251542152159,0.32096674628078836,0.320209682435677,0.8105260397736503,False
3000,recurring,collective,33,5,0.05555286457529803,0.19989785179495811,data/phase_d/grid/3000_recurring_collective_33/scores_5.npy,31ae8f6ee476b088cb7c623ac116334704d315785d7dbbea1f1bedb6bf96f032,8236,941,7295,0.11425449247207382,0.6769394261424017,0.18738862234407128,0.3209937306870272,0.3202366377832047,0.8105357999998543,False
3000,recurring,collective,33,10,0.05572536397859182,0.20083345472812653,data/phase_d/grid/3000_recurring_collective_33/scores_10.npy,349c28c7d821356c343247bbc12461a43b40f3f50158213b76317946da758757,8236,941,7295,0.11425449247207382,0.6769394261424017,0.18738862234407128,0.3209646233653116,0.32020766982655624,0.8105344160871836,False
3000,recurring,collective,33,20,0.05610346602169453,0.19890312710776925,data/phase_d/grid/3000_recurring_collective_33/scores_20.npy,eadea2c15f8e1198026273e1bb98c8963ecb840a4193364e45f2bcfee31fe684,8236,941,7295,0.11425449247207382,0.6769394261424017,0.187251542152159,0.3210381510550848,0.32028228318399593,0.8105446861759508,False
3000,recurring,collective,33,30,0.05643222890327782,0.20028889225795865,data/phase_d/grid/3000_recurring_collective_33/scores_30.npy,6a5db83792cf39e6e604c84d0a91f78e7bd019914443a2b19fe2a0243cee5556,8236,941,7295,0.11425449247207382,0.6769394261424017,0.187251542152159,0.32119121434528636,0.3204352037838868,0.8105827073556414,False
3000,recurring,collective,44,,0.0,0.191596744582057,data/phase_d/grid/3000_recurring_collective_44/scores_no_update.npy,66cdbf30f8f74f5035dbc1f65ed31a9cb4d97783c4398b5119c1364409ab9b90,8236,941,7295,0.11425449247207382,0.7385759829968119,0.2026045236463331,0.3299885980998044,0.32898439145995517,0.8191287322850073,False
3000,recurring,collective,44,0,0.04703486662193032,0.20145878521725535,data/phase_d/grid/3000_recurring_collective_44/scores_0.npy,bdb2cb1fe067f2429a1c9c14f282db7708310d7e0dafb0888ce5c0dc70c81322,8236,941,7295,0.11425449247207382,0.722635494155154,0.1965729952021933,0.3296337573284918,0.32862182556060926,0.8180151196101154,False
3000,recurring,collective,44,5,0.04705072960775949,0.19965469697490335,data/phase_d/grid/3000_recurring_collective_44/scores_5.npy,ac6f55eba5757349ef52def527fe396e2164e77d2e24139ddf723e4a25d59756,8236,941,7295,0.11425449247207382,0.722635494155154,0.1965729952021933,0.32961370065939577,0.3286022163582494,0.8180156294726783,False
3000,recurring,collective,44,10,0.04721224031985175,0.20073175709694624,data/phase_d/grid/3000_recurring_collective_44/scores_10.npy,b60ab16d28d85893a1649b95271a9dd6399047ea12ee6dbc9583a6a1d9db0a65,8236,941,7295,0.11425449247207382,0.722635494155154,0.1965729952021933,0.32965243241935976,0.32864049754524066,0.8180198540481995,False
3000,recurring,collective,44,20,0.04762117693809179,0.20045849215239286,data/phase_d/grid/3000_recurring_collective_44/scores_20.npy,49960241c40def72cbd3dbee098687e8eec8140c1ddad12d0fb2b5e59068b3b0,8236,941,7295,0.11425449247207382,0.722635494155154,0.1965729952021933,0.32964330616959076,0.32863159718645957,0.8180299056244396,False
3000,recurring,collective,44,30,0.0479211695946649,0.199845673982054,data/phase_d/grid/3000_recurring_collective_44/scores_30.npy,e8e62aa87ac99dac59783071ff171e216e079c5c02c19e15d3fcf679344b0e81,8236,941,7295,0.11425449247207382,0.722635494155154,0.19671007539410554,0.3297322622536302,0.3287205384241702,0.8180575110403454,False
3000,recurring,collective,55,,0.0,0.19155274285003543,data/phase_d/grid/3000_recurring_collective_55/scores_no_update.npy,352dee906833caa38084dc96c8a6abbf418e14379d7a53ac89298d1a8d5bdf06,8236,941,7295,0.11425449247207382,0.7013815090329437,0.20068540095956133,0.32016756911837846,0.3191124962213651,0.8122869593909036,False
3000,recurring,collective,55,0,0.05921254562116192,0.2002546191215515,data/phase_d/grid/3000_recurring_collective_55/scores_0.npy,b9a825e77872fde1e15eb2f1668fcd57622cd56e74ad950d0602d636b150a8cf,8236,941,7295,0.11425449247207382,0.6865037194473964,0.19246058944482522,0.32255533916470663,0.3214970784416594,0.8131245179067375,False
3000,recurring,collective,55,5,0.059304727940327026,0.19987733708694577,data/phase_d/grid/3000_recurring_collective_55/scores_5.npy,e89109f32bc1da86f98d813c68ca248ea81c75a45214d742fd12e62a8708ce95,8236,941,7295,0.11425449247207382,0.6865037194473964,0.19246058944482522,0.3225707023091671,0.32151275975825044,0.8131278684321508,False
3000,recurring,collective,55,10,0.05950492164432204,0.20082273287698627,data/phase_d/grid/3000_recurring_collective_55/scores_10.npy,266af5167edfc8101820268d13e98fe2cd176f80928d18c16d8d0d6c8ee13eb8,8236,941,7295,0.11425449247207382,0.6865037194473964,0.19246058944482522,0.32259594117848345,0.321537346924635,0.8131326028702349,False
3000,recurring,collective,55,20,0.05991429226589783,0.2017137431539595,data/phase_d/grid/3000_recurring_collective_55/scores_20.npy,d9db93609c00b2c061a6c83f2555f3ee5f9bfbf655c6c9e3502c25bf7b7fa838,8236,941,7295,0.11425449247207382,0.6865037194473964,0.19232350925291294,0.32263398380708247,0.321575356529217,0.8131515406225714,False
3000,recurring,collective,55,30,0.06025019155900267,0.20036967378109694,data/phase_d/grid/3000_recurring_collective_55/scores_30.npy,f9aaef0ceda2beb3b84593cfcaed4cf10b0da4dff7cb635466e6e421263744f0,8236,941,7295,0.11425449247207382,0.6865037194473964,0.1921864290610007,0.3227206792910873,0.3216620110537197,0.8131849002016871,False
3000,recurring,dependency,11,,0.0,0.1926809400320053,data/phase_d/grid/3000_recurring_dependency_11/scores_no_update.npy,58f87cfbed0308de51f0cd9c7b493fc8438c880d9f476c1d5f877b6328e45e6f,8236,941,7295,0.11425449247207382,0.3942614240170032,0.20589444825222755,0.1821395092314762,0.18172537420954127,0.6487127791224391,False
3000,recurring,dependency,11,0,0.05063691281531976,0.199901657178998,data/phase_d/grid/3000_recurring_dependency_11/scores_0.npy,87d2e269631c32901d2b8354ecf4ec50bb78f496fc5beaa6777bdf5d9ce65464,8236,941,7295,0.11425449247207382,0.383634431455898,0.19794379712131596,0.1837719947198952,0.18335453413376834,0.6498201277715582,False
3000,recurring,dependency,11,5,0.050640800045183815,0.20017924066632986,data/phase_d/grid/3000_recurring_dependency_11/scores_5.npy,89d572844ca42e9b94057d3dad41e0af81fafcc7e89ff2f7e4eb2be1f3996470,8236,941,7295,0.11425449247207382,0.383634431455898,0.19794379712131596,0.18376893701171426,0.18335163450957487,0.6498247165346244,False
3000,recurring,dependency,11,10,0.05060529814695086,0.1999117680825293,data/phase_d/grid/3000_recurring_dependency_11/scores_10.npy,9ad745b18db8f23eb4e6ede7c057037a330791b5e2ae69dcd1b50d6f720e0bd7,8236,941,7295,0.11425449247207382,0.383634431455898,0.19794379712131596,0.18375949873052203,0.18334209529818452,0.6498224585718458,False
3000,recurring,dependency,11,20,0.05026522243644388,0.1995942140929401,data/phase_d/grid/3000_recurring_dependency_11/scores_20.npy,e97bb2a85ceaec019ff9902aafcac89a1e2999851bfe1e11dd1117f613f77556,8236,941,7295,0.11425449247207382,0.383634431455898,0.19794379712131596,0.18373756976021088,0.1833202747749851,0.6498188166963965,False
3000,recurring,dependency,11,30,0.04999187615632094,0.20057633006945252,data/phase_d/grid/3000_recurring_dependency_11/scores_30.npy,17ba2d285ef1b94c378427cb9a888527eb4f939f7bf5bdd2857b77d8086ed820,8236,941,7295,0.11425449247207382,0.383634431455898,0.19794379712131596,0.18373079543435808,0.18331355546218095,0.6498145192833663,False
3000,recurring,dependency,22,,0.0,0.19229064788669348,data/phase_d/grid/3000_recurring_dependency_22/scores_no_update.npy,120b574dc522720a36106beec001408a0a0a118815d10763c22912ab007e995a,8236,941,7295,0.11425449247207382,0.39107332624867164,0.2030157642220699,0.18513908088240866,0.18474364120107017,0.6484864729820186,False
3000,recurring,dependency,22,0,0.055929696200745185,0.20341422874480486,data/phase_d/grid/3000_recurring_dependency_22/scores_0.npy,301b08a8904bc8847657afad1e79526eedbf4231d885f7d73c35998e810c63fb,8236,941,7295,0.11425449247207382,0.3793836344314559,0.19588759424263194,0.1864975590302732,0.18609935087273033,0.6489714251168496,False
3000,recurring,dependency,22,5,0.055968317613048026,0.2107104673050344,data/phase_d/grid/3000_recurring_dependency_22/scores_5.npy,4c91752e7a24211f362057cd7e6fda0b0a70b490ec32acc7f2394cdb55faa201,8236,941,7295,0.11425449247207382,0.3793836344314559,0.19588759424263194,0.18650031713044235,0.18610209138645156,0.6489702597167059,False
3000,recurring,dependency,22,10,0.05584266506089956,0.20084274606779218,data/phase_d/grid/3000_recurring_dependency_22/scores_10.npy,00bf816ff77aba06a2fa1378dc73ea4c3305706b652cdf5a8f64d6a88b351393,8236,941,7295,0.11425449247207382,0.3793836344314559,0.19575051405071967,0.18649603705769413,0.186097981040745,0.6489782718426944,False
3000,recurring,dependency,22,20,0.055863078352748126,0.20039384765550494,data/phase_d/grid/3000_recurring_dependency_22/scores_20.npy,dbfd9ad9c028de42d67a352202e93d2a1076aa42e5c6500019a4af5fad7ec546,8236,941,7295,0.11425449247207382,0.3793836344314559,0.19575051405071967,0.18645590850108457,0.18605733653872342,0.6489831519557964,False
3000,recurring,dependency,22,30,0.05554797730488569,0.20088556222617626,data/phase_d/grid/3000_recurring_dependency_22/scores_30.npy,819670edd411febc0422f4f84d02c02e69be51bc4824435678ad0ca4c4dc49c1,8236,941,7295,0.11425449247207382,0.3793836344314559,0.19575051405071967,0.18644142235271885,0.1860428554388779,0.6489915282693298,False
3000,recurring,dependency,33,,0.0,0.19207483902573586,data/phase_d/grid/3000_recurring_dependency_33/scores_no_update.npy,bd6260c413ef449519461099552c89ea6b0bd30d153c4aba25e8c0800cff7449,8236,941,7295,0.11425449247207382,0.39744952178533477,0.2034270047978067,0.1881747488444051,0.18779548004769783,0.6538637020829343,False
3000,recurring,dependency,33,0,0.055435779460420574,0.19999216636642814,data/phase_d/grid/3000_recurring_dependency_33/scores_0.npy,225cdb13fc81d7fceb4b2c7353fd0254f75ff4674cd13e18e35df806df9d44d7,8236,941,7295,0.11425449247207382,0.39107332624867164,0.1952021932830706,0.18993614174875795,0.18954894210384898,0.6547943469352526,False
3000,recurring,dependency,33,5,0.055527612740098015,0.1993311233818531,data/phase_d/grid/3000_recurring_dependency_33/scores_5.npy,0c843ecae3e3ba2fe75c6da18f5d02791f2dab974b42ed6172d367cb6d4ae9ac,8236,941,7295,0.11425449247207382,0.39107332624867164,0.1952021932830706,0.1899356304771349,0.18954840643901433,0.6547886656095515,False
3000,recurring,dependency,33,10,0.05539337609256914,0.19976283702999353,data/phase_d/grid/3000_recurring_dependency_33/scores_10.npy,9af86266d8d69ec1ea677efbd6d042437812f294e2416fbc67f7aad24927965c,8236,941,7295,0.11425449247207382,0.39107332624867164,0.1952021932830706,0.18992733053891542,0.1895401904572484,0.6547948567978155,False
3000,recurring,dependency,33,20,0.055261586147417,0.19989090086892247,data/phase_d/grid/3000_recurring_dependency_33/scores_20.npy,ff5908a4836cba5715d2c64e5284084eac70c3187880e52c75a43b56e70def22,8236,941,7295,0.11425449247207382,0.39107332624867164,0.19533927347498287,0.18992704064740945,0.18953990627474493,0.6547963135479952,False
3000,recurring,dependency,33,30,0.05510784632945922,0.1999928536824882,data/phase_d/grid/3000_recurring_dependency_33/scores_30.npy,3e4f3ee525994124fd1db8477db21dc51e8ee030bd67b09e74419cc93ec44b8b,8236,941,7295,0.11425449247207382,0.3931987247608927,0.19533927347498287,0.18990823092106024,0.18952118259572928,0.6548066564742713,False
3000,recurring,dependency,44,,0.0,0.19266487192362547,data/phase_d/grid/3000_recurring_dependency_44/scores_no_update.npy,aebe317d5cb4036400a7be79bf92a84322c7ea359e879c8177515aaf9cb904bd,8236,941,7295,0.11425449247207382,0.4165781083953241,0.21069225496915694,0.18334108574410707,0.1829394297786623,0.651414030980706,False
3000,recurring,dependency,44,0,0.04703486663461997,0.2010022969916463,data/phase_d/grid/3000_recurring_dependency_44/scores_0.npy,2901f811fb4d1d6c7b4de698b7b96c562d4c42d15dff87241acc7ab6b4f07cb4,8236,941,7295,0.11425449247207382,0.4059511158342189,0.20466072652501713,0.18485606829999912,0.1844512703261488,0.6515288957323775,False
3000,recurring,dependency,44,5,0.04706526264284644,0.20020918920636177,data/phase_d/grid/3000_recurring_dependency_44/scores_5.npy,72c77ed849d36c478f99a500aa10ee4fcb22cb043cbb0dc1ff2aa639fd9de802,8236,941,7295,0.11425449247207382,0.4059511158342189,0.20466072652501713,0.18485717090591264,0.1844523805606559,0.6515286043823416,False
3000,recurring,dependency,44,10,0.04682232802710195,0.20100874500349164,data/phase_d/grid/3000_recurring_dependency_44/scores_10.npy,f679b513627d6739c4b2553eddebb6b04e8a9a8ac83f29f4de6fdc6a89c63a19,8236,941,7295,0.11425449247207382,0.4059511158342189,0.20466072652501713,0.18481652892191003,0.18441193710311227,0.6515299154575034,False
3000,recurring,dependency,44,20,0.046774147641449285,0.20091511216014624,data/phase_d/grid/3000_recurring_dependency_44/scores_20.npy,bbd06f44e8aeea988efff307efb34aaa4539190d43ca4d4b573897b8dec89beb,8236,941,7295,0.11425449247207382,0.4059511158342189,0.2047978067169294,0.18478508749186193,0.18438069102679222,0.651537053533384,False
3000,recurring,dependency,44,30,0.0466110495595469,0.19967013131827116,data/phase_d/grid/3000_recurring_dependency_44/scores_30.npy,b4161fea292e6f99194cd2f8832ed69a67afcb81d6ae8e39ce53a4008d9f3f5c,8236,941,7295,0.11425449247207382,0.40488841657810837,0.20493488690884168,0.18477004274231612,0.1843658180605612,0.651536907858366,False
3000,recurring,dependency,55,,0.0,0.19238232588395476,data/phase_d/grid/3000_recurring_dependency_55/scores_no_update.npy,a810543e6406c469e8c1b081e622cfbbaf51f42c796b46c4d6f519fabff8a001,8236,941,7295,0.11425449247207382,0.3995749202975558,0.20945853324194655,0.18285469635006274,0.1824646937887352,0.6494543378014289,False
3000,recurring,dependency,55,0,0.059212545580842366,0.19938448211178184,data/phase_d/grid/3000_recurring_dependency_55/scores_0.npy,75095b34310ca177d8c12a866187df0efef36b4def858e5525ffa32b1393b23c,8236,941,7295,0.11425449247207382,0.38257173219978746,0.20054832076764909,0.18468526640426813,0.18428951093738863,0.6505873980912202,False
3000,recurring,dependency,55,5,0.05923815360762659,0.20076648611575365,data/phase_d/grid/3000_recurring_dependency_55/scores_5.npy,72c6f4057282e4f92d02a4d170ba852009f6d180f02c679e4c5a13f3c11db707,8236,941,7295,0.11425449247207382,0.38257173219978746,0.20054832076764909,0.1846862194723653,0.18429046143094258,0.6505872524162023,False
3000,recurring,dependency,55,10,0.05913762398703869,0.200566325802356,data/phase_d/grid/3000_recurring_dependency_55/scores_10.npy,edba811a683f9e81e9b165b9924f33998ecfd294c0ecb61dcd017f25041318ec,8236,941,7295,0.11425449247207382,0.38257173219978746,0.20068540095956133,0.1846812776045897,0.1842855681619807,0.6505894375414718,False
3000,recurring,dependency,55,20,0.05901084350982837,0.2004687893204391,data/phase_d/grid/3000_recurring_dependency_55/scores_20.npy,47057d72c0d5d366af62ca68c3c1bbed5e485fccc03478f7c7b5b56e019f9049,8236,941,7295,0.11425449247207382,0.38257173219978746,0.20068540095956133,0.18465643010876992,0.18426079043546018,0.6505981052050412,False
3000,recurring,dependency,55,30,0.05856021904645634,0.20027834130451083,data/phase_d/grid/3000_recurring_dependency_55/scores_30.npy,049c219a9633f4fac68b35135f704a0c887898088038af2b6baaa027bee97503,8236,941,7295,0.11425449247207382,0.38257173219978746,0.2004112405757368,0.18464084090389954,0.18424536778409284,0.6505911856416876,False
3000,recurring,mixture,11,,0.0,0.19238814758136868,data/phase_d/grid/3000_recurring_mixture_11/scores_no_update.npy,2f8b1074f06fc3612ace84ab1dbad987df6a3401f4056ced1570514ac06b45d6,8236,1922,6314,0.23336571151044197,0.5343392299687825,0.20509977827050999,0.411147517983383,0.41081597015023724,0.7221603331315014,False
3000,recurring,mixture,11,0,0.05063691281139077,0.20090255001559854,data/phase_d/grid/3000_recurring_mixture_11/scores_0.npy,47a0019d820c6943d42cc61b2ceeb58e86952a3b96cb7dae2cb8f30f18b1626c,8236,1922,6314,0.23336571151044197,0.5244536940686785,0.1974976243268926,0.4146374591037889,0.4143059891464875,0.7237321255937534,False
3000,recurring,mixture,11,5,0.05070205529423988,0.20007613115012646,data/phase_d/grid/3000_recurring_mixture_11/scores_5.npy,a945eb793ab41f7a2e0c80356da08e8145502a4dc924ec8ad62b36035470d3cc,8236,1922,6314,0.23336571151044197,0.5244536940686785,0.1974976243268926,0.4146544531496507,0.4143229792573234,0.7237343504697125,False
3000,recurring,mixture,11,10,0.050788323411362614,0.20249116513878107,data/phase_d/grid/3000_recurring_mixture_11/scores_10.npy,044894e704d383e921b49f67256f6e54a99ba305f9b2c1771303764744200370,8236,1922,6314,0.23336571151044197,0.5239334027055151,0.1974976243268926,0.4146513039844624,0.4143198255789045,0.7237311367599939,False
3000,recurring,mixture,11,20,0.05076209243161204,0.19996870588511229,data/phase_d/grid/3000_recurring_mixture_11/scores_20.npy,53be810f34b575803be0a8616dde97e1669bc4d566d15cdc2534da25e73c565c,8236,1922,6314,0.23336571151044197,0.5239334027055151,0.1974976243268926,0.4146617290579404,0.41432947456525765,0.7237407366877431,False
3000,recurring,mixture,11,30,0.05078022547142108,0.2005198923870921,data/phase_d/grid/3000_recurring_mixture_11/scores_30.npy,30233d1e46295dda59090cd6887ccef6518e558b61984ec044fe7980fe366eb8,8236,1922,6314,0.23336571151044197,0.5244536940686785,0.19765600253405133,0.4147073427325989,0.41437591393592604,0.7237668171781519,False
3000,recurring,mixture,22,,0.0,0.190962094347924,data/phase_d/grid/3000_recurring_mixture_22/scores_no_update.npy,0a38dd10715a87750f660177ebd54716a16d06215a7b3158f2fe1599d1a0ab18,8236,1922,6314,0.23336571151044197,0.5327783558792925,0.2016154577130187,0.42205347592035836,0.4217382919802716,0.7254219188846482,False
3000,recurring,mixture,22,0,0.05592969619769617,0.2007181802764535,data/phase_d/grid/3000_recurring_mixture_22/scores_0.npy,a5589a8fbd7e87e260835d7325a9e69d40be8f8aaac44b09ab83595c9c5b876a,8236,1922,6314,0.23336571151044197,0.5192507804370448,0.19448843839087743,0.42432844326167873,0.42401388797235,0.7264577634492104,False
3000,recurring,mixture,22,5,0.056009653840315025,0.19907270185649395,data/phase_d/grid/3000_recurring_mixture_22/scores_5.npy,313b1411399659d22870fe610a9a0aacf8b4a8a56d0dc48092bac470c6aa8789,8236,1922,6314,0.23336571151044197,0.5192507804370448,0.19448843839087743,0.4243437309159247,0.4240292216514596,0.7264637376531744,False
3000,recurring,mixture,22,10,0.05620431248534755,0.20233538700267673,data/phase_d/grid/3000_recurring_mixture_22/scores_10.npy,20ff9a0815c3b9cb0a2bafb33e57ede453c67a494d368d6a86acb29db6ab6289,8236,1922,6314,0.23336571151044197,0.5192507804370448,0.19448843839087743,0.4243551146909652,0.4240408328787355,0.7264559505873177,False
3000,recurring,mixture,22,20,0.056199767265802406,0.20021334616467357,data/phase_d/grid/3000_recurring_mixture_22/scores_20.npy,a4a198be3e743d2ec99e4fe87facc275a13606f8d7abfbb9d5806f5bb013d815,8236,1922,6314,0.23336571151044197,0.5192507804370448,0.19448843839087743,0.42437057974776354,0.4240562921974157,0.726464726486934,False
3000,recurring,mixture,22,30,0.05604441699117352,0.19872534042224288,data/phase_d/grid/3000_recurring_mixture_22/scores_30.npy,ad51c5bc0515081a789dc8e54607c284bc3397adb3c435562580bb2a9185cb49,8236,1922,6314,0.23336571151044197,0.5197710718002081,0.19448843839087743,0.4244080454038842,0.42409379027817723,0.7264784465553482,False
3000,recurring,mixture,33,,0.0,0.1909348601475358,data/phase_d/grid/3000_recurring_mixture_33/scores_no_update.npy,e895b707b868b8da3f09ff7806769ad83d683e659916bac98199fecb7503adc0,8236,1922,6314,0.23336571151044197,0.5385015608740895,0.20288248337028825,0.42328795747664977,0.42299279191165456,0.7284532711774405,False
3000,recurring,mixture,33,0,0.05543577946362492,0.2000272641889751,data/phase_d/grid/3000_recurring_mixture_33/scores_0.npy,ec0b664dee7816d4cd5b819f574fcf021f07f520007c10cacdf337c07951ac78,8236,1922,6314,0.23336571151044197,0.5280957336108221,0.19464681659803612,0.4272246971260557,0.42692755197209586,0.7296179525405941,False
3000,recurring,mixture,33,5,0.05556130713030609,0.20074709132313728,data/phase_d/grid/3000_recurring_mixture_33/scores_5.npy,2abb4f33b18256a564c084deabe49e1a15ef91d8a7641a614a313601daf691b3,8236,1922,6314,0.23336571151044197,0.5280957336108221,0.19480519480519481,0.42723839173342565,0.4269411281502631,0.7296227319037654,False
3000,recurring,mixture,33,10,0.05565056878732026,0.20051051396876574,data/phase_d/grid/3000_recurring_mixture_33/scores_10.npy,62f2f24e61bf3755395b784f86f752691b07fa9e84c27388484c44bdea057667,8236,1922,6314,0.23336571151044197,0.5286160249739854,0.19464681659803612,0.42723170392472,0.4269345944090054,0.7296187353673204,False
3000,recurring,mixture,33,20,0.0557305148447788,0.2000539847649634,data/phase_d/grid/3000_recurring_mixture_33/scores_20.npy,51e405356bf9214fcfbaa67878893c025362dbd55080a24572bc50fbf9e4f927,8236,1922,6314,0.23336571151044197,0.5286160249739854,0.19480519480519481,0.42724046822348816,0.4269431431433412,0.7296243387586246,False
3000,recurring,mixture,33,30,0.055779596497970894,0.20042416220530868,data/phase_d/grid/3000_recurring_mixture_33/scores_30.npy,70da4e24e35fee0304e6791e2ca491172a302e8d114b1226f217ba335d525b6f,8236,1922,6314,0.23336571151044197,0.5291363163371487,0.19480519480519481,0.42730697009900087,0.4270103434152608,0.7296292005246092,False
3000,recurring,mixture,44,,0.0,0.19143835036084056,data/phase_d/grid/3000_recurring_mixture_44/scores_no_update.npy,9e96d6b2e3f42405bd30e9e40ecb809c953ca940f2676fd0e831b6977e6bd610,8236,1922,6314,0.23336571151044197,0.5712799167533819,0.21000950269242952,0.42909451377258423,0.4287668699700264,0.7322584270885075,False
3000,recurring,mixture,44,0,0.04703486663711258,0.19931574072688818,data/phase_d/grid/3000_recurring_mixture_44/scores_0.npy,64987d58de36697a66665c5aec884ca7a4f215a15307b953ad98745fe8c669f3,8236,1922,6314,0.23336571151044197,0.5582726326742976,0.2038327526132404,0.43002379907263644,0.4296993824036581,0.7318340938014297,False
3000,recurring,mixture,44,5,0.04705179158002259,0.20063251396641135,data/phase_d/grid/3000_recurring_mixture_44/scores_5.npy,23a47deec0790759fc43b61779182048edb0d92714b15a665520de91d02f4bac,8236,1922,6314,0.23336571151044197,0.5582726326742976,0.2038327526132404,0.430018145942146,0.42969354931607756,0.7318372251083349,False
3000,recurring,mixture,44,10,0.04722401896181668,0.20047748927026987,data/phase_d/grid/3000_recurring_mixture_44/scores_10.npy,3771988b012b18799ffc442cfe214d1c333e94b9c6c23c2e302ee0a41cb84caf,8236,1922,6314,0.23336571151044197,0.5582726326742976,0.2039911308203991,0.43003582308685045,0.42971140043112943,0.7318361538717622,False
3000,recurring,mixture,44,20,0.04747674731469627,0.20102537889033556,data/phase_d/grid/3000_recurring_mixture_44/scores_20.npy,337f7c4ccb1f4f5661c6a5f5c69395ced7e49cdc9c360b1f4eab9c9836fec905,8236,1922,6314,0.23336571151044197,0.5582726326742976,0.2038327526132404,0.43004270876748896,0.4297185626447276,0.7318432817151124,False
3000,recurring,mixture,44,30,0.04752451002072267,0.200237728189677,data/phase_d/grid/3000_recurring_mixture_44/scores_30.npy,24a3a4c58ba0c15044ed7a899efd2c4eef54341aa6a8c2cc3c1bd79d11e42dec,8236,1922,6314,0.23336571151044197,0.5577523413111343,0.2041495090275578,0.43009684886855687,0.4297723956418069,0.7318681261633218,False
3000,recurring,mixture,55,,0.0,0.19291505822911859,data/phase_d/grid/3000_recurring_mixture_55/scores_no_update.npy,f79321e6e74895bc45d2a3e27da0cf5d91b0d9e5a292c3fa6547b907cc7ae0fb,8236,1922,6314,0.23336571151044197,0.5442247658688866,0.2082673424136839,0.42173243344834377,0.42141274133647394,0.7275912965489372,False
3000,recurring,mixture,55,0,0.059212545582762344,0.19923749892041087,data/phase_d/grid/3000_recurring_mixture_55/scores_0.npy,51a1298e670db03495dcdfb55e6cfd14407bdb0c69ad569db27b84a3e53beeb5,8236,1922,6314,0.23336571151044197,0.5286160249739854,0.19971491922711435,0.4247188081104047,0.42439917326659393,0.7286713914242403,False
3000,recurring,mixture,55,5,0.059301833135534956,0.19950567558407784,data/phase_d/grid/3000_recurring_mixture_55/scores_5.npy,20ff4873dcbc02d2f08d1763a9e05a9dd9e3f60ac072297460e637a903929385,8236,1922,6314,0.23336571151044197,0.5286160249739854,0.19971491922711435,0.42472760923337616,0.4244078726013987,0.7286709382087672,False
3000,recurring,mixture,55,10,0.0592737909200761,0.20034788688644767,data/phase_d/grid/3000_recurring_mixture_55/scores_10.npy,31ede449392afa0ea477c0d524a3e78fa170d374197a4e8a4abefc1e03ada12e,8236,1922,6314,0.23336571151044197,0.5286160249739854,0.19955654101995565,0.42472518346179766,0.42440549563933827,0.7286693313539078,False
3000,recurring,mixture,55,20,0.05942257104648361,0.20000772597268224,data/phase_d/grid/3000_recurring_mixture_55/scores_20.npy,24f25c9d9fe7d4e45f766f1e45111f22e887a9c9909ef253267b21e760a3bf1b,8236,1922,6314,0.23336571151044197,0.5280957336108221,0.19939816281279696,0.4247313026454823,0.4244114944388661,0.728680702942143,False
3000,recurring,mixture,55,30,0.059368913234127046,0.19944340270012617,data/phase_d/grid/3000_recurring_mixture_55/scores_30.npy,4fecf5784231072a5a40e6da012d658ef81e158a35b04b5dea06b195ef3cd84a,8236,1922,6314,0.23336571151044197,0.5286160249739854,0.19939816281279696,0.4247715293437637,0.4244515684360243,0.7286968538935494,False
3000,recurring,spike,11,,0.0,0.19074353482574224,data/phase_d/grid/3000_recurring_spike_11/scores_no_update.npy,adb4f9124d7ba89a25e35c9cdab85869ccda7028fb9d9834755b61f796405586,8236,40,8196,0.0048567265662943174,0.275,0.2000976085895559,0.010659342593755769,0.00930513473172459,0.5896077354807223,False
3000,recurring,spike,11,0,0.050636912723830405,0.20041992608457804,data/phase_d/grid/3000_recurring_spike_11/scores_0.npy,18c907c36f6fcedba2dfd716b4a289b0d9785541e190bedaad3656b203527a50,8236,40,8196,0.0048567265662943174,0.275,0.19192288921425085,0.010592544114824073,0.00926096933234446,0.587210224499756,False
3000,recurring,spike,11,5,0.05070010073756597,0.19974561920389533,data/phase_d/grid/3000_recurring_spike_11/scores_5.npy,4d0ff897480833fed58d18d22e0a34da3cdd301a69d1bc88fa039036fbc7bef5,8236,40,8196,0.0048567265662943174,0.275,0.19192288921425085,0.010613423252378048,0.009278640909192875,0.5872071742313324,False
3000,recurring,spike,11,10,0.05087743101774863,0.19982987502589822,data/phase_d/grid/3000_recurring_spike_11/scores_10.npy,7023e04c0dca7138cfd316ad4723e8fa15522bcb8ce7fd9fefee191ef3af115a,8236,40,8196,0.0048567265662943174,0.275,0.19192288921425085,0.010593083723782475,0.009261482390760458,0.5872193753050269,False
3000,recurring,spike,11,20,0.05114059119674069,0.2007324700243771,data/phase_d/grid/3000_recurring_spike_11/scores_20.npy,d0e83e4ae4f253ec5791560bfa53de42812efa902f112c3aa9cd04677de65100,8236,40,8196,0.0048567265662943174,0.275,0.19192288921425085,0.010613227359054882,0.00927844849111091,0.5871980234260615,False
3000,recurring,spike,11,30,0.051155815547956326,0.19944435311481357,data/phase_d/grid/3000_recurring_spike_11/scores_30.npy,ae5f5694dea7fedbebb8d865bfc9de7bc7e2ef2a02c4daf7906644bfe1229716,8236,40,8196,0.0048567265662943174,0.275,0.19192288921425085,0.010592763111334974,0.009261161768123157,0.587185822352367,False
3000,recurring,spike,22,,0.0,0.19008141895756125,data/phase_d/grid/3000_recurring_spike_22/scores_no_update.npy,5049acf867f8d4088acbef4048415c73052a07149717493f234b2d22da5f8ee2,8236,40,8196,0.0048567265662943174,0.25,0.1963152757442655,0.009370480759349414,0.008433571146353392,0.5760919960956564,False
3000,recurring,spike,22,0,0.05592969617330408,0.20041923690587282,data/phase_d/grid/3000_recurring_spike_22/scores_0.npy,47520f785a554913ab7475e6e775519dcac53f057d4b7c759e59246ae4c9cc94,8236,40,8196,0.0048567265662943174,0.25,0.18899463152757442,0.009434432338307177,0.008459937589935898,0.5735267203513909,False
3000,recurring,spike,22,5,0.05600772823713037,0.19924862403422594,data/phase_d/grid/3000_recurring_spike_22/scores_5.npy,f13d9795ee9792492b539afd26a2170e154e4a8b46aaca86e62724126003ea47,8236,40,8196,0.0048567265662943174,0.25,0.18899463152757442,0.009434340078716484,0.00845988188184845,0.5735221449487555,False
3000,recurring,spike,22,10,0.05623493555486295,0.19960396876558661,data/phase_d/grid/3000_recurring_spike_22/scores_10.npy,13aba7f67d8a34781401abccc353272fbbb0cfeb0da9d179b35175b05ed9a70c,8236,40,8196,0.0048567265662943174,0.25,0.18899463152757442,0.009434977102477846,0.008460429995608653,0.5735114690092727,False
3000,recurring,spike,22,20,0.05631110062966959,0.20152248907834291,data/phase_d/grid/3000_recurring_spike_22/scores_20.npy,2cda3372690e6085cc259f1ad1e8b755bd6874508db159ef2b0db1e506f208f6,8236,40,8196,0.0048567265662943174,0.25,0.18899463152757442,0.009432136772699426,0.008457854853871242,0.5735084187408491,False
3000,recurring,spike,22,30,0.056208819619526236,0.19927113503217697,data/phase_d/grid/3000_recurring_spike_22/scores_30.npy,5ae936b945ba19ea38af7ca417ed5c8b24f73bc96cfacae5b55ce103e53480e5,8236,40,8196,0.0048567265662943174,0.25,0.18899463152757442,0.009435651204402314,0.008461043973160307,0.5735206198145437,False
3000,recurring,spike,33,,0.0,0.19205961795523763,data/phase_d/grid/3000_recurring_spike_33/scores_no_update.npy,ca3a565f034644f6f4b2cc3d74c0bc1af9b595db44e2fce272105588c188afd4,8236,40,8196,0.0048567265662943174,0.25,0.19619326500732065,0.013376592734205217,0.011234240214252489,0.5790202537823328,False
3000,recurring,spike,33,0,0.055435779461061443,0.2018516887910664,data/phase_d/grid/3000_recurring_spike_33/scores_0.npy,f3ab760fd656f5b1a841d409d3bfd5f8f4095b64e3dea92b74f1236e81c0c5b0,8236,40,8196,0.0048567265662943174,0.25,0.18801854563201562,0.0130059592362038,0.010941943643240705,0.5761133479746218,False
3000,recurring,spike,33,5,0.0555528645773445,0.20034190686419606,data/phase_d/grid/3000_recurring_spike_33/scores_5.npy,bd9a0484463e0c2a536b122777313836b73384c7bbe2b28d994596f3ea59e1d1,8236,40,8196,0.0048567265662943174,0.25,0.18814055636896046,0.01300567509900839,0.010941665409798523,0.5760858955588092,False
3000,recurring,spike,33,10,0.05572599988106754,0.1996493279002607,data/phase_d/grid/3000_recurring_spike_33/scores_10.npy,a5e1876d60e0519e56dff8a1ed92d9eacbbed55854ada4c965b2bf797d17c32d,8236,40,8196,0.0048567265662943174,0.25,0.18814055636896046,0.01300729053316383,0.010943152236118983,0.5760797950219619,False
3000,recurring,spike,33,20,0.05583711139848442,0.2006950918585062,data/phase_d/grid/3000_recurring_spike_33/scores_20.npy,4e684477e37a59801bd71f976f8e07c43669359d1416194ad4e3e8577d5a247e,8236,40,8196,0.0048567265662943174,0.25,0.18801854563201562,0.013007715953205533,0.0109435522989575,0.57609504636408,False
3000,recurring,spike,33,30,0.05573372936401549,0.20301711838692427,data/phase_d/grid/3000_recurring_spike_33/scores_30.npy,eb5b28c82385edd490ec14852db98ccf2e17529b2adfd450cb204318f4cc3628,8236,40,8196,0.0048567265662943174,0.25,0.18801854563201562,0.013007954946162673,0.010943789224944697,0.5761255490483163,False
3000,recurring,spike,44,,0.0,0.19126738887280226,data/phase_d/grid/3000_recurring_spike_44/scores_no_update.npy,c89cd32187cffef61fbaf7cf24e0ddea1853338ab1910d6fd7cd38d5541287fc,8236,40,8196,0.0048567265662943174,0.275,0.20363591996095656,0.01152937839835053,0.009946539222571235,0.5740330649097121,False
3000,recurring,spike,44,0,0.04703486663461997,0.20027102623134851,data/phase_d/grid/3000_recurring_spike_44/scores_0.npy,45f8dc784bf8454c6ed57b8a768959ba0eddf3d14fa42bdbeb00047a737ee2b5,8236,40,8196,0.0048567265662943174,0.275,0.19765739385065886,0.011535280624072853,0.009997888103531773,0.5723371156661786,False
3000,recurring,spike,44,5,0.04705072959326192,0.19901257287710905,data/phase_d/grid/3000_recurring_spike_44/scores_5.npy,97c644ba51e620e018e01ee1f3cbd7a920c1088cba452b653cb36c0b251bc588,8236,40,8196,0.0048567265662943174,0.275,0.19765739385065886,0.011534864890177896,0.009997520168568454,0.5723447413372377,False
3000,recurring,spike,44,10,0.047228549353964,0.20154531905427575,data/phase_d/grid/3000_recurring_spike_44/scores_10.npy,8af8ee16237cf62cb8bb4b44157380c1d3edcbf45739ada97923eaefb5b6893c,8236,40,8196,0.0048567265662943174,0.275,0.19765739385065886,0.01153503611298163,0.00999765279917176,0.5723279648609078,False
3000,recurring,spike,44,20,0.04735300206274441,0.20020827278494835,data/phase_d/grid/3000_recurring_spike_44/scores_20.npy,d89626796cea98f6baf857a43ed5ba5560b866d3bbe02def93b685b12ececf33,8236,40,8196,0.0048567265662943174,0.275,0.19765739385065886,0.011468568128818538,0.009946454202625432,0.5722974621766715,False
3000,recurring,spike,44,30,0.04730063265400135,0.20019240071997046,data/phase_d/grid/3000_recurring_spike_44/scores_30.npy,94bce482c6a69b9c4eea3d73624c3306baeafc909302dbaab2995f58703d8563,8236,40,8196,0.0048567265662943174,0.275,0.1977794045876037,0.011468157265321657,0.009946065935505777,0.5723005124450952,False
3000,recurring,spike,55,,0.0,0.19280348997563124,data/phase_d/grid/3000_recurring_spike_55/scores_no_update.npy,0d95f4c3148dbe97e1e897a2b8a2f6770ef83ff1e226666b276ecbf146b47a73,8236,40,8196,0.0048567265662943174,0.25,0.20168374816983894,0.009457555425191042,0.008472377275358992,0.5734931673987311,False
3000,recurring,spike,55,0,0.05921254560196213,0.19989430299028754,data/phase_d/grid/3000_recurring_spike_55/scores_0.npy,552eea9d42751ce54f9bb35768921405880cd54677a95ab60496a4f3b819460d,8236,40,8196,0.0048567265662943174,0.25,0.19326500732064422,0.009544994830350583,0.008536260449939012,0.5698084431429966,False
3000,recurring,spike,55,5,0.059304727944161015,0.19948692480102181,data/phase_d/grid/3000_recurring_spike_55/scores_5.npy,6613c611072544bb2636a8b64b912cedf468b46500766653b5d165bdf3855ee9,8236,40,8196,0.0048567265662943174,0.25,0.19326500732064422,0.009558626007268723,0.008546480247471816,0.5697748901903367,False
3000,recurring,spike,55,10,0.0594604400560182,0.2017078148201108,data/phase_d/grid/3000_recurring_spike_55/scores_10.npy,b1cd4f262379d28a1f6201a2a71f1b9ef6b6e3c75167f2968d6c8b52c8adae3c,8236,40,8196,0.0048567265662943174,0.25,0.19326500732064422,0.009559727168018999,0.008547505775110185,0.5697779404587604,False
3000,recurring,spike,55,20,0.05956776013792134,0.20039331214502454,data/phase_d/grid/3000_recurring_spike_55/scores_20.npy,8a4689ea43b5fb6d1562c00511bf2253701911eb0ed1bf11b7843644a281341f,8236,40,8196,0.0048567265662943174,0.25,0.19326500732064422,0.00955659757596024,0.008544738101673593,0.5697626891166423,False
3000,recurring,spike,55,30,0.05958097421906935,0.19994556717574596,data/phase_d/grid/3000_recurring_spike_55/scores_30.npy,07e4b4c6631e48c3645d08db60ecf383a10e09ac31d5fbb73de44770d54872ea,8236,40,8196,0.0048567265662943174,0.25,0.19326500732064422,0.009541434372246808,0.008533056036604928,0.569756588579795,False
3001,abrupt,spike,11,,0.0,0.19351350236684084,data/phase_d/grid/3001_abrupt_spike_11/scores_no_update.npy,33f8b341660ae6e59554d4bcc9a5db64559d0f77160c2703e909efe76a5d7e88,8236,40,8196,0.0048567265662943174,1.0,0.9210590531966814,0.011137174567535128,0.010514565020192875,0.6849560761346999,False
3001,abrupt,spike,11,0,0.050972854488380244,0.20093873096629977,data/phase_d/grid/3001_abrupt_spike_11/scores_0.npy,bbbafc07ba3d2449cd9c817a04c8aed1568ae0825ca24eefd276351e60c19f1d,8236,40,8196,0.0048567265662943174,1.0,0.9071498291849682,0.011148908445726866,0.010527686457606347,0.6869067227916057,False
3001,abrupt,spike,11,5,0.05102368847937097,0.19979738211259246,data/phase_d/grid/3001_abrupt_spike_11/scores_5.npy,ad7c617a2eb87feca42e373c8eac41e230bb2005dce8ce03316d1f3d50cadcd4,8236,40,8196,0.0048567265662943174,1.0,0.9071498291849682,0.011151582349920445,0.01052996752386904,0.686944851146901,False
3001,abrupt,spike,11,10,0.05107528119471274,0.20130794774740934,data/phase_d/grid/3001_abrupt_spike_11/scores_10.npy,50ebe521a214a8c03490f89dfbbc51e0bfeabac71714456e0d533efb7c1a893d,8236,40,8196,0.0048567265662943174,1.0,0.9071498291849682,0.011145680998647264,0.010524688368379088,0.6868838457784284,False
3001,abrupt,spike,11,20,0.05133466468033082,0.19973189290612936,data/phase_d/grid/3001_abrupt_spike_11/scores_20.npy,a3537d4333614270b5e44208c752493c716238bb0ab694824fd4c1eb4e63ac49,8236,40,8196,0.0048567265662943174,1.0,0.9070278184480234,0.011150872949075371,0.010529354348899872,0.6869601024890192,False
3001,abrupt,spike,11,30,0.05126554849159335,0.20005698315799236,data/phase_d/grid/3001_abrupt_spike_11/scores_30.npy,4281be5425158fdc9582b37c75f3ced6a7b29fc5ec7c324c26dda967d8b99371,8236,40,8196,0.0048567265662943174,1.0,0.9069058077110785,0.011145563209997069,0.010524595491080225,0.6868929965836994,False
3001,abrupt,spike,22,,0.0,0.19383967807516456,data/phase_d/grid/3001_abrupt_spike_22/scores_no_update.npy,40a76fec4f262608ef382bda8b982e2a28cd6715445e593eb62e30c5a72942b5,8236,40,8196,0.0048567265662943174,1.0,0.9217911176183504,0.01066334138382024,0.010117983234098899,0.6748352855051245,False
3001,abrupt,spike,22,0,0.05198684328544734,0.20051747979596257,data/phase_d/grid/3001_abrupt_spike_22/scores_0.npy,7adaeba9347080d0a98a2ffea49c61f88e0b4f31f459bf195cd8ba1ee7fd5b9b,8236,40,8196,0.0048567265662943174,1.0,0.9071498291849682,0.010780437313701256,0.010228666302646312,0.6780594192288921,False
3001,abrupt,spike,22,5,0.052072168242514906,0.19959734799340367,data/phase_d/grid/3001_abrupt_spike_22/scores_5.npy,f6d74ae8b2c687a61044320619cbe5cae926dad1153db058140131510b4c1084,8236,40,8196,0.0048567265662943174,1.0,0.9070278184480234,0.010781162795193226,0.010229184922446762,0.6780960224499756,False
3001,abrupt,spike,22,10,0.052294686527200075,0.20177796529605985,data/phase_d/grid/3001_abrupt_spike_22/scores_10.npy,a54d34b6b41a4fedffe1f62cd46ace3ac2648dddf3831429a00f2e788232defd,8236,40,8196,0.0048567265662943174,1.0,0.9070278184480234,0.010779955071049025,0.010228186543909569,0.6780868716447047,False
3001,abrupt,spike,22,20,0.05237646355926828,0.2002826789394021,data/phase_d/grid/3001_abrupt_spike_22/scores_20.npy,a95ee7014b5884d0db9e3fec99f14e134d9e452a3a22a2fe7e17aa82bb17f087,8236,40,8196,0.0048567265662943174,1.0,0.9070278184480234,0.010781481214732668,0.01022950103246707,0.678092972181552,False
3001,abrupt,spike,22,30,0.05225362684837691,0.20036599086597562,data/phase_d/grid/3001_abrupt_spike_22/scores_30.npy,5b12258248099a7cc4f62e6448180dc9dbeca32abd99b29480e3da2e4205535e,8236,40,8196,0.0048567265662943174,1.0,0.9070278184480234,0.01078057204673232,0.01022885334928477,0.6780807711078575,False
3001,abrupt,spike,33,,0.0,0.1925596408545971,data/phase_d/grid/3001_abrupt_spike_33/scores_no_update.npy,6e7cd6c759b18749b558598e1a4f505b67612352ef1a01a70fe2d7ef9b96201e,8236,40,8196,0.0048567265662943174,1.0,0.926183504148365,0.010879803687495354,0.010233592618652516,0.6753934846266471,False
3001,abrupt,spike,33,0,0.05367820999776304,0.20040728570893407,data/phase_d/grid/3001_abrupt_spike_33/scores_0.npy,3258a65761d86add84d7c569c284e538866b2e0e6fe6a10b6c3f7932ceccf20c,8236,40,8196,0.0048567265662943174,1.0,0.911542215714983,0.01097603894247443,0.010336293757351515,0.6788311371400684,False
3001,abrupt,spike,33,5,0.053779001370694274,0.2005484215915203,data/phase_d/grid/3001_abrupt_spike_33/scores_5.npy,4a49928b4fef8259264cc3d25d3ddb42b8ab52aad11556aa6b6e0f9cbb5bea53,8236,40,8196,0.0048567265662943174,1.0,0.9114202049780381,0.0109768302068128,0.010337067822754955,0.6788494387506101,False
3001,abrupt,spike,33,10,0.05382781524037804,0.1999327251687646,data/phase_d/grid/3001_abrupt_spike_33/scores_10.npy,c020a5c3c2228e24384a0291fee0f61886a210aea487bc2cc590af324e8bbd3c,8236,40,8196,0.0048567265662943174,1.0,0.9114202049780381,0.010975780574423583,0.010336076485067971,0.6788677403611518,False
3001,abrupt,spike,33,20,0.05391116816459444,0.2018368924036622,data/phase_d/grid/3001_abrupt_spike_33/scores_20.npy,972ca65731f09d6a939418342284227e33fc972e7ec4ce27ca4d9d100d46bcb6,8236,40,8196,0.0048567265662943174,1.0,0.9111761835041484,0.010977886228163123,0.01033808810307325,0.678834187408492,False
3001,abrupt,spike,33,30,0.053774618100274445,0.20027846889570355,data/phase_d/grid/3001_abrupt_spike_33/scores_30.npy,e31039b8d37f1b8f9bfd00c310ccd901ef0042ed574d228899b6d406656ca4e0,8236,40,8196,0.0048567265662943174,1.0,0.9114202049780381,0.01097909440035803,0.010338707011273061,0.6788372376769156,False
