mode,method,subset,family,auc_pr
online,CNN,ALL_RELEASED,CATSv2,0.166523853611
online,CNN,ALL_RELEASED,CreditCard,0.135048221416
online,CNN,ALL_RELEASED,Daphnet,0.324742882055
online,CNN,ALL_RELEASED,Exathlon,0.940186040941
online,CNN,ALL_RELEASED,GECCO,0.322306930737
online,CNN,ALL_RELEASED,GHL,0.0134358474305
online,CNN,ALL_RELEASED,Genesis,0.0316123574017
online,CNN,ALL_RELEASED,LTDB,0.306938805676
online,CNN,ALL_RELEASED,MITDB,0.188287870656
online,CNN,ALL_RELEASED,MSL,0.335079866241
online,CNN,ALL_RELEASED,OPPORTUNITY,0.145067296737
online,CNN,ALL_RELEASED,PSM,0.190965605213
online,CNN,ALL_RELEASED,SMAP,0.325691327
online,CNN,ALL_RELEASED,SMD,0.355131523238
online,CNN,ALL_RELEASED,SVDB,0.196805163895
online,CNN,ALL_RELEASED,SWaT,0.557443035753
online,CNN,ALL_RELEASED,TAO,0.995391106293
online,CNN,TSB_DRIFT,CATSv2,0.166523853611
online,CNN,TSB_DRIFT,CreditCard,0.135048221416
online,CNN,TSB_DRIFT,Daphnet,0.324742882055
online,CNN,TSB_DRIFT,Exathlon,0.724134615618
online,CNN,TSB_DRIFT,GECCO,0.322306930737
online,CNN,TSB_DRIFT,GHL,0.0134358474305
online,CNN,TSB_DRIFT,LTDB,0.144472048978
online,CNN,TSB_DRIFT,MSL,0.171723371173
online,CNN,TSB_DRIFT,OPPORTUNITY,0.145067296737
online,CNN,TSB_DRIFT,SMAP,0.457790061398
online,CNN,TSB_DRIFT,SMD,0.365798468584
online,CNN,TSB_DRIFT,SWaT,0.557443035753
online,CNN,TSB_DRIFT,TAO,0.994934166765
online,CNN,NON_DRIFT,Exathlon,0.994198897272
online,CNN,NON_DRIFT,Genesis,0.0316123574017
online,CNN,NON_DRIFT,LTDB,0.361094391242
online,CNN,NON_DRIFT,MITDB,0.188287870656
online,CNN,NON_DRIFT,MSL,0.347645750477
online,CNN,NON_DRIFT,PSM,0.190965605213
online,CNN,NON_DRIFT,SMAP,0.292666643401
online,CNN,NON_DRIFT,SMD,0.323130687199
online,CNN,NON_DRIFT,SVDB,0.196805163895
online,CNN,NON_DRIFT,TAO,0.996609611701
online,CNN,MEASURED_SOURCE_ONLY,Daphnet,0.324742882055
online,CNN,MEASURED_SOURCE_ONLY,Exathlon,0.940186040941
online,CNN,MEASURED_SOURCE_ONLY,GECCO,0.322306930737
online,CNN,MEASURED_SOURCE_ONLY,Genesis,0.0316123574017
online,CNN,MEASURED_SOURCE_ONLY,LTDB,0.306938805676
online,CNN,MEASURED_SOURCE_ONLY,MITDB,0.188287870656
online,CNN,MEASURED_SOURCE_ONLY,MSL,0.335079866241
online,CNN,MEASURED_SOURCE_ONLY,OPPORTUNITY,0.145067296737
online,CNN,MEASURED_SOURCE_ONLY,PSM,0.190965605213
online,CNN,MEASURED_SOURCE_ONLY,SMAP,0.325691327
online,CNN,MEASURED_SOURCE_ONLY,SMD,0.355131523238
online,CNN,MEASURED_SOURCE_ONLY,SVDB,0.196805163895
online,CNN,MEASURED_SOURCE_ONLY,SWaT,0.557443035753
online,CNN,MEASURED_SOURCE_ONLY,TAO,0.995391106293
online,CNN,MEASURED_DRIFT,Daphnet,0.324742882055
online,CNN,MEASURED_DRIFT,Exathlon,0.724134615618
online,CNN,MEASURED_DRIFT,GECCO,0.322306930737
online,CNN,MEASURED_DRIFT,LTDB,0.144472048978
online,CNN,MEASURED_DRIFT,MSL,0.171723371173
online,CNN,MEASURED_DRIFT,OPPORTUNITY,0.145067296737
online,CNN,MEASURED_DRIFT,SMAP,0.457790061398
online,CNN,MEASURED_DRIFT,SMD,0.365798468584
online,CNN,MEASURED_DRIFT,SWaT,0.557443035753
online,CNN,MEASURED_DRIFT,TAO,0.994934166765
online,CNN,SIMULATED_SOURCE,CATSv2,0.166523853611
online,CNN,SIMULATED_SOURCE,GHL,0.0134358474305
online,CNN,UNKNOWN_SOURCE,CreditCard,0.135048221416
online,OmniAnomaly,ALL_RELEASED,CATSv2,0.15471801411
online,OmniAnomaly,ALL_RELEASED,CreditCard,0.0102210585043
online,OmniAnomaly,ALL_RELEASED,Daphnet,0.452598018537
online,OmniAnomaly,ALL_RELEASED,Exathlon,0.937103400469
online,OmniAnomaly,ALL_RELEASED,GECCO,0.295156324474
online,OmniAnomaly,ALL_RELEASED,GHL,0.0125003885142
online,OmniAnomaly,ALL_RELEASED,Genesis,0.00595404516705
online,OmniAnomaly,ALL_RELEASED,LTDB,0.342247795236
online,OmniAnomaly,ALL_RELEASED,MITDB,0.169253072232
online,OmniAnomaly,ALL_RELEASED,MSL,0.280041486318
online,OmniAnomaly,ALL_RELEASED,OPPORTUNITY,0.167971497705
online,OmniAnomaly,ALL_RELEASED,PSM,0.155348565505
online,OmniAnomaly,ALL_RELEASED,SMAP,0.224201638856
online,OmniAnomaly,ALL_RELEASED,SMD,0.261869012845
online,OmniAnomaly,ALL_RELEASED,SVDB,0.366489919565
online,OmniAnomaly,ALL_RELEASED,SWaT,0.595928884348
online,OmniAnomaly,ALL_RELEASED,TAO,0.0983566060331
online,OmniAnomaly,TSB_DRIFT,CATSv2,0.15471801411
online,OmniAnomaly,TSB_DRIFT,CreditCard,0.0102210585043
online,OmniAnomaly,TSB_DRIFT,Daphnet,0.452598018537
online,OmniAnomaly,TSB_DRIFT,Exathlon,0.727045985457
online,OmniAnomaly,TSB_DRIFT,GECCO,0.295156324474
online,OmniAnomaly,TSB_DRIFT,GHL,0.0125003885142
online,OmniAnomaly,TSB_DRIFT,LTDB,0.146623089144
online,OmniAnomaly,TSB_DRIFT,MSL,0.00527657636216
online,OmniAnomaly,TSB_DRIFT,OPPORTUNITY,0.167971497705
online,OmniAnomaly,TSB_DRIFT,SMAP,0.0516425591304
online,OmniAnomaly,TSB_DRIFT,SMD,0.28255664523
online,OmniAnomaly,TSB_DRIFT,SWaT,0.595928884348
online,OmniAnomaly,TSB_DRIFT,TAO,0.0755427127559
online,OmniAnomaly,NON_DRIFT,Exathlon,0.989617754222
online,OmniAnomaly,NON_DRIFT,Genesis,0.00595404516705
online,OmniAnomaly,NON_DRIFT,LTDB,0.4074560306
online,OmniAnomaly,NON_DRIFT,MITDB,0.169253072232
online,OmniAnomaly,NON_DRIFT,MSL,0.301177248623
online,OmniAnomaly,NON_DRIFT,PSM,0.155348565505
online,OmniAnomaly,NON_DRIFT,SMAP,0.267341408788
online,OmniAnomaly,NON_DRIFT,SMD,0.199806115692
online,OmniAnomaly,NON_DRIFT,SVDB,0.366489919565
online,OmniAnomaly,NON_DRIFT,TAO,0.159193654772
online,OmniAnomaly,MEASURED_SOURCE_ONLY,Daphnet,0.452598018537
online,OmniAnomaly,MEASURED_SOURCE_ONLY,Exathlon,0.937103400469
online,OmniAnomaly,MEASURED_SOURCE_ONLY,GECCO,0.295156324474
online,OmniAnomaly,MEASURED_SOURCE_ONLY,Genesis,0.00595404516705
online,OmniAnomaly,MEASURED_SOURCE_ONLY,LTDB,0.342247795236
online,OmniAnomaly,MEASURED_SOURCE_ONLY,MITDB,0.169253072232
online,OmniAnomaly,MEASURED_SOURCE_ONLY,MSL,0.280041486318
online,OmniAnomaly,MEASURED_SOURCE_ONLY,OPPORTUNITY,0.167971497705
online,OmniAnomaly,MEASURED_SOURCE_ONLY,PSM,0.155348565505
online,OmniAnomaly,MEASURED_SOURCE_ONLY,SMAP,0.224201638856
online,OmniAnomaly,MEASURED_SOURCE_ONLY,SMD,0.261869012845
online,OmniAnomaly,MEASURED_SOURCE_ONLY,SVDB,0.366489919565
online,OmniAnomaly,MEASURED_SOURCE_ONLY,SWaT,0.595928884348
online,OmniAnomaly,MEASURED_SOURCE_ONLY,TAO,0.0983566060331
online,OmniAnomaly,MEASURED_DRIFT,Daphnet,0.452598018537
online,OmniAnomaly,MEASURED_DRIFT,Exathlon,0.727045985457
online,OmniAnomaly,MEASURED_DRIFT,GECCO,0.295156324474
online,OmniAnomaly,MEASURED_DRIFT,LTDB,0.146623089144
online,OmniAnomaly,MEASURED_DRIFT,MSL,0.00527657636216
online,OmniAnomaly,MEASURED_DRIFT,OPPORTUNITY,0.167971497705
online,OmniAnomaly,MEASURED_DRIFT,SMAP,0.0516425591304
online,OmniAnomaly,MEASURED_DRIFT,SMD,0.28255664523
online,OmniAnomaly,MEASURED_DRIFT,SWaT,0.595928884348
online,OmniAnomaly,MEASURED_DRIFT,TAO,0.0755427127559
online,OmniAnomaly,SIMULATED_SOURCE,CATSv2,0.15471801411
online,OmniAnomaly,SIMULATED_SOURCE,GHL,0.0125003885142
online,OmniAnomaly,UNKNOWN_SOURCE,CreditCard,0.0102210585043
online,USAD,ALL_RELEASED,CATSv2,0.168163694242
online,USAD,ALL_RELEASED,CreditCard,0.00963410570163
online,USAD,ALL_RELEASED,Daphnet,0.442299971271
online,USAD,ALL_RELEASED,Exathlon,0.937227281406
online,USAD,ALL_RELEASED,GECCO,0.298771271959
online,USAD,ALL_RELEASED,GHL,0.0196041357524
online,USAD,ALL_RELEASED,Genesis,0.00956012909915
online,USAD,ALL_RELEASED,LTDB,0.341340574844
online,USAD,ALL_RELEASED,MITDB,0.174103512054
online,USAD,ALL_RELEASED,MSL,0.277997723029
online,USAD,ALL_RELEASED,OPPORTUNITY,0.154766602786
online,USAD,ALL_RELEASED,PSM,0.163391231209
online,USAD,ALL_RELEASED,SMAP,0.241900093065
online,USAD,ALL_RELEASED,SMD,0.274672947294
online,USAD,ALL_RELEASED,SVDB,0.355207486349
online,USAD,ALL_RELEASED,SWaT,0.604148940429
online,USAD,ALL_RELEASED,TAO,0.0999493726532
online,USAD,TSB_DRIFT,CATSv2,0.168163694242
online,USAD,TSB_DRIFT,CreditCard,0.00963410570163
online,USAD,TSB_DRIFT,Daphnet,0.442299971271
online,USAD,TSB_DRIFT,Exathlon,0.72684652265
online,USAD,TSB_DRIFT,GECCO,0.298771271959
online,USAD,TSB_DRIFT,GHL,0.0196041357524
online,USAD,TSB_DRIFT,LTDB,0.145966562193
online,USAD,TSB_DRIFT,MSL,0.00534214196877
online,USAD,TSB_DRIFT,OPPORTUNITY,0.154766602786
online,USAD,TSB_DRIFT,SMAP,0.0519953201793
online,USAD,TSB_DRIFT,SMD,0.28344098082
online,USAD,TSB_DRIFT,SWaT,0.604148940429
online,USAD,TSB_DRIFT,TAO,0.0766404907012
online,USAD,NON_DRIFT,Exathlon,0.989822471095
online,USAD,NON_DRIFT,Genesis,0.00956012909915
online,USAD,NON_DRIFT,LTDB,0.406465245727
online,USAD,NON_DRIFT,MITDB,0.174103512054
online,USAD,NON_DRIFT,MSL,0.298971229264
online,USAD,NON_DRIFT,PSM,0.163391231209
online,USAD,NON_DRIFT,SMAP,0.289376286286
online,USAD,NON_DRIFT,SMD,0.248368846716
online,USAD,NON_DRIFT,SVDB,0.355207486349
online,USAD,NON_DRIFT,TAO,0.162106391192
online,USAD,MEASURED_SOURCE_ONLY,Daphnet,0.442299971271
online,USAD,MEASURED_SOURCE_ONLY,Exathlon,0.937227281406
online,USAD,MEASURED_SOURCE_ONLY,GECCO,0.298771271959
online,USAD,MEASURED_SOURCE_ONLY,Genesis,0.00956012909915
online,USAD,MEASURED_SOURCE_ONLY,LTDB,0.341340574844
online,USAD,MEASURED_SOURCE_ONLY,MITDB,0.174103512054
online,USAD,MEASURED_SOURCE_ONLY,MSL,0.277997723029
online,USAD,MEASURED_SOURCE_ONLY,OPPORTUNITY,0.154766602786
online,USAD,MEASURED_SOURCE_ONLY,PSM,0.163391231209
online,USAD,MEASURED_SOURCE_ONLY,SMAP,0.241900093065
online,USAD,MEASURED_SOURCE_ONLY,SMD,0.274672947294
online,USAD,MEASURED_SOURCE_ONLY,SVDB,0.355207486349
online,USAD,MEASURED_SOURCE_ONLY,SWaT,0.604148940429
online,USAD,MEASURED_SOURCE_ONLY,TAO,0.0999493726532
online,USAD,MEASURED_DRIFT,Daphnet,0.442299971271
online,USAD,MEASURED_DRIFT,Exathlon,0.72684652265
online,USAD,MEASURED_DRIFT,GECCO,0.298771271959
online,USAD,MEASURED_DRIFT,LTDB,0.145966562193
online,USAD,MEASURED_DRIFT,MSL,0.00534214196877
online,USAD,MEASURED_DRIFT,OPPORTUNITY,0.154766602786
online,USAD,MEASURED_DRIFT,SMAP,0.0519953201793
online,USAD,MEASURED_DRIFT,SMD,0.28344098082
online,USAD,MEASURED_DRIFT,SWaT,0.604148940429
online,USAD,MEASURED_DRIFT,TAO,0.0766404907012
online,USAD,SIMULATED_SOURCE,CATSv2,0.168163694242
online,USAD,SIMULATED_SOURCE,GHL,0.0196041357524
online,USAD,UNKNOWN_SOURCE,CreditCard,0.00963410570163
online,AutoEncoder,ALL_RELEASED,CATSv2,0.123650021612
online,AutoEncoder,ALL_RELEASED,CreditCard,0.179499711857
online,AutoEncoder,ALL_RELEASED,Daphnet,0.144904748199
online,AutoEncoder,ALL_RELEASED,Exathlon,0.886509176026
online,AutoEncoder,ALL_RELEASED,GECCO,0.36627573376
online,AutoEncoder,ALL_RELEASED,GHL,0.0214348169513
online,AutoEncoder,ALL_RELEASED,Genesis,0.0975622664804
online,AutoEncoder,ALL_RELEASED,LTDB,0.215508998229
online,AutoEncoder,ALL_RELEASED,MITDB,0.101862389141
online,AutoEncoder,ALL_RELEASED,MSL,0.296110357183
online,AutoEncoder,ALL_RELEASED,OPPORTUNITY,0.137081823066
online,AutoEncoder,ALL_RELEASED,PSM,0.334405366093
online,AutoEncoder,ALL_RELEASED,SMAP,0.13884140499
online,AutoEncoder,ALL_RELEASED,SMD,0.344754001482
online,AutoEncoder,ALL_RELEASED,SVDB,0.0914685275126
online,AutoEncoder,ALL_RELEASED,SWaT,0.557896930936
online,AutoEncoder,ALL_RELEASED,TAO,0.543049834001
online,AutoEncoder,TSB_DRIFT,CATSv2,0.123650021612
online,AutoEncoder,TSB_DRIFT,CreditCard,0.179499711857
online,AutoEncoder,TSB_DRIFT,Daphnet,0.144904748199
online,AutoEncoder,TSB_DRIFT,Exathlon,0.71643428978
online,AutoEncoder,TSB_DRIFT,GECCO,0.36627573376
online,AutoEncoder,TSB_DRIFT,GHL,0.0214348169513
online,AutoEncoder,TSB_DRIFT,LTDB,0.138812515114
online,AutoEncoder,TSB_DRIFT,MSL,0.0169190252101
online,AutoEncoder,TSB_DRIFT,OPPORTUNITY,0.137081823066
online,AutoEncoder,TSB_DRIFT,SMAP,0.16210098725
online,AutoEncoder,TSB_DRIFT,SMD,0.365289167314
online,AutoEncoder,TSB_DRIFT,SWaT,0.557896930936
online,AutoEncoder,TSB_DRIFT,TAO,0.541561181941
online,AutoEncoder,NON_DRIFT,Exathlon,0.929027897588
online,AutoEncoder,NON_DRIFT,Genesis,0.0975622664804
online,AutoEncoder,NON_DRIFT,LTDB,0.2410744926
online,AutoEncoder,NON_DRIFT,MITDB,0.101862389141
online,AutoEncoder,NON_DRIFT,MSL,0.317586613489
online,AutoEncoder,NON_DRIFT,PSM,0.334405366093
online,AutoEncoder,NON_DRIFT,SMAP,0.133026509425
online,AutoEncoder,NON_DRIFT,SMD,0.283148503985
online,AutoEncoder,NON_DRIFT,SVDB,0.0914685275126
online,AutoEncoder,NON_DRIFT,TAO,0.547019572828
online,AutoEncoder,MEASURED_SOURCE_ONLY,Daphnet,0.144904748199
online,AutoEncoder,MEASURED_SOURCE_ONLY,Exathlon,0.886509176026
online,AutoEncoder,MEASURED_SOURCE_ONLY,GECCO,0.36627573376
online,AutoEncoder,MEASURED_SOURCE_ONLY,Genesis,0.0975622664804
online,AutoEncoder,MEASURED_SOURCE_ONLY,LTDB,0.215508998229
online,AutoEncoder,MEASURED_SOURCE_ONLY,MITDB,0.101862389141
online,AutoEncoder,MEASURED_SOURCE_ONLY,MSL,0.296110357183
online,AutoEncoder,MEASURED_SOURCE_ONLY,OPPORTUNITY,0.137081823066
online,AutoEncoder,MEASURED_SOURCE_ONLY,PSM,0.334405366093
online,AutoEncoder,MEASURED_SOURCE_ONLY,SMAP,0.13884140499
online,AutoEncoder,MEASURED_SOURCE_ONLY,SMD,0.344754001482
online,AutoEncoder,MEASURED_SOURCE_ONLY,SVDB,0.0914685275126
online,AutoEncoder,MEASURED_SOURCE_ONLY,SWaT,0.557896930936
online,AutoEncoder,MEASURED_SOURCE_ONLY,TAO,0.543049834001
online,AutoEncoder,MEASURED_DRIFT,Daphnet,0.144904748199
online,AutoEncoder,MEASURED_DRIFT,Exathlon,0.71643428978
online,AutoEncoder,MEASURED_DRIFT,GECCO,0.36627573376
online,AutoEncoder,MEASURED_DRIFT,LTDB,0.138812515114
online,AutoEncoder,MEASURED_DRIFT,MSL,0.0169190252101
online,AutoEncoder,MEASURED_DRIFT,OPPORTUNITY,0.137081823066
online,AutoEncoder,MEASURED_DRIFT,SMAP,0.16210098725
online,AutoEncoder,MEASURED_DRIFT,SMD,0.365289167314
online,AutoEncoder,MEASURED_DRIFT,SWaT,0.557896930936
online,AutoEncoder,MEASURED_DRIFT,TAO,0.541561181941
online,AutoEncoder,SIMULATED_SOURCE,CATSv2,0.123650021612
online,AutoEncoder,SIMULATED_SOURCE,GHL,0.0214348169513
online,AutoEncoder,UNKNOWN_SOURCE,CreditCard,0.179499711857
online,KMeansAD,ALL_RELEASED,CATSv2,0.17961034543
online,KMeansAD,ALL_RELEASED,CreditCard,0.0135261019353
online,KMeansAD,ALL_RELEASED,Daphnet,0.361180789578
online,KMeansAD,ALL_RELEASED,Exathlon,0.900315207387
online,KMeansAD,ALL_RELEASED,GECCO,0.280960461306
online,KMeansAD,ALL_RELEASED,GHL,0.0166112524882
online,KMeansAD,ALL_RELEASED,Genesis,0.00832861269682
online,KMeansAD,ALL_RELEASED,LTDB,0.340618103335
online,KMeansAD,ALL_RELEASED,MITDB,0.16620609754
online,KMeansAD,ALL_RELEASED,MSL,0.242647626589
online,KMeansAD,ALL_RELEASED,OPPORTUNITY,0.167696737776
online,KMeansAD,ALL_RELEASED,PSM,0.190352804441
online,KMeansAD,ALL_RELEASED,SMAP,0.233244541512
online,KMeansAD,ALL_RELEASED,SMD,0.376838315961
online,KMeansAD,ALL_RELEASED,SVDB,0.283213466977
online,KMeansAD,ALL_RELEASED,SWaT,0.576661964426
online,KMeansAD,ALL_RELEASED,TAO,0.111918373826
online,KMeansAD,TSB_DRIFT,CATSv2,0.17961034543
online,KMeansAD,TSB_DRIFT,CreditCard,0.0135261019353
online,KMeansAD,TSB_DRIFT,Daphnet,0.361180789578
online,KMeansAD,TSB_DRIFT,Exathlon,0.900093340736
online,KMeansAD,TSB_DRIFT,GECCO,0.280960461306
online,KMeansAD,TSB_DRIFT,GHL,0.0166112524882
online,KMeansAD,TSB_DRIFT,LTDB,0.159661467195
online,KMeansAD,TSB_DRIFT,MSL,0.00555907250795
online,KMeansAD,TSB_DRIFT,OPPORTUNITY,0.167696737776
online,KMeansAD,TSB_DRIFT,SMAP,0.165844064725
online,KMeansAD,TSB_DRIFT,SMD,0.387788962076
online,KMeansAD,TSB_DRIFT,SWaT,0.576661964426
online,KMeansAD,TSB_DRIFT,TAO,0.0878062520957
online,KMeansAD,NON_DRIFT,Exathlon,0.900370674049
online,KMeansAD,NON_DRIFT,Genesis,0.00832861269682
online,KMeansAD,NON_DRIFT,LTDB,0.400936982048
online,KMeansAD,NON_DRIFT,MITDB,0.16620609754
online,KMeansAD,NON_DRIFT,MSL,0.260885207672
online,KMeansAD,NON_DRIFT,PSM,0.190352804441
online,KMeansAD,NON_DRIFT,SMAP,0.250094660709
online,KMeansAD,NON_DRIFT,SMD,0.343986377616
online,KMeansAD,NON_DRIFT,SVDB,0.283213466977
online,KMeansAD,NON_DRIFT,TAO,0.176217365108
online,KMeansAD,MEASURED_SOURCE_ONLY,Daphnet,0.361180789578
online,KMeansAD,MEASURED_SOURCE_ONLY,Exathlon,0.900315207387
online,KMeansAD,MEASURED_SOURCE_ONLY,GECCO,0.280960461306
online,KMeansAD,MEASURED_SOURCE_ONLY,Genesis,0.00832861269682
online,KMeansAD,MEASURED_SOURCE_ONLY,LTDB,0.340618103335
online,KMeansAD,MEASURED_SOURCE_ONLY,MITDB,0.16620609754
online,KMeansAD,MEASURED_SOURCE_ONLY,MSL,0.242647626589
online,KMeansAD,MEASURED_SOURCE_ONLY,OPPORTUNITY,0.167696737776
online,KMeansAD,MEASURED_SOURCE_ONLY,PSM,0.190352804441
online,KMeansAD,MEASURED_SOURCE_ONLY,SMAP,0.233244541512
online,KMeansAD,MEASURED_SOURCE_ONLY,SMD,0.376838315961
online,KMeansAD,MEASURED_SOURCE_ONLY,SVDB,0.283213466977
online,KMeansAD,MEASURED_SOURCE_ONLY,SWaT,0.576661964426
online,KMeansAD,MEASURED_SOURCE_ONLY,TAO,0.111918373826
online,KMeansAD,MEASURED_DRIFT,Daphnet,0.361180789578
online,KMeansAD,MEASURED_DRIFT,Exathlon,0.900093340736
online,KMeansAD,MEASURED_DRIFT,GECCO,0.280960461306
online,KMeansAD,MEASURED_DRIFT,LTDB,0.159661467195
online,KMeansAD,MEASURED_DRIFT,MSL,0.00555907250795
online,KMeansAD,MEASURED_DRIFT,OPPORTUNITY,0.167696737776
online,KMeansAD,MEASURED_DRIFT,SMAP,0.165844064725
online,KMeansAD,MEASURED_DRIFT,SMD,0.387788962076
online,KMeansAD,MEASURED_DRIFT,SWaT,0.576661964426
online,KMeansAD,MEASURED_DRIFT,TAO,0.0878062520957
online,KMeansAD,SIMULATED_SOURCE,CATSv2,0.17961034543
online,KMeansAD,SIMULATED_SOURCE,GHL,0.0166112524882
online,KMeansAD,UNKNOWN_SOURCE,CreditCard,0.0135261019353
online,CBLOF,ALL_RELEASED,CATSv2,0.117567969833
online,CBLOF,ALL_RELEASED,CreditCard,0.136259992515
online,CBLOF,ALL_RELEASED,Daphnet,0.354012126791
online,CBLOF,ALL_RELEASED,Exathlon,0.935718470187
online,CBLOF,ALL_RELEASED,GECCO,0.202386720967
online,CBLOF,ALL_RELEASED,GHL,0.0189635340715
online,CBLOF,ALL_RELEASED,Genesis,0.00876284601243
online,CBLOF,ALL_RELEASED,LTDB,0.222903984913
online,CBLOF,ALL_RELEASED,MITDB,0.102475132854
online,CBLOF,ALL_RELEASED,MSL,0.211671865007
online,CBLOF,ALL_RELEASED,OPPORTUNITY,0.164872415304
online,CBLOF,ALL_RELEASED,PSM,0.169888707636
online,CBLOF,ALL_RELEASED,SMAP,0.148785503044
online,CBLOF,ALL_RELEASED,SMD,0.40571285618
online,CBLOF,ALL_RELEASED,SVDB,0.103806327147
online,CBLOF,ALL_RELEASED,SWaT,0.559444692467
online,CBLOF,ALL_RELEASED,TAO,0.989697547701
online,CBLOF,TSB_DRIFT,CATSv2,0.117567969833
online,CBLOF,TSB_DRIFT,CreditCard,0.136259992515
online,CBLOF,TSB_DRIFT,Daphnet,0.354012126791
online,CBLOF,TSB_DRIFT,Exathlon,0.717831177618
online,CBLOF,TSB_DRIFT,GECCO,0.202386720967
online,CBLOF,TSB_DRIFT,GHL,0.0189635340715
online,CBLOF,TSB_DRIFT,LTDB,0.140541887432
online,CBLOF,TSB_DRIFT,MSL,0.0175583347488
online,CBLOF,TSB_DRIFT,OPPORTUNITY,0.164872415304
online,CBLOF,TSB_DRIFT,SMAP,0.274648318368
online,CBLOF,TSB_DRIFT,SMD,0.434252306698
online,CBLOF,TSB_DRIFT,SWaT,0.559444692467
online,CBLOF,TSB_DRIFT,TAO,0.988616350609
online,CBLOF,NON_DRIFT,Exathlon,0.990190293329
online,CBLOF,NON_DRIFT,Genesis,0.00876284601243
online,CBLOF,NON_DRIFT,LTDB,0.250358017407
online,CBLOF,NON_DRIFT,MITDB,0.102475132854
online,CBLOF,NON_DRIFT,MSL,0.226603675027
online,CBLOF,NON_DRIFT,PSM,0.169888707636
online,CBLOF,NON_DRIFT,SMAP,0.117319799213
online,CBLOF,NON_DRIFT,SMD,0.320094504626
online,CBLOF,NON_DRIFT,SVDB,0.103806327147
online,CBLOF,NON_DRIFT,TAO,0.992580739946
online,CBLOF,MEASURED_SOURCE_ONLY,Daphnet,0.354012126791
online,CBLOF,MEASURED_SOURCE_ONLY,Exathlon,0.935718470187
online,CBLOF,MEASURED_SOURCE_ONLY,GECCO,0.202386720967
online,CBLOF,MEASURED_SOURCE_ONLY,Genesis,0.00876284601243
online,CBLOF,MEASURED_SOURCE_ONLY,LTDB,0.222903984913
online,CBLOF,MEASURED_SOURCE_ONLY,MITDB,0.102475132854
online,CBLOF,MEASURED_SOURCE_ONLY,MSL,0.211671865007
online,CBLOF,MEASURED_SOURCE_ONLY,OPPORTUNITY,0.164872415304
online,CBLOF,MEASURED_SOURCE_ONLY,PSM,0.169888707636
online,CBLOF,MEASURED_SOURCE_ONLY,SMAP,0.148785503044
online,CBLOF,MEASURED_SOURCE_ONLY,SMD,0.40571285618
online,CBLOF,MEASURED_SOURCE_ONLY,SVDB,0.103806327147
online,CBLOF,MEASURED_SOURCE_ONLY,SWaT,0.559444692467
online,CBLOF,MEASURED_SOURCE_ONLY,TAO,0.989697547701
online,CBLOF,MEASURED_DRIFT,Daphnet,0.354012126791
online,CBLOF,MEASURED_DRIFT,Exathlon,0.717831177618
online,CBLOF,MEASURED_DRIFT,GECCO,0.202386720967
online,CBLOF,MEASURED_DRIFT,LTDB,0.140541887432
online,CBLOF,MEASURED_DRIFT,MSL,0.0175583347488
online,CBLOF,MEASURED_DRIFT,OPPORTUNITY,0.164872415304
online,CBLOF,MEASURED_DRIFT,SMAP,0.274648318368
online,CBLOF,MEASURED_DRIFT,SMD,0.434252306698
online,CBLOF,MEASURED_DRIFT,SWaT,0.559444692467
online,CBLOF,MEASURED_DRIFT,TAO,0.988616350609
online,CBLOF,SIMULATED_SOURCE,CATSv2,0.117567969833
online,CBLOF,SIMULATED_SOURCE,GHL,0.0189635340715
online,CBLOF,UNKNOWN_SOURCE,CreditCard,0.136259992515
online,OCSVM,ALL_RELEASED,CATSv2,0.128449089307
online,OCSVM,ALL_RELEASED,CreditCard,0.221634624121
online,OCSVM,ALL_RELEASED,Daphnet,0.366607686427
online,OCSVM,ALL_RELEASED,Exathlon,0.857513115981
online,OCSVM,ALL_RELEASED,GECCO,0.179697853595
online,OCSVM,ALL_RELEASED,GHL,0.0160431775902
online,OCSVM,ALL_RELEASED,Genesis,0.187123103629
online,OCSVM,ALL_RELEASED,LTDB,0.212237270536
online,OCSVM,ALL_RELEASED,MITDB,0.104885570342
online,OCSVM,ALL_RELEASED,MSL,0.307000521678
online,OCSVM,ALL_RELEASED,OPPORTUNITY,0.153343810292
online,OCSVM,ALL_RELEASED,PSM,0.262942562688
online,OCSVM,ALL_RELEASED,SMAP,0.10978956179
online,OCSVM,ALL_RELEASED,SMD,0.295696818805
online,OCSVM,ALL_RELEASED,SVDB,0.107834968837
online,OCSVM,ALL_RELEASED,SWaT,0.570655741836
online,OCSVM,ALL_RELEASED,TAO,0.913264067247
online,OCSVM,TSB_DRIFT,CATSv2,0.128449089307
online,OCSVM,TSB_DRIFT,CreditCard,0.221634624121
online,OCSVM,TSB_DRIFT,Daphnet,0.366607686427
online,OCSVM,TSB_DRIFT,Exathlon,0.316338590831
online,OCSVM,TSB_DRIFT,GECCO,0.179697853595
online,OCSVM,TSB_DRIFT,GHL,0.0160431775902
online,OCSVM,TSB_DRIFT,LTDB,0.138043279748
online,OCSVM,TSB_DRIFT,MSL,0.0200498411178
online,OCSVM,TSB_DRIFT,OPPORTUNITY,0.153343810292
online,OCSVM,TSB_DRIFT,SMAP,0.0207737008721
online,OCSVM,TSB_DRIFT,SMD,0.28606319282
online,OCSVM,TSB_DRIFT,SWaT,0.570655741836
online,OCSVM,TSB_DRIFT,TAO,0.936644416041
online,OCSVM,NON_DRIFT,Exathlon,0.992806747268
online,OCSVM,NON_DRIFT,Genesis,0.187123103629
online,OCSVM,NON_DRIFT,LTDB,0.236968600799
online,OCSVM,NON_DRIFT,MITDB,0.104885570342
online,OCSVM,NON_DRIFT,MSL,0.329073650951
online,OCSVM,NON_DRIFT,PSM,0.262942562688
online,OCSVM,NON_DRIFT,SMAP,0.132043527019
online,OCSVM,NON_DRIFT,SMD,0.324597696759
online,OCSVM,NON_DRIFT,SVDB,0.107834968837
online,OCSVM,NON_DRIFT,TAO,0.850916470462
online,OCSVM,MEASURED_SOURCE_ONLY,Daphnet,0.366607686427
online,OCSVM,MEASURED_SOURCE_ONLY,Exathlon,0.857513115981
online,OCSVM,MEASURED_SOURCE_ONLY,GECCO,0.179697853595
online,OCSVM,MEASURED_SOURCE_ONLY,Genesis,0.187123103629
online,OCSVM,MEASURED_SOURCE_ONLY,LTDB,0.212237270536
online,OCSVM,MEASURED_SOURCE_ONLY,MITDB,0.104885570342
online,OCSVM,MEASURED_SOURCE_ONLY,MSL,0.307000521678
online,OCSVM,MEASURED_SOURCE_ONLY,OPPORTUNITY,0.153343810292
online,OCSVM,MEASURED_SOURCE_ONLY,PSM,0.262942562688
online,OCSVM,MEASURED_SOURCE_ONLY,SMAP,0.10978956179
online,OCSVM,MEASURED_SOURCE_ONLY,SMD,0.295696818805
online,OCSVM,MEASURED_SOURCE_ONLY,SVDB,0.107834968837
online,OCSVM,MEASURED_SOURCE_ONLY,SWaT,0.570655741836
online,OCSVM,MEASURED_SOURCE_ONLY,TAO,0.913264067247
online,OCSVM,MEASURED_DRIFT,Daphnet,0.366607686427
online,OCSVM,MEASURED_DRIFT,Exathlon,0.316338590831
online,OCSVM,MEASURED_DRIFT,GECCO,0.179697853595
online,OCSVM,MEASURED_DRIFT,LTDB,0.138043279748
online,OCSVM,MEASURED_DRIFT,MSL,0.0200498411178
online,OCSVM,MEASURED_DRIFT,OPPORTUNITY,0.153343810292
online,OCSVM,MEASURED_DRIFT,SMAP,0.0207737008721
online,OCSVM,MEASURED_DRIFT,SMD,0.28606319282
online,OCSVM,MEASURED_DRIFT,SWaT,0.570655741836
online,OCSVM,MEASURED_DRIFT,TAO,0.936644416041
online,OCSVM,SIMULATED_SOURCE,CATSv2,0.128449089307
online,OCSVM,SIMULATED_SOURCE,GHL,0.0160431775902
online,OCSVM,UNKNOWN_SOURCE,CreditCard,0.221634624121
online,FITS,ALL_RELEASED,CATSv2,0.0901109098159
online,FITS,ALL_RELEASED,CreditCard,0.119700234361
online,FITS,ALL_RELEASED,Daphnet,0.355484670441
online,FITS,ALL_RELEASED,Exathlon,0.817285281272
online,FITS,ALL_RELEASED,GECCO,0.473145950099
online,FITS,ALL_RELEASED,GHL,0.0059779129929
online,FITS,ALL_RELEASED,Genesis,0.0166168647875
online,FITS,ALL_RELEASED,LTDB,0.219280460352
online,FITS,ALL_RELEASED,MITDB,0.0962417745523
online,FITS,ALL_RELEASED,MSL,0.220676925987
online,FITS,ALL_RELEASED,OPPORTUNITY,0.131764066378
online,FITS,ALL_RELEASED,PSM,0.122741833501
online,FITS,ALL_RELEASED,SMAP,0.256108146092
online,FITS,ALL_RELEASED,SMD,0.273367173348
online,FITS,ALL_RELEASED,SVDB,0.114151437216
online,FITS,ALL_RELEASED,SWaT,0.159246038863
online,FITS,ALL_RELEASED,TAO,0.97729724665
online,FITS,TSB_DRIFT,CATSv2,0.0901109098159
online,FITS,TSB_DRIFT,CreditCard,0.119700234361
online,FITS,TSB_DRIFT,Daphnet,0.355484670441
online,FITS,TSB_DRIFT,Exathlon,0.601685236915
online,FITS,TSB_DRIFT,GECCO,0.473145950099
online,FITS,TSB_DRIFT,GHL,0.0059779129929
online,FITS,TSB_DRIFT,LTDB,0.127468230421
online,FITS,TSB_DRIFT,MSL,0.109814681004
online,FITS,TSB_DRIFT,OPPORTUNITY,0.131764066378
online,FITS,TSB_DRIFT,SMAP,0.37648518851
online,FITS,TSB_DRIFT,SMD,0.286168424668
online,FITS,TSB_DRIFT,SWaT,0.159246038863
online,FITS,TSB_DRIFT,TAO,0.983859454829
online,FITS,NON_DRIFT,Exathlon,0.871185292361
online,FITS,NON_DRIFT,Genesis,0.0166168647875
online,FITS,NON_DRIFT,LTDB,0.249884536996
online,FITS,NON_DRIFT,MITDB,0.0962417745523
online,FITS,NON_DRIFT,MSL,0.229204790986
online,FITS,NON_DRIFT,PSM,0.122741833501
online,FITS,NON_DRIFT,SMAP,0.226013885487
online,FITS,NON_DRIFT,SMD,0.234963419388
online,FITS,NON_DRIFT,SVDB,0.114151437216
online,FITS,NON_DRIFT,TAO,0.959798024839
online,FITS,MEASURED_SOURCE_ONLY,Daphnet,0.355484670441
online,FITS,MEASURED_SOURCE_ONLY,Exathlon,0.817285281272
online,FITS,MEASURED_SOURCE_ONLY,GECCO,0.473145950099
online,FITS,MEASURED_SOURCE_ONLY,Genesis,0.0166168647875
online,FITS,MEASURED_SOURCE_ONLY,LTDB,0.219280460352
online,FITS,MEASURED_SOURCE_ONLY,MITDB,0.0962417745523
online,FITS,MEASURED_SOURCE_ONLY,MSL,0.220676925987
online,FITS,MEASURED_SOURCE_ONLY,OPPORTUNITY,0.131764066378
online,FITS,MEASURED_SOURCE_ONLY,PSM,0.122741833501
online,FITS,MEASURED_SOURCE_ONLY,SMAP,0.256108146092
online,FITS,MEASURED_SOURCE_ONLY,SMD,0.273367173348
online,FITS,MEASURED_SOURCE_ONLY,SVDB,0.114151437216
online,FITS,MEASURED_SOURCE_ONLY,SWaT,0.159246038863
online,FITS,MEASURED_SOURCE_ONLY,TAO,0.97729724665
online,FITS,MEASURED_DRIFT,Daphnet,0.355484670441
online,FITS,MEASURED_DRIFT,Exathlon,0.601685236915
online,FITS,MEASURED_DRIFT,GECCO,0.473145950099
online,FITS,MEASURED_DRIFT,LTDB,0.127468230421
online,FITS,MEASURED_DRIFT,MSL,0.109814681004
online,FITS,MEASURED_DRIFT,OPPORTUNITY,0.131764066378
online,FITS,MEASURED_DRIFT,SMAP,0.37648518851
online,FITS,MEASURED_DRIFT,SMD,0.286168424668
online,FITS,MEASURED_DRIFT,SWaT,0.159246038863
online,FITS,MEASURED_DRIFT,TAO,0.983859454829
online,FITS,SIMULATED_SOURCE,CATSv2,0.0901109098159
online,FITS,SIMULATED_SOURCE,GHL,0.0059779129929
online,FITS,UNKNOWN_SOURCE,CreditCard,0.119700234361
online,LOF,ALL_RELEASED,CATSv2,0.124786274904
online,LOF,ALL_RELEASED,CreditCard,0.139179077295
online,LOF,ALL_RELEASED,Daphnet,0.0514722489576
online,LOF,ALL_RELEASED,Exathlon,0.794309659694
online,LOF,ALL_RELEASED,GECCO,0.195316788173
online,LOF,ALL_RELEASED,GHL,0.0165804691904
online,LOF,ALL_RELEASED,Genesis,0.0181079893153
online,LOF,ALL_RELEASED,LTDB,0.256541032739
online,LOF,ALL_RELEASED,MITDB,0.0776504788806
online,LOF,ALL_RELEASED,MSL,0.138577365272
online,LOF,ALL_RELEASED,OPPORTUNITY,0.131871133832
online,LOF,ALL_RELEASED,PSM,0.261742184552
online,LOF,ALL_RELEASED,SMAP,0.153755121937
online,LOF,ALL_RELEASED,SMD,0.32039504138
online,LOF,ALL_RELEASED,SVDB,0.135718707932
online,LOF,ALL_RELEASED,SWaT,0.553184435735
online,LOF,ALL_RELEASED,TAO,0.681499363836
online,LOF,TSB_DRIFT,CATSv2,0.124786274904
online,LOF,TSB_DRIFT,CreditCard,0.139179077295
online,LOF,TSB_DRIFT,Daphnet,0.0514722489576
online,LOF,TSB_DRIFT,Exathlon,0.315777239329
online,LOF,TSB_DRIFT,GECCO,0.195316788173
online,LOF,TSB_DRIFT,GHL,0.0165804691904
online,LOF,TSB_DRIFT,LTDB,0.147482910339
online,LOF,TSB_DRIFT,MSL,0.0211373105583
online,LOF,TSB_DRIFT,OPPORTUNITY,0.131871133832
online,LOF,TSB_DRIFT,SMAP,0.262008087258
online,LOF,TSB_DRIFT,SMD,0.318478710093
online,LOF,TSB_DRIFT,SWaT,0.553184435735
online,LOF,TSB_DRIFT,TAO,0.822777130731
online,LOF,NON_DRIFT,Exathlon,0.913942764786
online,LOF,NON_DRIFT,Genesis,0.0181079893153
online,LOF,NON_DRIFT,LTDB,0.292893740206
online,LOF,NON_DRIFT,MITDB,0.0776504788806
online,LOF,NON_DRIFT,MSL,0.147611215635
online,LOF,NON_DRIFT,PSM,0.261742184552
online,LOF,NON_DRIFT,SMAP,0.126691880607
online,LOF,NON_DRIFT,SMD,0.32614403524
online,LOF,NON_DRIFT,SVDB,0.135718707932
online,LOF,NON_DRIFT,TAO,0.304758652115
online,LOF,MEASURED_SOURCE_ONLY,Daphnet,0.0514722489576
online,LOF,MEASURED_SOURCE_ONLY,Exathlon,0.794309659694
online,LOF,MEASURED_SOURCE_ONLY,GECCO,0.195316788173
online,LOF,MEASURED_SOURCE_ONLY,Genesis,0.0181079893153
online,LOF,MEASURED_SOURCE_ONLY,LTDB,0.256541032739
online,LOF,MEASURED_SOURCE_ONLY,MITDB,0.0776504788806
online,LOF,MEASURED_SOURCE_ONLY,MSL,0.138577365272
online,LOF,MEASURED_SOURCE_ONLY,OPPORTUNITY,0.131871133832
online,LOF,MEASURED_SOURCE_ONLY,PSM,0.261742184552
online,LOF,MEASURED_SOURCE_ONLY,SMAP,0.153755121937
online,LOF,MEASURED_SOURCE_ONLY,SMD,0.32039504138
online,LOF,MEASURED_SOURCE_ONLY,SVDB,0.135718707932
online,LOF,MEASURED_SOURCE_ONLY,SWaT,0.553184435735
online,LOF,MEASURED_SOURCE_ONLY,TAO,0.681499363836
online,LOF,MEASURED_DRIFT,Daphnet,0.0514722489576
online,LOF,MEASURED_DRIFT,Exathlon,0.315777239329
online,LOF,MEASURED_DRIFT,GECCO,0.195316788173
online,LOF,MEASURED_DRIFT,LTDB,0.147482910339
online,LOF,MEASURED_DRIFT,MSL,0.0211373105583
online,LOF,MEASURED_DRIFT,OPPORTUNITY,0.131871133832
online,LOF,MEASURED_DRIFT,SMAP,0.262008087258
online,LOF,MEASURED_DRIFT,SMD,0.318478710093
online,LOF,MEASURED_DRIFT,SWaT,0.553184435735
online,LOF,MEASURED_DRIFT,TAO,0.822777130731
online,LOF,SIMULATED_SOURCE,CATSv2,0.124786274904
online,LOF,SIMULATED_SOURCE,GHL,0.0165804691904
online,LOF,UNKNOWN_SOURCE,CreditCard,0.139179077295
online,HBOS,ALL_RELEASED,CATSv2,0.0446082149185
online,HBOS,ALL_RELEASED,CreditCard,0.150948659588
online,HBOS,ALL_RELEASED,Daphnet,0.321279639097
online,HBOS,ALL_RELEASED,Exathlon,0.969184567603
online,HBOS,ALL_RELEASED,GECCO,0.0753659173119
online,HBOS,ALL_RELEASED,GHL,0.0236280611251
online,HBOS,ALL_RELEASED,Genesis,0.00390080481707
online,HBOS,ALL_RELEASED,LTDB,0.238502316963
online,HBOS,ALL_RELEASED,MITDB,0.101716172489
online,HBOS,ALL_RELEASED,MSL,0.138142966839
online,HBOS,ALL_RELEASED,OPPORTUNITY,0.196186402261
online,HBOS,ALL_RELEASED,PSM,0.155786725654
online,HBOS,ALL_RELEASED,SMAP,0.0728000514543
online,HBOS,ALL_RELEASED,SMD,0.148559044341
online,HBOS,ALL_RELEASED,SVDB,0.0995823696772
online,HBOS,ALL_RELEASED,SWaT,0.506902061991
online,HBOS,ALL_RELEASED,TAO,0.508754279552
online,HBOS,TSB_DRIFT,CATSv2,0.0446082149185
online,HBOS,TSB_DRIFT,CreditCard,0.150948659588
online,HBOS,TSB_DRIFT,Daphnet,0.321279639097
online,HBOS,TSB_DRIFT,Exathlon,0.936987287941
online,HBOS,TSB_DRIFT,GECCO,0.0753659173119
online,HBOS,TSB_DRIFT,GHL,0.0236280611251
online,HBOS,TSB_DRIFT,LTDB,0.135807626615
online,HBOS,TSB_DRIFT,MSL,0.0117583564218
online,HBOS,TSB_DRIFT,OPPORTUNITY,0.196186402261
online,HBOS,TSB_DRIFT,SMAP,0.0208847821656
online,HBOS,TSB_DRIFT,SMD,0.145062646156
online,HBOS,TSB_DRIFT,SWaT,0.506902061991
online,HBOS,TSB_DRIFT,TAO,0.547974362739
online,HBOS,NON_DRIFT,Exathlon,0.977233887519
online,HBOS,NON_DRIFT,Genesis,0.00390080481707
online,HBOS,NON_DRIFT,LTDB,0.272733880412
online,HBOS,NON_DRIFT,MITDB,0.101716172489
online,HBOS,NON_DRIFT,MSL,0.147864859948
online,HBOS,NON_DRIFT,PSM,0.155786725654
online,HBOS,NON_DRIFT,SMAP,0.0857788687764
online,HBOS,NON_DRIFT,SMD,0.159048238893
online,HBOS,NON_DRIFT,SVDB,0.0995823696772
online,HBOS,NON_DRIFT,TAO,0.404167391053
online,HBOS,MEASURED_SOURCE_ONLY,Daphnet,0.321279639097
online,HBOS,MEASURED_SOURCE_ONLY,Exathlon,0.969184567603
online,HBOS,MEASURED_SOURCE_ONLY,GECCO,0.0753659173119
online,HBOS,MEASURED_SOURCE_ONLY,Genesis,0.00390080481707
online,HBOS,MEASURED_SOURCE_ONLY,LTDB,0.238502316963
online,HBOS,MEASURED_SOURCE_ONLY,MITDB,0.101716172489
online,HBOS,MEASURED_SOURCE_ONLY,MSL,0.138142966839
online,HBOS,MEASURED_SOURCE_ONLY,OPPORTUNITY,0.196186402261
online,HBOS,MEASURED_SOURCE_ONLY,PSM,0.155786725654
online,HBOS,MEASURED_SOURCE_ONLY,SMAP,0.0728000514543
online,HBOS,MEASURED_SOURCE_ONLY,SMD,0.148559044341
online,HBOS,MEASURED_SOURCE_ONLY,SVDB,0.0995823696772
online,HBOS,MEASURED_SOURCE_ONLY,SWaT,0.506902061991
online,HBOS,MEASURED_SOURCE_ONLY,TAO,0.508754279552
online,HBOS,MEASURED_DRIFT,Daphnet,0.321279639097
online,HBOS,MEASURED_DRIFT,Exathlon,0.936987287941
online,HBOS,MEASURED_DRIFT,GECCO,0.0753659173119
online,HBOS,MEASURED_DRIFT,LTDB,0.135807626615
online,HBOS,MEASURED_DRIFT,MSL,0.0117583564218
online,HBOS,MEASURED_DRIFT,OPPORTUNITY,0.196186402261
online,HBOS,MEASURED_DRIFT,SMAP,0.0208847821656
online,HBOS,MEASURED_DRIFT,SMD,0.145062646156
online,HBOS,MEASURED_DRIFT,SWaT,0.506902061991
online,HBOS,MEASURED_DRIFT,TAO,0.547974362739
online,HBOS,SIMULATED_SOURCE,CATSv2,0.0446082149185
online,HBOS,SIMULATED_SOURCE,GHL,0.0236280611251
online,HBOS,UNKNOWN_SOURCE,CreditCard,0.150948659588
online,MCD,ALL_RELEASED,CATSv2,0.124648294784
online,MCD,ALL_RELEASED,CreditCard,0.0523368060105
online,MCD,ALL_RELEASED,Daphnet,0.298130581628
online,MCD,ALL_RELEASED,Exathlon,0.9209836254
online,MCD,ALL_RELEASED,GECCO,0.246450345644
online,MCD,ALL_RELEASED,GHL,0.0340280313641
online,MCD,ALL_RELEASED,Genesis,0.19763700914
online,MCD,ALL_RELEASED,LTDB,0.233525715516
online,MCD,ALL_RELEASED,MITDB,0.095221455787
online,MCD,ALL_RELEASED,MSL,0.187146321623
online,MCD,ALL_RELEASED,OPPORTUNITY,0.277106817698
online,MCD,ALL_RELEASED,PSM,0.279548500282
online,MCD,ALL_RELEASED,SMAP,0.158026429576
online,MCD,ALL_RELEASED,SMD,0.33084991849
online,MCD,ALL_RELEASED,SVDB,0.110749826492
online,MCD,ALL_RELEASED,SWaT,0.508087874045
online,MCD,ALL_RELEASED,TAO,0.999998576748
online,MCD,TSB_DRIFT,CATSv2,0.124648294784
online,MCD,TSB_DRIFT,CreditCard,0.0523368060105
online,MCD,TSB_DRIFT,Daphnet,0.298130581628
online,MCD,TSB_DRIFT,Exathlon,0.923767773408
online,MCD,TSB_DRIFT,GECCO,0.246450345644
online,MCD,TSB_DRIFT,GHL,0.0340280313641
online,MCD,TSB_DRIFT,LTDB,0.156577566814
online,MCD,TSB_DRIFT,MSL,0.0159826849749
online,MCD,TSB_DRIFT,OPPORTUNITY,0.277106817698
online,MCD,TSB_DRIFT,SMAP,0.260987647696
online,MCD,TSB_DRIFT,SMD,0.337394532361
online,MCD,TSB_DRIFT,SWaT,0.508087874045
online,MCD,TSB_DRIFT,TAO,0.999998294525
online,MCD,NON_DRIFT,Exathlon,0.920287588398
online,MCD,NON_DRIFT,Genesis,0.19763700914
online,MCD,NON_DRIFT,LTDB,0.259175098416
online,MCD,NON_DRIFT,MITDB,0.095221455787
online,MCD,NON_DRIFT,MSL,0.200312755211
online,MCD,NON_DRIFT,PSM,0.279548500282
online,MCD,NON_DRIFT,SMAP,0.132286125046
online,MCD,NON_DRIFT,SMD,0.311216076878
online,MCD,NON_DRIFT,SVDB,0.110749826492
online,MCD,NON_DRIFT,TAO,0.999999329343
online,MCD,MEASURED_SOURCE_ONLY,Daphnet,0.298130581628
online,MCD,MEASURED_SOURCE_ONLY,Exathlon,0.9209836254
online,MCD,MEASURED_SOURCE_ONLY,GECCO,0.246450345644
online,MCD,MEASURED_SOURCE_ONLY,Genesis,0.19763700914
online,MCD,MEASURED_SOURCE_ONLY,LTDB,0.233525715516
online,MCD,MEASURED_SOURCE_ONLY,MITDB,0.095221455787
online,MCD,MEASURED_SOURCE_ONLY,MSL,0.187146321623
online,MCD,MEASURED_SOURCE_ONLY,OPPORTUNITY,0.277106817698
online,MCD,MEASURED_SOURCE_ONLY,PSM,0.279548500282
online,MCD,MEASURED_SOURCE_ONLY,SMAP,0.158026429576
online,MCD,MEASURED_SOURCE_ONLY,SMD,0.33084991849
online,MCD,MEASURED_SOURCE_ONLY,SVDB,0.110749826492
online,MCD,MEASURED_SOURCE_ONLY,SWaT,0.508087874045
online,MCD,MEASURED_SOURCE_ONLY,TAO,0.999998576748
online,MCD,MEASURED_DRIFT,Daphnet,0.298130581628
online,MCD,MEASURED_DRIFT,Exathlon,0.923767773408
online,MCD,MEASURED_DRIFT,GECCO,0.246450345644
online,MCD,MEASURED_DRIFT,LTDB,0.156577566814
online,MCD,MEASURED_DRIFT,MSL,0.0159826849749
online,MCD,MEASURED_DRIFT,OPPORTUNITY,0.277106817698
online,MCD,MEASURED_DRIFT,SMAP,0.260987647696
online,MCD,MEASURED_DRIFT,SMD,0.337394532361
online,MCD,MEASURED_DRIFT,SWaT,0.508087874045
online,MCD,MEASURED_DRIFT,TAO,0.999998294525
online,MCD,SIMULATED_SOURCE,CATSv2,0.124648294784
online,MCD,SIMULATED_SOURCE,GHL,0.0340280313641
online,MCD,UNKNOWN_SOURCE,CreditCard,0.0523368060105
online,AnomalyTransformer,ALL_RELEASED,CATSv2,0.0460854845394
online,AnomalyTransformer,ALL_RELEASED,CreditCard,0.00198638400222
online,AnomalyTransformer,ALL_RELEASED,Daphnet,0.0630574714415
online,AnomalyTransformer,ALL_RELEASED,Exathlon,0.15460522897
online,AnomalyTransformer,ALL_RELEASED,GECCO,0.0287582956979
online,AnomalyTransformer,ALL_RELEASED,GHL,0.0179604600856
online,AnomalyTransformer,ALL_RELEASED,Genesis,0.0360940000403
online,AnomalyTransformer,ALL_RELEASED,LTDB,0.155192657608
online,AnomalyTransformer,ALL_RELEASED,MITDB,0.0623986190461
online,AnomalyTransformer,ALL_RELEASED,MSL,0.0910267975109
online,AnomalyTransformer,ALL_RELEASED,OPPORTUNITY,0.0472487424309
online,AnomalyTransformer,ALL_RELEASED,PSM,0.0992993432632
online,AnomalyTransformer,ALL_RELEASED,SMAP,0.0396416281985
online,AnomalyTransformer,ALL_RELEASED,SMD,0.04369000269
online,AnomalyTransformer,ALL_RELEASED,SVDB,0.0567533418125
online,AnomalyTransformer,ALL_RELEASED,SWaT,0.14182939202
online,AnomalyTransformer,ALL_RELEASED,TAO,0.0885661718106
online,AnomalyTransformer,TSB_DRIFT,CATSv2,0.0460854845394
online,AnomalyTransformer,TSB_DRIFT,CreditCard,0.00198638400222
online,AnomalyTransformer,TSB_DRIFT,Daphnet,0.0630574714415
online,AnomalyTransformer,TSB_DRIFT,Exathlon,0.128156390985
online,AnomalyTransformer,TSB_DRIFT,GECCO,0.0287582956979
online,AnomalyTransformer,TSB_DRIFT,GHL,0.0179604600856
online,AnomalyTransformer,TSB_DRIFT,LTDB,0.147220922037
online,AnomalyTransformer,TSB_DRIFT,MSL,0.00735294117647
online,AnomalyTransformer,TSB_DRIFT,OPPORTUNITY,0.0472487424309
online,AnomalyTransformer,TSB_DRIFT,SMAP,0.0199680614219
online,AnomalyTransformer,TSB_DRIFT,SMD,0.0406105745971
online,AnomalyTransformer,TSB_DRIFT,SWaT,0.14182939202
online,AnomalyTransformer,TSB_DRIFT,TAO,0.0687010298039
online,AnomalyTransformer,NON_DRIFT,Exathlon,0.161217438466
online,AnomalyTransformer,NON_DRIFT,Genesis,0.0360940000403
online,AnomalyTransformer,NON_DRIFT,LTDB,0.157849902799
online,AnomalyTransformer,NON_DRIFT,MITDB,0.0623986190461
online,AnomalyTransformer,NON_DRIFT,MSL,0.0974632479982
online,AnomalyTransformer,NON_DRIFT,PSM,0.0992993432632
online,AnomalyTransformer,NON_DRIFT,SMAP,0.0445600198927
online,AnomalyTransformer,NON_DRIFT,SMD,0.0529282869685
online,AnomalyTransformer,NON_DRIFT,SVDB,0.0567533418125
online,AnomalyTransformer,NON_DRIFT,TAO,0.141539883828
online,AnomalyTransformer,MEASURED_SOURCE_ONLY,Daphnet,0.0630574714415
online,AnomalyTransformer,MEASURED_SOURCE_ONLY,Exathlon,0.15460522897
online,AnomalyTransformer,MEASURED_SOURCE_ONLY,GECCO,0.0287582956979
online,AnomalyTransformer,MEASURED_SOURCE_ONLY,Genesis,0.0360940000403
online,AnomalyTransformer,MEASURED_SOURCE_ONLY,LTDB,0.155192657608
online,AnomalyTransformer,MEASURED_SOURCE_ONLY,MITDB,0.0623986190461
online,AnomalyTransformer,MEASURED_SOURCE_ONLY,MSL,0.0910267975109
online,AnomalyTransformer,MEASURED_SOURCE_ONLY,OPPORTUNITY,0.0472487424309
online,AnomalyTransformer,MEASURED_SOURCE_ONLY,PSM,0.0992993432632
online,AnomalyTransformer,MEASURED_SOURCE_ONLY,SMAP,0.0396416281985
online,AnomalyTransformer,MEASURED_SOURCE_ONLY,SMD,0.04369000269
online,AnomalyTransformer,MEASURED_SOURCE_ONLY,SVDB,0.0567533418125
online,AnomalyTransformer,MEASURED_SOURCE_ONLY,SWaT,0.14182939202
online,AnomalyTransformer,MEASURED_SOURCE_ONLY,TAO,0.0885661718106
online,AnomalyTransformer,MEASURED_DRIFT,Daphnet,0.0630574714415
online,AnomalyTransformer,MEASURED_DRIFT,Exathlon,0.128156390985
online,AnomalyTransformer,MEASURED_DRIFT,GECCO,0.0287582956979
online,AnomalyTransformer,MEASURED_DRIFT,LTDB,0.147220922037
online,AnomalyTransformer,MEASURED_DRIFT,MSL,0.00735294117647
online,AnomalyTransformer,MEASURED_DRIFT,OPPORTUNITY,0.0472487424309
online,AnomalyTransformer,MEASURED_DRIFT,SMAP,0.0199680614219
online,AnomalyTransformer,MEASURED_DRIFT,SMD,0.0406105745971
online,AnomalyTransformer,MEASURED_DRIFT,SWaT,0.14182939202
online,AnomalyTransformer,MEASURED_DRIFT,TAO,0.0687010298039
online,AnomalyTransformer,SIMULATED_SOURCE,CATSv2,0.0460854845394
online,AnomalyTransformer,SIMULATED_SOURCE,GHL,0.0179604600856
online,AnomalyTransformer,UNKNOWN_SOURCE,CreditCard,0.00198638400222
online,KNN,ALL_RELEASED,CATSv2,0.135613535248
online,KNN,ALL_RELEASED,CreditCard,0.140233749512
online,KNN,ALL_RELEASED,Daphnet,0.34743713436
online,KNN,ALL_RELEASED,Exathlon,0.936866488076
online,KNN,ALL_RELEASED,GECCO,0.203106889021
online,KNN,ALL_RELEASED,GHL,0.0322733824981
online,KNN,ALL_RELEASED,Genesis,0.0674174309146
online,KNN,ALL_RELEASED,LTDB,0.268860953623
online,KNN,ALL_RELEASED,MITDB,0.128884148468
online,KNN,ALL_RELEASED,MSL,0.21290534921
online,KNN,ALL_RELEASED,OPPORTUNITY,0.164619277761
online,KNN,ALL_RELEASED,PSM,0.204357417936
online,KNN,ALL_RELEASED,SMAP,0.165434241044
online,KNN,ALL_RELEASED,SMD,0.407272758794
online,KNN,ALL_RELEASED,SVDB,0.156579552139
online,KNN,ALL_RELEASED,SWaT,0.566275279892
online,KNN,ALL_RELEASED,TAO,0.825672620132
online,KNN,TSB_DRIFT,CATSv2,0.135613535248
online,KNN,TSB_DRIFT,CreditCard,0.140233749512
online,KNN,TSB_DRIFT,Daphnet,0.34743713436
online,KNN,TSB_DRIFT,Exathlon,0.717700533137
online,KNN,TSB_DRIFT,GECCO,0.203106889021
online,KNN,TSB_DRIFT,GHL,0.0322733824981
online,KNN,TSB_DRIFT,LTDB,0.144635522331
online,KNN,TSB_DRIFT,MSL,0.0174431484816
online,KNN,TSB_DRIFT,OPPORTUNITY,0.164619277761
online,KNN,TSB_DRIFT,SMAP,0.27459947791
online,KNN,TSB_DRIFT,SMD,0.429581588376
online,KNN,TSB_DRIFT,SWaT,0.566275279892
online,KNN,TSB_DRIFT,TAO,0.941147615561
online,KNN,NON_DRIFT,Exathlon,0.991657976811
online,KNN,NON_DRIFT,Genesis,0.0674174309146
online,KNN,NON_DRIFT,LTDB,0.31026943072
online,KNN,NON_DRIFT,MITDB,0.128884148468
online,KNN,NON_DRIFT,MSL,0.227940903112
online,KNN,NON_DRIFT,PSM,0.204357417936
online,KNN,NON_DRIFT,SMAP,0.138142931828
online,KNN,NON_DRIFT,SMD,0.340346270048
online,KNN,NON_DRIFT,SVDB,0.156579552139
online,KNN,NON_DRIFT,TAO,0.517739298987
online,KNN,MEASURED_SOURCE_ONLY,Daphnet,0.34743713436
online,KNN,MEASURED_SOURCE_ONLY,Exathlon,0.936866488076
online,KNN,MEASURED_SOURCE_ONLY,GECCO,0.203106889021
online,KNN,MEASURED_SOURCE_ONLY,Genesis,0.0674174309146
online,KNN,MEASURED_SOURCE_ONLY,LTDB,0.268860953623
online,KNN,MEASURED_SOURCE_ONLY,MITDB,0.128884148468
online,KNN,MEASURED_SOURCE_ONLY,MSL,0.21290534921
online,KNN,MEASURED_SOURCE_ONLY,OPPORTUNITY,0.164619277761
online,KNN,MEASURED_SOURCE_ONLY,PSM,0.204357417936
online,KNN,MEASURED_SOURCE_ONLY,SMAP,0.165434241044
online,KNN,MEASURED_SOURCE_ONLY,SMD,0.407272758794
online,KNN,MEASURED_SOURCE_ONLY,SVDB,0.156579552139
online,KNN,MEASURED_SOURCE_ONLY,SWaT,0.566275279892
online,KNN,MEASURED_SOURCE_ONLY,TAO,0.825672620132
online,KNN,MEASURED_DRIFT,Daphnet,0.34743713436
online,KNN,MEASURED_DRIFT,Exathlon,0.717700533137
online,KNN,MEASURED_DRIFT,GECCO,0.203106889021
online,KNN,MEASURED_DRIFT,LTDB,0.144635522331
online,KNN,MEASURED_DRIFT,MSL,0.0174431484816
online,KNN,MEASURED_DRIFT,OPPORTUNITY,0.164619277761
online,KNN,MEASURED_DRIFT,SMAP,0.27459947791
online,KNN,MEASURED_DRIFT,SMD,0.429581588376
online,KNN,MEASURED_DRIFT,SWaT,0.566275279892
online,KNN,MEASURED_DRIFT,TAO,0.941147615561
online,KNN,SIMULATED_SOURCE,CATSv2,0.135613535248
online,KNN,SIMULATED_SOURCE,GHL,0.0322733824981
online,KNN,UNKNOWN_SOURCE,CreditCard,0.140233749512
online,TimesNet,ALL_RELEASED,CATSv2,0.128827995505
online,TimesNet,ALL_RELEASED,CreditCard,0.124613423479
online,TimesNet,ALL_RELEASED,Daphnet,0.281270474657
online,TimesNet,ALL_RELEASED,Exathlon,0.815052666127
online,TimesNet,ALL_RELEASED,GECCO,0.703594679391
online,TimesNet,ALL_RELEASED,GHL,0.00592545219712
online,TimesNet,ALL_RELEASED,Genesis,0.0222193583551
online,TimesNet,ALL_RELEASED,LTDB,0.245344248294
online,TimesNet,ALL_RELEASED,MITDB,0.117176449528
online,TimesNet,ALL_RELEASED,MSL,0.250582703205
online,TimesNet,ALL_RELEASED,OPPORTUNITY,0.0958682186165
online,TimesNet,ALL_RELEASED,PSM,0.122808682594
online,TimesNet,ALL_RELEASED,SMAP,0.338472851114
online,TimesNet,ALL_RELEASED,SMD,0.329144161925
online,TimesNet,ALL_RELEASED,SVDB,0.117457387257
online,TimesNet,ALL_RELEASED,SWaT,0.171249291869
online,TimesNet,ALL_RELEASED,TAO,0.992397858252
online,TimesNet,TSB_DRIFT,CATSv2,0.128827995505
online,TimesNet,TSB_DRIFT,CreditCard,0.124613423479
online,TimesNet,TSB_DRIFT,Daphnet,0.281270474657
online,TimesNet,TSB_DRIFT,Exathlon,0.582177389658
online,TimesNet,TSB_DRIFT,GECCO,0.703594679391
online,TimesNet,TSB_DRIFT,GHL,0.00592545219712
online,TimesNet,TSB_DRIFT,LTDB,0.142322390892
online,TimesNet,TSB_DRIFT,MSL,0.338493728805
online,TimesNet,TSB_DRIFT,OPPORTUNITY,0.0958682186165
online,TimesNet,TSB_DRIFT,SMAP,0.533567914418
online,TimesNet,TSB_DRIFT,SMD,0.338378582928
online,TimesNet,TSB_DRIFT,SWaT,0.171249291869
online,TimesNet,TSB_DRIFT,TAO,0.992297507971
online,TimesNet,NON_DRIFT,Exathlon,0.873271485244
online,TimesNet,NON_DRIFT,Genesis,0.0222193583551
online,TimesNet,NON_DRIFT,LTDB,0.279684867428
online,TimesNet,NON_DRIFT,MITDB,0.117176449528
online,TimesNet,NON_DRIFT,MSL,0.24382031662
online,TimesNet,NON_DRIFT,PSM,0.122808682594
online,TimesNet,NON_DRIFT,SMAP,0.289699085288
online,TimesNet,NON_DRIFT,SMD,0.301440898916
online,TimesNet,NON_DRIFT,SVDB,0.117457387257
online,TimesNet,NON_DRIFT,TAO,0.992665458999
online,TimesNet,MEASURED_SOURCE_ONLY,Daphnet,0.281270474657
online,TimesNet,MEASURED_SOURCE_ONLY,Exathlon,0.815052666127
online,TimesNet,MEASURED_SOURCE_ONLY,GECCO,0.703594679391
online,TimesNet,MEASURED_SOURCE_ONLY,Genesis,0.0222193583551
online,TimesNet,MEASURED_SOURCE_ONLY,LTDB,0.245344248294
online,TimesNet,MEASURED_SOURCE_ONLY,MITDB,0.117176449528
online,TimesNet,MEASURED_SOURCE_ONLY,MSL,0.250582703205
online,TimesNet,MEASURED_SOURCE_ONLY,OPPORTUNITY,0.0958682186165
online,TimesNet,MEASURED_SOURCE_ONLY,PSM,0.122808682594
online,TimesNet,MEASURED_SOURCE_ONLY,SMAP,0.338472851114
online,TimesNet,MEASURED_SOURCE_ONLY,SMD,0.329144161925
online,TimesNet,MEASURED_SOURCE_ONLY,SVDB,0.117457387257
online,TimesNet,MEASURED_SOURCE_ONLY,SWaT,0.171249291869
online,TimesNet,MEASURED_SOURCE_ONLY,TAO,0.992397858252
online,TimesNet,MEASURED_DRIFT,Daphnet,0.281270474657
online,TimesNet,MEASURED_DRIFT,Exathlon,0.582177389658
online,TimesNet,MEASURED_DRIFT,GECCO,0.703594679391
online,TimesNet,MEASURED_DRIFT,LTDB,0.142322390892
online,TimesNet,MEASURED_DRIFT,MSL,0.338493728805
online,TimesNet,MEASURED_DRIFT,OPPORTUNITY,0.0958682186165
online,TimesNet,MEASURED_DRIFT,SMAP,0.533567914418
online,TimesNet,MEASURED_DRIFT,SMD,0.338378582928
online,TimesNet,MEASURED_DRIFT,SWaT,0.171249291869
online,TimesNet,MEASURED_DRIFT,TAO,0.992297507971
online,TimesNet,SIMULATED_SOURCE,CATSv2,0.128827995505
online,TimesNet,SIMULATED_SOURCE,GHL,0.00592545219712
online,TimesNet,UNKNOWN_SOURCE,CreditCard,0.124613423479
online,TranAD,ALL_RELEASED,CATSv2,0.122756184869
online,TranAD,ALL_RELEASED,CreditCard,0.135776827547
online,TranAD,ALL_RELEASED,Daphnet,0.352164397552
online,TranAD,ALL_RELEASED,Exathlon,0.830988035973
online,TranAD,ALL_RELEASED,GECCO,0.205100608882
online,TranAD,ALL_RELEASED,GHL,0.0184462969651
online,TranAD,ALL_RELEASED,Genesis,0.0479226173341
online,TranAD,ALL_RELEASED,LTDB,0.223770293212
online,TranAD,ALL_RELEASED,MITDB,0.103199091225
online,TranAD,ALL_RELEASED,MSL,0.215256778569
online,TranAD,ALL_RELEASED,OPPORTUNITY,0
online,TranAD,ALL_RELEASED,PSM,0.156504230112
online,TranAD,ALL_RELEASED,SMAP,0.160263060511
online,TranAD,ALL_RELEASED,SMD,0.356031773766
online,TranAD,ALL_RELEASED,SVDB,0.103498969993
online,TranAD,ALL_RELEASED,SWaT,0.544093848799
online,TranAD,ALL_RELEASED,TAO,0.998293023126
online,TranAD,TSB_DRIFT,CATSv2,0.122756184869
online,TranAD,TSB_DRIFT,CreditCard,0.135776827547
online,TranAD,TSB_DRIFT,Daphnet,0.352164397552
online,TranAD,TSB_DRIFT,Exathlon,0.197488646626
online,TranAD,TSB_DRIFT,GECCO,0.205100608882
online,TranAD,TSB_DRIFT,GHL,0.0184462969651
online,TranAD,TSB_DRIFT,LTDB,0.138842703459
online,TranAD,TSB_DRIFT,MSL,0.0160559062067
online,TranAD,TSB_DRIFT,OPPORTUNITY,0
online,TranAD,TSB_DRIFT,SMAP,0.286669820073
online,TranAD,TSB_DRIFT,SMD,0.366629275974
online,TranAD,TSB_DRIFT,SWaT,0.544093848799
online,TranAD,TSB_DRIFT,TAO,0.998615565477
online,TranAD,NON_DRIFT,Exathlon,0.98936288331
online,TranAD,NON_DRIFT,Genesis,0.0479226173341
online,TranAD,NON_DRIFT,LTDB,0.252079489797
online,TranAD,NON_DRIFT,MITDB,0.103199091225
online,TranAD,NON_DRIFT,MSL,0.230579922597
online,TranAD,NON_DRIFT,PSM,0.156504230112
online,TranAD,NON_DRIFT,SMAP,0.128661370621
online,TranAD,NON_DRIFT,SMD,0.324239267141
online,TranAD,NON_DRIFT,SVDB,0.103498969993
online,TranAD,NON_DRIFT,TAO,0.997432910191
online,TranAD,MEASURED_SOURCE_ONLY,Daphnet,0.352164397552
online,TranAD,MEASURED_SOURCE_ONLY,Exathlon,0.830988035973
online,TranAD,MEASURED_SOURCE_ONLY,GECCO,0.205100608882
online,TranAD,MEASURED_SOURCE_ONLY,Genesis,0.0479226173341
online,TranAD,MEASURED_SOURCE_ONLY,LTDB,0.223770293212
online,TranAD,MEASURED_SOURCE_ONLY,MITDB,0.103199091225
online,TranAD,MEASURED_SOURCE_ONLY,MSL,0.215256778569
online,TranAD,MEASURED_SOURCE_ONLY,OPPORTUNITY,0
online,TranAD,MEASURED_SOURCE_ONLY,PSM,0.156504230112
online,TranAD,MEASURED_SOURCE_ONLY,SMAP,0.160263060511
online,TranAD,MEASURED_SOURCE_ONLY,SMD,0.356031773766
online,TranAD,MEASURED_SOURCE_ONLY,SVDB,0.103498969993
online,TranAD,MEASURED_SOURCE_ONLY,SWaT,0.544093848799
online,TranAD,MEASURED_SOURCE_ONLY,TAO,0.998293023126
online,TranAD,MEASURED_DRIFT,Daphnet,0.352164397552
online,TranAD,MEASURED_DRIFT,Exathlon,0.197488646626
online,TranAD,MEASURED_DRIFT,GECCO,0.205100608882
online,TranAD,MEASURED_DRIFT,LTDB,0.138842703459
online,TranAD,MEASURED_DRIFT,MSL,0.0160559062067
online,TranAD,MEASURED_DRIFT,OPPORTUNITY,0
online,TranAD,MEASURED_DRIFT,SMAP,0.286669820073
online,TranAD,MEASURED_DRIFT,SMD,0.366629275974
online,TranAD,MEASURED_DRIFT,SWaT,0.544093848799
online,TranAD,MEASURED_DRIFT,TAO,0.998615565477
online,TranAD,SIMULATED_SOURCE,CATSv2,0.122756184869
online,TranAD,SIMULATED_SOURCE,GHL,0.0184462969651
online,TranAD,UNKNOWN_SOURCE,CreditCard,0.135776827547
online,IForest,ALL_RELEASED,CATSv2,0.0613723048887
online,IForest,ALL_RELEASED,CreditCard,0.00551933563883
online,IForest,ALL_RELEASED,Daphnet,0.42524167822
online,IForest,ALL_RELEASED,Exathlon,0.977670116149
online,IForest,ALL_RELEASED,GECCO,0.0231967944112
online,IForest,ALL_RELEASED,GHL,0.0182360225092
online,IForest,ALL_RELEASED,Genesis,0.00470737980981
online,IForest,ALL_RELEASED,LTDB,0.298293324884
online,IForest,ALL_RELEASED,MITDB,0.107599464702
online,IForest,ALL_RELEASED,MSL,0.119009420165
online,IForest,ALL_RELEASED,OPPORTUNITY,0.22971863713
online,IForest,ALL_RELEASED,PSM,0.159072521319
online,IForest,ALL_RELEASED,SMAP,0.053562802062
online,IForest,ALL_RELEASED,SMD,0.159943709588
online,IForest,ALL_RELEASED,SVDB,0.255133975125
online,IForest,ALL_RELEASED,SWaT,0.459635080405
online,IForest,ALL_RELEASED,TAO,0.092284298497
online,IForest,TSB_DRIFT,CATSv2,0.0613723048887
online,IForest,TSB_DRIFT,CreditCard,0.00551933563883
online,IForest,TSB_DRIFT,Daphnet,0.42524167822
online,IForest,TSB_DRIFT,Exathlon,0.978143019752
online,IForest,TSB_DRIFT,GECCO,0.0231967944112
online,IForest,TSB_DRIFT,GHL,0.0182360225092
online,IForest,TSB_DRIFT,LTDB,0.152456869466
online,IForest,TSB_DRIFT,MSL,0.00619750707517
online,IForest,TSB_DRIFT,OPPORTUNITY,0.22971863713
online,IForest,TSB_DRIFT,SMAP,0.0169052189278
online,IForest,TSB_DRIFT,SMD,0.156201723914
online,IForest,TSB_DRIFT,SWaT,0.459635080405
online,IForest,TSB_DRIFT,TAO,0.0706633167192
online,IForest,NON_DRIFT,Exathlon,0.977551890249
online,IForest,NON_DRIFT,Genesis,0.00470737980981
online,IForest,NON_DRIFT,LTDB,0.34690547669
online,IForest,NON_DRIFT,MITDB,0.107599464702
online,IForest,NON_DRIFT,MSL,0.127687259633
online,IForest,NON_DRIFT,PSM,0.159072521319
online,IForest,NON_DRIFT,SMAP,0.0627271978456
online,IForest,NON_DRIFT,SMD,0.171169666613
online,IForest,NON_DRIFT,SVDB,0.255133975125
online,IForest,NON_DRIFT,TAO,0.149940249904
online,IForest,MEASURED_SOURCE_ONLY,Daphnet,0.42524167822
online,IForest,MEASURED_SOURCE_ONLY,Exathlon,0.977670116149
online,IForest,MEASURED_SOURCE_ONLY,GECCO,0.0231967944112
online,IForest,MEASURED_SOURCE_ONLY,Genesis,0.00470737980981
online,IForest,MEASURED_SOURCE_ONLY,LTDB,0.298293324884
online,IForest,MEASURED_SOURCE_ONLY,MITDB,0.107599464702
online,IForest,MEASURED_SOURCE_ONLY,MSL,0.119009420165
online,IForest,MEASURED_SOURCE_ONLY,OPPORTUNITY,0.22971863713
online,IForest,MEASURED_SOURCE_ONLY,PSM,0.159072521319
online,IForest,MEASURED_SOURCE_ONLY,SMAP,0.053562802062
online,IForest,MEASURED_SOURCE_ONLY,SMD,0.159943709588
online,IForest,MEASURED_SOURCE_ONLY,SVDB,0.255133975125
online,IForest,MEASURED_SOURCE_ONLY,SWaT,0.459635080405
online,IForest,MEASURED_SOURCE_ONLY,TAO,0.092284298497
online,IForest,MEASURED_DRIFT,Daphnet,0.42524167822
online,IForest,MEASURED_DRIFT,Exathlon,0.978143019752
online,IForest,MEASURED_DRIFT,GECCO,0.0231967944112
online,IForest,MEASURED_DRIFT,LTDB,0.152456869466
online,IForest,MEASURED_DRIFT,MSL,0.00619750707517
online,IForest,MEASURED_DRIFT,OPPORTUNITY,0.22971863713
online,IForest,MEASURED_DRIFT,SMAP,0.0169052189278
online,IForest,MEASURED_DRIFT,SMD,0.156201723914
online,IForest,MEASURED_DRIFT,SWaT,0.459635080405
online,IForest,MEASURED_DRIFT,TAO,0.0706633167192
online,IForest,SIMULATED_SOURCE,CATSv2,0.0613723048887
online,IForest,SIMULATED_SOURCE,GHL,0.0182360225092
online,IForest,UNKNOWN_SOURCE,CreditCard,0.00551933563883
online,PCA,ALL_RELEASED,CATSv2,0.162283897759
online,PCA,ALL_RELEASED,CreditCard,0.00979003948587
online,PCA,ALL_RELEASED,Daphnet,0.452075185513
online,PCA,ALL_RELEASED,Exathlon,0.890931778671
online,PCA,ALL_RELEASED,GECCO,0.298239209047
online,PCA,ALL_RELEASED,GHL,0.0154410262154
online,PCA,ALL_RELEASED,Genesis,0.00630065353553
online,PCA,ALL_RELEASED,LTDB,0.344145440135
online,PCA,ALL_RELEASED,MITDB,0.167392656578
online,PCA,ALL_RELEASED,MSL,0.2012000955
online,PCA,ALL_RELEASED,OPPORTUNITY,0.168456762205
online,PCA,ALL_RELEASED,PSM,0.159050325524
online,PCA,ALL_RELEASED,SMAP,0.186782920682
online,PCA,ALL_RELEASED,SMD,0.302075269622
online,PCA,ALL_RELEASED,SVDB,0.363505491031
online,PCA,ALL_RELEASED,SWaT,0.57792219748
online,PCA,ALL_RELEASED,TAO,0.0976977378917
online,PCA,TSB_DRIFT,CATSv2,0.162283897759
online,PCA,TSB_DRIFT,CreditCard,0.00979003948587
online,PCA,TSB_DRIFT,Daphnet,0.452075185513
online,PCA,TSB_DRIFT,Exathlon,0.906833810857
online,PCA,TSB_DRIFT,GECCO,0.298239209047
online,PCA,TSB_DRIFT,GHL,0.0154410262154
online,PCA,TSB_DRIFT,LTDB,0.147380929718
online,PCA,TSB_DRIFT,MSL,0.00528001028405
online,PCA,TSB_DRIFT,OPPORTUNITY,0.168456762205
online,PCA,TSB_DRIFT,SMAP,0.0362903365874
online,PCA,TSB_DRIFT,SMD,0.306400475108
online,PCA,TSB_DRIFT,SWaT,0.57792219748
online,PCA,TSB_DRIFT,TAO,0.0750082119943
online,PCA,NON_DRIFT,Exathlon,0.886956270624
online,PCA,NON_DRIFT,Genesis,0.00630065353553
online,PCA,NON_DRIFT,LTDB,0.409733610273
online,PCA,NON_DRIFT,MITDB,0.167392656578
online,PCA,NON_DRIFT,MSL,0.216270871286
online,PCA,NON_DRIFT,PSM,0.159050325524
online,PCA,NON_DRIFT,SMAP,0.224406066705
online,PCA,NON_DRIFT,SMD,0.289099653164
online,PCA,NON_DRIFT,SVDB,0.363505491031
online,PCA,NON_DRIFT,TAO,0.158203140285
online,PCA,MEASURED_SOURCE_ONLY,Daphnet,0.452075185513
online,PCA,MEASURED_SOURCE_ONLY,Exathlon,0.890931778671
online,PCA,MEASURED_SOURCE_ONLY,GECCO,0.298239209047
online,PCA,MEASURED_SOURCE_ONLY,Genesis,0.00630065353553
online,PCA,MEASURED_SOURCE_ONLY,LTDB,0.344145440135
online,PCA,MEASURED_SOURCE_ONLY,MITDB,0.167392656578
online,PCA,MEASURED_SOURCE_ONLY,MSL,0.2012000955
online,PCA,MEASURED_SOURCE_ONLY,OPPORTUNITY,0.168456762205
online,PCA,MEASURED_SOURCE_ONLY,PSM,0.159050325524
online,PCA,MEASURED_SOURCE_ONLY,SMAP,0.186782920682
online,PCA,MEASURED_SOURCE_ONLY,SMD,0.302075269622
online,PCA,MEASURED_SOURCE_ONLY,SVDB,0.363505491031
online,PCA,MEASURED_SOURCE_ONLY,SWaT,0.57792219748
online,PCA,MEASURED_SOURCE_ONLY,TAO,0.0976977378917
online,PCA,MEASURED_DRIFT,Daphnet,0.452075185513
online,PCA,MEASURED_DRIFT,Exathlon,0.906833810857
online,PCA,MEASURED_DRIFT,GECCO,0.298239209047
online,PCA,MEASURED_DRIFT,LTDB,0.147380929718
online,PCA,MEASURED_DRIFT,MSL,0.00528001028405
online,PCA,MEASURED_DRIFT,OPPORTUNITY,0.168456762205
online,PCA,MEASURED_DRIFT,SMAP,0.0362903365874
online,PCA,MEASURED_DRIFT,SMD,0.306400475108
online,PCA,MEASURED_DRIFT,SWaT,0.57792219748
online,PCA,MEASURED_DRIFT,TAO,0.0750082119943
online,PCA,SIMULATED_SOURCE,CATSv2,0.162283897759
online,PCA,SIMULATED_SOURCE,GHL,0.0154410262154
online,PCA,UNKNOWN_SOURCE,CreditCard,0.00979003948587
online,RobustPCA,ALL_RELEASED,CATSv2,0.0772897003166
online,RobustPCA,ALL_RELEASED,CreditCard,0.00338561982845
online,RobustPCA,ALL_RELEASED,Daphnet,0.170034120507
online,RobustPCA,ALL_RELEASED,Exathlon,0.774103313758
online,RobustPCA,ALL_RELEASED,GECCO,0.0120235752356
online,RobustPCA,ALL_RELEASED,GHL,0.0748146548068
online,RobustPCA,ALL_RELEASED,Genesis,0.00225749795942
online,RobustPCA,ALL_RELEASED,LTDB,0.247155932625
online,RobustPCA,ALL_RELEASED,MITDB,0.0841750585479
online,RobustPCA,ALL_RELEASED,MSL,0.0646164947333
online,RobustPCA,ALL_RELEASED,OPPORTUNITY,0.148121832596
online,RobustPCA,ALL_RELEASED,PSM,0.134746844629
online,RobustPCA,ALL_RELEASED,SMAP,0.0517924611232
online,RobustPCA,ALL_RELEASED,SMD,0.295364203778
online,RobustPCA,ALL_RELEASED,SVDB,0.104512007786
online,RobustPCA,ALL_RELEASED,SWaT,0.30608800766
online,RobustPCA,ALL_RELEASED,TAO,0.988387875951
online,RobustPCA,TSB_DRIFT,CATSv2,0.0772897003166
online,RobustPCA,TSB_DRIFT,CreditCard,0.00338561982845
online,RobustPCA,TSB_DRIFT,Daphnet,0.170034120507
online,RobustPCA,TSB_DRIFT,Exathlon,0.937087931614
online,RobustPCA,TSB_DRIFT,GECCO,0.0120235752356
online,RobustPCA,TSB_DRIFT,GHL,0.0748146548068
online,RobustPCA,TSB_DRIFT,LTDB,0.14280405168
online,RobustPCA,TSB_DRIFT,MSL,0.0139363873753
online,RobustPCA,TSB_DRIFT,OPPORTUNITY,0.148121832596
online,RobustPCA,TSB_DRIFT,SMAP,0.101091397324
online,RobustPCA,TSB_DRIFT,SMD,0.327639799041
online,RobustPCA,TSB_DRIFT,SWaT,0.30608800766
online,RobustPCA,TSB_DRIFT,TAO,0.988799062248
online,RobustPCA,NON_DRIFT,Exathlon,0.733357159294
online,RobustPCA,NON_DRIFT,Genesis,0.00225749795942
online,RobustPCA,NON_DRIFT,LTDB,0.281939892941
online,RobustPCA,NON_DRIFT,MITDB,0.0841750585479
online,RobustPCA,NON_DRIFT,MSL,0.0685149645301
online,RobustPCA,NON_DRIFT,PSM,0.134746844629
online,RobustPCA,NON_DRIFT,SMAP,0.039467727073
online,RobustPCA,NON_DRIFT,SMD,0.198537417987
online,RobustPCA,NON_DRIFT,SVDB,0.104512007786
online,RobustPCA,NON_DRIFT,TAO,0.987291379159
online,RobustPCA,MEASURED_SOURCE_ONLY,Daphnet,0.170034120507
online,RobustPCA,MEASURED_SOURCE_ONLY,Exathlon,0.774103313758
online,RobustPCA,MEASURED_SOURCE_ONLY,GECCO,0.0120235752356
online,RobustPCA,MEASURED_SOURCE_ONLY,Genesis,0.00225749795942
online,RobustPCA,MEASURED_SOURCE_ONLY,LTDB,0.247155932625
online,RobustPCA,MEASURED_SOURCE_ONLY,MITDB,0.0841750585479
online,RobustPCA,MEASURED_SOURCE_ONLY,MSL,0.0646164947333
online,RobustPCA,MEASURED_SOURCE_ONLY,OPPORTUNITY,0.148121832596
online,RobustPCA,MEASURED_SOURCE_ONLY,PSM,0.134746844629
online,RobustPCA,MEASURED_SOURCE_ONLY,SMAP,0.0517924611232
online,RobustPCA,MEASURED_SOURCE_ONLY,SMD,0.295364203778
online,RobustPCA,MEASURED_SOURCE_ONLY,SVDB,0.104512007786
online,RobustPCA,MEASURED_SOURCE_ONLY,SWaT,0.30608800766
online,RobustPCA,MEASURED_SOURCE_ONLY,TAO,0.988387875951
online,RobustPCA,MEASURED_DRIFT,Daphnet,0.170034120507
online,RobustPCA,MEASURED_DRIFT,Exathlon,0.937087931614
online,RobustPCA,MEASURED_DRIFT,GECCO,0.0120235752356
online,RobustPCA,MEASURED_DRIFT,LTDB,0.14280405168
online,RobustPCA,MEASURED_DRIFT,MSL,0.0139363873753
online,RobustPCA,MEASURED_DRIFT,OPPORTUNITY,0.148121832596
online,RobustPCA,MEASURED_DRIFT,SMAP,0.101091397324
online,RobustPCA,MEASURED_DRIFT,SMD,0.327639799041
online,RobustPCA,MEASURED_DRIFT,SWaT,0.30608800766
online,RobustPCA,MEASURED_DRIFT,TAO,0.988799062248
online,RobustPCA,SIMULATED_SOURCE,CATSv2,0.0772897003166
online,RobustPCA,SIMULATED_SOURCE,GHL,0.0748146548068
online,RobustPCA,UNKNOWN_SOURCE,CreditCard,0.00338561982845
online,LSTMAD,ALL_RELEASED,CATSv2,0.120743658401
online,LSTMAD,ALL_RELEASED,CreditCard,0.135182209504
online,LSTMAD,ALL_RELEASED,Daphnet,0.355369070237
online,LSTMAD,ALL_RELEASED,Exathlon,0.93775520388
online,LSTMAD,ALL_RELEASED,GECCO,0.204369384287
online,LSTMAD,ALL_RELEASED,GHL,0.0153114193574
online,LSTMAD,ALL_RELEASED,Genesis,0.0483411310412
online,LSTMAD,ALL_RELEASED,LTDB,0.26106665144
online,LSTMAD,ALL_RELEASED,MITDB,0.140233609517
online,LSTMAD,ALL_RELEASED,MSL,0.267052635807
online,LSTMAD,ALL_RELEASED,OPPORTUNITY,0.145826008195
online,LSTMAD,ALL_RELEASED,PSM,0.186704143068
online,LSTMAD,ALL_RELEASED,SMAP,0.161910551266
online,LSTMAD,ALL_RELEASED,SMD,0.354596044539
online,LSTMAD,ALL_RELEASED,SVDB,0.158237637653
online,LSTMAD,ALL_RELEASED,SWaT,0.542677188236
online,LSTMAD,ALL_RELEASED,TAO,0.975490316928
online,LSTMAD,TSB_DRIFT,CATSv2,0.120743658401
online,LSTMAD,TSB_DRIFT,CreditCard,0.135182209504
online,LSTMAD,TSB_DRIFT,Daphnet,0.355369070237
online,LSTMAD,TSB_DRIFT,Exathlon,0.717761001162
online,LSTMAD,TSB_DRIFT,GECCO,0.204369384287
online,LSTMAD,TSB_DRIFT,GHL,0.0153114193574
online,LSTMAD,TSB_DRIFT,LTDB,0.139146237183
online,LSTMAD,TSB_DRIFT,MSL,0.0221180416474
online,LSTMAD,TSB_DRIFT,OPPORTUNITY,0.145826008195
online,LSTMAD,TSB_DRIFT,SMAP,0.286163822312
online,LSTMAD,TSB_DRIFT,SMD,0.364614488208
online,LSTMAD,TSB_DRIFT,SWaT,0.542677188236
online,LSTMAD,TSB_DRIFT,TAO,0.975585364103
online,LSTMAD,NON_DRIFT,Exathlon,0.992753754559
online,LSTMAD,NON_DRIFT,Genesis,0.0483411310412
online,LSTMAD,NON_DRIFT,LTDB,0.301706789525
online,LSTMAD,NON_DRIFT,MITDB,0.140233609517
online,LSTMAD,NON_DRIFT,MSL,0.285893758435
online,LSTMAD,NON_DRIFT,PSM,0.186704143068
online,LSTMAD,NON_DRIFT,SMAP,0.130847233505
online,LSTMAD,NON_DRIFT,SMD,0.324540713532
online,LSTMAD,NON_DRIFT,SVDB,0.158237637653
online,LSTMAD,NON_DRIFT,TAO,0.975236857796
online,LSTMAD,MEASURED_SOURCE_ONLY,Daphnet,0.355369070237
online,LSTMAD,MEASURED_SOURCE_ONLY,Exathlon,0.93775520388
online,LSTMAD,MEASURED_SOURCE_ONLY,GECCO,0.204369384287
online,LSTMAD,MEASURED_SOURCE_ONLY,Genesis,0.0483411310412
online,LSTMAD,MEASURED_SOURCE_ONLY,LTDB,0.26106665144
online,LSTMAD,MEASURED_SOURCE_ONLY,MITDB,0.140233609517
online,LSTMAD,MEASURED_SOURCE_ONLY,MSL,0.267052635807
online,LSTMAD,MEASURED_SOURCE_ONLY,OPPORTUNITY,0.145826008195
online,LSTMAD,MEASURED_SOURCE_ONLY,PSM,0.186704143068
online,LSTMAD,MEASURED_SOURCE_ONLY,SMAP,0.161910551266
online,LSTMAD,MEASURED_SOURCE_ONLY,SMD,0.354596044539
online,LSTMAD,MEASURED_SOURCE_ONLY,SVDB,0.158237637653
online,LSTMAD,MEASURED_SOURCE_ONLY,SWaT,0.542677188236
online,LSTMAD,MEASURED_SOURCE_ONLY,TAO,0.975490316928
online,LSTMAD,MEASURED_DRIFT,Daphnet,0.355369070237
online,LSTMAD,MEASURED_DRIFT,Exathlon,0.717761001162
online,LSTMAD,MEASURED_DRIFT,GECCO,0.204369384287
online,LSTMAD,MEASURED_DRIFT,LTDB,0.139146237183
online,LSTMAD,MEASURED_DRIFT,MSL,0.0221180416474
online,LSTMAD,MEASURED_DRIFT,OPPORTUNITY,0.145826008195
online,LSTMAD,MEASURED_DRIFT,SMAP,0.286163822312
online,LSTMAD,MEASURED_DRIFT,SMD,0.364614488208
online,LSTMAD,MEASURED_DRIFT,SWaT,0.542677188236
online,LSTMAD,MEASURED_DRIFT,TAO,0.975585364103
online,LSTMAD,SIMULATED_SOURCE,CATSv2,0.120743658401
online,LSTMAD,SIMULATED_SOURCE,GHL,0.0153114193574
online,LSTMAD,UNKNOWN_SOURCE,CreditCard,0.135182209504
streaming,LODA,ALL_RELEASED,CATSv2,0.052964175601
streaming,LODA,ALL_RELEASED,CreditCard,0.0186076156796
streaming,LODA,ALL_RELEASED,Daphnet,0.270247230769
streaming,LODA,ALL_RELEASED,Exathlon,0.424159273628
streaming,LODA,ALL_RELEASED,GECCO,0.00992511799322
streaming,LODA,ALL_RELEASED,GHL,0.0352702832103
streaming,LODA,ALL_RELEASED,Genesis,0.113787673182
streaming,LODA,ALL_RELEASED,LTDB,0.213716990019
streaming,LODA,ALL_RELEASED,MITDB,0.0836234329551
streaming,LODA,ALL_RELEASED,MSL,0.0580378653767
streaming,LODA,ALL_RELEASED,OPPORTUNITY,0.139051528786
streaming,LODA,ALL_RELEASED,PSM,0.17668271137
streaming,LODA,ALL_RELEASED,SMAP,0.0582682656905
streaming,LODA,ALL_RELEASED,SMD,0.18549885891
streaming,LODA,ALL_RELEASED,SVDB,0.0743020227508
streaming,LODA,ALL_RELEASED,SWaT,0.144928473067
streaming,LODA,ALL_RELEASED,TAO,0.0560459838254
streaming,LODA,TSB_DRIFT,CATSv2,0.052964175601
streaming,LODA,TSB_DRIFT,CreditCard,0.0186076156796
streaming,LODA,TSB_DRIFT,Daphnet,0.270247230769
streaming,LODA,TSB_DRIFT,Exathlon,0.0813161387995
streaming,LODA,TSB_DRIFT,GECCO,0.00992511799322
streaming,LODA,TSB_DRIFT,GHL,0.0352702832103
streaming,LODA,TSB_DRIFT,LTDB,0.142587686988
streaming,LODA,TSB_DRIFT,MSL,0.00818078436311
streaming,LODA,TSB_DRIFT,OPPORTUNITY,0.139051528786
streaming,LODA,TSB_DRIFT,SMAP,0.0178362479127
streaming,LODA,TSB_DRIFT,SMD,0.208191884261
streaming,LODA,TSB_DRIFT,SWaT,0.144928473067
streaming,LODA,TSB_DRIFT,TAO,0.0414242625352
streaming,LODA,NON_DRIFT,Exathlon,0.509870057335
streaming,LODA,NON_DRIFT,Genesis,0.113787673182
streaming,LODA,NON_DRIFT,LTDB,0.237426757696
streaming,LODA,NON_DRIFT,MITDB,0.0836234329551
streaming,LODA,NON_DRIFT,MSL,0.0618730254547
streaming,LODA,NON_DRIFT,PSM,0.17668271137
streaming,LODA,NON_DRIFT,SMAP,0.068376270135
streaming,LODA,NON_DRIFT,SMD,0.117419782858
streaming,LODA,NON_DRIFT,SVDB,0.0743020227508
streaming,LODA,NON_DRIFT,TAO,0.0950372405992
streaming,LODA,MEASURED_SOURCE_ONLY,Daphnet,0.270247230769
streaming,LODA,MEASURED_SOURCE_ONLY,Exathlon,0.424159273628
streaming,LODA,MEASURED_SOURCE_ONLY,GECCO,0.00992511799322
streaming,LODA,MEASURED_SOURCE_ONLY,Genesis,0.113787673182
streaming,LODA,MEASURED_SOURCE_ONLY,LTDB,0.213716990019
streaming,LODA,MEASURED_SOURCE_ONLY,MITDB,0.0836234329551
streaming,LODA,MEASURED_SOURCE_ONLY,MSL,0.0580378653767
streaming,LODA,MEASURED_SOURCE_ONLY,OPPORTUNITY,0.139051528786
streaming,LODA,MEASURED_SOURCE_ONLY,PSM,0.17668271137
streaming,LODA,MEASURED_SOURCE_ONLY,SMAP,0.0582682656905
streaming,LODA,MEASURED_SOURCE_ONLY,SMD,0.18549885891
streaming,LODA,MEASURED_SOURCE_ONLY,SVDB,0.0743020227508
streaming,LODA,MEASURED_SOURCE_ONLY,SWaT,0.144928473067
streaming,LODA,MEASURED_SOURCE_ONLY,TAO,0.0560459838254
streaming,LODA,MEASURED_DRIFT,Daphnet,0.270247230769
streaming,LODA,MEASURED_DRIFT,Exathlon,0.0813161387995
streaming,LODA,MEASURED_DRIFT,GECCO,0.00992511799322
streaming,LODA,MEASURED_DRIFT,LTDB,0.142587686988
streaming,LODA,MEASURED_DRIFT,MSL,0.00818078436311
streaming,LODA,MEASURED_DRIFT,OPPORTUNITY,0.139051528786
streaming,LODA,MEASURED_DRIFT,SMAP,0.0178362479127
streaming,LODA,MEASURED_DRIFT,SMD,0.208191884261
streaming,LODA,MEASURED_DRIFT,SWaT,0.144928473067
streaming,LODA,MEASURED_DRIFT,TAO,0.0414242625352
streaming,LODA,SIMULATED_SOURCE,CATSv2,0.052964175601
streaming,LODA,SIMULATED_SOURCE,GHL,0.0352702832103
streaming,LODA,UNKNOWN_SOURCE,CreditCard,0.0186076156796
streaming,RRCF,ALL_RELEASED,CATSv2,0.0360381808497
streaming,RRCF,ALL_RELEASED,CreditCard,0.0362383295124
streaming,RRCF,ALL_RELEASED,Daphnet,0.0738794743817
streaming,RRCF,ALL_RELEASED,Exathlon,0.0974049140441
streaming,RRCF,ALL_RELEASED,GECCO,0.0300997069642
streaming,RRCF,ALL_RELEASED,GHL,0.0132859814715
streaming,RRCF,ALL_RELEASED,Genesis,0.216815029702
streaming,RRCF,ALL_RELEASED,LTDB,0.195872027268
streaming,RRCF,ALL_RELEASED,MITDB,0.0430577144621
streaming,RRCF,ALL_RELEASED,MSL,0.100233033408
streaming,RRCF,ALL_RELEASED,OPPORTUNITY,0.0412605721115
streaming,RRCF,ALL_RELEASED,PSM,0.119477109327
streaming,RRCF,ALL_RELEASED,SMAP,0.0703119462707
streaming,RRCF,ALL_RELEASED,SMD,0.102477620059
streaming,RRCF,ALL_RELEASED,SVDB,0.089277250407
streaming,RRCF,ALL_RELEASED,SWaT,0.119809282401
streaming,RRCF,ALL_RELEASED,TAO,0.214083687549
streaming,RRCF,TSB_DRIFT,CATSv2,0.0360381808497
streaming,RRCF,TSB_DRIFT,CreditCard,0.0362383295124
streaming,RRCF,TSB_DRIFT,Daphnet,0.0738794743817
streaming,RRCF,TSB_DRIFT,Exathlon,0.111959780585
streaming,RRCF,TSB_DRIFT,GECCO,0.0300997069642
streaming,RRCF,TSB_DRIFT,GHL,0.0132859814715
streaming,RRCF,TSB_DRIFT,LTDB,0.143303422218
streaming,RRCF,TSB_DRIFT,MSL,0.0563933556723
streaming,RRCF,TSB_DRIFT,OPPORTUNITY,0.0412605721115
streaming,RRCF,TSB_DRIFT,SMAP,0.115609502954
streaming,RRCF,TSB_DRIFT,SMD,0.0946321977859
streaming,RRCF,TSB_DRIFT,SWaT,0.119809282401
streaming,RRCF,TSB_DRIFT,TAO,0.221720905439
streaming,RRCF,NON_DRIFT,Exathlon,0.0937661974088
streaming,RRCF,NON_DRIFT,Genesis,0.216815029702
streaming,RRCF,NON_DRIFT,LTDB,0.213394895617
streaming,RRCF,NON_DRIFT,MITDB,0.0430577144621
streaming,RRCF,NON_DRIFT,MSL,0.103605316311
streaming,RRCF,NON_DRIFT,PSM,0.119477109327
streaming,RRCF,NON_DRIFT,SMAP,0.0589875570998
streaming,RRCF,NON_DRIFT,SMD,0.126013886879
streaming,RRCF,NON_DRIFT,SVDB,0.089277250407
streaming,RRCF,NON_DRIFT,TAO,0.193717773173
streaming,RRCF,MEASURED_SOURCE_ONLY,Daphnet,0.0738794743817
streaming,RRCF,MEASURED_SOURCE_ONLY,Exathlon,0.0974049140441
streaming,RRCF,MEASURED_SOURCE_ONLY,GECCO,0.0300997069642
streaming,RRCF,MEASURED_SOURCE_ONLY,Genesis,0.216815029702
streaming,RRCF,MEASURED_SOURCE_ONLY,LTDB,0.195872027268
streaming,RRCF,MEASURED_SOURCE_ONLY,MITDB,0.0430577144621
streaming,RRCF,MEASURED_SOURCE_ONLY,MSL,0.100233033408
streaming,RRCF,MEASURED_SOURCE_ONLY,OPPORTUNITY,0.0412605721115
streaming,RRCF,MEASURED_SOURCE_ONLY,PSM,0.119477109327
streaming,RRCF,MEASURED_SOURCE_ONLY,SMAP,0.0703119462707
streaming,RRCF,MEASURED_SOURCE_ONLY,SMD,0.102477620059
streaming,RRCF,MEASURED_SOURCE_ONLY,SVDB,0.089277250407
streaming,RRCF,MEASURED_SOURCE_ONLY,SWaT,0.119809282401
streaming,RRCF,MEASURED_SOURCE_ONLY,TAO,0.214083687549
streaming,RRCF,MEASURED_DRIFT,Daphnet,0.0738794743817
streaming,RRCF,MEASURED_DRIFT,Exathlon,0.111959780585
streaming,RRCF,MEASURED_DRIFT,GECCO,0.0300997069642
streaming,RRCF,MEASURED_DRIFT,LTDB,0.143303422218
streaming,RRCF,MEASURED_DRIFT,MSL,0.0563933556723
streaming,RRCF,MEASURED_DRIFT,OPPORTUNITY,0.0412605721115
streaming,RRCF,MEASURED_DRIFT,SMAP,0.115609502954
streaming,RRCF,MEASURED_DRIFT,SMD,0.0946321977859
streaming,RRCF,MEASURED_DRIFT,SWaT,0.119809282401
streaming,RRCF,MEASURED_DRIFT,TAO,0.221720905439
streaming,RRCF,SIMULATED_SOURCE,CATSv2,0.0360381808497
streaming,RRCF,SIMULATED_SOURCE,GHL,0.0132859814715
streaming,RRCF,UNKNOWN_SOURCE,CreditCard,0.0362383295124
streaming,HSTree,ALL_RELEASED,CATSv2,0.0313952410347
streaming,HSTree,ALL_RELEASED,CreditCard,0.0442770169205
streaming,HSTree,ALL_RELEASED,Daphnet,0.222876462917
streaming,HSTree,ALL_RELEASED,Exathlon,0.725618633721
streaming,HSTree,ALL_RELEASED,GECCO,0.058496949136
streaming,HSTree,ALL_RELEASED,GHL,0.00803094318918
streaming,HSTree,ALL_RELEASED,Genesis,0.00233078293892
streaming,HSTree,ALL_RELEASED,LTDB,0.212920889828
streaming,HSTree,ALL_RELEASED,MITDB,0.0459411250613
streaming,HSTree,ALL_RELEASED,MSL,0.144270161919
streaming,HSTree,ALL_RELEASED,OPPORTUNITY,0.0924572034425
streaming,HSTree,ALL_RELEASED,PSM,0.114123440954
streaming,HSTree,ALL_RELEASED,SMAP,0.091576180701
streaming,HSTree,ALL_RELEASED,SMD,0.0860309619795
streaming,HSTree,ALL_RELEASED,SVDB,0.0848891374632
streaming,HSTree,ALL_RELEASED,SWaT,0.107305123799
streaming,HSTree,ALL_RELEASED,TAO,0.316829773853
streaming,HSTree,TSB_DRIFT,CATSv2,0.0313952410347
streaming,HSTree,TSB_DRIFT,CreditCard,0.0442770169205
streaming,HSTree,TSB_DRIFT,Daphnet,0.222876462917
streaming,HSTree,TSB_DRIFT,Exathlon,0.699126185095
streaming,HSTree,TSB_DRIFT,GECCO,0.058496949136
streaming,HSTree,TSB_DRIFT,GHL,0.00803094318918
streaming,HSTree,TSB_DRIFT,LTDB,0.135732926018
streaming,HSTree,TSB_DRIFT,MSL,0.0164467816597
streaming,HSTree,TSB_DRIFT,OPPORTUNITY,0.0924572034425
streaming,HSTree,TSB_DRIFT,SMAP,0.16120593944
streaming,HSTree,TSB_DRIFT,SMD,0.0862140790979
streaming,HSTree,TSB_DRIFT,SWaT,0.107305123799
streaming,HSTree,TSB_DRIFT,TAO,0.341751540227
streaming,HSTree,NON_DRIFT,Exathlon,0.732241745878
streaming,HSTree,NON_DRIFT,Genesis,0.00233078293892
streaming,HSTree,NON_DRIFT,LTDB,0.238650211098
streaming,HSTree,NON_DRIFT,MITDB,0.0459411250613
streaming,HSTree,NON_DRIFT,MSL,0.154102729631
streaming,HSTree,NON_DRIFT,PSM,0.114123440954
streaming,HSTree,NON_DRIFT,SMAP,0.0741687410162
streaming,HSTree,NON_DRIFT,SMD,0.0854816106245
streaming,HSTree,NON_DRIFT,SVDB,0.0848891374632
streaming,HSTree,NON_DRIFT,TAO,0.25037173019
streaming,HSTree,MEASURED_SOURCE_ONLY,Daphnet,0.222876462917
streaming,HSTree,MEASURED_SOURCE_ONLY,Exathlon,0.725618633721
streaming,HSTree,MEASURED_SOURCE_ONLY,GECCO,0.058496949136
streaming,HSTree,MEASURED_SOURCE_ONLY,Genesis,0.00233078293892
streaming,HSTree,MEASURED_SOURCE_ONLY,LTDB,0.212920889828
streaming,HSTree,MEASURED_SOURCE_ONLY,MITDB,0.0459411250613
streaming,HSTree,MEASURED_SOURCE_ONLY,MSL,0.144270161919
streaming,HSTree,MEASURED_SOURCE_ONLY,OPPORTUNITY,0.0924572034425
streaming,HSTree,MEASURED_SOURCE_ONLY,PSM,0.114123440954
streaming,HSTree,MEASURED_SOURCE_ONLY,SMAP,0.091576180701
streaming,HSTree,MEASURED_SOURCE_ONLY,SMD,0.0860309619795
streaming,HSTree,MEASURED_SOURCE_ONLY,SVDB,0.0848891374632
streaming,HSTree,MEASURED_SOURCE_ONLY,SWaT,0.107305123799
streaming,HSTree,MEASURED_SOURCE_ONLY,TAO,0.316829773853
streaming,HSTree,MEASURED_DRIFT,Daphnet,0.222876462917
streaming,HSTree,MEASURED_DRIFT,Exathlon,0.699126185095
streaming,HSTree,MEASURED_DRIFT,GECCO,0.058496949136
streaming,HSTree,MEASURED_DRIFT,LTDB,0.135732926018
streaming,HSTree,MEASURED_DRIFT,MSL,0.0164467816597
streaming,HSTree,MEASURED_DRIFT,OPPORTUNITY,0.0924572034425
streaming,HSTree,MEASURED_DRIFT,SMAP,0.16120593944
streaming,HSTree,MEASURED_DRIFT,SMD,0.0862140790979
streaming,HSTree,MEASURED_DRIFT,SWaT,0.107305123799
streaming,HSTree,MEASURED_DRIFT,TAO,0.341751540227
streaming,HSTree,SIMULATED_SOURCE,CATSv2,0.0313952410347
streaming,HSTree,SIMULATED_SOURCE,GHL,0.00803094318918
streaming,HSTree,UNKNOWN_SOURCE,CreditCard,0.0442770169205
streaming,RSHash,ALL_RELEASED,CATSv2,0.0421897588177
streaming,RSHash,ALL_RELEASED,CreditCard,0.088585290078
streaming,RSHash,ALL_RELEASED,Daphnet,0.309942073901
streaming,RSHash,ALL_RELEASED,Exathlon,0.59634380929
streaming,RSHash,ALL_RELEASED,GECCO,0.309511968381
streaming,RSHash,ALL_RELEASED,GHL,0.00618070187931
streaming,RSHash,ALL_RELEASED,Genesis,0.00349220723042
streaming,RSHash,ALL_RELEASED,LTDB,0.228114449039
streaming,RSHash,ALL_RELEASED,MITDB,0.059360097967
streaming,RSHash,ALL_RELEASED,MSL,0.0994393681558
streaming,RSHash,ALL_RELEASED,OPPORTUNITY,0.0637710653257
streaming,RSHash,ALL_RELEASED,PSM,0.11787460059
streaming,RSHash,ALL_RELEASED,SMAP,0.126136406276
streaming,RSHash,ALL_RELEASED,SMD,0.279708366689
streaming,RSHash,ALL_RELEASED,SVDB,0.097989818611
streaming,RSHash,ALL_RELEASED,SWaT,0.0953448634574
streaming,RSHash,ALL_RELEASED,TAO,0.292378342737
streaming,RSHash,TSB_DRIFT,CATSv2,0.0421897588177
streaming,RSHash,TSB_DRIFT,CreditCard,0.088585290078
streaming,RSHash,TSB_DRIFT,Daphnet,0.309942073901
streaming,RSHash,TSB_DRIFT,Exathlon,0.469964827018
streaming,RSHash,TSB_DRIFT,GECCO,0.309511968381
streaming,RSHash,TSB_DRIFT,GHL,0.00618070187931
streaming,RSHash,TSB_DRIFT,LTDB,0.127723468272
streaming,RSHash,TSB_DRIFT,MSL,0.0309333347794
streaming,RSHash,TSB_DRIFT,OPPORTUNITY,0.0637710653257
streaming,RSHash,TSB_DRIFT,SMAP,0.347740409526
streaming,RSHash,TSB_DRIFT,SMD,0.303251313613
streaming,RSHash,TSB_DRIFT,SWaT,0.0953448634574
streaming,RSHash,TSB_DRIFT,TAO,0.326082719876
streaming,RSHash,NON_DRIFT,Exathlon,0.627938554858
streaming,RSHash,NON_DRIFT,Genesis,0.00349220723042
streaming,RSHash,NON_DRIFT,LTDB,0.261578109294
streaming,RSHash,NON_DRIFT,MITDB,0.059360097967
streaming,RSHash,NON_DRIFT,MSL,0.104709063031
streaming,RSHash,NON_DRIFT,PSM,0.11787460059
streaming,RSHash,NON_DRIFT,SMAP,0.0707354054636
streaming,RSHash,NON_DRIFT,SMD,0.209079525916
streaming,RSHash,NON_DRIFT,SVDB,0.097989818611
streaming,RSHash,NON_DRIFT,TAO,0.202500003698
streaming,RSHash,MEASURED_SOURCE_ONLY,Daphnet,0.309942073901
streaming,RSHash,MEASURED_SOURCE_ONLY,Exathlon,0.59634380929
streaming,RSHash,MEASURED_SOURCE_ONLY,GECCO,0.309511968381
streaming,RSHash,MEASURED_SOURCE_ONLY,Genesis,0.00349220723042
streaming,RSHash,MEASURED_SOURCE_ONLY,LTDB,0.228114449039
streaming,RSHash,MEASURED_SOURCE_ONLY,MITDB,0.059360097967
streaming,RSHash,MEASURED_SOURCE_ONLY,MSL,0.0994393681558
streaming,RSHash,MEASURED_SOURCE_ONLY,OPPORTUNITY,0.0637710653257
streaming,RSHash,MEASURED_SOURCE_ONLY,PSM,0.11787460059
streaming,RSHash,MEASURED_SOURCE_ONLY,SMAP,0.126136406276
streaming,RSHash,MEASURED_SOURCE_ONLY,SMD,0.279708366689
streaming,RSHash,MEASURED_SOURCE_ONLY,SVDB,0.097989818611
streaming,RSHash,MEASURED_SOURCE_ONLY,SWaT,0.0953448634574
streaming,RSHash,MEASURED_SOURCE_ONLY,TAO,0.292378342737
streaming,RSHash,MEASURED_DRIFT,Daphnet,0.309942073901
streaming,RSHash,MEASURED_DRIFT,Exathlon,0.469964827018
streaming,RSHash,MEASURED_DRIFT,GECCO,0.309511968381
streaming,RSHash,MEASURED_DRIFT,LTDB,0.127723468272
streaming,RSHash,MEASURED_DRIFT,MSL,0.0309333347794
streaming,RSHash,MEASURED_DRIFT,OPPORTUNITY,0.0637710653257
streaming,RSHash,MEASURED_DRIFT,SMAP,0.347740409526
streaming,RSHash,MEASURED_DRIFT,SMD,0.303251313613
streaming,RSHash,MEASURED_DRIFT,SWaT,0.0953448634574
streaming,RSHash,MEASURED_DRIFT,TAO,0.326082719876
streaming,RSHash,SIMULATED_SOURCE,CATSv2,0.0421897588177
streaming,RSHash,SIMULATED_SOURCE,GHL,0.00618070187931
streaming,RSHash,UNKNOWN_SOURCE,CreditCard,0.088585290078
streaming,MemStream,ALL_RELEASED,CATSv2,0.0901777156859
streaming,MemStream,ALL_RELEASED,CreditCard,0.161933391829
streaming,MemStream,ALL_RELEASED,Daphnet,0.350873847746
streaming,MemStream,ALL_RELEASED,Exathlon,0.937289886524
streaming,MemStream,ALL_RELEASED,GECCO,0.231902429922
streaming,MemStream,ALL_RELEASED,GHL,0.0110034356151
streaming,MemStream,ALL_RELEASED,Genesis,0.0144700491869
streaming,MemStream,ALL_RELEASED,LTDB,0.224160599837
streaming,MemStream,ALL_RELEASED,MITDB,0.0915195715242
streaming,MemStream,ALL_RELEASED,MSL,0.245255009832
streaming,MemStream,ALL_RELEASED,OPPORTUNITY,0.121947148661
streaming,MemStream,ALL_RELEASED,PSM,0.155122207902
streaming,MemStream,ALL_RELEASED,SMAP,0.149829450262
streaming,MemStream,ALL_RELEASED,SMD,0.393517713828
streaming,MemStream,ALL_RELEASED,SVDB,0.0937111173342
streaming,MemStream,ALL_RELEASED,SWaT,0.531895749507
streaming,MemStream,ALL_RELEASED,TAO,0.558040064062
streaming,MemStream,TSB_DRIFT,CATSv2,0.0901777156859
streaming,MemStream,TSB_DRIFT,CreditCard,0.161933391829
streaming,MemStream,TSB_DRIFT,Daphnet,0.350873847746
streaming,MemStream,TSB_DRIFT,Exathlon,0.718860969813
streaming,MemStream,TSB_DRIFT,GECCO,0.231902429922
streaming,MemStream,TSB_DRIFT,GHL,0.0110034356151
streaming,MemStream,TSB_DRIFT,LTDB,0.134617858205
streaming,MemStream,TSB_DRIFT,MSL,0.0201523197007
streaming,MemStream,TSB_DRIFT,OPPORTUNITY,0.121947148661
streaming,MemStream,TSB_DRIFT,SMAP,0.265951239285
streaming,MemStream,TSB_DRIFT,SMD,0.417981566182
streaming,MemStream,TSB_DRIFT,SWaT,0.531895749507
streaming,MemStream,TSB_DRIFT,TAO,0.614547379112
streaming,MemStream,NON_DRIFT,Exathlon,0.991897115702
streaming,MemStream,NON_DRIFT,Genesis,0.0144700491869
streaming,MemStream,NON_DRIFT,LTDB,0.254008180381
streaming,MemStream,NON_DRIFT,MITDB,0.0915195715242
streaming,MemStream,NON_DRIFT,MSL,0.26257060138
streaming,MemStream,NON_DRIFT,PSM,0.155122207902
streaming,MemStream,NON_DRIFT,SMAP,0.120799003007
streaming,MemStream,NON_DRIFT,SMD,0.320126156765
streaming,MemStream,NON_DRIFT,SVDB,0.0937111173342
streaming,MemStream,NON_DRIFT,TAO,0.407353890594
streaming,MemStream,MEASURED_SOURCE_ONLY,Daphnet,0.350873847746
streaming,MemStream,MEASURED_SOURCE_ONLY,Exathlon,0.937289886524
streaming,MemStream,MEASURED_SOURCE_ONLY,GECCO,0.231902429922
streaming,MemStream,MEASURED_SOURCE_ONLY,Genesis,0.0144700491869
streaming,MemStream,MEASURED_SOURCE_ONLY,LTDB,0.224160599837
streaming,MemStream,MEASURED_SOURCE_ONLY,MITDB,0.0915195715242
streaming,MemStream,MEASURED_SOURCE_ONLY,MSL,0.245255009832
streaming,MemStream,MEASURED_SOURCE_ONLY,OPPORTUNITY,0.121947148661
streaming,MemStream,MEASURED_SOURCE_ONLY,PSM,0.155122207902
streaming,MemStream,MEASURED_SOURCE_ONLY,SMAP,0.149829450262
streaming,MemStream,MEASURED_SOURCE_ONLY,SMD,0.393517713828
streaming,MemStream,MEASURED_SOURCE_ONLY,SVDB,0.0937111173342
streaming,MemStream,MEASURED_SOURCE_ONLY,SWaT,0.531895749507
streaming,MemStream,MEASURED_SOURCE_ONLY,TAO,0.558040064062
streaming,MemStream,MEASURED_DRIFT,Daphnet,0.350873847746
streaming,MemStream,MEASURED_DRIFT,Exathlon,0.718860969813
streaming,MemStream,MEASURED_DRIFT,GECCO,0.231902429922
streaming,MemStream,MEASURED_DRIFT,LTDB,0.134617858205
streaming,MemStream,MEASURED_DRIFT,MSL,0.0201523197007
streaming,MemStream,MEASURED_DRIFT,OPPORTUNITY,0.121947148661
streaming,MemStream,MEASURED_DRIFT,SMAP,0.265951239285
streaming,MemStream,MEASURED_DRIFT,SMD,0.417981566182
streaming,MemStream,MEASURED_DRIFT,SWaT,0.531895749507
streaming,MemStream,MEASURED_DRIFT,TAO,0.614547379112
streaming,MemStream,SIMULATED_SOURCE,CATSv2,0.0901777156859
streaming,MemStream,SIMULATED_SOURCE,GHL,0.0110034356151
streaming,MemStream,UNKNOWN_SOURCE,CreditCard,0.161933391829
streaming,MCOD,ALL_RELEASED,CATSv2,0.0436098810956
streaming,MCOD,ALL_RELEASED,CreditCard,0.022638043641
streaming,MCOD,ALL_RELEASED,Daphnet,0.1800043141
streaming,MCOD,ALL_RELEASED,Exathlon,0.734959008172
streaming,MCOD,ALL_RELEASED,GECCO,0.425453631757
streaming,MCOD,ALL_RELEASED,GHL,0.025290788022
streaming,MCOD,ALL_RELEASED,Genesis,0.028808831001
streaming,MCOD,ALL_RELEASED,LTDB,0.176668856798
streaming,MCOD,ALL_RELEASED,MITDB,0.0732504215741
streaming,MCOD,ALL_RELEASED,MSL,0.164406425067
streaming,MCOD,ALL_RELEASED,OPPORTUNITY,0.426900263428
streaming,MCOD,ALL_RELEASED,PSM,0.139333805982
streaming,MCOD,ALL_RELEASED,SMAP,0.121355749897
streaming,MCOD,ALL_RELEASED,SMD,0.214116037751
streaming,MCOD,ALL_RELEASED,SVDB,0.0794859493911
streaming,MCOD,ALL_RELEASED,SWaT,0.127513943511
streaming,MCOD,ALL_RELEASED,TAO,0.390852386223
streaming,MCOD,TSB_DRIFT,CATSv2,0.0436098810956
streaming,MCOD,TSB_DRIFT,CreditCard,0.022638043641
streaming,MCOD,TSB_DRIFT,Daphnet,0.1800043141
streaming,MCOD,TSB_DRIFT,Exathlon,0.645875258582
streaming,MCOD,TSB_DRIFT,GECCO,0.425453631757
streaming,MCOD,TSB_DRIFT,GHL,0.025290788022
streaming,MCOD,TSB_DRIFT,LTDB,0.140275207653
streaming,MCOD,TSB_DRIFT,MSL,0.0333558406665
streaming,MCOD,TSB_DRIFT,OPPORTUNITY,0.426900263428
streaming,MCOD,TSB_DRIFT,SMAP,0.313888596824
streaming,MCOD,TSB_DRIFT,SMD,0.224283407426
streaming,MCOD,TSB_DRIFT,SWaT,0.127513943511
streaming,MCOD,TSB_DRIFT,TAO,0.392393581363
streaming,MCOD,NON_DRIFT,Exathlon,0.75722994557
streaming,MCOD,NON_DRIFT,Genesis,0.028808831001
streaming,MCOD,NON_DRIFT,LTDB,0.18880007318
streaming,MCOD,NON_DRIFT,MITDB,0.0732504215741
streaming,MCOD,NON_DRIFT,MSL,0.174487239252
streaming,MCOD,NON_DRIFT,PSM,0.139333805982
streaming,MCOD,NON_DRIFT,SMAP,0.0732225381653
streaming,MCOD,NON_DRIFT,SMD,0.183613928728
streaming,MCOD,NON_DRIFT,SVDB,0.0794859493911
streaming,MCOD,NON_DRIFT,TAO,0.386742532515
streaming,MCOD,MEASURED_SOURCE_ONLY,Daphnet,0.1800043141
streaming,MCOD,MEASURED_SOURCE_ONLY,Exathlon,0.734959008172
streaming,MCOD,MEASURED_SOURCE_ONLY,GECCO,0.425453631757
streaming,MCOD,MEASURED_SOURCE_ONLY,Genesis,0.028808831001
streaming,MCOD,MEASURED_SOURCE_ONLY,LTDB,0.176668856798
streaming,MCOD,MEASURED_SOURCE_ONLY,MITDB,0.0732504215741
streaming,MCOD,MEASURED_SOURCE_ONLY,MSL,0.164406425067
streaming,MCOD,MEASURED_SOURCE_ONLY,OPPORTUNITY,0.426900263428
streaming,MCOD,MEASURED_SOURCE_ONLY,PSM,0.139333805982
streaming,MCOD,MEASURED_SOURCE_ONLY,SMAP,0.121355749897
streaming,MCOD,MEASURED_SOURCE_ONLY,SMD,0.214116037751
streaming,MCOD,MEASURED_SOURCE_ONLY,SVDB,0.0794859493911
streaming,MCOD,MEASURED_SOURCE_ONLY,SWaT,0.127513943511
streaming,MCOD,MEASURED_SOURCE_ONLY,TAO,0.390852386223
streaming,MCOD,MEASURED_DRIFT,Daphnet,0.1800043141
streaming,MCOD,MEASURED_DRIFT,Exathlon,0.645875258582
streaming,MCOD,MEASURED_DRIFT,GECCO,0.425453631757
streaming,MCOD,MEASURED_DRIFT,LTDB,0.140275207653
streaming,MCOD,MEASURED_DRIFT,MSL,0.0333558406665
streaming,MCOD,MEASURED_DRIFT,OPPORTUNITY,0.426900263428
streaming,MCOD,MEASURED_DRIFT,SMAP,0.313888596824
streaming,MCOD,MEASURED_DRIFT,SMD,0.224283407426
streaming,MCOD,MEASURED_DRIFT,SWaT,0.127513943511
streaming,MCOD,MEASURED_DRIFT,TAO,0.392393581363
streaming,MCOD,SIMULATED_SOURCE,CATSv2,0.0436098810956
streaming,MCOD,SIMULATED_SOURCE,GHL,0.025290788022
streaming,MCOD,UNKNOWN_SOURCE,CreditCard,0.022638043641
streaming,LEAP,ALL_RELEASED,CATSv2,0.0371505545046
streaming,LEAP,ALL_RELEASED,CreditCard,0.00172248695995
streaming,LEAP,ALL_RELEASED,Daphnet,0.314003977449
streaming,LEAP,ALL_RELEASED,Exathlon,0.333231047683
streaming,LEAP,ALL_RELEASED,GECCO,0.246170989316
streaming,LEAP,ALL_RELEASED,GHL,0.0104130388481
streaming,LEAP,ALL_RELEASED,Genesis,0.00479728565402
streaming,LEAP,ALL_RELEASED,LTDB,0.213892590729
streaming,LEAP,ALL_RELEASED,MITDB,0.0432646814823
streaming,LEAP,ALL_RELEASED,MSL,0.0811150785545
streaming,LEAP,ALL_RELEASED,OPPORTUNITY,0.045070857245
streaming,LEAP,ALL_RELEASED,PSM,0.114595444214
streaming,LEAP,ALL_RELEASED,SMAP,0.106927277391
streaming,LEAP,ALL_RELEASED,SMD,0.0620836345864
streaming,LEAP,ALL_RELEASED,SVDB,0.0770585032836
streaming,LEAP,ALL_RELEASED,SWaT,0.133620922959
streaming,LEAP,ALL_RELEASED,TAO,0.967982980264
streaming,LEAP,TSB_DRIFT,CATSv2,0.0371505545046
streaming,LEAP,TSB_DRIFT,CreditCard,0.00172248695995
streaming,LEAP,TSB_DRIFT,Daphnet,0.314003977449
streaming,LEAP,TSB_DRIFT,Exathlon,0.352137633947
streaming,LEAP,TSB_DRIFT,GECCO,0.246170989316
streaming,LEAP,TSB_DRIFT,GHL,0.0104130388481
streaming,LEAP,TSB_DRIFT,LTDB,0.127272322916
streaming,LEAP,TSB_DRIFT,MSL,0.00740218540712
streaming,LEAP,TSB_DRIFT,OPPORTUNITY,0.045070857245
streaming,LEAP,TSB_DRIFT,SMAP,0.260595212916
streaming,LEAP,TSB_DRIFT,SMD,0.0582749035686
streaming,LEAP,TSB_DRIFT,SWaT,0.133620922959
streaming,LEAP,TSB_DRIFT,TAO,0.965110570306
streaming,LEAP,NON_DRIFT,Exathlon,0.328504401117
streaming,LEAP,NON_DRIFT,Genesis,0.00479728565402
streaming,LEAP,NON_DRIFT,LTDB,0.242766013333
streaming,LEAP,NON_DRIFT,MITDB,0.0432646814823
streaming,LEAP,NON_DRIFT,MSL,0.0867853011043
streaming,LEAP,NON_DRIFT,PSM,0.114595444214
streaming,LEAP,NON_DRIFT,SMAP,0.0685102935102
streaming,LEAP,NON_DRIFT,SMD,0.0735098276401
streaming,LEAP,NON_DRIFT,SVDB,0.0770585032836
streaming,LEAP,NON_DRIFT,TAO,0.975642740151
streaming,LEAP,MEASURED_SOURCE_ONLY,Daphnet,0.314003977449
streaming,LEAP,MEASURED_SOURCE_ONLY,Exathlon,0.333231047683
streaming,LEAP,MEASURED_SOURCE_ONLY,GECCO,0.246170989316
streaming,LEAP,MEASURED_SOURCE_ONLY,Genesis,0.00479728565402
streaming,LEAP,MEASURED_SOURCE_ONLY,LTDB,0.213892590729
streaming,LEAP,MEASURED_SOURCE_ONLY,MITDB,0.0432646814823
streaming,LEAP,MEASURED_SOURCE_ONLY,MSL,0.0811150785545
streaming,LEAP,MEASURED_SOURCE_ONLY,OPPORTUNITY,0.045070857245
streaming,LEAP,MEASURED_SOURCE_ONLY,PSM,0.114595444214
streaming,LEAP,MEASURED_SOURCE_ONLY,SMAP,0.106927277391
streaming,LEAP,MEASURED_SOURCE_ONLY,SMD,0.0620836345864
streaming,LEAP,MEASURED_SOURCE_ONLY,SVDB,0.0770585032836
streaming,LEAP,MEASURED_SOURCE_ONLY,SWaT,0.133620922959
streaming,LEAP,MEASURED_SOURCE_ONLY,TAO,0.967982980264
streaming,LEAP,MEASURED_DRIFT,Daphnet,0.314003977449
streaming,LEAP,MEASURED_DRIFT,Exathlon,0.352137633947
streaming,LEAP,MEASURED_DRIFT,GECCO,0.246170989316
streaming,LEAP,MEASURED_DRIFT,LTDB,0.127272322916
streaming,LEAP,MEASURED_DRIFT,MSL,0.00740218540712
streaming,LEAP,MEASURED_DRIFT,OPPORTUNITY,0.045070857245
streaming,LEAP,MEASURED_DRIFT,SMAP,0.260595212916
streaming,LEAP,MEASURED_DRIFT,SMD,0.0582749035686
streaming,LEAP,MEASURED_DRIFT,SWaT,0.133620922959
streaming,LEAP,MEASURED_DRIFT,TAO,0.965110570306
streaming,LEAP,SIMULATED_SOURCE,CATSv2,0.0371505545046
streaming,LEAP,SIMULATED_SOURCE,GHL,0.0104130388481
streaming,LEAP,UNKNOWN_SOURCE,CreditCard,0.00172248695995
streaming,xStream,ALL_RELEASED,CATSv2,0.0316898844154
streaming,xStream,ALL_RELEASED,CreditCard,0.0218071089129
streaming,xStream,ALL_RELEASED,Daphnet,0.044038286659
streaming,xStream,ALL_RELEASED,Exathlon,0.100173933746
streaming,xStream,ALL_RELEASED,GECCO,0.0162438629963
streaming,xStream,ALL_RELEASED,GHL,0.00892072244277
streaming,xStream,ALL_RELEASED,Genesis,0.00413477127711
streaming,xStream,ALL_RELEASED,LTDB,0.174506827038
streaming,xStream,ALL_RELEASED,MITDB,0.0368901456888
streaming,xStream,ALL_RELEASED,MSL,0.0723232938011
streaming,xStream,ALL_RELEASED,OPPORTUNITY,0.0433450285856
streaming,xStream,ALL_RELEASED,PSM,0.123102112156
streaming,xStream,ALL_RELEASED,SMAP,0.0509634100506
streaming,xStream,ALL_RELEASED,SMD,0.0412628572419
streaming,xStream,ALL_RELEASED,SVDB,0.0784295557929
streaming,xStream,ALL_RELEASED,SWaT,0.134835375136
streaming,xStream,ALL_RELEASED,TAO,0.176201459175
streaming,xStream,TSB_DRIFT,CATSv2,0.0316898844154
streaming,xStream,TSB_DRIFT,CreditCard,0.0218071089129
streaming,xStream,TSB_DRIFT,Daphnet,0.044038286659
streaming,xStream,TSB_DRIFT,Exathlon,0.0990421155406
streaming,xStream,TSB_DRIFT,GECCO,0.0162438629963
streaming,xStream,TSB_DRIFT,GHL,0.00892072244277
streaming,xStream,TSB_DRIFT,LTDB,0.138889546155
streaming,xStream,TSB_DRIFT,MSL,0.0105540610248
streaming,xStream,TSB_DRIFT,OPPORTUNITY,0.0433450285856
streaming,xStream,TSB_DRIFT,SMAP,0.0421969904538
streaming,xStream,TSB_DRIFT,SMD,0.0373735292608
streaming,xStream,TSB_DRIFT,SWaT,0.134835375136
streaming,xStream,TSB_DRIFT,TAO,0.154284473425
streaming,xStream,NON_DRIFT,Exathlon,0.100456888297
streaming,xStream,NON_DRIFT,Genesis,0.00413477127711
streaming,xStream,NON_DRIFT,LTDB,0.186379253999
streaming,xStream,NON_DRIFT,MITDB,0.0368901456888
streaming,xStream,NON_DRIFT,MSL,0.0770747732454
streaming,xStream,NON_DRIFT,PSM,0.123102112156
streaming,xStream,NON_DRIFT,SMAP,0.0531550149498
streaming,xStream,NON_DRIFT,SMD,0.0529308411851
streaming,xStream,NON_DRIFT,SVDB,0.0784295557929
streaming,xStream,NON_DRIFT,TAO,0.23464675451
streaming,xStream,MEASURED_SOURCE_ONLY,Daphnet,0.044038286659
streaming,xStream,MEASURED_SOURCE_ONLY,Exathlon,0.100173933746
streaming,xStream,MEASURED_SOURCE_ONLY,GECCO,0.0162438629963
streaming,xStream,MEASURED_SOURCE_ONLY,Genesis,0.00413477127711
streaming,xStream,MEASURED_SOURCE_ONLY,LTDB,0.174506827038
streaming,xStream,MEASURED_SOURCE_ONLY,MITDB,0.0368901456888
streaming,xStream,MEASURED_SOURCE_ONLY,MSL,0.0723232938011
streaming,xStream,MEASURED_SOURCE_ONLY,OPPORTUNITY,0.0433450285856
streaming,xStream,MEASURED_SOURCE_ONLY,PSM,0.123102112156
streaming,xStream,MEASURED_SOURCE_ONLY,SMAP,0.0509634100506
streaming,xStream,MEASURED_SOURCE_ONLY,SMD,0.0412628572419
streaming,xStream,MEASURED_SOURCE_ONLY,SVDB,0.0784295557929
streaming,xStream,MEASURED_SOURCE_ONLY,SWaT,0.134835375136
streaming,xStream,MEASURED_SOURCE_ONLY,TAO,0.176201459175
streaming,xStream,MEASURED_DRIFT,Daphnet,0.044038286659
streaming,xStream,MEASURED_DRIFT,Exathlon,0.0990421155406
streaming,xStream,MEASURED_DRIFT,GECCO,0.0162438629963
streaming,xStream,MEASURED_DRIFT,LTDB,0.138889546155
streaming,xStream,MEASURED_DRIFT,MSL,0.0105540610248
streaming,xStream,MEASURED_DRIFT,OPPORTUNITY,0.0433450285856
streaming,xStream,MEASURED_DRIFT,SMAP,0.0421969904538
streaming,xStream,MEASURED_DRIFT,SMD,0.0373735292608
streaming,xStream,MEASURED_DRIFT,SWaT,0.134835375136
streaming,xStream,MEASURED_DRIFT,TAO,0.154284473425
streaming,xStream,SIMULATED_SOURCE,CATSv2,0.0316898844154
streaming,xStream,SIMULATED_SOURCE,GHL,0.00892072244277
streaming,xStream,UNKNOWN_SOURCE,CreditCard,0.0218071089129
streaming,SWKNN,ALL_RELEASED,CATSv2,0.0625475305956
streaming,SWKNN,ALL_RELEASED,CreditCard,0.183263672651
streaming,SWKNN,ALL_RELEASED,Daphnet,0.31686582258
streaming,SWKNN,ALL_RELEASED,Exathlon,0.902401288606
streaming,SWKNN,ALL_RELEASED,GECCO,0.348981031998
streaming,SWKNN,ALL_RELEASED,GHL,0.0107828177712
streaming,SWKNN,ALL_RELEASED,Genesis,0.0120902881803
streaming,SWKNN,ALL_RELEASED,LTDB,0.286827144453
streaming,SWKNN,ALL_RELEASED,MITDB,0.155644592612
streaming,SWKNN,ALL_RELEASED,MSL,0.302885760274
streaming,SWKNN,ALL_RELEASED,OPPORTUNITY,0.0830172347549
streaming,SWKNN,ALL_RELEASED,PSM,0.12845559214
streaming,SWKNN,ALL_RELEASED,SMAP,0.180039166634
streaming,SWKNN,ALL_RELEASED,SMD,0.320754152288
streaming,SWKNN,ALL_RELEASED,SVDB,0.132596541336
streaming,SWKNN,ALL_RELEASED,SWaT,0.125110217121
streaming,SWKNN,ALL_RELEASED,TAO,0.995082159781
streaming,SWKNN,TSB_DRIFT,CATSv2,0.0625475305956
streaming,SWKNN,TSB_DRIFT,CreditCard,0.183263672651
streaming,SWKNN,TSB_DRIFT,Daphnet,0.31686582258
streaming,SWKNN,TSB_DRIFT,Exathlon,0.953854778987
streaming,SWKNN,TSB_DRIFT,GECCO,0.348981031998
streaming,SWKNN,TSB_DRIFT,GHL,0.0107828177712
streaming,SWKNN,TSB_DRIFT,LTDB,0.135805333992
streaming,SWKNN,TSB_DRIFT,MSL,0.612119079508
streaming,SWKNN,TSB_DRIFT,OPPORTUNITY,0.0830172347549
streaming,SWKNN,TSB_DRIFT,SMAP,0.405971111452
streaming,SWKNN,TSB_DRIFT,SMD,0.333477358262
streaming,SWKNN,TSB_DRIFT,SWaT,0.125110217121
streaming,SWKNN,TSB_DRIFT,TAO,0.994638503001
streaming,SWKNN,NON_DRIFT,Exathlon,0.889537916011
streaming,SWKNN,NON_DRIFT,Genesis,0.0120902881803
streaming,SWKNN,NON_DRIFT,LTDB,0.33716774794
streaming,SWKNN,NON_DRIFT,MITDB,0.155644592612
streaming,SWKNN,NON_DRIFT,MSL,0.279098581871
streaming,SWKNN,NON_DRIFT,PSM,0.12845559214
streaming,SWKNN,NON_DRIFT,SMAP,0.123556180429
streaming,SWKNN,NON_DRIFT,SMD,0.282584534365
streaming,SWKNN,NON_DRIFT,SVDB,0.132596541336
streaming,SWKNN,NON_DRIFT,TAO,0.996265244527
streaming,SWKNN,MEASURED_SOURCE_ONLY,Daphnet,0.31686582258
streaming,SWKNN,MEASURED_SOURCE_ONLY,Exathlon,0.902401288606
streaming,SWKNN,MEASURED_SOURCE_ONLY,GECCO,0.348981031998
streaming,SWKNN,MEASURED_SOURCE_ONLY,Genesis,0.0120902881803
streaming,SWKNN,MEASURED_SOURCE_ONLY,LTDB,0.286827144453
streaming,SWKNN,MEASURED_SOURCE_ONLY,MITDB,0.155644592612
streaming,SWKNN,MEASURED_SOURCE_ONLY,MSL,0.302885760274
streaming,SWKNN,MEASURED_SOURCE_ONLY,OPPORTUNITY,0.0830172347549
streaming,SWKNN,MEASURED_SOURCE_ONLY,PSM,0.12845559214
streaming,SWKNN,MEASURED_SOURCE_ONLY,SMAP,0.180039166634
streaming,SWKNN,MEASURED_SOURCE_ONLY,SMD,0.320754152288
streaming,SWKNN,MEASURED_SOURCE_ONLY,SVDB,0.132596541336
streaming,SWKNN,MEASURED_SOURCE_ONLY,SWaT,0.125110217121
streaming,SWKNN,MEASURED_SOURCE_ONLY,TAO,0.995082159781
streaming,SWKNN,MEASURED_DRIFT,Daphnet,0.31686582258
streaming,SWKNN,MEASURED_DRIFT,Exathlon,0.953854778987
streaming,SWKNN,MEASURED_DRIFT,GECCO,0.348981031998
streaming,SWKNN,MEASURED_DRIFT,LTDB,0.135805333992
streaming,SWKNN,MEASURED_DRIFT,MSL,0.612119079508
streaming,SWKNN,MEASURED_DRIFT,OPPORTUNITY,0.0830172347549
streaming,SWKNN,MEASURED_DRIFT,SMAP,0.405971111452
streaming,SWKNN,MEASURED_DRIFT,SMD,0.333477358262
streaming,SWKNN,MEASURED_DRIFT,SWaT,0.125110217121
streaming,SWKNN,MEASURED_DRIFT,TAO,0.994638503001
streaming,SWKNN,SIMULATED_SOURCE,CATSv2,0.0625475305956
streaming,SWKNN,SIMULATED_SOURCE,GHL,0.0107828177712
streaming,SWKNN,UNKNOWN_SOURCE,CreditCard,0.183263672651
streaming,SDOstream,ALL_RELEASED,CATSv2,0.0751363129918
streaming,SDOstream,ALL_RELEASED,CreditCard,0.0111298242982
streaming,SDOstream,ALL_RELEASED,Daphnet,0.258339476461
streaming,SDOstream,ALL_RELEASED,Exathlon,0.571859270653
streaming,SDOstream,ALL_RELEASED,GECCO,0.0430168569175
streaming,SDOstream,ALL_RELEASED,GHL,0.0120118473238
streaming,SDOstream,ALL_RELEASED,Genesis,0.00841169749824
streaming,SDOstream,ALL_RELEASED,LTDB,0.239165341773
streaming,SDOstream,ALL_RELEASED,MITDB,0.0704673605275
streaming,SDOstream,ALL_RELEASED,MSL,0.190568304539
streaming,SDOstream,ALL_RELEASED,OPPORTUNITY,0.0552839290043
streaming,SDOstream,ALL_RELEASED,PSM,0.10644283717
streaming,SDOstream,ALL_RELEASED,SMAP,0.120626951175
streaming,SDOstream,ALL_RELEASED,SMD,0.238847128397
streaming,SDOstream,ALL_RELEASED,SVDB,0.130194647864
streaming,SDOstream,ALL_RELEASED,SWaT,0.0918368470596
streaming,SDOstream,ALL_RELEASED,TAO,0.330257313337
streaming,SDOstream,TSB_DRIFT,CATSv2,0.0751363129918
streaming,SDOstream,TSB_DRIFT,CreditCard,0.0111298242982
streaming,SDOstream,TSB_DRIFT,Daphnet,0.258339476461
streaming,SDOstream,TSB_DRIFT,Exathlon,0.314894051586
streaming,SDOstream,TSB_DRIFT,GECCO,0.0430168569175
streaming,SDOstream,TSB_DRIFT,GHL,0.0120118473238
streaming,SDOstream,TSB_DRIFT,LTDB,0.145621784279
streaming,SDOstream,TSB_DRIFT,MSL,0.397224837024
streaming,SDOstream,TSB_DRIFT,OPPORTUNITY,0.0552839290043
streaming,SDOstream,TSB_DRIFT,SMAP,0.325757752707
streaming,SDOstream,TSB_DRIFT,SMD,0.254908549547
streaming,SDOstream,TSB_DRIFT,SWaT,0.0918368470596
streaming,SDOstream,TSB_DRIFT,TAO,0.354771394639
streaming,SDOstream,NON_DRIFT,Exathlon,0.63610057542
streaming,SDOstream,NON_DRIFT,Genesis,0.00841169749824
streaming,SDOstream,NON_DRIFT,LTDB,0.270346527605
streaming,SDOstream,NON_DRIFT,MITDB,0.0704673605275
streaming,SDOstream,NON_DRIFT,MSL,0.174671648194
streaming,SDOstream,NON_DRIFT,PSM,0.10644283717
streaming,SDOstream,NON_DRIFT,SMAP,0.0693442507926
streaming,SDOstream,NON_DRIFT,SMD,0.190662864947
streaming,SDOstream,NON_DRIFT,SVDB,0.130194647864
streaming,SDOstream,NON_DRIFT,TAO,0.264886429867
streaming,SDOstream,MEASURED_SOURCE_ONLY,Daphnet,0.258339476461
streaming,SDOstream,MEASURED_SOURCE_ONLY,Exathlon,0.571859270653
streaming,SDOstream,MEASURED_SOURCE_ONLY,GECCO,0.0430168569175
streaming,SDOstream,MEASURED_SOURCE_ONLY,Genesis,0.00841169749824
streaming,SDOstream,MEASURED_SOURCE_ONLY,LTDB,0.239165341773
streaming,SDOstream,MEASURED_SOURCE_ONLY,MITDB,0.0704673605275
streaming,SDOstream,MEASURED_SOURCE_ONLY,MSL,0.190568304539
streaming,SDOstream,MEASURED_SOURCE_ONLY,OPPORTUNITY,0.0552839290043
streaming,SDOstream,MEASURED_SOURCE_ONLY,PSM,0.10644283717
streaming,SDOstream,MEASURED_SOURCE_ONLY,SMAP,0.120626951175
streaming,SDOstream,MEASURED_SOURCE_ONLY,SMD,0.238847128397
streaming,SDOstream,MEASURED_SOURCE_ONLY,SVDB,0.130194647864
streaming,SDOstream,MEASURED_SOURCE_ONLY,SWaT,0.0918368470596
streaming,SDOstream,MEASURED_SOURCE_ONLY,TAO,0.330257313337
streaming,SDOstream,MEASURED_DRIFT,Daphnet,0.258339476461
streaming,SDOstream,MEASURED_DRIFT,Exathlon,0.314894051586
streaming,SDOstream,MEASURED_DRIFT,GECCO,0.0430168569175
streaming,SDOstream,MEASURED_DRIFT,LTDB,0.145621784279
streaming,SDOstream,MEASURED_DRIFT,MSL,0.397224837024
streaming,SDOstream,MEASURED_DRIFT,OPPORTUNITY,0.0552839290043
streaming,SDOstream,MEASURED_DRIFT,SMAP,0.325757752707
streaming,SDOstream,MEASURED_DRIFT,SMD,0.254908549547
streaming,SDOstream,MEASURED_DRIFT,SWaT,0.0918368470596
streaming,SDOstream,MEASURED_DRIFT,TAO,0.354771394639
streaming,SDOstream,SIMULATED_SOURCE,CATSv2,0.0751363129918
streaming,SDOstream,SIMULATED_SOURCE,GHL,0.0120118473238
streaming,SDOstream,UNKNOWN_SOURCE,CreditCard,0.0111298242982
static,CNN,ALL_RELEASED,CATSv2,0.160897817938
static,CNN,ALL_RELEASED,CreditCard,0.147108759584
static,CNN,ALL_RELEASED,Daphnet,0.192836993914
static,CNN,ALL_RELEASED,Exathlon,0.949961413744
static,CNN,ALL_RELEASED,GECCO,0.438617439634
static,CNN,ALL_RELEASED,GHL,0.0176514488307
static,CNN,ALL_RELEASED,Genesis,0.0297228294002
static,CNN,ALL_RELEASED,LTDB,0.30153610115
static,CNN,ALL_RELEASED,MITDB,0.197746176489
static,CNN,ALL_RELEASED,MSL,0.120247169134
static,CNN,ALL_RELEASED,OPPORTUNITY,0.292155933631
static,CNN,ALL_RELEASED,PSM,0.383793395962
static,CNN,ALL_RELEASED,SMAP,0.157228208876
static,CNN,ALL_RELEASED,SMD,0.386105322904
static,CNN,ALL_RELEASED,SVDB,0.195271284649
static,CNN,ALL_RELEASED,SWaT,0.513297623812
static,CNN,ALL_RELEASED,TAO,0.996369687798
static,CNN,TSB_DRIFT,CATSv2,0.160897817938
static,CNN,TSB_DRIFT,CreditCard,0.147108759584
static,CNN,TSB_DRIFT,Daphnet,0.192836993914
static,CNN,TSB_DRIFT,Exathlon,0.934872823969
static,CNN,TSB_DRIFT,GECCO,0.438617439634
static,CNN,TSB_DRIFT,GHL,0.0176514488307
static,CNN,TSB_DRIFT,LTDB,0.138757943999
static,CNN,TSB_DRIFT,MSL,0.0173417072435
static,CNN,TSB_DRIFT,OPPORTUNITY,0.292155933631
static,CNN,TSB_DRIFT,SMAP,0.357953487908
static,CNN,TSB_DRIFT,SMD,0.409536628769
static,CNN,TSB_DRIFT,SWaT,0.513297623812
static,CNN,TSB_DRIFT,TAO,0.99573173855
static,CNN,NON_DRIFT,Exathlon,0.953733561188
static,CNN,NON_DRIFT,Genesis,0.0297228294002
static,CNN,NON_DRIFT,LTDB,0.355795486867
static,CNN,NON_DRIFT,MITDB,0.197746176489
static,CNN,NON_DRIFT,MSL,0.128162973895
static,CNN,NON_DRIFT,PSM,0.383793395962
static,CNN,NON_DRIFT,SMAP,0.107046889119
static,CNN,NON_DRIFT,SMD,0.315811405306
static,CNN,NON_DRIFT,SVDB,0.195271284649
static,CNN,NON_DRIFT,TAO,0.998070885791
static,CNN,MEASURED_SOURCE_ONLY,Daphnet,0.192836993914
static,CNN,MEASURED_SOURCE_ONLY,Exathlon,0.949961413744
static,CNN,MEASURED_SOURCE_ONLY,GECCO,0.438617439634
static,CNN,MEASURED_SOURCE_ONLY,Genesis,0.0297228294002
static,CNN,MEASURED_SOURCE_ONLY,LTDB,0.30153610115
static,CNN,MEASURED_SOURCE_ONLY,MITDB,0.197746176489
static,CNN,MEASURED_SOURCE_ONLY,MSL,0.120247169134
static,CNN,MEASURED_SOURCE_ONLY,OPPORTUNITY,0.292155933631
static,CNN,MEASURED_SOURCE_ONLY,PSM,0.383793395962
static,CNN,MEASURED_SOURCE_ONLY,SMAP,0.157228208876
static,CNN,MEASURED_SOURCE_ONLY,SMD,0.386105322904
static,CNN,MEASURED_SOURCE_ONLY,SVDB,0.195271284649
static,CNN,MEASURED_SOURCE_ONLY,SWaT,0.513297623812
static,CNN,MEASURED_SOURCE_ONLY,TAO,0.996369687798
static,CNN,MEASURED_DRIFT,Daphnet,0.192836993914
static,CNN,MEASURED_DRIFT,Exathlon,0.934872823969
static,CNN,MEASURED_DRIFT,GECCO,0.438617439634
static,CNN,MEASURED_DRIFT,LTDB,0.138757943999
static,CNN,MEASURED_DRIFT,MSL,0.0173417072435
static,CNN,MEASURED_DRIFT,OPPORTUNITY,0.292155933631
static,CNN,MEASURED_DRIFT,SMAP,0.357953487908
static,CNN,MEASURED_DRIFT,SMD,0.409536628769
static,CNN,MEASURED_DRIFT,SWaT,0.513297623812
static,CNN,MEASURED_DRIFT,TAO,0.99573173855
static,CNN,SIMULATED_SOURCE,CATSv2,0.160897817938
static,CNN,SIMULATED_SOURCE,GHL,0.0176514488307
static,CNN,UNKNOWN_SOURCE,CreditCard,0.147108759584
static,OmniAnomaly,ALL_RELEASED,CATSv2,0.276259807416
static,OmniAnomaly,ALL_RELEASED,CreditCard,0.0132043981682
static,OmniAnomaly,ALL_RELEASED,Daphnet,0.143110222896
static,OmniAnomaly,ALL_RELEASED,Exathlon,0.96389957997
static,OmniAnomaly,ALL_RELEASED,GECCO,0.32581583702
static,OmniAnomaly,ALL_RELEASED,GHL,0.0148622150276
static,OmniAnomaly,ALL_RELEASED,Genesis,0.00512047058825
static,OmniAnomaly,ALL_RELEASED,LTDB,0.472537160454
static,OmniAnomaly,ALL_RELEASED,MITDB,0.19594640477
static,OmniAnomaly,ALL_RELEASED,MSL,0.233980256356
static,OmniAnomaly,ALL_RELEASED,OPPORTUNITY,0.370223851754
static,OmniAnomaly,ALL_RELEASED,PSM,0.176062375001
static,OmniAnomaly,ALL_RELEASED,SMAP,0.21560121184
static,OmniAnomaly,ALL_RELEASED,SMD,0.48794264005
static,OmniAnomaly,ALL_RELEASED,SVDB,0.474667074863
static,OmniAnomaly,ALL_RELEASED,SWaT,0.49887850912
static,OmniAnomaly,ALL_RELEASED,TAO,0.105217868787
static,OmniAnomaly,TSB_DRIFT,CATSv2,0.276259807416
static,OmniAnomaly,TSB_DRIFT,CreditCard,0.0132043981682
static,OmniAnomaly,TSB_DRIFT,Daphnet,0.143110222896
static,OmniAnomaly,TSB_DRIFT,Exathlon,0.958145109686
static,OmniAnomaly,TSB_DRIFT,GECCO,0.32581583702
static,OmniAnomaly,TSB_DRIFT,GHL,0.0148622150276
static,OmniAnomaly,TSB_DRIFT,LTDB,0.133080355714
static,OmniAnomaly,TSB_DRIFT,MSL,0.00514240375839
static,OmniAnomaly,TSB_DRIFT,OPPORTUNITY,0.370223851754
static,OmniAnomaly,TSB_DRIFT,SMAP,0.286581652622
static,OmniAnomaly,TSB_DRIFT,SMD,0.536864486673
static,OmniAnomaly,TSB_DRIFT,SWaT,0.49887850912
static,OmniAnomaly,TSB_DRIFT,TAO,0.0866645745166
static,OmniAnomaly,NON_DRIFT,Exathlon,0.965338197541
static,OmniAnomaly,NON_DRIFT,Genesis,0.00512047058825
static,OmniAnomaly,NON_DRIFT,LTDB,0.5856894287
static,OmniAnomaly,NON_DRIFT,MITDB,0.19594640477
static,OmniAnomaly,NON_DRIFT,MSL,0.251583168094
static,OmniAnomaly,NON_DRIFT,PSM,0.176062375001
static,OmniAnomaly,NON_DRIFT,SMAP,0.197856101645
static,OmniAnomaly,NON_DRIFT,SMD,0.341177100179
static,OmniAnomaly,NON_DRIFT,SVDB,0.474667074863
static,OmniAnomaly,NON_DRIFT,TAO,0.154693320173
static,OmniAnomaly,MEASURED_SOURCE_ONLY,Daphnet,0.143110222896
static,OmniAnomaly,MEASURED_SOURCE_ONLY,Exathlon,0.96389957997
static,OmniAnomaly,MEASURED_SOURCE_ONLY,GECCO,0.32581583702
static,OmniAnomaly,MEASURED_SOURCE_ONLY,Genesis,0.00512047058825
static,OmniAnomaly,MEASURED_SOURCE_ONLY,LTDB,0.472537160454
static,OmniAnomaly,MEASURED_SOURCE_ONLY,MITDB,0.19594640477
static,OmniAnomaly,MEASURED_SOURCE_ONLY,MSL,0.233980256356
static,OmniAnomaly,MEASURED_SOURCE_ONLY,OPPORTUNITY,0.370223851754
static,OmniAnomaly,MEASURED_SOURCE_ONLY,PSM,0.176062375001
static,OmniAnomaly,MEASURED_SOURCE_ONLY,SMAP,0.21560121184
static,OmniAnomaly,MEASURED_SOURCE_ONLY,SMD,0.48794264005
static,OmniAnomaly,MEASURED_SOURCE_ONLY,SVDB,0.474667074863
static,OmniAnomaly,MEASURED_SOURCE_ONLY,SWaT,0.49887850912
static,OmniAnomaly,MEASURED_SOURCE_ONLY,TAO,0.105217868787
static,OmniAnomaly,MEASURED_DRIFT,Daphnet,0.143110222896
static,OmniAnomaly,MEASURED_DRIFT,Exathlon,0.958145109686
static,OmniAnomaly,MEASURED_DRIFT,GECCO,0.32581583702
static,OmniAnomaly,MEASURED_DRIFT,LTDB,0.133080355714
static,OmniAnomaly,MEASURED_DRIFT,MSL,0.00514240375839
static,OmniAnomaly,MEASURED_DRIFT,OPPORTUNITY,0.370223851754
static,OmniAnomaly,MEASURED_DRIFT,SMAP,0.286581652622
static,OmniAnomaly,MEASURED_DRIFT,SMD,0.536864486673
static,OmniAnomaly,MEASURED_DRIFT,SWaT,0.49887850912
static,OmniAnomaly,MEASURED_DRIFT,TAO,0.0866645745166
static,OmniAnomaly,SIMULATED_SOURCE,CATSv2,0.276259807416
static,OmniAnomaly,SIMULATED_SOURCE,GHL,0.0148622150276
static,OmniAnomaly,UNKNOWN_SOURCE,CreditCard,0.0132043981682
static,USAD,ALL_RELEASED,CATSv2,0.279604621491
static,USAD,ALL_RELEASED,CreditCard,0.0133639018597
static,USAD,ALL_RELEASED,Daphnet,0.123038810708
static,USAD,ALL_RELEASED,Exathlon,0.959177367791
static,USAD,ALL_RELEASED,GECCO,0.330621532157
static,USAD,ALL_RELEASED,GHL,0.0129921298469
static,USAD,ALL_RELEASED,Genesis,0.0276139330441
static,USAD,ALL_RELEASED,LTDB,0.461180038107
static,USAD,ALL_RELEASED,MITDB,0.193528235775
static,USAD,ALL_RELEASED,MSL,0.227199135007
static,USAD,ALL_RELEASED,OPPORTUNITY,0.391415380318
static,USAD,ALL_RELEASED,PSM,0.169013543274
static,USAD,ALL_RELEASED,SMAP,0.199698028282
static,USAD,ALL_RELEASED,SMD,0.448797358277
static,USAD,ALL_RELEASED,SVDB,0.464031815239
static,USAD,ALL_RELEASED,SWaT,0.499864795188
static,USAD,ALL_RELEASED,TAO,0.0969161995763
static,USAD,TSB_DRIFT,CATSv2,0.279604621491
static,USAD,TSB_DRIFT,CreditCard,0.0133639018597
static,USAD,TSB_DRIFT,Daphnet,0.123038810708
static,USAD,TSB_DRIFT,Exathlon,0.951056891514
static,USAD,TSB_DRIFT,GECCO,0.330621532157
static,USAD,TSB_DRIFT,GHL,0.0129921298469
static,USAD,TSB_DRIFT,LTDB,0.138461173587
static,USAD,TSB_DRIFT,MSL,0.00454860708105
static,USAD,TSB_DRIFT,OPPORTUNITY,0.391415380318
static,USAD,TSB_DRIFT,SMAP,0.205174150521
static,USAD,TSB_DRIFT,SMD,0.496268850083
static,USAD,TSB_DRIFT,SWaT,0.499864795188
static,USAD,TSB_DRIFT,TAO,0.0783562546562
static,USAD,NON_DRIFT,Exathlon,0.96120748686
static,USAD,NON_DRIFT,Genesis,0.0276139330441
static,USAD,NON_DRIFT,LTDB,0.568752992946
static,USAD,NON_DRIFT,MITDB,0.193528235775
static,USAD,NON_DRIFT,MSL,0.244326098694
static,USAD,NON_DRIFT,PSM,0.169013543274
static,USAD,NON_DRIFT,SMAP,0.198328997722
static,USAD,NON_DRIFT,SMD,0.306382882858
static,USAD,NON_DRIFT,SVDB,0.464031815239
static,USAD,NON_DRIFT,TAO,0.14640938603
static,USAD,MEASURED_SOURCE_ONLY,Daphnet,0.123038810708
static,USAD,MEASURED_SOURCE_ONLY,Exathlon,0.959177367791
static,USAD,MEASURED_SOURCE_ONLY,GECCO,0.330621532157
static,USAD,MEASURED_SOURCE_ONLY,Genesis,0.0276139330441
static,USAD,MEASURED_SOURCE_ONLY,LTDB,0.461180038107
static,USAD,MEASURED_SOURCE_ONLY,MITDB,0.193528235775
static,USAD,MEASURED_SOURCE_ONLY,MSL,0.227199135007
static,USAD,MEASURED_SOURCE_ONLY,OPPORTUNITY,0.391415380318
static,USAD,MEASURED_SOURCE_ONLY,PSM,0.169013543274
static,USAD,MEASURED_SOURCE_ONLY,SMAP,0.199698028282
static,USAD,MEASURED_SOURCE_ONLY,SMD,0.448797358277
static,USAD,MEASURED_SOURCE_ONLY,SVDB,0.464031815239
static,USAD,MEASURED_SOURCE_ONLY,SWaT,0.499864795188
static,USAD,MEASURED_SOURCE_ONLY,TAO,0.0969161995763
static,USAD,MEASURED_DRIFT,Daphnet,0.123038810708
static,USAD,MEASURED_DRIFT,Exathlon,0.951056891514
static,USAD,MEASURED_DRIFT,GECCO,0.330621532157
static,USAD,MEASURED_DRIFT,LTDB,0.138461173587
static,USAD,MEASURED_DRIFT,MSL,0.00454860708105
static,USAD,MEASURED_DRIFT,OPPORTUNITY,0.391415380318
static,USAD,MEASURED_DRIFT,SMAP,0.205174150521
static,USAD,MEASURED_DRIFT,SMD,0.496268850083
static,USAD,MEASURED_DRIFT,SWaT,0.499864795188
static,USAD,MEASURED_DRIFT,TAO,0.0783562546562
static,USAD,SIMULATED_SOURCE,CATSv2,0.279604621491
static,USAD,SIMULATED_SOURCE,GHL,0.0129921298469
static,USAD,UNKNOWN_SOURCE,CreditCard,0.0133639018597
static,AutoEncoder,ALL_RELEASED,CATSv2,0.129787126185
static,AutoEncoder,ALL_RELEASED,CreditCard,0.176189380587
static,AutoEncoder,ALL_RELEASED,Daphnet,0.164175259906
static,AutoEncoder,ALL_RELEASED,Exathlon,0.928550390043
static,AutoEncoder,ALL_RELEASED,GECCO,0.375418685988
static,AutoEncoder,ALL_RELEASED,GHL,0.0136923388099
static,AutoEncoder,ALL_RELEASED,Genesis,0.0975622664804
static,AutoEncoder,ALL_RELEASED,LTDB,0.213818533801
static,AutoEncoder,ALL_RELEASED,MITDB,0.101798235456
static,AutoEncoder,ALL_RELEASED,MSL,0.300348022938
static,AutoEncoder,ALL_RELEASED,OPPORTUNITY,0.136461851895
static,AutoEncoder,ALL_RELEASED,PSM,0.336991879934
static,AutoEncoder,ALL_RELEASED,SMAP,0.127211243214
static,AutoEncoder,ALL_RELEASED,SMD,0.348518376152
static,AutoEncoder,ALL_RELEASED,SVDB,0.091067953251
static,AutoEncoder,ALL_RELEASED,SWaT,0.556000438154
static,AutoEncoder,ALL_RELEASED,TAO,0.505664649735
static,AutoEncoder,TSB_DRIFT,CATSv2,0.129787126185
static,AutoEncoder,TSB_DRIFT,CreditCard,0.176189380587
static,AutoEncoder,TSB_DRIFT,Daphnet,0.164175259906
static,AutoEncoder,TSB_DRIFT,Exathlon,0.717203605919
static,AutoEncoder,TSB_DRIFT,GECCO,0.375418685988
static,AutoEncoder,TSB_DRIFT,GHL,0.0136923388099
static,AutoEncoder,TSB_DRIFT,LTDB,0.138942234621
static,AutoEncoder,TSB_DRIFT,MSL,0.0168612884272
static,AutoEncoder,TSB_DRIFT,OPPORTUNITY,0.136461851895
static,AutoEncoder,TSB_DRIFT,SMAP,0.165458377112
static,AutoEncoder,TSB_DRIFT,SMD,0.368139857722
static,AutoEncoder,TSB_DRIFT,SWaT,0.556000438154
static,AutoEncoder,TSB_DRIFT,TAO,0.445272788756
static,AutoEncoder,NON_DRIFT,Exathlon,0.981387086074
static,AutoEncoder,NON_DRIFT,Genesis,0.0975622664804
static,AutoEncoder,NON_DRIFT,LTDB,0.238777300194
static,AutoEncoder,NON_DRIFT,MITDB,0.101798235456
static,AutoEncoder,NON_DRIFT,MSL,0.322154694824
static,AutoEncoder,NON_DRIFT,PSM,0.336991879934
static,AutoEncoder,NON_DRIFT,SMAP,0.117649459739
static,AutoEncoder,NON_DRIFT,SMD,0.289653931443
static,AutoEncoder,NON_DRIFT,SVDB,0.091067953251
static,AutoEncoder,NON_DRIFT,TAO,0.666709612346
static,AutoEncoder,MEASURED_SOURCE_ONLY,Daphnet,0.164175259906
static,AutoEncoder,MEASURED_SOURCE_ONLY,Exathlon,0.928550390043
static,AutoEncoder,MEASURED_SOURCE_ONLY,GECCO,0.375418685988
static,AutoEncoder,MEASURED_SOURCE_ONLY,Genesis,0.0975622664804
static,AutoEncoder,MEASURED_SOURCE_ONLY,LTDB,0.213818533801
static,AutoEncoder,MEASURED_SOURCE_ONLY,MITDB,0.101798235456
static,AutoEncoder,MEASURED_SOURCE_ONLY,MSL,0.300348022938
static,AutoEncoder,MEASURED_SOURCE_ONLY,OPPORTUNITY,0.136461851895
static,AutoEncoder,MEASURED_SOURCE_ONLY,PSM,0.336991879934
static,AutoEncoder,MEASURED_SOURCE_ONLY,SMAP,0.127211243214
static,AutoEncoder,MEASURED_SOURCE_ONLY,SMD,0.348518376152
static,AutoEncoder,MEASURED_SOURCE_ONLY,SVDB,0.091067953251
static,AutoEncoder,MEASURED_SOURCE_ONLY,SWaT,0.556000438154
static,AutoEncoder,MEASURED_SOURCE_ONLY,TAO,0.505664649735
static,AutoEncoder,MEASURED_DRIFT,Daphnet,0.164175259906
static,AutoEncoder,MEASURED_DRIFT,Exathlon,0.717203605919
static,AutoEncoder,MEASURED_DRIFT,GECCO,0.375418685988
static,AutoEncoder,MEASURED_DRIFT,LTDB,0.138942234621
static,AutoEncoder,MEASURED_DRIFT,MSL,0.0168612884272
static,AutoEncoder,MEASURED_DRIFT,OPPORTUNITY,0.136461851895
static,AutoEncoder,MEASURED_DRIFT,SMAP,0.165458377112
static,AutoEncoder,MEASURED_DRIFT,SMD,0.368139857722
static,AutoEncoder,MEASURED_DRIFT,SWaT,0.556000438154
static,AutoEncoder,MEASURED_DRIFT,TAO,0.445272788756
static,AutoEncoder,SIMULATED_SOURCE,CATSv2,0.129787126185
static,AutoEncoder,SIMULATED_SOURCE,GHL,0.0136923388099
static,AutoEncoder,UNKNOWN_SOURCE,CreditCard,0.176189380587
static,KMeansAD,ALL_RELEASED,CATSv2,0.286499927457
static,KMeansAD,ALL_RELEASED,CreditCard,0.0260385075228
static,KMeansAD,ALL_RELEASED,Daphnet,0.272955847441
static,KMeansAD,ALL_RELEASED,Exathlon,0.836471459162
static,KMeansAD,ALL_RELEASED,GECCO,0.502160713144
static,KMeansAD,ALL_RELEASED,GHL,0.0129582544763
static,KMeansAD,ALL_RELEASED,Genesis,0.0259159487297
static,KMeansAD,ALL_RELEASED,LTDB,0.407214886249
static,KMeansAD,ALL_RELEASED,MITDB,0.198123035215
static,KMeansAD,ALL_RELEASED,MSL,0.227642975142
static,KMeansAD,ALL_RELEASED,OPPORTUNITY,0.0706173835077
static,KMeansAD,ALL_RELEASED,PSM,0.279380022239
static,KMeansAD,ALL_RELEASED,SMAP,0.304739778266
static,KMeansAD,ALL_RELEASED,SMD,0.507467539785
static,KMeansAD,ALL_RELEASED,SVDB,0.363439587105
static,KMeansAD,ALL_RELEASED,SWaT,0.183236038357
static,KMeansAD,ALL_RELEASED,TAO,0.16203151125
static,KMeansAD,TSB_DRIFT,CATSv2,0.286499927457
static,KMeansAD,TSB_DRIFT,CreditCard,0.0260385075228
static,KMeansAD,TSB_DRIFT,Daphnet,0.272955847441
static,KMeansAD,TSB_DRIFT,Exathlon,0.929624659872
static,KMeansAD,TSB_DRIFT,GECCO,0.502160713144
static,KMeansAD,TSB_DRIFT,GHL,0.0129582544763
static,KMeansAD,TSB_DRIFT,LTDB,0.141468413057
static,KMeansAD,TSB_DRIFT,MSL,0.00654769547218
static,KMeansAD,TSB_DRIFT,OPPORTUNITY,0.0706173835077
static,KMeansAD,TSB_DRIFT,SMAP,0.606326063788
static,KMeansAD,TSB_DRIFT,SMD,0.523378875018
static,KMeansAD,TSB_DRIFT,SWaT,0.183236038357
static,KMeansAD,TSB_DRIFT,TAO,0.143723440049
static,KMeansAD,NON_DRIFT,Exathlon,0.813183158984
static,KMeansAD,NON_DRIFT,Genesis,0.0259159487297
static,KMeansAD,NON_DRIFT,LTDB,0.49579704398
static,KMeansAD,NON_DRIFT,MITDB,0.198123035215
static,KMeansAD,NON_DRIFT,MSL,0.244650304347
static,KMeansAD,NON_DRIFT,PSM,0.279380022239
static,KMeansAD,NON_DRIFT,SMAP,0.229343206886
static,KMeansAD,NON_DRIFT,SMD,0.459733534087
static,KMeansAD,NON_DRIFT,SVDB,0.363439587105
static,KMeansAD,NON_DRIFT,TAO,0.21085303445
static,KMeansAD,MEASURED_SOURCE_ONLY,Daphnet,0.272955847441
static,KMeansAD,MEASURED_SOURCE_ONLY,Exathlon,0.836471459162
static,KMeansAD,MEASURED_SOURCE_ONLY,GECCO,0.502160713144
static,KMeansAD,MEASURED_SOURCE_ONLY,Genesis,0.0259159487297
static,KMeansAD,MEASURED_SOURCE_ONLY,LTDB,0.407214886249
static,KMeansAD,MEASURED_SOURCE_ONLY,MITDB,0.198123035215
static,KMeansAD,MEASURED_SOURCE_ONLY,MSL,0.227642975142
static,KMeansAD,MEASURED_SOURCE_ONLY,OPPORTUNITY,0.0706173835077
static,KMeansAD,MEASURED_SOURCE_ONLY,PSM,0.279380022239
static,KMeansAD,MEASURED_SOURCE_ONLY,SMAP,0.304739778266
static,KMeansAD,MEASURED_SOURCE_ONLY,SMD,0.507467539785
static,KMeansAD,MEASURED_SOURCE_ONLY,SVDB,0.363439587105
static,KMeansAD,MEASURED_SOURCE_ONLY,SWaT,0.183236038357
static,KMeansAD,MEASURED_SOURCE_ONLY,TAO,0.16203151125
static,KMeansAD,MEASURED_DRIFT,Daphnet,0.272955847441
static,KMeansAD,MEASURED_DRIFT,Exathlon,0.929624659872
static,KMeansAD,MEASURED_DRIFT,GECCO,0.502160713144
static,KMeansAD,MEASURED_DRIFT,LTDB,0.141468413057
static,KMeansAD,MEASURED_DRIFT,MSL,0.00654769547218
static,KMeansAD,MEASURED_DRIFT,OPPORTUNITY,0.0706173835077
static,KMeansAD,MEASURED_DRIFT,SMAP,0.606326063788
static,KMeansAD,MEASURED_DRIFT,SMD,0.523378875018
static,KMeansAD,MEASURED_DRIFT,SWaT,0.183236038357
static,KMeansAD,MEASURED_DRIFT,TAO,0.143723440049
static,KMeansAD,SIMULATED_SOURCE,CATSv2,0.286499927457
static,KMeansAD,SIMULATED_SOURCE,GHL,0.0129582544763
static,KMeansAD,UNKNOWN_SOURCE,CreditCard,0.0260385075228
static,CBLOF,ALL_RELEASED,CATSv2,0.134409554383
static,CBLOF,ALL_RELEASED,CreditCard,0.147402455619
static,CBLOF,ALL_RELEASED,Daphnet,0.106034951305
static,CBLOF,ALL_RELEASED,Exathlon,0.954890837703
static,CBLOF,ALL_RELEASED,GECCO,0.454493114343
static,CBLOF,ALL_RELEASED,GHL,0.0131990743799
static,CBLOF,ALL_RELEASED,Genesis,0.00765512709102
static,CBLOF,ALL_RELEASED,LTDB,0.222827720448
static,CBLOF,ALL_RELEASED,MITDB,0.0972091161002
static,CBLOF,ALL_RELEASED,MSL,0.12856735559
static,CBLOF,ALL_RELEASED,OPPORTUNITY,0.304725861409
static,CBLOF,ALL_RELEASED,PSM,0.186081773541
static,CBLOF,ALL_RELEASED,SMAP,0.127432170443
static,CBLOF,ALL_RELEASED,SMD,0.382791760209
static,CBLOF,ALL_RELEASED,SVDB,0.105347537784
static,CBLOF,ALL_RELEASED,SWaT,0.423444949999
static,CBLOF,ALL_RELEASED,TAO,0.999946134204
static,CBLOF,TSB_DRIFT,CATSv2,0.134409554383
static,CBLOF,TSB_DRIFT,CreditCard,0.147402455619
static,CBLOF,TSB_DRIFT,Daphnet,0.106034951305
static,CBLOF,TSB_DRIFT,Exathlon,0.947068422874
static,CBLOF,TSB_DRIFT,GECCO,0.454493114343
static,CBLOF,TSB_DRIFT,GHL,0.0131990743799
static,CBLOF,TSB_DRIFT,LTDB,0.139098900279
static,CBLOF,TSB_DRIFT,MSL,0.0101863515672
static,CBLOF,TSB_DRIFT,OPPORTUNITY,0.304725861409
static,CBLOF,TSB_DRIFT,SMAP,0.319203637513
static,CBLOF,TSB_DRIFT,SMD,0.406925641317
static,CBLOF,TSB_DRIFT,SWaT,0.423444949999
static,CBLOF,TSB_DRIFT,TAO,0.999928142542
static,CBLOF,NON_DRIFT,Exathlon,0.95684644141
static,CBLOF,NON_DRIFT,Genesis,0.00765512709102
static,CBLOF,NON_DRIFT,LTDB,0.25073732717
static,CBLOF,NON_DRIFT,MITDB,0.0972091161002
static,CBLOF,NON_DRIFT,MSL,0.137673586668
static,CBLOF,NON_DRIFT,PSM,0.186081773541
static,CBLOF,NON_DRIFT,SMAP,0.0794893036755
static,CBLOF,NON_DRIFT,SMD,0.310390116886
static,CBLOF,NON_DRIFT,SVDB,0.105347537784
static,CBLOF,NON_DRIFT,TAO,0.999994111969
static,CBLOF,MEASURED_SOURCE_ONLY,Daphnet,0.106034951305
static,CBLOF,MEASURED_SOURCE_ONLY,Exathlon,0.954890837703
static,CBLOF,MEASURED_SOURCE_ONLY,GECCO,0.454493114343
static,CBLOF,MEASURED_SOURCE_ONLY,Genesis,0.00765512709102
static,CBLOF,MEASURED_SOURCE_ONLY,LTDB,0.222827720448
static,CBLOF,MEASURED_SOURCE_ONLY,MITDB,0.0972091161002
static,CBLOF,MEASURED_SOURCE_ONLY,MSL,0.12856735559
static,CBLOF,MEASURED_SOURCE_ONLY,OPPORTUNITY,0.304725861409
static,CBLOF,MEASURED_SOURCE_ONLY,PSM,0.186081773541
static,CBLOF,MEASURED_SOURCE_ONLY,SMAP,0.127432170443
static,CBLOF,MEASURED_SOURCE_ONLY,SMD,0.382791760209
static,CBLOF,MEASURED_SOURCE_ONLY,SVDB,0.105347537784
static,CBLOF,MEASURED_SOURCE_ONLY,SWaT,0.423444949999
static,CBLOF,MEASURED_SOURCE_ONLY,TAO,0.999946134204
static,CBLOF,MEASURED_DRIFT,Daphnet,0.106034951305
static,CBLOF,MEASURED_DRIFT,Exathlon,0.947068422874
static,CBLOF,MEASURED_DRIFT,GECCO,0.454493114343
static,CBLOF,MEASURED_DRIFT,LTDB,0.139098900279
static,CBLOF,MEASURED_DRIFT,MSL,0.0101863515672
static,CBLOF,MEASURED_DRIFT,OPPORTUNITY,0.304725861409
static,CBLOF,MEASURED_DRIFT,SMAP,0.319203637513
static,CBLOF,MEASURED_DRIFT,SMD,0.406925641317
static,CBLOF,MEASURED_DRIFT,SWaT,0.423444949999
static,CBLOF,MEASURED_DRIFT,TAO,0.999928142542
static,CBLOF,SIMULATED_SOURCE,CATSv2,0.134409554383
static,CBLOF,SIMULATED_SOURCE,GHL,0.0131990743799
static,CBLOF,UNKNOWN_SOURCE,CreditCard,0.147402455619
static,OCSVM,ALL_RELEASED,CATSv2,0.128449089307
static,OCSVM,ALL_RELEASED,CreditCard,0.221634624121
static,OCSVM,ALL_RELEASED,Daphnet,0.366607686427
static,OCSVM,ALL_RELEASED,Exathlon,0.857513115981
static,OCSVM,ALL_RELEASED,GECCO,0.179697853595
static,OCSVM,ALL_RELEASED,GHL,0.0160431775902
static,OCSVM,ALL_RELEASED,Genesis,0.187123103629
static,OCSVM,ALL_RELEASED,LTDB,0.212237270536
static,OCSVM,ALL_RELEASED,MITDB,0.104885570342
static,OCSVM,ALL_RELEASED,MSL,0.307000521678
static,OCSVM,ALL_RELEASED,OPPORTUNITY,0.153343810292
static,OCSVM,ALL_RELEASED,PSM,0.262942562688
static,OCSVM,ALL_RELEASED,SMAP,0.10978956179
static,OCSVM,ALL_RELEASED,SMD,0.295696818805
static,OCSVM,ALL_RELEASED,SVDB,0.107834968837
static,OCSVM,ALL_RELEASED,SWaT,0.570655741836
static,OCSVM,ALL_RELEASED,TAO,0.913264067247
static,OCSVM,TSB_DRIFT,CATSv2,0.128449089307
static,OCSVM,TSB_DRIFT,CreditCard,0.221634624121
static,OCSVM,TSB_DRIFT,Daphnet,0.366607686427
static,OCSVM,TSB_DRIFT,Exathlon,0.316338590831
static,OCSVM,TSB_DRIFT,GECCO,0.179697853595
static,OCSVM,TSB_DRIFT,GHL,0.0160431775902
static,OCSVM,TSB_DRIFT,LTDB,0.138043279748
static,OCSVM,TSB_DRIFT,MSL,0.0200498411178
static,OCSVM,TSB_DRIFT,OPPORTUNITY,0.153343810292
static,OCSVM,TSB_DRIFT,SMAP,0.0207737008721
static,OCSVM,TSB_DRIFT,SMD,0.28606319282
static,OCSVM,TSB_DRIFT,SWaT,0.570655741836
static,OCSVM,TSB_DRIFT,TAO,0.936644416041
static,OCSVM,NON_DRIFT,Exathlon,0.992806747268
static,OCSVM,NON_DRIFT,Genesis,0.187123103629
static,OCSVM,NON_DRIFT,LTDB,0.236968600799
static,OCSVM,NON_DRIFT,MITDB,0.104885570342
static,OCSVM,NON_DRIFT,MSL,0.329073650951
static,OCSVM,NON_DRIFT,PSM,0.262942562688
static,OCSVM,NON_DRIFT,SMAP,0.132043527019
static,OCSVM,NON_DRIFT,SMD,0.324597696759
static,OCSVM,NON_DRIFT,SVDB,0.107834968837
static,OCSVM,NON_DRIFT,TAO,0.850916470462
static,OCSVM,MEASURED_SOURCE_ONLY,Daphnet,0.366607686427
static,OCSVM,MEASURED_SOURCE_ONLY,Exathlon,0.857513115981
static,OCSVM,MEASURED_SOURCE_ONLY,GECCO,0.179697853595
static,OCSVM,MEASURED_SOURCE_ONLY,Genesis,0.187123103629
static,OCSVM,MEASURED_SOURCE_ONLY,LTDB,0.212237270536
static,OCSVM,MEASURED_SOURCE_ONLY,MITDB,0.104885570342
static,OCSVM,MEASURED_SOURCE_ONLY,MSL,0.307000521678
static,OCSVM,MEASURED_SOURCE_ONLY,OPPORTUNITY,0.153343810292
static,OCSVM,MEASURED_SOURCE_ONLY,PSM,0.262942562688
static,OCSVM,MEASURED_SOURCE_ONLY,SMAP,0.10978956179
static,OCSVM,MEASURED_SOURCE_ONLY,SMD,0.295696818805
static,OCSVM,MEASURED_SOURCE_ONLY,SVDB,0.107834968837
static,OCSVM,MEASURED_SOURCE_ONLY,SWaT,0.570655741836
static,OCSVM,MEASURED_SOURCE_ONLY,TAO,0.913264067247
static,OCSVM,MEASURED_DRIFT,Daphnet,0.366607686427
static,OCSVM,MEASURED_DRIFT,Exathlon,0.316338590831
static,OCSVM,MEASURED_DRIFT,GECCO,0.179697853595
static,OCSVM,MEASURED_DRIFT,LTDB,0.138043279748
static,OCSVM,MEASURED_DRIFT,MSL,0.0200498411178
static,OCSVM,MEASURED_DRIFT,OPPORTUNITY,0.153343810292
static,OCSVM,MEASURED_DRIFT,SMAP,0.0207737008721
static,OCSVM,MEASURED_DRIFT,SMD,0.28606319282
static,OCSVM,MEASURED_DRIFT,SWaT,0.570655741836
static,OCSVM,MEASURED_DRIFT,TAO,0.936644416041
static,OCSVM,SIMULATED_SOURCE,CATSv2,0.128449089307
static,OCSVM,SIMULATED_SOURCE,GHL,0.0160431775902
static,OCSVM,UNKNOWN_SOURCE,CreditCard,0.221634624121
static,FITS,ALL_RELEASED,CATSv2,0.0822174027694
static,FITS,ALL_RELEASED,CreditCard,0.00330433352412
static,FITS,ALL_RELEASED,Daphnet,0.354295655368
static,FITS,ALL_RELEASED,Exathlon,0.726404853372
static,FITS,ALL_RELEASED,GECCO,0.113602178099
static,FITS,ALL_RELEASED,GHL,0.00600536853939
static,FITS,ALL_RELEASED,Genesis,0.00334911965991
static,FITS,ALL_RELEASED,LTDB,0.222790790332
static,FITS,ALL_RELEASED,MITDB,0.0822216479929
static,FITS,ALL_RELEASED,MSL,0.0825422426438
static,FITS,ALL_RELEASED,OPPORTUNITY,0.0728643082916
static,FITS,ALL_RELEASED,PSM,0.122285796897
static,FITS,ALL_RELEASED,SMAP,0.105001686638
static,FITS,ALL_RELEASED,SMD,0.230037953875
static,FITS,ALL_RELEASED,SVDB,0.11709696187
static,FITS,ALL_RELEASED,SWaT,0.136004402663
static,FITS,ALL_RELEASED,TAO,0.0856966214758
static,FITS,TSB_DRIFT,CATSv2,0.0822174027694
static,FITS,TSB_DRIFT,CreditCard,0.00330433352412
static,FITS,TSB_DRIFT,Daphnet,0.354295655368
static,FITS,TSB_DRIFT,Exathlon,0.752282179447
static,FITS,TSB_DRIFT,GECCO,0.113602178099
static,FITS,TSB_DRIFT,GHL,0.00600536853939
static,FITS,TSB_DRIFT,LTDB,0.101054476926
static,FITS,TSB_DRIFT,MSL,0.00663244033923
static,FITS,TSB_DRIFT,OPPORTUNITY,0.0728643082916
static,FITS,TSB_DRIFT,SMAP,0.155384982338
static,FITS,TSB_DRIFT,SMD,0.259453283415
static,FITS,TSB_DRIFT,SWaT,0.136004402663
static,FITS,TSB_DRIFT,TAO,0.0653176600891
static,FITS,NON_DRIFT,Exathlon,0.719935521853
static,FITS,NON_DRIFT,Genesis,0.00334911965991
static,FITS,NON_DRIFT,LTDB,0.263369561467
static,FITS,NON_DRIFT,MITDB,0.0822216479929
static,FITS,NON_DRIFT,MSL,0.0883814582057
static,FITS,NON_DRIFT,PSM,0.122285796897
static,FITS,NON_DRIFT,SMAP,0.0924058627131
static,FITS,NON_DRIFT,SMD,0.141791965256
static,FITS,NON_DRIFT,SVDB,0.11709696187
static,FITS,NON_DRIFT,TAO,0.140040518507
static,FITS,MEASURED_SOURCE_ONLY,Daphnet,0.354295655368
static,FITS,MEASURED_SOURCE_ONLY,Exathlon,0.726404853372
static,FITS,MEASURED_SOURCE_ONLY,GECCO,0.113602178099
static,FITS,MEASURED_SOURCE_ONLY,Genesis,0.00334911965991
static,FITS,MEASURED_SOURCE_ONLY,LTDB,0.222790790332
static,FITS,MEASURED_SOURCE_ONLY,MITDB,0.0822216479929
static,FITS,MEASURED_SOURCE_ONLY,MSL,0.0825422426438
static,FITS,MEASURED_SOURCE_ONLY,OPPORTUNITY,0.0728643082916
static,FITS,MEASURED_SOURCE_ONLY,PSM,0.122285796897
static,FITS,MEASURED_SOURCE_ONLY,SMAP,0.105001686638
static,FITS,MEASURED_SOURCE_ONLY,SMD,0.230037953875
static,FITS,MEASURED_SOURCE_ONLY,SVDB,0.11709696187
static,FITS,MEASURED_SOURCE_ONLY,SWaT,0.136004402663
static,FITS,MEASURED_SOURCE_ONLY,TAO,0.0856966214758
static,FITS,MEASURED_DRIFT,Daphnet,0.354295655368
static,FITS,MEASURED_DRIFT,Exathlon,0.752282179447
static,FITS,MEASURED_DRIFT,GECCO,0.113602178099
static,FITS,MEASURED_DRIFT,LTDB,0.101054476926
static,FITS,MEASURED_DRIFT,MSL,0.00663244033923
static,FITS,MEASURED_DRIFT,OPPORTUNITY,0.0728643082916
static,FITS,MEASURED_DRIFT,SMAP,0.155384982338
static,FITS,MEASURED_DRIFT,SMD,0.259453283415
static,FITS,MEASURED_DRIFT,SWaT,0.136004402663
static,FITS,MEASURED_DRIFT,TAO,0.0653176600891
static,FITS,SIMULATED_SOURCE,CATSv2,0.0822174027694
static,FITS,SIMULATED_SOURCE,GHL,0.00600536853939
static,FITS,UNKNOWN_SOURCE,CreditCard,0.00330433352412
static,LOF,ALL_RELEASED,CATSv2,0.0641275320101
static,LOF,ALL_RELEASED,CreditCard,0.00213209459114
static,LOF,ALL_RELEASED,Daphnet,0.142349089489
static,LOF,ALL_RELEASED,Exathlon,0.119947794819
static,LOF,ALL_RELEASED,GECCO,0.104442882895
static,LOF,ALL_RELEASED,GHL,0.00937110460732
static,LOF,ALL_RELEASED,Genesis,0.0296648997633
static,LOF,ALL_RELEASED,LTDB,0.18021109784
static,LOF,ALL_RELEASED,MITDB,0.0391199684475
static,LOF,ALL_RELEASED,MSL,0.117608185546
static,LOF,ALL_RELEASED,OPPORTUNITY,0.0478456313518
static,LOF,ALL_RELEASED,PSM,0.125614151905
static,LOF,ALL_RELEASED,SMAP,0.102880331444
static,LOF,ALL_RELEASED,SMD,0.156541714687
static,LOF,ALL_RELEASED,SVDB,0.0705588512069
static,LOF,ALL_RELEASED,SWaT,0.152785200826
static,LOF,ALL_RELEASED,TAO,0.19592507115
static,LOF,TSB_DRIFT,CATSv2,0.0641275320101
static,LOF,TSB_DRIFT,CreditCard,0.00213209459114
static,LOF,TSB_DRIFT,Daphnet,0.142349089489
static,LOF,TSB_DRIFT,Exathlon,0.138942156147
static,LOF,TSB_DRIFT,GECCO,0.104442882895
static,LOF,TSB_DRIFT,GHL,0.00937110460732
static,LOF,TSB_DRIFT,LTDB,0.181596359442
static,LOF,TSB_DRIFT,MSL,0.0068270106999
static,LOF,TSB_DRIFT,OPPORTUNITY,0.0478456313518
static,LOF,TSB_DRIFT,SMAP,0.293645563802
static,LOF,TSB_DRIFT,SMD,0.159509120993
static,LOF,TSB_DRIFT,SWaT,0.152785200826
static,LOF,TSB_DRIFT,TAO,0.181973580806
static,LOF,NON_DRIFT,Exathlon,0.115199204487
static,LOF,NON_DRIFT,Genesis,0.0296648997633
static,LOF,NON_DRIFT,LTDB,0.179749343973
static,LOF,NON_DRIFT,MITDB,0.0391199684475
static,LOF,NON_DRIFT,MSL,0.12612981438
static,LOF,NON_DRIFT,PSM,0.125614151905
static,LOF,NON_DRIFT,SMAP,0.0551890233548
static,LOF,NON_DRIFT,SMD,0.147639495768
static,LOF,NON_DRIFT,SVDB,0.0705588512069
static,LOF,NON_DRIFT,TAO,0.2331290454
static,LOF,MEASURED_SOURCE_ONLY,Daphnet,0.142349089489
static,LOF,MEASURED_SOURCE_ONLY,Exathlon,0.119947794819
static,LOF,MEASURED_SOURCE_ONLY,GECCO,0.104442882895
static,LOF,MEASURED_SOURCE_ONLY,Genesis,0.0296648997633
static,LOF,MEASURED_SOURCE_ONLY,LTDB,0.18021109784
static,LOF,MEASURED_SOURCE_ONLY,MITDB,0.0391199684475
static,LOF,MEASURED_SOURCE_ONLY,MSL,0.117608185546
static,LOF,MEASURED_SOURCE_ONLY,OPPORTUNITY,0.0478456313518
static,LOF,MEASURED_SOURCE_ONLY,PSM,0.125614151905
static,LOF,MEASURED_SOURCE_ONLY,SMAP,0.102880331444
static,LOF,MEASURED_SOURCE_ONLY,SMD,0.156541714687
static,LOF,MEASURED_SOURCE_ONLY,SVDB,0.0705588512069
static,LOF,MEASURED_SOURCE_ONLY,SWaT,0.152785200826
static,LOF,MEASURED_SOURCE_ONLY,TAO,0.19592507115
static,LOF,MEASURED_DRIFT,Daphnet,0.142349089489
static,LOF,MEASURED_DRIFT,Exathlon,0.138942156147
static,LOF,MEASURED_DRIFT,GECCO,0.104442882895
static,LOF,MEASURED_DRIFT,LTDB,0.181596359442
static,LOF,MEASURED_DRIFT,MSL,0.0068270106999
static,LOF,MEASURED_DRIFT,OPPORTUNITY,0.0478456313518
static,LOF,MEASURED_DRIFT,SMAP,0.293645563802
static,LOF,MEASURED_DRIFT,SMD,0.159509120993
static,LOF,MEASURED_DRIFT,SWaT,0.152785200826
static,LOF,MEASURED_DRIFT,TAO,0.181973580806
static,LOF,SIMULATED_SOURCE,CATSv2,0.0641275320101
static,LOF,SIMULATED_SOURCE,GHL,0.00937110460732
static,LOF,UNKNOWN_SOURCE,CreditCard,0.00213209459114
static,HBOS,ALL_RELEASED,CATSv2,0.0486955988717
static,HBOS,ALL_RELEASED,CreditCard,0.175529639594
static,HBOS,ALL_RELEASED,Daphnet,0.170452711869
static,HBOS,ALL_RELEASED,Exathlon,0.981259472401
static,HBOS,ALL_RELEASED,GECCO,0.177130241627
static,HBOS,ALL_RELEASED,GHL,0.012286168985
static,HBOS,ALL_RELEASED,Genesis,0.00405769539275
static,HBOS,ALL_RELEASED,LTDB,0.241643018696
static,HBOS,ALL_RELEASED,MITDB,0.0969151215521
static,HBOS,ALL_RELEASED,MSL,0.234605958706
static,HBOS,ALL_RELEASED,OPPORTUNITY,0.311866622919
static,HBOS,ALL_RELEASED,PSM,0.132891310618
static,HBOS,ALL_RELEASED,SMAP,0.12271923088
static,HBOS,ALL_RELEASED,SMD,0.272561747586
static,HBOS,ALL_RELEASED,SVDB,0.104198038792
static,HBOS,ALL_RELEASED,SWaT,0.461886397747
static,HBOS,ALL_RELEASED,TAO,0.884080800198
static,HBOS,TSB_DRIFT,CATSv2,0.0486955988717
static,HBOS,TSB_DRIFT,CreditCard,0.175529639594
static,HBOS,TSB_DRIFT,Daphnet,0.170452711869
static,HBOS,TSB_DRIFT,Exathlon,0.975358165067
static,HBOS,TSB_DRIFT,GECCO,0.177130241627
static,HBOS,TSB_DRIFT,GHL,0.012286168985
static,HBOS,TSB_DRIFT,LTDB,0.134509552719
static,HBOS,TSB_DRIFT,MSL,0.00932115270351
static,HBOS,TSB_DRIFT,OPPORTUNITY,0.311866622919
static,HBOS,TSB_DRIFT,SMAP,0.303375357412
static,HBOS,TSB_DRIFT,SMD,0.30611297119
static,HBOS,TSB_DRIFT,SWaT,0.461886397747
static,HBOS,TSB_DRIFT,TAO,0.955597721472
static,HBOS,NON_DRIFT,Exathlon,0.982734799235
static,HBOS,NON_DRIFT,Genesis,0.00405769539275
static,HBOS,NON_DRIFT,LTDB,0.277354174022
static,HBOS,NON_DRIFT,MITDB,0.0969151215521
static,HBOS,NON_DRIFT,MSL,0.251935559168
static,HBOS,NON_DRIFT,PSM,0.132891310618
static,HBOS,NON_DRIFT,SMAP,0.0775551992469
static,HBOS,NON_DRIFT,SMD,0.171908076774
static,HBOS,NON_DRIFT,SVDB,0.104198038792
static,HBOS,NON_DRIFT,TAO,0.693369010134
static,HBOS,MEASURED_SOURCE_ONLY,Daphnet,0.170452711869
static,HBOS,MEASURED_SOURCE_ONLY,Exathlon,0.981259472401
static,HBOS,MEASURED_SOURCE_ONLY,GECCO,0.177130241627
static,HBOS,MEASURED_SOURCE_ONLY,Genesis,0.00405769539275
static,HBOS,MEASURED_SOURCE_ONLY,LTDB,0.241643018696
static,HBOS,MEASURED_SOURCE_ONLY,MITDB,0.0969151215521
static,HBOS,MEASURED_SOURCE_ONLY,MSL,0.234605958706
static,HBOS,MEASURED_SOURCE_ONLY,OPPORTUNITY,0.311866622919
static,HBOS,MEASURED_SOURCE_ONLY,PSM,0.132891310618
static,HBOS,MEASURED_SOURCE_ONLY,SMAP,0.12271923088
static,HBOS,MEASURED_SOURCE_ONLY,SMD,0.272561747586
static,HBOS,MEASURED_SOURCE_ONLY,SVDB,0.104198038792
static,HBOS,MEASURED_SOURCE_ONLY,SWaT,0.461886397747
static,HBOS,MEASURED_SOURCE_ONLY,TAO,0.884080800198
static,HBOS,MEASURED_DRIFT,Daphnet,0.170452711869
static,HBOS,MEASURED_DRIFT,Exathlon,0.975358165067
static,HBOS,MEASURED_DRIFT,GECCO,0.177130241627
static,HBOS,MEASURED_DRIFT,LTDB,0.134509552719
static,HBOS,MEASURED_DRIFT,MSL,0.00932115270351
static,HBOS,MEASURED_DRIFT,OPPORTUNITY,0.311866622919
static,HBOS,MEASURED_DRIFT,SMAP,0.303375357412
static,HBOS,MEASURED_DRIFT,SMD,0.30611297119
static,HBOS,MEASURED_DRIFT,SWaT,0.461886397747
static,HBOS,MEASURED_DRIFT,TAO,0.955597721472
static,HBOS,SIMULATED_SOURCE,CATSv2,0.0486955988717
static,HBOS,SIMULATED_SOURCE,GHL,0.012286168985
static,HBOS,UNKNOWN_SOURCE,CreditCard,0.175529639594
static,MCD,ALL_RELEASED,CATSv2,0.124648294784
static,MCD,ALL_RELEASED,CreditCard,0.0523368060105
static,MCD,ALL_RELEASED,Daphnet,0.298130581628
static,MCD,ALL_RELEASED,Exathlon,0.9209836254
static,MCD,ALL_RELEASED,GECCO,0.246450345644
static,MCD,ALL_RELEASED,GHL,0.0340280313641
static,MCD,ALL_RELEASED,Genesis,0.19763700914
static,MCD,ALL_RELEASED,LTDB,0.233525715516
static,MCD,ALL_RELEASED,MITDB,0.095221455787
static,MCD,ALL_RELEASED,MSL,0.187146321623
static,MCD,ALL_RELEASED,OPPORTUNITY,0.277106817698
static,MCD,ALL_RELEASED,PSM,0.279548500282
static,MCD,ALL_RELEASED,SMAP,0.158026429576
static,MCD,ALL_RELEASED,SMD,0.33084991849
static,MCD,ALL_RELEASED,SVDB,0.110749826492
static,MCD,ALL_RELEASED,SWaT,0.508087874045
static,MCD,ALL_RELEASED,TAO,0.999998576748
static,MCD,TSB_DRIFT,CATSv2,0.124648294784
static,MCD,TSB_DRIFT,CreditCard,0.0523368060105
static,MCD,TSB_DRIFT,Daphnet,0.298130581628
static,MCD,TSB_DRIFT,Exathlon,0.923767773408
static,MCD,TSB_DRIFT,GECCO,0.246450345644
static,MCD,TSB_DRIFT,GHL,0.0340280313641
static,MCD,TSB_DRIFT,LTDB,0.156577566814
static,MCD,TSB_DRIFT,MSL,0.0159826849749
static,MCD,TSB_DRIFT,OPPORTUNITY,0.277106817698
static,MCD,TSB_DRIFT,SMAP,0.260987647696
static,MCD,TSB_DRIFT,SMD,0.337394532361
static,MCD,TSB_DRIFT,SWaT,0.508087874045
static,MCD,TSB_DRIFT,TAO,0.999998294525
static,MCD,NON_DRIFT,Exathlon,0.920287588398
static,MCD,NON_DRIFT,Genesis,0.19763700914
static,MCD,NON_DRIFT,LTDB,0.259175098416
static,MCD,NON_DRIFT,MITDB,0.095221455787
static,MCD,NON_DRIFT,MSL,0.200312755211
static,MCD,NON_DRIFT,PSM,0.279548500282
static,MCD,NON_DRIFT,SMAP,0.132286125046
static,MCD,NON_DRIFT,SMD,0.311216076878
static,MCD,NON_DRIFT,SVDB,0.110749826492
static,MCD,NON_DRIFT,TAO,0.999999329343
static,MCD,MEASURED_SOURCE_ONLY,Daphnet,0.298130581628
static,MCD,MEASURED_SOURCE_ONLY,Exathlon,0.9209836254
static,MCD,MEASURED_SOURCE_ONLY,GECCO,0.246450345644
static,MCD,MEASURED_SOURCE_ONLY,Genesis,0.19763700914
static,MCD,MEASURED_SOURCE_ONLY,LTDB,0.233525715516
static,MCD,MEASURED_SOURCE_ONLY,MITDB,0.095221455787
static,MCD,MEASURED_SOURCE_ONLY,MSL,0.187146321623
static,MCD,MEASURED_SOURCE_ONLY,OPPORTUNITY,0.277106817698
static,MCD,MEASURED_SOURCE_ONLY,PSM,0.279548500282
static,MCD,MEASURED_SOURCE_ONLY,SMAP,0.158026429576
static,MCD,MEASURED_SOURCE_ONLY,SMD,0.33084991849
static,MCD,MEASURED_SOURCE_ONLY,SVDB,0.110749826492
static,MCD,MEASURED_SOURCE_ONLY,SWaT,0.508087874045
static,MCD,MEASURED_SOURCE_ONLY,TAO,0.999998576748
static,MCD,MEASURED_DRIFT,Daphnet,0.298130581628
static,MCD,MEASURED_DRIFT,Exathlon,0.923767773408
static,MCD,MEASURED_DRIFT,GECCO,0.246450345644
static,MCD,MEASURED_DRIFT,LTDB,0.156577566814
static,MCD,MEASURED_DRIFT,MSL,0.0159826849749
static,MCD,MEASURED_DRIFT,OPPORTUNITY,0.277106817698
static,MCD,MEASURED_DRIFT,SMAP,0.260987647696
static,MCD,MEASURED_DRIFT,SMD,0.337394532361
static,MCD,MEASURED_DRIFT,SWaT,0.508087874045
static,MCD,MEASURED_DRIFT,TAO,0.999998294525
static,MCD,SIMULATED_SOURCE,CATSv2,0.124648294784
static,MCD,SIMULATED_SOURCE,GHL,0.0340280313641
static,MCD,UNKNOWN_SOURCE,CreditCard,0.0523368060105
static,AnomalyTransformer,ALL_RELEASED,CATSv2,0.0575042165075
static,AnomalyTransformer,ALL_RELEASED,CreditCard,0.00179158440004
static,AnomalyTransformer,ALL_RELEASED,Daphnet,0.0934134377933
static,AnomalyTransformer,ALL_RELEASED,Exathlon,0.164411532708
static,AnomalyTransformer,ALL_RELEASED,GECCO,0.0435646754546
static,AnomalyTransformer,ALL_RELEASED,GHL,0.0119702288377
static,AnomalyTransformer,ALL_RELEASED,Genesis,0.0030962758899
static,AnomalyTransformer,ALL_RELEASED,LTDB,0.160081423637
static,AnomalyTransformer,ALL_RELEASED,MITDB,0.0647558780589
static,AnomalyTransformer,ALL_RELEASED,MSL,0.0643303793074
static,AnomalyTransformer,ALL_RELEASED,OPPORTUNITY,0.0606232976883
static,AnomalyTransformer,ALL_RELEASED,PSM,0.131120111935
static,AnomalyTransformer,ALL_RELEASED,SMAP,0.0446076812475
static,AnomalyTransformer,ALL_RELEASED,SMD,0.0655807514721
static,AnomalyTransformer,ALL_RELEASED,SVDB,0.0629566799121
static,AnomalyTransformer,ALL_RELEASED,SWaT,0.449139303042
static,AnomalyTransformer,ALL_RELEASED,TAO,0.086094136566
static,AnomalyTransformer,TSB_DRIFT,CATSv2,0.0575042165075
static,AnomalyTransformer,TSB_DRIFT,CreditCard,0.00179158440004
static,AnomalyTransformer,TSB_DRIFT,Daphnet,0.0934134377933
static,AnomalyTransformer,TSB_DRIFT,Exathlon,0.153279509288
static,AnomalyTransformer,TSB_DRIFT,GECCO,0.0435646754546
static,AnomalyTransformer,TSB_DRIFT,GHL,0.0119702288377
static,AnomalyTransformer,TSB_DRIFT,LTDB,0.145581241445
static,AnomalyTransformer,TSB_DRIFT,MSL,0.00735294117647
static,AnomalyTransformer,TSB_DRIFT,OPPORTUNITY,0.0606232976883
static,AnomalyTransformer,TSB_DRIFT,SMAP,0.014419519484
static,AnomalyTransformer,TSB_DRIFT,SMD,0.0689859737877
static,AnomalyTransformer,TSB_DRIFT,SWaT,0.449139303042
static,AnomalyTransformer,TSB_DRIFT,TAO,0.0656687046446
static,AnomalyTransformer,NON_DRIFT,Exathlon,0.167194538563
static,AnomalyTransformer,NON_DRIFT,Genesis,0.0030962758899
static,AnomalyTransformer,NON_DRIFT,LTDB,0.164914817701
static,AnomalyTransformer,NON_DRIFT,MITDB,0.0647558780589
static,AnomalyTransformer,NON_DRIFT,MSL,0.0687132591636
static,AnomalyTransformer,NON_DRIFT,PSM,0.131120111935
static,AnomalyTransformer,NON_DRIFT,SMAP,0.0521547216884
static,AnomalyTransformer,NON_DRIFT,SMD,0.0553650845252
static,AnomalyTransformer,NON_DRIFT,SVDB,0.0629566799121
static,AnomalyTransformer,NON_DRIFT,TAO,0.140561955023
static,AnomalyTransformer,MEASURED_SOURCE_ONLY,Daphnet,0.0934134377933
static,AnomalyTransformer,MEASURED_SOURCE_ONLY,Exathlon,0.164411532708
static,AnomalyTransformer,MEASURED_SOURCE_ONLY,GECCO,0.0435646754546
static,AnomalyTransformer,MEASURED_SOURCE_ONLY,Genesis,0.0030962758899
static,AnomalyTransformer,MEASURED_SOURCE_ONLY,LTDB,0.160081423637
static,AnomalyTransformer,MEASURED_SOURCE_ONLY,MITDB,0.0647558780589
static,AnomalyTransformer,MEASURED_SOURCE_ONLY,MSL,0.0643303793074
static,AnomalyTransformer,MEASURED_SOURCE_ONLY,OPPORTUNITY,0.0606232976883
static,AnomalyTransformer,MEASURED_SOURCE_ONLY,PSM,0.131120111935
static,AnomalyTransformer,MEASURED_SOURCE_ONLY,SMAP,0.0446076812475
static,AnomalyTransformer,MEASURED_SOURCE_ONLY,SMD,0.0655807514721
static,AnomalyTransformer,MEASURED_SOURCE_ONLY,SVDB,0.0629566799121
static,AnomalyTransformer,MEASURED_SOURCE_ONLY,SWaT,0.449139303042
static,AnomalyTransformer,MEASURED_SOURCE_ONLY,TAO,0.086094136566
static,AnomalyTransformer,MEASURED_DRIFT,Daphnet,0.0934134377933
static,AnomalyTransformer,MEASURED_DRIFT,Exathlon,0.153279509288
static,AnomalyTransformer,MEASURED_DRIFT,GECCO,0.0435646754546
static,AnomalyTransformer,MEASURED_DRIFT,LTDB,0.145581241445
static,AnomalyTransformer,MEASURED_DRIFT,MSL,0.00735294117647
static,AnomalyTransformer,MEASURED_DRIFT,OPPORTUNITY,0.0606232976883
static,AnomalyTransformer,MEASURED_DRIFT,SMAP,0.014419519484
static,AnomalyTransformer,MEASURED_DRIFT,SMD,0.0689859737877
static,AnomalyTransformer,MEASURED_DRIFT,SWaT,0.449139303042
static,AnomalyTransformer,MEASURED_DRIFT,TAO,0.0656687046446
static,AnomalyTransformer,SIMULATED_SOURCE,CATSv2,0.0575042165075
static,AnomalyTransformer,SIMULATED_SOURCE,GHL,0.0119702288377
static,AnomalyTransformer,UNKNOWN_SOURCE,CreditCard,0.00179158440004
static,KNN,ALL_RELEASED,CATSv2,0.0863024965338
static,KNN,ALL_RELEASED,CreditCard,0.103034740721
static,KNN,ALL_RELEASED,Daphnet,0.274398849185
static,KNN,ALL_RELEASED,Exathlon,0.820048741812
static,KNN,ALL_RELEASED,GECCO,0.448808598738
static,KNN,ALL_RELEASED,GHL,0.00625774752784
static,KNN,ALL_RELEASED,Genesis,0.0906764079092
static,KNN,ALL_RELEASED,LTDB,0.271528046419
static,KNN,ALL_RELEASED,MITDB,0.12492256382
static,KNN,ALL_RELEASED,MSL,0.140761748792
static,KNN,ALL_RELEASED,OPPORTUNITY,0.0651036844087
static,KNN,ALL_RELEASED,PSM,0.110833336194
static,KNN,ALL_RELEASED,SMAP,0.118118264998
static,KNN,ALL_RELEASED,SMD,0.320569299352
static,KNN,ALL_RELEASED,SVDB,0.162637341654
static,KNN,ALL_RELEASED,SWaT,0.113802119118
static,KNN,ALL_RELEASED,TAO,0.10370603846
static,KNN,TSB_DRIFT,CATSv2,0.0863024965338
static,KNN,TSB_DRIFT,CreditCard,0.103034740721
static,KNN,TSB_DRIFT,Daphnet,0.274398849185
static,KNN,TSB_DRIFT,Exathlon,0.846140632358
static,KNN,TSB_DRIFT,GECCO,0.448808598738
static,KNN,TSB_DRIFT,GHL,0.00625774752784
static,KNN,TSB_DRIFT,LTDB,0.166361947981
static,KNN,TSB_DRIFT,MSL,0.00689537613771
static,KNN,TSB_DRIFT,OPPORTUNITY,0.0651036844087
static,KNN,TSB_DRIFT,SMAP,0.319705903492
static,KNN,TSB_DRIFT,SMD,0.325763100734
static,KNN,TSB_DRIFT,SWaT,0.113802119118
static,KNN,TSB_DRIFT,TAO,0.0914213447626
static,KNN,NON_DRIFT,Exathlon,0.813525769175
static,KNN,NON_DRIFT,Genesis,0.0906764079092
static,KNN,NON_DRIFT,LTDB,0.306583412565
static,KNN,NON_DRIFT,MITDB,0.12492256382
static,KNN,NON_DRIFT,MSL,0.151059162073
static,KNN,NON_DRIFT,PSM,0.110833336194
static,KNN,NON_DRIFT,SMAP,0.067721355374
static,KNN,NON_DRIFT,SMD,0.304987895204
static,KNN,NON_DRIFT,SVDB,0.162637341654
static,KNN,NON_DRIFT,TAO,0.136465221654
static,KNN,MEASURED_SOURCE_ONLY,Daphnet,0.274398849185
static,KNN,MEASURED_SOURCE_ONLY,Exathlon,0.820048741812
static,KNN,MEASURED_SOURCE_ONLY,GECCO,0.448808598738
static,KNN,MEASURED_SOURCE_ONLY,Genesis,0.0906764079092
static,KNN,MEASURED_SOURCE_ONLY,LTDB,0.271528046419
static,KNN,MEASURED_SOURCE_ONLY,MITDB,0.12492256382
static,KNN,MEASURED_SOURCE_ONLY,MSL,0.140761748792
static,KNN,MEASURED_SOURCE_ONLY,OPPORTUNITY,0.0651036844087
static,KNN,MEASURED_SOURCE_ONLY,PSM,0.110833336194
static,KNN,MEASURED_SOURCE_ONLY,SMAP,0.118118264998
static,KNN,MEASURED_SOURCE_ONLY,SMD,0.320569299352
static,KNN,MEASURED_SOURCE_ONLY,SVDB,0.162637341654
static,KNN,MEASURED_SOURCE_ONLY,SWaT,0.113802119118
static,KNN,MEASURED_SOURCE_ONLY,TAO,0.10370603846
static,KNN,MEASURED_DRIFT,Daphnet,0.274398849185
static,KNN,MEASURED_DRIFT,Exathlon,0.846140632358
static,KNN,MEASURED_DRIFT,GECCO,0.448808598738
static,KNN,MEASURED_DRIFT,LTDB,0.166361947981
static,KNN,MEASURED_DRIFT,MSL,0.00689537613771
static,KNN,MEASURED_DRIFT,OPPORTUNITY,0.0651036844087
static,KNN,MEASURED_DRIFT,SMAP,0.319705903492
static,KNN,MEASURED_DRIFT,SMD,0.325763100734
static,KNN,MEASURED_DRIFT,SWaT,0.113802119118
static,KNN,MEASURED_DRIFT,TAO,0.0914213447626
static,KNN,SIMULATED_SOURCE,CATSv2,0.0863024965338
static,KNN,SIMULATED_SOURCE,GHL,0.00625774752784
static,KNN,UNKNOWN_SOURCE,CreditCard,0.103034740721
static,TimesNet,ALL_RELEASED,CATSv2,0.0936945023823
static,TimesNet,ALL_RELEASED,CreditCard,0.0028373808467
static,TimesNet,ALL_RELEASED,Daphnet,0.306735198196
static,TimesNet,ALL_RELEASED,Exathlon,0.714760272521
static,TimesNet,ALL_RELEASED,GECCO,0.217507426149
static,TimesNet,ALL_RELEASED,GHL,0.00667596900971
static,TimesNet,ALL_RELEASED,Genesis,0.00606863664175
static,TimesNet,ALL_RELEASED,LTDB,0.243856699333
static,TimesNet,ALL_RELEASED,MITDB,0.10315885537
static,TimesNet,ALL_RELEASED,MSL,0.0882469509545
static,TimesNet,ALL_RELEASED,OPPORTUNITY,0.0802743394934
static,TimesNet,ALL_RELEASED,PSM,0.128112616834
static,TimesNet,ALL_RELEASED,SMAP,0.139114683719
static,TimesNet,ALL_RELEASED,SMD,0.27515855231
static,TimesNet,ALL_RELEASED,SVDB,0.110257774642
static,TimesNet,ALL_RELEASED,SWaT,0.124356638236
static,TimesNet,ALL_RELEASED,TAO,0.0956843033363
static,TimesNet,TSB_DRIFT,CATSv2,0.0936945023823
static,TimesNet,TSB_DRIFT,CreditCard,0.0028373808467
static,TimesNet,TSB_DRIFT,Daphnet,0.306735198196
static,TimesNet,TSB_DRIFT,Exathlon,0.734953232272
static,TimesNet,TSB_DRIFT,GECCO,0.217507426149
static,TimesNet,TSB_DRIFT,GHL,0.00667596900971
static,TimesNet,TSB_DRIFT,LTDB,0.103806879289
static,TimesNet,TSB_DRIFT,MSL,0.00746949981911
static,TimesNet,TSB_DRIFT,OPPORTUNITY,0.0802743394934
static,TimesNet,TSB_DRIFT,SMAP,0.193699700579
static,TimesNet,TSB_DRIFT,SMD,0.309392757789
static,TimesNet,TSB_DRIFT,SWaT,0.124356638236
static,TimesNet,TSB_DRIFT,TAO,0.0754950717966
static,TimesNet,NON_DRIFT,Exathlon,0.709712032583
static,TimesNet,NON_DRIFT,Genesis,0.00606863664175
static,TimesNet,NON_DRIFT,LTDB,0.290539972681
static,TimesNet,NON_DRIFT,MITDB,0.10315885537
static,TimesNet,NON_DRIFT,MSL,0.0944606010419
static,TimesNet,NON_DRIFT,PSM,0.128112616834
static,TimesNet,NON_DRIFT,SMAP,0.125468429504
static,TimesNet,NON_DRIFT,SMD,0.172455935876
static,TimesNet,NON_DRIFT,SVDB,0.110257774642
static,TimesNet,NON_DRIFT,TAO,0.149522254109
static,TimesNet,MEASURED_SOURCE_ONLY,Daphnet,0.306735198196
static,TimesNet,MEASURED_SOURCE_ONLY,Exathlon,0.714760272521
static,TimesNet,MEASURED_SOURCE_ONLY,GECCO,0.217507426149
static,TimesNet,MEASURED_SOURCE_ONLY,Genesis,0.00606863664175
static,TimesNet,MEASURED_SOURCE_ONLY,LTDB,0.243856699333
static,TimesNet,MEASURED_SOURCE_ONLY,MITDB,0.10315885537
static,TimesNet,MEASURED_SOURCE_ONLY,MSL,0.0882469509545
static,TimesNet,MEASURED_SOURCE_ONLY,OPPORTUNITY,0.0802743394934
static,TimesNet,MEASURED_SOURCE_ONLY,PSM,0.128112616834
static,TimesNet,MEASURED_SOURCE_ONLY,SMAP,0.139114683719
static,TimesNet,MEASURED_SOURCE_ONLY,SMD,0.27515855231
static,TimesNet,MEASURED_SOURCE_ONLY,SVDB,0.110257774642
static,TimesNet,MEASURED_SOURCE_ONLY,SWaT,0.124356638236
static,TimesNet,MEASURED_SOURCE_ONLY,TAO,0.0956843033363
static,TimesNet,MEASURED_DRIFT,Daphnet,0.306735198196
static,TimesNet,MEASURED_DRIFT,Exathlon,0.734953232272
static,TimesNet,MEASURED_DRIFT,GECCO,0.217507426149
static,TimesNet,MEASURED_DRIFT,LTDB,0.103806879289
static,TimesNet,MEASURED_DRIFT,MSL,0.00746949981911
static,TimesNet,MEASURED_DRIFT,OPPORTUNITY,0.0802743394934
static,TimesNet,MEASURED_DRIFT,SMAP,0.193699700579
static,TimesNet,MEASURED_DRIFT,SMD,0.309392757789
static,TimesNet,MEASURED_DRIFT,SWaT,0.124356638236
static,TimesNet,MEASURED_DRIFT,TAO,0.0754950717966
static,TimesNet,SIMULATED_SOURCE,CATSv2,0.0936945023823
static,TimesNet,SIMULATED_SOURCE,GHL,0.00667596900971
static,TimesNet,UNKNOWN_SOURCE,CreditCard,0.0028373808467
static,TranAD,ALL_RELEASED,CATSv2,0.148460177693
static,TranAD,ALL_RELEASED,CreditCard,0.00286794103292
static,TranAD,ALL_RELEASED,Daphnet,0.128232151858
static,TranAD,ALL_RELEASED,Exathlon,0.948922496564
static,TranAD,ALL_RELEASED,GECCO,0.372077494929
static,TranAD,ALL_RELEASED,GHL,0.0120730983125
static,TranAD,ALL_RELEASED,Genesis,0.0311305226228
static,TranAD,ALL_RELEASED,LTDB,0.22185644093
static,TranAD,ALL_RELEASED,MITDB,0.102305864753
static,TranAD,ALL_RELEASED,MSL,0.131769952675
static,TranAD,ALL_RELEASED,OPPORTUNITY,0.287708378336
static,TranAD,ALL_RELEASED,PSM,0.148736234614
static,TranAD,ALL_RELEASED,SMAP,0.14320869686
static,TranAD,ALL_RELEASED,SMD,0.351010339748
static,TranAD,ALL_RELEASED,SVDB,0.103827683032
static,TranAD,ALL_RELEASED,SWaT,0.461590247526
static,TranAD,ALL_RELEASED,TAO,0.0882354668735
static,TranAD,TSB_DRIFT,CATSv2,0.148460177693
static,TranAD,TSB_DRIFT,CreditCard,0.00286794103292
static,TranAD,TSB_DRIFT,Daphnet,0.128232151858
static,TranAD,TSB_DRIFT,Exathlon,0.94369768257
static,TranAD,TSB_DRIFT,GECCO,0.372077494929
static,TranAD,TSB_DRIFT,GHL,0.0120730983125
static,TranAD,TSB_DRIFT,LTDB,0.135482017709
static,TranAD,TSB_DRIFT,MSL,0.0168212881972
static,TranAD,TSB_DRIFT,OPPORTUNITY,0.287708378336
static,TranAD,TSB_DRIFT,SMAP,0.290681422994
static,TranAD,TSB_DRIFT,SMD,0.383374043019
static,TranAD,TSB_DRIFT,SWaT,0.461590247526
static,TranAD,TSB_DRIFT,TAO,0.0689677759334
static,TranAD,NON_DRIFT,Exathlon,0.950228700063
static,TranAD,NON_DRIFT,Genesis,0.0311305226228
static,TranAD,NON_DRIFT,LTDB,0.250647915337
static,TranAD,NON_DRIFT,MITDB,0.102305864753
static,TranAD,NON_DRIFT,MSL,0.140612157635
static,TranAD,NON_DRIFT,PSM,0.148736234614
static,TranAD,NON_DRIFT,SMAP,0.106340515326
static,TranAD,NON_DRIFT,SMD,0.253919229935
static,TranAD,NON_DRIFT,SVDB,0.103827683032
static,TranAD,NON_DRIFT,TAO,0.139615976047
static,TranAD,MEASURED_SOURCE_ONLY,Daphnet,0.128232151858
static,TranAD,MEASURED_SOURCE_ONLY,Exathlon,0.948922496564
static,TranAD,MEASURED_SOURCE_ONLY,GECCO,0.372077494929
static,TranAD,MEASURED_SOURCE_ONLY,Genesis,0.0311305226228
static,TranAD,MEASURED_SOURCE_ONLY,LTDB,0.22185644093
static,TranAD,MEASURED_SOURCE_ONLY,MITDB,0.102305864753
static,TranAD,MEASURED_SOURCE_ONLY,MSL,0.131769952675
static,TranAD,MEASURED_SOURCE_ONLY,OPPORTUNITY,0.287708378336
static,TranAD,MEASURED_SOURCE_ONLY,PSM,0.148736234614
static,TranAD,MEASURED_SOURCE_ONLY,SMAP,0.14320869686
static,TranAD,MEASURED_SOURCE_ONLY,SMD,0.351010339748
static,TranAD,MEASURED_SOURCE_ONLY,SVDB,0.103827683032
static,TranAD,MEASURED_SOURCE_ONLY,SWaT,0.461590247526
static,TranAD,MEASURED_SOURCE_ONLY,TAO,0.0882354668735
static,TranAD,MEASURED_DRIFT,Daphnet,0.128232151858
static,TranAD,MEASURED_DRIFT,Exathlon,0.94369768257
static,TranAD,MEASURED_DRIFT,GECCO,0.372077494929
static,TranAD,MEASURED_DRIFT,LTDB,0.135482017709
static,TranAD,MEASURED_DRIFT,MSL,0.0168212881972
static,TranAD,MEASURED_DRIFT,OPPORTUNITY,0.287708378336
static,TranAD,MEASURED_DRIFT,SMAP,0.290681422994
static,TranAD,MEASURED_DRIFT,SMD,0.383374043019
static,TranAD,MEASURED_DRIFT,SWaT,0.461590247526
static,TranAD,MEASURED_DRIFT,TAO,0.0689677759334
static,TranAD,SIMULATED_SOURCE,CATSv2,0.148460177693
static,TranAD,SIMULATED_SOURCE,GHL,0.0120730983125
static,TranAD,UNKNOWN_SOURCE,CreditCard,0.00286794103292
static,IForest,ALL_RELEASED,CATSv2,0.0836293483824
static,IForest,ALL_RELEASED,CreditCard,0.0093836986715
static,IForest,ALL_RELEASED,Daphnet,0.164123984493
static,IForest,ALL_RELEASED,Exathlon,0.987345546647
static,IForest,ALL_RELEASED,GECCO,0.218305207881
static,IForest,ALL_RELEASED,GHL,0.0158465491919
static,IForest,ALL_RELEASED,Genesis,0.00422711148124
static,IForest,ALL_RELEASED,LTDB,0.4375285929
static,IForest,ALL_RELEASED,MITDB,0.128788518086
static,IForest,ALL_RELEASED,MSL,0.293608104388
static,IForest,ALL_RELEASED,OPPORTUNITY,0.474428335548
static,IForest,ALL_RELEASED,PSM,0.21121736614
static,IForest,ALL_RELEASED,SMAP,0.111470468492
static,IForest,ALL_RELEASED,SMD,0.346346120484
static,IForest,ALL_RELEASED,SVDB,0.34928373167
static,IForest,ALL_RELEASED,SWaT,0.446322754713
static,IForest,ALL_RELEASED,TAO,0.12668134495
static,IForest,TSB_DRIFT,CATSv2,0.0836293483824
static,IForest,TSB_DRIFT,CreditCard,0.0093836986715
static,IForest,TSB_DRIFT,Daphnet,0.164123984493
static,IForest,TSB_DRIFT,Exathlon,0.996676929077
static,IForest,TSB_DRIFT,GECCO,0.218305207881
static,IForest,TSB_DRIFT,GHL,0.0158465491919
static,IForest,TSB_DRIFT,LTDB,0.123092683186
static,IForest,TSB_DRIFT,MSL,0.0257357985872
static,IForest,TSB_DRIFT,OPPORTUNITY,0.474428335548
static,IForest,TSB_DRIFT,SMAP,0.204476229106
static,IForest,TSB_DRIFT,SMD,0.380509139743
static,IForest,TSB_DRIFT,SWaT,0.446322754713
static,IForest,TSB_DRIFT,TAO,0.10607107955
static,IForest,NON_DRIFT,Exathlon,0.985012701039
static,IForest,NON_DRIFT,Genesis,0.00422711148124
static,IForest,NON_DRIFT,LTDB,0.542340562805
static,IForest,NON_DRIFT,MITDB,0.128788518086
static,IForest,NON_DRIFT,MSL,0.314213666373
static,IForest,NON_DRIFT,PSM,0.21121736614
static,IForest,NON_DRIFT,SMAP,0.088219028338
static,IForest,NON_DRIFT,SMD,0.243857062709
static,IForest,NON_DRIFT,SVDB,0.34928373167
static,IForest,NON_DRIFT,TAO,0.181642052682
static,IForest,MEASURED_SOURCE_ONLY,Daphnet,0.164123984493
static,IForest,MEASURED_SOURCE_ONLY,Exathlon,0.987345546647
static,IForest,MEASURED_SOURCE_ONLY,GECCO,0.218305207881
static,IForest,MEASURED_SOURCE_ONLY,Genesis,0.00422711148124
static,IForest,MEASURED_SOURCE_ONLY,LTDB,0.4375285929
static,IForest,MEASURED_SOURCE_ONLY,MITDB,0.128788518086
static,IForest,MEASURED_SOURCE_ONLY,MSL,0.293608104388
static,IForest,MEASURED_SOURCE_ONLY,OPPORTUNITY,0.474428335548
static,IForest,MEASURED_SOURCE_ONLY,PSM,0.21121736614
static,IForest,MEASURED_SOURCE_ONLY,SMAP,0.111470468492
static,IForest,MEASURED_SOURCE_ONLY,SMD,0.346346120484
static,IForest,MEASURED_SOURCE_ONLY,SVDB,0.34928373167
static,IForest,MEASURED_SOURCE_ONLY,SWaT,0.446322754713
static,IForest,MEASURED_SOURCE_ONLY,TAO,0.12668134495
static,IForest,MEASURED_DRIFT,Daphnet,0.164123984493
static,IForest,MEASURED_DRIFT,Exathlon,0.996676929077
static,IForest,MEASURED_DRIFT,GECCO,0.218305207881
static,IForest,MEASURED_DRIFT,LTDB,0.123092683186
static,IForest,MEASURED_DRIFT,MSL,0.0257357985872
static,IForest,MEASURED_DRIFT,OPPORTUNITY,0.474428335548
static,IForest,MEASURED_DRIFT,SMAP,0.204476229106
static,IForest,MEASURED_DRIFT,SMD,0.380509139743
static,IForest,MEASURED_DRIFT,SWaT,0.446322754713
static,IForest,MEASURED_DRIFT,TAO,0.10607107955
static,IForest,SIMULATED_SOURCE,CATSv2,0.0836293483824
static,IForest,SIMULATED_SOURCE,GHL,0.0158465491919
static,IForest,UNKNOWN_SOURCE,CreditCard,0.0093836986715
static,PCA,ALL_RELEASED,CATSv2,0.275819035616
static,PCA,ALL_RELEASED,CreditCard,0.0132078816237
static,PCA,ALL_RELEASED,Daphnet,0.139035319926
static,PCA,ALL_RELEASED,Exathlon,0.963124981793
static,PCA,ALL_RELEASED,GECCO,0.326016745134
static,PCA,ALL_RELEASED,GHL,0.0150866934519
static,PCA,ALL_RELEASED,Genesis,0.00514389639136
static,PCA,ALL_RELEASED,LTDB,0.47255280299
static,PCA,ALL_RELEASED,MITDB,0.193917921232
static,PCA,ALL_RELEASED,MSL,0.23231134842
static,PCA,ALL_RELEASED,OPPORTUNITY,0.36782285343
static,PCA,ALL_RELEASED,PSM,0.175389879288
static,PCA,ALL_RELEASED,SMAP,0.217664962143
static,PCA,ALL_RELEASED,SMD,0.48965535429
static,PCA,ALL_RELEASED,SVDB,0.473942053255
static,PCA,ALL_RELEASED,SWaT,0.498986511775
static,PCA,ALL_RELEASED,TAO,0.106096618763
static,PCA,TSB_DRIFT,CATSv2,0.275819035616
static,PCA,TSB_DRIFT,CreditCard,0.0132078816237
static,PCA,TSB_DRIFT,Daphnet,0.139035319926
static,PCA,TSB_DRIFT,Exathlon,0.958114747175
static,PCA,TSB_DRIFT,GECCO,0.326016745134
static,PCA,TSB_DRIFT,GHL,0.0150866934519
static,PCA,TSB_DRIFT,LTDB,0.132802407152
static,PCA,TSB_DRIFT,MSL,0.00482750831116
static,PCA,TSB_DRIFT,OPPORTUNITY,0.36782285343
static,PCA,TSB_DRIFT,SMAP,0.298597105362
static,PCA,TSB_DRIFT,SMD,0.539607532164
static,PCA,TSB_DRIFT,SWaT,0.498986511775
static,PCA,TSB_DRIFT,TAO,0.0870818680941
static,PCA,NON_DRIFT,Exathlon,0.964377540447
static,PCA,NON_DRIFT,Genesis,0.00514389639136
static,PCA,NON_DRIFT,LTDB,0.585802934936
static,PCA,NON_DRIFT,MITDB,0.193917921232
static,PCA,NON_DRIFT,MSL,0.249810105352
static,PCA,NON_DRIFT,PSM,0.175389879288
static,PCA,NON_DRIFT,SMAP,0.197431926338
static,PCA,NON_DRIFT,SMD,0.339798820667
static,PCA,NON_DRIFT,SVDB,0.473942053255
static,PCA,NON_DRIFT,TAO,0.156802620548
static,PCA,MEASURED_SOURCE_ONLY,Daphnet,0.139035319926
static,PCA,MEASURED_SOURCE_ONLY,Exathlon,0.963124981793
static,PCA,MEASURED_SOURCE_ONLY,GECCO,0.326016745134
static,PCA,MEASURED_SOURCE_ONLY,Genesis,0.00514389639136
static,PCA,MEASURED_SOURCE_ONLY,LTDB,0.47255280299
static,PCA,MEASURED_SOURCE_ONLY,MITDB,0.193917921232
static,PCA,MEASURED_SOURCE_ONLY,MSL,0.23231134842
static,PCA,MEASURED_SOURCE_ONLY,OPPORTUNITY,0.36782285343
static,PCA,MEASURED_SOURCE_ONLY,PSM,0.175389879288
static,PCA,MEASURED_SOURCE_ONLY,SMAP,0.217664962143
static,PCA,MEASURED_SOURCE_ONLY,SMD,0.48965535429
static,PCA,MEASURED_SOURCE_ONLY,SVDB,0.473942053255
static,PCA,MEASURED_SOURCE_ONLY,SWaT,0.498986511775
static,PCA,MEASURED_SOURCE_ONLY,TAO,0.106096618763
static,PCA,MEASURED_DRIFT,Daphnet,0.139035319926
static,PCA,MEASURED_DRIFT,Exathlon,0.958114747175
static,PCA,MEASURED_DRIFT,GECCO,0.326016745134
static,PCA,MEASURED_DRIFT,LTDB,0.132802407152
static,PCA,MEASURED_DRIFT,MSL,0.00482750831116
static,PCA,MEASURED_DRIFT,OPPORTUNITY,0.36782285343
static,PCA,MEASURED_DRIFT,SMAP,0.298597105362
static,PCA,MEASURED_DRIFT,SMD,0.539607532164
static,PCA,MEASURED_DRIFT,SWaT,0.498986511775
static,PCA,MEASURED_DRIFT,TAO,0.0870818680941
static,PCA,SIMULATED_SOURCE,CATSv2,0.275819035616
static,PCA,SIMULATED_SOURCE,GHL,0.0150866934519
static,PCA,UNKNOWN_SOURCE,CreditCard,0.0132078816237
static,Donut,ALL_RELEASED,CATSv2,0.169590214347
static,Donut,ALL_RELEASED,CreditCard,0.00226638800345
static,Donut,ALL_RELEASED,Daphnet,0.0913259125176
static,Donut,ALL_RELEASED,Exathlon,0.804213279779
static,Donut,ALL_RELEASED,GECCO,0.256309132701
static,Donut,ALL_RELEASED,GHL,0.0150985981899
static,Donut,ALL_RELEASED,Genesis,0.00302681404097
static,Donut,ALL_RELEASED,LTDB,0.220298336275
static,Donut,ALL_RELEASED,MITDB,0.139219400345
static,Donut,ALL_RELEASED,MSL,0.168066293235
static,Donut,ALL_RELEASED,OPPORTUNITY,0
static,Donut,ALL_RELEASED,PSM,0.300509980574
static,Donut,ALL_RELEASED,SMAP,0.172873021017
static,Donut,ALL_RELEASED,SMD,0.286896210068
static,Donut,ALL_RELEASED,SVDB,0.0964163031039
static,Donut,ALL_RELEASED,SWaT,0.152361617171
static,Donut,ALL_RELEASED,TAO,0.0880701332366
static,Donut,TSB_DRIFT,CATSv2,0.169590214347
static,Donut,TSB_DRIFT,CreditCard,0.00226638800345
static,Donut,TSB_DRIFT,Daphnet,0.0913259125176
static,Donut,TSB_DRIFT,Exathlon,0.755338661003
static,Donut,TSB_DRIFT,GECCO,0.256309132701
static,Donut,TSB_DRIFT,GHL,0.0150985981899
static,Donut,TSB_DRIFT,LTDB,0.127414386778
static,Donut,TSB_DRIFT,MSL,0.00578455904698
static,Donut,TSB_DRIFT,OPPORTUNITY,0
static,Donut,TSB_DRIFT,SMAP,0.342325859856
static,Donut,TSB_DRIFT,SMD,0.324299012893
static,Donut,TSB_DRIFT,SWaT,0.152361617171
static,Donut,TSB_DRIFT,TAO,0.0676240274317
static,Donut,NON_DRIFT,Exathlon,0.816431934473
static,Donut,NON_DRIFT,Genesis,0.00302681404097
static,Donut,NON_DRIFT,LTDB,0.251259652775
static,Donut,NON_DRIFT,MITDB,0.139219400345
static,Donut,NON_DRIFT,MSL,0.180549503557
static,Donut,NON_DRIFT,PSM,0.300509980574
static,Donut,NON_DRIFT,SMAP,0.130509811307
static,Donut,NON_DRIFT,SMD,0.174687801591
static,Donut,NON_DRIFT,SVDB,0.0964163031039
static,Donut,NON_DRIFT,TAO,0.14259308205
static,Donut,MEASURED_SOURCE_ONLY,Daphnet,0.0913259125176
static,Donut,MEASURED_SOURCE_ONLY,Exathlon,0.804213279779
static,Donut,MEASURED_SOURCE_ONLY,GECCO,0.256309132701
static,Donut,MEASURED_SOURCE_ONLY,Genesis,0.00302681404097
static,Donut,MEASURED_SOURCE_ONLY,LTDB,0.220298336275
static,Donut,MEASURED_SOURCE_ONLY,MITDB,0.139219400345
static,Donut,MEASURED_SOURCE_ONLY,MSL,0.168066293235
static,Donut,MEASURED_SOURCE_ONLY,OPPORTUNITY,0
static,Donut,MEASURED_SOURCE_ONLY,PSM,0.300509980574
static,Donut,MEASURED_SOURCE_ONLY,SMAP,0.172873021017
static,Donut,MEASURED_SOURCE_ONLY,SMD,0.286896210068
static,Donut,MEASURED_SOURCE_ONLY,SVDB,0.0964163031039
static,Donut,MEASURED_SOURCE_ONLY,SWaT,0.152361617171
static,Donut,MEASURED_SOURCE_ONLY,TAO,0.0880701332366
static,Donut,MEASURED_DRIFT,Daphnet,0.0913259125176
static,Donut,MEASURED_DRIFT,Exathlon,0.755338661003
static,Donut,MEASURED_DRIFT,GECCO,0.256309132701
static,Donut,MEASURED_DRIFT,LTDB,0.127414386778
static,Donut,MEASURED_DRIFT,MSL,0.00578455904698
static,Donut,MEASURED_DRIFT,OPPORTUNITY,0
static,Donut,MEASURED_DRIFT,SMAP,0.342325859856
static,Donut,MEASURED_DRIFT,SMD,0.324299012893
static,Donut,MEASURED_DRIFT,SWaT,0.152361617171
static,Donut,MEASURED_DRIFT,TAO,0.0676240274317
static,Donut,SIMULATED_SOURCE,CATSv2,0.169590214347
static,Donut,SIMULATED_SOURCE,GHL,0.0150985981899
static,Donut,UNKNOWN_SOURCE,CreditCard,0.00226638800345
static,RobustPCA,ALL_RELEASED,CATSv2,0.0733526784515
static,RobustPCA,ALL_RELEASED,CreditCard,0.00184750874722
static,RobustPCA,ALL_RELEASED,Daphnet,0.0733471549951
static,RobustPCA,ALL_RELEASED,Exathlon,0.80075214358
static,RobustPCA,ALL_RELEASED,GECCO,0.00840844035853
static,RobustPCA,ALL_RELEASED,GHL,0.0314530823652
static,RobustPCA,ALL_RELEASED,Genesis,0.00234840969615
static,RobustPCA,ALL_RELEASED,LTDB,0.188734870537
static,RobustPCA,ALL_RELEASED,MITDB,0.0384113570106
static,RobustPCA,ALL_RELEASED,MSL,0.164799437502
static,RobustPCA,ALL_RELEASED,OPPORTUNITY,0.126048159573
static,RobustPCA,ALL_RELEASED,PSM,0.105339979974
static,RobustPCA,ALL_RELEASED,SMAP,0.0514194928024
static,RobustPCA,ALL_RELEASED,SMD,0.142363299442
static,RobustPCA,ALL_RELEASED,SVDB,0.0775512777389
static,RobustPCA,ALL_RELEASED,SWaT,0.133850009899
static,RobustPCA,ALL_RELEASED,TAO,0.999219828865
static,RobustPCA,TSB_DRIFT,CATSv2,0.0733526784515
static,RobustPCA,TSB_DRIFT,CreditCard,0.00184750874722
static,RobustPCA,TSB_DRIFT,Daphnet,0.0733471549951
static,RobustPCA,TSB_DRIFT,Exathlon,0.899850698409
static,RobustPCA,TSB_DRIFT,GECCO,0.00840844035853
static,RobustPCA,TSB_DRIFT,GHL,0.0314530823652
static,RobustPCA,TSB_DRIFT,LTDB,0.133905841913
static,RobustPCA,TSB_DRIFT,MSL,0.0138979043412
static,RobustPCA,TSB_DRIFT,OPPORTUNITY,0.126048159573
static,RobustPCA,TSB_DRIFT,SMAP,0.0358974704801
static,RobustPCA,TSB_DRIFT,SMD,0.146659269497
static,RobustPCA,TSB_DRIFT,SWaT,0.133850009899
static,RobustPCA,TSB_DRIFT,TAO,0.999062998501
static,RobustPCA,NON_DRIFT,Exathlon,0.775977504872
static,RobustPCA,NON_DRIFT,Genesis,0.00234840969615
static,RobustPCA,NON_DRIFT,LTDB,0.207011213412
static,RobustPCA,NON_DRIFT,MITDB,0.0384113570106
static,RobustPCA,NON_DRIFT,MSL,0.176407247745
static,RobustPCA,NON_DRIFT,PSM,0.105339979974
static,RobustPCA,NON_DRIFT,SMAP,0.055299998383
static,RobustPCA,NON_DRIFT,SMD,0.129475389277
static,RobustPCA,NON_DRIFT,SVDB,0.0775512777389
static,RobustPCA,NON_DRIFT,TAO,0.99963804317
static,RobustPCA,MEASURED_SOURCE_ONLY,Daphnet,0.0733471549951
static,RobustPCA,MEASURED_SOURCE_ONLY,Exathlon,0.80075214358
static,RobustPCA,MEASURED_SOURCE_ONLY,GECCO,0.00840844035853
static,RobustPCA,MEASURED_SOURCE_ONLY,Genesis,0.00234840969615
static,RobustPCA,MEASURED_SOURCE_ONLY,LTDB,0.188734870537
static,RobustPCA,MEASURED_SOURCE_ONLY,MITDB,0.0384113570106
static,RobustPCA,MEASURED_SOURCE_ONLY,MSL,0.164799437502
static,RobustPCA,MEASURED_SOURCE_ONLY,OPPORTUNITY,0.126048159573
static,RobustPCA,MEASURED_SOURCE_ONLY,PSM,0.105339979974
static,RobustPCA,MEASURED_SOURCE_ONLY,SMAP,0.0514194928024
static,RobustPCA,MEASURED_SOURCE_ONLY,SMD,0.142363299442
static,RobustPCA,MEASURED_SOURCE_ONLY,SVDB,0.0775512777389
static,RobustPCA,MEASURED_SOURCE_ONLY,SWaT,0.133850009899
static,RobustPCA,MEASURED_SOURCE_ONLY,TAO,0.999219828865
static,RobustPCA,MEASURED_DRIFT,Daphnet,0.0733471549951
static,RobustPCA,MEASURED_DRIFT,Exathlon,0.899850698409
static,RobustPCA,MEASURED_DRIFT,GECCO,0.00840844035853
static,RobustPCA,MEASURED_DRIFT,LTDB,0.133905841913
static,RobustPCA,MEASURED_DRIFT,MSL,0.0138979043412
static,RobustPCA,MEASURED_DRIFT,OPPORTUNITY,0.126048159573
static,RobustPCA,MEASURED_DRIFT,SMAP,0.0358974704801
static,RobustPCA,MEASURED_DRIFT,SMD,0.146659269497
static,RobustPCA,MEASURED_DRIFT,SWaT,0.133850009899
static,RobustPCA,MEASURED_DRIFT,TAO,0.999062998501
static,RobustPCA,SIMULATED_SOURCE,CATSv2,0.0733526784515
static,RobustPCA,SIMULATED_SOURCE,GHL,0.0314530823652
static,RobustPCA,UNKNOWN_SOURCE,CreditCard,0.00184750874722
static,LSTMAD,ALL_RELEASED,CATSv2,0.148956195607
static,LSTMAD,ALL_RELEASED,CreditCard,0.134566097603
static,LSTMAD,ALL_RELEASED,Daphnet,0.18748726897
static,LSTMAD,ALL_RELEASED,Exathlon,0.952704722144
static,LSTMAD,ALL_RELEASED,GECCO,0.484332388875
static,LSTMAD,ALL_RELEASED,GHL,0.0227808496187
static,LSTMAD,ALL_RELEASED,Genesis,0.0437352889464
static,LSTMAD,ALL_RELEASED,LTDB,0.278030658905
static,LSTMAD,ALL_RELEASED,MITDB,0.137167165953
static,LSTMAD,ALL_RELEASED,MSL,0.254462413518
static,LSTMAD,ALL_RELEASED,OPPORTUNITY,0.304744613176
static,LSTMAD,ALL_RELEASED,PSM,0.378673454306
static,LSTMAD,ALL_RELEASED,SMAP,0.139632695333
static,LSTMAD,ALL_RELEASED,SMD,0.349741204121
static,LSTMAD,ALL_RELEASED,SVDB,0.155488102063
static,LSTMAD,ALL_RELEASED,SWaT,0.505657992026
static,LSTMAD,ALL_RELEASED,TAO,0.981519007073
static,LSTMAD,TSB_DRIFT,CATSv2,0.148956195607
static,LSTMAD,TSB_DRIFT,CreditCard,0.134566097603
static,LSTMAD,TSB_DRIFT,Daphnet,0.18748726897
static,LSTMAD,TSB_DRIFT,Exathlon,0.933916335323
static,LSTMAD,TSB_DRIFT,GECCO,0.484332388875
static,LSTMAD,TSB_DRIFT,GHL,0.0227808496187
static,LSTMAD,TSB_DRIFT,LTDB,0.140071509889
static,LSTMAD,TSB_DRIFT,MSL,0.0268195383401
static,LSTMAD,TSB_DRIFT,OPPORTUNITY,0.304744613176
static,LSTMAD,TSB_DRIFT,SMAP,0.288688941043
static,LSTMAD,TSB_DRIFT,SMD,0.367334771871
static,LSTMAD,TSB_DRIFT,SWaT,0.505657992026
static,LSTMAD,TSB_DRIFT,TAO,0.977455015607
static,LSTMAD,NON_DRIFT,Exathlon,0.95740181885
static,LSTMAD,NON_DRIFT,Genesis,0.0437352889464
static,LSTMAD,NON_DRIFT,LTDB,0.32401704191
static,LSTMAD,NON_DRIFT,MITDB,0.137167165953
static,LSTMAD,NON_DRIFT,MSL,0.271973403916
static,LSTMAD,NON_DRIFT,PSM,0.378673454306
static,LSTMAD,NON_DRIFT,SMAP,0.102368633905
static,LSTMAD,NON_DRIFT,SMD,0.296960500872
static,LSTMAD,NON_DRIFT,SVDB,0.155488102063
static,LSTMAD,NON_DRIFT,TAO,0.992356317649
static,LSTMAD,MEASURED_SOURCE_ONLY,Daphnet,0.18748726897
static,LSTMAD,MEASURED_SOURCE_ONLY,Exathlon,0.952704722144
static,LSTMAD,MEASURED_SOURCE_ONLY,GECCO,0.484332388875
static,LSTMAD,MEASURED_SOURCE_ONLY,Genesis,0.0437352889464
static,LSTMAD,MEASURED_SOURCE_ONLY,LTDB,0.278030658905
static,LSTMAD,MEASURED_SOURCE_ONLY,MITDB,0.137167165953
static,LSTMAD,MEASURED_SOURCE_ONLY,MSL,0.254462413518
static,LSTMAD,MEASURED_SOURCE_ONLY,OPPORTUNITY,0.304744613176
static,LSTMAD,MEASURED_SOURCE_ONLY,PSM,0.378673454306
static,LSTMAD,MEASURED_SOURCE_ONLY,SMAP,0.139632695333
static,LSTMAD,MEASURED_SOURCE_ONLY,SMD,0.349741204121
static,LSTMAD,MEASURED_SOURCE_ONLY,SVDB,0.155488102063
static,LSTMAD,MEASURED_SOURCE_ONLY,SWaT,0.505657992026
static,LSTMAD,MEASURED_SOURCE_ONLY,TAO,0.981519007073
static,LSTMAD,MEASURED_DRIFT,Daphnet,0.18748726897
static,LSTMAD,MEASURED_DRIFT,Exathlon,0.933916335323
static,LSTMAD,MEASURED_DRIFT,GECCO,0.484332388875
static,LSTMAD,MEASURED_DRIFT,LTDB,0.140071509889
static,LSTMAD,MEASURED_DRIFT,MSL,0.0268195383401
static,LSTMAD,MEASURED_DRIFT,OPPORTUNITY,0.304744613176
static,LSTMAD,MEASURED_DRIFT,SMAP,0.288688941043
static,LSTMAD,MEASURED_DRIFT,SMD,0.367334771871
static,LSTMAD,MEASURED_DRIFT,SWaT,0.505657992026
static,LSTMAD,MEASURED_DRIFT,TAO,0.977455015607
static,LSTMAD,SIMULATED_SOURCE,CATSv2,0.148956195607
static,LSTMAD,SIMULATED_SOURCE,GHL,0.0227808496187
static,LSTMAD,UNKNOWN_SOURCE,CreditCard,0.134566097603
