file,features,ts_len,anomaly_len,num_anomaly,avg_anomaly_len,anomaly_ratio,point_anomaly,seq_anomaly,jsd,jsd_mean,CD,type,CD_rate,family,origin,declared_train_cutoff,declared_first_anomaly,train_ratio,point_flag_stratum,online_portfolio,streaming_portfolio,portfolio_gap,cross_pair_stream_win_share,cross_pair_online_win_share,oracle_online,oracle_streaming,oracle_gap,oracle_stream_winner,oracle_online_winner,streaming_lomo_min_gap,online_lomo_min_margin,duplicate_group,historical_raw_audit,native_provenance,historical_training_anomaly_count,first_actual_anomaly_historical,historical_dimension_matches,historical_length_matches,tag_continuous,tag_change_point,tag_periodic,tag_random_walk,bin_dimensions,bin_duration,bin_prevalence,bin_events,bin_train_ratio,bin_length
001_Genesis_id_1_Sensor_tr_4055_1st_15538.csv,18,16220,50,3,16.6666666667,0.00308261405672,0,1,0.0222508900785,0.0113965942332,0,,0,Genesis,MEASURED_FAMILY_DOCUMENTED,4055,15538,0.25,SEQUENCE_FLAG_ONLY,0.0327023189426,0.0159452164666,-0.0167571024761,0.25,0.75,0.19763700914,0.216815029702,0.0191780205616,RRCF,MCD,-0.0244711657572,0.00518539848539,unverified_unique_001_Genesis_id_1_Sensor_tr_4055_1st_15538.csv,False,unknown_uninspected,,,,,False,False,False,False,"(10.0, 40.0]","(10.0, 100.0]","(-inf, 0.01]","(1.0, 10.0]","(0.2, 0.5]","(5000.0, 20000.0]"
002_MSL_id_1_Sensor_tr_500_1st_900.csv,55,1827,11,1,11,0.00602079912425,0,1,0,0,0,,0,MSL,MEASURED_FAMILY_DOCUMENTED,500,900,0.273672687466,SEQUENCE_FLAG_ONLY,0.170161602312,0.210911622393,0.0407500200814,0.375,0.625,0.326077050388,0.280759674801,-0.0453173755874,SWKNN,CNN,-0.0102225218582,-0.108162313106,unverified_unique_002_MSL_id_1_Sensor_tr_500_1st_900.csv,False,unknown_uninspected,,,,,False,False,False,False,"(40.0, 80.0]","(10.0, 100.0]","(-inf, 0.01]","(-inf, 1.0]","(0.2, 0.5]","(-inf, 5000.0]"
003_MSL_id_2_Sensor_tr_883_1st_1238.csv,55,3535,228,2,114,0.0644978783593,0,1,0.0713812715059,0.0371786439058,0,,0,MSL,MEASURED_FAMILY_DOCUMENTED,883,1238,0.249787835926,SEQUENCE_FLAG_ONLY,0.116123779793,0.150581674492,0.0344578946988,0.75,0.25,0.33945100402,0.25119479523,-0.0882562087899,HSTree,IForest,0.0215906630738,-0.0507699751278,unverified_unique_003_MSL_id_2_Sensor_tr_883_1st_1238.csv,False,unknown_uninspected,,,,,False,False,False,False,"(40.0, 80.0]","(100.0, 1000.0]","(0.05, 0.2]","(1.0, 10.0]","(0.2, 0.5]","(-inf, 5000.0]"
005_MSL_id_4_Sensor_tr_855_1st_2700.csv,55,3422,71,1,71,0.020748100526,0,1,0.0989483685444,0.043975703885,0,,0,MSL,MEASURED_FAMILY_DOCUMENTED,855,2700,0.249853886616,SEQUENCE_FLAG_ONLY,0.126671404943,0.0327084837381,-0.0939629212046,0.0625,0.9375,0.193663421941,0.0559300164697,-0.137733405472,HSTree,CNN,-0.120912886485,0.0716322488718,unverified_unique_005_MSL_id_4_Sensor_tr_855_1st_2700.csv,False,unknown_uninspected,,,,,False,False,False,False,"(40.0, 80.0]","(10.0, 100.0]","(0.01, 0.05]","(-inf, 1.0]","(0.2, 0.5]","(-inf, 5000.0]"
006_MSL_id_5_Sensor_tr_1150_1st_1250.csv,55,5054,423,3,141,0.083696082311,0,1,0.0217636188438,0.0114024028811,0,,0,MSL,MEASURED_FAMILY_DOCUMENTED,1150,1250,0.227542540562,SEQUENCE_FLAG_ONLY,0.0789404924572,0.112417518725,0.0334770262681,0.875,0.125,0.207759791181,0.129800648726,-0.0779591424548,SWKNN,MCD,0.0269783974322,-0.0431237807674,unverified_unique_006_MSL_id_5_Sensor_tr_1150_1st_1250.csv,False,unknown_uninspected,,,,,False,False,False,False,"(40.0, 80.0]","(100.0, 1000.0]","(0.05, 0.2]","(1.0, 10.0]","(0.2, 0.5]","(5000.0, 20000.0]"
007_MSL_id_6_Sensor_tr_980_1st_3550.csv,55,3922,151,1,151,0.0385007649159,0,1,0.250204856592,0.109937159847,0,,0,MSL,MEASURED_FAMILY_DOCUMENTED,980,3550,0.249872514023,SEQUENCE_FLAG_ONLY,0.117239837915,0.178964927535,0.0617250896201,0.8125,0.1875,0.633804196918,0.293430334149,-0.340373862768,SWKNN,KMeansAD,0.0235699540821,-0.0879184895431,unverified_unique_007_MSL_id_6_Sensor_tr_980_1st_3550.csv,False,unknown_uninspected,,,,,False,False,False,False,"(40.0, 80.0]","(100.0, 1000.0]","(0.01, 0.05]","(-inf, 1.0]","(0.2, 0.5]","(-inf, 5000.0]"
008_MSL_id_7_Sensor_tr_656_1st_1630.csv,55,2625,222,2,111,0.0845714285714,0,1,0,0,0,,0,MSL,MEASURED_FAMILY_DOCUMENTED,656,1630,0.249904761905,SEQUENCE_FLAG_ONLY,0.571707370079,0.295352747299,-0.27635462278,0.1875,0.8125,0.908763481373,0.5995381206,-0.309225360773,MemStream,CNN,-0.387766319371,0.164002585682,unverified_unique_008_MSL_id_7_Sensor_tr_656_1st_1630.csv,False,unknown_uninspected,,,,,False,False,False,False,"(40.0, 80.0]","(100.0, 1000.0]","(0.05, 0.2]","(1.0, 10.0]","(0.2, 0.5]","(-inf, 5000.0]"
009_MSL_id_8_Sensor_tr_714_1st_1390.csv,55,2856,21,1,21,0.00735294117647,0,1,0.692899018515,0.327115571835,1,change_point,0.0181818181818,MSL,MEASURED_FAMILY_DOCUMENTED,714,1390,0.25,SEQUENCE_FLAG_ONLY,0.133250597607,0.265713019225,0.132462421618,0.75,0.25,0.338493728805,0.612119079508,0.273625350703,SWKNN,TimesNet,0.0169937348567,-0.214315988126,unverified_unique_009_MSL_id_8_Sensor_tr_714_1st_1390.csv,True,unresolved_original_trace_mapping,0,1390,True,True,False,True,False,False,"(40.0, 80.0]","(10.0, 100.0]","(-inf, 0.01]","(-inf, 1.0]","(0.2, 0.5]","(-inf, 5000.0]"
010_MSL_id_9_Sensor_tr_554_1st_1172.csv,55,2217,69,1,69,0.0311231393775,0,1,0.00704998414874,0.00223855928621,0,,0,MSL,MEASURED_FAMILY_DOCUMENTED,554,1172,0.249887235002,SEQUENCE_FLAG_ONLY,0.0294790245848,0.0327636677752,0.0032846431905,0.75,0.25,0.0965325571014,0.0426235796883,-0.0539089774131,HSTree,OCSVM,0.00122697889944,-0.00467288553047,unverified_unique_010_MSL_id_9_Sensor_tr_554_1st_1172.csv,False,unknown_uninspected,,,,,False,False,False,False,"(40.0, 80.0]","(10.0, 100.0]","(0.01, 0.05]","(-inf, 1.0]","(0.2, 0.5]","(-inf, 5000.0]"
012_MSL_id_11_Sensor_tr_539_1st_940.csv,55,2156,101,1,101,0.0468460111317,0,1,0,0,0,,0,MSL,MEASURED_FAMILY_DOCUMENTED,539,940,0.25,SEQUENCE_FLAG_ONLY,0.134213675443,0.399505551251,0.265291875809,0.875,0.125,0.724131924351,0.744907337144,0.0207754127926,SWKNN,KMeansAD,0.150157947178,-0.351604478746,unverified_unique_012_MSL_id_11_Sensor_tr_539_1st_940.csv,False,unknown_uninspected,,,,,False,False,False,False,"(40.0, 80.0]","(100.0, 1000.0]","(0.01, 0.05]","(-inf, 1.0]","(0.2, 0.5]","(-inf, 5000.0]"
013_MSL_id_12_Sensor_tr_554_1st_1200.csv,55,2218,26,1,26,0.0117222723174,0,1,0,0,0,,0,MSL,MEASURED_FAMILY_DOCUMENTED,554,1200,0.249774571686,SEQUENCE_FLAG_ONLY,0.165891743646,0.117097286804,-0.0487944568414,0.3125,0.6875,0.338245957437,0.208835240145,-0.129410717292,HSTree,CNN,-0.0982465478358,-0.00865694775568,unverified_unique_013_MSL_id_12_Sensor_tr_554_1st_1200.csv,False,unknown_uninspected,,,,,False,False,False,False,"(40.0, 80.0]","(10.0, 100.0]","(0.01, 0.05]","(-inf, 1.0]","(0.2, 0.5]","(-inf, 5000.0]"
014_MSL_id_13_Sensor_tr_1525_1st_4575.csv,55,6100,181,1,181,0.0296721311475,0,1,0.629270523654,0.23597644637,0,,0,MSL,MEASURED_FAMILY_DOCUMENTED,1525,4575,0.25,SEQUENCE_FLAG_ONLY,0.46885355178,0.375932618754,-0.0929209330259,0.4375,0.5625,0.783405486329,0.4901497408,-0.293255745529,SWKNN,OmniAnomaly,-0.15991729547,-0.0118099016441,unverified_unique_014_MSL_id_13_Sensor_tr_1525_1st_4575.csv,False,unknown_uninspected,,,,,False,False,False,False,"(40.0, 80.0]","(100.0, 1000.0]","(0.01, 0.05]","(-inf, 1.0]","(0.2, 0.5]","(5000.0, 20000.0]"
015_MSL_id_14_Sensor_tr_575_1st_1250.csv,55,2303,301,1,301,0.130699088146,0,1,0.122465242717,0.0532959921322,0,,0,MSL,MEASURED_FAMILY_DOCUMENTED,575,1250,0.24967433782,SEQUENCE_FLAG_ONLY,0.421915016368,0.147439871233,-0.274475145134,0,1,0.537422177345,0.173895795033,-0.363526382313,RRCF,OmniAnomaly,-0.35598527888,0.236524324696,unverified_unique_015_MSL_id_14_Sensor_tr_575_1st_1250.csv,False,unknown_uninspected,,,,,False,False,False,False,"(40.0, 80.0]","(100.0, 1000.0]","(0.05, 0.2]","(-inf, 1.0]","(0.2, 0.5]","(-inf, 5000.0]"
016_MSL_id_15_Sensor_tr_500_1st_780.csv,55,1096,112,2,56,0.102189781022,0,1,0.203057027443,0.101528513722,0,,0,MSL,MEASURED_FAMILY_DOCUMENTED,500,780,0.456204379562,SEQUENCE_FLAG_ONLY,0.414526479212,0.444919503645,0.0303930244325,0.625,0.375,0.672390941146,0.524595786433,-0.147795154713,SWKNN,KMeansAD,-0.000168797575002,-0.0758104740466,unverified_unique_016_MSL_id_15_Sensor_tr_500_1st_780.csv,False,unknown_uninspected,,,,,False,False,False,False,"(40.0, 80.0]","(10.0, 100.0]","(0.05, 0.2]","(1.0, 10.0]","(0.2, 0.5]","(-inf, 5000.0]"
017_MSL_id_16_Sensor_tr_512_1st_1850.csv,55,2049,181,1,181,0.0883357735481,0,1,0.147805855231,0.0554271957118,0,,0,MSL,MEASURED_FAMILY_DOCUMENTED,512,1850,0.249877989263,SEQUENCE_FLAG_ONLY,0.819005169755,0.39659575612,-0.422409413635,0.1875,0.8125,0.93972376614,0.899623863165,-0.040099902975,MemStream,CNN,-0.590085449317,0.349610859137,unverified_unique_017_MSL_id_16_Sensor_tr_512_1st_1850.csv,False,unknown_uninspected,,,,,False,False,False,False,"(40.0, 80.0]","(100.0, 1000.0]","(0.05, 0.2]","(-inf, 1.0]","(0.2, 0.5]","(-inf, 5000.0]"
018_Daphnet_id_1_HumanActivity_tr_9693_1st_20732.csv,9,38774,2306,6,384.333333333,0.0594728426265,0,1,0.662162984177,0.315162356378,1,change_point,0.111111111111,Daphnet,MEASURED_FAMILY_DOCUMENTED,9693,20732,0.249987104761,SEQUENCE_FLAG_ONLY,0.348937615586,0.276520865222,-0.0724167503644,0.25,0.75,0.452598018537,0.350873847746,-0.101724170791,MemStream,OmniAnomaly,-0.0972010778724,0.0402445666571,unverified_unique_018_Daphnet_id_1_HumanActivity_tr_9693_1st_20732.csv,True,unresolved_original_trace_mapping,0,20732,True,True,False,True,False,False,"(-inf, 10.0]","(100.0, 1000.0]","(0.05, 0.2]","(1.0, 10.0]","(0.2, 0.5]","(20000.0, 100000.0]"
019_MITDB_id_1_Medical_tr_37500_1st_103211.csv,2,150000,18610,1,18610,0.124066666667,0,1,0.170587162489,0.0576174680807,0,,0,MITDB,MEASURED_FAMILY_DOCUMENTED,37500,103211,0.25,SEQUENCE_FLAG_ONLY,0.239236177959,0.169061598157,-0.0701745798017,0.0625,0.9375,0.306615293797,0.212015455855,-0.0945998379419,LODA,CNN,-0.0866077075259,0.0477148745225,unverified_unique_019_MITDB_id_1_Medical_tr_37500_1st_103211.csv,False,unknown_uninspected,,,,,False,False,False,False,"(-inf, 10.0]","(1000.0, inf]","(0.05, 0.2]","(-inf, 1.0]","(0.2, 0.5]","(100000.0, inf]"
020_MITDB_id_2_Medical_tr_50000_1st_52315.csv,2,650000,1047,2,523.5,0.00161076923077,0,1,0.196125407473,0.0515351117263,0,,0,MITDB,MEASURED_FAMILY_DOCUMENTED,50000,52315,0.0769230769231,SEQUENCE_FLAG_ONLY,0.0161481627759,0.0269466880501,0.0107985252742,0.5,0.5,0.0307494792352,0.0776404102806,0.0468909310454,SWKNN,TimesNet,-0.006099382136,-0.018069183203,unverified_unique_020_MITDB_id_2_Medical_tr_50000_1st_52315.csv,False,unknown_uninspected,,,,,False,False,False,False,"(-inf, 10.0]","(100.0, 1000.0]","(-inf, 0.01]","(1.0, 10.0]","(0.05, 0.2]","(100000.0, inf]"
021_MITDB_id_3_Medical_tr_50000_1st_57595.csv,2,500000,8810,18,489.444444444,0.01762,0,1,0.0179472931156,0.00543926240914,0,,0,MITDB,MEASURED_FAMILY_DOCUMENTED,50000,57595,0.1,SEQUENCE_FLAG_ONLY,0.04818414067,0.0217994972782,-0.0263846433918,0.25,0.75,0.11808378135,0.0250439669396,-0.0930398144105,LODA,KMeansAD,-0.036955677781,0.0102027184228,unverified_unique_021_MITDB_id_3_Medical_tr_50000_1st_57595.csv,False,unknown_uninspected,,,,,False,False,False,False,"(-inf, 10.0]","(100.0, 1000.0]","(0.01, 0.05]","(10.0, 100.0]","(0.05, 0.2]","(100000.0, inf]"
022_MITDB_id_4_Medical_tr_50000_1st_54253.csv,2,300000,13293,25,531.72,0.04431,0,1,0.0961295539625,0.038806311116,0,,0,MITDB,MEASURED_FAMILY_DOCUMENTED,50000,54253,0.166666666667,SEQUENCE_FLAG_ONLY,0.0903478473252,0.0540290402717,-0.0363188070535,0.125,0.875,0.134178312098,0.0858034678095,-0.0483748442885,xStream,KMeansAD,-0.0476545659782,0.0289732577863,unverified_unique_022_MITDB_id_4_Medical_tr_50000_1st_54253.csv,False,unknown_uninspected,,,,,False,False,False,False,"(-inf, 10.0]","(100.0, 1000.0]","(0.01, 0.05]","(10.0, 100.0]","(0.05, 0.2]","(100000.0, inf]"
024_MITDB_id_6_Medical_tr_50000_1st_58118.csv,2,200000,353,1,353,0.001765,0,1,0.0211610663994,0.0134198670961,0,,0,MITDB,MEASURED_FAMILY_DOCUMENTED,50000,58118,0.25,SEQUENCE_FLAG_ONLY,0.209359744719,0.125403154483,-0.083956590236,0.3125,0.6875,0.415074029017,0.228398832878,-0.186675196139,SWKNN,USAD,-0.123672358396,0.0153851621366,unverified_unique_024_MITDB_id_6_Medical_tr_50000_1st_58118.csv,False,unknown_uninspected,,,,,False,False,False,False,"(-inf, 10.0]","(100.0, 1000.0]","(-inf, 0.01]","(-inf, 1.0]","(0.2, 0.5]","(100000.0, inf]"
025_MITDB_id_7_Medical_tr_37500_1st_88864.csv,2,150000,3696,6,616,0.02464,0,1,0.191107359474,0.0807447745773,0,,0,MITDB,MEASURED_FAMILY_DOCUMENTED,37500,88864,0.25,SEQUENCE_FLAG_ONLY,0.317861481047,0.190814609688,-0.12704687136,0.1875,0.8125,0.568923935893,0.445866912126,-0.123057023767,SWKNN,CNN,-0.212064305506,0.0433593864114,unverified_unique_025_MITDB_id_7_Medical_tr_37500_1st_88864.csv,False,unknown_uninspected,,,,,False,False,False,False,"(-inf, 10.0]","(100.0, 1000.0]","(0.01, 0.05]","(1.0, 10.0]","(0.2, 0.5]","(100000.0, inf]"
026_MITDB_id_8_Medical_tr_30495_1st_30595.csv,2,400000,26233,48,546.520833333,0.0655825,0,1,0.100246800014,0.0318439799477,0,,0,MITDB,MEASURED_FAMILY_DOCUMENTED,30495,30595,0.0762375,SEQUENCE_FLAG_ONLY,0.190246290061,0.119896096184,-0.0703501938766,0.1875,0.8125,0.325960790577,0.136186994123,-0.189773796454,SWKNN,OmniAnomaly,-0.0977852822161,0.0325743177695,unverified_unique_026_MITDB_id_8_Medical_tr_30495_1st_30595.csv,False,unknown_uninspected,,,,,False,False,False,False,"(-inf, 10.0]","(100.0, 1000.0]","(0.05, 0.2]","(10.0, 100.0]","(0.05, 0.2]","(100000.0, inf]"
027_MITDB_id_9_Medical_tr_25000_1st_52255.csv,2,100000,433,1,433,0.00433,0,1,0.101330249822,0.0445109804908,0,,0,MITDB,MEASURED_FAMILY_DOCUMENTED,25000,52255,0.25,SEQUENCE_FLAG_ONLY,0.045579698656,0.0124008633183,-0.0331788353377,0.1875,0.8125,0.0854366689765,0.0216458586133,-0.0637908103633,SDOstream,LSTMAD,-0.0445277144262,0.0229065308578,unverified_unique_027_MITDB_id_9_Medical_tr_25000_1st_52255.csv,False,unknown_uninspected,,,,,False,False,False,False,"(-inf, 10.0]","(100.0, 1000.0]","(-inf, 0.01]","(-inf, 1.0]","(0.2, 0.5]","(20000.0, 100000.0]"
029_MITDB_id_11_Medical_tr_50000_1st_518037.csv,2,600000,1750,5,350,0.00291666666667,0,1,0.119757161534,0.041745032053,0,,0,MITDB,MEASURED_FAMILY_DOCUMENTED,50000,518037,0.0833333333333,SEQUENCE_FLAG_ONLY,0.418689922858,0.278545861762,-0.140144061096,0.1875,0.8125,0.453620845464,0.437527236035,-0.0160936094285,SWKNN,OmniAnomaly,-0.193137852521,0.0824914362228,unverified_unique_029_MITDB_id_11_Medical_tr_50000_1st_518037.csv,False,unknown_uninspected,,,,,False,False,False,False,"(-inf, 10.0]","(100.0, 1000.0]","(-inf, 0.01]","(1.0, 10.0]","(0.05, 0.2]","(100000.0, inf]"
030_MITDB_id_12_Medical_tr_50000_1st_84572.csv,2,620000,26771,59,453.745762712,0.0431790322581,0,1,0.216058203984,0.0377322514225,0,,0,MITDB,MEASURED_FAMILY_DOCUMENTED,50000,84572,0.0806451612903,SEQUENCE_FLAG_ONLY,0.0635213163901,0.0514207274666,-0.0121005889235,0.125,0.875,0.079264890299,0.0597090850432,-0.0195558052557,RSHash,CNN,-0.0147444854054,0.00685273095388,unverified_unique_030_MITDB_id_12_Medical_tr_50000_1st_84572.csv,False,unknown_uninspected,,,,,False,False,False,False,"(-inf, 10.0]","(100.0, 1000.0]","(0.01, 0.05]","(10.0, 100.0]","(0.05, 0.2]","(100000.0, inf]"
031_MITDB_id_13_Medical_tr_50000_1st_79433.csv,2,450000,9807,28,350.25,0.0217933333333,0,1,0.0855030273157,0.0200740989772,0,,0,MITDB,MEASURED_FAMILY_DOCUMENTED,50000,79433,0.111111111111,SEQUENCE_FLAG_ONLY,0.0340681644778,0.0246072154958,-0.00946094898203,0.0625,0.9375,0.0459448451702,0.0268995897469,-0.0190452554233,SWKNN,USAD,-0.0121911456734,0.0055020554179,unverified_unique_031_MITDB_id_13_Medical_tr_50000_1st_79433.csv,False,unknown_uninspected,,,,,False,False,False,False,"(-inf, 10.0]","(100.0, 1000.0]","(0.01, 0.05]","(10.0, 100.0]","(0.05, 0.2]","(100000.0, inf]"
032_GHL_id_1_Sensor_tr_50000_1st_65001.csv,19,200001,1850,2,925,0.00924995375023,0,1,0.693128576375,0.504696926729,1,continuous random_walk change_point,0.210526315789,GHL,SIMULATED_SOURCE,50000,65001,0.249998750006,SEQUENCE_FLAG_ONLY,0.00593495531974,0.00815674120865,0.00222178588891,0.875,0.125,0.0165284108031,0.0119797000313,-0.00454871077177,RRCF,HBOS,0.0018414551533,-0.00308278250746,unverified_unique_032_GHL_id_1_Sensor_tr_50000_1st_65001.csv,True,unresolved_original_trace_mapping,0,65001,True,True,True,True,False,True,"(10.0, 40.0]","(100.0, 1000.0]","(-inf, 0.01]","(1.0, 10.0]","(0.2, 0.5]","(100000.0, inf]"
033_GHL_id_2_Sensor_tr_50000_1st_51001.csv,19,200001,1847,2,923.5,0.00923495382523,0,1,0.693122716026,0.505829034519,1,continuous random_walk change_point,0.0526315789474,GHL,SIMULATED_SOURCE,50000,51001,0.249998750006,SEQUENCE_FLAG_ONLY,0.00556121799615,0.0100194048374,0.00445818684127,0.875,0.125,0.00904648630822,0.0198677392894,0.0108212529811,LODA,IForest,0.00242583160163,-0.00586337547972,unverified_unique_033_GHL_id_2_Sensor_tr_50000_1st_51001.csv,True,unresolved_original_trace_mapping,0,51001,True,True,True,True,False,True,"(10.0, 40.0]","(100.0, 1000.0]","(-inf, 0.01]","(1.0, 10.0]","(0.2, 0.5]","(100000.0, inf]"
034_GHL_id_3_Sensor_tr_50000_1st_122001.csv,19,200001,1919,2,959.5,0.00959495202524,0,1,0.693124099783,0.499334101345,1,continuous random_walk change_point,0.0526315789474,GHL,SIMULATED_SOURCE,50000,122001,0.249998750006,SEQUENCE_FLAG_ONLY,0.010307979797,0.0110395978858,0.000731618088762,0.4375,0.5625,0.0234675800869,0.0141921236298,-0.00927545645707,MCOD,RobustPCA,-0.0010523130412,-0.00214095977084,unverified_unique_034_GHL_id_3_Sensor_tr_50000_1st_122001.csv,True,unresolved_original_trace_mapping,0,122001,True,True,True,True,False,True,"(10.0, 40.0]","(100.0, 1000.0]","(-inf, 0.01]","(1.0, 10.0]","(0.2, 0.5]","(100000.0, inf]"
035_GHL_id_4_Sensor_tr_50000_1st_90001.csv,19,200001,2713,3,904.333333333,0.0135649321753,0,1,0.693127351209,0.508039711789,1,continuous random_walk change_point,0.210526315789,GHL,SIMULATED_SOURCE,50000,90001,0.249998750006,SEQUENCE_FLAG_ONLY,0.0101815433832,0.0128351410085,0.00265359762528,0.875,0.125,0.199682378949,0.0283229361427,-0.171359442806,LODA,RobustPCA,0.0015929950878,-0.0034508278564,unverified_unique_035_GHL_id_4_Sensor_tr_50000_1st_90001.csv,True,unresolved_original_trace_mapping,0,90001,True,True,True,True,False,True,"(10.0, 40.0]","(100.0, 1000.0]","(0.01, 0.05]","(1.0, 10.0]","(0.2, 0.5]","(100000.0, inf]"
036_GHL_id_5_Sensor_tr_50000_1st_67147.csv,19,200001,2283,2,1141.5,0.0114149429253,0,1,0.693124820793,0.503940942193,1,continuous random_walk change_point,0.157894736842,GHL,SIMULATED_SOURCE,50000,67147,0.249998750006,SEQUENCE_FLAG_ONLY,0.00757319702126,0.012488776185,0.00491557916376,0.875,0.125,0.11493082574,0.0197135998106,-0.0952172259293,MCOD,RobustPCA,0.00250730462192,-0.00647065542163,unverified_unique_036_GHL_id_5_Sensor_tr_50000_1st_67147.csv,True,unresolved_original_trace_mapping,0,67147,True,True,True,True,False,True,"(10.0, 40.0]","(1000.0, inf]","(0.01, 0.05]","(1.0, 10.0]","(0.2, 0.5]","(100000.0, inf]"
037_GHL_id_6_Sensor_tr_50000_1st_80001.csv,19,200001,1866,2,933,0.00932995335023,0,1,0.693124055227,0.498920056826,1,continuous random_walk change_point,0.0526315789474,GHL,SIMULATED_SOURCE,50000,80001,0.249998750006,SEQUENCE_FLAG_ONLY,0.00758281042772,0.0346054329512,0.0270226225235,0.75,0.25,0.0314860212763,0.111779446859,0.0802934255823,MCOD,AnomalyTransformer,0.00129795122102,-0.0358284113459,unverified_unique_037_GHL_id_6_Sensor_tr_50000_1st_80001.csv,True,unresolved_original_trace_mapping,0,80001,True,True,True,True,False,True,"(10.0, 40.0]","(100.0, 1000.0]","(-inf, 0.01]","(1.0, 10.0]","(0.2, 0.5]","(100000.0, inf]"
038_GHL_id_7_Sensor_tr_50000_1st_100001.csv,19,200001,1695,2,847.5,0.00847495762521,0,1,0.693123424922,0.505832124921,1,continuous random_walk change_point,0.0526315789474,GHL,SIMULATED_SOURCE,50000,100001,0.249998750006,SEQUENCE_FLAG_ONLY,0.00660173637619,0.0105450982858,0.0039433619096,0.875,0.125,0.183676219202,0.0185563796644,-0.165119839538,MCOD,RobustPCA,0.00127293478341,-0.00515957745376,unverified_unique_038_GHL_id_7_Sensor_tr_50000_1st_100001.csv,True,unresolved_original_trace_mapping,0,100001,True,True,True,True,False,True,"(10.0, 40.0]","(100.0, 1000.0]","(-inf, 0.01]","(1.0, 10.0]","(0.2, 0.5]","(100000.0, inf]"
039_GHL_id_8_Sensor_tr_50000_1st_63030.csv,19,200001,1168,1,1168,0.00583997080015,0,1,0.693123850411,0.506716248747,1,continuous random_walk change_point,0.210526315789,GHL,SIMULATED_SOURCE,50000,63030,0.249998750006,SEQUENCE_FLAG_ONLY,0.00353569230276,0.00582054700985,0.00228485470709,0.875,0.125,0.0158358953549,0.00812917594655,-0.00770671940838,MCOD,RobustPCA,0.00151531172819,-0.00300265679179,unverified_unique_039_GHL_id_8_Sensor_tr_50000_1st_63030.csv,True,unresolved_original_trace_mapping,0,63030,True,True,True,True,False,True,"(10.0, 40.0]","(1000.0, inf]","(-inf, 0.01]","(-inf, 1.0]","(0.2, 0.5]","(100000.0, inf]"
041_GHL_id_10_Sensor_tr_50000_1st_57001.csv,19,200001,1855,2,927.5,0.00927495362523,0,1,0.693130915191,0.505191727991,1,continuous random_walk,0.210526315789,GHL,SIMULATED_SOURCE,50000,57001,0.249998750006,SEQUENCE_FLAG_ONLY,0.00581527817932,0.00918144949484,0.00336617131552,0.875,0.125,0.0267394236629,0.0124831357189,-0.014256287944,MCOD,RobustPCA,0.00226560924082,-0.00445956945034,unverified_unique_041_GHL_id_10_Sensor_tr_50000_1st_57001.csv,True,unresolved_original_trace_mapping,0,57001,True,True,True,False,False,True,"(10.0, 40.0]","(100.0, 1000.0]","(-inf, 0.01]","(1.0, 10.0]","(0.2, 0.5]","(100000.0, inf]"
042_GHL_id_11_Sensor_tr_50000_1st_150001.csv,19,200001,1546,2,773,0.00772996135019,0,1,0.693122894964,0.504725234145,1,continuous random_walk change_point,0.210526315789,GHL,SIMULATED_SOURCE,50000,150001,0.249998750006,SEQUENCE_FLAG_ONLY,0.0116144778577,0.0102391293181,-0.00137534853956,0.375,0.625,0.234271070863,0.0347651701707,-0.199505900692,LODA,RobustPCA,-0.00374992374433,0.00031287668797,unverified_unique_042_GHL_id_11_Sensor_tr_50000_1st_150001.csv,True,unresolved_original_trace_mapping,0,150001,True,True,True,True,False,True,"(10.0, 40.0]","(100.0, 1000.0]","(-inf, 0.01]","(1.0, 10.0]","(0.2, 0.5]","(100000.0, inf]"
043_GHL_id_12_Sensor_tr_39938_1st_40038.csv,19,200001,1051,1,1051,0.00525497372513,0,1,0.693125723782,0.539402003165,1,continuous random_walk change_point,0.210526315789,GHL,SIMULATED_SOURCE,39938,40038,0.199689001555,SEQUENCE_FLAG_ONLY,0.0030466890573,0.00583699172139,0.00279030266409,0.875,0.125,0.0568350780769,0.015846521851,-0.0409885562259,LODA,RobustPCA,0.0013709036724,-0.00375815937242,unverified_unique_043_GHL_id_12_Sensor_tr_39938_1st_40038.csv,True,unresolved_original_trace_mapping,0,40038,True,True,True,True,False,True,"(10.0, 40.0]","(1000.0, inf]","(-inf, 0.01]","(-inf, 1.0]","(0.05, 0.2]","(100000.0, inf]"
044_GHL_id_13_Sensor_tr_50000_1st_145001.csv,19,200001,1849,2,924.5,0.00924495377523,0,1,0.693126161378,0.503980956962,1,continuous random_walk change_point,0.105263157895,GHL,SIMULATED_SOURCE,50000,145001,0.249998750006,SEQUENCE_FLAG_ONLY,0.0144597522665,0.00992115458893,-0.00453859767753,0.25,0.75,0.0554143535577,0.0159214644257,-0.0394928891321,LODA,AnomalyTransformer,-0.00774568774963,0.00192937567405,unverified_unique_044_GHL_id_13_Sensor_tr_50000_1st_145001.csv,True,unresolved_original_trace_mapping,0,145001,True,True,True,True,False,True,"(10.0, 40.0]","(100.0, 1000.0]","(-inf, 0.01]","(1.0, 10.0]","(0.2, 0.5]","(100000.0, inf]"
045_GHL_id_14_Sensor_tr_50000_1st_85076.csv,19,200001,1771,2,885.5,0.00885495572522,0,1,0.693124800768,0.500695242396,1,continuous random_walk change_point,0.210526315789,GHL,SIMULATED_SOURCE,50000,85076,0.249998750006,SEQUENCE_FLAG_ONLY,0.00843972795763,0.00834373937797,-9.5988579663e-05,0.5625,0.4375,0.1733675376,0.00963368371077,-0.16373385389,RRCF,MCD,-0.00130745807483,-0.00147816814025,unverified_unique_045_GHL_id_14_Sensor_tr_50000_1st_85076.csv,True,unresolved_original_trace_mapping,0,85076,True,True,True,True,False,True,"(10.0, 40.0]","(100.0, 1000.0]","(-inf, 0.01]","(1.0, 10.0]","(0.2, 0.5]","(100000.0, inf]"
046_GHL_id_15_Sensor_tr_50000_1st_156462.csv,19,200001,1239,1,1239,0.00619496902515,0,1,0.69312440021,0.505214399292,1,continuous random_walk change_point,0.210526315789,GHL,SIMULATED_SOURCE,50000,156462,0.249998750006,SEQUENCE_FLAG_ONLY,0.178560296156,0.0156161023687,-0.162944193787,0.25,0.75,0.466452779489,0.0253000747323,-0.441152704757,SDOstream,KNN,-0.220208576036,0.0669800326763,unverified_unique_046_GHL_id_15_Sensor_tr_50000_1st_156462.csv,True,unresolved_original_trace_mapping,0,156462,True,True,True,True,False,True,"(10.0, 40.0]","(1000.0, inf]","(-inf, 0.01]","(-inf, 1.0]","(0.2, 0.5]","(100000.0, inf]"
047_GHL_id_16_Sensor_tr_50000_1st_77001.csv,19,200001,2728,3,909.333333333,0.0136399318003,0,1,0.693122913627,0.500044207073,1,continuous random_walk change_point,0.0526315789474,GHL,SIMULATED_SOURCE,50000,77001,0.249998750006,SEQUENCE_FLAG_ONLY,0.00969499238431,0.0134798818442,0.00378488945984,0.875,0.125,0.0426772177445,0.0179474357229,-0.0247297820217,RRCF,RobustPCA,0.00249149094252,-0.00505004223495,unverified_unique_047_GHL_id_16_Sensor_tr_50000_1st_77001.csv,True,unresolved_original_trace_mapping,0,77001,True,True,True,True,False,True,"(10.0, 40.0]","(100.0, 1000.0]","(0.01, 0.05]","(1.0, 10.0]","(0.2, 0.5]","(100000.0, inf]"
048_GHL_id_17_Sensor_tr_50000_1st_154001.csv,19,200001,3583,4,895.75,0.0179149104254,0,1,0.69312609446,0.509140656305,1,continuous random_walk change_point,0.210526315789,GHL,SIMULATED_SOURCE,50000,154001,0.249998750006,SEQUENCE_FLAG_ONLY,0.0272724342706,0.0194951647523,-0.00777726951836,0.25,0.75,0.169397510795,0.0862081202482,-0.0831893905468,LODA,RobustPCA,-0.0137629814659,0.00420062484947,unverified_unique_048_GHL_id_17_Sensor_tr_50000_1st_154001.csv,True,unresolved_original_trace_mapping,0,154001,True,True,True,True,False,True,"(10.0, 40.0]","(100.0, 1000.0]","(0.01, 0.05]","(1.0, 10.0]","(0.2, 0.5]","(100000.0, inf]"
050_GHL_id_19_Sensor_tr_43750_1st_55001.csv,19,175001,1129,1,1129,0.00645139170633,0,1,0.693130752391,0.502522852513,1,continuous random_walk,0.210526315789,GHL,SIMULATED_SOURCE,43750,55001,0.249998571437,SEQUENCE_FLAG_ONLY,0.00556991196497,0.0104046261306,0.00483471416568,0.625,0.375,0.153110546698,0.160473715891,0.007363169193,LODA,IForest,0.00134691459838,-0.00677962377088,unverified_unique_050_GHL_id_19_Sensor_tr_43750_1st_55001.csv,True,unresolved_original_trace_mapping,0,55001,True,True,True,False,False,True,"(10.0, 40.0]","(1000.0, inf]","(-inf, 0.01]","(-inf, 1.0]","(0.2, 0.5]","(100000.0, inf]"
051_GHL_id_20_Sensor_tr_50000_1st_75110.csv,19,200001,1191,1,1191,0.00595497022515,0,1,0.693122766609,0.507475316611,1,continuous random_walk change_point,0.0526315789474,GHL,SIMULATED_SOURCE,50000,75110,0.249998750006,SEQUENCE_FLAG_ONLY,0.0042978121656,0.00725988537444,0.00296207320883,0.8125,0.1875,0.0339993919682,0.0222738879356,-0.0117255040326,LODA,RobustPCA,0.000995440080806,-0.00399503061991,unverified_unique_051_GHL_id_20_Sensor_tr_50000_1st_75110.csv,True,unresolved_original_trace_mapping,0,75110,True,True,True,True,False,True,"(10.0, 40.0]","(1000.0, inf]","(-inf, 0.01]","(-inf, 1.0]","(0.2, 0.5]","(100000.0, inf]"
052_GHL_id_21_Sensor_tr_50000_1st_98001.csv,19,200001,971,1,971,0.00485497572512,0,1,0.693124370868,0.499431345135,1,continuous random_walk change_point,0.0526315789474,GHL,SIMULATED_SOURCE,50000,98001,0.249998750006,SEQUENCE_FLAG_ONLY,0.00416243701868,0.0270506204262,0.0228881834075,0.75,0.25,0.0229009886841,0.0942443948365,0.0713434061523,MCOD,HBOS,0.000490258604085,-0.0304890117436,unverified_unique_052_GHL_id_21_Sensor_tr_50000_1st_98001.csv,True,unresolved_original_trace_mapping,0,98001,True,True,True,True,False,True,"(10.0, 40.0]","(100.0, 1000.0]","(-inf, 0.01]","(-inf, 1.0]","(0.2, 0.5]","(100000.0, inf]"
053_GHL_id_22_Sensor_tr_50000_1st_126448.csv,19,200001,6492,5,1298.4,0.0324598377008,0,1,0.693124754747,0.511419950732,1,continuous random_walk change_point,0.105263157895,GHL,SIMULATED_SOURCE,50000,126448,0.249998750006,SEQUENCE_FLAG_ONLY,0.0352415918625,0.0352347932823,-6.79858027287e-06,0.375,0.625,0.0680029885904,0.31247933868,0.24447635009,LODA,LOF,-0.00572595579809,-0.00321778379685,unverified_unique_053_GHL_id_22_Sensor_tr_50000_1st_126448.csv,True,unresolved_original_trace_mapping,0,126448,True,True,True,True,False,True,"(10.0, 40.0]","(1000.0, inf]","(0.01, 0.05]","(1.0, 10.0]","(0.2, 0.5]","(100000.0, inf]"
054_GHL_id_23_Sensor_tr_50000_1st_135001.csv,19,200001,3734,3,1244.66666667,0.0186699066505,0,1,0.693122693038,0.506343007018,1,continuous random_walk change_point,0.210526315789,GHL,SIMULATED_SOURCE,50000,135001,0.249998750006,SEQUENCE_FLAG_ONLY,0.0258896854381,0.0352514459705,0.00936176053234,0.4375,0.5625,0.128756139887,0.0772484330725,-0.0515077068145,MCOD,RobustPCA,-0.00463723516834,-0.0150072683013,unverified_unique_054_GHL_id_23_Sensor_tr_50000_1st_135001.csv,True,unresolved_original_trace_mapping,0,135001,True,True,True,True,False,True,"(10.0, 40.0]","(1000.0, inf]","(0.01, 0.05]","(1.0, 10.0]","(0.2, 0.5]","(100000.0, inf]"
055_GHL_id_24_Sensor_tr_50000_1st_118124.csv,19,200001,1009,1,1009,0.00504497477513,0,1,0.693122922222,0.50589235321,1,continuous random_walk change_point,0.210526315789,GHL,SIMULATED_SOURCE,50000,118124,0.249998750006,SEQUENCE_FLAG_ONLY,0.00482557685391,0.00589165445185,0.00106607759794,0.625,0.375,0.0395989016174,0.00872973300341,-0.030869168614,MCOD,RobustPCA,0.000120051414083,-0.00173151676648,unverified_unique_055_GHL_id_24_Sensor_tr_50000_1st_118124.csv,True,unresolved_original_trace_mapping,0,118124,True,True,True,True,False,True,"(10.0, 40.0]","(1000.0, inf]","(-inf, 0.01]","(-inf, 1.0]","(0.2, 0.5]","(100000.0, inf]"
056_GHL_id_25_Sensor_tr_50000_1st_105568.csv,19,200001,3144,3,1048,0.0157199214004,0,1,0.693127248126,0.503277030518,1,continuous random_walk change_point,0.157894736842,GHL,SIMULATED_SOURCE,50000,105568,0.249998750006,SEQUENCE_FLAG_ONLY,0.0134534067418,0.0210437317352,0.00759032499342,0.75,0.25,0.194688477054,0.0391958086258,-0.155492668428,MCOD,RobustPCA,0.00153963269656,-0.00988932075444,unverified_unique_056_GHL_id_25_Sensor_tr_50000_1st_105568.csv,True,unresolved_original_trace_mapping,0,105568,True,True,True,True,False,True,"(10.0, 40.0]","(1000.0, inf]","(0.01, 0.05]","(1.0, 10.0]","(0.2, 0.5]","(100000.0, inf]"
057_SMD_id_1_Facility_tr_4529_1st_4629.csv,38,23694,542,10,54.2,0.0228749894488,0,1,0.673272560272,0.376848258575,1,change_point,0.0263157894737,SMD,MEASURED_FAMILY_DOCUMENTED,4529,4629,0.191145437664,SEQUENCE_FLAG_ONLY,0.288414861336,0.238077544195,-0.0503373171404,0.25,0.75,0.407990048915,0.347725986857,-0.0602640620577,LODA,OCSVM,-0.070478180054,0.0191520786666,unverified_unique_057_SMD_id_1_Facility_tr_4529_1st_4629.csv,True,content_verified_exact_original_crop,0,4629,True,True,False,True,False,False,"(10.0, 40.0]","(10.0, 100.0]","(0.01, 0.05]","(1.0, 10.0]","(0.05, 0.2]","(20000.0, 100000.0]"
058_SMD_id_2_Facility_tr_1087_1st_1187.csv,38,28726,1194,11,108.545454545,0.0415651326325,0,1,0.376530553346,0.176483091164,0,,0,SMD,MEASURED_FAMILY_DOCUMENTED,1087,1187,0.0378402840632,SEQUENCE_FLAG_ONLY,0.44731854413,0.32062042786,-0.12669811627,0.4375,0.5625,0.57200664778,0.522486806867,-0.0495198409127,SWKNN,KMeansAD,-0.193986909273,0.0633504113276,unverified_unique_058_SMD_id_2_Facility_tr_1087_1st_1187.csv,False,unknown_uninspected,,,,,False,False,False,False,"(10.0, 40.0]","(100.0, 1000.0]","(0.01, 0.05]","(10.0, 100.0]","(-inf, 0.05]","(20000.0, 100000.0]"
059_SMD_id_3_Facility_tr_757_1st_857.csv,38,23689,269,10,26.9,0.0113554814471,0,1,0.692601762886,0.517975273061,1,change_point periodic random_walk,0.0526315789474,SMD,MEASURED_FAMILY_DOCUMENTED,757,857,0.0319557600574,SEQUENCE_FLAG_ONLY,0.215222101349,0.374833212671,0.159611111322,0.8125,0.1875,0.545966504123,0.512922616423,-0.0330438876999,MemStream,MCD,0.104019789093,-0.253552879021,unverified_unique_059_SMD_id_3_Facility_tr_757_1st_857.csv,True,content_verified_exact_original_crop,0,857,True,True,False,True,True,True,"(10.0, 40.0]","(10.0, 100.0]","(0.01, 0.05]","(1.0, 10.0]","(-inf, 0.05]","(20000.0, 100000.0]"
060_SMD_id_4_Facility_tr_7176_1st_10609.csv,38,28705,434,5,86.8,0.0151193171921,0,1,0.693113474887,0.289994350392,1,change_point,0.0263157894737,SMD,MEASURED_FAMILY_DOCUMENTED,7176,10609,0.249991290716,SEQUENCE_FLAG_ONLY,0.248667725689,0.197858324263,-0.0508094014259,0.375,0.625,0.612275022771,0.354641629388,-0.257633393383,SWKNN,PCA,-0.123944920418,-0.0221389211674,unverified_unique_060_SMD_id_4_Facility_tr_7176_1st_10609.csv,True,content_verified_exact_original_crop,0,10609,True,True,False,True,False,False,"(10.0, 40.0]","(10.0, 100.0]","(0.01, 0.05]","(1.0, 10.0]","(0.2, 0.5]","(20000.0, 100000.0]"
061_SMD_id_5_Facility_tr_7176_1st_15144.csv,38,28704,1371,6,228.5,0.0477633779264,0,1,0.692957710558,0.411632601858,1,continuous,0.0526315789474,SMD,MEASURED_FAMILY_DOCUMENTED,7176,15144,0.25,SEQUENCE_FLAG_ONLY,0.196503178893,0.250581536722,0.054078357829,0.625,0.375,0.406423275114,0.434115997871,0.0276927227569,LODA,OCSVM,-0.000807951490351,-0.0783096579466,unverified_unique_061_SMD_id_5_Facility_tr_7176_1st_15144.csv,True,content_verified_exact_original_crop,0,15144,True,True,True,False,False,False,"(10.0, 40.0]","(100.0, 1000.0]","(0.01, 0.05]","(1.0, 10.0]","(0.2, 0.5]","(20000.0, 100000.0]"
063_SMD_id_7_Facility_tr_5923_1st_6506.csv,38,23694,1170,13,90,0.0493795897696,0,1,0.331717263211,0.130408317456,0,,0,SMD,MEASURED_FAMILY_DOCUMENTED,5923,6506,0.249978897611,SEQUENCE_FLAG_ONLY,0.273595353893,0.173671203301,-0.0999241505912,0.0625,0.9375,0.398514114277,0.229777907025,-0.168736207252,MemStream,PCA,-0.118626385166,0.0706324543068,unverified_unique_063_SMD_id_7_Facility_tr_5923_1st_6506.csv,False,unknown_uninspected,,,,,False,False,False,False,"(10.0, 40.0]","(10.0, 100.0]","(0.01, 0.05]","(10.0, 100.0]","(0.2, 0.5]","(20000.0, 100000.0]"
064_SMD_id_8_Facility_tr_2272_1st_2372.csv,38,21203,782,10,78.2,0.0368815733623,0,1,0.692955514309,0.501929690469,1,continuous change_point,0.0526315789474,SMD,MEASURED_FAMILY_DOCUMENTED,2272,2372,0.107154647927,SEQUENCE_FLAG_ONLY,0.289224016046,0.23537949802,-0.0538445180259,0.1875,0.8125,0.374051095065,0.283647837462,-0.0904032576029,SWKNN,TimesNet,-0.0720628248664,0.0255688250196,unverified_unique_064_SMD_id_8_Facility_tr_2272_1st_2372.csv,True,content_verified_exact_original_crop,0,2372,True,True,True,True,False,False,"(10.0, 40.0]","(10.0, 100.0]","(0.01, 0.05]","(1.0, 10.0]","(0.05, 0.2]","(20000.0, 100000.0]"
065_SMD_id_9_Facility_tr_737_1st_837.csv,38,23697,2398,13,184.461538462,0.101194243997,0,1,0.692718374111,0.619065022618,1,periodic change_point random_walk,0.105263157895,SMD,MEASURED_FAMILY_DOCUMENTED,737,837,0.0311009832468,SEQUENCE_FLAG_ONLY,0.438569918343,0.324180910649,-0.114389007694,0.375,0.625,0.734866207433,0.734971841837,0.000105634404765,MemStream,KNN,-0.25131931809,0.0156235779974,unverified_unique_065_SMD_id_9_Facility_tr_737_1st_837.csv,True,content_verified_exact_original_crop,0,837,True,True,False,True,True,True,"(10.0, 40.0]","(100.0, 1000.0]","(0.05, 0.2]","(10.0, 100.0]","(-inf, 0.05]","(20000.0, 100000.0]"
066_SMD_id_10_Facility_tr_2634_1st_2734.csv,38,23687,977,8,122.125,0.0412462532191,0,1,0.693022329344,0.367116878404,1,change_point,0.0263157894737,SMD,MEASURED_FAMILY_DOCUMENTED,2634,2734,0.111200236417,SEQUENCE_FLAG_ONLY,0.825402290488,0.43952890763,-0.385873382857,0.1875,0.8125,0.874355361702,0.874124700324,-0.000230661378482,MemStream,CNN,-0.530738647089,0.291691186686,unverified_unique_066_SMD_id_10_Facility_tr_2634_1st_2734.csv,True,content_verified_exact_original_crop,0,2734,True,True,False,True,False,False,"(10.0, 40.0]","(100.0, 1000.0]","(0.01, 0.05]","(1.0, 10.0]","(0.05, 0.2]","(20000.0, 100000.0]"
067_SMD_id_11_Facility_tr_1980_1st_2080.csv,38,22703,1083,9,120.333333333,0.0477029467471,0,1,0.692926318655,0.500789089805,1,continuous change_point,0.105263157895,SMD,MEASURED_FAMILY_DOCUMENTED,1980,2080,0.0872131436374,SEQUENCE_FLAG_ONLY,0.036932032575,0.0431539889963,0.00622195642125,0.75,0.25,0.054190025187,0.0761916030306,0.0220015778436,HSTree,TimesNet,0.00257184679417,-0.0119746206253,unverified_unique_067_SMD_id_11_Facility_tr_1980_1st_2080.csv,True,content_verified_exact_original_crop,0,2080,True,True,True,True,False,False,"(10.0, 40.0]","(100.0, 1000.0]","(0.01, 0.05]","(1.0, 10.0]","(0.05, 0.2]","(20000.0, 100000.0]"
068_SMD_id_12_Facility_tr_1099_1st_1199.csv,38,28713,303,4,75.75,0.0105527113154,0,1,0.692662262057,0.512249727922,1,change_point,0.105263157895,SMD,MEASURED_FAMILY_DOCUMENTED,1099,1199,0.0382753456622,SEQUENCE_FLAG_ONLY,0.425880350914,0.264101830629,-0.161778520285,0.25,0.75,0.588908918253,0.511676988949,-0.0772319293039,MemStream,KMeansAD,-0.244303573058,0.101746237311,unverified_unique_068_SMD_id_12_Facility_tr_1099_1st_1199.csv,True,content_verified_exact_original_crop,0,1199,True,True,False,True,False,False,"(10.0, 40.0]","(10.0, 100.0]","(0.01, 0.05]","(1.0, 10.0]","(-inf, 0.05]","(20000.0, 100000.0]"
069_SMD_id_13_Facility_tr_5925_1st_12760.csv,38,23700,2833,11,257.545454545,0.119535864979,0,1,0.558602079039,0.202033093302,0,,0,SMD,MEASURED_FAMILY_DOCUMENTED,5925,12760,0.25,SEQUENCE_FLAG_ONLY,0.239938287778,0.160112019264,-0.0798262685136,0,1,0.334167176077,0.198802307881,-0.135364868196,HSTree,KMeansAD,-0.0906759995505,0.0617491497201,unverified_unique_069_SMD_id_13_Facility_tr_5925_1st_12760.csv,False,unknown_uninspected,,,,,False,False,False,False,"(10.0, 40.0]","(100.0, 1000.0]","(0.05, 0.2]","(10.0, 100.0]","(0.2, 0.5]","(20000.0, 100000.0]"
070_SMD_id_14_Facility_tr_1070_1st_1170.csv,38,28743,424,8,53,0.0147514177365,0,1,0.600137366112,0.235362746177,0,,0,SMD,MEASURED_FAMILY_DOCUMENTED,1070,1170,0.0372264551369,SEQUENCE_FLAG_ONLY,0.312976433882,0.223764566608,-0.0892118672739,0.125,0.875,0.384488105385,0.312847687721,-0.0716404176643,MemStream,KMeansAD,-0.12202117414,0.0678726421272,unverified_unique_070_SMD_id_14_Facility_tr_1070_1st_1170.csv,False,unknown_uninspected,,,,,False,False,False,False,"(10.0, 40.0]","(10.0, 100.0]","(0.01, 0.05]","(1.0, 10.0]","(-inf, 0.05]","(20000.0, 100000.0]"
071_SMD_id_15_Facility_tr_1109_1st_1209.csv,38,28700,308,4,77,0.0107317073171,0,1,0.692537794125,0.502856124817,1,continuous,0.105263157895,SMD,MEASURED_FAMILY_DOCUMENTED,1109,1209,0.0386411149826,SEQUENCE_FLAG_ONLY,0.558553879628,0.344213043143,-0.214340836484,0.25,0.75,0.666202307166,0.549600775729,-0.116601531437,SWKNN,CNN,-0.282803414013,0.133968723884,unverified_unique_071_SMD_id_15_Facility_tr_1109_1st_1209.csv,True,content_verified_exact_original_crop,0,1209,True,True,True,False,False,False,"(10.0, 40.0]","(10.0, 100.0]","(0.01, 0.05]","(1.0, 10.0]","(-inf, 0.05]","(20000.0, 100000.0]"
073_SMD_id_17_Facility_tr_5926_1st_10620.csv,38,23706,100,7,14.2857142857,0.00421834134818,0,1,0.595719740786,0.235770075646,0,,0,SMD,MEASURED_FAMILY_DOCUMENTED,5926,10620,0.249978908293,SEQUENCE_FLAG_ONLY,0.242779758916,0.343066138973,0.100286380057,0.6875,0.3125,0.421964357485,0.408190495266,-0.0137738622187,MemStream,OCSVM,0.0310530472358,-0.149865472663,unverified_unique_073_SMD_id_17_Facility_tr_5926_1st_10620.csv,False,unknown_uninspected,,,,,False,False,False,False,"(10.0, 40.0]","(10.0, 100.0]","(-inf, 0.01]","(1.0, 10.0]","(0.2, 0.5]","(20000.0, 100000.0]"
074_SMD_id_18_Facility_tr_7174_1st_21230.csv,38,28696,198,3,66,0.00689991636465,0,1,0.693112499756,0.402792812525,1,change_point,0.0789473684211,SMD,MEASURED_FAMILY_DOCUMENTED,7174,21230,0.25,SEQUENCE_FLAG_ONLY,0.203896331129,0.230663038822,0.0267667076932,0.6875,0.3125,0.308141038271,0.387498482699,0.0793574444271,RSHash,MCD,-0.00924631013496,-0.0911854324949,unverified_unique_074_SMD_id_18_Facility_tr_7174_1st_21230.csv,True,content_verified_exact_original_crop,0,21230,True,True,False,True,False,False,"(10.0, 40.0]","(10.0, 100.0]","(-inf, 0.01]","(1.0, 10.0]","(0.2, 0.5]","(20000.0, 100000.0]"
075_SMD_id_19_Facility_tr_564_1st_664.csv,38,23696,417,20,20.85,0.0175979068197,0,1,0.692726688295,0.638457934496,1,change_point periodic random_walk,0.394736842105,SMD,MEASURED_FAMILY_DOCUMENTED,564,664,0.0238014854828,SEQUENCE_FLAG_ONLY,0.334502787865,0.401192124946,0.0666893370815,0.6875,0.3125,0.754775053134,0.630619328474,-0.12415572466,MCOD,RobustPCA,-0.00978639742756,-0.136830983219,unverified_unique_075_SMD_id_19_Facility_tr_564_1st_664.csv,True,content_verified_exact_original_crop,0,664,True,True,False,True,True,True,"(10.0, 40.0]","(10.0, 100.0]","(0.01, 0.05]","(10.0, 100.0]","(-inf, 0.05]","(20000.0, 100000.0]"
076_SMD_id_20_Facility_tr_5925_1st_17580.csv,38,23703,161,1,161,0.00679238914905,0,1,0.693085761317,0.274718667419,1,change_point,0.0263157894737,SMD,MEASURED_FAMILY_DOCUMENTED,5925,17580,0.249968358436,SEQUENCE_FLAG_ONLY,0.952068996632,0.751666656786,-0.200402339846,0.3125,0.6875,0.969538139664,0.969412770412,-0.000125369252321,MemStream,CBLOF,-0.272984377721,9.10415728164e-05,unverified_unique_076_SMD_id_20_Facility_tr_5925_1st_17580.csv,True,content_verified_exact_original_crop,0,17580,True,True,False,True,False,False,"(10.0, 40.0]","(100.0, 1000.0]","(-inf, 0.01]","(-inf, 1.0]","(0.2, 0.5]","(20000.0, 100000.0]"
077_SMD_id_21_Facility_tr_3026_1st_3126.csv,38,21207,688,11,62.5454545455,0.0324421181685,0,1,0.692955039323,0.485959770161,1,continuous change_point,0.131578947368,SMD,MEASURED_FAMILY_DOCUMENTED,3026,3126,0.142688734852,SEQUENCE_FLAG_ONLY,0.183423942796,0.203182077875,0.0197581350794,0.625,0.375,0.2973086747,0.241569990383,-0.0557386843176,SWKNN,TimesNet,0.00281318230293,-0.0577197123809,unverified_unique_077_SMD_id_21_Facility_tr_3026_1st_3126.csv,True,content_verified_exact_original_crop,0,3126,True,True,True,True,False,False,"(10.0, 40.0]","(10.0, 100.0]","(0.01, 0.05]","(10.0, 100.0]","(0.05, 0.2]","(20000.0, 100000.0]"
078_SMD_id_22_Facility_tr_500_1st_326.csv,38,23693,1047,13,80.5384615385,0.0441902671675,0,1,0.692730691074,0.615013695118,1,change_point periodic,0.605263157895,SMD,MEASURED_FAMILY_DOCUMENTED,500,326,0.0211032794496,SEQUENCE_FLAG_ONLY,0.11723616397,0.316328109963,0.199091945993,0.9375,0.0625,0.796630455669,0.603078689176,-0.193551766492,MCOD,RobustPCA,0.103508419589,-0.260284699676,unverified_unique_078_SMD_id_22_Facility_tr_500_1st_326.csv,True,content_verified_exact_original_crop,3,326,True,True,False,True,True,False,"(10.0, 40.0]","(10.0, 100.0]","(0.01, 0.05]","(10.0, 100.0]","(-inf, 0.05]","(20000.0, 100000.0]"
079_LTDB_id_1_Medical_tr_3618_1st_3718.csv,2,100000,14781,116,127.422413793,0.14781,0,1,0.188810910609,0.0390539649573,0,,0,LTDB,MEASURED_FAMILY_DOCUMENTED,3618,3718,0.03618,SEQUENCE_FLAG_ONLY,0.496459176412,0.325127886561,-0.171331289851,0.0625,0.9375,0.666049012633,0.449596753078,-0.216452259554,SWKNN,KMeansAD,-0.224674034833,0.124930192654,unverified_unique_079_LTDB_id_1_Medical_tr_3618_1st_3718.csv,False,unknown_uninspected,,,,,False,False,False,False,"(-inf, 10.0]","(100.0, 1000.0]","(0.05, 0.2]","(100.0, inf]","(-inf, 0.05]","(20000.0, 100000.0]"
080_LTDB_id_2_Medical_tr_500_1st_266.csv,3,100000,14857,137,108.445255474,0.14857,0,1,0.676561598977,0.235770503492,1,periodic,0.666666666667,LTDB,MEASURED_FAMILY_DOCUMENTED,500,266,0.005,SEQUENCE_FLAG_ONLY,0.144349131099,0.139080046032,-0.00526908506657,0.1875,0.8125,0.159661467195,0.145621784279,-0.0140396829168,SDOstream,KMeansAD,-0.00744966448211,0.00378168912412,unverified_unique_080_LTDB_id_2_Medical_tr_500_1st_266.csv,True,unresolved_original_trace_mapping,107,266,True,True,False,False,True,False,"(-inf, 10.0]","(100.0, 1000.0]","(0.05, 0.2]","(100.0, inf]","(-inf, 0.05]","(20000.0, 100000.0]"
081_LTDB_id_3_Medical_tr_500_1st_26.csv,2,100000,31565,166,190.15060241,0.31565,0,1,0.392336585775,0.079288889603,0,,0,LTDB,MEASURED_FAMILY_DOCUMENTED,500,26,0.005,SEQUENCE_FLAG_ONLY,0.491441767722,0.439939197392,-0.0515025703299,0.3125,0.6875,0.653195855905,0.54576890295,-0.107426952955,SWKNN,PCA,-0.086779138849,0.00214471281965,unverified_unique_081_LTDB_id_3_Medical_tr_500_1st_26.csv,False,unknown_uninspected,,,,,False,False,False,False,"(-inf, 10.0]","(100.0, 1000.0]","(0.2, inf]","(100.0, inf]","(-inf, 0.05]","(20000.0, 100000.0]"
083_LTDB_id_5_Medical_tr_15502_1st_15602.csv,2,100000,505,6,84.1666666667,0.00505,0,1,0.0601516103398,0.0197042790345,0,,0,LTDB,MEASURED_FAMILY_DOCUMENTED,15502,15602,0.15502,SEQUENCE_FLAG_ONLY,0.030234507204,0.0226748128758,-0.00755969432822,0.25,0.75,0.0514286941991,0.0340334621611,-0.0173952320381,MCOD,RobustPCA,-0.0113459107566,0.00449966095026,unverified_unique_083_LTDB_id_5_Medical_tr_15502_1st_15602.csv,False,unknown_uninspected,,,,,False,False,False,False,"(-inf, 10.0]","(10.0, 100.0]","(-inf, 0.01]","(1.0, 10.0]","(0.05, 0.2]","(20000.0, 100000.0]"
084_SVDB_id_1_Medical_tr_12973_1st_13073.csv,2,230400,3537,23,153.782608696,0.0153515625,0,1,0.0981142206583,0.0212247905554,0,,0,SVDB,MEASURED_FAMILY_DOCUMENTED,12973,13073,0.0563064236111,SEQUENCE_FLAG_ONLY,0.125748552516,0.0389273795839,-0.0868211729322,0.125,0.875,0.312629294383,0.0496967909238,-0.262932503459,SWKNN,OmniAnomaly,-0.116599757752,0.0329481733612,unverified_unique_084_SVDB_id_1_Medical_tr_12973_1st_13073.csv,False,unknown_uninspected,,,,,False,False,False,False,"(-inf, 10.0]","(100.0, 1000.0]","(0.01, 0.05]","(10.0, 100.0]","(0.05, 0.2]","(100000.0, inf]"
085_SVDB_id_2_Medical_tr_50000_1st_54982.csv,2,230400,8578,57,150.49122807,0.0372309027778,0,1,0.00830686241538,0.00365017028004,0,,0,SVDB,MEASURED_FAMILY_DOCUMENTED,50000,54982,0.217013888889,SEQUENCE_FLAG_ONLY,0.147028185525,0.0754262377365,-0.0716019477885,0.25,0.75,0.250882122368,0.134270511449,-0.116611610919,MemStream,USAD,-0.103072146982,0.036983968841,unverified_unique_085_SVDB_id_2_Medical_tr_50000_1st_54982.csv,False,unknown_uninspected,,,,,False,False,False,False,"(-inf, 10.0]","(100.0, 1000.0]","(0.01, 0.05]","(10.0, 100.0]","(0.2, 0.5]","(100000.0, inf]"
086_SVDB_id_3_Medical_tr_533_1st_633.csv,2,230400,16121,117,137.786324786,0.0699696180556,0,1,0.589794714629,0.0680035661143,0,,0,SVDB,MEASURED_FAMILY_DOCUMENTED,533,633,0.00231336805556,SEQUENCE_FLAG_ONLY,0.162239815493,0.127475260624,-0.0347645548689,0.4375,0.5625,0.346326214199,0.15462377701,-0.191702437189,SDOstream,KMeansAD,-0.0576278624136,-0.0127160316023,unverified_unique_086_SVDB_id_3_Medical_tr_533_1st_633.csv,False,unknown_uninspected,,,,,False,False,False,False,"(-inf, 10.0]","(100.0, 1000.0]","(0.05, 0.2]","(100.0, inf]","(-inf, 0.05]","(100000.0, inf]"
087_SVDB_id_4_Medical_tr_5421_1st_5521.csv,2,230400,12809,83,154.325301205,0.0555946180556,0,1,0.031168769936,0.00792406600101,0,,0,SVDB,MEASURED_FAMILY_DOCUMENTED,5421,5521,0.0235286458333,SEQUENCE_FLAG_ONLY,0.361572942344,0.142517728975,-0.219055213369,0.125,0.875,0.623520106086,0.2259282526,-0.397591853485,SDOstream,OmniAnomaly,-0.297851324709,0.1436649422,unverified_unique_087_SVDB_id_4_Medical_tr_5421_1st_5521.csv,False,unknown_uninspected,,,,,False,False,False,False,"(-inf, 10.0]","(100.0, 1000.0]","(0.05, 0.2]","(10.0, 100.0]","(-inf, 0.05]","(100000.0, inf]"
088_SVDB_id_5_Medical_tr_500_1st_168.csv,2,230400,22858,191,119.67539267,0.0992100694444,0,1,0.218079004379,0.039569137865,0,,0,SVDB,MEASURED_FAMILY_DOCUMENTED,500,168,0.00217013888889,SEQUENCE_FLAG_ONLY,0.183813789758,0.115563956156,-0.0682498336013,0.1875,0.8125,0.424565066348,0.137777954389,-0.286787111959,SWKNN,OmniAnomaly,-0.0931123757723,-0.00173918093022,unverified_unique_088_SVDB_id_5_Medical_tr_500_1st_168.csv,False,unknown_uninspected,,,,,False,False,False,False,"(-inf, 10.0]","(100.0, 1000.0]","(0.05, 0.2]","(100.0, inf]","(-inf, 0.05]","(100000.0, inf]"
089_SVDB_id_6_Medical_tr_50000_1st_83083.csv,2,230400,3108,8,388.5,0.0134895833333,0,1,0.0165748175331,0.00749432475638,0,,0,SVDB,MEASURED_FAMILY_DOCUMENTED,50000,83083,0.217013888889,SEQUENCE_FLAG_ONLY,0.0450291638494,0.0185172513148,-0.0265119125346,0.25,0.75,0.103628114337,0.022918868046,-0.080709246291,SWKNN,USAD,-0.0357353473279,0.00697892903872,unverified_unique_089_SVDB_id_6_Medical_tr_50000_1st_83083.csv,False,unknown_uninspected,,,,,False,False,False,False,"(-inf, 10.0]","(100.0, 1000.0]","(0.01, 0.05]","(1.0, 10.0]","(0.2, 0.5]","(100000.0, inf]"
091_SVDB_id_8_Medical_tr_500_1st_126.csv,2,230400,17822,83,214.722891566,0.0773524305556,0,1,0.568919457912,0.0788216699806,0,,0,SVDB,MEASURED_FAMILY_DOCUMENTED,500,126,0.00217013888889,SEQUENCE_FLAG_ONLY,0.241276267416,0.16269738984,-0.078578877576,0.5,0.5,0.499793151697,0.196540986259,-0.303252165437,SDOstream,PCA,-0.10746877143,0.0029657278647,unverified_unique_091_SVDB_id_8_Medical_tr_500_1st_126.csv,False,unknown_uninspected,,,,,False,False,False,False,"(-inf, 10.0]","(100.0, 1000.0]","(0.05, 0.2]","(10.0, 100.0]","(-inf, 0.05]","(100000.0, inf]"
092_SVDB_id_9_Medical_tr_2674_1st_2774.csv,2,230400,12102,26,465.461538462,0.0525260416667,0,1,0.162596830238,0.0350118932158,0,,0,SVDB,MEASURED_FAMILY_DOCUMENTED,2674,2774,0.0116059027778,SEQUENCE_FLAG_ONLY,0.439988609118,0.134644066424,-0.305344542693,0,1,0.806730414795,0.235330778837,-0.571399635958,SWKNN,PCA,-0.365936665618,0.187656253268,unverified_unique_092_SVDB_id_9_Medical_tr_2674_1st_2774.csv,False,unknown_uninspected,,,,,False,False,False,False,"(-inf, 10.0]","(100.0, 1000.0]","(0.05, 0.2]","(10.0, 100.0]","(-inf, 0.05]","(100000.0, inf]"
093_SVDB_id_10_Medical_tr_500_1st_37.csv,2,230400,18107,152,119.125,0.0785894097222,0,1,0.23508652826,0.0522295692103,0,,0,SVDB,MEASURED_FAMILY_DOCUMENTED,500,37,0.00217013888889,SEQUENCE_FLAG_ONLY,0.202012846629,0.145750508845,-0.0562623377844,0.375,0.625,0.402606895416,0.248140746057,-0.154466149359,SDOstream,OmniAnomaly,-0.090392416855,-0.00171486309939,unverified_unique_093_SVDB_id_10_Medical_tr_500_1st_37.csv,False,unknown_uninspected,,,,,False,False,False,False,"(-inf, 10.0]","(100.0, 1000.0]","(0.05, 0.2]","(100.0, inf]","(-inf, 0.05]","(100000.0, inf]"
094_SVDB_id_11_Medical_tr_20100_1st_23611.csv,2,80400,945,8,118.125,0.0117537313433,0,1,0.00502861998601,0.0018092511477,0,,0,SVDB,MEASURED_FAMILY_DOCUMENTED,20100,23611,0.25,SEQUENCE_FLAG_ONLY,0.175702027105,0.0452433802611,-0.130458646844,0.0625,0.9375,0.387321572769,0.0700356731047,-0.317285899664,SWKNN,USAD,-0.169525666357,0.0599187982891,unverified_unique_094_SVDB_id_11_Medical_tr_20100_1st_23611.csv,False,unknown_uninspected,,,,,False,False,False,False,"(-inf, 10.0]","(100.0, 1000.0]","(0.01, 0.05]","(1.0, 10.0]","(0.2, 0.5]","(20000.0, 100000.0]"
095_SVDB_id_12_Medical_tr_6264_1st_6364.csv,2,230400,7464,45,165.866666667,0.0323958333333,0,1,0.0191082543972,0.00491134385519,0,,0,SVDB,MEASURED_FAMILY_DOCUMENTED,6264,6364,0.0271875,SEQUENCE_FLAG_ONLY,0.124161778687,0.0421972479722,-0.0819645307152,0.125,0.875,0.337858438721,0.0501453674147,-0.287713071306,SWKNN,PCA,-0.109081589885,0.0234917610091,unverified_unique_095_SVDB_id_12_Medical_tr_6264_1st_6364.csv,False,unknown_uninspected,,,,,False,False,False,False,"(-inf, 10.0]","(100.0, 1000.0]","(0.01, 0.05]","(10.0, 100.0]","(-inf, 0.05]","(100000.0, inf]"
096_SVDB_id_13_Medical_tr_500_1st_444.csv,2,230400,7733,43,179.837209302,0.0335633680556,0,1,0.348057079458,0.0680989178805,0,,0,SVDB,MEASURED_FAMILY_DOCUMENTED,500,444,0.00217013888889,SEQUENCE_FLAG_ONLY,0.103133082891,0.0463800981998,-0.0567529846912,0.375,0.625,0.339564092381,0.0549225757542,-0.284641516627,SDOstream,OmniAnomaly,-0.0768569481854,7.61326904587e-05,unverified_unique_096_SVDB_id_13_Medical_tr_500_1st_444.csv,False,unknown_uninspected,,,,,False,False,False,False,"(-inf, 10.0]","(100.0, 1000.0]","(0.01, 0.05]","(10.0, 100.0]","(-inf, 0.05]","(100000.0, inf]"
097_SVDB_id_14_Medical_tr_1031_1st_1131.csv,2,230400,27789,208,133.600961538,0.120611979167,0,1,0.268460658869,0.0525857542609,0,,0,SVDB,MEASURED_FAMILY_DOCUMENTED,1031,1131,0.00447482638889,SEQUENCE_FLAG_ONLY,0.480475088533,0.422611579045,-0.0578635094875,0.4375,0.5625,0.65630539157,0.562521379364,-0.0937840122059,SWKNN,KMeansAD,-0.104500109594,0.010209787048,unverified_unique_097_SVDB_id_14_Medical_tr_1031_1st_1131.csv,False,unknown_uninspected,,,,,False,False,False,False,"(-inf, 10.0]","(100.0, 1000.0]","(0.05, 0.2]","(100.0, inf]","(-inf, 0.05]","(100000.0, inf]"
098_SVDB_id_15_Medical_tr_500_1st_303.csv,2,230400,14599,121,120.652892562,0.0633637152778,0,1,0.317721291513,0.0765290831252,0,,0,SVDB,MEASURED_FAMILY_DOCUMENTED,500,303,0.00217013888889,SEQUENCE_FLAG_ONLY,0.137485880332,0.12819295786,-0.00929292247235,0.3125,0.6875,0.265896057187,0.175122181601,-0.0907738755864,SWKNN,KMeansAD,-0.0249359970527,-0.0083736472063,unverified_unique_098_SVDB_id_15_Medical_tr_500_1st_303.csv,False,unknown_uninspected,,,,,False,False,False,False,"(-inf, 10.0]","(100.0, 1000.0]","(0.05, 0.2]","(100.0, inf]","(-inf, 0.05]","(100000.0, inf]"
099_SVDB_id_16_Medical_tr_1115_1st_1215.csv,2,230400,16389,164,99.9329268293,0.0711328125,0,1,0.336744895216,0.0687064961238,0,,0,SVDB,MEASURED_FAMILY_DOCUMENTED,1115,1215,0.00483940972222,SEQUENCE_FLAG_ONLY,0.259567369215,0.218146342938,-0.0414210262774,0.25,0.75,0.50748938303,0.269621714689,-0.23786766834,SDOstream,KMeansAD,-0.058579483528,0.0212720971263,unverified_unique_099_SVDB_id_16_Medical_tr_1115_1st_1215.csv,False,unknown_uninspected,,,,,False,False,False,False,"(-inf, 10.0]","(10.0, 100.0]","(0.05, 0.2]","(100.0, inf]","(-inf, 0.05]","(100000.0, inf]"
100_SVDB_id_17_Medical_tr_17803_1st_17903.csv,2,130400,3941,25,157.64,0.030222392638,0,1,0.00675087211277,0.00213654965272,0,,0,SVDB,MEASURED_FAMILY_DOCUMENTED,17803,17903,0.13652607362,SEQUENCE_FLAG_ONLY,0.29088369566,0.0716764070269,-0.219207288633,0.1875,0.8125,0.467328428241,0.130551243461,-0.33677718478,SDOstream,KMeansAD,-0.299991024529,0.168246366088,unverified_unique_100_SVDB_id_17_Medical_tr_17803_1st_17903.csv,False,unknown_uninspected,,,,,False,False,False,False,"(-inf, 10.0]","(100.0, 1000.0]","(0.01, 0.05]","(10.0, 100.0]","(0.05, 0.2]","(100000.0, inf]"
101_SVDB_id_18_Medical_tr_1851_1st_1951.csv,2,230400,16102,81,198.790123457,0.0698871527778,0,1,0.394932134386,0.0390741339356,0,,0,SVDB,MEASURED_FAMILY_DOCUMENTED,1851,1951,0.00803385416667,SEQUENCE_FLAG_ONLY,0.267360172305,0.182922819012,-0.0844373532934,0.25,0.75,0.484664015109,0.229104343348,-0.255559671761,SDOstream,OmniAnomaly,-0.116807421838,0.014171285264,unverified_unique_101_SVDB_id_18_Medical_tr_1851_1st_1951.csv,False,unknown_uninspected,,,,,False,False,False,False,"(-inf, 10.0]","(100.0, 1000.0]","(0.05, 0.2]","(10.0, 100.0]","(-inf, 0.05]","(100000.0, inf]"
102_SVDB_id_19_Medical_tr_50000_1st_107354.csv,2,230400,13376,6,2229.33333333,0.0580555555556,0,1,0.0205470852745,0.00733351681203,0,,0,SVDB,MEASURED_FAMILY_DOCUMENTED,50000,107354,0.217013888889,SEQUENCE_FLAG_ONLY,0.355693835529,0.12893321807,-0.226760617459,0.0625,0.9375,0.574158222928,0.155817527226,-0.418340695702,MemStream,USAD,-0.294357158148,0.153939154993,unverified_unique_102_SVDB_id_19_Medical_tr_50000_1st_107354.csv,False,unknown_uninspected,,,,,False,False,False,False,"(-inf, 10.0]","(1000.0, inf]","(0.05, 0.2]","(1.0, 10.0]","(0.2, 0.5]","(100000.0, inf]"
103_SVDB_id_20_Medical_tr_12167_1st_12267.csv,2,230400,6151,61,100.836065574,0.0266970486111,0,1,0.02281745257,0.00700575154299,0,,0,SVDB,MEASURED_FAMILY_DOCUMENTED,12167,12267,0.0528081597222,SEQUENCE_FLAG_ONLY,0.0430373639302,0.0335502755602,-0.00948708836997,0.3125,0.6875,0.066762273969,0.0393517391965,-0.0274105347725,SWKNN,CNN,-0.0137732274687,0.00157878502369,unverified_unique_103_SVDB_id_20_Medical_tr_12167_1st_12267.csv,False,unknown_uninspected,,,,,False,False,False,False,"(-inf, 10.0]","(100.0, 1000.0]","(0.01, 0.05]","(10.0, 100.0]","(0.05, 0.2]","(100000.0, inf]"
104_SVDB_id_21_Medical_tr_50000_1st_106634.csv,2,230400,3503,13,269.461538462,0.0152039930556,0,1,0.0301772699724,0.0102782609959,0,,0,SVDB,MEASURED_FAMILY_DOCUMENTED,50000,106634,0.217013888889,SEQUENCE_FLAG_ONLY,0.233725249653,0.0847700149588,-0.148955234695,0.0625,0.9375,0.355038384525,0.107104915397,-0.247933469127,SWKNN,USAD,-0.195199789554,0.108517523071,unverified_unique_104_SVDB_id_21_Medical_tr_50000_1st_106634.csv,False,unknown_uninspected,,,,,False,False,False,False,"(-inf, 10.0]","(100.0, 1000.0]","(0.01, 0.05]","(10.0, 100.0]","(0.2, 0.5]","(100000.0, inf]"
105_SVDB_id_22_Medical_tr_500_1st_417.csv,2,150000,12827,68,188.632352941,0.0855133333333,0,1,0.332543540963,0.0706708266256,0,,0,SVDB,MEASURED_FAMILY_DOCUMENTED,500,417,0.00333333333333,SEQUENCE_FLAG_ONLY,0.263286145531,0.158164434062,-0.105121711469,0.375,0.625,0.539191925936,0.175540029668,-0.363651896268,SWKNN,OmniAnomaly,-0.144702108077,0.0152747268728,unverified_unique_105_SVDB_id_22_Medical_tr_500_1st_417.csv,False,unknown_uninspected,,,,,False,False,False,False,"(-inf, 10.0]","(100.0, 1000.0]","(0.05, 0.2]","(10.0, 100.0]","(-inf, 0.05]","(100000.0, inf]"
106_SVDB_id_23_Medical_tr_37500_1st_121963.csv,2,150000,676,1,676,0.00450666666667,0,1,0.0200122038916,0.00696895688487,0,,0,SVDB,MEASURED_FAMILY_DOCUMENTED,37500,121963,0.25,SEQUENCE_FLAG_ONLY,0.168778102787,0.0217471189353,-0.147030983851,0.1875,0.8125,0.448138795424,0.0445895867771,-0.403549208647,LODA,OmniAnomaly,-0.197200278086,0.0590379346226,unverified_unique_106_SVDB_id_23_Medical_tr_37500_1st_121963.csv,False,unknown_uninspected,,,,,False,False,False,False,"(-inf, 10.0]","(100.0, 1000.0]","(-inf, 0.01]","(-inf, 1.0]","(0.2, 0.5]","(100000.0, inf]"
108_SVDB_id_25_Medical_tr_1238_1st_1338.csv,2,230400,7048,32,220.25,0.0305902777778,0,1,0.488803692695,0.0633014867883,0,,0,SVDB,MEASURED_FAMILY_DOCUMENTED,1238,1338,0.00537326388889,SEQUENCE_FLAG_ONLY,0.285840200206,0.124542075641,-0.161298124565,0.0625,0.9375,0.544657123523,0.1878321018,-0.356825021723,SWKNN,KMeansAD,-0.198335236717,0.105494940189,unverified_unique_108_SVDB_id_25_Medical_tr_1238_1st_1338.csv,False,unknown_uninspected,,,,,False,False,False,False,"(-inf, 10.0]","(100.0, 1000.0]","(0.01, 0.05]","(10.0, 100.0]","(-inf, 0.05]","(100000.0, inf]"
109_SVDB_id_26_Medical_tr_1038_1st_1138.csv,2,230400,20820,167,124.670658683,0.0903645833333,0,1,0.373307836925,0.102831305801,0,,0,SVDB,MEASURED_FAMILY_DOCUMENTED,1038,1138,0.00450520833333,SEQUENCE_FLAG_ONLY,0.21916732148,0.140934850348,-0.0782324711318,0.1875,0.8125,0.391625077495,0.176935814458,-0.214689263036,SWKNN,USAD,-0.103561711397,0.0207465524601,unverified_unique_109_SVDB_id_26_Medical_tr_1038_1st_1138.csv,False,unknown_uninspected,,,,,False,False,False,False,"(-inf, 10.0]","(100.0, 1000.0]","(0.05, 0.2]","(100.0, inf]","(-inf, 0.05]","(100000.0, inf]"
110_SVDB_id_27_Medical_tr_30824_1st_30924.csv,2,230400,7847,42,186.833333333,0.0340581597222,0,1,0.0630639963871,0.0226500823861,0,,0,SVDB,MEASURED_FAMILY_DOCUMENTED,30824,30924,0.133784722222,SEQUENCE_FLAG_ONLY,0.0758385639716,0.0419990725607,-0.0338394914109,0.1875,0.8125,0.10595350756,0.0479883973872,-0.0579651101724,SWKNN,USAD,-0.0450768120772,0.0238011768816,unverified_unique_110_SVDB_id_27_Medical_tr_30824_1st_30924.csv,False,unknown_uninspected,,,,,False,False,False,False,"(-inf, 10.0]","(100.0, 1000.0]","(0.01, 0.05]","(10.0, 100.0]","(0.05, 0.2]","(100000.0, inf]"
111_SVDB_id_28_Medical_tr_1791_1st_1891.csv,2,230400,21980,145,151.586206897,0.0953993055556,0,1,0.123775643514,0.0280782529944,0,,0,SVDB,MEASURED_FAMILY_DOCUMENTED,1791,1891,0.0077734375,SEQUENCE_FLAG_ONLY,0.367449580088,0.180781676262,-0.186667903827,0.125,0.875,0.637409897228,0.276451718509,-0.360958178719,SDOstream,OmniAnomaly,-0.249224755231,0.103908593218,unverified_unique_111_SVDB_id_28_Medical_tr_1791_1st_1891.csv,False,unknown_uninspected,,,,,False,False,False,False,"(-inf, 10.0]","(100.0, 1000.0]","(0.05, 0.2]","(100.0, inf]","(-inf, 0.05]","(100000.0, inf]"
112_SVDB_id_29_Medical_tr_8226_1st_8326.csv,2,230400,2559,17,150.529411765,0.0111067708333,0,1,0.0489537112393,0.0123415580883,0,,0,SVDB,MEASURED_FAMILY_DOCUMENTED,8226,8326,0.035703125,SEQUENCE_FLAG_ONLY,0.0143993334144,0.0111625793746,-0.00323675403987,0.375,0.625,0.0339758425595,0.0119517030081,-0.0220241395514,SWKNN,PCA,-0.00456150975596,-4.61124557231e-05,unverified_unique_112_SVDB_id_29_Medical_tr_8226_1st_8326.csv,False,unknown_uninspected,,,,,False,False,False,False,"(-inf, 10.0]","(100.0, 1000.0]","(0.01, 0.05]","(10.0, 100.0]","(-inf, 0.05]","(100000.0, inf]"
114_SVDB_id_31_Medical_tr_25000_1st_63090.csv,2,100000,497,1,497,0.00497,0,1,0.00976748079374,0.00374567456751,0,,0,SVDB,MEASURED_FAMILY_DOCUMENTED,25000,63090,0.25,SEQUENCE_FLAG_ONLY,0.00765216351904,0.00644186389151,-0.00121029962753,0.4375,0.5625,0.0127936381064,0.00824958471124,-0.0045440533952,SWKNN,USAD,-0.0021816615178,-0.000503525234933,unverified_unique_114_SVDB_id_31_Medical_tr_25000_1st_63090.csv,False,unknown_uninspected,,,,,False,False,False,False,"(-inf, 10.0]","(100.0, 1000.0]","(-inf, 0.01]","(-inf, 1.0]","(0.2, 0.5]","(20000.0, 100000.0]"
115_PSM_id_1_Facility_tr_50000_1st_129872.csv,25,217624,24381,72,338.625,0.112032680219,1,1,0.602779749789,0.311388359024,0,,0,PSM,MEASURED_FAMILY_DOCUMENTED,50000,129872,0.229754071242,POINT_AND_SEQUENCE_FLAG,0.170380734238,0.132338610799,-0.0380421234393,0.1875,0.8125,0.334405366093,0.17668271137,-0.157722654724,LODA,AutoEncoder,-0.0538994739874,0.0267165622068,unverified_unique_115_PSM_id_1_Facility_tr_50000_1st_129872.csv,False,unknown_uninspected,,,,,False,False,False,False,"(10.0, 40.0]","(100.0, 1000.0]","(0.05, 0.2]","(10.0, 100.0]","(0.2, 0.5]","(100000.0, inf]"
116_TAO_id_1_Environment_tr_500_1st_3.csv,3,10000,492,464,1.06034482759,0.0492,1,1,0.66740791166,0.511207061595,1,continuous,0.666666666667,TAO,MEASURED_FAMILY_DOCUMENTED,500,3,0.05,POINT_AND_SEQUENCE_FLAG,0.760057826701,0.588480673268,-0.171577153433,0.3125,0.6875,1,0.991036482646,-0.0089635173538,SWKNN,MCD,-0.405649597011,0.0333920244189,unverified_unique_116_TAO_id_1_Environment_tr_500_1st_3.csv,True,unresolved_original_trace_mapping,26,3,True,True,True,False,False,False,"(-inf, 10.0]","(-inf, 10.0]","(0.01, 0.05]","(100.0, inf]","(-inf, 0.05]","(5000.0, 20000.0]"
117_TAO_id_2_Environment_tr_500_1st_1.csv,3,10000,1395,1208,1.1548013245,0.1395,1,1,0.610455666896,0.460758007599,0,,0,TAO,MEASURED_FAMILY_DOCUMENTED,500,1,0.05,POINT_AND_SEQUENCE_FLAG,0.582960341021,0.568376743527,-0.0145835974933,0.4375,0.5625,1,0.994960106566,-0.00503989343441,SWKNN,MCD,-0.156778051839,-0.133740217118,unverified_unique_117_TAO_id_2_Environment_tr_500_1st_1.csv,False,unknown_uninspected,,,,,False,False,False,False,"(-inf, 10.0]","(-inf, 10.0]","(0.05, 0.2]","(100.0, inf]","(-inf, 0.05]","(5000.0, 20000.0]"
118_TAO_id_3_Environment_tr_500_1st_7.csv,3,10000,488,468,1.04273504274,0.0488,1,1,0.667075125872,0.513357248291,1,continuous,0.666666666667,TAO,MEASURED_FAMILY_DOCUMENTED,500,7,0.05,POINT_AND_SEQUENCE_FLAG,0.758116837855,0.489701247124,-0.268415590731,0.375,0.625,0.99998747955,0.994608027254,-0.00537945229587,SWKNN,MCD,-0.5031238565,0.137152870633,unverified_unique_118_TAO_id_3_Environment_tr_500_1st_7.csv,True,unresolved_original_trace_mapping,19,7,True,True,True,False,False,False,"(-inf, 10.0]","(-inf, 10.0]","(0.01, 0.05]","(100.0, inf]","(-inf, 0.05]","(5000.0, 20000.0]"
119_TAO_id_4_Environment_tr_500_1st_1.csv,3,10000,945,854,1.10655737705,0.0945,1,1,0.63789860107,0.488204942115,1,continuous,0,TAO,MEASURED_FAMILY_DOCUMENTED,500,1,0.05,POINT_AND_SEQUENCE_FLAG,0.723684441552,0.567626109603,-0.15605833195,0.3125,0.6875,1,0.994234243624,-0.00576575637551,SWKNN,MCD,-0.360052782446,0.0652742776646,unverified_unique_119_TAO_id_4_Environment_tr_500_1st_1.csv,True,unresolved_original_trace_mapping,56,1,True,True,True,False,False,False,"(-inf, 10.0]","(-inf, 10.0]","(0.05, 0.2]","(100.0, inf]","(-inf, 0.05]","(5000.0, 20000.0]"
121_TAO_id_6_Environment_tr_500_1st_7.csv,3,10000,1409,1220,1.15491803279,0.1409,1,1,0.613576881075,0.460926550691,0,,0,TAO,MEASURED_FAMILY_DOCUMENTED,500,7,0.05,POINT_AND_SEQUENCE_FLAG,0.709155723593,0.504733366036,-0.204422357557,0.375,0.625,0.999998994014,0.996917813507,-0.00308118050664,SWKNN,MCD,-0.386683501695,0.090594094736,unverified_unique_121_TAO_id_6_Environment_tr_500_1st_7.csv,False,unknown_uninspected,,,,,False,False,False,False,"(-inf, 10.0]","(-inf, 10.0]","(0.05, 0.2]","(100.0, inf]","(-inf, 0.05]","(5000.0, 20000.0]"
122_TAO_id_7_Environment_tr_500_1st_19.csv,3,10000,948,858,1.1048951049,0.0948,1,1,0.643011027302,0.487176831996,1,continuous,0.333333333333,TAO,MEASURED_FAMILY_DOCUMENTED,500,19,0.05,POINT_AND_SEQUENCE_FLAG,0.770659274029,0.432372145283,-0.338287128747,0.3125,0.6875,1,0.99427769004,-0.00572230996047,SWKNN,MCD,-0.560321381537,0.254022585516,unverified_unique_122_TAO_id_7_Environment_tr_500_1st_19.csv,True,unresolved_original_trace_mapping,42,19,True,True,True,False,False,False,"(-inf, 10.0]","(-inf, 10.0]","(0.05, 0.2]","(100.0, inf]","(-inf, 0.05]","(5000.0, 20000.0]"
123_TAO_id_8_Environment_tr_500_1st_62.csv,3,10000,487,463,1.05183585313,0.0487,1,1,0.670281679151,0.512940670528,1,continuous,0.666666666667,TAO,MEASURED_FAMILY_DOCUMENTED,500,62,0.05,POINT_AND_SEQUENCE_FLAG,0.7634744094,0.781528084885,0.0180536754855,0.375,0.625,1,0.999135768847,-0.000864231153393,MemStream,OCSVM|MCD|TranAD,-0.216647898768,-0.149813214452,unverified_unique_123_TAO_id_8_Environment_tr_500_1st_62.csv,True,unresolved_original_trace_mapping,19,62,True,True,True,False,False,False,"(-inf, 10.0]","(-inf, 10.0]","(0.01, 0.05]","(100.0, inf]","(-inf, 0.05]","(5000.0, 20000.0]"
124_TAO_id_9_Environment_tr_500_1st_1.csv,3,10000,483,456,1.05921052632,0.0483,1,1,0.668613907004,0.510566095545,1,continuous,0.666666666667,TAO,MEASURED_FAMILY_DOCUMENTED,500,1,0.05,POINT_AND_SEQUENCE_FLAG,0.760773681343,0.541007848574,-0.219765832769,0.375,0.625,1,0.992711228685,-0.0072887713148,SWKNN,MCD,-0.452271132652,0.140852724016,unverified_unique_124_TAO_id_9_Environment_tr_500_1st_1.csv,True,unresolved_original_trace_mapping,33,1,True,True,True,False,False,False,"(-inf, 10.0]","(-inf, 10.0]","(0.01, 0.05]","(100.0, inf]","(-inf, 0.05]","(5000.0, 20000.0]"
125_TAO_id_10_Environment_tr_500_1st_9.csv,3,10000,943,856,1.10163551402,0.0943,1,1,0.64650104584,0.488185051143,1,continuous,0.666666666667,TAO,MEASURED_FAMILY_DOCUMENTED,500,9,0.05,POINT_AND_SEQUENCE_FLAG,0.714242101702,0.703760910571,-0.0104811911308,0.5625,0.4375,0.999998876647,0.99902128737,-0.00097758927686,MemStream,MCD|TranAD,-0.211841320112,-0.143989168592,unverified_unique_125_TAO_id_10_Environment_tr_500_1st_9.csv,True,unresolved_original_trace_mapping,51,9,True,True,True,False,False,False,"(-inf, 10.0]","(-inf, 10.0]","(0.05, 0.2]","(100.0, inf]","(-inf, 0.05]","(5000.0, 20000.0]"
127_TAO_id_12_Environment_tr_500_1st_24.csv,3,10000,485,457,1.06126914661,0.0485,1,1,0.666967647616,0.511770073785,1,continuous,0.666666666667,TAO,MEASURED_FAMILY_DOCUMENTED,500,24,0.05,POINT_AND_SEQUENCE_FLAG,0.759030989415,0.608224696924,-0.150806292491,0.375,0.625,1,0.994584324964,-0.00541567503562,SWKNN,MCD,-0.386401755535,0.0371725818859,unverified_unique_127_TAO_id_12_Environment_tr_500_1st_24.csv,True,unresolved_original_trace_mapping,27,24,True,True,True,False,False,False,"(-inf, 10.0]","(-inf, 10.0]","(0.01, 0.05]","(100.0, inf]","(-inf, 0.05]","(5000.0, 20000.0]"
128_TAO_id_13_Environment_tr_500_1st_7.csv,3,10000,1409,1220,1.15491803279,0.1409,1,1,0.613576881075,0.460926550691,0,,0,TAO,MEASURED_FAMILY_DOCUMENTED,500,7,0.05,POINT_AND_SEQUENCE_FLAG,0.709724506045,0.468325963564,-0.241398542481,0.3125,0.6875,0.999998994014,0.996917813507,-0.00308118050664,SWKNN,MCD,-0.424020008769,0.138533561097,unverified_unique_128_TAO_id_13_Environment_tr_500_1st_7.csv,False,unknown_uninspected,,,,,False,False,False,False,"(-inf, 10.0]","(-inf, 10.0]","(0.05, 0.2]","(100.0, inf]","(-inf, 0.05]","(5000.0, 20000.0]"
129_OPPORTUNITY_id_1_HumanActivity_tr_1801_1st_1901.csv,248,24693,721,2,360.5,0.0291985582959,0,1,0.692966703144,0.622302705716,1,change_point random_walk ,0.387096774194,OPPORTUNITY,MEASURED_FAMILY_DOCUMENTED,1801,1901,0.0729356497793,SEQUENCE_FLAG_ONLY,0.0250419021617,0.10639440148,0.0813524993182,0.4375,0.5625,0.778790499854,0.373495015595,-0.405295484258,MCOD,MCD,-0.00768103872023,-0.111391648817,unverified_unique_129_OPPORTUNITY_id_1_HumanActivity_tr_1801_1st_1901.csv,True,unresolved_original_trace_mapping,0,1901,True,True,False,True,False,True,"(80.0, inf]","(100.0, 1000.0]","(0.01, 0.05]","(1.0, 10.0]","(0.05, 0.2]","(20000.0, 100000.0]"
130_OPPORTUNITY_id_2_HumanActivity_tr_1045_1st_1145.csv,248,5162,469,1,469,0.0908562572646,0,1,0.692927559212,0.509542852465,1,change_point,0.153225806452,OPPORTUNITY,MEASURED_FAMILY_DOCUMENTED,1045,1145,0.202440914374,SEQUENCE_FLAG_ONLY,0.0708115793704,0.168744395754,0.0979328163837,0.625,0.375,0.117750439367,0.491224354709,0.373473915342,MCOD,OmniAnomaly,-0.00956050326799,-0.137096947904,unverified_unique_130_OPPORTUNITY_id_2_HumanActivity_tr_1045_1st_1145.csv,True,unresolved_original_trace_mapping,0,1145,True,True,False,True,False,False,"(80.0, inf]","(100.0, 1000.0]","(0.05, 0.2]","(-inf, 1.0]","(0.2, 0.5]","(5000.0, 20000.0]"
132_OPPORTUNITY_id_4_HumanActivity_tr_895_1st_995.csv,248,9323,438,1,438,0.0469805856484,0,1,0.692791879189,0.59513438149,1,change_point random_walk ,0.100806451613,OPPORTUNITY,MEASURED_FAMILY_DOCUMENTED,895,995,0.0959991419071,SEQUENCE_FLAG_ONLY,0.0487152168442,0.0390503296633,-0.00966488718094,0.1875,0.8125,0.206986092809,0.12923452258,-0.0777515702295,RSHash,IForest,-0.0168518600794,0.00550630006384,unverified_unique_132_OPPORTUNITY_id_4_HumanActivity_tr_895_1st_995.csv,True,unresolved_original_trace_mapping,0,995,True,True,False,True,False,True,"(80.0, inf]","(100.0, 1000.0]","(0.01, 0.05]","(-inf, 1.0]","(0.05, 0.2]","(5000.0, 20000.0]"
133_OPPORTUNITY_id_5_HumanActivity_tr_1745_1st_6500.csv,248,6980,480,1,480,0.0687679083095,0,1,0.692574857977,0.421926656483,1,change_point random_walk ,0.00806451612903,OPPORTUNITY,MEASURED_FAMILY_DOCUMENTED,1745,6500,0.25,SEQUENCE_FLAG_ONLY,0.782196491487,0.552834588328,-0.229361903159,0.25,0.75,1,0.90978340959,-0.0902165904096,MCOD,PCA,-0.34834484358,0.122672982615,unverified_unique_133_OPPORTUNITY_id_5_HumanActivity_tr_1745_1st_6500.csv,True,unresolved_original_trace_mapping,0,6500,True,True,False,True,False,True,"(80.0, inf]","(100.0, 1000.0]","(0.05, 0.2]","(-inf, 1.0]","(0.2, 0.5]","(5000.0, 20000.0]"
134_OPPORTUNITY_id_6_HumanActivity_tr_1477_1st_1577.csv,248,16515,355,1,355,0.0214956100515,0,1,0.692918761928,0.616468319622,1,change_point random_walk ,0.217741935484,OPPORTUNITY,MEASURED_FAMILY_DOCUMENTED,1477,1577,0.089433848017,SEQUENCE_FLAG_ONLY,0.0136746058691,0.0602879314467,0.0466133255776,0.75,0.25,0.0329007889676,0.194560789624,0.161660000656,MCOD,HBOS,0.00185570618522,-0.0622730753451,unverified_unique_134_OPPORTUNITY_id_6_HumanActivity_tr_1477_1st_1577.csv,True,unresolved_original_trace_mapping,0,1577,True,True,False,True,False,True,"(80.0, inf]","(100.0, 1000.0]","(0.01, 0.05]","(-inf, 1.0]","(0.05, 0.2]","(5000.0, 20000.0]"
135_OPPORTUNITY_id_7_HumanActivity_tr_2085_1st_2185.csv,248,21706,818,2,409,0.0376854325993,0,1,0.693017167203,0.602853974377,1,change_point random_walk,0.314516129032,OPPORTUNITY,MEASURED_FAMILY_DOCUMENTED,2085,2185,0.0960563899383,SEQUENCE_FLAG_ONLY,0.0266224300568,0.193416443675,0.166794013618,0.5,0.5,0.129790055883,0.700300428303,0.57051037242,MCOD,IForest,-0.00216731459105,-0.223978149718,unverified_unique_135_OPPORTUNITY_id_7_HumanActivity_tr_2085_1st_2185.csv,True,unresolved_original_trace_mapping,0,2185,True,True,False,True,False,True,"(80.0, inf]","(100.0, 1000.0]","(0.01, 0.05]","(1.0, 10.0]","(0.05, 0.2]","(20000.0, 100000.0]"
136_OPPORTUNITY_id_8_HumanActivity_tr_1495_1st_1595.csv,248,26969,625,2,312.5,0.0231747562016,0,1,0.692991263377,0.641284935142,1,change_point random_walk,0.427419354839,OPPORTUNITY,MEASURED_FAMILY_DOCUMENTED,1495,1595,0.0554340168341,SEQUENCE_FLAG_ONLY,0.0135002170359,0.0817819173881,0.0682817003523,0.625,0.375,0.131130101608,0.286364433776,0.155234332168,MCOD,IForest,8.75282229684e-05,-0.0914385807546,unverified_unique_136_OPPORTUNITY_id_8_HumanActivity_tr_1495_1st_1595.csv,True,unresolved_original_trace_mapping,0,1595,True,True,False,True,False,True,"(80.0, inf]","(100.0, 1000.0]","(0.01, 0.05]","(1.0, 10.0]","(0.05, 0.2]","(20000.0, 100000.0]"
137_CreditCard_id_1_Finance_tr_500_1st_541.csv,29,284807,492,465,1.05806451613,0.00172748563062,1,1,0.675754940444,0.198771121095,1,change_point,0.0344827586207,CreditCard,UNKNOWN_SOURCE,500,541,0.00175557482787,POINT_AND_SEQUENCE_FLAG,0.102382375027,0.0947412331047,-0.00764114192253,0.625,0.375,0.221634624121,0.183263672651,-0.0383709514703,SWKNN,OCSVM,-0.0385572316977,-0.0202293276796,unverified_unique_137_CreditCard_id_1_Finance_tr_500_1st_541.csv,True,unresolved_original_trace_mapping,0,541,True,True,False,True,False,False,"(10.0, 40.0]","(-inf, 10.0]","(-inf, 0.01]","(100.0, inf]","(-inf, 0.05]","(100000.0, inf]"
138_CATSv2_id_1_Sensor_tr_16568_1st_16668.csv,17,100000,2000,3,666.666666667,0.02,0,1,0.69309209598,0.559945847,1,continuous periodic random_walk,0.294117647059,CATSv2,SIMULATED_SOURCE,16568,16668,0.16568,SEQUENCE_FLAG_ONLY,0.0672661617524,0.0515267522552,-0.0157394094972,0.3125,0.6875,0.124132755693,0.0855039535567,-0.0386288021366,SDOstream,FITS,-0.0270651432643,0.00696683348424,unverified_unique_138_CATSv2_id_1_Sensor_tr_16568_1st_16668.csv,True,unresolved_original_trace_mapping,0,16668,True,True,True,False,True,True,"(10.0, 40.0]","(100.0, 1000.0]","(0.01, 0.05]","(1.0, 10.0]","(0.05, 0.2]","(20000.0, 100000.0]"
139_CATSv2_id_2_Sensor_tr_5592_1st_5692.csv,17,195000,6600,10,660,0.0338461538462,0,1,0.693077976234,0.667173498946,1,periodic continuous random_walk,0.294117647059,CATSv2,SIMULATED_SOURCE,5592,5692,0.0286769230769,SEQUENCE_FLAG_ONLY,0.0570880566973,0.0405354697892,-0.0165525869081,0.25,0.75,0.179779902454,0.0547330844344,-0.12504681802,MCOD,MCD,-0.0241992637663,0.00498133383867,unverified_unique_139_CATSv2_id_2_Sensor_tr_5592_1st_5692.csv,True,unresolved_original_trace_mapping,0,5692,True,True,True,False,True,True,"(10.0, 40.0]","(100.0, 1000.0]","(0.01, 0.05]","(1.0, 10.0]","(-inf, 0.05]","(100000.0, inf]"
141_CATSv2_id_4_Sensor_tr_41727_1st_41827.csv,17,195000,5900,11,536.363636364,0.0302564102564,0,1,0.693115615089,0.385501966851,1,continuous random_walk,0.0588235294118,CATSv2,SIMULATED_SOURCE,41727,41827,0.213984615385,SEQUENCE_FLAG_ONLY,0.326220511303,0.112883821829,-0.213336689474,0.0625,0.9375,0.425725031539,0.219100251574,-0.206624779965,MemStream,KMeansAD,-0.26425869133,0.18290790769,unverified_unique_141_CATSv2_id_4_Sensor_tr_41727_1st_41827.csv,True,unresolved_original_trace_mapping,0,41827,True,True,True,False,False,True,"(10.0, 40.0]","(100.0, 1000.0]","(0.01, 0.05]","(10.0, 100.0]","(0.2, 0.5]","(100000.0, inf]"
142_CATSv2_id_5_Sensor_tr_30704_1st_30804.csv,17,350000,17100,13,1315.38461538,0.0488571428571,0,1,0.693131696349,0.590037141588,1,periodic random_walk,0.294117647059,CATSv2,SIMULATED_SOURCE,30704,30804,0.0877257142857,SEQUENCE_FLAG_ONLY,0.163605749964,0.0797336316644,-0.0838721182994,0.0625,0.9375,0.192328790319,0.101788724349,-0.09054006597,SWKNN,CNN,-0.105625626019,0.0742977715143,unverified_unique_142_CATSv2_id_5_Sensor_tr_30704_1st_30804.csv,True,unresolved_original_trace_mapping,0,30804,True,True,False,False,True,True,"(10.0, 40.0]","(1000.0, inf]","(0.01, 0.05]","(10.0, 100.0]","(0.05, 0.2]","(100000.0, inf]"
143_CATSv2_id_6_Sensor_tr_50000_1st_60232.csv,17,200000,4000,7,571.428571429,0.02,0,1,0.69311124693,0.4100177926,1,continuous random_walk,0.0588235294118,CATSv2,SIMULATED_SOURCE,50000,60232,0.25,SEQUENCE_FLAG_ONLY,0.134730868541,0.054659624923,-0.0800712436184,0,1,0.260203790209,0.0644773834576,-0.195726406752,SWKNN,MCD,-0.0864079743125,0.0738047472872,unverified_unique_143_CATSv2_id_6_Sensor_tr_50000_1st_60232.csv,True,unresolved_original_trace_mapping,0,60232,True,True,True,False,False,True,"(10.0, 40.0]","(100.0, 1000.0]","(0.01, 0.05]","(1.0, 10.0]","(0.2, 0.5]","(100000.0, inf]"
144_SMAP_id_1_Sensor_tr_2052_1st_5300.csv,25,8209,1121,1,1121,0.136557436959,0,1,0.243728204255,0.0999818912708,0,,0,SMAP,MEASURED_FAMILY_DOCUMENTED,2052,5300,0.249969545621,SEQUENCE_FLAG_ONLY,0.830377665878,0.568288600291,-0.262089065587,0.125,0.875,0.975046594848,0.892853431755,-0.082193163093,SWKNN,KMeansAD,-0.370277342742,0.18523321921,unverified_unique_144_SMAP_id_1_Sensor_tr_2052_1st_5300.csv,False,unknown_uninspected,,,,,False,False,False,False,"(10.0, 40.0]","(1000.0, inf]","(0.05, 0.2]","(-inf, 1.0]","(0.2, 0.5]","(5000.0, 20000.0]"
145_SMAP_id_2_Sensor_tr_2133_1st_5400.csv,25,8532,623,1,623,0.0730192217534,0,1,0.156937107456,0.0739342298786,0,,0,SMAP,MEASURED_FAMILY_DOCUMENTED,2133,5400,0.25,SEQUENCE_FLAG_ONLY,0.26517639919,0.101711310873,-0.163465088317,0,1,0.447781454471,0.140610853001,-0.307170601469,MemStream,MCD,-0.187421295238,0.146165018347,unverified_unique_145_SMAP_id_2_Sensor_tr_2133_1st_5400.csv,False,unknown_uninspected,,,,,False,False,False,False,"(10.0, 40.0]","(100.0, 1000.0]","(0.05, 0.2]","(-inf, 1.0]","(0.2, 0.5]","(5000.0, 20000.0]"
146_SMAP_id_3_Sensor_tr_2128_1st_5000.csv,25,8514,295,2,147.5,0.0346488137186,0,1,0,0,0,,0,SMAP,MEASURED_FAMILY_DOCUMENTED,2128,5000,0.249941273197,SEQUENCE_FLAG_ONLY,0.30085499262,0.0605478769559,-0.240307115664,0,1,0.364949168986,0.124081134273,-0.240868034713,MemStream,OmniAnomaly,-0.282569692119,0.21900903821,unverified_unique_146_SMAP_id_3_Sensor_tr_2128_1st_5000.csv,False,unknown_uninspected,,,,,False,False,False,False,"(10.0, 40.0]","(100.0, 1000.0]","(0.01, 0.05]","(1.0, 10.0]","(0.2, 0.5]","(5000.0, 20000.0]"
147_SMAP_id_4_Sensor_tr_2160_1st_6449.csv,25,8640,121,1,121,0.0140046296296,0,1,0.011085609537,0.0055185354885,0,,0,SMAP,MEASURED_FAMILY_DOCUMENTED,2160,6449,0.25,SEQUENCE_FLAG_ONLY,0.0157459798413,0.017708732339,0.00196275249775,0.5625,0.4375,0.0243305162222,0.0715786910293,0.0472481748071,xStream,AnomalyTransformer,-0.000188573551161,-0.00365635867095,unverified_unique_147_SMAP_id_4_Sensor_tr_2160_1st_6449.csv,False,unknown_uninspected,,,,,False,False,False,False,"(10.0, 40.0]","(100.0, 1000.0]","(0.01, 0.05]","(-inf, 1.0]","(0.2, 0.5]","(5000.0, 20000.0]"
148_SMAP_id_5_Sensor_tr_2011_1st_5060.csv,25,8044,71,1,71,0.00882645450025,0,1,0.693050468348,0.252543501085,1,change_point,0.04,SMAP,MEASURED_FAMILY_DOCUMENTED,2011,5060,0.25,SEQUENCE_FLAG_ONLY,0.255690051227,0.192495973838,-0.0631940773888,0.5625,0.4375,0.763850309903,0.567234085768,-0.196616224135,SWKNN,TimesNet,-0.188106781365,-0.106192675503,unverified_unique_148_SMAP_id_5_Sensor_tr_2011_1st_5060.csv,True,unresolved_original_trace_mapping,0,5060,True,True,False,True,False,False,"(10.0, 40.0]","(10.0, 100.0]","(-inf, 0.01]","(-inf, 1.0]","(0.2, 0.5]","(5000.0, 20000.0]"
150_SMAP_id_7_Sensor_tr_2077_1st_5394.csv,25,8310,281,1,281,0.0338146811071,0,1,0.00739193988156,0.00285444843493,0,,0,SMAP,MEASURED_FAMILY_DOCUMENTED,2077,5394,0.249939831528,SEQUENCE_FLAG_ONLY,0.504403813815,0.124666262893,-0.379737550922,0.125,0.875,0.857884975909,0.178928668929,-0.67895630698,MemStream,USAD,-0.507790389269,0.26191049689,unverified_unique_150_SMAP_id_7_Sensor_tr_2077_1st_5394.csv,False,unknown_uninspected,,,,,False,False,False,False,"(10.0, 40.0]","(100.0, 1000.0]","(0.01, 0.05]","(-inf, 1.0]","(0.2, 0.5]","(5000.0, 20000.0]"
151_SMAP_id_8_Sensor_tr_1971_1st_4870.csv,25,7884,81,1,81,0.0102739726027,0,1,0.170544575024,0.0714733150015,0,,0,SMAP,MEASURED_FAMILY_DOCUMENTED,1971,4870,0.25,SEQUENCE_FLAG_ONLY,0.0676910522412,0.0574141906539,-0.0102768615872,0.3125,0.6875,0.274202776831,0.0672639979112,-0.20693877892,SDOstream,KMeansAD,-0.0165203315649,-8.22538518686e-05,unverified_unique_151_SMAP_id_8_Sensor_tr_1971_1st_4870.csv,False,unknown_uninspected,,,,,False,False,False,False,"(10.0, 40.0]","(10.0, 100.0]","(0.01, 0.05]","(-inf, 1.0]","(0.2, 0.5]","(5000.0, 20000.0]"
152_SMAP_id_9_Sensor_tr_2073_1st_5600.csv,25,8294,321,1,321,0.0387026766337,0,1,0,0,0,,0,SMAP,MEASURED_FAMILY_DOCUMENTED,2073,5600,0.249939715457,SEQUENCE_FLAG_ONLY,0.260792237677,0.0484889236745,-0.212303314003,0.125,0.875,0.378132842593,0.182108140437,-0.196024702156,xStream,USAD,-0.283457050575,0.173189779031,unverified_unique_152_SMAP_id_9_Sensor_tr_2073_1st_5600.csv,False,unknown_uninspected,,,,,False,False,False,False,"(10.0, 40.0]","(100.0, 1000.0]","(0.01, 0.05]","(-inf, 1.0]","(0.2, 0.5]","(5000.0, 20000.0]"
153_SMAP_id_10_Sensor_tr_1840_1st_4030.csv,25,7361,41,1,41,0.00556989539465,0,1,0,0,0,,0,SMAP,MEASURED_FAMILY_DOCUMENTED,1840,4030,0.249966037223,SEQUENCE_FLAG_ONLY,0.307210245258,0.018889037136,-0.288321208122,0.125,0.875,0.568731705912,0.0311392215821,-0.53759248433,SWKNN,CNN,-0.387366379756,0.201147387904,unverified_unique_153_SMAP_id_10_Sensor_tr_1840_1st_4030.csv,False,unknown_uninspected,,,,,False,False,False,False,"(10.0, 40.0]","(10.0, 100.0]","(-inf, 0.01]","(-inf, 1.0]","(0.2, 0.5]","(5000.0, 20000.0]"
154_SMAP_id_11_Sensor_tr_2117_1st_4770.csv,25,8469,121,1,121,0.0142874011099,0,1,0.692606607712,0.394238353388,1,continuous,0.04,SMAP,MEASURED_FAMILY_DOCUMENTED,2117,4770,0.249970480576,SEQUENCE_FLAG_ONLY,0.0150402699949,0.0148654413802,-0.000174828614765,0.5625,0.4375,0.0227811183609,0.0485497812109,0.0257686628501,LODA,HBOS,-0.00218579572522,-0.00173281322891,unverified_unique_154_SMAP_id_11_Sensor_tr_2117_1st_4770.csv,True,unresolved_original_trace_mapping,0,4770,True,True,True,False,False,False,"(10.0, 40.0]","(100.0, 1000.0]","(0.01, 0.05]","(-inf, 1.0]","(0.2, 0.5]","(5000.0, 20000.0]"
155_SMAP_id_12_Sensor_tr_1907_1st_4800.csv,25,7628,51,1,51,0.00668589407446,0,1,0.368948284968,0.178142345143,0,,0,SMAP,MEASURED_FAMILY_DOCUMENTED,1907,4800,0.25,SEQUENCE_FLAG_ONLY,0.113458550386,0.0874536630407,-0.0260048873453,0.25,0.75,0.583517521428,0.0929470399623,-0.490570481466,MemStream,KMeansAD,-0.0371568687412,0.00539347049675,unverified_unique_155_SMAP_id_12_Sensor_tr_1907_1st_4800.csv,False,unknown_uninspected,,,,,False,False,False,False,"(10.0, 40.0]","(10.0, 100.0]","(-inf, 0.01]","(-inf, 1.0]","(0.2, 0.5]","(5000.0, 20000.0]"
156_SMAP_id_13_Sensor_tr_1173_1st_2750.csv,25,4693,51,1,51,0.0108672490944,0,1,0.692980070847,0.268719293299,1,change_point,0.04,SMAP,MEASURED_FAMILY_DOCUMENTED,1173,2750,0.249946729171,SEQUENCE_FLAG_ONLY,0.504601790164,0.668262252011,0.163660461847,0.625,0.375,0.846405915778,0.84928232888,0.00287641310149,RSHash,FITS,-0.000672390921272,-0.272887380304,unverified_unique_156_SMAP_id_13_Sensor_tr_1173_1st_2750.csv,True,unresolved_original_trace_mapping,0,2750,True,True,False,True,False,False,"(10.0, 40.0]","(10.0, 100.0]","(0.01, 0.05]","(-inf, 1.0]","(0.2, 0.5]","(-inf, 5000.0]"
157_SMAP_id_14_Sensor_tr_2126_1st_5000.csv,25,8505,322,2,161,0.0378600823045,0,1,0,0,0,,0,SMAP,MEASURED_FAMILY_DOCUMENTED,2126,5000,0.249970605526,SEQUENCE_FLAG_ONLY,0.283443662615,0.0579425191407,-0.225501143474,0,1,0.343054591303,0.179196528134,-0.163858063169,LODA,USAD,-0.272056765899,0.205630833911,unverified_unique_157_SMAP_id_14_Sensor_tr_2126_1st_5000.csv,False,unknown_uninspected,,,,,False,False,False,False,"(10.0, 40.0]","(100.0, 1000.0]","(0.01, 0.05]","(1.0, 10.0]","(0.2, 0.5]","(5000.0, 20000.0]"
158_SMAP_id_15_Sensor_tr_2075_1st_5610.csv,25,8300,66,1,66,0.00795180722892,0,1,0,0,0,,0,SMAP,MEASURED_FAMILY_DOCUMENTED,2075,5610,0.25,SEQUENCE_FLAG_ONLY,0.587918189274,0.216624623585,-0.371293565688,0.0625,0.9375,0.950038720671,0.262989175484,-0.687049545187,SWKNN,CNN,-0.487578726838,0.250586721889,unverified_unique_158_SMAP_id_15_Sensor_tr_2075_1st_5610.csv,False,unknown_uninspected,,,,,False,False,False,False,"(10.0, 40.0]","(10.0, 100.0]","(-inf, 0.01]","(-inf, 1.0]","(0.2, 0.5]","(5000.0, 20000.0]"
159_SMAP_id_16_Sensor_tr_1757_1st_2650.csv,25,7029,268,3,89.3333333333,0.0381277564376,0,1,0,0,0,,0,SMAP,MEASURED_FAMILY_DOCUMENTED,1757,2650,0.249964433063,SEQUENCE_FLAG_ONLY,0.35848974914,0.195488404956,-0.163001344184,0.1875,0.8125,0.544637557081,0.502692394258,-0.0419451628234,LEAP,KMeansAD,-0.227808469698,0.116390667569,unverified_unique_159_SMAP_id_16_Sensor_tr_1757_1st_2650.csv,False,unknown_uninspected,,,,,False,False,False,False,"(10.0, 40.0]","(10.0, 100.0]","(0.01, 0.05]","(1.0, 10.0]","(0.2, 0.5]","(5000.0, 20000.0]"
160_SMAP_id_17_Sensor_tr_1832_1st_5300.csv,25,7331,448,1,448,0.0611103532942,0,1,0.0314062779626,0.0134916635006,0,,0,SMAP,MEASURED_FAMILY_DOCUMENTED,1832,5300,0.249897694721,SEQUENCE_FLAG_ONLY,0.0987255819643,0.0702047749981,-0.0285208069662,0.5,0.5,0.372577508476,0.105961795023,-0.266615713454,MemStream,LOF,-0.0480138672028,-0.00980414071312,unverified_unique_160_SMAP_id_17_Sensor_tr_1832_1st_5300.csv,False,unknown_uninspected,,,,,False,False,False,False,"(10.0, 40.0]","(100.0, 1000.0]","(0.05, 0.2]","(-inf, 1.0]","(0.2, 0.5]","(5000.0, 20000.0]"
161_SMAP_id_18_Sensor_tr_2075_1st_5550.csv,25,8302,351,1,351,0.0422789689232,0,1,0.263473010703,0.0987389955535,0,,0,SMAP,MEASURED_FAMILY_DOCUMENTED,2075,5550,0.249939773549,SEQUENCE_FLAG_ONLY,0.274394010335,0.0749491646493,-0.199444845685,0,1,0.383890337337,0.127646294509,-0.256244042829,HSTree,USAD,-0.257261869369,0.162946070018,unverified_unique_161_SMAP_id_18_Sensor_tr_2075_1st_5550.csv,False,unknown_uninspected,,,,,False,False,False,False,"(10.0, 40.0]","(100.0, 1000.0]","(0.01, 0.05]","(-inf, 1.0]","(0.2, 0.5]","(5000.0, 20000.0]"
162_SMAP_id_19_Sensor_tr_1908_1st_4690.csv,25,7632,31,1,31,0.00406184486373,0,1,0.0009870104122,0.000342147166305,0,,0,SMAP,MEASURED_FAMILY_DOCUMENTED,1908,4690,0.25,SEQUENCE_FLAG_ONLY,0.190762987304,0.0683713146299,-0.122391672674,0.0625,0.875,0.293018330124,0.0689445223482,-0.224073807776,MCOD,CNN,-0.163207361979,0.0883065584005,unverified_unique_162_SMAP_id_19_Sensor_tr_1908_1st_4690.csv,False,unknown_uninspected,,,,,False,False,False,False,"(10.0, 40.0]","(10.0, 100.0]","(-inf, 0.01]","(-inf, 1.0]","(0.2, 0.5]","(5000.0, 20000.0]"
163_SMAP_id_20_Sensor_tr_2051_1st_4575.csv,25,8205,186,1,186,0.0226691042048,0,1,0.202387296664,0.0781130491884,0,,0,SMAP,MEASURED_FAMILY_DOCUMENTED,2051,4575,0.249969530774,SEQUENCE_FLAG_ONLY,0.0269109907192,0.0289658198904,0.00205482917124,0.5625,0.4375,0.0874924816454,0.04383733387,-0.0436551477754,LODA,MCD,-0.00271286140208,-0.0080492278415,unverified_unique_163_SMAP_id_20_Sensor_tr_2051_1st_4575.csv,False,unknown_uninspected,,,,,False,False,False,False,"(10.0, 40.0]","(100.0, 1000.0]","(0.01, 0.05]","(-inf, 1.0]","(0.2, 0.5]","(5000.0, 20000.0]"
165_SMAP_id_22_Sensor_tr_2129_1st_5000.csv,25,8516,508,2,254,0.059652418976,0,1,0,0,0,,0,SMAP,MEASURED_FAMILY_DOCUMENTED,2129,5000,0.25,SEQUENCE_FLAG_ONLY,0.218828740172,0.0668571710984,-0.151971569073,0,1,0.291320692246,0.142535337991,-0.148785354254,LODA,LOF,-0.160992552178,0.147367011138,unverified_unique_165_SMAP_id_22_Sensor_tr_2129_1st_5000.csv,False,unknown_uninspected,,,,,False,False,False,False,"(10.0, 40.0]","(100.0, 1000.0]","(0.05, 0.2]","(1.0, 10.0]","(0.2, 0.5]","(5000.0, 20000.0]"
166_SMAP_id_23_Sensor_tr_1113_1st_1890.csv,25,4453,41,1,41,0.00920727599371,0,1,0.69285949423,0.279293463361,1,change_point,0.04,SMAP,MEASURED_FAMILY_DOCUMENTED,1113,1890,0.249943858073,SEQUENCE_FLAG_ONLY,0.630769723966,0.676110582131,0.0453408581646,0.3125,0.6875,0.830845579749,0.900964056469,0.0701184767193,LEAP,CNN,-0.139967845227,-0.112032810092,unverified_unique_166_SMAP_id_23_Sensor_tr_1113_1st_1890.csv,True,unresolved_original_trace_mapping,0,1890,True,True,False,True,False,False,"(10.0, 40.0]","(10.0, 100.0]","(-inf, 0.01]","(-inf, 1.0]","(0.2, 0.5]","(-inf, 5000.0]"
167_SMAP_id_24_Sensor_tr_2094_1st_5600.csv,25,8376,41,1,41,0.00489493791786,0,1,0.692836174085,0.500185827078,1,continuous,0.04,SMAP,MEASURED_FAMILY_DOCUMENTED,2094,5600,0.25,SEQUENCE_FLAG_ONLY,0.241339132028,0.0877266259737,-0.153612506055,0.1875,0.8125,0.513168373755,0.131440639067,-0.381727734688,SDOstream,CNN,-0.210598636765,0.0630027588123,unverified_unique_167_SMAP_id_24_Sensor_tr_2094_1st_5600.csv,True,unresolved_original_trace_mapping,0,5600,True,True,True,False,False,False,"(10.0, 40.0]","(10.0, 100.0]","(-inf, 0.01]","(-inf, 1.0]","(0.2, 0.5]","(5000.0, 20000.0]"
168_SMAP_id_25_Sensor_tr_1998_1st_2098.csv,25,8579,184,2,92,0.0214477211796,0,1,0.00607200729796,0.0024296938771,0,,0,SMAP,MEASURED_FAMILY_DOCUMENTED,1998,2098,0.232894276722,SEQUENCE_FLAG_ONLY,0.106379063192,0.0324042564506,-0.0739748067416,0.125,0.875,0.348198132247,0.0338481299833,-0.314350002263,MemStream,KMeansAD,-0.0986909715913,0.0343540711794,unverified_unique_168_SMAP_id_25_Sensor_tr_1998_1st_2098.csv,False,unknown_uninspected,,,,,False,False,False,False,"(10.0, 40.0]","(10.0, 100.0]","(0.01, 0.05]","(1.0, 10.0]","(0.2, 0.5]","(5000.0, 20000.0]"
169_SMAP_id_26_Sensor_tr_1811_1st_4510.csv,25,7244,81,1,81,0.011181667587,0,1,0,0,0,,0,SMAP,MEASURED_FAMILY_DOCUMENTED,1811,4510,0.25,SEQUENCE_FLAG_ONLY,0.169040410372,0.020342712537,-0.148697697835,0.1875,0.8125,0.311176965369,0.0719219690067,-0.239254996362,LEAP,CNN,-0.201216321487,0.10131884617,unverified_unique_169_SMAP_id_26_Sensor_tr_1811_1st_4510.csv,False,unknown_uninspected,,,,,False,False,False,False,"(10.0, 40.0]","(10.0, 100.0]","(0.01, 0.05]","(-inf, 1.0]","(0.2, 0.5]","(5000.0, 20000.0]"
170_SMAP_id_27_Sensor_tr_2160_1st_4690.csv,25,8640,85,1,85,0.00983796296296,0,1,0,0,0,,0,SMAP,MEASURED_FAMILY_DOCUMENTED,2160,4690,0.25,SEQUENCE_FLAG_ONLY,0.0688204120163,0.0172905021761,-0.0515299098401,0.1875,0.8125,0.106931984095,0.0285446062303,-0.0783873778647,HSTree,CNN,-0.0704980441371,0.0388260524805,unverified_unique_170_SMAP_id_27_Sensor_tr_2160_1st_4690.csv,False,unknown_uninspected,,,,,False,False,False,False,"(10.0, 40.0]","(10.0, 100.0]","(-inf, 0.01]","(-inf, 1.0]","(0.2, 0.5]","(5000.0, 20000.0]"
171_SWaT_id_1_Sensor_tr_3749_1st_9522.csv,66,14996,1986,6,331,0.132435316084,0,1,0.693029989395,0.481649592185,1,continuous change_point,0.0757575757576,SWaT,MEASURED_FAMILY_DOCUMENTED,3749,9522,0.25,SEQUENCE_FLAG_ONLY,0.369443126409,0.183226195599,-0.18621693081,0.0625,0.9375,0.469866790431,0.30838130882,-0.161485481611,MemStream,USAD,-0.227935301883,0.152742376136,unverified_unique_171_SWaT_id_1_Sensor_tr_3749_1st_9522.csv,True,unresolved_original_trace_mapping,0,9522,True,True,True,True,False,False,"(40.0, 80.0]","(100.0, 1000.0]","(0.05, 0.2]","(1.0, 10.0]","(0.2, 0.5]","(5000.0, 20000.0]"
172_SWaT_id_2_Sensor_tr_23700_1st_23800.csv,51,399919,50118,27,1856.22222222,0.125320377376,0,1,0.693132376308,0.601599243008,1,continuous,0.333333333333,SWaT,MEASURED_FAMILY_DOCUMENTED,23700,23800,0.0592620005551,SEQUENCE_FLAG_ONLY,0.580115147562,0.254952183,-0.325162964562,0.25,0.75,0.755504705799,0.755410190195,-9.45156040959e-05,MemStream,KNN,-0.491982300293,0.265343846127,unverified_unique_172_SWaT_id_2_Sensor_tr_23700_1st_23800.csv,True,unresolved_original_trace_mapping,0,23800,True,True,True,False,False,False,"(40.0, 80.0]","(1000.0, inf]","(0.05, 0.2]","(10.0, 100.0]","(0.05, 0.2]","(100000.0, inf]"
173_GECCO_id_1_Sensor_tr_16165_1st_16265.csv,9,138521,1726,51,33.8431372549,0.0124602045899,0,1,0.693099614732,0.5595932125,1,continuous,0.111111111111,GECCO,MEASURED_FAMILY_DOCUMENTED,16165,16265,0.116697107298,SEQUENCE_FLAG_ONLY,0.381944942777,0.262338487649,-0.119606455128,0.4375,0.5625,0.703594679391,0.425453631757,-0.278141047633,MCOD,TimesNet,-0.179219139713,0.0123898762568,unverified_unique_173_GECCO_id_1_Sensor_tr_16165_1st_16265.csv,True,unresolved_original_trace_mapping,0,16265,True,True,True,False,False,False,"(-inf, 10.0]","(10.0, 100.0]","(0.01, 0.05]","(10.0, 100.0]","(0.05, 0.2]","(100000.0, inf]"
174_Exathlon_id_1_Facility_tr_10766_1st_12590.csv,18,43066,5437,3,1812.33333333,0.126248084336,0,1,0.420833225442,0.241972357534,0,,0,Exathlon,MEASURED_FAMILY_DOCUMENTED,10766,12590,0.249988389913,SEQUENCE_FLAG_ONLY,0.989778525881,0.919164603465,-0.0706139224164,0.125,0.875,0.999549269372,0.998964404197,-0.000584865175071,MemStream,OCSVM,-0.097213855994,0.0153033002181,unverified_unique_174_Exathlon_id_1_Facility_tr_10766_1st_12590.csv,False,unknown_uninspected,,,,,False,False,False,False,"(10.0, 40.0]","(1000.0, inf]","(0.05, 0.2]","(1.0, 10.0]","(0.2, 0.5]","(20000.0, 100000.0]"
175_Exathlon_id_2_Facility_tr_10684_1st_10784.csv,8,46656,3787,4,946.75,0.0811685528121,0,1,0.0587905639287,0.0319465278166,0,,0,Exathlon,MEASURED_FAMILY_DOCUMENTED,10684,10784,0.228995198903,SEQUENCE_FLAG_ONLY,0.790888194344,0.337363017277,-0.453525177067,0.0625,0.9375,0.997816558511,0.980213041949,-0.017603516562,MemStream,AutoEncoder,-0.667808518624,0.374777246363,unverified_unique_175_Exathlon_id_2_Facility_tr_10684_1st_10784.csv,False,unknown_uninspected,,,,,False,False,False,False,"(-inf, 10.0]","(100.0, 1000.0]","(0.05, 0.2]","(1.0, 10.0]","(0.2, 0.5]","(20000.0, 100000.0]"
176_Exathlon_id_3_Facility_tr_10766_1st_12590.csv,31,43066,5437,3,1812.33333333,0.126248084336,0,1,0.615169752226,0.32472877297,0,,0,Exathlon,MEASURED_FAMILY_DOCUMENTED,10766,12590,0.249988389913,SEQUENCE_FLAG_ONLY,0.992577321989,0.925035241135,-0.0675420808531,0.1875,0.8125,0.999470932376,0.998929670009,-0.000541262366453,MemStream,CNN,-0.0921735571444,0.0366581865546,unverified_unique_176_Exathlon_id_3_Facility_tr_10766_1st_12590.csv,False,unknown_uninspected,,,,,False,False,False,False,"(10.0, 40.0]","(1000.0, inf]","(0.05, 0.2]","(1.0, 10.0]","(0.2, 0.5]","(20000.0, 100000.0]"
177_Exathlon_id_4_Facility_tr_11665_1st_13484.csv,18,46660,2928,3,976,0.0627518216888,0,1,0.541169291987,0.274106927891,0,,0,Exathlon,MEASURED_FAMILY_DOCUMENTED,11665,13484,0.25,SEQUENCE_FLAG_ONLY,0.969379077125,0.830213119448,-0.139165957676,0.25,0.75,0.995284520622,0.990507375652,-0.00477714497019,MemStream,OCSVM,-0.192597376411,0.0702222136483,unverified_unique_177_Exathlon_id_4_Facility_tr_11665_1st_13484.csv,False,unknown_uninspected,,,,,False,False,False,False,"(10.0, 40.0]","(100.0, 1000.0]","(0.05, 0.2]","(1.0, 10.0]","(0.2, 0.5]","(20000.0, 100000.0]"
179_Exathlon_id_6_Facility_tr_11665_1st_13484.csv,31,46660,2928,3,976,0.0627518216888,0,1,0.69304381159,0.354471277023,1,change_point,0.0322580645161,Exathlon,MEASURED_FAMILY_DOCUMENTED,11665,13484,0.25,SEQUENCE_FLAG_ONLY,0.966073777637,0.754209603847,-0.21186417379,0.3125,0.6875,0.990504009794,0.992536197869,0.00203218807457,MemStream,CNN,-0.291306371797,0.0721822003815,unverified_unique_179_Exathlon_id_6_Facility_tr_11665_1st_13484.csv,True,unresolved_original_trace_mapping,0,13484,True,True,False,True,False,False,"(10.0, 40.0]","(100.0, 1000.0]","(0.05, 0.2]","(1.0, 10.0]","(0.2, 0.5]","(20000.0, 100000.0]"
180_Exathlon_id_7_Facility_tr_10766_1st_12590.csv,31,43066,5437,3,1812.33333333,0.126248084336,0,1,0.615169752226,0.32472877297,0,,0,Exathlon,MEASURED_FAMILY_DOCUMENTED,10766,12590,0.249988389913,SEQUENCE_FLAG_ONLY,0.987678263047,0.925065893073,-0.0626123699738,0.25,0.75,0.999149428396,0.999052277761,-9.71506354208e-05,MemStream,KNN,-0.0872744982029,0.0317182583627,unverified_unique_180_Exathlon_id_7_Facility_tr_10766_1st_12590.csv,False,unknown_uninspected,,,,,False,False,False,False,"(10.0, 40.0]","(1000.0, inf]","(0.05, 0.2]","(1.0, 10.0]","(0.2, 0.5]","(20000.0, 100000.0]"
181_Exathlon_id_8_Facility_tr_11663_1st_13482.csv,12,46655,2948,3,982.666666667,0.0631872253778,0,1,0.602775160863,0.305768397042,0,,0,Exathlon,MEASURED_FAMILY_DOCUMENTED,11663,13482,0.249983924553,SEQUENCE_FLAG_ONLY,0.971846430171,0.772736961794,-0.199109468377,0.1875,0.8125,0.998718871603,0.992844907317,-0.00587396428562,MemStream,OCSVM,-0.272478783552,0.136910739848,unverified_unique_181_Exathlon_id_8_Facility_tr_11663_1st_13482.csv,False,unknown_uninspected,,,,,False,False,False,False,"(10.0, 40.0]","(100.0, 1000.0]","(0.05, 0.2]","(1.0, 10.0]","(0.2, 0.5]","(20000.0, 100000.0]"
182_Exathlon_id_9_Facility_tr_10766_1st_12590.csv,31,43066,5437,3,1812.33333333,0.126248084336,0,1,0.615169752226,0.32472877297,0,,0,Exathlon,MEASURED_FAMILY_DOCUMENTED,10766,12590,0.249988389913,SEQUENCE_FLAG_ONLY,0.988169149034,0.925073585321,-0.0630955637129,0.1875,0.8125,0.999594923138,0.999083046751,-0.00051187638688,MemStream,CNN,-0.0877653841896,0.0321988880192,unverified_unique_182_Exathlon_id_9_Facility_tr_10766_1st_12590.csv,False,unknown_uninspected,,,,,False,False,False,False,"(10.0, 40.0]","(1000.0, inf]","(0.05, 0.2]","(1.0, 10.0]","(0.2, 0.5]","(20000.0, 100000.0]"
183_Exathlon_id_10_Facility_tr_11665_1st_13484.csv,18,46660,2928,3,976,0.0627518216888,0,1,0.541169291987,0.274106927891,0,,0,Exathlon,MEASURED_FAMILY_DOCUMENTED,11665,13484,0.25,SEQUENCE_FLAG_ONLY,0.975075649749,0.829744825604,-0.145330824145,0.125,0.875,0.995284520622,0.988816064802,-0.00646845582025,MemStream,OCSVM,-0.198354570544,0.0764825565563,unverified_unique_183_Exathlon_id_10_Facility_tr_11665_1st_13484.csv,False,unknown_uninspected,,,,,False,False,False,False,"(10.0, 40.0]","(100.0, 1000.0]","(0.05, 0.2]","(1.0, 10.0]","(0.2, 0.5]","(20000.0, 100000.0]"
184_Exathlon_id_11_Facility_tr_11665_1st_13484.csv,18,46660,2928,3,976,0.0627518216888,0,1,0.541169291987,0.274106927891,0,,0,Exathlon,MEASURED_FAMILY_DOCUMENTED,11665,13484,0.25,SEQUENCE_FLAG_ONLY,0.978899002031,0.86966387504,-0.109235126991,0.125,0.875,0.995284520622,0.987634474653,-0.00765004596853,MemStream,OCSVM,-0.148558660195,0.0618734694711,unverified_unique_184_Exathlon_id_11_Facility_tr_11665_1st_13484.csv,False,unknown_uninspected,,,,,False,False,False,False,"(10.0, 40.0]","(100.0, 1000.0]","(0.05, 0.2]","(1.0, 10.0]","(0.2, 0.5]","(20000.0, 100000.0]"
185_Exathlon_id_12_Facility_tr_11665_1st_13484.csv,18,46660,2928,3,976,0.0627518216888,0,1,0.541169291987,0.274106927891,0,,0,Exathlon,MEASURED_FAMILY_DOCUMENTED,11665,13484,0.25,SEQUENCE_FLAG_ONLY,0.979568846722,0.86955151427,-0.110017332452,0.125,0.875,0.995284520622,0.987188328386,-0.00809619223546,MemStream,OCSVM,-0.149229603824,0.0626931285225,unverified_unique_185_Exathlon_id_12_Facility_tr_11665_1st_13484.csv,False,unknown_uninspected,,,,,False,False,False,False,"(10.0, 40.0]","(100.0, 1000.0]","(0.05, 0.2]","(1.0, 10.0]","(0.2, 0.5]","(20000.0, 100000.0]"
186_Exathlon_id_13_Facility_tr_10766_1st_12590.csv,31,43066,5437,3,1812.33333333,0.126248084336,0,1,0.615169752226,0.32472877297,0,,0,Exathlon,MEASURED_FAMILY_DOCUMENTED,10766,12590,0.249988389913,SEQUENCE_FLAG_ONLY,0.992373630813,0.925088104104,-0.0672855267091,0.1875,0.8125,0.999302091851,0.999141121882,-0.000160969969252,MemStream,CNN,-0.0919698659685,0.0363840114213,unverified_unique_186_Exathlon_id_13_Facility_tr_10766_1st_12590.csv,False,unknown_uninspected,,,,,False,False,False,False,"(10.0, 40.0]","(1000.0, inf]","(0.05, 0.2]","(1.0, 10.0]","(0.2, 0.5]","(20000.0, 100000.0]"
187_Exathlon_id_14_Facility_tr_6193_1st_6293.csv,16,46660,5817,6,969.5,0.124667809687,0,1,0.583356668706,0.167734083031,0,,0,Exathlon,MEASURED_FAMILY_DOCUMENTED,6193,6293,0.132726103729,SEQUENCE_FLAG_ONLY,0.974415980111,0.812307705707,-0.162108274404,0.5,0.5,0.995649975691,0.992215207343,-0.00343476834792,SWKNN,CNN,-0.222077441616,-0.00739830749129,unverified_unique_187_Exathlon_id_14_Facility_tr_6193_1st_6293.csv,False,unknown_uninspected,,,,,False,False,False,False,"(10.0, 40.0]","(100.0, 1000.0]","(0.05, 0.2]","(1.0, 10.0]","(0.05, 0.2]","(20000.0, 100000.0]"
188_Exathlon_id_15_Facility_tr_12538_1st_12638.csv,19,129197,16105,9,1789.44444444,0.124654597243,0,1,0.693024808529,0.471072013025,1,change_point random_walk,0.0526315789474,Exathlon,MEASURED_FAMILY_DOCUMENTED,12538,12638,0.097045597034,SEQUENCE_FLAG_ONLY,0.620891958158,0.619501507239,-0.00139045091843,0.5625,0.4375,0.98523924347,0.961066313246,-0.0241729302243,SWKNN,IForest,-0.115245386254,-0.137581687663,known_duplicate_0,True,unresolved_original_trace_mapping,0,12638,True,True,False,True,False,True,"(10.0, 40.0]","(1000.0, inf]","(0.05, 0.2]","(1.0, 10.0]","(0.05, 0.2]","(100000.0, inf]"
189_Exathlon_id_16_Facility_tr_11663_1st_13482.csv,12,46655,2948,3,982.666666667,0.0631872253778,0,1,0.602775160863,0.305768397042,0,,0,Exathlon,MEASURED_FAMILY_DOCUMENTED,11663,13482,0.249983924553,SEQUENCE_FLAG_ONLY,0.973376854792,0.846220521252,-0.12715633354,0.1875,0.8125,0.998718871603,0.991566468165,-0.00715240343766,MemStream,OCSVM,-0.175604982512,0.0404630851917,unverified_unique_189_Exathlon_id_16_Facility_tr_11663_1st_13482.csv,False,unknown_uninspected,,,,,False,False,False,False,"(10.0, 40.0]","(100.0, 1000.0]","(0.05, 0.2]","(1.0, 10.0]","(0.2, 0.5]","(20000.0, 100000.0]"
190_Exathlon_id_17_Facility_tr_12538_1st_12638.csv,19,129197,16105,9,1789.44444444,0.124654597243,0,1,0.693024808529,0.471072013025,1,change_point random_walk,0.0526315789474,Exathlon,MEASURED_FAMILY_DOCUMENTED,12538,12638,0.097045597034,SEQUENCE_FLAG_ONLY,0.610566803641,0.645661621717,0.0350948180767,0.5625,0.4375,0.98523924347,0.961066313246,-0.0241729302243,SWKNN,IForest,-0.0700400790995,-0.182786994817,known_duplicate_0,True,unresolved_original_trace_mapping,0,12638,True,True,False,True,False,True,"(10.0, 40.0]","(1000.0, inf]","(0.05, 0.2]","(1.0, 10.0]","(0.05, 0.2]","(100000.0, inf]"
191_Exathlon_id_18_Facility_tr_11665_1st_13484.csv,18,46660,2928,3,976,0.0627518216888,0,1,0.541169291987,0.274106927891,0,,0,Exathlon,MEASURED_FAMILY_DOCUMENTED,11665,13484,0.25,SEQUENCE_FLAG_ONLY,0.97133702039,0.871012736514,-0.100324283876,0.3125,0.6875,0.995284520622,0.992066527251,-0.00321799337055,MemStream,OCSVM,-0.140675547455,0.0525130058653,unverified_unique_191_Exathlon_id_18_Facility_tr_11665_1st_13484.csv,False,unknown_uninspected,,,,,False,False,False,False,"(10.0, 40.0]","(100.0, 1000.0]","(0.05, 0.2]","(1.0, 10.0]","(0.2, 0.5]","(20000.0, 100000.0]"
192_Exathlon_id_19_Facility_tr_11665_1st_13484.csv,18,46660,2928,3,976,0.0627518216888,0,1,0.541169291987,0.274106927891,0,,0,Exathlon,MEASURED_FAMILY_DOCUMENTED,11665,13484,0.25,SEQUENCE_FLAG_ONLY,0.981437442732,0.871267699768,-0.110169742965,0.3125,0.6875,0.995284520622,0.993772730189,-0.00151179043249,MemStream,OCSVM,-0.151004753105,0.0622734772022,unverified_unique_192_Exathlon_id_19_Facility_tr_11665_1st_13484.csv,False,unknown_uninspected,,,,,False,False,False,False,"(10.0, 40.0]","(100.0, 1000.0]","(0.05, 0.2]","(1.0, 10.0]","(0.2, 0.5]","(20000.0, 100000.0]"
193_Exathlon_id_20_Facility_tr_8898_1st_8998.csv,7,46650,3891,4,972.75,0.0834083601286,0,1,0.131407312587,0.0415214858605,0,,0,Exathlon,MEASURED_FAMILY_DOCUMENTED,8898,8998,0.190739549839,SEQUENCE_FLAG_ONLY,0.791332810221,0.353258056122,-0.438074754098,0.125,0.875,0.99535440032,0.958981857661,-0.0363725426595,MemStream,AutoEncoder,-0.639982687945,0.343661134119,unverified_unique_193_Exathlon_id_20_Facility_tr_8898_1st_8998.csv,False,unknown_uninspected,,,,,False,False,False,False,"(-inf, 10.0]","(100.0, 1000.0]","(0.05, 0.2]","(1.0, 10.0]","(0.05, 0.2]","(20000.0, 100000.0]"
194_Exathlon_id_21_Facility_tr_6985_1st_7085.csv,12,46649,4856,5,971.2,0.104096550837,0,1,0.467166196856,0.156387794692,0,,0,Exathlon,MEASURED_FAMILY_DOCUMENTED,6985,7085,0.149735256919,SEQUENCE_FLAG_ONLY,0.981720174449,0.770257291678,-0.211462882771,0.1875,0.8125,0.998883070059,0.996934451239,-0.00194861882052,MemStream,CNN,-0.287021935958,0.032783509193,unverified_unique_194_Exathlon_id_21_Facility_tr_6985_1st_7085.csv,False,unknown_uninspected,,,,,False,False,False,False,"(10.0, 40.0]","(100.0, 1000.0]","(0.05, 0.2]","(1.0, 10.0]","(0.05, 0.2]","(20000.0, 100000.0]"
196_Exathlon_id_23_Facility_tr_11665_1st_13484.csv,18,46660,2928,3,976,0.0627518216888,0,1,0.541169291987,0.274106927891,0,,0,Exathlon,MEASURED_FAMILY_DOCUMENTED,11665,13484,0.25,SEQUENCE_FLAG_ONLY,0.976892246493,0.870605571489,-0.106286675003,0.25,0.75,0.995284520622,0.993693824046,-0.00159069657557,MemStream,OCSVM,-0.147316092522,0.058611118667,unverified_unique_196_Exathlon_id_23_Facility_tr_11665_1st_13484.csv,False,unknown_uninspected,,,,,False,False,False,False,"(10.0, 40.0]","(100.0, 1000.0]","(0.05, 0.2]","(1.0, 10.0]","(0.2, 0.5]","(20000.0, 100000.0]"
197_Exathlon_id_24_Facility_tr_10766_1st_12590.csv,31,43066,5437,3,1812.33333333,0.126248084336,0,1,0.615169752226,0.32472877297,0,,0,Exathlon,MEASURED_FAMILY_DOCUMENTED,10766,12590,0.249988389913,SEQUENCE_FLAG_ONLY,0.990613669118,0.925129524278,-0.0654841448395,0.25,0.75,0.999462403615,0.999306802581,-0.000155601033341,MemStream,CNN,-0.0902099042738,0.0345688228267,unverified_unique_197_Exathlon_id_24_Facility_tr_10766_1st_12590.csv,False,unknown_uninspected,,,,,False,False,False,False,"(10.0, 40.0]","(1000.0, inf]","(0.05, 0.2]","(1.0, 10.0]","(0.2, 0.5]","(20000.0, 100000.0]"
198_Exathlon_id_25_Facility_tr_12538_1st_12638.csv,19,129197,16105,9,1789.44444444,0.124654597243,0,1,0.693024808529,0.471072013025,1,change_point  random_walk,0.0526315789474,Exathlon,MEASURED_FAMILY_DOCUMENTED,12538,12638,0.097045597034,SEQUENCE_FLAG_ONLY,0.62383103372,0.62240221174,-0.00142882197948,0.5625,0.4375,0.98523924347,0.961066313246,-0.0241729302243,SWKNN,IForest,-0.114316855815,-0.138510218102,known_duplicate_0,True,unresolved_original_trace_mapping,0,12638,True,True,False,True,False,True,"(10.0, 40.0]","(1000.0, inf]","(0.05, 0.2]","(1.0, 10.0]","(0.05, 0.2]","(100000.0, inf]"
199_Exathlon_id_26_Facility_tr_12538_1st_12638.csv,19,129197,16105,9,1789.44444444,0.124654597243,0,1,0.693024808529,0.471072013025,1,change_point  random_walk,0.0526315789474,Exathlon,MEASURED_FAMILY_DOCUMENTED,12538,12638,0.097045597034,SEQUENCE_FLAG_ONLY,0.617210253173,0.650081379166,0.0328711259929,0.5625,0.4375,0.98523924347,0.961066313246,-0.0241729302243,SWKNN,IForest,-0.0707905187002,-0.182036555216,known_duplicate_0,True,unresolved_original_trace_mapping,0,12638,True,True,False,True,False,True,"(10.0, 40.0]","(1000.0, inf]","(0.05, 0.2]","(1.0, 10.0]","(0.05, 0.2]","(100000.0, inf]"
200_Exathlon_id_27_Facility_tr_10766_1st_12590.csv,31,43066,5437,3,1812.33333333,0.126248084336,0,1,0.615169752226,0.32472877297,0,,0,Exathlon,MEASURED_FAMILY_DOCUMENTED,10766,12590,0.249988389913,SEQUENCE_FLAG_ONLY,0.987393862901,0.925067916173,-0.0623259467275,0.1875,0.8125,0.999366994493,0.999060370161,-0.000306624331637,MemStream,AutoEncoder,-0.0869900980567,0.0314311607497,unverified_unique_200_Exathlon_id_27_Facility_tr_10766_1st_12590.csv,False,unknown_uninspected,,,,,False,False,False,False,"(10.0, 40.0]","(1000.0, inf]","(0.05, 0.2]","(1.0, 10.0]","(0.2, 0.5]","(20000.0, 100000.0]"
