file,family,method,candidate_window,window_status,padded_prefix_points,warmup_fraction,first_declared_anomaly_in_warmup,first_actual_historical_in_warmup,online_minus_static,anomaly_ratio,series_length,fit_scope_comparable
001_Genesis_id_1_Sensor_tr_4055_1st_15538.csv,Genesis,AnomalyTransformer,50,candidate_TSB_pin_not_release_environment,49,0.00302096177559,False,,0.0329977241504,0.00308261405672,16220,True
002_MSL_id_1_Sensor_tr_500_1st_900.csv,MSL,AnomalyTransformer,50,candidate_TSB_pin_not_release_environment,49,0.0268199233716,False,,0.0903617455342,0.00602079912425,1827,True
003_MSL_id_2_Sensor_tr_883_1st_1238.csv,MSL,AnomalyTransformer,50,candidate_TSB_pin_not_release_environment,49,0.0138613861386,False,,-0.0328494416267,0.0644978783593,3535,True
005_MSL_id_4_Sensor_tr_855_1st_2700.csv,MSL,AnomalyTransformer,50,candidate_TSB_pin_not_release_environment,49,0.0143191116306,False,,-0.0060920276605,0.020748100526,3422,True
006_MSL_id_5_Sensor_tr_1150_1st_1250.csv,MSL,AnomalyTransformer,50,candidate_TSB_pin_not_release_environment,49,0.00969529085873,False,,-0.00230181379756,0.083696082311,5054,True
007_MSL_id_6_Sensor_tr_980_1st_3550.csv,MSL,AnomalyTransformer,50,candidate_TSB_pin_not_release_environment,49,0.0124936257012,False,,0.128985664294,0.0385007649159,3922,True
008_MSL_id_7_Sensor_tr_656_1st_1630.csv,MSL,AnomalyTransformer,50,candidate_TSB_pin_not_release_environment,49,0.0186666666667,False,,0.014818241236,0.0845714285714,2625,True
009_MSL_id_8_Sensor_tr_714_1st_1390.csv,MSL,AnomalyTransformer,50,candidate_TSB_pin_not_release_environment,49,0.0171568627451,False,False,0,0.00735294117647,2856,True
010_MSL_id_9_Sensor_tr_554_1st_1172.csv,MSL,AnomalyTransformer,50,candidate_TSB_pin_not_release_environment,49,0.022101939558,False,,0.00645497570539,0.0311231393775,2217,True
012_MSL_id_11_Sensor_tr_539_1st_940.csv,MSL,AnomalyTransformer,50,candidate_TSB_pin_not_release_environment,49,0.0227272727273,False,,0.0318203758229,0.0468460111317,2156,True
013_MSL_id_12_Sensor_tr_554_1st_1200.csv,MSL,AnomalyTransformer,50,candidate_TSB_pin_not_release_environment,49,0.022091974752,False,,-0.00122932928097,0.0117222723174,2218,True
014_MSL_id_13_Sensor_tr_1525_1st_4575.csv,MSL,AnomalyTransformer,50,candidate_TSB_pin_not_release_environment,49,0.00803278688525,False,,-0.00230403728152,0.0296721311475,6100,True
015_MSL_id_14_Sensor_tr_575_1st_1250.csv,MSL,AnomalyTransformer,50,candidate_TSB_pin_not_release_environment,49,0.0212765957447,False,,0.0101117028594,0.130699088146,2303,True
016_MSL_id_15_Sensor_tr_500_1st_780.csv,MSL,AnomalyTransformer,50,candidate_TSB_pin_not_release_environment,49,0.0447080291971,False,,0.00391497840012,0.102189781022,1096,True
017_MSL_id_16_Sensor_tr_512_1st_1850.csv,MSL,AnomalyTransformer,50,candidate_TSB_pin_not_release_environment,49,0.0239141044412,False,,0.132058820645,0.0883357735481,2049,True
018_Daphnet_id_1_HumanActivity_tr_9693_1st_20732.csv,Daphnet,AnomalyTransformer,50,candidate_TSB_pin_not_release_environment,49,0.00126373342962,False,False,-0.0303559663518,0.0594728426265,38774,True
019_MITDB_id_1_Medical_tr_37500_1st_103211.csv,MITDB,AnomalyTransformer,50,candidate_TSB_pin_not_release_environment,49,0.000326666666667,False,,0.0682938050006,0.124066666667,150000,True
020_MITDB_id_2_Medical_tr_50000_1st_52315.csv,MITDB,AnomalyTransformer,50,candidate_TSB_pin_not_release_environment,49,7.53846153846e-05,False,,-0.00522613877915,0.00161076923077,650000,True
021_MITDB_id_3_Medical_tr_50000_1st_57595.csv,MITDB,AnomalyTransformer,50,candidate_TSB_pin_not_release_environment,49,9.8e-05,False,,0.00998528467977,0.01762,500000,True
022_MITDB_id_4_Medical_tr_50000_1st_54253.csv,MITDB,AnomalyTransformer,50,candidate_TSB_pin_not_release_environment,49,0.000163333333333,False,,0.00674443523669,0.04431,300000,True
024_MITDB_id_6_Medical_tr_50000_1st_58118.csv,MITDB,AnomalyTransformer,50,candidate_TSB_pin_not_release_environment,49,0.000245,False,,0.0215051962816,0.001765,200000,True
025_MITDB_id_7_Medical_tr_37500_1st_88864.csv,MITDB,AnomalyTransformer,50,candidate_TSB_pin_not_release_environment,49,0.000326666666667,False,,-0.0151287286496,0.02464,150000,True
026_MITDB_id_8_Medical_tr_30495_1st_30595.csv,MITDB,AnomalyTransformer,50,candidate_TSB_pin_not_release_environment,49,0.0001225,False,,-0.00140796258363,0.0655825,400000,True
027_MITDB_id_9_Medical_tr_25000_1st_52255.csv,MITDB,AnomalyTransformer,50,candidate_TSB_pin_not_release_environment,49,0.00049,False,,-0.00410750776851,0.00433,100000,True
029_MITDB_id_11_Medical_tr_50000_1st_518037.csv,MITDB,AnomalyTransformer,50,candidate_TSB_pin_not_release_environment,49,8.16666666667e-05,False,,-0.108411816193,0.00291666666667,600000,True
030_MITDB_id_12_Medical_tr_50000_1st_84572.csv,MITDB,AnomalyTransformer,50,candidate_TSB_pin_not_release_environment,49,7.90322580645e-05,False,,-0.000814315674848,0.0431790322581,620000,True
031_MITDB_id_13_Medical_tr_50000_1st_79433.csv,MITDB,AnomalyTransformer,50,candidate_TSB_pin_not_release_environment,49,0.000108888888889,False,,0.00263789930941,0.0217933333333,450000,True
032_GHL_id_1_Sensor_tr_50000_1st_65001.csv,GHL,AnomalyTransformer,50,candidate_TSB_pin_not_release_environment,49,0.000244998775006,False,False,0.00101592208735,0.00924995375023,200001,True
033_GHL_id_2_Sensor_tr_50000_1st_51001.csv,GHL,AnomalyTransformer,50,candidate_TSB_pin_not_release_environment,49,0.000244998775006,False,False,-0.00228468580385,0.00923495382523,200001,True
034_GHL_id_3_Sensor_tr_50000_1st_122001.csv,GHL,AnomalyTransformer,50,candidate_TSB_pin_not_release_environment,49,0.000244998775006,False,False,-0.000139091593879,0.00959495202524,200001,True
035_GHL_id_4_Sensor_tr_50000_1st_90001.csv,GHL,AnomalyTransformer,50,candidate_TSB_pin_not_release_environment,49,0.000244998775006,False,False,0.00899964822809,0.0135649321753,200001,True
036_GHL_id_5_Sensor_tr_50000_1st_67147.csv,GHL,AnomalyTransformer,50,candidate_TSB_pin_not_release_environment,49,0.000244998775006,False,False,-0.010045351006,0.0114149429253,200001,True
037_GHL_id_6_Sensor_tr_50000_1st_80001.csv,GHL,AnomalyTransformer,50,candidate_TSB_pin_not_release_environment,49,0.000244998775006,False,False,0.0143479355123,0.00932995335023,200001,True
038_GHL_id_7_Sensor_tr_50000_1st_100001.csv,GHL,AnomalyTransformer,50,candidate_TSB_pin_not_release_environment,49,0.000244998775006,False,False,0.00512853049102,0.00847495762521,200001,True
039_GHL_id_8_Sensor_tr_50000_1st_63030.csv,GHL,AnomalyTransformer,50,candidate_TSB_pin_not_release_environment,49,0.000244998775006,False,False,0.000156194568044,0.00583997080015,200001,True
041_GHL_id_10_Sensor_tr_50000_1st_57001.csv,GHL,AnomalyTransformer,50,candidate_TSB_pin_not_release_environment,49,0.000244998775006,False,False,0.0119267030751,0.00927495362523,200001,True
042_GHL_id_11_Sensor_tr_50000_1st_150001.csv,GHL,AnomalyTransformer,50,candidate_TSB_pin_not_release_environment,49,0.000244998775006,False,False,0.00264204085518,0.00772996135019,200001,True
043_GHL_id_12_Sensor_tr_39938_1st_40038.csv,GHL,AnomalyTransformer,50,candidate_TSB_pin_not_release_environment,49,0.000244998775006,False,False,-0.0106591133791,0.00525497372513,200001,True
044_GHL_id_13_Sensor_tr_50000_1st_145001.csv,GHL,AnomalyTransformer,50,candidate_TSB_pin_not_release_environment,49,0.000244998775006,False,False,0.0442166941604,0.00924495377523,200001,True
045_GHL_id_14_Sensor_tr_50000_1st_85076.csv,GHL,AnomalyTransformer,50,candidate_TSB_pin_not_release_environment,49,0.000244998775006,False,False,-0.00828911351756,0.00885495572522,200001,True
046_GHL_id_15_Sensor_tr_50000_1st_156462.csv,GHL,AnomalyTransformer,50,candidate_TSB_pin_not_release_environment,49,0.000244998775006,False,False,0.0312203151653,0.00619496902515,200001,True
047_GHL_id_16_Sensor_tr_50000_1st_77001.csv,GHL,AnomalyTransformer,50,candidate_TSB_pin_not_release_environment,49,0.000244998775006,False,False,0.00261350899981,0.0136399318003,200001,True
048_GHL_id_17_Sensor_tr_50000_1st_154001.csv,GHL,AnomalyTransformer,50,candidate_TSB_pin_not_release_environment,49,0.000244998775006,False,False,0.0122646762433,0.0179149104254,200001,True
050_GHL_id_19_Sensor_tr_43750_1st_55001.csv,GHL,AnomalyTransformer,50,candidate_TSB_pin_not_release_environment,49,0.000279998400009,False,False,0.000389289959325,0.00645139170633,175001,True
051_GHL_id_20_Sensor_tr_50000_1st_75110.csv,GHL,AnomalyTransformer,50,candidate_TSB_pin_not_release_environment,49,0.000244998775006,False,False,0.00378716494054,0.00595497022515,200001,True
052_GHL_id_21_Sensor_tr_50000_1st_98001.csv,GHL,AnomalyTransformer,50,candidate_TSB_pin_not_release_environment,49,0.000244998775006,False,False,7.77912534548e-05,0.00485497572512,200001,True
053_GHL_id_22_Sensor_tr_50000_1st_126448.csv,GHL,AnomalyTransformer,50,candidate_TSB_pin_not_release_environment,49,0.000244998775006,False,False,0.0275391192026,0.0324598377008,200001,True
054_GHL_id_23_Sensor_tr_50000_1st_135001.csv,GHL,AnomalyTransformer,50,candidate_TSB_pin_not_release_environment,49,0.000244998775006,False,False,0.00385055967298,0.0186699066505,200001,True
055_GHL_id_24_Sensor_tr_50000_1st_118124.csv,GHL,AnomalyTransformer,50,candidate_TSB_pin_not_release_environment,49,0.000244998775006,False,False,-0.000956052577813,0.00504497477513,200001,True
056_GHL_id_25_Sensor_tr_50000_1st_105568.csv,GHL,AnomalyTransformer,50,candidate_TSB_pin_not_release_environment,49,0.000244998775006,False,False,-2.73678347779e-05,0.0157199214004,200001,True
057_SMD_id_1_Facility_tr_4529_1st_4629.csv,SMD,AnomalyTransformer,50,candidate_TSB_pin_not_release_environment,49,0.00206803410146,False,False,0.00189501038112,0.0228749894488,23694,True
058_SMD_id_2_Facility_tr_1087_1st_1187.csv,SMD,AnomalyTransformer,50,candidate_TSB_pin_not_release_environment,49,0.0017057717747,False,,-0.0101345296205,0.0415651326325,28726,True
059_SMD_id_3_Facility_tr_757_1st_857.csv,SMD,AnomalyTransformer,50,candidate_TSB_pin_not_release_environment,49,0.00206847059817,False,False,-0.0252784879877,0.0113554814471,23689,True
060_SMD_id_4_Facility_tr_7176_1st_10609.csv,SMD,AnomalyTransformer,50,candidate_TSB_pin_not_release_environment,49,0.00170701968298,False,False,-0.0163303592931,0.0151193171921,28705,True
061_SMD_id_5_Facility_tr_7176_1st_15144.csv,SMD,AnomalyTransformer,50,candidate_TSB_pin_not_release_environment,49,0.00170707915273,False,False,-0.0194915052287,0.0477633779264,28704,True
063_SMD_id_7_Facility_tr_5923_1st_6506.csv,SMD,AnomalyTransformer,50,candidate_TSB_pin_not_release_environment,49,0.00206803410146,False,,-0.00959764092148,0.0493795897696,23694,True
064_SMD_id_8_Facility_tr_2272_1st_2372.csv,SMD,AnomalyTransformer,50,candidate_TSB_pin_not_release_environment,49,0.0023109937273,False,False,0.00193116402354,0.0368815733623,21203,True
065_SMD_id_9_Facility_tr_737_1st_837.csv,SMD,AnomalyTransformer,50,candidate_TSB_pin_not_release_environment,49,0.00206777229185,False,False,-0.0251967186082,0.101194243997,23697,True
066_SMD_id_10_Facility_tr_2634_1st_2734.csv,SMD,AnomalyTransformer,50,candidate_TSB_pin_not_release_environment,49,0.00206864524845,False,False,-0.0443887179543,0.0412462532191,23687,True
067_SMD_id_11_Facility_tr_1980_1st_2080.csv,SMD,AnomalyTransformer,50,candidate_TSB_pin_not_release_environment,49,0.00215830506981,False,False,0.00193073681289,0.0477029467471,22703,True
068_SMD_id_12_Facility_tr_1099_1st_1199.csv,SMD,AnomalyTransformer,50,candidate_TSB_pin_not_release_environment,49,0.00170654407411,False,False,-0.00185280177821,0.0105527113154,28713,True
069_SMD_id_13_Facility_tr_5925_1st_12760.csv,SMD,AnomalyTransformer,50,candidate_TSB_pin_not_release_environment,49,0.00206751054852,False,,-0.00220318758438,0.119535864979,23700,True
070_SMD_id_14_Facility_tr_1070_1st_1170.csv,SMD,AnomalyTransformer,50,candidate_TSB_pin_not_release_environment,49,0.00170476289879,False,,0.00395186658202,0.0147514177365,28743,True
071_SMD_id_15_Facility_tr_1109_1st_1209.csv,SMD,AnomalyTransformer,50,candidate_TSB_pin_not_release_environment,49,0.00170731707317,False,False,-0.00868185452418,0.0107317073171,28700,True
073_SMD_id_17_Facility_tr_5926_1st_10620.csv,SMD,AnomalyTransformer,50,candidate_TSB_pin_not_release_environment,49,0.00206698726061,False,,0.00579950376103,0.00421834134818,23706,True
074_SMD_id_18_Facility_tr_7174_1st_21230.csv,SMD,AnomalyTransformer,50,candidate_TSB_pin_not_release_environment,49,0.00170755505994,False,False,-0.0162483785127,0.00689991636465,28696,True
075_SMD_id_19_Facility_tr_564_1st_664.csv,SMD,AnomalyTransformer,50,candidate_TSB_pin_not_release_environment,49,0.00206785955436,False,False,-0.0476961506674,0.0175979068197,23696,True
076_SMD_id_20_Facility_tr_5925_1st_17580.csv,SMD,AnomalyTransformer,50,candidate_TSB_pin_not_release_environment,49,0.00206724887145,False,False,-0.179770643958,0.00679238914905,23703,True
077_SMD_id_21_Facility_tr_3026_1st_3126.csv,SMD,AnomalyTransformer,50,candidate_TSB_pin_not_release_environment,49,0.00231055783468,False,False,-0.0243137888208,0.0324421181685,21207,True
078_SMD_id_22_Facility_tr_500_1st_326.csv,SMD,AnomalyTransformer,50,candidate_TSB_pin_not_release_environment,49,0.00206812138606,False,False,-0.0221384917429,0.0441902671675,23693,True
079_LTDB_id_1_Medical_tr_3618_1st_3718.csv,LTDB,AnomalyTransformer,50,candidate_TSB_pin_not_release_environment,49,0.00049,False,,-0.0070317018701,0.14781,100000,True
080_LTDB_id_2_Medical_tr_500_1st_266.csv,LTDB,AnomalyTransformer,50,candidate_TSB_pin_not_release_environment,49,0.00049,False,False,0.00163968059212,0.14857,100000,True
081_LTDB_id_3_Medical_tr_500_1st_26.csv,LTDB,AnomalyTransformer,50,candidate_TSB_pin_not_release_environment,49,0.00049,True,,-0.0142069181853,0.31565,100000,True
083_LTDB_id_5_Medical_tr_15502_1st_15602.csv,LTDB,AnomalyTransformer,50,candidate_TSB_pin_not_release_environment,49,0.00049,False,,4.38753487335e-05,0.00505,100000,True
084_SVDB_id_1_Medical_tr_12973_1st_13073.csv,SVDB,AnomalyTransformer,50,candidate_TSB_pin_not_release_environment,49,0.000212673611111,False,,-0.00229689787069,0.0153515625,230400,True
085_SVDB_id_2_Medical_tr_50000_1st_54982.csv,SVDB,AnomalyTransformer,50,candidate_TSB_pin_not_release_environment,49,0.000212673611111,False,,-0.0184085661857,0.0372309027778,230400,True
086_SVDB_id_3_Medical_tr_533_1st_633.csv,SVDB,AnomalyTransformer,50,candidate_TSB_pin_not_release_environment,49,0.000212673611111,False,,-0.00918732136011,0.0699696180556,230400,True
087_SVDB_id_4_Medical_tr_5421_1st_5521.csv,SVDB,AnomalyTransformer,50,candidate_TSB_pin_not_release_environment,49,0.000212673611111,False,,-0.0160316087629,0.0555946180556,230400,True
088_SVDB_id_5_Medical_tr_500_1st_168.csv,SVDB,AnomalyTransformer,50,candidate_TSB_pin_not_release_environment,49,0.000212673611111,False,,-0.0008286930131,0.0992100694444,230400,True
089_SVDB_id_6_Medical_tr_50000_1st_83083.csv,SVDB,AnomalyTransformer,50,candidate_TSB_pin_not_release_environment,49,0.000212673611111,False,,-0.000262194992365,0.0134895833333,230400,True
091_SVDB_id_8_Medical_tr_500_1st_126.csv,SVDB,AnomalyTransformer,50,candidate_TSB_pin_not_release_environment,49,0.000212673611111,False,,-0.00525557771114,0.0773524305556,230400,True
092_SVDB_id_9_Medical_tr_2674_1st_2774.csv,SVDB,AnomalyTransformer,50,candidate_TSB_pin_not_release_environment,49,0.000212673611111,False,,-0.0564427340015,0.0525260416667,230400,True
093_SVDB_id_10_Medical_tr_500_1st_37.csv,SVDB,AnomalyTransformer,50,candidate_TSB_pin_not_release_environment,49,0.000212673611111,True,,-0.0119206584193,0.0785894097222,230400,True
094_SVDB_id_11_Medical_tr_20100_1st_23611.csv,SVDB,AnomalyTransformer,50,candidate_TSB_pin_not_release_environment,49,0.000609452736318,False,,-0.00766005611004,0.0117537313433,80400,True
095_SVDB_id_12_Medical_tr_6264_1st_6364.csv,SVDB,AnomalyTransformer,50,candidate_TSB_pin_not_release_environment,49,0.000212673611111,False,,-0.00798194656024,0.0323958333333,230400,True
096_SVDB_id_13_Medical_tr_500_1st_444.csv,SVDB,AnomalyTransformer,50,candidate_TSB_pin_not_release_environment,49,0.000212673611111,False,,-0.000101791601022,0.0335633680556,230400,True
097_SVDB_id_14_Medical_tr_1031_1st_1131.csv,SVDB,AnomalyTransformer,50,candidate_TSB_pin_not_release_environment,49,0.000212673611111,False,,-0.0305228290298,0.120611979167,230400,True
098_SVDB_id_15_Medical_tr_500_1st_303.csv,SVDB,AnomalyTransformer,50,candidate_TSB_pin_not_release_environment,49,0.000212673611111,False,,-0.00920841906046,0.0633637152778,230400,True
099_SVDB_id_16_Medical_tr_1115_1st_1215.csv,SVDB,AnomalyTransformer,50,candidate_TSB_pin_not_release_environment,49,0.000212673611111,False,,-0.00579987366254,0.0711328125,230400,True
100_SVDB_id_17_Medical_tr_17803_1st_17903.csv,SVDB,AnomalyTransformer,50,candidate_TSB_pin_not_release_environment,49,0.000375766871166,False,,0.0195560951131,0.030222392638,130400,True
101_SVDB_id_18_Medical_tr_1851_1st_1951.csv,SVDB,AnomalyTransformer,50,candidate_TSB_pin_not_release_environment,49,0.000212673611111,False,,-0.0282374842638,0.0698871527778,230400,True
102_SVDB_id_19_Medical_tr_50000_1st_107354.csv,SVDB,AnomalyTransformer,50,candidate_TSB_pin_not_release_environment,49,0.000212673611111,False,,0.00722549734223,0.0580555555556,230400,True
103_SVDB_id_20_Medical_tr_12167_1st_12267.csv,SVDB,AnomalyTransformer,50,candidate_TSB_pin_not_release_environment,49,0.000212673611111,False,,0.00774652924752,0.0266970486111,230400,True
104_SVDB_id_21_Medical_tr_50000_1st_106634.csv,SVDB,AnomalyTransformer,50,candidate_TSB_pin_not_release_environment,49,0.000212673611111,False,,-0.00240866820996,0.0152039930556,230400,True
105_SVDB_id_22_Medical_tr_500_1st_417.csv,SVDB,AnomalyTransformer,50,candidate_TSB_pin_not_release_environment,49,0.000326666666667,False,,0.0195175399532,0.0855133333333,150000,True
106_SVDB_id_23_Medical_tr_37500_1st_121963.csv,SVDB,AnomalyTransformer,50,candidate_TSB_pin_not_release_environment,49,0.000326666666667,False,,0.00028983816463,0.00450666666667,150000,True
108_SVDB_id_25_Medical_tr_1238_1st_1338.csv,SVDB,AnomalyTransformer,50,candidate_TSB_pin_not_release_environment,49,0.000212673611111,False,,0.001612040868,0.0305902777778,230400,True
109_SVDB_id_26_Medical_tr_1038_1st_1138.csv,SVDB,AnomalyTransformer,50,candidate_TSB_pin_not_release_environment,49,0.000212673611111,False,,0.00109751816892,0.0903645833333,230400,True
110_SVDB_id_27_Medical_tr_30824_1st_30924.csv,SVDB,AnomalyTransformer,50,candidate_TSB_pin_not_release_environment,49,0.000212673611111,False,,-0.00589461881553,0.0340581597222,230400,True
111_SVDB_id_28_Medical_tr_1791_1st_1891.csv,SVDB,AnomalyTransformer,50,candidate_TSB_pin_not_release_environment,49,0.000212673611111,False,,-0.0113577409585,0.0953993055556,230400,True
112_SVDB_id_29_Medical_tr_8226_1st_8326.csv,SVDB,AnomalyTransformer,50,candidate_TSB_pin_not_release_environment,49,0.000212673611111,False,,-0.000641344544368,0.0111067708333,230400,True
114_SVDB_id_31_Medical_tr_25000_1st_63090.csv,SVDB,AnomalyTransformer,50,candidate_TSB_pin_not_release_environment,49,0.00049,False,,-0.000289500512762,0.00497,100000,True
115_PSM_id_1_Facility_tr_50000_1st_129872.csv,PSM,AnomalyTransformer,50,candidate_TSB_pin_not_release_environment,49,0.000225158989817,False,,-0.0318207686718,0.112032680219,217624,True
116_TAO_id_1_Environment_tr_500_1st_3.csv,TAO,AnomalyTransformer,50,candidate_TSB_pin_not_release_environment,49,0.0049,True,True,0.0117723449622,0.0492,10000,True
117_TAO_id_2_Environment_tr_500_1st_1.csv,TAO,AnomalyTransformer,50,candidate_TSB_pin_not_release_environment,49,0.0049,True,,0.00191774799747,0.1395,10000,True
118_TAO_id_3_Environment_tr_500_1st_7.csv,TAO,AnomalyTransformer,50,candidate_TSB_pin_not_release_environment,49,0.0049,True,True,0.00207324535584,0.0488,10000,True
119_TAO_id_4_Environment_tr_500_1st_1.csv,TAO,AnomalyTransformer,50,candidate_TSB_pin_not_release_environment,49,0.0049,True,True,0.00621089209507,0.0945,10000,True
121_TAO_id_6_Environment_tr_500_1st_7.csv,TAO,AnomalyTransformer,50,candidate_TSB_pin_not_release_environment,49,0.0049,True,,0.000700204846875,0.1409,10000,True
122_TAO_id_7_Environment_tr_500_1st_19.csv,TAO,AnomalyTransformer,50,candidate_TSB_pin_not_release_environment,49,0.0049,True,True,-9.93641320943e-05,0.0948,10000,True
123_TAO_id_8_Environment_tr_500_1st_62.csv,TAO,AnomalyTransformer,50,candidate_TSB_pin_not_release_environment,49,0.0049,False,False,0.000375730732128,0.0487,10000,True
124_TAO_id_9_Environment_tr_500_1st_1.csv,TAO,AnomalyTransformer,50,candidate_TSB_pin_not_release_environment,49,0.0049,True,True,0.000519392262617,0.0483,10000,True
125_TAO_id_10_Environment_tr_500_1st_9.csv,TAO,AnomalyTransformer,50,candidate_TSB_pin_not_release_environment,49,0.0049,True,True,0.00366422555767,0.0943,10000,True
127_TAO_id_12_Environment_tr_500_1st_24.csv,TAO,AnomalyTransformer,50,candidate_TSB_pin_not_release_environment,49,0.0049,True,True,-0.000257865558607,0.0485,10000,True
128_TAO_id_13_Environment_tr_500_1st_7.csv,TAO,AnomalyTransformer,50,candidate_TSB_pin_not_release_environment,49,0.0049,True,,0.000315833572215,0.1409,10000,True
129_OPPORTUNITY_id_1_HumanActivity_tr_1801_1st_1901.csv,OPPORTUNITY,AnomalyTransformer,50,candidate_TSB_pin_not_release_environment,49,0.00198436803953,False,False,0.00346217299038,0.0291985582959,24693,True
130_OPPORTUNITY_id_2_HumanActivity_tr_1045_1st_1145.csv,OPPORTUNITY,AnomalyTransformer,50,candidate_TSB_pin_not_release_environment,49,0.00949244478884,False,False,-0.00624349166298,0.0908562572646,5162,True
132_OPPORTUNITY_id_4_HumanActivity_tr_895_1st_995.csv,OPPORTUNITY,AnomalyTransformer,50,candidate_TSB_pin_not_release_environment,49,0.0052558189424,False,False,0.00146151878127,0.0469805856484,9323,True
133_OPPORTUNITY_id_5_HumanActivity_tr_1745_1st_6500.csv,OPPORTUNITY,AnomalyTransformer,50,candidate_TSB_pin_not_release_environment,49,0.00702005730659,False,False,-0.0487663818042,0.0687679083095,6980,True
134_OPPORTUNITY_id_6_HumanActivity_tr_1477_1st_1577.csv,OPPORTUNITY,AnomalyTransformer,50,candidate_TSB_pin_not_release_environment,49,0.00296699969724,False,False,-0.0478385061535,0.0214956100515,16515,True
135_OPPORTUNITY_id_7_HumanActivity_tr_2085_1st_2185.csv,OPPORTUNITY,AnomalyTransformer,50,candidate_TSB_pin_not_release_environment,49,0.00225744033908,False,False,0.00470331834889,0.0376854325993,21706,True
136_OPPORTUNITY_id_8_HumanActivity_tr_1495_1st_1595.csv,OPPORTUNITY,AnomalyTransformer,50,candidate_TSB_pin_not_release_environment,49,0.0018169008862,False,False,-0.000400517301242,0.0231747562016,26969,True
137_CreditCard_id_1_Finance_tr_500_1st_541.csv,CreditCard,AnomalyTransformer,50,candidate_TSB_pin_not_release_environment,49,0.000172046333131,False,False,0.000194799602188,0.00172748563062,284807,True
138_CATSv2_id_1_Sensor_tr_16568_1st_16668.csv,CATSv2,AnomalyTransformer,50,candidate_TSB_pin_not_release_environment,49,0.00049,False,False,-0.000808705499552,0.02,100000,True
139_CATSv2_id_2_Sensor_tr_5592_1st_5692.csv,CATSv2,AnomalyTransformer,50,candidate_TSB_pin_not_release_environment,49,0.000251282051282,False,False,-0.0362546560957,0.0338461538462,195000,True
141_CATSv2_id_4_Sensor_tr_41727_1st_41827.csv,CATSv2,AnomalyTransformer,50,candidate_TSB_pin_not_release_environment,49,0.000251282051282,False,False,0.0104323977447,0.0302564102564,195000,True
142_CATSv2_id_5_Sensor_tr_30704_1st_30804.csv,CATSv2,AnomalyTransformer,50,candidate_TSB_pin_not_release_environment,49,0.00014,False,False,-0.0106774672694,0.0488571428571,350000,True
143_CATSv2_id_6_Sensor_tr_50000_1st_60232.csv,CATSv2,AnomalyTransformer,50,candidate_TSB_pin_not_release_environment,49,0.000245,False,False,-0.0197852287204,0.02,200000,True
144_SMAP_id_1_Sensor_tr_2052_1st_5300.csv,SMAP,AnomalyTransformer,50,candidate_TSB_pin_not_release_environment,49,0.00596905835059,False,,-0.0621662348845,0.136557436959,8209,True
145_SMAP_id_2_Sensor_tr_2133_1st_5400.csv,SMAP,AnomalyTransformer,50,candidate_TSB_pin_not_release_environment,49,0.00574308485701,False,,-0.00644048954255,0.0730192217534,8532,True
146_SMAP_id_3_Sensor_tr_2128_1st_5000.csv,SMAP,AnomalyTransformer,50,candidate_TSB_pin_not_release_environment,49,0.00575522668546,False,,0.00475160566399,0.0346488137186,8514,True
147_SMAP_id_4_Sensor_tr_2160_1st_6449.csv,SMAP,AnomalyTransformer,50,candidate_TSB_pin_not_release_environment,49,0.0056712962963,False,,0.00978064644647,0.0140046296296,8640,True
148_SMAP_id_5_Sensor_tr_2011_1st_5060.csv,SMAP,AnomalyTransformer,50,candidate_TSB_pin_not_release_environment,49,0.00609149676778,False,False,0.0279203815634,0.00882645450025,8044,True
150_SMAP_id_7_Sensor_tr_2077_1st_5394.csv,SMAP,AnomalyTransformer,50,candidate_TSB_pin_not_release_environment,49,0.00589651022864,False,,-0.00322514251332,0.0338146811071,8310,True
151_SMAP_id_8_Sensor_tr_1971_1st_4870.csv,SMAP,AnomalyTransformer,50,candidate_TSB_pin_not_release_environment,49,0.00621511922882,False,,0.00104698759549,0.0102739726027,7884,True
152_SMAP_id_9_Sensor_tr_2073_1st_5600.csv,SMAP,AnomalyTransformer,50,candidate_TSB_pin_not_release_environment,49,0.00590788521823,False,,0.00368377110779,0.0387026766337,8294,True
153_SMAP_id_10_Sensor_tr_1840_1st_4030.csv,SMAP,AnomalyTransformer,50,candidate_TSB_pin_not_release_environment,49,0.00665670425214,False,,0.012059270844,0.00556989539465,7361,True
154_SMAP_id_11_Sensor_tr_2117_1st_4770.csv,SMAP,AnomalyTransformer,50,candidate_TSB_pin_not_release_environment,49,0.00578580706105,False,False,-0.00010684876591,0.0142874011099,8469,True
155_SMAP_id_12_Sensor_tr_1907_1st_4800.csv,SMAP,AnomalyTransformer,50,candidate_TSB_pin_not_release_environment,49,0.00642370214997,False,,0.00204755327523,0.00668589407446,7628,True
156_SMAP_id_13_Sensor_tr_1173_1st_2750.csv,SMAP,AnomalyTransformer,50,candidate_TSB_pin_not_release_environment,49,0.0104410824632,False,False,-0.0159952742448,0.0108672490944,4693,True
157_SMAP_id_14_Sensor_tr_2126_1st_5000.csv,SMAP,AnomalyTransformer,50,candidate_TSB_pin_not_release_environment,49,0.00576131687243,False,,0.00424192405467,0.0378600823045,8505,True
158_SMAP_id_15_Sensor_tr_2075_1st_5610.csv,SMAP,AnomalyTransformer,50,candidate_TSB_pin_not_release_environment,49,0.00590361445783,False,,0.000545240294631,0.00795180722892,8300,True
159_SMAP_id_16_Sensor_tr_1757_1st_2650.csv,SMAP,AnomalyTransformer,50,candidate_TSB_pin_not_release_environment,49,0.00697111964718,False,,-0.138186875657,0.0381277564376,7029,True
160_SMAP_id_17_Sensor_tr_1832_1st_5300.csv,SMAP,AnomalyTransformer,50,candidate_TSB_pin_not_release_environment,49,0.00668394489156,False,,0.0556274467559,0.0611103532942,7331,True
161_SMAP_id_18_Sensor_tr_2075_1st_5550.csv,SMAP,AnomalyTransformer,50,candidate_TSB_pin_not_release_environment,49,0.00590219224283,False,,-0.0143768328661,0.0422789689232,8302,True
162_SMAP_id_19_Sensor_tr_1908_1st_4690.csv,SMAP,AnomalyTransformer,50,candidate_TSB_pin_not_release_environment,49,0.00642033542977,False,,0.00819579504911,0.00406184486373,7632,True
163_SMAP_id_20_Sensor_tr_2051_1st_4575.csv,SMAP,AnomalyTransformer,50,candidate_TSB_pin_not_release_environment,49,0.005971968312,False,,0.000206458367619,0.0226691042048,8205,True
165_SMAP_id_22_Sensor_tr_2129_1st_5000.csv,SMAP,AnomalyTransformer,50,candidate_TSB_pin_not_release_environment,49,0.00575387505871,False,,-0.000462382351545,0.059652418976,8516,True
166_SMAP_id_23_Sensor_tr_1113_1st_1890.csv,SMAP,AnomalyTransformer,50,candidate_TSB_pin_not_release_environment,49,0.011003817651,False,False,-0.00834640403568,0.00920727599371,4453,True
167_SMAP_id_24_Sensor_tr_2094_1st_5600.csv,SMAP,AnomalyTransformer,50,candidate_TSB_pin_not_release_environment,49,0.00585004775549,False,False,0.0242708551727,0.00489493791786,8376,True
168_SMAP_id_25_Sensor_tr_1998_1st_2098.csv,SMAP,AnomalyTransformer,50,candidate_TSB_pin_not_release_environment,49,0.0057116214011,False,,0.00103255316519,0.0214477211796,8579,True
169_SMAP_id_26_Sensor_tr_1811_1st_4510.csv,SMAP,AnomalyTransformer,50,candidate_TSB_pin_not_release_environment,49,0.00676421866372,False,,-0.00428064108291,0.011181667587,7244,True
170_SMAP_id_27_Sensor_tr_2160_1st_4690.csv,SMAP,AnomalyTransformer,50,candidate_TSB_pin_not_release_environment,49,0.0056712962963,False,,-0.0259746896368,0.00983796296296,8640,True
171_SWaT_id_1_Sensor_tr_3749_1st_9522.csv,SWaT,AnomalyTransformer,50,candidate_TSB_pin_not_release_environment,49,0.00326753801014,False,False,-0.0497736616033,0.132435316084,14996,True
172_SWaT_id_2_Sensor_tr_23700_1st_23800.csv,SWaT,AnomalyTransformer,50,candidate_TSB_pin_not_release_environment,49,0.000122524811274,False,False,-0.564846160439,0.125320377376,399919,True
173_GECCO_id_1_Sensor_tr_16165_1st_16265.csv,GECCO,AnomalyTransformer,50,candidate_TSB_pin_not_release_environment,49,0.000353736978509,False,False,-0.0148063797567,0.0124602045899,138521,True
174_Exathlon_id_1_Facility_tr_10766_1st_12590.csv,Exathlon,AnomalyTransformer,50,candidate_TSB_pin_not_release_environment,49,0.00113778851066,False,,0.080563624151,0.126248084336,43066,True
175_Exathlon_id_2_Facility_tr_10684_1st_10784.csv,Exathlon,AnomalyTransformer,50,candidate_TSB_pin_not_release_environment,49,0.00105024005487,False,,-0.290666748914,0.0811685528121,46656,True
176_Exathlon_id_3_Facility_tr_10766_1st_12590.csv,Exathlon,AnomalyTransformer,50,candidate_TSB_pin_not_release_environment,49,0.00113778851066,False,,-0.0167761125709,0.126248084336,43066,True
177_Exathlon_id_4_Facility_tr_11665_1st_13484.csv,Exathlon,AnomalyTransformer,50,candidate_TSB_pin_not_release_environment,49,0.00105015002143,False,,0.0247511089341,0.0627518216888,46660,True
179_Exathlon_id_6_Facility_tr_11665_1st_13484.csv,Exathlon,AnomalyTransformer,50,candidate_TSB_pin_not_release_environment,49,0.00105015002143,False,False,0.0220853970023,0.0627518216888,46660,True
180_Exathlon_id_7_Facility_tr_10766_1st_12590.csv,Exathlon,AnomalyTransformer,50,candidate_TSB_pin_not_release_environment,49,0.00113778851066,False,,-0.0142109916948,0.126248084336,43066,True
181_Exathlon_id_8_Facility_tr_11663_1st_13482.csv,Exathlon,AnomalyTransformer,50,candidate_TSB_pin_not_release_environment,49,0.00105026256564,False,,0.0457017299452,0.0631872253778,46655,True
182_Exathlon_id_9_Facility_tr_10766_1st_12590.csv,Exathlon,AnomalyTransformer,50,candidate_TSB_pin_not_release_environment,49,0.00113778851066,False,,-0.00531916451431,0.126248084336,43066,True
183_Exathlon_id_10_Facility_tr_11665_1st_13484.csv,Exathlon,AnomalyTransformer,50,candidate_TSB_pin_not_release_environment,49,0.00105015002143,False,,-0.0237043107827,0.0627518216888,46660,True
184_Exathlon_id_11_Facility_tr_11665_1st_13484.csv,Exathlon,AnomalyTransformer,50,candidate_TSB_pin_not_release_environment,49,0.00105015002143,False,,0.0650677519813,0.0627518216888,46660,True
185_Exathlon_id_12_Facility_tr_11665_1st_13484.csv,Exathlon,AnomalyTransformer,50,candidate_TSB_pin_not_release_environment,49,0.00105015002143,False,,-0.0961721670207,0.0627518216888,46660,True
186_Exathlon_id_13_Facility_tr_10766_1st_12590.csv,Exathlon,AnomalyTransformer,50,candidate_TSB_pin_not_release_environment,49,0.00113778851066,False,,-0.0267522166615,0.126248084336,43066,True
187_Exathlon_id_14_Facility_tr_6193_1st_6293.csv,Exathlon,AnomalyTransformer,50,candidate_TSB_pin_not_release_environment,49,0.00105015002143,False,,-0.0280267532858,0.124667809687,46660,True
188_Exathlon_id_15_Facility_tr_12538_1st_12638.csv,Exathlon,AnomalyTransformer,50,candidate_TSB_pin_not_release_environment,49,0.000379265772425,False,False,-0.0107778644215,0.124654597243,129197,True
189_Exathlon_id_16_Facility_tr_11663_1st_13482.csv,Exathlon,AnomalyTransformer,50,candidate_TSB_pin_not_release_environment,49,0.00105026256564,False,,0.019451545273,0.0631872253778,46655,True
190_Exathlon_id_17_Facility_tr_12538_1st_12638.csv,Exathlon,AnomalyTransformer,50,candidate_TSB_pin_not_release_environment,49,0.000379265772425,False,False,-0.0718943511069,0.124654597243,129197,True
191_Exathlon_id_18_Facility_tr_11665_1st_13484.csv,Exathlon,AnomalyTransformer,50,candidate_TSB_pin_not_release_environment,49,0.00105015002143,False,,0.0409359171129,0.0627518216888,46660,True
192_Exathlon_id_19_Facility_tr_11665_1st_13484.csv,Exathlon,AnomalyTransformer,50,candidate_TSB_pin_not_release_environment,49,0.00105015002143,False,,-0.0331090998559,0.0627518216888,46660,True
193_Exathlon_id_20_Facility_tr_8898_1st_8998.csv,Exathlon,AnomalyTransformer,50,candidate_TSB_pin_not_release_environment,49,0.00105037513398,False,,0.275843902832,0.0834083601286,46650,True
194_Exathlon_id_21_Facility_tr_6985_1st_7085.csv,Exathlon,AnomalyTransformer,50,candidate_TSB_pin_not_release_environment,49,0.00105039765054,False,,0.0100159460745,0.104096550837,46649,True
196_Exathlon_id_23_Facility_tr_11665_1st_13484.csv,Exathlon,AnomalyTransformer,50,candidate_TSB_pin_not_release_environment,49,0.00105015002143,False,,-0.00882336131628,0.0627518216888,46660,True
197_Exathlon_id_24_Facility_tr_10766_1st_12590.csv,Exathlon,AnomalyTransformer,50,candidate_TSB_pin_not_release_environment,49,0.00113778851066,False,,-0.0568470776587,0.126248084336,43066,True
198_Exathlon_id_25_Facility_tr_12538_1st_12638.csv,Exathlon,AnomalyTransformer,50,candidate_TSB_pin_not_release_environment,49,0.000379265772425,False,False,-0.00861562466065,0.124654597243,129197,True
199_Exathlon_id_26_Facility_tr_12538_1st_12638.csv,Exathlon,AnomalyTransformer,50,candidate_TSB_pin_not_release_environment,49,0.000379265772425,False,False,-0.0564131483297,0.124654597243,129197,True
200_Exathlon_id_27_Facility_tr_10766_1st_12590.csv,Exathlon,AnomalyTransformer,50,candidate_TSB_pin_not_release_environment,49,0.00113778851066,False,,-0.0814655239671,0.126248084336,43066,True
001_Genesis_id_1_Sensor_tr_4055_1st_15538.csv,Genesis,AutoEncoder,,training_ACF_unknown_6_to_303,,,,,0,0.00308261405672,16220,True
002_MSL_id_1_Sensor_tr_500_1st_900.csv,MSL,AutoEncoder,,training_ACF_unknown_6_to_303,,,,,-0.00618397041838,0.00602079912425,1827,True
003_MSL_id_2_Sensor_tr_883_1st_1238.csv,MSL,AutoEncoder,,training_ACF_unknown_6_to_303,,,,,-0.00602330265692,0.0644978783593,3535,True
005_MSL_id_4_Sensor_tr_855_1st_2700.csv,MSL,AutoEncoder,,training_ACF_unknown_6_to_303,,,,,0.00689397876976,0.020748100526,3422,True
006_MSL_id_5_Sensor_tr_1150_1st_1250.csv,MSL,AutoEncoder,,training_ACF_unknown_6_to_303,,,,,0.000439865515792,0.083696082311,5054,True
007_MSL_id_6_Sensor_tr_980_1st_3550.csv,MSL,AutoEncoder,,training_ACF_unknown_6_to_303,,,,,-0.046959010365,0.0385007649159,3922,True
008_MSL_id_7_Sensor_tr_656_1st_1630.csv,MSL,AutoEncoder,,training_ACF_unknown_6_to_303,,,,,-0.00141476667718,0.0845714285714,2625,True
009_MSL_id_8_Sensor_tr_714_1st_1390.csv,MSL,AutoEncoder,,training_ACF_unknown_6_to_303,,,,,5.77367829124e-05,0.00735294117647,2856,True
010_MSL_id_9_Sensor_tr_554_1st_1172.csv,MSL,AutoEncoder,,training_ACF_unknown_6_to_303,,,,,0.000148683538826,0.0311231393775,2217,True
012_MSL_id_11_Sensor_tr_539_1st_940.csv,MSL,AutoEncoder,,training_ACF_unknown_6_to_303,,,,,-0.0228708247777,0.0468460111317,2156,True
013_MSL_id_12_Sensor_tr_554_1st_1200.csv,MSL,AutoEncoder,,training_ACF_unknown_6_to_303,,,,,0.000892745990246,0.0117222723174,2218,True
014_MSL_id_13_Sensor_tr_1525_1st_4575.csv,MSL,AutoEncoder,,training_ACF_unknown_6_to_303,,,,,0.000969696104082,0.0296721311475,6100,True
015_MSL_id_14_Sensor_tr_575_1st_1250.csv,MSL,AutoEncoder,,training_ACF_unknown_6_to_303,,,,,-0.00243405760533,0.130699088146,2303,True
016_MSL_id_15_Sensor_tr_500_1st_780.csv,MSL,AutoEncoder,,training_ACF_unknown_6_to_303,,,,,0.00291121820994,0.102189781022,1096,True
017_MSL_id_16_Sensor_tr_512_1st_1850.csv,MSL,AutoEncoder,,training_ACF_unknown_6_to_303,,,,,0.0142446870168,0.0883357735481,2049,True
018_Daphnet_id_1_HumanActivity_tr_9693_1st_20732.csv,Daphnet,AutoEncoder,,training_ACF_unknown_6_to_303,,,,,-0.0192705117069,0.0594728426265,38774,True
019_MITDB_id_1_Medical_tr_37500_1st_103211.csv,MITDB,AutoEncoder,,training_ACF_unknown_6_to_303,,,,,0.00408663345217,0.124066666667,150000,True
020_MITDB_id_2_Medical_tr_50000_1st_52315.csv,MITDB,AutoEncoder,,training_ACF_unknown_6_to_303,,,,,-0.00144217267308,0.00161076923077,650000,True
021_MITDB_id_3_Medical_tr_50000_1st_57595.csv,MITDB,AutoEncoder,,training_ACF_unknown_6_to_303,,,,,-5.7236193396e-06,0.01762,500000,True
022_MITDB_id_4_Medical_tr_50000_1st_54253.csv,MITDB,AutoEncoder,,training_ACF_unknown_6_to_303,,,,,3.81334989829e-05,0.04431,300000,True
024_MITDB_id_6_Medical_tr_50000_1st_58118.csv,MITDB,AutoEncoder,,training_ACF_unknown_6_to_303,,,,,-0.000767031505272,0.001765,200000,True
025_MITDB_id_7_Medical_tr_37500_1st_88864.csv,MITDB,AutoEncoder,,training_ACF_unknown_6_to_303,,,,,0.00139359348603,0.02464,150000,True
026_MITDB_id_8_Medical_tr_30495_1st_30595.csv,MITDB,AutoEncoder,,training_ACF_unknown_6_to_303,,,,,0.00379299257344,0.0655825,400000,True
027_MITDB_id_9_Medical_tr_25000_1st_52255.csv,MITDB,AutoEncoder,,training_ACF_unknown_6_to_303,,,,,0.000159811822622,0.00433,100000,True
029_MITDB_id_11_Medical_tr_50000_1st_518037.csv,MITDB,AutoEncoder,,training_ACF_unknown_6_to_303,,,,,-0.00613998576415,0.00291666666667,600000,True
030_MITDB_id_12_Medical_tr_50000_1st_84572.csv,MITDB,AutoEncoder,,training_ACF_unknown_6_to_303,,,,,-0.000772501402104,0.0431790322581,620000,True
031_MITDB_id_13_Medical_tr_50000_1st_79433.csv,MITDB,AutoEncoder,,training_ACF_unknown_6_to_303,,,,,0.00036194066706,0.0217933333333,450000,True
032_GHL_id_1_Sensor_tr_50000_1st_65001.csv,GHL,AutoEncoder,,training_ACF_unknown_6_to_303,,,,,1.20183014047e-05,0.00924995375023,200001,True
033_GHL_id_2_Sensor_tr_50000_1st_51001.csv,GHL,AutoEncoder,,training_ACF_unknown_6_to_303,,,,,1.9471017603e-06,0.00923495382523,200001,True
034_GHL_id_3_Sensor_tr_50000_1st_122001.csv,GHL,AutoEncoder,,training_ACF_unknown_6_to_303,,,,,2.25971717861e-05,0.00959495202524,200001,True
035_GHL_id_4_Sensor_tr_50000_1st_90001.csv,GHL,AutoEncoder,,training_ACF_unknown_6_to_303,,,,,-0.000305991970257,0.0135649321753,200001,True
036_GHL_id_5_Sensor_tr_50000_1st_67147.csv,GHL,AutoEncoder,,training_ACF_unknown_6_to_303,,,,,-0.000310808116461,0.0114149429253,200001,True
037_GHL_id_6_Sensor_tr_50000_1st_80001.csv,GHL,AutoEncoder,,training_ACF_unknown_6_to_303,,,,,0.000144200334865,0.00932995335023,200001,True
038_GHL_id_7_Sensor_tr_50000_1st_100001.csv,GHL,AutoEncoder,,training_ACF_unknown_6_to_303,,,,,-0.000154759270931,0.00847495762521,200001,True
039_GHL_id_8_Sensor_tr_50000_1st_63030.csv,GHL,AutoEncoder,,training_ACF_unknown_6_to_303,,,,,-6.76918756679e-05,0.00583997080015,200001,True
041_GHL_id_10_Sensor_tr_50000_1st_57001.csv,GHL,AutoEncoder,,training_ACF_unknown_6_to_303,,,,,2.42744310508e-05,0.00927495362523,200001,True
042_GHL_id_11_Sensor_tr_50000_1st_150001.csv,GHL,AutoEncoder,,training_ACF_unknown_6_to_303,,,,,0.00258794853052,0.00772996135019,200001,True
043_GHL_id_12_Sensor_tr_39938_1st_40038.csv,GHL,AutoEncoder,,training_ACF_unknown_6_to_303,,,,,-1.5663739807e-06,0.00525497372513,200001,True
044_GHL_id_13_Sensor_tr_50000_1st_145001.csv,GHL,AutoEncoder,,training_ACF_unknown_6_to_303,,,,,0.00016577698842,0.00924495377523,200001,True
045_GHL_id_14_Sensor_tr_50000_1st_85076.csv,GHL,AutoEncoder,,training_ACF_unknown_6_to_303,,,,,-0.000860478027807,0.00885495572522,200001,True
046_GHL_id_15_Sensor_tr_50000_1st_156462.csv,GHL,AutoEncoder,,training_ACF_unknown_6_to_303,,,,,0.171612759594,0.00619496902515,200001,True
047_GHL_id_16_Sensor_tr_50000_1st_77001.csv,GHL,AutoEncoder,,training_ACF_unknown_6_to_303,,,,,0.000568677457694,0.0136399318003,200001,True
048_GHL_id_17_Sensor_tr_50000_1st_154001.csv,GHL,AutoEncoder,,training_ACF_unknown_6_to_303,,,,,0.00476084044534,0.0179149104254,200001,True
050_GHL_id_19_Sensor_tr_43750_1st_55001.csv,GHL,AutoEncoder,,training_ACF_unknown_6_to_303,,,,,-7.61449275966e-05,0.00645139170633,175001,True
051_GHL_id_20_Sensor_tr_50000_1st_75110.csv,GHL,AutoEncoder,,training_ACF_unknown_6_to_303,,,,,-0.000194721754258,0.00595497022515,200001,True
052_GHL_id_21_Sensor_tr_50000_1st_98001.csv,GHL,AutoEncoder,,training_ACF_unknown_6_to_303,,,,,5.97691534676e-05,0.00485497572512,200001,True
053_GHL_id_22_Sensor_tr_50000_1st_126448.csv,GHL,AutoEncoder,,training_ACF_unknown_6_to_303,,,,,0.00112494364065,0.0324598377008,200001,True
054_GHL_id_23_Sensor_tr_50000_1st_135001.csv,GHL,AutoEncoder,,training_ACF_unknown_6_to_303,,,,,0.000241202128972,0.0186699066505,200001,True
055_GHL_id_24_Sensor_tr_50000_1st_118124.csv,GHL,AutoEncoder,,training_ACF_unknown_6_to_303,,,,,-0.00158422438544,0.00504497477513,200001,True
056_GHL_id_25_Sensor_tr_50000_1st_105568.csv,GHL,AutoEncoder,,training_ACF_unknown_6_to_303,,,,,0.000306428673394,0.0157199214004,200001,True
057_SMD_id_1_Facility_tr_4529_1st_4629.csv,SMD,AutoEncoder,,training_ACF_unknown_6_to_303,,,,,-0.0749406495254,0.0228749894488,23694,True
058_SMD_id_2_Facility_tr_1087_1st_1187.csv,SMD,AutoEncoder,,training_ACF_unknown_6_to_303,,,,,-0.0544522643545,0.0415651326325,28726,True
059_SMD_id_3_Facility_tr_757_1st_857.csv,SMD,AutoEncoder,,training_ACF_unknown_6_to_303,,,,,0.000485301770928,0.0113554814471,23689,True
060_SMD_id_4_Facility_tr_7176_1st_10609.csv,SMD,AutoEncoder,,training_ACF_unknown_6_to_303,,,,,-0.0160512574929,0.0151193171921,28705,True
061_SMD_id_5_Facility_tr_7176_1st_15144.csv,SMD,AutoEncoder,,training_ACF_unknown_6_to_303,,,,,0.0251985964886,0.0477633779264,28704,True
063_SMD_id_7_Facility_tr_5923_1st_6506.csv,SMD,AutoEncoder,,training_ACF_unknown_6_to_303,,,,,0.00306880861053,0.0493795897696,23694,True
064_SMD_id_8_Facility_tr_2272_1st_2372.csv,SMD,AutoEncoder,,training_ACF_unknown_6_to_303,,,,,-0.0304658695357,0.0368815733623,21203,True
065_SMD_id_9_Facility_tr_737_1st_837.csv,SMD,AutoEncoder,,training_ACF_unknown_6_to_303,,,,,0.0926431374114,0.101194243997,23697,True
066_SMD_id_10_Facility_tr_2634_1st_2734.csv,SMD,AutoEncoder,,training_ACF_unknown_6_to_303,,,,,-0.0332144762197,0.0412462532191,23687,True
067_SMD_id_11_Facility_tr_1980_1st_2080.csv,SMD,AutoEncoder,,training_ACF_unknown_6_to_303,,,,,0.000197399376966,0.0477029467471,22703,True
068_SMD_id_12_Facility_tr_1099_1st_1199.csv,SMD,AutoEncoder,,training_ACF_unknown_6_to_303,,,,,-0.0271969457615,0.0105527113154,28713,True
069_SMD_id_13_Facility_tr_5925_1st_12760.csv,SMD,AutoEncoder,,training_ACF_unknown_6_to_303,,,,,-0.00214044189217,0.119535864979,23700,True
070_SMD_id_14_Facility_tr_1070_1st_1170.csv,SMD,AutoEncoder,,training_ACF_unknown_6_to_303,,,,,-0.00903333775797,0.0147514177365,28743,True
071_SMD_id_15_Facility_tr_1109_1st_1209.csv,SMD,AutoEncoder,,training_ACF_unknown_6_to_303,,,,,-0.00189521138666,0.0107317073171,28700,True
073_SMD_id_17_Facility_tr_5926_1st_10620.csv,SMD,AutoEncoder,,training_ACF_unknown_6_to_303,,,,,0.0300300981046,0.00421834134818,23706,True
074_SMD_id_18_Facility_tr_7174_1st_21230.csv,SMD,AutoEncoder,,training_ACF_unknown_6_to_303,,,,,0.00701960525169,0.00689991636465,28696,True
075_SMD_id_19_Facility_tr_564_1st_664.csv,SMD,AutoEncoder,,training_ACF_unknown_6_to_303,,,,,0.00968773006813,0.0175979068197,23696,True
076_SMD_id_20_Facility_tr_5925_1st_17580.csv,SMD,AutoEncoder,,training_ACF_unknown_6_to_303,,,,,0.000113306940046,0.00679238914905,23703,True
077_SMD_id_21_Facility_tr_3026_1st_3126.csv,SMD,AutoEncoder,,training_ACF_unknown_6_to_303,,,,,0.00851779921773,0.0324421181685,21207,True
078_SMD_id_22_Facility_tr_500_1st_326.csv,SMD,AutoEncoder,,training_ACF_unknown_6_to_303,,,,,-0.0028588227221,0.0441902671675,23693,True
079_LTDB_id_1_Medical_tr_3618_1st_3718.csv,LTDB,AutoEncoder,,training_ACF_unknown_6_to_303,,,,,0.00996919628298,0.14781,100000,True
080_LTDB_id_2_Medical_tr_500_1st_266.csv,LTDB,AutoEncoder,,training_ACF_unknown_6_to_303,,,,,-0.000129719506771,0.14857,100000,True
081_LTDB_id_3_Medical_tr_500_1st_26.csv,LTDB,AutoEncoder,,training_ACF_unknown_6_to_303,,,,,-0.0027041426117,0.31565,100000,True
083_LTDB_id_5_Medical_tr_15502_1st_15602.csv,LTDB,AutoEncoder,,training_ACF_unknown_6_to_303,,,,,-0.000373476452574,0.00505,100000,True
084_SVDB_id_1_Medical_tr_12973_1st_13073.csv,SVDB,AutoEncoder,,training_ACF_unknown_6_to_303,,,,,0.000491919864875,0.0153515625,230400,True
085_SVDB_id_2_Medical_tr_50000_1st_54982.csv,SVDB,AutoEncoder,,training_ACF_unknown_6_to_303,,,,,-0.000216448642683,0.0372309027778,230400,True
086_SVDB_id_3_Medical_tr_533_1st_633.csv,SVDB,AutoEncoder,,training_ACF_unknown_6_to_303,,,,,0.000171448772053,0.0699696180556,230400,True
087_SVDB_id_4_Medical_tr_5421_1st_5521.csv,SVDB,AutoEncoder,,training_ACF_unknown_6_to_303,,,,,0.000971590427819,0.0555946180556,230400,True
088_SVDB_id_5_Medical_tr_500_1st_168.csv,SVDB,AutoEncoder,,training_ACF_unknown_6_to_303,,,,,8.67720860491e-05,0.0992100694444,230400,True
089_SVDB_id_6_Medical_tr_50000_1st_83083.csv,SVDB,AutoEncoder,,training_ACF_unknown_6_to_303,,,,,-0.000103096148879,0.0134895833333,230400,True
091_SVDB_id_8_Medical_tr_500_1st_126.csv,SVDB,AutoEncoder,,training_ACF_unknown_6_to_303,,,,,0.00192580694226,0.0773524305556,230400,True
092_SVDB_id_9_Medical_tr_2674_1st_2774.csv,SVDB,AutoEncoder,,training_ACF_unknown_6_to_303,,,,,0.00239922223526,0.0525260416667,230400,True
093_SVDB_id_10_Medical_tr_500_1st_37.csv,SVDB,AutoEncoder,,training_ACF_unknown_6_to_303,,,,,0.00104374916458,0.0785894097222,230400,True
094_SVDB_id_11_Medical_tr_20100_1st_23611.csv,SVDB,AutoEncoder,,training_ACF_unknown_6_to_303,,,,,0.000208373309778,0.0117537313433,80400,True
095_SVDB_id_12_Medical_tr_6264_1st_6364.csv,SVDB,AutoEncoder,,training_ACF_unknown_6_to_303,,,,,-0.000127152021444,0.0323958333333,230400,True
096_SVDB_id_13_Medical_tr_500_1st_444.csv,SVDB,AutoEncoder,,training_ACF_unknown_6_to_303,,,,,0.000294230546018,0.0335633680556,230400,True
097_SVDB_id_14_Medical_tr_1031_1st_1131.csv,SVDB,AutoEncoder,,training_ACF_unknown_6_to_303,,,,,-0.00594657189038,0.120611979167,230400,True
098_SVDB_id_15_Medical_tr_500_1st_303.csv,SVDB,AutoEncoder,,training_ACF_unknown_6_to_303,,,,,0.0005026281132,0.0633637152778,230400,True
099_SVDB_id_16_Medical_tr_1115_1st_1215.csv,SVDB,AutoEncoder,,training_ACF_unknown_6_to_303,,,,,0.0029079493522,0.0711328125,230400,True
100_SVDB_id_17_Medical_tr_17803_1st_17903.csv,SVDB,AutoEncoder,,training_ACF_unknown_6_to_303,,,,,-4.249602385e-05,0.030222392638,130400,True
101_SVDB_id_18_Medical_tr_1851_1st_1951.csv,SVDB,AutoEncoder,,training_ACF_unknown_6_to_303,,,,,-0.00400759693861,0.0698871527778,230400,True
102_SVDB_id_19_Medical_tr_50000_1st_107354.csv,SVDB,AutoEncoder,,training_ACF_unknown_6_to_303,,,,,0.00650542248954,0.0580555555556,230400,True
103_SVDB_id_20_Medical_tr_12167_1st_12267.csv,SVDB,AutoEncoder,,training_ACF_unknown_6_to_303,,,,,6.13399723266e-05,0.0266970486111,230400,True
104_SVDB_id_21_Medical_tr_50000_1st_106634.csv,SVDB,AutoEncoder,,training_ACF_unknown_6_to_303,,,,,0.000177505830193,0.0152039930556,230400,True
105_SVDB_id_22_Medical_tr_500_1st_417.csv,SVDB,AutoEncoder,,training_ACF_unknown_6_to_303,,,,,0.00432002434482,0.0855133333333,150000,True
106_SVDB_id_23_Medical_tr_37500_1st_121963.csv,SVDB,AutoEncoder,,training_ACF_unknown_6_to_303,,,,,-9.67487469303e-05,0.00450666666667,150000,True
108_SVDB_id_25_Medical_tr_1238_1st_1338.csv,SVDB,AutoEncoder,,training_ACF_unknown_6_to_303,,,,,0.00151767095925,0.0305902777778,230400,True
109_SVDB_id_26_Medical_tr_1038_1st_1138.csv,SVDB,AutoEncoder,,training_ACF_unknown_6_to_303,,,,,0.00084612141631,0.0903645833333,230400,True
110_SVDB_id_27_Medical_tr_30824_1st_30924.csv,SVDB,AutoEncoder,,training_ACF_unknown_6_to_303,,,,,-0.000815165508288,0.0340581597222,230400,True
111_SVDB_id_28_Medical_tr_1791_1st_1891.csv,SVDB,AutoEncoder,,training_ACF_unknown_6_to_303,,,,,-0.00183153272378,0.0953993055556,230400,True
112_SVDB_id_29_Medical_tr_8226_1st_8326.csv,SVDB,AutoEncoder,,training_ACF_unknown_6_to_303,,,,,-1.9182847721e-05,0.0111067708333,230400,True
114_SVDB_id_31_Medical_tr_25000_1st_63090.csv,SVDB,AutoEncoder,,training_ACF_unknown_6_to_303,,,,,-9.7050094477e-06,0.00497,100000,True
115_PSM_id_1_Facility_tr_50000_1st_129872.csv,PSM,AutoEncoder,,training_ACF_unknown_6_to_303,,,,,-0.00258651384094,0.112032680219,217624,True
116_TAO_id_1_Environment_tr_500_1st_3.csv,TAO,AutoEncoder,,training_ACF_unknown_6_to_303,,,,,0.0108285520327,0.0492,10000,True
117_TAO_id_2_Environment_tr_500_1st_1.csv,TAO,AutoEncoder,,training_ACF_unknown_6_to_303,,,,,-0.011232699765,0.1395,10000,True
118_TAO_id_3_Environment_tr_500_1st_7.csv,TAO,AutoEncoder,,training_ACF_unknown_6_to_303,,,,,0.537106565972,0.0488,10000,True
119_TAO_id_4_Environment_tr_500_1st_1.csv,TAO,AutoEncoder,,training_ACF_unknown_6_to_303,,,,,-0.0591925429803,0.0945,10000,True
121_TAO_id_6_Environment_tr_500_1st_7.csv,TAO,AutoEncoder,,training_ACF_unknown_6_to_303,,,,,-0.456190508002,0.1409,10000,True
122_TAO_id_7_Environment_tr_500_1st_19.csv,TAO,AutoEncoder,,training_ACF_unknown_6_to_303,,,,,-0.0196720816652,0.0948,10000,True
123_TAO_id_8_Environment_tr_500_1st_62.csv,TAO,AutoEncoder,,training_ACF_unknown_6_to_303,,,,,-0.0222952172877,0.0487,10000,True
124_TAO_id_9_Environment_tr_500_1st_1.csv,TAO,AutoEncoder,,training_ACF_unknown_6_to_303,,,,,0.0167111968418,0.0483,10000,True
125_TAO_id_10_Environment_tr_500_1st_9.csv,TAO,AutoEncoder,,training_ACF_unknown_6_to_303,,,,,-0.00164773125289,0.0943,10000,True
127_TAO_id_12_Environment_tr_500_1st_24.csv,TAO,AutoEncoder,,training_ACF_unknown_6_to_303,,,,,0.308468403817,0.0485,10000,True
128_TAO_id_13_Environment_tr_500_1st_7.csv,TAO,AutoEncoder,,training_ACF_unknown_6_to_303,,,,,0.108353089213,0.1409,10000,True
129_OPPORTUNITY_id_1_HumanActivity_tr_1801_1st_1901.csv,OPPORTUNITY,AutoEncoder,,training_ACF_unknown_6_to_303,,,,,1.82082392414e-05,0.0291985582959,24693,True
130_OPPORTUNITY_id_2_HumanActivity_tr_1045_1st_1145.csv,OPPORTUNITY,AutoEncoder,,training_ACF_unknown_6_to_303,,,,,1.0333883657e-06,0.0908562572646,5162,True
132_OPPORTUNITY_id_4_HumanActivity_tr_895_1st_995.csv,OPPORTUNITY,AutoEncoder,,training_ACF_unknown_6_to_303,,,,,0.00837853750114,0.0469805856484,9323,True
133_OPPORTUNITY_id_5_HumanActivity_tr_1745_1st_6500.csv,OPPORTUNITY,AutoEncoder,,training_ACF_unknown_6_to_303,,,,,-0.00402350489343,0.0687679083095,6980,True
134_OPPORTUNITY_id_6_HumanActivity_tr_1477_1st_1577.csv,OPPORTUNITY,AutoEncoder,,training_ACF_unknown_6_to_303,,,,,1.1818048859e-06,0.0214956100515,16515,True
135_OPPORTUNITY_id_7_HumanActivity_tr_2085_1st_2185.csv,OPPORTUNITY,AutoEncoder,,training_ACF_unknown_6_to_303,,,,,-6.35926372599e-05,0.0376854325993,21706,True
136_OPPORTUNITY_id_8_HumanActivity_tr_1495_1st_1595.csv,OPPORTUNITY,AutoEncoder,,training_ACF_unknown_6_to_303,,,,,2.7934798854e-05,0.0231747562016,26969,True
137_CreditCard_id_1_Finance_tr_500_1st_541.csv,CreditCard,AutoEncoder,,training_ACF_unknown_6_to_303,,,,,0.00331033126988,0.00172748563062,284807,True
138_CATSv2_id_1_Sensor_tr_16568_1st_16668.csv,CATSv2,AutoEncoder,,training_ACF_unknown_6_to_303,,,,,-0.0010349547676,0.02,100000,True
139_CATSv2_id_2_Sensor_tr_5592_1st_5692.csv,CATSv2,AutoEncoder,,training_ACF_unknown_6_to_303,,,,,-0.00154222451384,0.0338461538462,195000,True
141_CATSv2_id_4_Sensor_tr_41727_1st_41827.csv,CATSv2,AutoEncoder,,training_ACF_unknown_6_to_303,,,,,-0.00293635933727,0.0302564102564,195000,True
142_CATSv2_id_5_Sensor_tr_30704_1st_30804.csv,CATSv2,AutoEncoder,,training_ACF_unknown_6_to_303,,,,,-0.0240609249538,0.0488571428571,350000,True
143_CATSv2_id_6_Sensor_tr_50000_1st_60232.csv,CATSv2,AutoEncoder,,training_ACF_unknown_6_to_303,,,,,-0.00111105929328,0.02,200000,True
144_SMAP_id_1_Sensor_tr_2052_1st_5300.csv,SMAP,AutoEncoder,,training_ACF_unknown_6_to_303,,,,,-0.0061315330245,0.136557436959,8209,True
145_SMAP_id_2_Sensor_tr_2133_1st_5400.csv,SMAP,AutoEncoder,,training_ACF_unknown_6_to_303,,,,,0.00711787955245,0.0730192217534,8532,True
146_SMAP_id_3_Sensor_tr_2128_1st_5000.csv,SMAP,AutoEncoder,,training_ACF_unknown_6_to_303,,,,,-0.000171392768113,0.0346488137186,8514,True
147_SMAP_id_4_Sensor_tr_2160_1st_6449.csv,SMAP,AutoEncoder,,training_ACF_unknown_6_to_303,,,,,-0.000214242929118,0.0140046296296,8640,True
148_SMAP_id_5_Sensor_tr_2011_1st_5060.csv,SMAP,AutoEncoder,,training_ACF_unknown_6_to_303,,,,,0,0.00882645450025,8044,True
150_SMAP_id_7_Sensor_tr_2077_1st_5394.csv,SMAP,AutoEncoder,,training_ACF_unknown_6_to_303,,,,,-6.53736545631e-06,0.0338146811071,8310,True
151_SMAP_id_8_Sensor_tr_1971_1st_4870.csv,SMAP,AutoEncoder,,training_ACF_unknown_6_to_303,,,,,0.00897834847398,0.0102739726027,7884,True
152_SMAP_id_9_Sensor_tr_2073_1st_5600.csv,SMAP,AutoEncoder,,training_ACF_unknown_6_to_303,,,,,4.4191020586e-05,0.0387026766337,8294,True
153_SMAP_id_10_Sensor_tr_1840_1st_4030.csv,SMAP,AutoEncoder,,training_ACF_unknown_6_to_303,,,,,0.00233419315859,0.00556989539465,7361,True
154_SMAP_id_11_Sensor_tr_2117_1st_4770.csv,SMAP,AutoEncoder,,training_ACF_unknown_6_to_303,,,,,-1.93153282957e-05,0.0142874011099,8469,True
155_SMAP_id_12_Sensor_tr_1907_1st_4800.csv,SMAP,AutoEncoder,,training_ACF_unknown_6_to_303,,,,,0.00429096093158,0.00668589407446,7628,True
156_SMAP_id_13_Sensor_tr_1173_1st_2750.csv,SMAP,AutoEncoder,,training_ACF_unknown_6_to_303,,,,,9.29061508503e-07,0.0108672490944,4693,True
157_SMAP_id_14_Sensor_tr_2126_1st_5000.csv,SMAP,AutoEncoder,,training_ACF_unknown_6_to_303,,,,,5.3122049189e-05,0.0378600823045,8505,True
158_SMAP_id_15_Sensor_tr_2075_1st_5610.csv,SMAP,AutoEncoder,,training_ACF_unknown_6_to_303,,,,,-0.00416774049708,0.00795180722892,8300,True
159_SMAP_id_16_Sensor_tr_1757_1st_2650.csv,SMAP,AutoEncoder,,training_ACF_unknown_6_to_303,,,,,0,0.0381277564376,7029,True
160_SMAP_id_17_Sensor_tr_1832_1st_5300.csv,SMAP,AutoEncoder,,training_ACF_unknown_6_to_303,,,,,0.0785749254029,0.0611103532942,7331,True
161_SMAP_id_18_Sensor_tr_2075_1st_5550.csv,SMAP,AutoEncoder,,training_ACF_unknown_6_to_303,,,,,-0.00208586276909,0.0422789689232,8302,True
162_SMAP_id_19_Sensor_tr_1908_1st_4690.csv,SMAP,AutoEncoder,,training_ACF_unknown_6_to_303,,,,,4.3535411989e-06,0.00406184486373,7632,True
163_SMAP_id_20_Sensor_tr_2051_1st_4575.csv,SMAP,AutoEncoder,,training_ACF_unknown_6_to_303,,,,,0.000773543740148,0.0226691042048,8205,True
165_SMAP_id_22_Sensor_tr_2129_1st_5000.csv,SMAP,AutoEncoder,,training_ACF_unknown_6_to_303,,,,,0.217944918101,0.059652418976,8516,True
166_SMAP_id_23_Sensor_tr_1113_1st_1890.csv,SMAP,AutoEncoder,,training_ACF_unknown_6_to_303,,,,,1.3757479483e-05,0.00920727599371,4453,True
167_SMAP_id_24_Sensor_tr_2094_1st_5600.csv,SMAP,AutoEncoder,,training_ACF_unknown_6_to_303,,,,,-0.0167823205259,0.00489493791786,8376,True
168_SMAP_id_25_Sensor_tr_1998_1st_2098.csv,SMAP,AutoEncoder,,training_ACF_unknown_6_to_303,,,,,-8.56432791046e-05,0.0214477211796,8579,True
169_SMAP_id_26_Sensor_tr_1811_1st_4510.csv,SMAP,AutoEncoder,,training_ACF_unknown_6_to_303,,,,,-6.101448789e-06,0.011181667587,7244,True
170_SMAP_id_27_Sensor_tr_2160_1st_4690.csv,SMAP,AutoEncoder,,training_ACF_unknown_6_to_303,,,,,0.000293611825891,0.00983796296296,8640,True
171_SWaT_id_1_Sensor_tr_3749_1st_9522.csv,SWaT,AutoEncoder,,training_ACF_unknown_6_to_303,,,,,0.00386704762885,0.132435316084,14996,True
172_SWaT_id_2_Sensor_tr_23700_1st_23800.csv,SWaT,AutoEncoder,,training_ACF_unknown_6_to_303,,,,,-7.40620651988e-05,0.125320377376,399919,True
173_GECCO_id_1_Sensor_tr_16165_1st_16265.csv,GECCO,AutoEncoder,,training_ACF_unknown_6_to_303,,,,,-0.0091429522286,0.0124602045899,138521,True
174_Exathlon_id_1_Facility_tr_10766_1st_12590.csv,Exathlon,AutoEncoder,,training_ACF_unknown_6_to_303,,,,,0.0022606163545,0.126248084336,43066,True
175_Exathlon_id_2_Facility_tr_10684_1st_10784.csv,Exathlon,AutoEncoder,,training_ACF_unknown_6_to_303,,,,,0.0357942035136,0.0811685528121,46656,True
176_Exathlon_id_3_Facility_tr_10766_1st_12590.csv,Exathlon,AutoEncoder,,training_ACF_unknown_6_to_303,,,,,0.00534423271413,0.126248084336,43066,True
177_Exathlon_id_4_Facility_tr_11665_1st_13484.csv,Exathlon,AutoEncoder,,training_ACF_unknown_6_to_303,,,,,-0.197850802088,0.0627518216888,46660,True
179_Exathlon_id_6_Facility_tr_11665_1st_13484.csv,Exathlon,AutoEncoder,,training_ACF_unknown_6_to_303,,,,,-0.00387916322946,0.0627518216888,46660,True
180_Exathlon_id_7_Facility_tr_10766_1st_12590.csv,Exathlon,AutoEncoder,,training_ACF_unknown_6_to_303,,,,,0.00276434979199,0.126248084336,43066,True
181_Exathlon_id_8_Facility_tr_11663_1st_13482.csv,Exathlon,AutoEncoder,,training_ACF_unknown_6_to_303,,,,,0.0247814158676,0.0631872253778,46655,True
182_Exathlon_id_9_Facility_tr_10766_1st_12590.csv,Exathlon,AutoEncoder,,training_ACF_unknown_6_to_303,,,,,0.00758111779352,0.126248084336,43066,True
183_Exathlon_id_10_Facility_tr_11665_1st_13484.csv,Exathlon,AutoEncoder,,training_ACF_unknown_6_to_303,,,,,-0.198586638345,0.0627518216888,46660,True
184_Exathlon_id_11_Facility_tr_11665_1st_13484.csv,Exathlon,AutoEncoder,,training_ACF_unknown_6_to_303,,,,,-0.162558130802,0.0627518216888,46660,True
185_Exathlon_id_12_Facility_tr_11665_1st_13484.csv,Exathlon,AutoEncoder,,training_ACF_unknown_6_to_303,,,,,-0.221761354442,0.0627518216888,46660,True
186_Exathlon_id_13_Facility_tr_10766_1st_12590.csv,Exathlon,AutoEncoder,,training_ACF_unknown_6_to_303,,,,,0.00335287480441,0.126248084336,43066,True
187_Exathlon_id_14_Facility_tr_6193_1st_6293.csv,Exathlon,AutoEncoder,,training_ACF_unknown_6_to_303,,,,,0.00384106414829,0.124667809687,46660,True
188_Exathlon_id_15_Facility_tr_12538_1st_12638.csv,Exathlon,AutoEncoder,,training_ACF_unknown_6_to_303,,,,,-4.49629077526e-07,0.124654597243,129197,True
189_Exathlon_id_16_Facility_tr_11663_1st_13482.csv,Exathlon,AutoEncoder,,training_ACF_unknown_6_to_303,,,,,0.0059263808355,0.0631872253778,46655,True
190_Exathlon_id_17_Facility_tr_12538_1st_12638.csv,Exathlon,AutoEncoder,,training_ACF_unknown_6_to_303,,,,,9.66338538466e-06,0.124654597243,129197,True
191_Exathlon_id_18_Facility_tr_11665_1st_13484.csv,Exathlon,AutoEncoder,,training_ACF_unknown_6_to_303,,,,,-0.107105832119,0.0627518216888,46660,True
192_Exathlon_id_19_Facility_tr_11665_1st_13484.csv,Exathlon,AutoEncoder,,training_ACF_unknown_6_to_303,,,,,-0.182086259311,0.0627518216888,46660,True
193_Exathlon_id_20_Facility_tr_8898_1st_8998.csv,Exathlon,AutoEncoder,,training_ACF_unknown_6_to_303,,,,,0.035052953928,0.0834083601286,46650,True
194_Exathlon_id_21_Facility_tr_6985_1st_7085.csv,Exathlon,AutoEncoder,,training_ACF_unknown_6_to_303,,,,,0.000726491135526,0.104096550837,46649,True
196_Exathlon_id_23_Facility_tr_11665_1st_13484.csv,Exathlon,AutoEncoder,,training_ACF_unknown_6_to_303,,,,,-0.115411356021,0.0627518216888,46660,True
197_Exathlon_id_24_Facility_tr_10766_1st_12590.csv,Exathlon,AutoEncoder,,training_ACF_unknown_6_to_303,,,,,0.00422218801765,0.126248084336,43066,True
198_Exathlon_id_25_Facility_tr_12538_1st_12638.csv,Exathlon,AutoEncoder,,training_ACF_unknown_6_to_303,,,,,1.8720361887e-05,0.124654597243,129197,True
199_Exathlon_id_26_Facility_tr_12538_1st_12638.csv,Exathlon,AutoEncoder,,training_ACF_unknown_6_to_303,,,,,4.64841705583e-06,0.124654597243,129197,True
200_Exathlon_id_27_Facility_tr_10766_1st_12590.csv,Exathlon,AutoEncoder,,training_ACF_unknown_6_to_303,,,,,0.00652871450238,0.126248084336,43066,True
001_Genesis_id_1_Sensor_tr_4055_1st_15538.csv,Genesis,CBLOF,,training_ACF_unknown_6_to_303,,,,,0.00110771892141,0.00308261405672,16220,False
002_MSL_id_1_Sensor_tr_500_1st_900.csv,MSL,CBLOF,,training_ACF_unknown_6_to_303,,,,,-0.129559523489,0.00602079912425,1827,False
003_MSL_id_2_Sensor_tr_883_1st_1238.csv,MSL,CBLOF,,training_ACF_unknown_6_to_303,,,,,-0.0182847482556,0.0644978783593,3535,False
005_MSL_id_4_Sensor_tr_855_1st_2700.csv,MSL,CBLOF,,training_ACF_unknown_6_to_303,,,,,-0.0307019599743,0.020748100526,3422,False
006_MSL_id_5_Sensor_tr_1150_1st_1250.csv,MSL,CBLOF,,training_ACF_unknown_6_to_303,,,,,0.0278517314213,0.083696082311,5054,False
007_MSL_id_6_Sensor_tr_980_1st_3550.csv,MSL,CBLOF,,training_ACF_unknown_6_to_303,,,,,0.0727351733927,0.0385007649159,3922,False
008_MSL_id_7_Sensor_tr_656_1st_1630.csv,MSL,CBLOF,,training_ACF_unknown_6_to_303,,,,,0.0906797581898,0.0845714285714,2625,False
009_MSL_id_8_Sensor_tr_714_1st_1390.csv,MSL,CBLOF,,training_ACF_unknown_6_to_303,,,,,0.00737198318159,0.00735294117647,2856,False
010_MSL_id_9_Sensor_tr_554_1st_1172.csv,MSL,CBLOF,,training_ACF_unknown_6_to_303,,,,,-0.00086024590225,0.0311231393775,2217,False
012_MSL_id_11_Sensor_tr_539_1st_940.csv,MSL,CBLOF,,training_ACF_unknown_6_to_303,,,,,0.179597237919,0.0468460111317,2156,False
013_MSL_id_12_Sensor_tr_554_1st_1200.csv,MSL,CBLOF,,training_ACF_unknown_6_to_303,,,,,-0.0478066984011,0.0117222723174,2218,False
014_MSL_id_13_Sensor_tr_1525_1st_4575.csv,MSL,CBLOF,,training_ACF_unknown_6_to_303,,,,,0.169798279372,0.0296721311475,6100,False
015_MSL_id_14_Sensor_tr_575_1st_1250.csv,MSL,CBLOF,,training_ACF_unknown_6_to_303,,,,,-0.00976914190434,0.130699088146,2303,False
016_MSL_id_15_Sensor_tr_500_1st_780.csv,MSL,CBLOF,,training_ACF_unknown_6_to_303,,,,,0.236617957159,0.102189781022,1096,False
017_MSL_id_16_Sensor_tr_512_1st_1850.csv,MSL,CBLOF,,training_ACF_unknown_6_to_303,,,,,0.615793329136,0.0883357735481,2049,False
018_Daphnet_id_1_HumanActivity_tr_9693_1st_20732.csv,Daphnet,CBLOF,,training_ACF_unknown_6_to_303,,,,,0.247977175486,0.0594728426265,38774,False
019_MITDB_id_1_Medical_tr_37500_1st_103211.csv,MITDB,CBLOF,,training_ACF_unknown_6_to_303,,,,,0.00532883351294,0.124066666667,150000,False
020_MITDB_id_2_Medical_tr_50000_1st_52315.csv,MITDB,CBLOF,,training_ACF_unknown_6_to_303,,,,,0.00882948481242,0.00161076923077,650000,False
021_MITDB_id_3_Medical_tr_50000_1st_57595.csv,MITDB,CBLOF,,training_ACF_unknown_6_to_303,,,,,3.270649054e-06,0.01762,500000,False
022_MITDB_id_4_Medical_tr_50000_1st_54253.csv,MITDB,CBLOF,,training_ACF_unknown_6_to_303,,,,,0.000323158471825,0.04431,300000,False
024_MITDB_id_6_Medical_tr_50000_1st_58118.csv,MITDB,CBLOF,,training_ACF_unknown_6_to_303,,,,,0.00178202682635,0.001765,200000,False
025_MITDB_id_7_Medical_tr_37500_1st_88864.csv,MITDB,CBLOF,,training_ACF_unknown_6_to_303,,,,,0.00609117017761,0.02464,150000,False
026_MITDB_id_8_Medical_tr_30495_1st_30595.csv,MITDB,CBLOF,,training_ACF_unknown_6_to_303,,,,,0.00458518769698,0.0655825,400000,False
027_MITDB_id_9_Medical_tr_25000_1st_52255.csv,MITDB,CBLOF,,training_ACF_unknown_6_to_303,,,,,-0.000325133174808,0.00433,100000,False
029_MITDB_id_11_Medical_tr_50000_1st_518037.csv,MITDB,CBLOF,,training_ACF_unknown_6_to_303,,,,,0.0272410715054,0.00291666666667,600000,False
030_MITDB_id_12_Medical_tr_50000_1st_84572.csv,MITDB,CBLOF,,training_ACF_unknown_6_to_303,,,,,0.00320991169823,0.0431790322581,620000,False
031_MITDB_id_13_Medical_tr_50000_1st_79433.csv,MITDB,CBLOF,,training_ACF_unknown_6_to_303,,,,,0.000857202120891,0.0217933333333,450000,False
032_GHL_id_1_Sensor_tr_50000_1st_65001.csv,GHL,CBLOF,,training_ACF_unknown_6_to_303,,,,,7.30262074708e-05,0.00924995375023,200001,False
033_GHL_id_2_Sensor_tr_50000_1st_51001.csv,GHL,CBLOF,,training_ACF_unknown_6_to_303,,,,,-0.000274974862207,0.00923495382523,200001,False
034_GHL_id_3_Sensor_tr_50000_1st_122001.csv,GHL,CBLOF,,training_ACF_unknown_6_to_303,,,,,0.00159053798798,0.00959495202524,200001,False
035_GHL_id_4_Sensor_tr_50000_1st_90001.csv,GHL,CBLOF,,training_ACF_unknown_6_to_303,,,,,0.00135118248739,0.0135649321753,200001,False
036_GHL_id_5_Sensor_tr_50000_1st_67147.csv,GHL,CBLOF,,training_ACF_unknown_6_to_303,,,,,-0.000982049042758,0.0114149429253,200001,False
037_GHL_id_6_Sensor_tr_50000_1st_80001.csv,GHL,CBLOF,,training_ACF_unknown_6_to_303,,,,,-0.00105966937166,0.00932995335023,200001,False
038_GHL_id_7_Sensor_tr_50000_1st_100001.csv,GHL,CBLOF,,training_ACF_unknown_6_to_303,,,,,-0.000642142228968,0.00847495762521,200001,False
039_GHL_id_8_Sensor_tr_50000_1st_63030.csv,GHL,CBLOF,,training_ACF_unknown_6_to_303,,,,,-0.000461840980044,0.00583997080015,200001,False
041_GHL_id_10_Sensor_tr_50000_1st_57001.csv,GHL,CBLOF,,training_ACF_unknown_6_to_303,,,,,-0.00072742235525,0.00927495362523,200001,False
042_GHL_id_11_Sensor_tr_50000_1st_150001.csv,GHL,CBLOF,,training_ACF_unknown_6_to_303,,,,,0.00616151984152,0.00772996135019,200001,False
043_GHL_id_12_Sensor_tr_39938_1st_40038.csv,GHL,CBLOF,,training_ACF_unknown_6_to_303,,,,,-0.00310170973341,0.00525497372513,200001,False
044_GHL_id_13_Sensor_tr_50000_1st_145001.csv,GHL,CBLOF,,training_ACF_unknown_6_to_303,,,,,0.00685037623763,0.00924495377523,200001,False
045_GHL_id_14_Sensor_tr_50000_1st_85076.csv,GHL,CBLOF,,training_ACF_unknown_6_to_303,,,,,-0.002084235962,0.00885495572522,200001,False
046_GHL_id_15_Sensor_tr_50000_1st_156462.csv,GHL,CBLOF,,training_ACF_unknown_6_to_303,,,,,0.158902041759,0.00619496902515,200001,False
047_GHL_id_16_Sensor_tr_50000_1st_77001.csv,GHL,CBLOF,,training_ACF_unknown_6_to_303,,,,,0.000827813285309,0.0136399318003,200001,False
048_GHL_id_17_Sensor_tr_50000_1st_154001.csv,GHL,CBLOF,,training_ACF_unknown_6_to_303,,,,,0.0105299206648,0.0179149104254,200001,False
050_GHL_id_19_Sensor_tr_43750_1st_55001.csv,GHL,CBLOF,,training_ACF_unknown_6_to_303,,,,,-0.0813645701478,0.00645139170633,175001,False
051_GHL_id_20_Sensor_tr_50000_1st_75110.csv,GHL,CBLOF,,training_ACF_unknown_6_to_303,,,,,6.79131721328e-05,0.00595497022515,200001,False
052_GHL_id_21_Sensor_tr_50000_1st_98001.csv,GHL,CBLOF,,training_ACF_unknown_6_to_303,,,,,0.000691066118671,0.00485497572512,200001,False
053_GHL_id_22_Sensor_tr_50000_1st_126448.csv,GHL,CBLOF,,training_ACF_unknown_6_to_303,,,,,0.0198152943585,0.0324598377008,200001,False
054_GHL_id_23_Sensor_tr_50000_1st_135001.csv,GHL,CBLOF,,training_ACF_unknown_6_to_303,,,,,0.0140782894112,0.0186699066505,200001,False
055_GHL_id_24_Sensor_tr_50000_1st_118124.csv,GHL,CBLOF,,training_ACF_unknown_6_to_303,,,,,0.000165547929466,0.00504497477513,200001,False
056_GHL_id_25_Sensor_tr_50000_1st_105568.csv,GHL,CBLOF,,training_ACF_unknown_6_to_303,,,,,0.00217665812933,0.0157199214004,200001,False
057_SMD_id_1_Facility_tr_4529_1st_4629.csv,SMD,CBLOF,,training_ACF_unknown_6_to_303,,,,,0.0652523044612,0.0228749894488,23694,False
058_SMD_id_2_Facility_tr_1087_1st_1187.csv,SMD,CBLOF,,training_ACF_unknown_6_to_303,,,,,0.00113826189389,0.0415651326325,28726,False
059_SMD_id_3_Facility_tr_757_1st_857.csv,SMD,CBLOF,,training_ACF_unknown_6_to_303,,,,,0.0469251738865,0.0113554814471,23689,False
060_SMD_id_4_Facility_tr_7176_1st_10609.csv,SMD,CBLOF,,training_ACF_unknown_6_to_303,,,,,0.211775309182,0.0151193171921,28705,False
061_SMD_id_5_Facility_tr_7176_1st_15144.csv,SMD,CBLOF,,training_ACF_unknown_6_to_303,,,,,0.0211382333242,0.0477633779264,28704,False
063_SMD_id_7_Facility_tr_5923_1st_6506.csv,SMD,CBLOF,,training_ACF_unknown_6_to_303,,,,,0.0281635801199,0.0493795897696,23694,False
064_SMD_id_8_Facility_tr_2272_1st_2372.csv,SMD,CBLOF,,training_ACF_unknown_6_to_303,,,,,0.0345439712194,0.0368815733623,21203,False
065_SMD_id_9_Facility_tr_737_1st_837.csv,SMD,CBLOF,,training_ACF_unknown_6_to_303,,,,,0.0889671451346,0.101194243997,23697,False
066_SMD_id_10_Facility_tr_2634_1st_2734.csv,SMD,CBLOF,,training_ACF_unknown_6_to_303,,,,,0.593879420674,0.0412462532191,23687,False
067_SMD_id_11_Facility_tr_1980_1st_2080.csv,SMD,CBLOF,,training_ACF_unknown_6_to_303,,,,,-0.0425574047636,0.0477029467471,22703,False
068_SMD_id_12_Facility_tr_1099_1st_1199.csv,SMD,CBLOF,,training_ACF_unknown_6_to_303,,,,,0.0706168697409,0.0105527113154,28713,False
069_SMD_id_13_Facility_tr_5925_1st_12760.csv,SMD,CBLOF,,training_ACF_unknown_6_to_303,,,,,0.0395743647473,0.119535864979,23700,False
070_SMD_id_14_Facility_tr_1070_1st_1170.csv,SMD,CBLOF,,training_ACF_unknown_6_to_303,,,,,0.0269832258869,0.0147514177365,28743,False
071_SMD_id_15_Facility_tr_1109_1st_1209.csv,SMD,CBLOF,,training_ACF_unknown_6_to_303,,,,,0.118717782324,0.0107317073171,28700,False
073_SMD_id_17_Facility_tr_5926_1st_10620.csv,SMD,CBLOF,,training_ACF_unknown_6_to_303,,,,,-0.0473374939461,0.00421834134818,23706,False
074_SMD_id_18_Facility_tr_7174_1st_21230.csv,SMD,CBLOF,,training_ACF_unknown_6_to_303,,,,,0.0361476372891,0.00689991636465,28696,False
075_SMD_id_19_Facility_tr_564_1st_664.csv,SMD,CBLOF,,training_ACF_unknown_6_to_303,,,,,-0.204649184838,0.0175979068197,23696,False
076_SMD_id_20_Facility_tr_5925_1st_17580.csv,SMD,CBLOF,,training_ACF_unknown_6_to_303,,,,,0.00852840522563,0.00679238914905,23703,False
077_SMD_id_21_Facility_tr_3026_1st_3126.csv,SMD,CBLOF,,training_ACF_unknown_6_to_303,,,,,-0.0701332326385,0.0324421181685,21207,False
078_SMD_id_22_Facility_tr_500_1st_326.csv,SMD,CBLOF,,training_ACF_unknown_6_to_303,,,,,-0.569252449512,0.0441902671675,23693,False
079_LTDB_id_1_Medical_tr_3618_1st_3718.csv,LTDB,CBLOF,,training_ACF_unknown_6_to_303,,,,,0.0090666031249,0.14781,100000,False
080_LTDB_id_2_Medical_tr_500_1st_266.csv,LTDB,CBLOF,,training_ACF_unknown_6_to_303,,,,,0.00144298715336,0.14857,100000,False
081_LTDB_id_3_Medical_tr_500_1st_26.csv,LTDB,CBLOF,,training_ACF_unknown_6_to_303,,,,,0.000488397694615,0.31565,100000,False
083_LTDB_id_5_Medical_tr_15502_1st_15602.csv,LTDB,CBLOF,,training_ACF_unknown_6_to_303,,,,,-0.0106929301102,0.00505,100000,False
084_SVDB_id_1_Medical_tr_12973_1st_13073.csv,SVDB,CBLOF,,training_ACF_unknown_6_to_303,,,,,-0.000133135937299,0.0153515625,230400,False
085_SVDB_id_2_Medical_tr_50000_1st_54982.csv,SVDB,CBLOF,,training_ACF_unknown_6_to_303,,,,,-0.00492361769552,0.0372309027778,230400,False
086_SVDB_id_3_Medical_tr_533_1st_633.csv,SVDB,CBLOF,,training_ACF_unknown_6_to_303,,,,,0.00178893451632,0.0699696180556,230400,False
087_SVDB_id_4_Medical_tr_5421_1st_5521.csv,SVDB,CBLOF,,training_ACF_unknown_6_to_303,,,,,-0.00210457861706,0.0555946180556,230400,False
088_SVDB_id_5_Medical_tr_500_1st_168.csv,SVDB,CBLOF,,training_ACF_unknown_6_to_303,,,,,-7.55052271749e-05,0.0992100694444,230400,False
089_SVDB_id_6_Medical_tr_50000_1st_83083.csv,SVDB,CBLOF,,training_ACF_unknown_6_to_303,,,,,-0.00233586889516,0.0134895833333,230400,False
091_SVDB_id_8_Medical_tr_500_1st_126.csv,SVDB,CBLOF,,training_ACF_unknown_6_to_303,,,,,0.000732947566904,0.0773524305556,230400,False
092_SVDB_id_9_Medical_tr_2674_1st_2774.csv,SVDB,CBLOF,,training_ACF_unknown_6_to_303,,,,,0.0138574975612,0.0525260416667,230400,False
093_SVDB_id_10_Medical_tr_500_1st_37.csv,SVDB,CBLOF,,training_ACF_unknown_6_to_303,,,,,-0.0427064019709,0.0785894097222,230400,False
094_SVDB_id_11_Medical_tr_20100_1st_23611.csv,SVDB,CBLOF,,training_ACF_unknown_6_to_303,,,,,0.000696254411479,0.0117537313433,80400,False
095_SVDB_id_12_Medical_tr_6264_1st_6364.csv,SVDB,CBLOF,,training_ACF_unknown_6_to_303,,,,,-0.000105317467904,0.0323958333333,230400,False
096_SVDB_id_13_Medical_tr_500_1st_444.csv,SVDB,CBLOF,,training_ACF_unknown_6_to_303,,,,,-0.00236686866538,0.0335633680556,230400,False
097_SVDB_id_14_Medical_tr_1031_1st_1131.csv,SVDB,CBLOF,,training_ACF_unknown_6_to_303,,,,,0.0203850743637,0.120611979167,230400,False
098_SVDB_id_15_Medical_tr_500_1st_303.csv,SVDB,CBLOF,,training_ACF_unknown_6_to_303,,,,,-0.000548853084147,0.0633637152778,230400,False
099_SVDB_id_16_Medical_tr_1115_1st_1215.csv,SVDB,CBLOF,,training_ACF_unknown_6_to_303,,,,,0.000889381826651,0.0711328125,230400,False
100_SVDB_id_17_Medical_tr_17803_1st_17903.csv,SVDB,CBLOF,,training_ACF_unknown_6_to_303,,,,,0.000141787923554,0.030222392638,130400,False
101_SVDB_id_18_Medical_tr_1851_1st_1951.csv,SVDB,CBLOF,,training_ACF_unknown_6_to_303,,,,,-0.0117770570767,0.0698871527778,230400,False
102_SVDB_id_19_Medical_tr_50000_1st_107354.csv,SVDB,CBLOF,,training_ACF_unknown_6_to_303,,,,,0.00277152350626,0.0580555555556,230400,False
103_SVDB_id_20_Medical_tr_12167_1st_12267.csv,SVDB,CBLOF,,training_ACF_unknown_6_to_303,,,,,0.000779103315213,0.0266970486111,230400,False
104_SVDB_id_21_Medical_tr_50000_1st_106634.csv,SVDB,CBLOF,,training_ACF_unknown_6_to_303,,,,,-3.10026175967e-05,0.0152039930556,230400,False
105_SVDB_id_22_Medical_tr_500_1st_417.csv,SVDB,CBLOF,,training_ACF_unknown_6_to_303,,,,,-0.00404380619289,0.0855133333333,150000,False
106_SVDB_id_23_Medical_tr_37500_1st_121963.csv,SVDB,CBLOF,,training_ACF_unknown_6_to_303,,,,,0.000210328211652,0.00450666666667,150000,False
108_SVDB_id_25_Medical_tr_1238_1st_1338.csv,SVDB,CBLOF,,training_ACF_unknown_6_to_303,,,,,-0.0147352346462,0.0305902777778,230400,False
109_SVDB_id_26_Medical_tr_1038_1st_1138.csv,SVDB,CBLOF,,training_ACF_unknown_6_to_303,,,,,-0.00238907352349,0.0903645833333,230400,False
110_SVDB_id_27_Medical_tr_30824_1st_30924.csv,SVDB,CBLOF,,training_ACF_unknown_6_to_303,,,,,9.55021936653e-05,0.0340581597222,230400,False
111_SVDB_id_28_Medical_tr_1791_1st_1891.csv,SVDB,CBLOF,,training_ACF_unknown_6_to_303,,,,,0.00282823740707,0.0953993055556,230400,False
112_SVDB_id_29_Medical_tr_8226_1st_8326.csv,SVDB,CBLOF,,training_ACF_unknown_6_to_303,,,,,-0.000228878966647,0.0111067708333,230400,False
114_SVDB_id_31_Medical_tr_25000_1st_63090.csv,SVDB,CBLOF,,training_ACF_unknown_6_to_303,,,,,0.000174729937973,0.00497,100000,False
115_PSM_id_1_Facility_tr_50000_1st_129872.csv,PSM,CBLOF,,training_ACF_unknown_6_to_303,,,,,-0.0161930659049,0.112032680219,217624,False
116_TAO_id_1_Environment_tr_500_1st_3.csv,TAO,CBLOF,,training_ACF_unknown_6_to_303,,,,,-0.013319245127,0.0492,10000,False
117_TAO_id_2_Environment_tr_500_1st_1.csv,TAO,CBLOF,,training_ACF_unknown_6_to_303,,,,,-0.0102370799664,0.1395,10000,False
118_TAO_id_3_Environment_tr_500_1st_7.csv,TAO,CBLOF,,training_ACF_unknown_6_to_303,,,,,-0.0173966227776,0.0488,10000,False
119_TAO_id_4_Environment_tr_500_1st_1.csv,TAO,CBLOF,,training_ACF_unknown_6_to_303,,,,,-0.0133254546835,0.0945,10000,False
121_TAO_id_6_Environment_tr_500_1st_7.csv,TAO,CBLOF,,training_ACF_unknown_6_to_303,,,,,-0.00600151805128,0.1409,10000,False
122_TAO_id_7_Environment_tr_500_1st_19.csv,TAO,CBLOF,,training_ACF_unknown_6_to_303,,,,,-0.00566923169736,0.0948,10000,False
123_TAO_id_8_Environment_tr_500_1st_62.csv,TAO,CBLOF,,training_ACF_unknown_6_to_303,,,,,-0.00583637354345,0.0487,10000,False
124_TAO_id_9_Environment_tr_500_1st_1.csv,TAO,CBLOF,,training_ACF_unknown_6_to_303,,,,,-0.0137432594499,0.0483,10000,False
125_TAO_id_10_Environment_tr_500_1st_9.csv,TAO,CBLOF,,training_ACF_unknown_6_to_303,,,,,-0.00573594705981,0.0943,10000,False
127_TAO_id_12_Environment_tr_500_1st_24.csv,TAO,CBLOF,,training_ACF_unknown_6_to_303,,,,,-0.0154682011251,0.0485,10000,False
128_TAO_id_13_Environment_tr_500_1st_7.csv,TAO,CBLOF,,training_ACF_unknown_6_to_303,,,,,-0.00600151805128,0.1409,10000,False
129_OPPORTUNITY_id_1_HumanActivity_tr_1801_1st_1901.csv,OPPORTUNITY,CBLOF,,training_ACF_unknown_6_to_303,,,,,-0.14662570324,0.0291985582959,24693,False
130_OPPORTUNITY_id_2_HumanActivity_tr_1045_1st_1145.csv,OPPORTUNITY,CBLOF,,training_ACF_unknown_6_to_303,,,,,-0.347983930831,0.0908562572646,5162,False
132_OPPORTUNITY_id_4_HumanActivity_tr_895_1st_995.csv,OPPORTUNITY,CBLOF,,training_ACF_unknown_6_to_303,,,,,-0.124216726565,0.0469805856484,9323,False
133_OPPORTUNITY_id_5_HumanActivity_tr_1745_1st_6500.csv,OPPORTUNITY,CBLOF,,training_ACF_unknown_6_to_303,,,,,0.180954342713,0.0687679083095,6980,False
134_OPPORTUNITY_id_6_HumanActivity_tr_1477_1st_1577.csv,OPPORTUNITY,CBLOF,,training_ACF_unknown_6_to_303,,,,,-0.131019777546,0.0214956100515,16515,False
135_OPPORTUNITY_id_7_HumanActivity_tr_2085_1st_2185.csv,OPPORTUNITY,CBLOF,,training_ACF_unknown_6_to_303,,,,,-0.246784594524,0.0376854325993,21706,False
136_OPPORTUNITY_id_8_HumanActivity_tr_1495_1st_1595.csv,OPPORTUNITY,CBLOF,,training_ACF_unknown_6_to_303,,,,,-0.163297732745,0.0231747562016,26969,False
137_CreditCard_id_1_Finance_tr_500_1st_541.csv,CreditCard,CBLOF,,training_ACF_unknown_6_to_303,,,,,-0.0111424631047,0.00172748563062,284807,False
138_CATSv2_id_1_Sensor_tr_16568_1st_16668.csv,CATSv2,CBLOF,,training_ACF_unknown_6_to_303,,,,,0.0177313831682,0.02,100000,False
139_CATSv2_id_2_Sensor_tr_5592_1st_5692.csv,CATSv2,CBLOF,,training_ACF_unknown_6_to_303,,,,,-0.0800276364745,0.0338461538462,195000,False
141_CATSv2_id_4_Sensor_tr_41727_1st_41827.csv,CATSv2,CBLOF,,training_ACF_unknown_6_to_303,,,,,0.0137489043737,0.0302564102564,195000,False
142_CATSv2_id_5_Sensor_tr_30704_1st_30804.csv,CATSv2,CBLOF,,training_ACF_unknown_6_to_303,,,,,-0.0374795434964,0.0488571428571,350000,False
143_CATSv2_id_6_Sensor_tr_50000_1st_60232.csv,CATSv2,CBLOF,,training_ACF_unknown_6_to_303,,,,,0.00181896967958,0.02,200000,False
144_SMAP_id_1_Sensor_tr_2052_1st_5300.csv,SMAP,CBLOF,,training_ACF_unknown_6_to_303,,,,,0.461683873,0.136557436959,8209,False
145_SMAP_id_2_Sensor_tr_2133_1st_5400.csv,SMAP,CBLOF,,training_ACF_unknown_6_to_303,,,,,0.036365209024,0.0730192217534,8532,False
146_SMAP_id_3_Sensor_tr_2128_1st_5000.csv,SMAP,CBLOF,,training_ACF_unknown_6_to_303,,,,,-0.00241412031029,0.0346488137186,8514,False
147_SMAP_id_4_Sensor_tr_2160_1st_6449.csv,SMAP,CBLOF,,training_ACF_unknown_6_to_303,,,,,-0.00272586301978,0.0140046296296,8640,False
148_SMAP_id_5_Sensor_tr_2011_1st_5060.csv,SMAP,CBLOF,,training_ACF_unknown_6_to_303,,,,,0.00812636777243,0.00882645450025,8044,False
150_SMAP_id_7_Sensor_tr_2077_1st_5394.csv,SMAP,CBLOF,,training_ACF_unknown_6_to_303,,,,,0.0696042910229,0.0338146811071,8310,False
151_SMAP_id_8_Sensor_tr_1971_1st_4870.csv,SMAP,CBLOF,,training_ACF_unknown_6_to_303,,,,,0.0234565921951,0.0102739726027,7884,False
152_SMAP_id_9_Sensor_tr_2073_1st_5600.csv,SMAP,CBLOF,,training_ACF_unknown_6_to_303,,,,,-0.00554154777082,0.0387026766337,8294,False
153_SMAP_id_10_Sensor_tr_1840_1st_4030.csv,SMAP,CBLOF,,training_ACF_unknown_6_to_303,,,,,-0.0125979380063,0.00556989539465,7361,False
154_SMAP_id_11_Sensor_tr_2117_1st_4770.csv,SMAP,CBLOF,,training_ACF_unknown_6_to_303,,,,,0.00772144405427,0.0142874011099,8469,False
155_SMAP_id_12_Sensor_tr_1907_1st_4800.csv,SMAP,CBLOF,,training_ACF_unknown_6_to_303,,,,,0.066044272282,0.00668589407446,7628,False
156_SMAP_id_13_Sensor_tr_1173_1st_2750.csv,SMAP,CBLOF,,training_ACF_unknown_6_to_303,,,,,-0.198727037912,0.0108672490944,4693,False
157_SMAP_id_14_Sensor_tr_2126_1st_5000.csv,SMAP,CBLOF,,training_ACF_unknown_6_to_303,,,,,-0.00376434837175,0.0378600823045,8505,False
158_SMAP_id_15_Sensor_tr_2075_1st_5610.csv,SMAP,CBLOF,,training_ACF_unknown_6_to_303,,,,,0.0921597702969,0.00795180722892,8300,False
159_SMAP_id_16_Sensor_tr_1757_1st_2650.csv,SMAP,CBLOF,,training_ACF_unknown_6_to_303,,,,,0,0.0381277564376,7029,False
160_SMAP_id_17_Sensor_tr_1832_1st_5300.csv,SMAP,CBLOF,,training_ACF_unknown_6_to_303,,,,,0.00311704160487,0.0611103532942,7331,False
161_SMAP_id_18_Sensor_tr_2075_1st_5550.csv,SMAP,CBLOF,,training_ACF_unknown_6_to_303,,,,,-0.00215572966802,0.0422789689232,8302,False
162_SMAP_id_19_Sensor_tr_1908_1st_4690.csv,SMAP,CBLOF,,training_ACF_unknown_6_to_303,,,,,0.0322453421966,0.00406184486373,7632,False
163_SMAP_id_20_Sensor_tr_2051_1st_4575.csv,SMAP,CBLOF,,training_ACF_unknown_6_to_303,,,,,0.00866124606094,0.0226691042048,8205,False
165_SMAP_id_22_Sensor_tr_2129_1st_5000.csv,SMAP,CBLOF,,training_ACF_unknown_6_to_303,,,,,-0.00216917698484,0.059652418976,8516,False
166_SMAP_id_23_Sensor_tr_1113_1st_1890.csv,SMAP,CBLOF,,training_ACF_unknown_6_to_303,,,,,0.00400918953053,0.00920727599371,4453,False
167_SMAP_id_24_Sensor_tr_2094_1st_5600.csv,SMAP,CBLOF,,training_ACF_unknown_6_to_303,,,,,-0.0439065591705,0.00489493791786,8376,False
168_SMAP_id_25_Sensor_tr_1998_1st_2098.csv,SMAP,CBLOF,,training_ACF_unknown_6_to_303,,,,,0.0110172832017,0.0214477211796,8579,False
169_SMAP_id_26_Sensor_tr_1811_1st_4510.csv,SMAP,CBLOF,,training_ACF_unknown_6_to_303,,,,,-0.0121252204586,0.011181667587,7244,False
170_SMAP_id_27_Sensor_tr_2160_1st_4690.csv,SMAP,CBLOF,,training_ACF_unknown_6_to_303,,,,,-0.00425106555208,0.00983796296296,8640,False
171_SWaT_id_1_Sensor_tr_3749_1st_9522.csv,SWaT,CBLOF,,training_ACF_unknown_6_to_303,,,,,0.1824890351,0.132435316084,14996,False
172_SWaT_id_2_Sensor_tr_23700_1st_23800.csv,SWaT,CBLOF,,training_ACF_unknown_6_to_303,,,,,0.0895104498365,0.125320377376,399919,False
173_GECCO_id_1_Sensor_tr_16165_1st_16265.csv,GECCO,CBLOF,,training_ACF_unknown_6_to_303,,,,,-0.252106393376,0.0124602045899,138521,False
174_Exathlon_id_1_Facility_tr_10766_1st_12590.csv,Exathlon,CBLOF,,training_ACF_unknown_6_to_303,,,,,0.0944132049507,0.126248084336,43066,False
175_Exathlon_id_2_Facility_tr_10684_1st_10784.csv,Exathlon,CBLOF,,training_ACF_unknown_6_to_303,,,,,0.0525303761126,0.0811685528121,46656,False
176_Exathlon_id_3_Facility_tr_10766_1st_12590.csv,Exathlon,CBLOF,,training_ACF_unknown_6_to_303,,,,,0.032470303116,0.126248084336,43066,False
177_Exathlon_id_4_Facility_tr_11665_1st_13484.csv,Exathlon,CBLOF,,training_ACF_unknown_6_to_303,,,,,0.0270568410951,0.0627518216888,46660,False
179_Exathlon_id_6_Facility_tr_11665_1st_13484.csv,Exathlon,CBLOF,,training_ACF_unknown_6_to_303,,,,,0.170380750802,0.0627518216888,46660,False
180_Exathlon_id_7_Facility_tr_10766_1st_12590.csv,Exathlon,CBLOF,,training_ACF_unknown_6_to_303,,,,,0.032470303116,0.126248084336,43066,False
181_Exathlon_id_8_Facility_tr_11663_1st_13482.csv,Exathlon,CBLOF,,training_ACF_unknown_6_to_303,,,,,0.032575492263,0.0631872253778,46655,False
182_Exathlon_id_9_Facility_tr_10766_1st_12590.csv,Exathlon,CBLOF,,training_ACF_unknown_6_to_303,,,,,0.032470303116,0.126248084336,43066,False
183_Exathlon_id_10_Facility_tr_11665_1st_13484.csv,Exathlon,CBLOF,,training_ACF_unknown_6_to_303,,,,,0.0270568410951,0.0627518216888,46660,False
184_Exathlon_id_11_Facility_tr_11665_1st_13484.csv,Exathlon,CBLOF,,training_ACF_unknown_6_to_303,,,,,0.0270568410951,0.0627518216888,46660,False
185_Exathlon_id_12_Facility_tr_11665_1st_13484.csv,Exathlon,CBLOF,,training_ACF_unknown_6_to_303,,,,,0.0270568410951,0.0627518216888,46660,False
186_Exathlon_id_13_Facility_tr_10766_1st_12590.csv,Exathlon,CBLOF,,training_ACF_unknown_6_to_303,,,,,0.032470303116,0.126248084336,43066,False
187_Exathlon_id_14_Facility_tr_6193_1st_6293.csv,Exathlon,CBLOF,,training_ACF_unknown_6_to_303,,,,,0.00558066239196,0.124667809687,46660,False
188_Exathlon_id_15_Facility_tr_12538_1st_12638.csv,Exathlon,CBLOF,,training_ACF_unknown_6_to_303,,,,,-0.329141744271,0.124654597243,129197,False
189_Exathlon_id_16_Facility_tr_11663_1st_13482.csv,Exathlon,CBLOF,,training_ACF_unknown_6_to_303,,,,,0.032575492263,0.0631872253778,46655,False
190_Exathlon_id_17_Facility_tr_12538_1st_12638.csv,Exathlon,CBLOF,,training_ACF_unknown_6_to_303,,,,,-0.329141744271,0.124654597243,129197,False
191_Exathlon_id_18_Facility_tr_11665_1st_13484.csv,Exathlon,CBLOF,,training_ACF_unknown_6_to_303,,,,,0.0270568410951,0.0627518216888,46660,False
192_Exathlon_id_19_Facility_tr_11665_1st_13484.csv,Exathlon,CBLOF,,training_ACF_unknown_6_to_303,,,,,0.0270568410951,0.0627518216888,46660,False
193_Exathlon_id_20_Facility_tr_8898_1st_8998.csv,Exathlon,CBLOF,,training_ACF_unknown_6_to_303,,,,,0.0604420319081,0.0834083601286,46650,False
194_Exathlon_id_21_Facility_tr_6985_1st_7085.csv,Exathlon,CBLOF,,training_ACF_unknown_6_to_303,,,,,0.00454007212775,0.104096550837,46649,False
196_Exathlon_id_23_Facility_tr_11665_1st_13484.csv,Exathlon,CBLOF,,training_ACF_unknown_6_to_303,,,,,0.0270568410951,0.0627518216888,46660,False
197_Exathlon_id_24_Facility_tr_10766_1st_12590.csv,Exathlon,CBLOF,,training_ACF_unknown_6_to_303,,,,,0.032470303116,0.126248084336,43066,False
198_Exathlon_id_25_Facility_tr_12538_1st_12638.csv,Exathlon,CBLOF,,training_ACF_unknown_6_to_303,,,,,-0.329141744271,0.124654597243,129197,False
199_Exathlon_id_26_Facility_tr_12538_1st_12638.csv,Exathlon,CBLOF,,training_ACF_unknown_6_to_303,,,,,-0.329141744271,0.124654597243,129197,False
200_Exathlon_id_27_Facility_tr_10766_1st_12590.csv,Exathlon,CBLOF,,training_ACF_unknown_6_to_303,,,,,0.032470303116,0.126248084336,43066,False
001_Genesis_id_1_Sensor_tr_4055_1st_15538.csv,Genesis,CNN,51,candidate_TSB_pin_not_release_environment,50,0.00308261405672,False,,0.0018895280014,0.00308261405672,16220,True
002_MSL_id_1_Sensor_tr_500_1st_900.csv,MSL,CNN,51,candidate_TSB_pin_not_release_environment,50,0.0273672687466,False,,0.179057004149,0.00602079912425,1827,True
003_MSL_id_2_Sensor_tr_883_1st_1238.csv,MSL,CNN,51,candidate_TSB_pin_not_release_environment,50,0.01414427157,False,,-0.0230535777738,0.0644978783593,3535,True
005_MSL_id_4_Sensor_tr_855_1st_2700.csv,MSL,CNN,51,candidate_TSB_pin_not_release_environment,50,0.0146113383986,False,,0.13193299198,0.020748100526,3422,True
006_MSL_id_5_Sensor_tr_1150_1st_1250.csv,MSL,CNN,51,candidate_TSB_pin_not_release_environment,50,0.00989315393748,False,,-0.0153750422651,0.083696082311,5054,True
007_MSL_id_6_Sensor_tr_980_1st_3550.csv,MSL,CNN,51,candidate_TSB_pin_not_release_environment,50,0.0127485976543,False,,-0.0306094871326,0.0385007649159,3922,True
008_MSL_id_7_Sensor_tr_656_1st_1630.csv,MSL,CNN,51,candidate_TSB_pin_not_release_environment,50,0.0190476190476,False,,0.714913051072,0.0845714285714,2625,True
009_MSL_id_8_Sensor_tr_714_1st_1390.csv,MSL,CNN,51,candidate_TSB_pin_not_release_environment,50,0.0175070028011,False,False,0.15438166393,0.00735294117647,2856,True
010_MSL_id_9_Sensor_tr_554_1st_1172.csv,MSL,CNN,51,candidate_TSB_pin_not_release_environment,50,0.0225529995489,False,,-0.00700684699871,0.0311231393775,2217,True
012_MSL_id_11_Sensor_tr_539_1st_940.csv,MSL,CNN,51,candidate_TSB_pin_not_release_environment,50,0.0231910946197,False,,-0.0800894851273,0.0468460111317,2156,True
013_MSL_id_12_Sensor_tr_554_1st_1200.csv,MSL,CNN,51,candidate_TSB_pin_not_release_environment,50,0.0225428313796,False,,0.271505843199,0.0117222723174,2218,True
014_MSL_id_13_Sensor_tr_1525_1st_4575.csv,MSL,CNN,51,candidate_TSB_pin_not_release_environment,50,0.00819672131148,False,,0.276049813614,0.0296721311475,6100,True
015_MSL_id_14_Sensor_tr_575_1st_1250.csv,MSL,CNN,51,candidate_TSB_pin_not_release_environment,50,0.0217108119844,False,,0.354726488372,0.130699088146,2303,True
016_MSL_id_15_Sensor_tr_500_1st_780.csv,MSL,CNN,51,candidate_TSB_pin_not_release_environment,50,0.0456204379562,False,,0.337885988767,0.102189781022,1096,True
017_MSL_id_16_Sensor_tr_512_1st_1850.csv,MSL,CNN,51,candidate_TSB_pin_not_release_environment,50,0.024402147389,False,,0.743339353709,0.0883357735481,2049,True
018_Daphnet_id_1_HumanActivity_tr_9693_1st_20732.csv,Daphnet,CNN,51,candidate_TSB_pin_not_release_environment,50,0.00128952390777,False,False,0.131905888141,0.0594728426265,38774,True
019_MITDB_id_1_Medical_tr_37500_1st_103211.csv,MITDB,CNN,51,candidate_TSB_pin_not_release_environment,50,0.000333333333333,False,,0.0445883154444,0.124066666667,150000,True
020_MITDB_id_2_Medical_tr_50000_1st_52315.csv,MITDB,CNN,51,candidate_TSB_pin_not_release_environment,50,7.69230769231e-05,False,,-0.0608771646087,0.00161076923077,650000,True
021_MITDB_id_3_Medical_tr_50000_1st_57595.csv,MITDB,CNN,51,candidate_TSB_pin_not_release_environment,50,0.0001,False,,0.00344177224024,0.01762,500000,True
022_MITDB_id_4_Medical_tr_50000_1st_54253.csv,MITDB,CNN,51,candidate_TSB_pin_not_release_environment,50,0.000166666666667,False,,0.000764448344814,0.04431,300000,True
024_MITDB_id_6_Medical_tr_50000_1st_58118.csv,MITDB,CNN,51,candidate_TSB_pin_not_release_environment,50,0.00025,False,,-0.0595916012517,0.001765,200000,True
025_MITDB_id_7_Medical_tr_37500_1st_88864.csv,MITDB,CNN,51,candidate_TSB_pin_not_release_environment,50,0.000333333333333,False,,-0.0441017274363,0.02464,150000,True
026_MITDB_id_8_Medical_tr_30495_1st_30595.csv,MITDB,CNN,51,candidate_TSB_pin_not_release_environment,50,0.000125,False,,-0.00692427820742,0.0655825,400000,True
027_MITDB_id_9_Medical_tr_25000_1st_52255.csv,MITDB,CNN,51,candidate_TSB_pin_not_release_environment,50,0.0005,False,,-0.0683699009985,0.00433,100000,True
029_MITDB_id_11_Medical_tr_50000_1st_518037.csv,MITDB,CNN,51,candidate_TSB_pin_not_release_environment,50,8.33333333333e-05,False,,0.0933838369037,0.00291666666667,600000,True
030_MITDB_id_12_Medical_tr_50000_1st_84572.csv,MITDB,CNN,51,candidate_TSB_pin_not_release_environment,50,8.06451612903e-05,False,,-0.00535018178659,0.0431790322581,620000,True
031_MITDB_id_13_Medical_tr_50000_1st_79433.csv,MITDB,CNN,51,candidate_TSB_pin_not_release_environment,50,0.000111111111111,False,,-0.00100488280549,0.0217933333333,450000,True
032_GHL_id_1_Sensor_tr_50000_1st_65001.csv,GHL,CNN,51,candidate_TSB_pin_not_release_environment,50,0.000249998750006,False,False,-0.00393256935329,0.00924995375023,200001,True
033_GHL_id_2_Sensor_tr_50000_1st_51001.csv,GHL,CNN,51,candidate_TSB_pin_not_release_environment,50,0.000249998750006,False,False,-0.00233605386078,0.00923495382523,200001,True
034_GHL_id_3_Sensor_tr_50000_1st_122001.csv,GHL,CNN,51,candidate_TSB_pin_not_release_environment,50,0.000249998750006,False,False,0.00760392455225,0.00959495202524,200001,True
035_GHL_id_4_Sensor_tr_50000_1st_90001.csv,GHL,CNN,51,candidate_TSB_pin_not_release_environment,50,0.000249998750006,False,False,-0.000301643225128,0.0135649321753,200001,True
036_GHL_id_5_Sensor_tr_50000_1st_67147.csv,GHL,CNN,51,candidate_TSB_pin_not_release_environment,50,0.000249998750006,False,False,-0.000587026973219,0.0114149429253,200001,True
037_GHL_id_6_Sensor_tr_50000_1st_80001.csv,GHL,CNN,51,candidate_TSB_pin_not_release_environment,50,0.000249998750006,False,False,-0.00148112063328,0.00932995335023,200001,True
038_GHL_id_7_Sensor_tr_50000_1st_100001.csv,GHL,CNN,51,candidate_TSB_pin_not_release_environment,50,0.000249998750006,False,False,0.00225801288459,0.00847495762521,200001,True
039_GHL_id_8_Sensor_tr_50000_1st_63030.csv,GHL,CNN,51,candidate_TSB_pin_not_release_environment,50,0.000249998750006,False,False,-0.00625750962798,0.00583997080015,200001,True
041_GHL_id_10_Sensor_tr_50000_1st_57001.csv,GHL,CNN,51,candidate_TSB_pin_not_release_environment,50,0.000249998750006,False,False,-0.0113610791317,0.00927495362523,200001,True
042_GHL_id_11_Sensor_tr_50000_1st_150001.csv,GHL,CNN,51,candidate_TSB_pin_not_release_environment,50,0.000249998750006,False,False,0.0041002376365,0.00772996135019,200001,True
043_GHL_id_12_Sensor_tr_39938_1st_40038.csv,GHL,CNN,51,candidate_TSB_pin_not_release_environment,50,0.000249998750006,False,False,-0.00746321616495,0.00525497372513,200001,True
044_GHL_id_13_Sensor_tr_50000_1st_145001.csv,GHL,CNN,51,candidate_TSB_pin_not_release_environment,50,0.000249998750006,False,False,0.0117309092437,0.00924495377523,200001,True
045_GHL_id_14_Sensor_tr_50000_1st_85076.csv,GHL,CNN,51,candidate_TSB_pin_not_release_environment,50,0.000249998750006,False,False,-0.0860333116483,0.00885495572522,200001,True
046_GHL_id_15_Sensor_tr_50000_1st_156462.csv,GHL,CNN,51,candidate_TSB_pin_not_release_environment,50,0.000249998750006,False,False,0.00552063898572,0.00619496902515,200001,True
047_GHL_id_16_Sensor_tr_50000_1st_77001.csv,GHL,CNN,51,candidate_TSB_pin_not_release_environment,50,0.000249998750006,False,False,-0.00481346738237,0.0136399318003,200001,True
048_GHL_id_17_Sensor_tr_50000_1st_154001.csv,GHL,CNN,51,candidate_TSB_pin_not_release_environment,50,0.000249998750006,False,False,0.0140815503693,0.0179149104254,200001,True
050_GHL_id_19_Sensor_tr_43750_1st_55001.csv,GHL,CNN,51,candidate_TSB_pin_not_release_environment,50,0.000285712653071,False,False,-0.0203413286384,0.00645139170633,175001,True
051_GHL_id_20_Sensor_tr_50000_1st_75110.csv,GHL,CNN,51,candidate_TSB_pin_not_release_environment,50,0.000249998750006,False,False,-0.00745514653426,0.00595497022515,200001,True
052_GHL_id_21_Sensor_tr_50000_1st_98001.csv,GHL,CNN,51,candidate_TSB_pin_not_release_environment,50,0.000249998750006,False,False,-0.00266063050151,0.00485497572512,200001,True
053_GHL_id_22_Sensor_tr_50000_1st_126448.csv,GHL,CNN,51,candidate_TSB_pin_not_release_environment,50,0.000249998750006,False,False,0.00859160201937,0.0324598377008,200001,True
054_GHL_id_23_Sensor_tr_50000_1st_135001.csv,GHL,CNN,51,candidate_TSB_pin_not_release_environment,50,0.000249998750006,False,False,0.0111546798443,0.0186699066505,200001,True
055_GHL_id_24_Sensor_tr_50000_1st_118124.csv,GHL,CNN,51,candidate_TSB_pin_not_release_environment,50,0.000249998750006,False,False,-0.00104892203588,0.00504497477513,200001,True
056_GHL_id_25_Sensor_tr_50000_1st_105568.csv,GHL,CNN,51,candidate_TSB_pin_not_release_environment,50,0.000249998750006,False,False,-0.00592736202903,0.0157199214004,200001,True
057_SMD_id_1_Facility_tr_4529_1st_4629.csv,SMD,CNN,51,candidate_TSB_pin_not_release_environment,50,0.00211023887904,False,False,0.156585468092,0.0228749894488,23694,True
058_SMD_id_2_Facility_tr_1087_1st_1187.csv,SMD,CNN,51,candidate_TSB_pin_not_release_environment,50,0.00174058344357,False,,0.0329377351077,0.0415651326325,28726,True
059_SMD_id_3_Facility_tr_757_1st_857.csv,SMD,CNN,51,candidate_TSB_pin_not_release_environment,50,0.00211068428384,False,False,-0.298337220507,0.0113554814471,23689,True
060_SMD_id_4_Facility_tr_7176_1st_10609.csv,SMD,CNN,51,candidate_TSB_pin_not_release_environment,50,0.00174185681937,False,False,-0.240385394156,0.0151193171921,28705,True
061_SMD_id_5_Facility_tr_7176_1st_15144.csv,SMD,CNN,51,candidate_TSB_pin_not_release_environment,50,0.00174191750279,False,False,0.0359871152255,0.0477633779264,28704,True
063_SMD_id_7_Facility_tr_5923_1st_6506.csv,SMD,CNN,51,candidate_TSB_pin_not_release_environment,50,0.00211023887904,False,,0.0503215530133,0.0493795897696,23694,True
064_SMD_id_8_Facility_tr_2272_1st_2372.csv,SMD,CNN,51,candidate_TSB_pin_not_release_environment,50,0.00235815686459,False,False,0.0582975547254,0.0368815733623,21203,True
065_SMD_id_9_Facility_tr_737_1st_837.csv,SMD,CNN,51,candidate_TSB_pin_not_release_environment,50,0.00210997172638,False,False,-0.134640575557,0.101194243997,23697,True
066_SMD_id_10_Facility_tr_2634_1st_2734.csv,SMD,CNN,51,candidate_TSB_pin_not_release_environment,50,0.00211086249842,False,False,0.597039346275,0.0412462532191,23687,True
067_SMD_id_11_Facility_tr_1980_1st_2080.csv,SMD,CNN,51,candidate_TSB_pin_not_release_environment,50,0.00220235211206,False,False,-0.0564079587326,0.0477029467471,22703,True
068_SMD_id_12_Facility_tr_1099_1st_1199.csv,SMD,CNN,51,candidate_TSB_pin_not_release_environment,50,0.0017413715042,False,False,-0.00407739093345,0.0105527113154,28713,True
069_SMD_id_13_Facility_tr_5925_1st_12760.csv,SMD,CNN,51,candidate_TSB_pin_not_release_environment,50,0.00210970464135,False,,0.0409784349518,0.119535864979,23700,True
070_SMD_id_14_Facility_tr_1070_1st_1170.csv,SMD,CNN,51,candidate_TSB_pin_not_release_environment,50,0.00173955397836,False,,0.0244791843719,0.0147514177365,28743,True
071_SMD_id_15_Facility_tr_1109_1st_1209.csv,SMD,CNN,51,candidate_TSB_pin_not_release_environment,50,0.00174216027875,False,False,0.229268910371,0.0107317073171,28700,True
073_SMD_id_17_Facility_tr_5926_1st_10620.csv,SMD,CNN,51,candidate_TSB_pin_not_release_environment,50,0.00210917067409,False,,-0.112120497982,0.00421834134818,23706,True
074_SMD_id_18_Facility_tr_7174_1st_21230.csv,SMD,CNN,51,candidate_TSB_pin_not_release_environment,50,0.00174240312239,False,False,-0.127941172273,0.00689991636465,28696,True
075_SMD_id_19_Facility_tr_564_1st_664.csv,SMD,CNN,51,candidate_TSB_pin_not_release_environment,50,0.00211006076975,False,False,-0.260561676873,0.0175979068197,23696,True
076_SMD_id_20_Facility_tr_5925_1st_17580.csv,SMD,CNN,51,candidate_TSB_pin_not_release_environment,50,0.00210943762393,False,False,0.00101677025053,0.00679238914905,23703,True
077_SMD_id_21_Facility_tr_3026_1st_3126.csv,SMD,CNN,51,candidate_TSB_pin_not_release_environment,50,0.0023577120762,False,False,-0.115824032324,0.0324421181685,21207,True
078_SMD_id_22_Facility_tr_500_1st_326.csv,SMD,CNN,51,candidate_TSB_pin_not_release_environment,50,0.00211032794496,False,False,-0.496092146364,0.0441902671675,23693,True
079_LTDB_id_1_Medical_tr_3618_1st_3718.csv,LTDB,CNN,51,candidate_TSB_pin_not_release_environment,50,0.0005,False,,0.0605278980599,0.14781,100000,True
080_LTDB_id_2_Medical_tr_500_1st_266.csv,LTDB,CNN,51,candidate_TSB_pin_not_release_environment,50,0.0005,False,False,0.00571410497875,0.14857,100000,True
081_LTDB_id_3_Medical_tr_500_1st_26.csv,LTDB,CNN,51,candidate_TSB_pin_not_release_environment,50,0.0005,True,,0.00927609365405,0.31565,100000,True
083_LTDB_id_5_Medical_tr_15502_1st_15602.csv,LTDB,CNN,51,candidate_TSB_pin_not_release_environment,50,0.0005,False,,-0.0539072785879,0.00505,100000,True
084_SVDB_id_1_Medical_tr_12973_1st_13073.csv,SVDB,CNN,51,candidate_TSB_pin_not_release_environment,50,0.000217013888889,False,,0.0226891682253,0.0153515625,230400,True
085_SVDB_id_2_Medical_tr_50000_1st_54982.csv,SVDB,CNN,51,candidate_TSB_pin_not_release_environment,50,0.000217013888889,False,,-0.0273489409381,0.0372309027778,230400,True
086_SVDB_id_3_Medical_tr_533_1st_633.csv,SVDB,CNN,51,candidate_TSB_pin_not_release_environment,50,0.000217013888889,False,,0.00383611544681,0.0699696180556,230400,True
087_SVDB_id_4_Medical_tr_5421_1st_5521.csv,SVDB,CNN,51,candidate_TSB_pin_not_release_environment,50,0.000217013888889,False,,0.0260392632891,0.0555946180556,230400,True
088_SVDB_id_5_Medical_tr_500_1st_168.csv,SVDB,CNN,51,candidate_TSB_pin_not_release_environment,50,0.000217013888889,False,,0.000966140808627,0.0992100694444,230400,True
089_SVDB_id_6_Medical_tr_50000_1st_83083.csv,SVDB,CNN,51,candidate_TSB_pin_not_release_environment,50,0.000217013888889,False,,-0.0126843270983,0.0134895833333,230400,True
091_SVDB_id_8_Medical_tr_500_1st_126.csv,SVDB,CNN,51,candidate_TSB_pin_not_release_environment,50,0.000217013888889,False,,-0.00326143933672,0.0773524305556,230400,True
092_SVDB_id_9_Medical_tr_2674_1st_2774.csv,SVDB,CNN,51,candidate_TSB_pin_not_release_environment,50,0.000217013888889,False,,-0.0353048528555,0.0525260416667,230400,True
093_SVDB_id_10_Medical_tr_500_1st_37.csv,SVDB,CNN,51,candidate_TSB_pin_not_release_environment,50,0.000217013888889,True,,-0.0446206864477,0.0785894097222,230400,True
094_SVDB_id_11_Medical_tr_20100_1st_23611.csv,SVDB,CNN,51,candidate_TSB_pin_not_release_environment,50,0.000621890547264,False,,-0.0397813309662,0.0117537313433,80400,True
095_SVDB_id_12_Medical_tr_6264_1st_6364.csv,SVDB,CNN,51,candidate_TSB_pin_not_release_environment,50,0.000217013888889,False,,0.00143476357246,0.0323958333333,230400,True
096_SVDB_id_13_Medical_tr_500_1st_444.csv,SVDB,CNN,51,candidate_TSB_pin_not_release_environment,50,0.000217013888889,False,,-0.00168583899176,0.0335633680556,230400,True
097_SVDB_id_14_Medical_tr_1031_1st_1131.csv,SVDB,CNN,51,candidate_TSB_pin_not_release_environment,50,0.000217013888889,False,,0.0459959955693,0.120611979167,230400,True
098_SVDB_id_15_Medical_tr_500_1st_303.csv,SVDB,CNN,51,candidate_TSB_pin_not_release_environment,50,0.000217013888889,False,,0.00226783365562,0.0633637152778,230400,True
099_SVDB_id_16_Medical_tr_1115_1st_1215.csv,SVDB,CNN,51,candidate_TSB_pin_not_release_environment,50,0.000217013888889,False,,0.0213564923768,0.0711328125,230400,True
100_SVDB_id_17_Medical_tr_17803_1st_17903.csv,SVDB,CNN,51,candidate_TSB_pin_not_release_environment,50,0.000383435582822,False,,0.0302611668428,0.030222392638,130400,True
101_SVDB_id_18_Medical_tr_1851_1st_1951.csv,SVDB,CNN,51,candidate_TSB_pin_not_release_environment,50,0.000217013888889,False,,0.00867157415812,0.0698871527778,230400,True
102_SVDB_id_19_Medical_tr_50000_1st_107354.csv,SVDB,CNN,51,candidate_TSB_pin_not_release_environment,50,0.000217013888889,False,,0.00858208359978,0.0580555555556,230400,True
103_SVDB_id_20_Medical_tr_12167_1st_12267.csv,SVDB,CNN,51,candidate_TSB_pin_not_release_environment,50,0.000217013888889,False,,0.00402114668479,0.0266970486111,230400,True
104_SVDB_id_21_Medical_tr_50000_1st_106634.csv,SVDB,CNN,51,candidate_TSB_pin_not_release_environment,50,0.000217013888889,False,,0.0420737595029,0.0152039930556,230400,True
105_SVDB_id_22_Medical_tr_500_1st_417.csv,SVDB,CNN,51,candidate_TSB_pin_not_release_environment,50,0.000333333333333,False,,-0.0040705380568,0.0855133333333,150000,True
106_SVDB_id_23_Medical_tr_37500_1st_121963.csv,SVDB,CNN,51,candidate_TSB_pin_not_release_environment,50,0.000333333333333,False,,0.0383067972332,0.00450666666667,150000,True
108_SVDB_id_25_Medical_tr_1238_1st_1338.csv,SVDB,CNN,51,candidate_TSB_pin_not_release_environment,50,0.000217013888889,False,,-0.0214580851678,0.0305902777778,230400,True
109_SVDB_id_26_Medical_tr_1038_1st_1138.csv,SVDB,CNN,51,candidate_TSB_pin_not_release_environment,50,0.000217013888889,False,,-0.0212443320463,0.0903645833333,230400,True
110_SVDB_id_27_Medical_tr_30824_1st_30924.csv,SVDB,CNN,51,candidate_TSB_pin_not_release_environment,50,0.000217013888889,False,,-0.00119798577141,0.0340581597222,230400,True
111_SVDB_id_28_Medical_tr_1791_1st_1891.csv,SVDB,CNN,51,candidate_TSB_pin_not_release_environment,50,0.000217013888889,False,,-5.39360887324e-05,0.0953993055556,230400,True
112_SVDB_id_29_Medical_tr_8226_1st_8326.csv,SVDB,CNN,51,candidate_TSB_pin_not_release_environment,50,0.000217013888889,False,,-0.000308993502311,0.0111067708333,230400,True
114_SVDB_id_31_Medical_tr_25000_1st_63090.csv,SVDB,CNN,51,candidate_TSB_pin_not_release_environment,50,0.0005,False,,-0.000532394802368,0.00497,100000,True
115_PSM_id_1_Facility_tr_50000_1st_129872.csv,PSM,CNN,51,candidate_TSB_pin_not_release_environment,50,0.000229754071242,False,,-0.192827790748,0.112032680219,217624,True
116_TAO_id_1_Environment_tr_500_1st_3.csv,TAO,CNN,51,candidate_TSB_pin_not_release_environment,50,0.005,True,True,-0.000620238967261,0.0492,10000,True
117_TAO_id_2_Environment_tr_500_1st_1.csv,TAO,CNN,51,candidate_TSB_pin_not_release_environment,50,0.005,True,,-0.00183133591173,0.1395,10000,True
118_TAO_id_3_Environment_tr_500_1st_7.csv,TAO,CNN,51,candidate_TSB_pin_not_release_environment,50,0.005,True,True,-0.000567634289374,0.0488,10000,True
119_TAO_id_4_Environment_tr_500_1st_1.csv,TAO,CNN,51,candidate_TSB_pin_not_release_environment,50,0.005,True,True,-0.00169859786159,0.0945,10000,True
121_TAO_id_6_Environment_tr_500_1st_7.csv,TAO,CNN,51,candidate_TSB_pin_not_release_environment,50,0.005,True,,-0.00127173631536,0.1409,10000,True
122_TAO_id_7_Environment_tr_500_1st_19.csv,TAO,CNN,51,candidate_TSB_pin_not_release_environment,50,0.005,True,True,-0.00166409910171,0.0948,10000,True
123_TAO_id_8_Environment_tr_500_1st_62.csv,TAO,CNN,51,candidate_TSB_pin_not_release_environment,50,0.005,False,False,4.19055281797e-06,0.0487,10000,True
124_TAO_id_9_Environment_tr_500_1st_1.csv,TAO,CNN,51,candidate_TSB_pin_not_release_environment,50,0.005,True,True,-0.00068931661475,0.0483,10000,True
125_TAO_id_10_Environment_tr_500_1st_9.csv,TAO,CNN,51,candidate_TSB_pin_not_release_environment,50,0.005,True,True,-0.000514930607163,0.0943,10000,True
127_TAO_id_12_Environment_tr_500_1st_24.csv,TAO,CNN,51,candidate_TSB_pin_not_release_environment,50,0.005,True,True,-0.000629947395489,0.0485,10000,True
128_TAO_id_13_Environment_tr_500_1st_7.csv,TAO,CNN,51,candidate_TSB_pin_not_release_environment,50,0.005,True,,-0.00128075004304,0.1409,10000,True
129_OPPORTUNITY_id_1_HumanActivity_tr_1801_1st_1901.csv,OPPORTUNITY,CNN,51,candidate_TSB_pin_not_release_environment,50,0.00202486534645,False,False,-0.164217607915,0.0291985582959,24693,True
130_OPPORTUNITY_id_2_HumanActivity_tr_1045_1st_1145.csv,OPPORTUNITY,CNN,51,candidate_TSB_pin_not_release_environment,50,0.00968616815188,False,False,-0.287580450133,0.0908562572646,5162,True
132_OPPORTUNITY_id_4_HumanActivity_tr_895_1st_995.csv,OPPORTUNITY,CNN,51,candidate_TSB_pin_not_release_environment,50,0.00536308055347,False,False,-0.175511950927,0.0469805856484,9323,True
133_OPPORTUNITY_id_5_HumanActivity_tr_1745_1st_6500.csv,OPPORTUNITY,CNN,51,candidate_TSB_pin_not_release_environment,50,0.00716332378223,False,False,0.0777128750068,0.0687679083095,6980,True
134_OPPORTUNITY_id_6_HumanActivity_tr_1477_1st_1577.csv,OPPORTUNITY,CNN,51,candidate_TSB_pin_not_release_environment,50,0.00302755071147,False,False,-0.188193572705,0.0214956100515,16515,True
135_OPPORTUNITY_id_7_HumanActivity_tr_2085_1st_2185.csv,OPPORTUNITY,CNN,51,candidate_TSB_pin_not_release_environment,50,0.00230351055008,False,False,-0.17770631395,0.0376854325993,21706,True
136_OPPORTUNITY_id_8_HumanActivity_tr_1495_1st_1595.csv,OPPORTUNITY,CNN,51,candidate_TSB_pin_not_release_environment,50,0.00185398049613,False,False,-0.114123437632,0.0231747562016,26969,True
137_CreditCard_id_1_Finance_tr_500_1st_541.csv,CreditCard,CNN,51,candidate_TSB_pin_not_release_environment,50,0.000175557482787,False,False,-0.0120605381682,0.00172748563062,284807,True
138_CATSv2_id_1_Sensor_tr_16568_1st_16668.csv,CATSv2,CNN,51,candidate_TSB_pin_not_release_environment,50,0.0005,False,False,0.0134846242097,0.02,100000,True
139_CATSv2_id_2_Sensor_tr_5592_1st_5692.csv,CATSv2,CNN,51,candidate_TSB_pin_not_release_environment,50,0.00025641025641,False,False,-0.00867783683461,0.0338461538462,195000,True
141_CATSv2_id_4_Sensor_tr_41727_1st_41827.csv,CATSv2,CNN,51,candidate_TSB_pin_not_release_environment,50,0.00025641025641,False,False,0.0130277219404,0.0302564102564,195000,True
142_CATSv2_id_5_Sensor_tr_30704_1st_30804.csv,CATSv2,CNN,51,candidate_TSB_pin_not_release_environment,50,0.000142857142857,False,False,0.0175275831617,0.0488571428571,350000,True
143_CATSv2_id_6_Sensor_tr_50000_1st_60232.csv,CATSv2,CNN,51,candidate_TSB_pin_not_release_environment,50,0.00025,False,False,-0.00723191411536,0.02,200000,True
144_SMAP_id_1_Sensor_tr_2052_1st_5300.csv,SMAP,CNN,51,candidate_TSB_pin_not_release_environment,50,0.00609087586795,False,,0.492165902767,0.136557436959,8209,True
145_SMAP_id_2_Sensor_tr_2133_1st_5400.csv,SMAP,CNN,51,candidate_TSB_pin_not_release_environment,50,0.00586029067042,False,,0.10162819829,0.0730192217534,8532,True
146_SMAP_id_3_Sensor_tr_2128_1st_5000.csv,SMAP,CNN,51,candidate_TSB_pin_not_release_environment,50,0.00587268029128,False,,0.205958176386,0.0346488137186,8514,True
147_SMAP_id_4_Sensor_tr_2160_1st_6449.csv,SMAP,CNN,51,candidate_TSB_pin_not_release_environment,50,0.00578703703704,False,,-0.00284493897636,0.0140046296296,8640,True
148_SMAP_id_5_Sensor_tr_2011_1st_5060.csv,SMAP,CNN,51,candidate_TSB_pin_not_release_environment,50,0.00621581302834,False,False,0.16746499029,0.00882645450025,8044,True
150_SMAP_id_7_Sensor_tr_2077_1st_5394.csv,SMAP,CNN,51,candidate_TSB_pin_not_release_environment,50,0.00601684717208,False,,0.221163916459,0.0338146811071,8310,True
151_SMAP_id_8_Sensor_tr_1971_1st_4870.csv,SMAP,CNN,51,candidate_TSB_pin_not_release_environment,50,0.00634195839675,False,,0.0671770607826,0.0102739726027,7884,True
152_SMAP_id_9_Sensor_tr_2073_1st_5600.csv,SMAP,CNN,51,candidate_TSB_pin_not_release_environment,50,0.00602845430432,False,,0.184283336932,0.0387026766337,8294,True
153_SMAP_id_10_Sensor_tr_1840_1st_4030.csv,SMAP,CNN,51,candidate_TSB_pin_not_release_environment,50,0.00679255535933,False,,0.548562731449,0.00556989539465,7361,True
154_SMAP_id_11_Sensor_tr_2117_1st_4770.csv,SMAP,CNN,51,candidate_TSB_pin_not_release_environment,50,0.00590388475617,False,False,0.00534177681968,0.0142874011099,8469,True
155_SMAP_id_12_Sensor_tr_1907_1st_4800.csv,SMAP,CNN,51,candidate_TSB_pin_not_release_environment,50,0.00655479811222,False,,0.141595745835,0.00668589407446,7628,True
156_SMAP_id_13_Sensor_tr_1173_1st_2750.csv,SMAP,CNN,51,candidate_TSB_pin_not_release_environment,50,0.0106541657788,False,False,-0.0331866583468,0.0108672490944,4693,True
157_SMAP_id_14_Sensor_tr_2126_1st_5000.csv,SMAP,CNN,51,candidate_TSB_pin_not_release_environment,50,0.00587889476778,False,,0.195488754507,0.0378600823045,8505,True
158_SMAP_id_15_Sensor_tr_2075_1st_5610.csv,SMAP,CNN,51,candidate_TSB_pin_not_release_environment,50,0.00602409638554,False,,0.785000271383,0.00795180722892,8300,True
159_SMAP_id_16_Sensor_tr_1757_1st_2650.csv,SMAP,CNN,51,candidate_TSB_pin_not_release_environment,50,0.00711338739508,False,,0.107106682221,0.0381277564376,7029,True
160_SMAP_id_17_Sensor_tr_1832_1st_5300.csv,SMAP,CNN,51,candidate_TSB_pin_not_release_environment,50,0.00682035193016,False,,0.00237284439991,0.0611103532942,7331,True
161_SMAP_id_18_Sensor_tr_2075_1st_5550.csv,SMAP,CNN,51,candidate_TSB_pin_not_release_environment,50,0.00602264514575,False,,0.188247216307,0.0422789689232,8302,True
162_SMAP_id_19_Sensor_tr_1908_1st_4690.csv,SMAP,CNN,51,candidate_TSB_pin_not_release_environment,50,0.00655136268344,False,,-0.0488276759314,0.00406184486373,7632,True
163_SMAP_id_20_Sensor_tr_2051_1st_4575.csv,SMAP,CNN,51,candidate_TSB_pin_not_release_environment,50,0.00609384521633,False,,0.00342635428573,0.0226691042048,8205,True
165_SMAP_id_22_Sensor_tr_2129_1st_5000.csv,SMAP,CNN,51,candidate_TSB_pin_not_release_environment,50,0.00587130108032,False,,0.0980707493777,0.059652418976,8516,True
166_SMAP_id_23_Sensor_tr_1113_1st_1890.csv,SMAP,CNN,51,candidate_TSB_pin_not_release_environment,50,0.0112283853582,False,False,-0.00273837261316,0.00920727599371,4453,True
167_SMAP_id_24_Sensor_tr_2094_1st_5600.csv,SMAP,CNN,51,candidate_TSB_pin_not_release_environment,50,0.0059694364852,False,False,0.362301131299,0.00489493791786,8376,True
168_SMAP_id_25_Sensor_tr_1998_1st_2098.csv,SMAP,CNN,51,candidate_TSB_pin_not_release_environment,50,0.00582818510316,False,,0.0545733485064,0.0214477211796,8579,True
169_SMAP_id_26_Sensor_tr_1811_1st_4510.csv,SMAP,CNN,51,candidate_TSB_pin_not_release_environment,50,0.00690226394257,False,,0.27781139038,0.011181667587,7244,True
170_SMAP_id_27_Sensor_tr_2160_1st_4690.csv,SMAP,CNN,51,candidate_TSB_pin_not_release_environment,50,0.00578703703704,False,,0.0894350202817,0.00983796296296,8640,True
171_SWaT_id_1_Sensor_tr_3749_1st_9522.csv,SWaT,CNN,51,candidate_TSB_pin_not_release_environment,50,0.00333422245932,False,False,0.156480875346,0.132435316084,14996,True
172_SWaT_id_2_Sensor_tr_23700_1st_23800.csv,SWaT,CNN,51,candidate_TSB_pin_not_release_environment,50,0.000125025317627,False,False,-0.0681900514643,0.125320377376,399919,True
173_GECCO_id_1_Sensor_tr_16165_1st_16265.csv,GECCO,CNN,51,candidate_TSB_pin_not_release_environment,50,0.000360956100519,False,False,-0.116310508897,0.0124602045899,138521,True
174_Exathlon_id_1_Facility_tr_10766_1st_12590.csv,Exathlon,CNN,51,candidate_TSB_pin_not_release_environment,50,0.00116100868434,False,,0.0994798400252,0.126248084336,43066,True
175_Exathlon_id_2_Facility_tr_10684_1st_10784.csv,Exathlon,CNN,51,candidate_TSB_pin_not_release_environment,50,0.00107167352538,False,,0.00293739510885,0.0811685528121,46656,True
176_Exathlon_id_3_Facility_tr_10766_1st_12590.csv,Exathlon,CNN,51,candidate_TSB_pin_not_release_environment,50,0.00116100868434,False,,0.059890922447,0.126248084336,43066,True
177_Exathlon_id_4_Facility_tr_11665_1st_13484.csv,Exathlon,CNN,51,candidate_TSB_pin_not_release_environment,50,0.00107158165452,False,,0.0513913914231,0.0627518216888,46660,True
179_Exathlon_id_6_Facility_tr_11665_1st_13484.csv,Exathlon,CNN,51,candidate_TSB_pin_not_release_environment,50,0.00107158165452,False,False,0.187209493193,0.0627518216888,46660,True
180_Exathlon_id_7_Facility_tr_10766_1st_12590.csv,Exathlon,CNN,51,candidate_TSB_pin_not_release_environment,50,0.00116100868434,False,,0.0456883163869,0.126248084336,43066,True
181_Exathlon_id_8_Facility_tr_11663_1st_13482.csv,Exathlon,CNN,51,candidate_TSB_pin_not_release_environment,50,0.00107169649555,False,,0.0171223915653,0.0631872253778,46655,True
182_Exathlon_id_9_Facility_tr_10766_1st_12590.csv,Exathlon,CNN,51,candidate_TSB_pin_not_release_environment,50,0.00116100868434,False,,0.0455582049898,0.126248084336,43066,True
183_Exathlon_id_10_Facility_tr_11665_1st_13484.csv,Exathlon,CNN,51,candidate_TSB_pin_not_release_environment,50,0.00107158165452,False,,0.049183314687,0.0627518216888,46660,True
184_Exathlon_id_11_Facility_tr_11665_1st_13484.csv,Exathlon,CNN,51,candidate_TSB_pin_not_release_environment,50,0.00107158165452,False,,0.0457071595113,0.0627518216888,46660,True
185_Exathlon_id_12_Facility_tr_11665_1st_13484.csv,Exathlon,CNN,51,candidate_TSB_pin_not_release_environment,50,0.00107158165452,False,,0.0472052997748,0.0627518216888,46660,True
186_Exathlon_id_13_Facility_tr_10766_1st_12590.csv,Exathlon,CNN,51,candidate_TSB_pin_not_release_environment,50,0.00116100868434,False,,0.0500230815587,0.126248084336,43066,True
187_Exathlon_id_14_Facility_tr_6193_1st_6293.csv,Exathlon,CNN,51,candidate_TSB_pin_not_release_environment,50,0.00107158165452,False,,0.0144890330782,0.124667809687,46660,True
188_Exathlon_id_15_Facility_tr_12538_1st_12638.csv,Exathlon,CNN,51,candidate_TSB_pin_not_release_environment,50,0.00038700589023,False,False,-0.305648020753,0.124654597243,129197,True
189_Exathlon_id_16_Facility_tr_11663_1st_13482.csv,Exathlon,CNN,51,candidate_TSB_pin_not_release_environment,50,0.00107169649555,False,,0.0217345704724,0.0631872253778,46655,True
190_Exathlon_id_17_Facility_tr_12538_1st_12638.csv,Exathlon,CNN,51,candidate_TSB_pin_not_release_environment,50,0.00038700589023,False,False,-0.310716719277,0.124654597243,129197,True
191_Exathlon_id_18_Facility_tr_11665_1st_13484.csv,Exathlon,CNN,51,candidate_TSB_pin_not_release_environment,50,0.00107158165452,False,,0.038210767139,0.0627518216888,46660,True
192_Exathlon_id_19_Facility_tr_11665_1st_13484.csv,Exathlon,CNN,51,candidate_TSB_pin_not_release_environment,50,0.00107158165452,False,,0.0465255894007,0.0627518216888,46660,True
193_Exathlon_id_20_Facility_tr_8898_1st_8998.csv,Exathlon,CNN,51,candidate_TSB_pin_not_release_environment,50,0.0010718113612,False,,0.0154475539722,0.0834083601286,46650,True
194_Exathlon_id_21_Facility_tr_6985_1st_7085.csv,Exathlon,CNN,51,candidate_TSB_pin_not_release_environment,50,0.00107183433728,False,,0.00112471091263,0.104096550837,46649,True
196_Exathlon_id_23_Facility_tr_11665_1st_13484.csv,Exathlon,CNN,51,candidate_TSB_pin_not_release_environment,50,0.00107158165452,False,,0.0517851268635,0.0627518216888,46660,True
197_Exathlon_id_24_Facility_tr_10766_1st_12590.csv,Exathlon,CNN,51,candidate_TSB_pin_not_release_environment,50,0.00116100868434,False,,0.0556208164181,0.126248084336,43066,True
198_Exathlon_id_25_Facility_tr_12538_1st_12638.csv,Exathlon,CNN,51,candidate_TSB_pin_not_release_environment,50,0.00038700589023,False,False,-0.315372824768,0.124654597243,129197,True
199_Exathlon_id_26_Facility_tr_12538_1st_12638.csv,Exathlon,CNN,51,candidate_TSB_pin_not_release_environment,50,0.00038700589023,False,False,-0.309162970152,0.124654597243,129197,True
200_Exathlon_id_27_Facility_tr_10766_1st_12590.csv,Exathlon,CNN,51,candidate_TSB_pin_not_release_environment,50,0.00116100868434,False,,0.0501812359409,0.126248084336,43066,True
001_Genesis_id_1_Sensor_tr_4055_1st_15538.csv,Genesis,FITS,100,candidate_TSB_pin_not_release_environment,99,0.00610357583231,False,,0.0132677451276,0.00308261405672,16220,True
002_MSL_id_1_Sensor_tr_500_1st_900.csv,MSL,FITS,100,candidate_TSB_pin_not_release_environment,99,0.0541871921182,False,,0.28969475839,0.00602079912425,1827,True
003_MSL_id_2_Sensor_tr_883_1st_1238.csv,MSL,FITS,100,candidate_TSB_pin_not_release_environment,99,0.0280056577086,False,,0.00738624686462,0.0644978783593,3535,True
005_MSL_id_4_Sensor_tr_855_1st_2700.csv,MSL,FITS,100,candidate_TSB_pin_not_release_environment,99,0.0289304500292,False,,0.0309552925579,0.020748100526,3422,True
006_MSL_id_5_Sensor_tr_1150_1st_1250.csv,MSL,FITS,100,candidate_TSB_pin_not_release_environment,99,0.0195884447962,False,,0.000748332030434,0.083696082311,5054,True
007_MSL_id_6_Sensor_tr_980_1st_3550.csv,MSL,FITS,100,candidate_TSB_pin_not_release_environment,99,0.0252422233554,False,,0.00250470430501,0.0385007649159,3922,True
008_MSL_id_7_Sensor_tr_656_1st_1630.csv,MSL,FITS,100,candidate_TSB_pin_not_release_environment,99,0.0377142857143,False,,0.231141397949,0.0845714285714,2625,True
009_MSL_id_8_Sensor_tr_714_1st_1390.csv,MSL,FITS,100,candidate_TSB_pin_not_release_environment,99,0.0346638655462,False,False,0.103182240665,0.00735294117647,2856,True
010_MSL_id_9_Sensor_tr_554_1st_1172.csv,MSL,FITS,100,candidate_TSB_pin_not_release_environment,99,0.0446549391069,False,,-0.00831515647,0.0311231393775,2217,True
012_MSL_id_11_Sensor_tr_539_1st_940.csv,MSL,FITS,100,candidate_TSB_pin_not_release_environment,99,0.0459183673469,False,,0.0615399825321,0.0468460111317,2156,True
013_MSL_id_12_Sensor_tr_554_1st_1200.csv,MSL,FITS,100,candidate_TSB_pin_not_release_environment,99,0.0446348061317,False,,0.186095550122,0.0117222723174,2218,True
014_MSL_id_13_Sensor_tr_1525_1st_4575.csv,MSL,FITS,100,candidate_TSB_pin_not_release_environment,99,0.0162295081967,False,,0.201578233168,0.0296721311475,6100,True
015_MSL_id_14_Sensor_tr_575_1st_1250.csv,MSL,FITS,100,candidate_TSB_pin_not_release_environment,99,0.042987407729,False,,0.135856580715,0.130699088146,2303,True
016_MSL_id_15_Sensor_tr_500_1st_780.csv,MSL,FITS,100,candidate_TSB_pin_not_release_environment,99,0.0903284671533,False,,0.117638411805,0.102189781022,1096,True
017_MSL_id_16_Sensor_tr_512_1st_1850.csv,MSL,FITS,100,candidate_TSB_pin_not_release_environment,99,0.0483162518302,False,,0.573878992175,0.0883357735481,2049,True
018_Daphnet_id_1_HumanActivity_tr_9693_1st_20732.csv,Daphnet,FITS,100,candidate_TSB_pin_not_release_environment,99,0.00255325733739,False,False,0.00118901507274,0.0594728426265,38774,True
019_MITDB_id_1_Medical_tr_37500_1st_103211.csv,MITDB,FITS,100,candidate_TSB_pin_not_release_environment,99,0.00066,False,,0.00451022672715,0.124066666667,150000,True
020_MITDB_id_2_Medical_tr_50000_1st_52315.csv,MITDB,FITS,100,candidate_TSB_pin_not_release_environment,99,0.000152307692308,False,,0.000131210997991,0.00161076923077,650000,True
021_MITDB_id_3_Medical_tr_50000_1st_57595.csv,MITDB,FITS,100,candidate_TSB_pin_not_release_environment,99,0.000198,False,,0.00026552951571,0.01762,500000,True
022_MITDB_id_4_Medical_tr_50000_1st_54253.csv,MITDB,FITS,100,candidate_TSB_pin_not_release_environment,99,0.00033,False,,0.00147541417226,0.04431,300000,True
024_MITDB_id_6_Medical_tr_50000_1st_58118.csv,MITDB,FITS,100,candidate_TSB_pin_not_release_environment,99,0.000495,False,,0.00796160146556,0.001765,200000,True
025_MITDB_id_7_Medical_tr_37500_1st_88864.csv,MITDB,FITS,100,candidate_TSB_pin_not_release_environment,99,0.00066,False,,-0.00339035448391,0.02464,150000,True
026_MITDB_id_8_Medical_tr_30495_1st_30595.csv,MITDB,FITS,100,candidate_TSB_pin_not_release_environment,99,0.0002475,False,,0.00332748960437,0.0655825,400000,True
027_MITDB_id_9_Medical_tr_25000_1st_52255.csv,MITDB,FITS,100,candidate_TSB_pin_not_release_environment,99,0.00099,False,,0.000383236896227,0.00433,100000,True
029_MITDB_id_11_Medical_tr_50000_1st_518037.csv,MITDB,FITS,100,candidate_TSB_pin_not_release_environment,99,0.000165,False,,0.132901215359,0.00291666666667,600000,True
030_MITDB_id_12_Medical_tr_50000_1st_84572.csv,MITDB,FITS,100,candidate_TSB_pin_not_release_environment,99,0.000159677419355,False,,0.00316449312606,0.0431790322581,620000,True
031_MITDB_id_13_Medical_tr_50000_1st_79433.csv,MITDB,FITS,100,candidate_TSB_pin_not_release_environment,99,0.00022,False,,0.00349132877299,0.0217933333333,450000,True
032_GHL_id_1_Sensor_tr_50000_1st_65001.csv,GHL,FITS,100,candidate_TSB_pin_not_release_environment,99,0.000494997525012,False,False,-0.000116405584361,0.00924995375023,200001,True
033_GHL_id_2_Sensor_tr_50000_1st_51001.csv,GHL,FITS,100,candidate_TSB_pin_not_release_environment,99,0.000494997525012,False,False,-0.000107593125202,0.00923495382523,200001,True
034_GHL_id_3_Sensor_tr_50000_1st_122001.csv,GHL,FITS,100,candidate_TSB_pin_not_release_environment,99,0.000494997525012,False,False,-0.00010698636228,0.00959495202524,200001,True
035_GHL_id_4_Sensor_tr_50000_1st_90001.csv,GHL,FITS,100,candidate_TSB_pin_not_release_environment,99,0.000494997525012,False,False,-0.00015475274699,0.0135649321753,200001,True
036_GHL_id_5_Sensor_tr_50000_1st_67147.csv,GHL,FITS,100,candidate_TSB_pin_not_release_environment,99,0.000494997525012,False,False,-5.45010940029e-05,0.0114149429253,200001,True
037_GHL_id_6_Sensor_tr_50000_1st_80001.csv,GHL,FITS,100,candidate_TSB_pin_not_release_environment,99,0.000494997525012,False,False,-0.000102419889605,0.00932995335023,200001,True
038_GHL_id_7_Sensor_tr_50000_1st_100001.csv,GHL,FITS,100,candidate_TSB_pin_not_release_environment,99,0.000494997525012,False,False,8.0152506085e-06,0.00847495762521,200001,True
039_GHL_id_8_Sensor_tr_50000_1st_63030.csv,GHL,FITS,100,candidate_TSB_pin_not_release_environment,99,0.000494997525012,False,False,-5.76981955323e-05,0.00583997080015,200001,True
041_GHL_id_10_Sensor_tr_50000_1st_57001.csv,GHL,FITS,100,candidate_TSB_pin_not_release_environment,99,0.000494997525012,False,False,-7.813234923e-07,0.00927495362523,200001,True
042_GHL_id_11_Sensor_tr_50000_1st_150001.csv,GHL,FITS,100,candidate_TSB_pin_not_release_environment,99,0.000494997525012,False,False,-3.65364010649e-05,0.00772996135019,200001,True
043_GHL_id_12_Sensor_tr_39938_1st_40038.csv,GHL,FITS,100,candidate_TSB_pin_not_release_environment,99,0.000494997525012,False,False,-3.46021749165e-05,0.00525497372513,200001,True
044_GHL_id_13_Sensor_tr_50000_1st_145001.csv,GHL,FITS,100,candidate_TSB_pin_not_release_environment,99,0.000494997525012,False,False,-0.000120897163939,0.00924495377523,200001,True
045_GHL_id_14_Sensor_tr_50000_1st_85076.csv,GHL,FITS,100,candidate_TSB_pin_not_release_environment,99,0.000494997525012,False,False,-9.79630656852e-05,0.00885495572522,200001,True
046_GHL_id_15_Sensor_tr_50000_1st_156462.csv,GHL,FITS,100,candidate_TSB_pin_not_release_environment,99,0.000494997525012,False,False,0.00266448654713,0.00619496902515,200001,True
047_GHL_id_16_Sensor_tr_50000_1st_77001.csv,GHL,FITS,100,candidate_TSB_pin_not_release_environment,99,0.000494997525012,False,False,-1.6702217144e-06,0.0136399318003,200001,True
048_GHL_id_17_Sensor_tr_50000_1st_154001.csv,GHL,FITS,100,candidate_TSB_pin_not_release_environment,99,0.000494997525012,False,False,-0.000274259561964,0.0179149104254,200001,True
050_GHL_id_19_Sensor_tr_43750_1st_55001.csv,GHL,FITS,100,candidate_TSB_pin_not_release_environment,99,0.00056571105308,False,False,-0.00172698849399,0.00645139170633,175001,True
051_GHL_id_20_Sensor_tr_50000_1st_75110.csv,GHL,FITS,100,candidate_TSB_pin_not_release_environment,99,0.000494997525012,False,False,-2.14570191075e-05,0.00595497022515,200001,True
052_GHL_id_21_Sensor_tr_50000_1st_98001.csv,GHL,FITS,100,candidate_TSB_pin_not_release_environment,99,0.000494997525012,False,False,-3.61234379156e-05,0.00485497572512,200001,True
053_GHL_id_22_Sensor_tr_50000_1st_126448.csv,GHL,FITS,100,candidate_TSB_pin_not_release_environment,99,0.000494997525012,False,False,-2.69529933862e-05,0.0324598377008,200001,True
054_GHL_id_23_Sensor_tr_50000_1st_135001.csv,GHL,FITS,100,candidate_TSB_pin_not_release_environment,99,0.000494997525012,False,False,-0.000241398332548,0.0186699066505,200001,True
055_GHL_id_24_Sensor_tr_50000_1st_118124.csv,GHL,FITS,100,candidate_TSB_pin_not_release_environment,99,0.000494997525012,False,False,-3.53551499627e-05,0.00504497477513,200001,True
056_GHL_id_25_Sensor_tr_50000_1st_105568.csv,GHL,FITS,100,candidate_TSB_pin_not_release_environment,99,0.000494997525012,False,False,5.13629706693e-05,0.0157199214004,200001,True
057_SMD_id_1_Facility_tr_4529_1st_4629.csv,SMD,FITS,100,candidate_TSB_pin_not_release_environment,99,0.0041782729805,False,False,0.111056585864,0.0228749894488,23694,True
058_SMD_id_2_Facility_tr_1087_1st_1187.csv,SMD,FITS,100,candidate_TSB_pin_not_release_environment,99,0.00344635521827,False,,0.0954327308139,0.0415651326325,28726,True
059_SMD_id_3_Facility_tr_757_1st_857.csv,SMD,FITS,100,candidate_TSB_pin_not_release_environment,99,0.00417915488201,False,False,-0.0932013352775,0.0113554814471,23689,True
060_SMD_id_4_Facility_tr_7176_1st_10609.csv,SMD,FITS,100,candidate_TSB_pin_not_release_environment,99,0.00344887650235,False,False,0.0980335299304,0.0151193171921,28705,True
061_SMD_id_5_Facility_tr_7176_1st_15144.csv,SMD,FITS,100,candidate_TSB_pin_not_release_environment,99,0.00344899665552,False,False,-0.0145223136134,0.0477633779264,28704,True
063_SMD_id_7_Facility_tr_5923_1st_6506.csv,SMD,FITS,100,candidate_TSB_pin_not_release_environment,99,0.0041782729805,False,,0.0680877267107,0.0493795897696,23694,True
064_SMD_id_8_Facility_tr_2272_1st_2372.csv,SMD,FITS,100,candidate_TSB_pin_not_release_environment,99,0.0046691505919,False,False,-0.070637973492,0.0368815733623,21203,True
065_SMD_id_9_Facility_tr_737_1st_837.csv,SMD,FITS,100,candidate_TSB_pin_not_release_environment,99,0.00417774401823,False,False,-0.0219798990398,0.101194243997,23697,True
066_SMD_id_10_Facility_tr_2634_1st_2734.csv,SMD,FITS,100,candidate_TSB_pin_not_release_environment,99,0.00417950774687,False,False,0.38219632975,0.0412462532191,23687,True
067_SMD_id_11_Facility_tr_1980_1st_2080.csv,SMD,FITS,100,candidate_TSB_pin_not_release_environment,99,0.00436065718187,False,False,-0.0128862203512,0.0477029467471,22703,True
068_SMD_id_12_Facility_tr_1099_1st_1199.csv,SMD,FITS,100,candidate_TSB_pin_not_release_environment,99,0.00344791557831,False,False,-0.013316729372,0.0105527113154,28713,True
069_SMD_id_13_Facility_tr_5925_1st_12760.csv,SMD,FITS,100,candidate_TSB_pin_not_release_environment,99,0.00417721518987,False,,0.0263640267596,0.119535864979,23700,True
070_SMD_id_14_Facility_tr_1070_1st_1170.csv,SMD,FITS,100,candidate_TSB_pin_not_release_environment,99,0.00344431687715,False,,0.0806584131343,0.0147514177365,28743,True
071_SMD_id_15_Facility_tr_1109_1st_1209.csv,SMD,FITS,100,candidate_TSB_pin_not_release_environment,99,0.00344947735192,False,False,0.157495191859,0.0107317073171,28700,True
073_SMD_id_17_Facility_tr_5926_1st_10620.csv,SMD,FITS,100,candidate_TSB_pin_not_release_environment,99,0.0041761579347,False,,0.195314373242,0.00421834134818,23706,True
074_SMD_id_18_Facility_tr_7174_1st_21230.csv,SMD,FITS,100,candidate_TSB_pin_not_release_environment,99,0.00344995818233,False,False,-0.147389397628,0.00689991636465,28696,True
075_SMD_id_19_Facility_tr_564_1st_664.csv,SMD,FITS,100,candidate_TSB_pin_not_release_environment,99,0.00417792032411,False,False,-0.0463093863697,0.0175979068197,23696,True
076_SMD_id_20_Facility_tr_5925_1st_17580.csv,SMD,FITS,100,candidate_TSB_pin_not_release_environment,99,0.00417668649538,False,False,0.310637150849,0.00679238914905,23703,True
077_SMD_id_21_Facility_tr_3026_1st_3126.csv,SMD,FITS,100,candidate_TSB_pin_not_release_environment,99,0.00466826991088,False,False,-0.0181149446782,0.0324421181685,21207,True
078_SMD_id_22_Facility_tr_500_1st_326.csv,SMD,FITS,100,candidate_TSB_pin_not_release_environment,99,0.00417844933103,False,False,-0.220333469643,0.0441902671675,23693,True
079_LTDB_id_1_Medical_tr_3618_1st_3718.csv,LTDB,FITS,100,candidate_TSB_pin_not_release_environment,99,0.00099,False,,-0.0692893516214,0.14781,100000,True
080_LTDB_id_2_Medical_tr_500_1st_266.csv,LTDB,FITS,100,candidate_TSB_pin_not_release_environment,99,0.00099,False,False,0.0264137534943,0.14857,100000,True
081_LTDB_id_3_Medical_tr_500_1st_26.csv,LTDB,FITS,100,candidate_TSB_pin_not_release_environment,99,0.00099,True,,0.0299649211181,0.31565,100000,True
083_LTDB_id_5_Medical_tr_15502_1st_15602.csv,LTDB,FITS,100,candidate_TSB_pin_not_release_environment,99,0.00099,False,,-0.00113064290925,0.00505,100000,True
084_SVDB_id_1_Medical_tr_12973_1st_13073.csv,SVDB,FITS,100,candidate_TSB_pin_not_release_environment,99,0.0004296875,False,,-0.00304304510586,0.0153515625,230400,True
085_SVDB_id_2_Medical_tr_50000_1st_54982.csv,SVDB,FITS,100,candidate_TSB_pin_not_release_environment,99,0.0004296875,False,,-0.00576822078375,0.0372309027778,230400,True
086_SVDB_id_3_Medical_tr_533_1st_633.csv,SVDB,FITS,100,candidate_TSB_pin_not_release_environment,99,0.0004296875,False,,0.0180971679958,0.0699696180556,230400,True
087_SVDB_id_4_Medical_tr_5421_1st_5521.csv,SVDB,FITS,100,candidate_TSB_pin_not_release_environment,99,0.0004296875,False,,0.0115502577537,0.0555946180556,230400,True
088_SVDB_id_5_Medical_tr_500_1st_168.csv,SVDB,FITS,100,candidate_TSB_pin_not_release_environment,99,0.0004296875,False,,0.0230767838767,0.0992100694444,230400,True
089_SVDB_id_6_Medical_tr_50000_1st_83083.csv,SVDB,FITS,100,candidate_TSB_pin_not_release_environment,99,0.0004296875,False,,9.16501108108e-05,0.0134895833333,230400,True
091_SVDB_id_8_Medical_tr_500_1st_126.csv,SVDB,FITS,100,candidate_TSB_pin_not_release_environment,99,0.0004296875,False,,0.00840917841679,0.0773524305556,230400,True
092_SVDB_id_9_Medical_tr_2674_1st_2774.csv,SVDB,FITS,100,candidate_TSB_pin_not_release_environment,99,0.0004296875,False,,0.0147855932572,0.0525260416667,230400,True
093_SVDB_id_10_Medical_tr_500_1st_37.csv,SVDB,FITS,100,candidate_TSB_pin_not_release_environment,99,0.0004296875,True,,-0.0967357847159,0.0785894097222,230400,True
094_SVDB_id_11_Medical_tr_20100_1st_23611.csv,SVDB,FITS,100,candidate_TSB_pin_not_release_environment,99,0.00123134328358,False,,-0.0015941395423,0.0117537313433,80400,True
095_SVDB_id_12_Medical_tr_6264_1st_6364.csv,SVDB,FITS,100,candidate_TSB_pin_not_release_environment,99,0.0004296875,False,,0.00859729862473,0.0323958333333,230400,True
096_SVDB_id_13_Medical_tr_500_1st_444.csv,SVDB,FITS,100,candidate_TSB_pin_not_release_environment,99,0.0004296875,False,,-4.24353482498e-05,0.0335633680556,230400,True
097_SVDB_id_14_Medical_tr_1031_1st_1131.csv,SVDB,FITS,100,candidate_TSB_pin_not_release_environment,99,0.0004296875,False,,-0.0175402338211,0.120611979167,230400,True
098_SVDB_id_15_Medical_tr_500_1st_303.csv,SVDB,FITS,100,candidate_TSB_pin_not_release_environment,99,0.0004296875,False,,-0.0268351282609,0.0633637152778,230400,True
099_SVDB_id_16_Medical_tr_1115_1st_1215.csv,SVDB,FITS,100,candidate_TSB_pin_not_release_environment,99,0.0004296875,False,,0.0504515209637,0.0711328125,230400,True
100_SVDB_id_17_Medical_tr_17803_1st_17903.csv,SVDB,FITS,100,candidate_TSB_pin_not_release_environment,99,0.000759202453988,False,,-0.0088492313181,0.030222392638,130400,True
101_SVDB_id_18_Medical_tr_1851_1st_1951.csv,SVDB,FITS,100,candidate_TSB_pin_not_release_environment,99,0.0004296875,False,,-0.0567231492978,0.0698871527778,230400,True
102_SVDB_id_19_Medical_tr_50000_1st_107354.csv,SVDB,FITS,100,candidate_TSB_pin_not_release_environment,99,0.0004296875,False,,0.00347469201312,0.0580555555556,230400,True
103_SVDB_id_20_Medical_tr_12167_1st_12267.csv,SVDB,FITS,100,candidate_TSB_pin_not_release_environment,99,0.0004296875,False,,-0.00631821924064,0.0266970486111,230400,True
104_SVDB_id_21_Medical_tr_50000_1st_106634.csv,SVDB,FITS,100,candidate_TSB_pin_not_release_environment,99,0.0004296875,False,,-0.00542870339577,0.0152039930556,230400,True
105_SVDB_id_22_Medical_tr_500_1st_417.csv,SVDB,FITS,100,candidate_TSB_pin_not_release_environment,99,0.00066,False,,0.0208649395056,0.0855133333333,150000,True
106_SVDB_id_23_Medical_tr_37500_1st_121963.csv,SVDB,FITS,100,candidate_TSB_pin_not_release_environment,99,0.00066,False,,-0.000249425875035,0.00450666666667,150000,True
108_SVDB_id_25_Medical_tr_1238_1st_1338.csv,SVDB,FITS,100,candidate_TSB_pin_not_release_environment,99,0.0004296875,False,,0.00198760318899,0.0305902777778,230400,True
109_SVDB_id_26_Medical_tr_1038_1st_1138.csv,SVDB,FITS,100,candidate_TSB_pin_not_release_environment,99,0.0004296875,False,,0.00694908942009,0.0903645833333,230400,True
110_SVDB_id_27_Medical_tr_30824_1st_30924.csv,SVDB,FITS,100,candidate_TSB_pin_not_release_environment,99,0.0004296875,False,,0.00491815946344,0.0340581597222,230400,True
111_SVDB_id_28_Medical_tr_1791_1st_1891.csv,SVDB,FITS,100,candidate_TSB_pin_not_release_environment,99,0.0004296875,False,,-0.0258239227187,0.0953993055556,230400,True
112_SVDB_id_29_Medical_tr_8226_1st_8326.csv,SVDB,FITS,100,candidate_TSB_pin_not_release_environment,99,0.0004296875,False,,-0.000831271683599,0.0111067708333,230400,True
114_SVDB_id_31_Medical_tr_25000_1st_63090.csv,SVDB,FITS,100,candidate_TSB_pin_not_release_environment,99,0.00099,False,,5.42861943168e-05,0.00497,100000,True
115_PSM_id_1_Facility_tr_50000_1st_129872.csv,PSM,FITS,100,candidate_TSB_pin_not_release_environment,99,0.000454913061059,False,,0.00045603660404,0.112032680219,217624,True
116_TAO_id_1_Environment_tr_500_1st_3.csv,TAO,FITS,100,candidate_TSB_pin_not_release_environment,99,0.0099,True,True,0.931306936827,0.0492,10000,True
117_TAO_id_2_Environment_tr_500_1st_1.csv,TAO,FITS,100,candidate_TSB_pin_not_release_environment,99,0.0099,True,,0.817880772802,0.1395,10000,True
118_TAO_id_3_Environment_tr_500_1st_7.csv,TAO,FITS,100,candidate_TSB_pin_not_release_environment,99,0.0099,True,True,0.938560968935,0.0488,10000,True
119_TAO_id_4_Environment_tr_500_1st_1.csv,TAO,FITS,100,candidate_TSB_pin_not_release_environment,99,0.0099,True,True,0.892609469448,0.0945,10000,True
121_TAO_id_6_Environment_tr_500_1st_7.csv,TAO,FITS,100,candidate_TSB_pin_not_release_environment,99,0.0099,True,,0.798336031866,0.1409,10000,True
122_TAO_id_7_Environment_tr_500_1st_19.csv,TAO,FITS,100,candidate_TSB_pin_not_release_environment,99,0.0099,True,True,0.887598579345,0.0948,10000,True
123_TAO_id_8_Environment_tr_500_1st_62.csv,TAO,FITS,100,candidate_TSB_pin_not_release_environment,99,0.0099,True,True,0.944847353519,0.0487,10000,True
124_TAO_id_9_Environment_tr_500_1st_1.csv,TAO,FITS,100,candidate_TSB_pin_not_release_environment,99,0.0099,True,True,0.941873535653,0.0483,10000,True
125_TAO_id_10_Environment_tr_500_1st_9.csv,TAO,FITS,100,candidate_TSB_pin_not_release_environment,99,0.0099,True,True,0.871355374397,0.0943,10000,True
127_TAO_id_12_Environment_tr_500_1st_24.csv,TAO,FITS,100,candidate_TSB_pin_not_release_environment,99,0.0099,True,True,0.940182139791,0.0485,10000,True
128_TAO_id_13_Environment_tr_500_1st_7.csv,TAO,FITS,100,candidate_TSB_pin_not_release_environment,99,0.0099,True,,0.843055714328,0.1409,10000,True
129_OPPORTUNITY_id_1_HumanActivity_tr_1801_1st_1901.csv,OPPORTUNITY,FITS,100,candidate_TSB_pin_not_release_environment,99,0.00400923338598,False,False,-0.0020433741887,0.0291985582959,24693,True
130_OPPORTUNITY_id_2_HumanActivity_tr_1045_1st_1145.csv,OPPORTUNITY,FITS,100,candidate_TSB_pin_not_release_environment,99,0.0191786129407,False,False,0.0587327809087,0.0908562572646,5162,True
132_OPPORTUNITY_id_4_HumanActivity_tr_895_1st_995.csv,OPPORTUNITY,FITS,100,candidate_TSB_pin_not_release_environment,99,0.0106188994959,False,False,0.005018599966,0.0469805856484,9323,True
133_OPPORTUNITY_id_5_HumanActivity_tr_1745_1st_6500.csv,OPPORTUNITY,FITS,100,candidate_TSB_pin_not_release_environment,99,0.0141833810888,False,False,0.355517002616,0.0687679083095,6980,True
134_OPPORTUNITY_id_6_HumanActivity_tr_1477_1st_1577.csv,OPPORTUNITY,FITS,100,candidate_TSB_pin_not_release_environment,99,0.00599455040872,False,False,-0.00223531705466,0.0214956100515,16515,True
135_OPPORTUNITY_id_7_HumanActivity_tr_2085_1st_2185.csv,OPPORTUNITY,FITS,100,candidate_TSB_pin_not_release_environment,99,0.00456095088916,False,False,-0.000924766802281,0.0376854325993,21706,True
136_OPPORTUNITY_id_8_HumanActivity_tr_1495_1st_1595.csv,OPPORTUNITY,FITS,100,candidate_TSB_pin_not_release_environment,99,0.00367088138233,False,False,-0.00176661884305,0.0231747562016,26969,True
137_CreditCard_id_1_Finance_tr_500_1st_541.csv,CreditCard,FITS,100,candidate_TSB_pin_not_release_environment,99,0.000347603815917,False,False,0.116395900837,0.00172748563062,284807,True
138_CATSv2_id_1_Sensor_tr_16568_1st_16668.csv,CATSv2,FITS,100,candidate_TSB_pin_not_release_environment,99,0.00099,False,False,-0.0065986409352,0.02,100000,True
139_CATSv2_id_2_Sensor_tr_5592_1st_5692.csv,CATSv2,FITS,100,candidate_TSB_pin_not_release_environment,99,0.000507692307692,False,False,0.00787644168178,0.0338461538462,195000,True
141_CATSv2_id_4_Sensor_tr_41727_1st_41827.csv,CATSv2,FITS,100,candidate_TSB_pin_not_release_environment,99,0.000507692307692,False,False,0.0103333597363,0.0302564102564,195000,True
142_CATSv2_id_5_Sensor_tr_30704_1st_30804.csv,CATSv2,FITS,100,candidate_TSB_pin_not_release_environment,99,0.000282857142857,False,False,0.0174976055394,0.0488571428571,350000,True
143_CATSv2_id_6_Sensor_tr_50000_1st_60232.csv,CATSv2,FITS,100,candidate_TSB_pin_not_release_environment,99,0.000495,False,False,0.01035876921,0.02,200000,True
144_SMAP_id_1_Sensor_tr_2052_1st_5300.csv,SMAP,FITS,100,candidate_TSB_pin_not_release_environment,99,0.0120599342185,False,,0.697175333673,0.136557436959,8209,True
145_SMAP_id_2_Sensor_tr_2133_1st_5400.csv,SMAP,FITS,100,candidate_TSB_pin_not_release_environment,99,0.0116033755274,False,,0.0610186127234,0.0730192217534,8532,True
146_SMAP_id_3_Sensor_tr_2128_1st_5000.csv,SMAP,FITS,100,candidate_TSB_pin_not_release_environment,99,0.0116279069767,False,,0.162768394403,0.0346488137186,8514,True
147_SMAP_id_4_Sensor_tr_2160_1st_6449.csv,SMAP,FITS,100,candidate_TSB_pin_not_release_environment,99,0.0114583333333,False,,0.000604698749627,0.0140046296296,8640,True
148_SMAP_id_5_Sensor_tr_2011_1st_5060.csv,SMAP,FITS,100,candidate_TSB_pin_not_release_environment,99,0.0123073097961,False,False,0.327969916756,0.00882645450025,8044,True
150_SMAP_id_7_Sensor_tr_2077_1st_5394.csv,SMAP,FITS,100,candidate_TSB_pin_not_release_environment,99,0.0119133574007,False,,0.281770065157,0.0338146811071,8310,True
151_SMAP_id_8_Sensor_tr_1971_1st_4870.csv,SMAP,FITS,100,candidate_TSB_pin_not_release_environment,99,0.0125570776256,False,,0.0314670212675,0.0102739726027,7884,True
152_SMAP_id_9_Sensor_tr_2073_1st_5600.csv,SMAP,FITS,100,candidate_TSB_pin_not_release_environment,99,0.0119363395225,False,,0.254371508208,0.0387026766337,8294,True
153_SMAP_id_10_Sensor_tr_1840_1st_4030.csv,SMAP,FITS,100,candidate_TSB_pin_not_release_environment,99,0.0134492596115,False,,0.1209448934,0.00556989539465,7361,True
154_SMAP_id_11_Sensor_tr_2117_1st_4770.csv,SMAP,FITS,100,candidate_TSB_pin_not_release_environment,99,0.0116896918172,False,False,0.00197313282306,0.0142874011099,8469,True
155_SMAP_id_12_Sensor_tr_1907_1st_4800.csv,SMAP,FITS,100,candidate_TSB_pin_not_release_environment,99,0.0129785002622,False,,0.152369366301,0.00668589407446,7628,True
156_SMAP_id_13_Sensor_tr_1173_1st_2750.csv,SMAP,FITS,100,candidate_TSB_pin_not_release_environment,99,0.0210952482421,False,False,0.470054441939,0.0108672490944,4693,True
157_SMAP_id_14_Sensor_tr_2126_1st_5000.csv,SMAP,FITS,100,candidate_TSB_pin_not_release_environment,99,0.0116402116402,False,,0.152638966075,0.0378600823045,8505,True
158_SMAP_id_15_Sensor_tr_2075_1st_5610.csv,SMAP,FITS,100,candidate_TSB_pin_not_release_environment,99,0.0119277108434,False,,0.388421311709,0.00795180722892,8300,True
159_SMAP_id_16_Sensor_tr_1757_1st_2650.csv,SMAP,FITS,100,candidate_TSB_pin_not_release_environment,99,0.0140845070423,False,,-0.0308221367179,0.0381277564376,7029,True
160_SMAP_id_17_Sensor_tr_1832_1st_5300.csv,SMAP,FITS,100,candidate_TSB_pin_not_release_environment,99,0.0135042968217,False,,0.00547922520425,0.0611103532942,7331,True
161_SMAP_id_18_Sensor_tr_2075_1st_5550.csv,SMAP,FITS,100,candidate_TSB_pin_not_release_environment,99,0.0119248373886,False,,0.148133146286,0.0422789689232,8302,True
162_SMAP_id_19_Sensor_tr_1908_1st_4690.csv,SMAP,FITS,100,candidate_TSB_pin_not_release_environment,99,0.0129716981132,False,,0.119459356276,0.00406184486373,7632,True
163_SMAP_id_20_Sensor_tr_2051_1st_4575.csv,SMAP,FITS,100,candidate_TSB_pin_not_release_environment,99,0.0120658135283,False,,0.00184109332445,0.0226691042048,8205,True
165_SMAP_id_22_Sensor_tr_2129_1st_5000.csv,SMAP,FITS,100,candidate_TSB_pin_not_release_environment,99,0.011625176139,False,,0.1000437953,0.059652418976,8516,True
166_SMAP_id_23_Sensor_tr_1113_1st_1890.csv,SMAP,FITS,100,candidate_TSB_pin_not_release_environment,99,0.0222322030092,False,False,0.17068965011,0.00920727599371,4453,True
167_SMAP_id_24_Sensor_tr_2094_1st_5600.csv,SMAP,FITS,100,candidate_TSB_pin_not_release_environment,99,0.0118194842407,False,False,0.134813889228,0.00489493791786,8376,True
168_SMAP_id_25_Sensor_tr_1998_1st_2098.csv,SMAP,FITS,100,candidate_TSB_pin_not_release_environment,99,0.0115398065043,False,,0.00149236530566,0.0214477211796,8579,True
169_SMAP_id_26_Sensor_tr_1811_1st_4510.csv,SMAP,FITS,100,candidate_TSB_pin_not_release_environment,99,0.0136664826063,False,,0.0142827504049,0.011181667587,7244,True
170_SMAP_id_27_Sensor_tr_2160_1st_4690.csv,SMAP,FITS,100,candidate_TSB_pin_not_release_environment,99,0.0114583333333,False,,0.0087006884327,0.00983796296296,8640,True
171_SWaT_id_1_Sensor_tr_3749_1st_9522.csv,SWaT,FITS,100,candidate_TSB_pin_not_release_environment,99,0.00660176046946,False,False,0.0526337260144,0.132435316084,14996,True
172_SWaT_id_2_Sensor_tr_23700_1st_23800.csv,SWaT,FITS,100,candidate_TSB_pin_not_release_environment,99,0.000247550128901,False,False,-0.00615045361605,0.125320377376,399919,True
173_GECCO_id_1_Sensor_tr_16165_1st_16265.csv,GECCO,FITS,100,candidate_TSB_pin_not_release_environment,99,0.000714693079028,False,False,0.359543772,0.0124602045899,138521,True
174_Exathlon_id_1_Facility_tr_10766_1st_12590.csv,Exathlon,FITS,100,candidate_TSB_pin_not_release_environment,99,0.002298797195,False,,0.22623761707,0.126248084336,43066,True
175_Exathlon_id_2_Facility_tr_10684_1st_10784.csv,Exathlon,FITS,100,candidate_TSB_pin_not_release_environment,99,0.00212191358025,False,,0.0115633392935,0.0811685528121,46656,True
176_Exathlon_id_3_Facility_tr_10766_1st_12590.csv,Exathlon,FITS,100,candidate_TSB_pin_not_release_environment,99,0.002298797195,False,,0.186306813257,0.126248084336,43066,True
177_Exathlon_id_4_Facility_tr_11665_1st_13484.csv,Exathlon,FITS,100,candidate_TSB_pin_not_release_environment,99,0.00212173167595,False,,0.141710356477,0.0627518216888,46660,True
179_Exathlon_id_6_Facility_tr_11665_1st_13484.csv,Exathlon,FITS,100,candidate_TSB_pin_not_release_environment,99,0.00212173167595,False,False,0.414632266419,0.0627518216888,46660,True
180_Exathlon_id_7_Facility_tr_10766_1st_12590.csv,Exathlon,FITS,100,candidate_TSB_pin_not_release_environment,99,0.002298797195,False,,0.171176782195,0.126248084336,43066,True
181_Exathlon_id_8_Facility_tr_11663_1st_13482.csv,Exathlon,FITS,100,candidate_TSB_pin_not_release_environment,99,0.00212195906119,False,,0.19691907608,0.0631872253778,46655,True
182_Exathlon_id_9_Facility_tr_10766_1st_12590.csv,Exathlon,FITS,100,candidate_TSB_pin_not_release_environment,99,0.002298797195,False,,0.175705127409,0.126248084336,43066,True
183_Exathlon_id_10_Facility_tr_11665_1st_13484.csv,Exathlon,FITS,100,candidate_TSB_pin_not_release_environment,99,0.00212173167595,False,,0.146381790096,0.0627518216888,46660,True
184_Exathlon_id_11_Facility_tr_11665_1st_13484.csv,Exathlon,FITS,100,candidate_TSB_pin_not_release_environment,99,0.00212173167595,False,,0.147305301627,0.0627518216888,46660,True
185_Exathlon_id_12_Facility_tr_11665_1st_13484.csv,Exathlon,FITS,100,candidate_TSB_pin_not_release_environment,99,0.00212173167595,False,,0.139943646765,0.0627518216888,46660,True
186_Exathlon_id_13_Facility_tr_10766_1st_12590.csv,Exathlon,FITS,100,candidate_TSB_pin_not_release_environment,99,0.002298797195,False,,0.180748235876,0.126248084336,43066,True
187_Exathlon_id_14_Facility_tr_6193_1st_6293.csv,Exathlon,FITS,100,candidate_TSB_pin_not_release_environment,99,0.00212173167595,False,,0.149285037737,0.124667809687,46660,True
188_Exathlon_id_15_Facility_tr_12538_1st_12638.csv,Exathlon,FITS,100,candidate_TSB_pin_not_release_environment,99,0.000766271662655,False,False,-0.287058825769,0.124654597243,129197,True
189_Exathlon_id_16_Facility_tr_11663_1st_13482.csv,Exathlon,FITS,100,candidate_TSB_pin_not_release_environment,99,0.00212195906119,False,,0.185498380938,0.0631872253778,46655,True
190_Exathlon_id_17_Facility_tr_12538_1st_12638.csv,Exathlon,FITS,100,candidate_TSB_pin_not_release_environment,99,0.000766271662655,False,False,-0.282537279423,0.124654597243,129197,True
191_Exathlon_id_18_Facility_tr_11665_1st_13484.csv,Exathlon,FITS,100,candidate_TSB_pin_not_release_environment,99,0.00212173167595,False,,0.142693242324,0.0627518216888,46660,True
192_Exathlon_id_19_Facility_tr_11665_1st_13484.csv,Exathlon,FITS,100,candidate_TSB_pin_not_release_environment,99,0.00212173167595,False,,0.144979730441,0.0627518216888,46660,True
193_Exathlon_id_20_Facility_tr_8898_1st_8998.csv,Exathlon,FITS,100,candidate_TSB_pin_not_release_environment,99,0.00212218649518,False,,0.00452689055913,0.0834083601286,46650,True
194_Exathlon_id_21_Facility_tr_6985_1st_7085.csv,Exathlon,FITS,100,candidate_TSB_pin_not_release_environment,99,0.00212223198782,False,,0.180770992633,0.104096550837,46649,True
196_Exathlon_id_23_Facility_tr_11665_1st_13484.csv,Exathlon,FITS,100,candidate_TSB_pin_not_release_environment,99,0.00212173167595,False,,0.142787121926,0.0627518216888,46660,True
197_Exathlon_id_24_Facility_tr_10766_1st_12590.csv,Exathlon,FITS,100,candidate_TSB_pin_not_release_environment,99,0.002298797195,False,,0.18847513463,0.126248084336,43066,True
198_Exathlon_id_25_Facility_tr_12538_1st_12638.csv,Exathlon,FITS,100,candidate_TSB_pin_not_release_environment,99,0.000766271662655,False,False,-0.305972962449,0.124654597243,129197,True
199_Exathlon_id_26_Facility_tr_12538_1st_12638.csv,Exathlon,FITS,100,candidate_TSB_pin_not_release_environment,99,0.000766271662655,False,False,-0.292047911437,0.124654597243,129197,True
200_Exathlon_id_27_Facility_tr_10766_1st_12590.csv,Exathlon,FITS,100,candidate_TSB_pin_not_release_environment,99,0.002298797195,False,,0.161980792809,0.126248084336,43066,True
001_Genesis_id_1_Sensor_tr_4055_1st_15538.csv,Genesis,HBOS,1,driver_pointwise,0,0,False,,-0.000156890575687,0.00308261405672,16220,False
002_MSL_id_1_Sensor_tr_500_1st_900.csv,MSL,HBOS,1,driver_pointwise,0,0,False,,-0.185022912029,0.00602079912425,1827,False
003_MSL_id_2_Sensor_tr_883_1st_1238.csv,MSL,HBOS,1,driver_pointwise,0,0,False,,-0.0105498701909,0.0644978783593,3535,False
005_MSL_id_4_Sensor_tr_855_1st_2700.csv,MSL,HBOS,1,driver_pointwise,0,0,False,,0.0246911430658,0.020748100526,3422,False
006_MSL_id_5_Sensor_tr_1150_1st_1250.csv,MSL,HBOS,1,driver_pointwise,0,0,False,,0.00923768556266,0.083696082311,5054,False
007_MSL_id_6_Sensor_tr_980_1st_3550.csv,MSL,HBOS,1,driver_pointwise,0,0,False,,0.0303444561738,0.0385007649159,3922,False
008_MSL_id_7_Sensor_tr_656_1st_1630.csv,MSL,HBOS,1,driver_pointwise,0,0,False,,-0.278988789881,0.0845714285714,2625,False
009_MSL_id_8_Sensor_tr_714_1st_1390.csv,MSL,HBOS,1,driver_pointwise,0,0,False,False,0.00243720371831,0.00735294117647,2856,False
010_MSL_id_9_Sensor_tr_554_1st_1172.csv,MSL,HBOS,1,driver_pointwise,0,0,False,,0.0598680183224,0.0311231393775,2217,False
012_MSL_id_11_Sensor_tr_539_1st_940.csv,MSL,HBOS,1,driver_pointwise,0,0,False,,0.000882018690504,0.0468460111317,2156,False
013_MSL_id_12_Sensor_tr_554_1st_1200.csv,MSL,HBOS,1,driver_pointwise,0,0,False,,-0.0416401921758,0.0117222723174,2218,False
014_MSL_id_13_Sensor_tr_1525_1st_4575.csv,MSL,HBOS,1,driver_pointwise,0,0,False,,-0.400062014211,0.0296721311475,6100,False
015_MSL_id_14_Sensor_tr_575_1st_1250.csv,MSL,HBOS,1,driver_pointwise,0,0,False,,0.0788440916919,0.130699088146,2303,False
016_MSL_id_15_Sensor_tr_500_1st_780.csv,MSL,HBOS,1,driver_pointwise,0,0,False,,-0.159864827303,0.102189781022,1096,False
017_MSL_id_16_Sensor_tr_512_1st_1850.csv,MSL,HBOS,1,driver_pointwise,0,0,False,,-0.480657897577,0.0883357735481,2049,False
018_Daphnet_id_1_HumanActivity_tr_9693_1st_20732.csv,Daphnet,HBOS,1,driver_pointwise,0,0,False,False,0.150826927228,0.0594728426265,38774,False
019_MITDB_id_1_Medical_tr_37500_1st_103211.csv,MITDB,HBOS,1,driver_pointwise,0,0,False,,0.0127698120004,0.124066666667,150000,False
020_MITDB_id_2_Medical_tr_50000_1st_52315.csv,MITDB,HBOS,1,driver_pointwise,0,0,False,,0.00283690428606,0.00161076923077,650000,False
021_MITDB_id_3_Medical_tr_50000_1st_57595.csv,MITDB,HBOS,1,driver_pointwise,0,0,False,,0.00171294728125,0.01762,500000,False
022_MITDB_id_4_Medical_tr_50000_1st_54253.csv,MITDB,HBOS,1,driver_pointwise,0,0,False,,-0.00464700894475,0.04431,300000,False
024_MITDB_id_6_Medical_tr_50000_1st_58118.csv,MITDB,HBOS,1,driver_pointwise,0,0,False,,0.00974876674456,0.001765,200000,False
025_MITDB_id_7_Medical_tr_37500_1st_88864.csv,MITDB,HBOS,1,driver_pointwise,0,0,False,,0.0369317199396,0.02464,150000,False
026_MITDB_id_8_Medical_tr_30495_1st_30595.csv,MITDB,HBOS,1,driver_pointwise,0,0,False,,-0.00652047503847,0.0655825,400000,False
027_MITDB_id_9_Medical_tr_25000_1st_52255.csv,MITDB,HBOS,1,driver_pointwise,0,0,False,,9.62581617175e-05,0.00433,100000,False
029_MITDB_id_11_Medical_tr_50000_1st_518037.csv,MITDB,HBOS,1,driver_pointwise,0,0,False,,-0.00149769237935,0.00291666666667,600000,False
030_MITDB_id_12_Medical_tr_50000_1st_84572.csv,MITDB,HBOS,1,driver_pointwise,0,0,False,,0.00241476499325,0.0431790322581,620000,False
031_MITDB_id_13_Medical_tr_50000_1st_79433.csv,MITDB,HBOS,1,driver_pointwise,0,0,False,,-0.00103443673332,0.0217933333333,450000,False
032_GHL_id_1_Sensor_tr_50000_1st_65001.csv,GHL,HBOS,1,driver_pointwise,0,0,False,False,0.00942338051524,0.00924995375023,200001,False
033_GHL_id_2_Sensor_tr_50000_1st_51001.csv,GHL,HBOS,1,driver_pointwise,0,0,False,False,-0.00242310243462,0.00923495382523,200001,False
034_GHL_id_3_Sensor_tr_50000_1st_122001.csv,GHL,HBOS,1,driver_pointwise,0,0,False,False,0.00307308772505,0.00959495202524,200001,False
035_GHL_id_4_Sensor_tr_50000_1st_90001.csv,GHL,HBOS,1,driver_pointwise,0,0,False,False,0.00711662487201,0.0135649321753,200001,False
036_GHL_id_5_Sensor_tr_50000_1st_67147.csv,GHL,HBOS,1,driver_pointwise,0,0,False,False,0.00178595921361,0.0114149429253,200001,False
037_GHL_id_6_Sensor_tr_50000_1st_80001.csv,GHL,HBOS,1,driver_pointwise,0,0,False,False,-0.00512778359563,0.00932995335023,200001,False
038_GHL_id_7_Sensor_tr_50000_1st_100001.csv,GHL,HBOS,1,driver_pointwise,0,0,False,False,0.00337919728103,0.00847495762521,200001,False
039_GHL_id_8_Sensor_tr_50000_1st_63030.csv,GHL,HBOS,1,driver_pointwise,0,0,False,False,0.00570025804901,0.00583997080015,200001,False
041_GHL_id_10_Sensor_tr_50000_1st_57001.csv,GHL,HBOS,1,driver_pointwise,0,0,False,False,0.014654756624,0.00927495362523,200001,False
042_GHL_id_11_Sensor_tr_50000_1st_150001.csv,GHL,HBOS,1,driver_pointwise,0,0,False,False,0.0122823050041,0.00772996135019,200001,False
043_GHL_id_12_Sensor_tr_39938_1st_40038.csv,GHL,HBOS,1,driver_pointwise,0,0,False,False,0.000617905997275,0.00525497372513,200001,False
044_GHL_id_13_Sensor_tr_50000_1st_145001.csv,GHL,HBOS,1,driver_pointwise,0,0,False,False,0.00913419754878,0.00924495377523,200001,False
045_GHL_id_14_Sensor_tr_50000_1st_85076.csv,GHL,HBOS,1,driver_pointwise,0,0,False,False,0.00496387499317,0.00885495572522,200001,False
046_GHL_id_15_Sensor_tr_50000_1st_156462.csv,GHL,HBOS,1,driver_pointwise,0,0,False,False,0.0799037099534,0.00619496902515,200001,False
047_GHL_id_16_Sensor_tr_50000_1st_77001.csv,GHL,HBOS,1,driver_pointwise,0,0,False,False,0.00890511443325,0.0136399318003,200001,False
048_GHL_id_17_Sensor_tr_50000_1st_154001.csv,GHL,HBOS,1,driver_pointwise,0,0,False,False,0.0061497922702,0.0179149104254,200001,False
050_GHL_id_19_Sensor_tr_43750_1st_55001.csv,GHL,HBOS,1,driver_pointwise,0,0,False,False,0.017662181841,0.00645139170633,175001,False
051_GHL_id_20_Sensor_tr_50000_1st_75110.csv,GHL,HBOS,1,driver_pointwise,0,0,False,False,0.0224493909989,0.00595497022515,200001,False
052_GHL_id_21_Sensor_tr_50000_1st_98001.csv,GHL,HBOS,1,driver_pointwise,0,0,False,False,0.01743217342,0.00485497572512,200001,False
053_GHL_id_22_Sensor_tr_50000_1st_126448.csv,GHL,HBOS,1,driver_pointwise,0,0,False,False,0.0222798879379,0.0324598377008,200001,False
054_GHL_id_23_Sensor_tr_50000_1st_135001.csv,GHL,HBOS,1,driver_pointwise,0,0,False,False,0.0159285926022,0.0186699066505,200001,False
055_GHL_id_24_Sensor_tr_50000_1st_118124.csv,GHL,HBOS,1,driver_pointwise,0,0,False,False,0.00145178152525,0.00504497477513,200001,False
056_GHL_id_25_Sensor_tr_50000_1st_105568.csv,GHL,HBOS,1,driver_pointwise,0,0,False,False,0.00412023244853,0.0157199214004,200001,False
057_SMD_id_1_Facility_tr_4529_1st_4629.csv,SMD,HBOS,1,driver_pointwise,0,0,False,False,0.031848257062,0.0228749894488,23694,False
058_SMD_id_2_Facility_tr_1087_1st_1187.csv,SMD,HBOS,1,driver_pointwise,0,0,False,,-0.0661181918512,0.0415651326325,28726,False
059_SMD_id_3_Facility_tr_757_1st_857.csv,SMD,HBOS,1,driver_pointwise,0,0,False,False,-0.16023668279,0.0113554814471,23689,False
060_SMD_id_4_Facility_tr_7176_1st_10609.csv,SMD,HBOS,1,driver_pointwise,0,0,False,False,0.0258357369315,0.0151193171921,28705,False
061_SMD_id_5_Facility_tr_7176_1st_15144.csv,SMD,HBOS,1,driver_pointwise,0,0,False,False,-0.015210111181,0.0477633779264,28704,False
063_SMD_id_7_Facility_tr_5923_1st_6506.csv,SMD,HBOS,1,driver_pointwise,0,0,False,,-0.00205610421267,0.0493795897696,23694,False
064_SMD_id_8_Facility_tr_2272_1st_2372.csv,SMD,HBOS,1,driver_pointwise,0,0,False,False,-0.0777579059098,0.0368815733623,21203,False
065_SMD_id_9_Facility_tr_737_1st_837.csv,SMD,HBOS,1,driver_pointwise,0,0,False,False,-0.0397837046407,0.101194243997,23697,False
066_SMD_id_10_Facility_tr_2634_1st_2734.csv,SMD,HBOS,1,driver_pointwise,0,0,False,False,-0.114354759549,0.0412462532191,23687,False
067_SMD_id_11_Facility_tr_1980_1st_2080.csv,SMD,HBOS,1,driver_pointwise,0,0,False,False,-0.00762278218556,0.0477029467471,22703,False
068_SMD_id_12_Facility_tr_1099_1st_1199.csv,SMD,HBOS,1,driver_pointwise,0,0,False,False,-0.26164603417,0.0105527113154,28713,False
069_SMD_id_13_Facility_tr_5925_1st_12760.csv,SMD,HBOS,1,driver_pointwise,0,0,False,,0.0793459517861,0.119535864979,23700,False
070_SMD_id_14_Facility_tr_1070_1st_1170.csv,SMD,HBOS,1,driver_pointwise,0,0,False,,-0.00458374717639,0.0147514177365,28743,False
071_SMD_id_15_Facility_tr_1109_1st_1209.csv,SMD,HBOS,1,driver_pointwise,0,0,False,False,-0.275938012914,0.0107317073171,28700,False
073_SMD_id_17_Facility_tr_5926_1st_10620.csv,SMD,HBOS,1,driver_pointwise,0,0,False,,-0.0708870979498,0.00421834134818,23706,False
074_SMD_id_18_Facility_tr_7174_1st_21230.csv,SMD,HBOS,1,driver_pointwise,0,0,False,False,-0.126463598777,0.00689991636465,28696,False
075_SMD_id_19_Facility_tr_564_1st_664.csv,SMD,HBOS,1,driver_pointwise,0,0,False,False,-0.393126990658,0.0175979068197,23696,False
076_SMD_id_20_Facility_tr_5925_1st_17580.csv,SMD,HBOS,1,driver_pointwise,0,0,False,False,-0.340197920662,0.00679238914905,23703,False
077_SMD_id_21_Facility_tr_3026_1st_3126.csv,SMD,HBOS,1,driver_pointwise,0,0,False,False,-0.0321891486733,0.0324421181685,21207,False
078_SMD_id_22_Facility_tr_500_1st_326.csv,SMD,HBOS,1,driver_pointwise,0,0,False,False,-0.628911217391,0.0441902671675,23693,False
079_LTDB_id_1_Medical_tr_3618_1st_3718.csv,LTDB,HBOS,1,driver_pointwise,0,0,False,,0.0310006050594,0.14781,100000,False
080_LTDB_id_2_Medical_tr_500_1st_266.csv,LTDB,HBOS,1,driver_pointwise,0,0,False,False,0.00129807389571,0.14857,100000,False
081_LTDB_id_3_Medical_tr_500_1st_26.csv,LTDB,HBOS,1,driver_pointwise,0,0,False,,-0.044611186385,0.31565,100000,False
083_LTDB_id_5_Medical_tr_15502_1st_15602.csv,LTDB,HBOS,1,driver_pointwise,0,0,False,,-0.000250299504432,0.00505,100000,False
084_SVDB_id_1_Medical_tr_12973_1st_13073.csv,SVDB,HBOS,1,driver_pointwise,0,0,False,,-0.00930393278233,0.0153515625,230400,False
085_SVDB_id_2_Medical_tr_50000_1st_54982.csv,SVDB,HBOS,1,driver_pointwise,0,0,False,,0.00965069913128,0.0372309027778,230400,False
086_SVDB_id_3_Medical_tr_533_1st_633.csv,SVDB,HBOS,1,driver_pointwise,0,0,False,,-0.00525525231321,0.0699696180556,230400,False
087_SVDB_id_4_Medical_tr_5421_1st_5521.csv,SVDB,HBOS,1,driver_pointwise,0,0,False,,-0.00497799791388,0.0555946180556,230400,False
088_SVDB_id_5_Medical_tr_500_1st_168.csv,SVDB,HBOS,1,driver_pointwise,0,0,False,,-0.00272360422234,0.0992100694444,230400,False
089_SVDB_id_6_Medical_tr_50000_1st_83083.csv,SVDB,HBOS,1,driver_pointwise,0,0,False,,-0.000261458912898,0.0134895833333,230400,False
091_SVDB_id_8_Medical_tr_500_1st_126.csv,SVDB,HBOS,1,driver_pointwise,0,0,False,,-0.0035474096955,0.0773524305556,230400,False
092_SVDB_id_9_Medical_tr_2674_1st_2774.csv,SVDB,HBOS,1,driver_pointwise,0,0,False,,0.0244604205566,0.0525260416667,230400,False
093_SVDB_id_10_Medical_tr_500_1st_37.csv,SVDB,HBOS,1,driver_pointwise,0,0,False,,-0.0219769779882,0.0785894097222,230400,False
094_SVDB_id_11_Medical_tr_20100_1st_23611.csv,SVDB,HBOS,1,driver_pointwise,0,0,False,,-0.0127426902425,0.0117537313433,80400,False
095_SVDB_id_12_Medical_tr_6264_1st_6364.csv,SVDB,HBOS,1,driver_pointwise,0,0,False,,-0.000103602664972,0.0323958333333,230400,False
096_SVDB_id_13_Medical_tr_500_1st_444.csv,SVDB,HBOS,1,driver_pointwise,0,0,False,,-0.00416056694531,0.0335633680556,230400,False
097_SVDB_id_14_Medical_tr_1031_1st_1131.csv,SVDB,HBOS,1,driver_pointwise,0,0,False,,0.00164349892445,0.120611979167,230400,False
098_SVDB_id_15_Medical_tr_500_1st_303.csv,SVDB,HBOS,1,driver_pointwise,0,0,False,,-0.0213173809052,0.0633637152778,230400,False
099_SVDB_id_16_Medical_tr_1115_1st_1215.csv,SVDB,HBOS,1,driver_pointwise,0,0,False,,-0.0140408017116,0.0711328125,230400,False
100_SVDB_id_17_Medical_tr_17803_1st_17903.csv,SVDB,HBOS,1,driver_pointwise,0,0,False,,-0.0111924357113,0.030222392638,130400,False
101_SVDB_id_18_Medical_tr_1851_1st_1951.csv,SVDB,HBOS,1,driver_pointwise,0,0,False,,-0.0148201872926,0.0698871527778,230400,False
102_SVDB_id_19_Medical_tr_50000_1st_107354.csv,SVDB,HBOS,1,driver_pointwise,0,0,False,,0.00711835512597,0.0580555555556,230400,False
103_SVDB_id_20_Medical_tr_12167_1st_12267.csv,SVDB,HBOS,1,driver_pointwise,0,0,False,,-0.00167206158314,0.0266970486111,230400,False
104_SVDB_id_21_Medical_tr_50000_1st_106634.csv,SVDB,HBOS,1,driver_pointwise,0,0,False,,-0.000219520632431,0.0152039930556,230400,False
105_SVDB_id_22_Medical_tr_500_1st_417.csv,SVDB,HBOS,1,driver_pointwise,0,0,False,,-0.0135890364772,0.0855133333333,150000,False
106_SVDB_id_23_Medical_tr_37500_1st_121963.csv,SVDB,HBOS,1,driver_pointwise,0,0,False,,-0.00240911304077,0.00450666666667,150000,False
108_SVDB_id_25_Medical_tr_1238_1st_1338.csv,SVDB,HBOS,1,driver_pointwise,0,0,False,,-0.0210988888816,0.0305902777778,230400,False
109_SVDB_id_26_Medical_tr_1038_1st_1138.csv,SVDB,HBOS,1,driver_pointwise,0,0,False,,0.00640732618753,0.0903645833333,230400,False
110_SVDB_id_27_Medical_tr_30824_1st_30924.csv,SVDB,HBOS,1,driver_pointwise,0,0,False,,0.000847342287463,0.0340581597222,230400,False
111_SVDB_id_28_Medical_tr_1791_1st_1891.csv,SVDB,HBOS,1,driver_pointwise,0,0,False,,-0.0134594996204,0.0953993055556,230400,False
112_SVDB_id_29_Medical_tr_8226_1st_8326.csv,SVDB,HBOS,1,driver_pointwise,0,0,False,,-0.000154431168332,0.0111067708333,230400,False
114_SVDB_id_31_Medical_tr_25000_1st_63090.csv,SVDB,HBOS,1,driver_pointwise,0,0,False,,-0.000339526720916,0.00497,100000,False
115_PSM_id_1_Facility_tr_50000_1st_129872.csv,PSM,HBOS,1,driver_pointwise,0,0,False,,0.0228954150359,0.112032680219,217624,False
116_TAO_id_1_Environment_tr_500_1st_3.csv,TAO,HBOS,1,driver_pointwise,0,0,False,False,-0.292400535007,0.0492,10000,False
117_TAO_id_2_Environment_tr_500_1st_1.csv,TAO,HBOS,1,driver_pointwise,0,0,False,,-0.396607447416,0.1395,10000,False
118_TAO_id_3_Environment_tr_500_1st_7.csv,TAO,HBOS,1,driver_pointwise,0,0,False,False,-0.235754076229,0.0488,10000,False
119_TAO_id_4_Environment_tr_500_1st_1.csv,TAO,HBOS,1,driver_pointwise,0,0,False,False,-0.611521670335,0.0945,10000,False
121_TAO_id_6_Environment_tr_500_1st_7.csv,TAO,HBOS,1,driver_pointwise,0,0,False,,-0.235498704913,0.1409,10000,False
122_TAO_id_7_Environment_tr_500_1st_19.csv,TAO,HBOS,1,driver_pointwise,0,0,False,False,-0.411286708563,0.0948,10000,False
123_TAO_id_8_Environment_tr_500_1st_62.csv,TAO,HBOS,1,driver_pointwise,0,0,False,False,-0.249702884037,0.0487,10000,False
124_TAO_id_9_Environment_tr_500_1st_1.csv,TAO,HBOS,1,driver_pointwise,0,0,False,False,-0.616297193439,0.0483,10000,False
125_TAO_id_10_Environment_tr_500_1st_9.csv,TAO,HBOS,1,driver_pointwise,0,0,False,False,-0.549891120102,0.0943,10000,False
127_TAO_id_12_Environment_tr_500_1st_24.csv,TAO,HBOS,1,driver_pointwise,0,0,False,False,-0.294132682148,0.0485,10000,False
128_TAO_id_13_Environment_tr_500_1st_7.csv,TAO,HBOS,1,driver_pointwise,0,0,False,,-0.235498704913,0.1409,10000,False
129_OPPORTUNITY_id_1_HumanActivity_tr_1801_1st_1901.csv,OPPORTUNITY,HBOS,1,driver_pointwise,0,0,False,False,-0.0871080079166,0.0291985582959,24693,False
130_OPPORTUNITY_id_2_HumanActivity_tr_1045_1st_1145.csv,OPPORTUNITY,HBOS,1,driver_pointwise,0,0,False,False,-0.0100154523859,0.0908562572646,5162,False
132_OPPORTUNITY_id_4_HumanActivity_tr_895_1st_995.csv,OPPORTUNITY,HBOS,1,driver_pointwise,0,0,False,False,-0.291319823,0.0469805856484,9323,False
133_OPPORTUNITY_id_5_HumanActivity_tr_1745_1st_6500.csv,OPPORTUNITY,HBOS,1,driver_pointwise,0,0,False,False,0.0933406778547,0.0687679083095,6980,False
134_OPPORTUNITY_id_6_HumanActivity_tr_1477_1st_1577.csv,OPPORTUNITY,HBOS,1,driver_pointwise,0,0,False,False,-0.359181385851,0.0214956100515,16515,False
135_OPPORTUNITY_id_7_HumanActivity_tr_2085_1st_2185.csv,OPPORTUNITY,HBOS,1,driver_pointwise,0,0,False,False,-0.108313032129,0.0376854325993,21706,False
136_OPPORTUNITY_id_8_HumanActivity_tr_1495_1st_1595.csv,OPPORTUNITY,HBOS,1,driver_pointwise,0,0,False,False,-0.0471645211759,0.0231747562016,26969,False
137_CreditCard_id_1_Finance_tr_500_1st_541.csv,CreditCard,HBOS,1,driver_pointwise,0,0,False,False,-0.0245809800065,0.00172748563062,284807,False
138_CATSv2_id_1_Sensor_tr_16568_1st_16668.csv,CATSv2,HBOS,1,driver_pointwise,0,0,False,False,-0.000726911060261,0.02,100000,False
139_CATSv2_id_2_Sensor_tr_5592_1st_5692.csv,CATSv2,HBOS,1,driver_pointwise,0,0,False,False,-0.0247457638209,0.0338461538462,195000,False
141_CATSv2_id_4_Sensor_tr_41727_1st_41827.csv,CATSv2,HBOS,1,driver_pointwise,0,0,False,False,0.00158829776292,0.0302564102564,195000,False
142_CATSv2_id_5_Sensor_tr_30704_1st_30804.csv,CATSv2,HBOS,1,driver_pointwise,0,0,False,False,-0.00212263542904,0.0488571428571,350000,False
143_CATSv2_id_6_Sensor_tr_50000_1st_60232.csv,CATSv2,HBOS,1,driver_pointwise,0,0,False,False,0.00557009278144,0.02,200000,False
144_SMAP_id_1_Sensor_tr_2052_1st_5300.csv,SMAP,HBOS,1,driver_pointwise,0,0,False,,0.0729772693295,0.136557436959,8209,False
145_SMAP_id_2_Sensor_tr_2133_1st_5400.csv,SMAP,HBOS,1,driver_pointwise,0,0,False,,-0.00363045028536,0.0730192217534,8532,False
146_SMAP_id_3_Sensor_tr_2128_1st_5000.csv,SMAP,HBOS,1,driver_pointwise,0,0,False,,-9.30837529639e-05,0.0346488137186,8514,False
147_SMAP_id_4_Sensor_tr_2160_1st_6449.csv,SMAP,HBOS,1,driver_pointwise,0,0,False,,-0.000700204504485,0.0140046296296,8640,False
148_SMAP_id_5_Sensor_tr_2011_1st_5060.csv,SMAP,HBOS,1,driver_pointwise,0,0,False,False,-0.00654399828033,0.00882645450025,8044,False
150_SMAP_id_7_Sensor_tr_2077_1st_5394.csv,SMAP,HBOS,1,driver_pointwise,0,0,False,,-0.00130434621591,0.0338146811071,8310,False
151_SMAP_id_8_Sensor_tr_1971_1st_4870.csv,SMAP,HBOS,1,driver_pointwise,0,0,False,,0.00976713353376,0.0102739726027,7884,False
152_SMAP_id_9_Sensor_tr_2073_1st_5600.csv,SMAP,HBOS,1,driver_pointwise,0,0,False,,-0.00699002594908,0.0387026766337,8294,False
153_SMAP_id_10_Sensor_tr_1840_1st_4030.csv,SMAP,HBOS,1,driver_pointwise,0,0,False,,-7.44828210052e-05,0.00556989539465,7361,False
154_SMAP_id_11_Sensor_tr_2117_1st_4770.csv,SMAP,HBOS,1,driver_pointwise,0,0,False,False,0.00794422061857,0.0142874011099,8469,False
155_SMAP_id_12_Sensor_tr_1907_1st_4800.csv,SMAP,HBOS,1,driver_pointwise,0,0,False,,0.0260569834011,0.00668589407446,7628,False
156_SMAP_id_13_Sensor_tr_1173_1st_2750.csv,SMAP,HBOS,1,driver_pointwise,0,0,False,False,-0.555087667181,0.0108672490944,4693,False
157_SMAP_id_14_Sensor_tr_2126_1st_5000.csv,SMAP,HBOS,1,driver_pointwise,0,0,False,,-0.00222943526141,0.0378600823045,8505,False
158_SMAP_id_15_Sensor_tr_2075_1st_5610.csv,SMAP,HBOS,1,driver_pointwise,0,0,False,,-0.0244958683258,0.00795180722892,8300,False
159_SMAP_id_16_Sensor_tr_1757_1st_2650.csv,SMAP,HBOS,1,driver_pointwise,0,0,False,,0.0230710390991,0.0381277564376,7029,False
160_SMAP_id_17_Sensor_tr_1832_1st_5300.csv,SMAP,HBOS,1,driver_pointwise,0,0,False,,0.0491297194991,0.0611103532942,7331,False
161_SMAP_id_18_Sensor_tr_2075_1st_5550.csv,SMAP,HBOS,1,driver_pointwise,0,0,False,,0.00940545149564,0.0422789689232,8302,False
162_SMAP_id_19_Sensor_tr_1908_1st_4690.csv,SMAP,HBOS,1,driver_pointwise,0,0,False,,-0.000125656339231,0.00406184486373,7632,False
163_SMAP_id_20_Sensor_tr_2051_1st_4575.csv,SMAP,HBOS,1,driver_pointwise,0,0,False,,0.00964256311985,0.0226691042048,8205,False
165_SMAP_id_22_Sensor_tr_2129_1st_5000.csv,SMAP,HBOS,1,driver_pointwise,0,0,False,,0.00446336492526,0.059652418976,8516,False
166_SMAP_id_23_Sensor_tr_1113_1st_1890.csv,SMAP,HBOS,1,driver_pointwise,0,0,False,False,-0.77178581842,0.00920727599371,4453,False
167_SMAP_id_24_Sensor_tr_2094_1st_5600.csv,SMAP,HBOS,1,driver_pointwise,0,0,False,False,-0.086979612971,0.00489493791786,8376,False
168_SMAP_id_25_Sensor_tr_1998_1st_2098.csv,SMAP,HBOS,1,driver_pointwise,0,0,False,,-0.000397348232853,0.0214477211796,8579,False
169_SMAP_id_26_Sensor_tr_1811_1st_4510.csv,SMAP,HBOS,1,driver_pointwise,0,0,False,,-8.9270903431e-06,0.011181667587,7244,False
170_SMAP_id_27_Sensor_tr_2160_1st_4690.csv,SMAP,HBOS,1,driver_pointwise,0,0,False,,9.6949668782e-06,0.00983796296296,8640,False
171_SWaT_id_1_Sensor_tr_3749_1st_9522.csv,SWaT,HBOS,1,driver_pointwise,0,0,False,False,0.116032718,0.132435316084,14996,False
172_SWaT_id_2_Sensor_tr_23700_1st_23800.csv,SWaT,HBOS,1,driver_pointwise,0,0,False,False,-0.0260013895109,0.125320377376,399919,False
173_GECCO_id_1_Sensor_tr_16165_1st_16265.csv,GECCO,HBOS,1,driver_pointwise,0,0,False,False,-0.101764324315,0.0124602045899,138521,False
174_Exathlon_id_1_Facility_tr_10766_1st_12590.csv,Exathlon,HBOS,1,driver_pointwise,0,0,False,,-0.00320892548204,0.126248084336,43066,False
175_Exathlon_id_2_Facility_tr_10684_1st_10784.csv,Exathlon,HBOS,1,driver_pointwise,0,0,False,,0.0383974461893,0.0811685528121,46656,False
176_Exathlon_id_3_Facility_tr_10766_1st_12590.csv,Exathlon,HBOS,1,driver_pointwise,0,0,False,,0.00161226500047,0.126248084336,43066,False
177_Exathlon_id_4_Facility_tr_11665_1st_13484.csv,Exathlon,HBOS,1,driver_pointwise,0,0,False,,-0.0252002424336,0.0627518216888,46660,False
179_Exathlon_id_6_Facility_tr_11665_1st_13484.csv,Exathlon,HBOS,1,driver_pointwise,0,0,False,False,-0.0547398987778,0.0627518216888,46660,False
180_Exathlon_id_7_Facility_tr_10766_1st_12590.csv,Exathlon,HBOS,1,driver_pointwise,0,0,False,,0.00161226500047,0.126248084336,43066,False
181_Exathlon_id_8_Facility_tr_11663_1st_13482.csv,Exathlon,HBOS,1,driver_pointwise,0,0,False,,-0.00850659840508,0.0631872253778,46655,False
182_Exathlon_id_9_Facility_tr_10766_1st_12590.csv,Exathlon,HBOS,1,driver_pointwise,0,0,False,,0.00161226500047,0.126248084336,43066,False
183_Exathlon_id_10_Facility_tr_11665_1st_13484.csv,Exathlon,HBOS,1,driver_pointwise,0,0,False,,-0.0252002424336,0.0627518216888,46660,False
184_Exathlon_id_11_Facility_tr_11665_1st_13484.csv,Exathlon,HBOS,1,driver_pointwise,0,0,False,,-0.0252002424336,0.0627518216888,46660,False
185_Exathlon_id_12_Facility_tr_11665_1st_13484.csv,Exathlon,HBOS,1,driver_pointwise,0,0,False,,-0.0252002424336,0.0627518216888,46660,False
186_Exathlon_id_13_Facility_tr_10766_1st_12590.csv,Exathlon,HBOS,1,driver_pointwise,0,0,False,,0.00161226500047,0.126248084336,43066,False
187_Exathlon_id_14_Facility_tr_6193_1st_6293.csv,Exathlon,HBOS,1,driver_pointwise,0,0,False,,0.00647609079585,0.124667809687,46660,False
188_Exathlon_id_15_Facility_tr_12538_1st_12638.csv,Exathlon,HBOS,1,driver_pointwise,0,0,False,False,-0.0342786217121,0.124654597243,129197,False
189_Exathlon_id_16_Facility_tr_11663_1st_13482.csv,Exathlon,HBOS,1,driver_pointwise,0,0,False,,-0.00850659840508,0.0631872253778,46655,False
190_Exathlon_id_17_Facility_tr_12538_1st_12638.csv,Exathlon,HBOS,1,driver_pointwise,0,0,False,False,-0.0342786217121,0.124654597243,129197,False
191_Exathlon_id_18_Facility_tr_11665_1st_13484.csv,Exathlon,HBOS,1,driver_pointwise,0,0,False,,-0.0252002424336,0.0627518216888,46660,False
192_Exathlon_id_19_Facility_tr_11665_1st_13484.csv,Exathlon,HBOS,1,driver_pointwise,0,0,False,,-0.0252002424336,0.0627518216888,46660,False
193_Exathlon_id_20_Facility_tr_8898_1st_8998.csv,Exathlon,HBOS,1,driver_pointwise,0,0,False,,0.0266009476335,0.0834083601286,46650,False
194_Exathlon_id_21_Facility_tr_6985_1st_7085.csv,Exathlon,HBOS,1,driver_pointwise,0,0,False,,0.00545751038659,0.104096550837,46649,False
196_Exathlon_id_23_Facility_tr_11665_1st_13484.csv,Exathlon,HBOS,1,driver_pointwise,0,0,False,,-0.0252002424336,0.0627518216888,46660,False
197_Exathlon_id_24_Facility_tr_10766_1st_12590.csv,Exathlon,HBOS,1,driver_pointwise,0,0,False,,0.00161226500047,0.126248084336,43066,False
198_Exathlon_id_25_Facility_tr_12538_1st_12638.csv,Exathlon,HBOS,1,driver_pointwise,0,0,False,False,-0.0342786217121,0.124654597243,129197,False
199_Exathlon_id_26_Facility_tr_12538_1st_12638.csv,Exathlon,HBOS,1,driver_pointwise,0,0,False,False,-0.0342786217121,0.124654597243,129197,False
200_Exathlon_id_27_Facility_tr_10766_1st_12590.csv,Exathlon,HBOS,1,driver_pointwise,0,0,False,,0.00161226500047,0.126248084336,43066,False
001_Genesis_id_1_Sensor_tr_4055_1st_15538.csv,Genesis,IForest,100,driver_fixed,99,0.00610357583231,False,,0.000480268328575,0.00308261405672,16220,False
002_MSL_id_1_Sensor_tr_500_1st_900.csv,MSL,IForest,100,driver_fixed,99,0.0541871921182,False,,-0.00552888325756,0.00602079912425,1827,False
003_MSL_id_2_Sensor_tr_883_1st_1238.csv,MSL,IForest,100,driver_fixed,99,0.0280056577086,False,,0.069851945925,0.0644978783593,3535,False
005_MSL_id_4_Sensor_tr_855_1st_2700.csv,MSL,IForest,100,driver_fixed,99,0.0289304500292,False,,-0.0254406221995,0.020748100526,3422,False
006_MSL_id_5_Sensor_tr_1150_1st_1250.csv,MSL,IForest,100,driver_fixed,99,0.0195884447962,False,,0.0201910047018,0.083696082311,5054,False
007_MSL_id_6_Sensor_tr_980_1st_3550.csv,MSL,IForest,100,driver_fixed,99,0.0252422233554,False,,-0.496032975943,0.0385007649159,3922,False
008_MSL_id_7_Sensor_tr_656_1st_1630.csv,MSL,IForest,100,driver_fixed,99,0.0377142857143,False,,-0.555999213441,0.0845714285714,2625,False
009_MSL_id_8_Sensor_tr_714_1st_1390.csv,MSL,IForest,100,driver_fixed,99,0.0346638655462,False,False,-0.0195382915121,0.00735294117647,2856,False
010_MSL_id_9_Sensor_tr_554_1st_1172.csv,MSL,IForest,100,driver_fixed,99,0.0446549391069,False,,-0.00198332593801,0.0311231393775,2217,False
012_MSL_id_11_Sensor_tr_539_1st_940.csv,MSL,IForest,100,driver_fixed,99,0.0459183673469,False,,-0.0854627787414,0.0468460111317,2156,False
013_MSL_id_12_Sensor_tr_554_1st_1200.csv,MSL,IForest,100,driver_fixed,99,0.0446348061317,False,,-0.000587468501281,0.0117222723174,2218,False
014_MSL_id_13_Sensor_tr_1525_1st_4575.csv,MSL,IForest,100,driver_fixed,99,0.0162295081967,False,,-0.522710918982,0.0296721311475,6100,False
015_MSL_id_14_Sensor_tr_575_1st_1250.csv,MSL,IForest,100,driver_fixed,99,0.042987407729,False,,-0.0107492681367,0.130699088146,2303,False
016_MSL_id_15_Sensor_tr_500_1st_780.csv,MSL,IForest,100,driver_fixed,99,0.0903284671533,False,,-0.0671054294026,0.102189781022,1096,False
017_MSL_id_16_Sensor_tr_512_1st_1850.csv,MSL,IForest,100,driver_fixed,99,0.0483162518302,False,,-0.743285353702,0.0883357735481,2049,False
018_Daphnet_id_1_HumanActivity_tr_9693_1st_20732.csv,Daphnet,IForest,100,driver_fixed,99,0.00255325733739,False,False,0.261117693728,0.0594728426265,38774,False
019_MITDB_id_1_Medical_tr_37500_1st_103211.csv,MITDB,IForest,100,driver_fixed,99,0.00066,False,,-0.0100794241709,0.124066666667,150000,False
020_MITDB_id_2_Medical_tr_50000_1st_52315.csv,MITDB,IForest,100,driver_fixed,99,0.000152307692308,False,,0.00463094698183,0.00161076923077,650000,False
021_MITDB_id_3_Medical_tr_50000_1st_57595.csv,MITDB,IForest,100,driver_fixed,99,0.000198,False,,0.000660289293405,0.01762,500000,False
022_MITDB_id_4_Medical_tr_50000_1st_54253.csv,MITDB,IForest,100,driver_fixed,99,0.00033,False,,-0.01627032614,0.04431,300000,False
024_MITDB_id_6_Medical_tr_50000_1st_58118.csv,MITDB,IForest,100,driver_fixed,99,0.000495,False,,0.0173224092321,0.001765,200000,False
025_MITDB_id_7_Medical_tr_37500_1st_88864.csv,MITDB,IForest,100,driver_fixed,99,0.00066,False,,-0.1472789182,0.02464,150000,False
026_MITDB_id_8_Medical_tr_30495_1st_30595.csv,MITDB,IForest,100,driver_fixed,99,0.0002475,False,,-0.0617270409735,0.0655825,400000,False
027_MITDB_id_9_Medical_tr_25000_1st_52255.csv,MITDB,IForest,100,driver_fixed,99,0.00099,False,,-0.00130631835483,0.00433,100000,False
029_MITDB_id_11_Medical_tr_50000_1st_518037.csv,MITDB,IForest,100,driver_fixed,99,0.000165,False,,-0.0342931033879,0.00291666666667,600000,False
030_MITDB_id_12_Medical_tr_50000_1st_84572.csv,MITDB,IForest,100,driver_fixed,99,0.000159677419355,False,,0.0127100495501,0.0431790322581,620000,False
031_MITDB_id_13_Medical_tr_50000_1st_79433.csv,MITDB,IForest,100,driver_fixed,99,0.00022,False,,0.00255184894393,0.0217933333333,450000,False
032_GHL_id_1_Sensor_tr_50000_1st_65001.csv,GHL,IForest,100,driver_fixed,99,0.000494997525012,False,False,0.00243866399143,0.00924995375023,200001,False
033_GHL_id_2_Sensor_tr_50000_1st_51001.csv,GHL,IForest,100,driver_fixed,99,0.000494997525012,False,False,0.00164641281305,0.00923495382523,200001,False
034_GHL_id_3_Sensor_tr_50000_1st_122001.csv,GHL,IForest,100,driver_fixed,99,0.000494997525012,False,False,0.00152761917166,0.00959495202524,200001,False
035_GHL_id_4_Sensor_tr_50000_1st_90001.csv,GHL,IForest,100,driver_fixed,99,0.000494997525012,False,False,0.00180394628654,0.0135649321753,200001,False
036_GHL_id_5_Sensor_tr_50000_1st_67147.csv,GHL,IForest,100,driver_fixed,99,0.000494997525012,False,False,0.000391139809301,0.0114149429253,200001,False
037_GHL_id_6_Sensor_tr_50000_1st_80001.csv,GHL,IForest,100,driver_fixed,99,0.000494997525012,False,False,0.000171143720719,0.00932995335023,200001,False
038_GHL_id_7_Sensor_tr_50000_1st_100001.csv,GHL,IForest,100,driver_fixed,99,0.000494997525012,False,False,0.000808448000288,0.00847495762521,200001,False
039_GHL_id_8_Sensor_tr_50000_1st_63030.csv,GHL,IForest,100,driver_fixed,99,0.000494997525012,False,False,0.00163263609662,0.00583997080015,200001,False
041_GHL_id_10_Sensor_tr_50000_1st_57001.csv,GHL,IForest,100,driver_fixed,99,0.000494997525012,False,False,0.00160729591942,0.00927495362523,200001,False
042_GHL_id_11_Sensor_tr_50000_1st_150001.csv,GHL,IForest,100,driver_fixed,99,0.000494997525012,False,False,0.000427950290655,0.00772996135019,200001,False
043_GHL_id_12_Sensor_tr_39938_1st_40038.csv,GHL,IForest,100,driver_fixed,99,0.000494997525012,False,False,0.00224192447936,0.00525497372513,200001,False
044_GHL_id_13_Sensor_tr_50000_1st_145001.csv,GHL,IForest,100,driver_fixed,99,0.000494997525012,False,False,0.00323863370564,0.00924495377523,200001,False
045_GHL_id_14_Sensor_tr_50000_1st_85076.csv,GHL,IForest,100,driver_fixed,99,0.000494997525012,False,False,-0.00193288184112,0.00885495572522,200001,False
046_GHL_id_15_Sensor_tr_50000_1st_156462.csv,GHL,IForest,100,driver_fixed,99,0.000494997525012,False,False,-0.0980318666655,0.00619496902515,200001,False
047_GHL_id_16_Sensor_tr_50000_1st_77001.csv,GHL,IForest,100,driver_fixed,99,0.000494997525012,False,False,-0.0010049323947,0.0136399318003,200001,False
048_GHL_id_17_Sensor_tr_50000_1st_154001.csv,GHL,IForest,100,driver_fixed,99,0.000494997525012,False,False,-0.0019671117779,0.0179149104254,200001,False
050_GHL_id_19_Sensor_tr_43750_1st_55001.csv,GHL,IForest,100,driver_fixed,99,0.00056571105308,False,False,0.106357428625,0.00645139170633,175001,False
051_GHL_id_20_Sensor_tr_50000_1st_75110.csv,GHL,IForest,100,driver_fixed,99,0.000494997525012,False,False,0.00416731402287,0.00595497022515,200001,False
052_GHL_id_21_Sensor_tr_50000_1st_98001.csv,GHL,IForest,100,driver_fixed,99,0.000494997525012,False,False,0.00134595628324,0.00485497572512,200001,False
053_GHL_id_22_Sensor_tr_50000_1st_126448.csv,GHL,IForest,100,driver_fixed,99,0.000494997525012,False,False,0.0088211763631,0.0324598377008,200001,False
054_GHL_id_23_Sensor_tr_50000_1st_135001.csv,GHL,IForest,100,driver_fixed,99,0.000494997525012,False,False,0.0139719602499,0.0186699066505,200001,False
055_GHL_id_24_Sensor_tr_50000_1st_118124.csv,GHL,IForest,100,driver_fixed,99,0.000494997525012,False,False,0.0019849439473,0.00504497477513,200001,False
056_GHL_id_25_Sensor_tr_50000_1st_105568.csv,GHL,IForest,100,driver_fixed,99,0.000494997525012,False,False,0.00331008520071,0.0157199214004,200001,False
057_SMD_id_1_Facility_tr_4529_1st_4629.csv,SMD,IForest,100,driver_fixed,99,0.0041782729805,False,False,-0.210511700427,0.0228749894488,23694,False
058_SMD_id_2_Facility_tr_1087_1st_1187.csv,SMD,IForest,100,driver_fixed,99,0.00344635521827,False,,-0.175869599645,0.0415651326325,28726,False
059_SMD_id_3_Facility_tr_757_1st_857.csv,SMD,IForest,100,driver_fixed,99,0.00417915488201,False,False,-0.498298757057,0.0113554814471,23689,False
060_SMD_id_4_Facility_tr_7176_1st_10609.csv,SMD,IForest,100,driver_fixed,99,0.00344887650235,False,False,-0.0321176503642,0.0151193171921,28705,False
061_SMD_id_5_Facility_tr_7176_1st_15144.csv,SMD,IForest,100,driver_fixed,99,0.00344899665552,False,False,-0.14320451368,0.0477633779264,28704,False
063_SMD_id_7_Facility_tr_5923_1st_6506.csv,SMD,IForest,100,driver_fixed,99,0.0041782729805,False,,0.0658117323144,0.0493795897696,23694,False
064_SMD_id_8_Facility_tr_2272_1st_2372.csv,SMD,IForest,100,driver_fixed,99,0.0046691505919,False,False,-0.0758686297596,0.0368815733623,21203,False
065_SMD_id_9_Facility_tr_737_1st_837.csv,SMD,IForest,100,driver_fixed,99,0.00417774401823,False,False,-0.143806168123,0.101194243997,23697,False
066_SMD_id_10_Facility_tr_2634_1st_2734.csv,SMD,IForest,100,driver_fixed,99,0.00417950774687,False,False,-0.0548517564149,0.0412462532191,23687,False
067_SMD_id_11_Facility_tr_1980_1st_2080.csv,SMD,IForest,100,driver_fixed,99,0.00436065718187,False,False,-0.0502005019282,0.0477029467471,22703,False
068_SMD_id_12_Facility_tr_1099_1st_1199.csv,SMD,IForest,100,driver_fixed,99,0.00344791557831,False,False,-0.298892598214,0.0105527113154,28713,False
069_SMD_id_13_Facility_tr_5925_1st_12760.csv,SMD,IForest,100,driver_fixed,99,0.00417721518987,False,,0.0807785887051,0.119535864979,23700,False
070_SMD_id_14_Facility_tr_1070_1st_1170.csv,SMD,IForest,100,driver_fixed,99,0.00344431687715,False,,-0.321689173788,0.0147514177365,28743,False
071_SMD_id_15_Facility_tr_1109_1st_1209.csv,SMD,IForest,100,driver_fixed,99,0.00344947735192,False,False,-0.373902239401,0.0107317073171,28700,False
073_SMD_id_17_Facility_tr_5926_1st_10620.csv,SMD,IForest,100,driver_fixed,99,0.0041761579347,False,,-0.012468528065,0.00421834134818,23706,False
074_SMD_id_18_Facility_tr_7174_1st_21230.csv,SMD,IForest,100,driver_fixed,99,0.00344995818233,False,False,-0.0501243019649,0.00689991636465,28696,False
075_SMD_id_19_Facility_tr_564_1st_664.csv,SMD,IForest,100,driver_fixed,99,0.00417792032411,False,False,-0.176424935781,0.0175979068197,23696,False
076_SMD_id_20_Facility_tr_5925_1st_17580.csv,SMD,IForest,100,driver_fixed,99,0.00417668649538,False,False,-0.489131716041,0.00679238914905,23703,False
077_SMD_id_21_Facility_tr_3026_1st_3126.csv,SMD,IForest,100,driver_fixed,99,0.00466826991088,False,False,-0.0190031867481,0.0324421181685,21207,False
078_SMD_id_22_Facility_tr_500_1st_326.csv,SMD,IForest,100,driver_fixed,99,0.00417844933103,False,False,-0.748272581535,0.0441902671675,23693,False
079_LTDB_id_1_Medical_tr_3618_1st_3718.csv,LTDB,IForest,100,driver_fixed,99,0.00099,False,,-0.452888467341,0.14781,100000,False
080_LTDB_id_2_Medical_tr_500_1st_266.csv,LTDB,IForest,100,driver_fixed,99,0.00099,False,False,0.0293641862801,0.14857,100000,False
081_LTDB_id_3_Medical_tr_500_1st_26.csv,LTDB,IForest,100,driver_fixed,99,0.00099,True,,-0.130449311692,0.31565,100000,False
083_LTDB_id_5_Medical_tr_15502_1st_15602.csv,LTDB,IForest,100,driver_fixed,99,0.00099,False,,-0.00296747931176,0.00505,100000,False
084_SVDB_id_1_Medical_tr_12973_1st_13073.csv,SVDB,IForest,100,driver_fixed,99,0.0004296875,False,,-0.0163825569472,0.0153515625,230400,False
085_SVDB_id_2_Medical_tr_50000_1st_54982.csv,SVDB,IForest,100,driver_fixed,99,0.0004296875,False,,-0.0796851528438,0.0372309027778,230400,False
086_SVDB_id_3_Medical_tr_533_1st_633.csv,SVDB,IForest,100,driver_fixed,99,0.0004296875,False,,-0.107833724362,0.0699696180556,230400,False
087_SVDB_id_4_Medical_tr_5421_1st_5521.csv,SVDB,IForest,100,driver_fixed,99,0.0004296875,False,,-0.111661890849,0.0555946180556,230400,False
088_SVDB_id_5_Medical_tr_500_1st_168.csv,SVDB,IForest,100,driver_fixed,99,0.0004296875,False,,0.0586188023839,0.0992100694444,230400,False
089_SVDB_id_6_Medical_tr_50000_1st_83083.csv,SVDB,IForest,100,driver_fixed,99,0.0004296875,False,,-0.0134823841185,0.0134895833333,230400,False
091_SVDB_id_8_Medical_tr_500_1st_126.csv,SVDB,IForest,100,driver_fixed,99,0.0004296875,False,,-0.0419017519855,0.0773524305556,230400,False
092_SVDB_id_9_Medical_tr_2674_1st_2774.csv,SVDB,IForest,100,driver_fixed,99,0.0004296875,False,,-0.0604348745072,0.0525260416667,230400,False
093_SVDB_id_10_Medical_tr_500_1st_37.csv,SVDB,IForest,100,driver_fixed,99,0.0004296875,True,,-0.315568787441,0.0785894097222,230400,False
094_SVDB_id_11_Medical_tr_20100_1st_23611.csv,SVDB,IForest,100,driver_fixed,99,0.00123134328358,False,,-0.0322433067707,0.0117537313433,80400,False
095_SVDB_id_12_Medical_tr_6264_1st_6364.csv,SVDB,IForest,100,driver_fixed,99,0.0004296875,False,,-0.0247967674406,0.0323958333333,230400,False
096_SVDB_id_13_Medical_tr_500_1st_444.csv,SVDB,IForest,100,driver_fixed,99,0.0004296875,False,,0.00030587700548,0.0335633680556,230400,False
097_SVDB_id_14_Medical_tr_1031_1st_1131.csv,SVDB,IForest,100,driver_fixed,99,0.0004296875,False,,-0.466903634079,0.120611979167,230400,False
098_SVDB_id_15_Medical_tr_500_1st_303.csv,SVDB,IForest,100,driver_fixed,99,0.0004296875,False,,-0.122337644131,0.0633637152778,230400,False
099_SVDB_id_16_Medical_tr_1115_1st_1215.csv,SVDB,IForest,100,driver_fixed,99,0.0004296875,False,,-0.313532947105,0.0711328125,230400,False
100_SVDB_id_17_Medical_tr_17803_1st_17903.csv,SVDB,IForest,100,driver_fixed,99,0.000759202453988,False,,-0.212937477071,0.030222392638,130400,False
101_SVDB_id_18_Medical_tr_1851_1st_1951.csv,SVDB,IForest,100,driver_fixed,99,0.0004296875,False,,-0.202486522762,0.0698871527778,230400,False
102_SVDB_id_19_Medical_tr_50000_1st_107354.csv,SVDB,IForest,100,driver_fixed,99,0.0004296875,False,,-0.0358324656691,0.0580555555556,230400,False
103_SVDB_id_20_Medical_tr_12167_1st_12267.csv,SVDB,IForest,100,driver_fixed,99,0.0004296875,False,,-0.00803967180579,0.0266970486111,230400,False
104_SVDB_id_21_Medical_tr_50000_1st_106634.csv,SVDB,IForest,100,driver_fixed,99,0.0004296875,False,,-0.0925476208202,0.0152039930556,230400,False
105_SVDB_id_22_Medical_tr_500_1st_417.csv,SVDB,IForest,100,driver_fixed,99,0.00066,False,,-0.14973794302,0.0855133333333,150000,False
106_SVDB_id_23_Medical_tr_37500_1st_121963.csv,SVDB,IForest,100,driver_fixed,99,0.00066,False,,0.00255962544748,0.00450666666667,150000,False
108_SVDB_id_25_Medical_tr_1238_1st_1338.csv,SVDB,IForest,100,driver_fixed,99,0.0004296875,False,,-0.150335986494,0.0305902777778,230400,False
109_SVDB_id_26_Medical_tr_1038_1st_1138.csv,SVDB,IForest,100,driver_fixed,99,0.0004296875,False,,-0.055293692028,0.0903645833333,230400,False
110_SVDB_id_27_Medical_tr_30824_1st_30924.csv,SVDB,IForest,100,driver_fixed,99,0.0004296875,False,,0.0195538958303,0.0340581597222,230400,False
111_SVDB_id_28_Medical_tr_1791_1st_1891.csv,SVDB,IForest,100,driver_fixed,99,0.0004296875,False,,-0.107468520997,0.0953993055556,230400,False
112_SVDB_id_29_Medical_tr_8226_1st_8326.csv,SVDB,IForest,100,driver_fixed,99,0.0004296875,False,,0.00397148804615,0.0111067708333,230400,False
114_SVDB_id_31_Medical_tr_25000_1st_63090.csv,SVDB,IForest,100,driver_fixed,99,0.00099,False,,0.000242451273063,0.00497,100000,False
115_PSM_id_1_Facility_tr_50000_1st_129872.csv,PSM,IForest,100,driver_fixed,99,0.000454913061059,False,,-0.0521448448215,0.112032680219,217624,False
116_TAO_id_1_Environment_tr_500_1st_3.csv,TAO,IForest,100,driver_fixed,99,0.0099,True,True,-0.0290972410138,0.0492,10000,False
117_TAO_id_2_Environment_tr_500_1st_1.csv,TAO,IForest,100,driver_fixed,99,0.0099,True,,-0.0345526011361,0.1395,10000,False
118_TAO_id_3_Environment_tr_500_1st_7.csv,TAO,IForest,100,driver_fixed,99,0.0099,True,True,-0.0390987679765,0.0488,10000,False
119_TAO_id_4_Environment_tr_500_1st_1.csv,TAO,IForest,100,driver_fixed,99,0.0099,True,True,-0.0514772436813,0.0945,10000,False
121_TAO_id_6_Environment_tr_500_1st_7.csv,TAO,IForest,100,driver_fixed,99,0.0099,True,,-0.0302764035991,0.1409,10000,False
122_TAO_id_7_Environment_tr_500_1st_19.csv,TAO,IForest,100,driver_fixed,99,0.0099,True,True,-0.0440488682575,0.0948,10000,False
123_TAO_id_8_Environment_tr_500_1st_62.csv,TAO,IForest,100,driver_fixed,99,0.0099,True,True,-0.0290928013595,0.0487,10000,False
124_TAO_id_9_Environment_tr_500_1st_1.csv,TAO,IForest,100,driver_fixed,99,0.0099,True,True,-0.0319891559958,0.0483,10000,False
125_TAO_id_10_Environment_tr_500_1st_9.csv,TAO,IForest,100,driver_fixed,99,0.0099,True,True,-0.0398943101171,0.0943,10000,False
127_TAO_id_12_Environment_tr_500_1st_24.csv,TAO,IForest,100,driver_fixed,99,0.0099,True,True,-0.0185637142455,0.0485,10000,False
128_TAO_id_13_Environment_tr_500_1st_7.csv,TAO,IForest,100,driver_fixed,99,0.0099,True,,-0.0302764035991,0.1409,10000,False
129_OPPORTUNITY_id_1_HumanActivity_tr_1801_1st_1901.csv,OPPORTUNITY,IForest,100,driver_fixed,99,0.00400923338598,False,False,-0.47282265111,0.0291985582959,24693,False
130_OPPORTUNITY_id_2_HumanActivity_tr_1045_1st_1145.csv,OPPORTUNITY,IForest,100,driver_fixed,99,0.0191786129407,False,False,-0.168226043797,0.0908562572646,5162,False
132_OPPORTUNITY_id_4_HumanActivity_tr_895_1st_995.csv,OPPORTUNITY,IForest,100,driver_fixed,99,0.0106188994959,False,False,-0.0831277809599,0.0469805856484,9323,False
133_OPPORTUNITY_id_5_HumanActivity_tr_1745_1st_6500.csv,OPPORTUNITY,IForest,100,driver_fixed,99,0.0141833810888,False,False,0.0492607071149,0.0687679083095,6980,False
134_OPPORTUNITY_id_6_HumanActivity_tr_1477_1st_1577.csv,OPPORTUNITY,IForest,100,driver_fixed,99,0.00599455040872,False,False,-0.49641400559,0.0214956100515,16515,False
135_OPPORTUNITY_id_7_HumanActivity_tr_2085_1st_2185.csv,OPPORTUNITY,IForest,100,driver_fixed,99,0.00456095088916,False,False,-0.472093991577,0.0376854325993,21706,False
136_OPPORTUNITY_id_8_HumanActivity_tr_1495_1st_1595.csv,OPPORTUNITY,IForest,100,driver_fixed,99,0.00367088138233,False,False,-0.0695441230068,0.0231747562016,26969,False
137_CreditCard_id_1_Finance_tr_500_1st_541.csv,CreditCard,IForest,100,driver_fixed,99,0.000347603815917,False,False,-0.00386436303266,0.00172748563062,284807,False
138_CATSv2_id_1_Sensor_tr_16568_1st_16668.csv,CATSv2,IForest,100,driver_fixed,99,0.00099,False,False,-0.0212196694656,0.02,100000,False
139_CATSv2_id_2_Sensor_tr_5592_1st_5692.csv,CATSv2,IForest,100,driver_fixed,99,0.000507692307692,False,False,-0.0339396282818,0.0338461538462,195000,False
141_CATSv2_id_4_Sensor_tr_41727_1st_41827.csv,CATSv2,IForest,100,driver_fixed,99,0.000507692307692,False,False,-0.0179417053486,0.0302564102564,195000,False
142_CATSv2_id_5_Sensor_tr_30704_1st_30804.csv,CATSv2,IForest,100,driver_fixed,99,0.000282857142857,False,False,0.0153513925408,0.0488571428571,350000,False
143_CATSv2_id_6_Sensor_tr_50000_1st_60232.csv,CATSv2,IForest,100,driver_fixed,99,0.000495,False,False,-0.0535356069136,0.02,200000,False
144_SMAP_id_1_Sensor_tr_2052_1st_5300.csv,SMAP,IForest,100,driver_fixed,99,0.0120599342185,False,,0.0845839860111,0.136557436959,8209,False
145_SMAP_id_2_Sensor_tr_2133_1st_5400.csv,SMAP,IForest,100,driver_fixed,99,0.0116033755274,False,,0.0367287335496,0.0730192217534,8532,False
146_SMAP_id_3_Sensor_tr_2128_1st_5000.csv,SMAP,IForest,100,driver_fixed,99,0.0116279069767,False,,0.00348763298622,0.0346488137186,8514,False
147_SMAP_id_4_Sensor_tr_2160_1st_6449.csv,SMAP,IForest,100,driver_fixed,99,0.0114583333333,False,,-0.00256036110793,0.0140046296296,8640,False
148_SMAP_id_5_Sensor_tr_2011_1st_5060.csv,SMAP,IForest,100,driver_fixed,99,0.0123073097961,False,False,-0.120597071874,0.00882645450025,8044,False
150_SMAP_id_7_Sensor_tr_2077_1st_5394.csv,SMAP,IForest,100,driver_fixed,99,0.0119133574007,False,,0.00557495802031,0.0338146811071,8310,False
151_SMAP_id_8_Sensor_tr_1971_1st_4870.csv,SMAP,IForest,100,driver_fixed,99,0.0125570776256,False,,-0.0418781224079,0.0102739726027,7884,False
152_SMAP_id_9_Sensor_tr_2073_1st_5600.csv,SMAP,IForest,100,driver_fixed,99,0.0119363395225,False,,0.0116236232505,0.0387026766337,8294,False
153_SMAP_id_10_Sensor_tr_1840_1st_4030.csv,SMAP,IForest,100,driver_fixed,99,0.0134492596115,False,,0.0106242766309,0.00556989539465,7361,False
154_SMAP_id_11_Sensor_tr_2117_1st_4770.csv,SMAP,IForest,100,driver_fixed,99,0.0116896918172,False,False,0.00143220400027,0.0142874011099,8469,False
155_SMAP_id_12_Sensor_tr_1907_1st_4800.csv,SMAP,IForest,100,driver_fixed,99,0.0129785002622,False,,-0.0148708684912,0.00668589407446,7628,False
156_SMAP_id_13_Sensor_tr_1173_1st_2750.csv,SMAP,IForest,100,driver_fixed,99,0.0210952482421,False,False,-0.463025005218,0.0108672490944,4693,False
157_SMAP_id_14_Sensor_tr_2126_1st_5000.csv,SMAP,IForest,100,driver_fixed,99,0.0116402116402,False,,0.00674483661398,0.0378600823045,8505,False
158_SMAP_id_15_Sensor_tr_2075_1st_5610.csv,SMAP,IForest,100,driver_fixed,99,0.0119277108434,False,,0.0212969839824,0.00795180722892,8300,False
159_SMAP_id_16_Sensor_tr_1757_1st_2650.csv,SMAP,IForest,100,driver_fixed,99,0.0140845070423,False,,-0.626417708559,0.0381277564376,7029,False
160_SMAP_id_17_Sensor_tr_1832_1st_5300.csv,SMAP,IForest,100,driver_fixed,99,0.0135042968217,False,,0.00133050033326,0.0611103532942,7331,False
161_SMAP_id_18_Sensor_tr_2075_1st_5550.csv,SMAP,IForest,100,driver_fixed,99,0.0119248373886,False,,-0.0146803129419,0.0422789689232,8302,False
162_SMAP_id_19_Sensor_tr_1908_1st_4690.csv,SMAP,IForest,100,driver_fixed,99,0.0129716981132,False,,0.00104976714324,0.00406184486373,7632,False
163_SMAP_id_20_Sensor_tr_2051_1st_4575.csv,SMAP,IForest,100,driver_fixed,99,0.0120658135283,False,,0.00381127744255,0.0226691042048,8205,False
165_SMAP_id_22_Sensor_tr_2129_1st_5000.csv,SMAP,IForest,100,driver_fixed,99,0.011625176139,False,,0.00122292273311,0.059652418976,8516,False
166_SMAP_id_23_Sensor_tr_1113_1st_1890.csv,SMAP,IForest,100,driver_fixed,99,0.0222322030092,False,False,-0.389519540726,0.00920727599371,4453,False
167_SMAP_id_24_Sensor_tr_2094_1st_5600.csv,SMAP,IForest,100,driver_fixed,99,0.0118194842407,False,False,0.0338543629288,0.00489493791786,8376,False
168_SMAP_id_25_Sensor_tr_1998_1st_2098.csv,SMAP,IForest,100,driver_fixed,99,0.0115398065043,False,,0.00112850794551,0.0214477211796,8579,False
169_SMAP_id_26_Sensor_tr_1811_1st_4510.csv,SMAP,IForest,100,driver_fixed,99,0.0136664826063,False,,0.000285882894208,0.011181667587,7244,False
170_SMAP_id_27_Sensor_tr_2160_1st_4690.csv,SMAP,IForest,100,driver_fixed,99,0.0114583333333,False,,0.00107687412187,0.00983796296296,8640,False
171_SWaT_id_1_Sensor_tr_3749_1st_9522.csv,SWaT,IForest,100,driver_fixed,99,0.00660176046946,False,False,0.170608537281,0.132435316084,14996,False
172_SWaT_id_2_Sensor_tr_23700_1st_23800.csv,SWaT,IForest,100,driver_fixed,99,0.000247550128901,False,False,-0.143983885896,0.125320377376,399919,False
173_GECCO_id_1_Sensor_tr_16165_1st_16265.csv,GECCO,IForest,100,driver_fixed,99,0.000714693079028,False,False,-0.19510841347,0.0124602045899,138521,False
174_Exathlon_id_1_Facility_tr_10766_1st_12590.csv,Exathlon,IForest,100,driver_fixed,99,0.002298797195,False,,0.00148170224149,0.126248084336,43066,False
175_Exathlon_id_2_Facility_tr_10684_1st_10784.csv,Exathlon,IForest,100,driver_fixed,99,0.00212191358025,False,,-0.0584688555128,0.0811685528121,46656,False
176_Exathlon_id_3_Facility_tr_10766_1st_12590.csv,Exathlon,IForest,100,driver_fixed,99,0.002298797195,False,,0.00631518357481,0.126248084336,43066,False
177_Exathlon_id_4_Facility_tr_11665_1st_13484.csv,Exathlon,IForest,100,driver_fixed,99,0.00212173167595,False,,-0.00849433348671,0.0627518216888,46660,False
179_Exathlon_id_6_Facility_tr_11665_1st_13484.csv,Exathlon,IForest,100,driver_fixed,99,0.00212173167595,False,False,-0.0418204804069,0.0627518216888,46660,False
180_Exathlon_id_7_Facility_tr_10766_1st_12590.csv,Exathlon,IForest,100,driver_fixed,99,0.002298797195,False,,0.00631518357481,0.126248084336,43066,False
181_Exathlon_id_8_Facility_tr_11663_1st_13482.csv,Exathlon,IForest,100,driver_fixed,99,0.00212195906119,False,,-0.00822796008022,0.0631872253778,46655,False
182_Exathlon_id_9_Facility_tr_10766_1st_12590.csv,Exathlon,IForest,100,driver_fixed,99,0.002298797195,False,,0.00631518357481,0.126248084336,43066,False
183_Exathlon_id_10_Facility_tr_11665_1st_13484.csv,Exathlon,IForest,100,driver_fixed,99,0.00212173167595,False,,-0.00849433348671,0.0627518216888,46660,False
184_Exathlon_id_11_Facility_tr_11665_1st_13484.csv,Exathlon,IForest,100,driver_fixed,99,0.00212173167595,False,,-0.00849433348671,0.0627518216888,46660,False
185_Exathlon_id_12_Facility_tr_11665_1st_13484.csv,Exathlon,IForest,100,driver_fixed,99,0.00212173167595,False,,-0.00849433348671,0.0627518216888,46660,False
186_Exathlon_id_13_Facility_tr_10766_1st_12590.csv,Exathlon,IForest,100,driver_fixed,99,0.002298797195,False,,0.00631518357481,0.126248084336,43066,False
187_Exathlon_id_14_Facility_tr_6193_1st_6293.csv,Exathlon,IForest,100,driver_fixed,99,0.00212173167595,False,,-0.00788460167178,0.124667809687,46660,False
188_Exathlon_id_15_Facility_tr_12538_1st_12638.csv,Exathlon,IForest,100,driver_fixed,99,0.000766271662655,False,False,-0.0127122665547,0.124654597243,129197,False
189_Exathlon_id_16_Facility_tr_11663_1st_13482.csv,Exathlon,IForest,100,driver_fixed,99,0.00212195906119,False,,-0.00822796008022,0.0631872253778,46655,False
190_Exathlon_id_17_Facility_tr_12538_1st_12638.csv,Exathlon,IForest,100,driver_fixed,99,0.000766271662655,False,False,-0.0127122665547,0.124654597243,129197,False
191_Exathlon_id_18_Facility_tr_11665_1st_13484.csv,Exathlon,IForest,100,driver_fixed,99,0.00212173167595,False,,-0.00849433348671,0.0627518216888,46660,False
192_Exathlon_id_19_Facility_tr_11665_1st_13484.csv,Exathlon,IForest,100,driver_fixed,99,0.00212173167595,False,,-0.00849433348671,0.0627518216888,46660,False
193_Exathlon_id_20_Facility_tr_8898_1st_8998.csv,Exathlon,IForest,100,driver_fixed,99,0.00212218649518,False,,-0.0460085399675,0.0834083601286,46650,False
194_Exathlon_id_21_Facility_tr_6985_1st_7085.csv,Exathlon,IForest,100,driver_fixed,99,0.00212223198782,False,,-0.000310767775581,0.104096550837,46649,False
196_Exathlon_id_23_Facility_tr_11665_1st_13484.csv,Exathlon,IForest,100,driver_fixed,99,0.00212173167595,False,,-0.00849433348671,0.0627518216888,46660,False
197_Exathlon_id_24_Facility_tr_10766_1st_12590.csv,Exathlon,IForest,100,driver_fixed,99,0.002298797195,False,,0.00631518357481,0.126248084336,43066,False
198_Exathlon_id_25_Facility_tr_12538_1st_12638.csv,Exathlon,IForest,100,driver_fixed,99,0.000766271662655,False,False,-0.0127122665547,0.124654597243,129197,False
199_Exathlon_id_26_Facility_tr_12538_1st_12638.csv,Exathlon,IForest,100,driver_fixed,99,0.000766271662655,False,False,-0.0127122665547,0.124654597243,129197,False
200_Exathlon_id_27_Facility_tr_10766_1st_12590.csv,Exathlon,IForest,100,driver_fixed,99,0.002298797195,False,,0.00631518357481,0.126248084336,43066,False
001_Genesis_id_1_Sensor_tr_4055_1st_15538.csv,Genesis,KMeansAD,40,candidate_TSB_pin_not_release_environment,39,0.00240443896424,False,,-0.0175873360329,0.00308261405672,16220,False
002_MSL_id_1_Sensor_tr_500_1st_900.csv,MSL,KMeansAD,40,candidate_TSB_pin_not_release_environment,39,0.0213464696223,False,,-0.986929417804,0.00602079912425,1827,False
003_MSL_id_2_Sensor_tr_883_1st_1238.csv,MSL,KMeansAD,40,candidate_TSB_pin_not_release_environment,39,0.0110325318246,False,,0.0238830316249,0.0644978783593,3535,False
005_MSL_id_4_Sensor_tr_855_1st_2700.csv,MSL,KMeansAD,40,candidate_TSB_pin_not_release_environment,39,0.0113968439509,False,,-0.0452443495698,0.020748100526,3422,False
006_MSL_id_5_Sensor_tr_1150_1st_1250.csv,MSL,KMeansAD,40,candidate_TSB_pin_not_release_environment,39,0.00771666007123,False,,0.0070341555962,0.083696082311,5054,False
007_MSL_id_6_Sensor_tr_980_1st_3550.csv,MSL,KMeansAD,40,candidate_TSB_pin_not_release_environment,39,0.00994390617032,False,,0.595995468957,0.0385007649159,3922,False
008_MSL_id_7_Sensor_tr_656_1st_1630.csv,MSL,KMeansAD,40,candidate_TSB_pin_not_release_environment,39,0.0148571428571,False,,0.00145500415219,0.0845714285714,2625,False
009_MSL_id_8_Sensor_tr_714_1st_1390.csv,MSL,KMeansAD,40,candidate_TSB_pin_not_release_environment,39,0.0136554621849,False,False,-0.000988622964229,0.00735294117647,2856,False
010_MSL_id_9_Sensor_tr_554_1st_1172.csv,MSL,KMeansAD,40,candidate_TSB_pin_not_release_environment,39,0.0175913396482,False,,0.0258979321508,0.0311231393775,2217,False
012_MSL_id_11_Sensor_tr_539_1st_940.csv,MSL,KMeansAD,40,candidate_TSB_pin_not_release_environment,39,0.0180890538033,False,,0.606757708011,0.0468460111317,2156,False
013_MSL_id_12_Sensor_tr_554_1st_1200.csv,MSL,KMeansAD,40,candidate_TSB_pin_not_release_environment,39,0.0175834084761,False,,-0.219897062413,0.0117222723174,2218,False
014_MSL_id_13_Sensor_tr_1525_1st_4575.csv,MSL,KMeansAD,40,candidate_TSB_pin_not_release_environment,39,0.00639344262295,False,,-0.371059589352,0.0296721311475,6100,False
015_MSL_id_14_Sensor_tr_575_1st_1250.csv,MSL,KMeansAD,40,candidate_TSB_pin_not_release_environment,39,0.0169344333478,False,,-0.25809477976,0.130699088146,2303,False
016_MSL_id_15_Sensor_tr_500_1st_780.csv,MSL,KMeansAD,40,candidate_TSB_pin_not_release_environment,39,0.0355839416058,False,,0.268109666887,0.102189781022,1096,False
017_MSL_id_16_Sensor_tr_512_1st_1850.csv,MSL,KMeansAD,40,candidate_TSB_pin_not_release_environment,39,0.0190336749634,False,,0.563145974748,0.0883357735481,2049,False
018_Daphnet_id_1_HumanActivity_tr_9693_1st_20732.csv,Daphnet,KMeansAD,40,candidate_TSB_pin_not_release_environment,39,0.00100582864806,False,False,0.0882249421365,0.0594728426265,38774,False
019_MITDB_id_1_Medical_tr_37500_1st_103211.csv,MITDB,KMeansAD,40,candidate_TSB_pin_not_release_environment,39,0.00026,False,,0.00966361412461,0.124066666667,150000,False
020_MITDB_id_2_Medical_tr_50000_1st_52315.csv,MITDB,KMeansAD,40,candidate_TSB_pin_not_release_environment,39,6e-05,False,,-0.0447903498619,0.00161076923077,650000,False
021_MITDB_id_3_Medical_tr_50000_1st_57595.csv,MITDB,KMeansAD,40,candidate_TSB_pin_not_release_environment,39,7.8e-05,False,,-0.0783625973873,0.01762,500000,False
022_MITDB_id_4_Medical_tr_50000_1st_54253.csv,MITDB,KMeansAD,40,candidate_TSB_pin_not_release_environment,39,0.00013,False,,-0.0598771325284,0.04431,300000,False
024_MITDB_id_6_Medical_tr_50000_1st_58118.csv,MITDB,KMeansAD,40,candidate_TSB_pin_not_release_environment,39,0.000195,False,,-0.047279367141,0.001765,200000,False
025_MITDB_id_7_Medical_tr_37500_1st_88864.csv,MITDB,KMeansAD,40,candidate_TSB_pin_not_release_environment,39,0.00026,False,,-0.181444793038,0.02464,150000,False
026_MITDB_id_8_Medical_tr_30495_1st_30595.csv,MITDB,KMeansAD,40,candidate_TSB_pin_not_release_environment,39,9.75e-05,False,,0.000522696305283,0.0655825,400000,False
027_MITDB_id_9_Medical_tr_25000_1st_52255.csv,MITDB,KMeansAD,40,candidate_TSB_pin_not_release_environment,39,0.00039,False,,-0.102101160002,0.00433,100000,False
029_MITDB_id_11_Medical_tr_50000_1st_518037.csv,MITDB,KMeansAD,40,candidate_TSB_pin_not_release_environment,39,6.5e-05,False,,0.149296972472,0.00291666666667,600000,False
030_MITDB_id_12_Medical_tr_50000_1st_84572.csv,MITDB,KMeansAD,40,candidate_TSB_pin_not_release_environment,39,6.29032258065e-05,False,,0.00444353307347,0.0431790322581,620000,False
031_MITDB_id_13_Medical_tr_50000_1st_79433.csv,MITDB,KMeansAD,40,candidate_TSB_pin_not_release_environment,39,8.66666666667e-05,False,,-0.00115773043837,0.0217933333333,450000,False
032_GHL_id_1_Sensor_tr_50000_1st_65001.csv,GHL,KMeansAD,40,candidate_TSB_pin_not_release_environment,39,0.000194999025005,False,False,-3.90412255996e-05,0.00924995375023,200001,False
033_GHL_id_2_Sensor_tr_50000_1st_51001.csv,GHL,KMeansAD,40,candidate_TSB_pin_not_release_environment,39,0.000194999025005,False,False,-0.00203209811884,0.00923495382523,200001,False
034_GHL_id_3_Sensor_tr_50000_1st_122001.csv,GHL,KMeansAD,40,candidate_TSB_pin_not_release_environment,39,0.000194999025005,False,False,0.00517765095741,0.00959495202524,200001,False
035_GHL_id_4_Sensor_tr_50000_1st_90001.csv,GHL,KMeansAD,40,candidate_TSB_pin_not_release_environment,39,0.000194999025005,False,False,0.00050170976022,0.0135649321753,200001,False
036_GHL_id_5_Sensor_tr_50000_1st_67147.csv,GHL,KMeansAD,40,candidate_TSB_pin_not_release_environment,39,0.000194999025005,False,False,-0.00107091963435,0.0114149429253,200001,False
037_GHL_id_6_Sensor_tr_50000_1st_80001.csv,GHL,KMeansAD,40,candidate_TSB_pin_not_release_environment,39,0.000194999025005,False,False,-0.00312799140704,0.00932995335023,200001,False
038_GHL_id_7_Sensor_tr_50000_1st_100001.csv,GHL,KMeansAD,40,candidate_TSB_pin_not_release_environment,39,0.000194999025005,False,False,0.000569906395784,0.00847495762521,200001,False
039_GHL_id_8_Sensor_tr_50000_1st_63030.csv,GHL,KMeansAD,40,candidate_TSB_pin_not_release_environment,39,0.000194999025005,False,False,-3.80922148546e-05,0.00583997080015,200001,False
041_GHL_id_10_Sensor_tr_50000_1st_57001.csv,GHL,KMeansAD,40,candidate_TSB_pin_not_release_environment,39,0.000194999025005,False,False,-0.00235947764391,0.00927495362523,200001,False
042_GHL_id_11_Sensor_tr_50000_1st_150001.csv,GHL,KMeansAD,40,candidate_TSB_pin_not_release_environment,39,0.000194999025005,False,False,0.00585483160405,0.00772996135019,200001,False
043_GHL_id_12_Sensor_tr_39938_1st_40038.csv,GHL,KMeansAD,40,candidate_TSB_pin_not_release_environment,39,0.000194999025005,False,False,-0.0176916682681,0.00525497372513,200001,False
044_GHL_id_13_Sensor_tr_50000_1st_145001.csv,GHL,KMeansAD,40,candidate_TSB_pin_not_release_environment,39,0.000194999025005,False,False,0.00877474425537,0.00924495377523,200001,False
045_GHL_id_14_Sensor_tr_50000_1st_85076.csv,GHL,KMeansAD,40,candidate_TSB_pin_not_release_environment,39,0.000194999025005,False,False,-0.0066300486276,0.00885495572522,200001,False
046_GHL_id_15_Sensor_tr_50000_1st_156462.csv,GHL,KMeansAD,40,candidate_TSB_pin_not_release_environment,39,0.000194999025005,False,False,0.0374661155905,0.00619496902515,200001,False
047_GHL_id_16_Sensor_tr_50000_1st_77001.csv,GHL,KMeansAD,40,candidate_TSB_pin_not_release_environment,39,0.000194999025005,False,False,0.00108291858851,0.0136399318003,200001,False
048_GHL_id_17_Sensor_tr_50000_1st_154001.csv,GHL,KMeansAD,40,candidate_TSB_pin_not_release_environment,39,0.000194999025005,False,False,0.0186173505482,0.0179149104254,200001,False
050_GHL_id_19_Sensor_tr_43750_1st_55001.csv,GHL,KMeansAD,40,candidate_TSB_pin_not_release_environment,39,0.000222855869395,False,False,-0.00442107780062,0.00645139170633,175001,False
051_GHL_id_20_Sensor_tr_50000_1st_75110.csv,GHL,KMeansAD,40,candidate_TSB_pin_not_release_environment,39,0.000194999025005,False,False,-0.00038608544728,0.00595497022515,200001,False
052_GHL_id_21_Sensor_tr_50000_1st_98001.csv,GHL,KMeansAD,40,candidate_TSB_pin_not_release_environment,39,0.000194999025005,False,False,-0.000374675968837,0.00485497572512,200001,False
053_GHL_id_22_Sensor_tr_50000_1st_126448.csv,GHL,KMeansAD,40,candidate_TSB_pin_not_release_environment,39,0.000194999025005,False,False,0.0225449489664,0.0324598377008,200001,False
054_GHL_id_23_Sensor_tr_50000_1st_135001.csv,GHL,KMeansAD,40,candidate_TSB_pin_not_release_environment,39,0.000194999025005,False,False,0.0139015038969,0.0186699066505,200001,False
055_GHL_id_24_Sensor_tr_50000_1st_118124.csv,GHL,KMeansAD,40,candidate_TSB_pin_not_release_environment,39,0.000194999025005,False,False,0.00218492302171,0.00504497477513,200001,False
056_GHL_id_25_Sensor_tr_50000_1st_105568.csv,GHL,KMeansAD,40,candidate_TSB_pin_not_release_environment,39,0.000194999025005,False,False,0.00551352704677,0.0157199214004,200001,False
057_SMD_id_1_Facility_tr_4529_1st_4629.csv,SMD,KMeansAD,40,candidate_TSB_pin_not_release_environment,39,0.00164598632565,False,False,-0.0917697499653,0.0228749894488,23694,False
058_SMD_id_2_Facility_tr_1087_1st_1187.csv,SMD,KMeansAD,40,candidate_TSB_pin_not_release_environment,39,0.00135765508598,False,,0.0352382679839,0.0415651326325,28726,False
059_SMD_id_3_Facility_tr_757_1st_857.csv,SMD,KMeansAD,40,candidate_TSB_pin_not_release_environment,39,0.0016463337414,False,False,-0.480190207057,0.0113554814471,23689,False
060_SMD_id_4_Facility_tr_7176_1st_10609.csv,SMD,KMeansAD,40,candidate_TSB_pin_not_release_environment,39,0.00135864831911,False,False,-0.0995621783676,0.0151193171921,28705,False
061_SMD_id_5_Facility_tr_7176_1st_15144.csv,SMD,KMeansAD,40,candidate_TSB_pin_not_release_environment,39,0.00135869565217,False,False,-0.0465921634568,0.0477633779264,28704,False
063_SMD_id_7_Facility_tr_5923_1st_6506.csv,SMD,KMeansAD,40,candidate_TSB_pin_not_release_environment,39,0.00164598632565,False,,-0.0998588843051,0.0493795897696,23694,False
064_SMD_id_8_Facility_tr_2272_1st_2372.csv,SMD,KMeansAD,40,candidate_TSB_pin_not_release_environment,39,0.00183936235438,False,False,-0.251028765776,0.0368815733623,21203,False
065_SMD_id_9_Facility_tr_737_1st_837.csv,SMD,KMeansAD,40,candidate_TSB_pin_not_release_environment,39,0.00164577794658,False,False,0.161735789516,0.101194243997,23697,False
066_SMD_id_10_Facility_tr_2634_1st_2734.csv,SMD,KMeansAD,40,candidate_TSB_pin_not_release_environment,39,0.00164647274877,False,False,0.645799607318,0.0412462532191,23687,False
067_SMD_id_11_Facility_tr_1980_1st_2080.csv,SMD,KMeansAD,40,candidate_TSB_pin_not_release_environment,39,0.0017178346474,False,False,-0.147859374025,0.0477029467471,22703,False
068_SMD_id_12_Facility_tr_1099_1st_1199.csv,SMD,KMeansAD,40,candidate_TSB_pin_not_release_environment,39,0.00135826977327,False,False,-0.154716884323,0.0105527113154,28713,False
069_SMD_id_13_Facility_tr_5925_1st_12760.csv,SMD,KMeansAD,40,candidate_TSB_pin_not_release_environment,39,0.00164556962025,False,,0.0411951455262,0.119535864979,23700,False
070_SMD_id_14_Facility_tr_1070_1st_1170.csv,SMD,KMeansAD,40,candidate_TSB_pin_not_release_environment,39,0.00135685210312,False,,-0.203212977874,0.0147514177365,28743,False
071_SMD_id_15_Facility_tr_1109_1st_1209.csv,SMD,KMeansAD,40,candidate_TSB_pin_not_release_environment,39,0.00135888501742,False,False,-0.081419183296,0.0107317073171,28700,False
073_SMD_id_17_Facility_tr_5926_1st_10620.csv,SMD,KMeansAD,40,candidate_TSB_pin_not_release_environment,39,0.00164515312579,False,,-0.352097333689,0.00421834134818,23706,False
074_SMD_id_18_Facility_tr_7174_1st_21230.csv,SMD,KMeansAD,40,candidate_TSB_pin_not_release_environment,39,0.00135907443546,False,False,-0.702099356227,0.00689991636465,28696,False
075_SMD_id_19_Facility_tr_564_1st_664.csv,SMD,KMeansAD,40,candidate_TSB_pin_not_release_environment,39,0.00164584740041,False,False,-0.120129452308,0.0175979068197,23696,False
076_SMD_id_20_Facility_tr_5925_1st_17580.csv,SMD,KMeansAD,40,candidate_TSB_pin_not_release_environment,39,0.00164536134666,False,False,-0.00885702357075,0.00679238914905,23703,False
077_SMD_id_21_Facility_tr_3026_1st_3126.csv,SMD,KMeansAD,40,candidate_TSB_pin_not_release_environment,39,0.00183901541944,False,False,-0.39593530339,0.0324421181685,21207,False
078_SMD_id_22_Facility_tr_500_1st_326.csv,SMD,KMeansAD,40,candidate_TSB_pin_not_release_environment,39,0.00164605579707,False,False,-0.261224449197,0.0441902671675,23693,False
079_LTDB_id_1_Medical_tr_3618_1st_3718.csv,LTDB,KMeansAD,40,candidate_TSB_pin_not_release_environment,39,0.00039,False,,0.0158298981312,0.14781,100000,False
080_LTDB_id_2_Medical_tr_500_1st_266.csv,LTDB,KMeansAD,40,candidate_TSB_pin_not_release_environment,39,0.00039,False,False,0.0181930541382,0.14857,100000,False
081_LTDB_id_3_Medical_tr_500_1st_26.csv,LTDB,KMeansAD,40,candidate_TSB_pin_not_release_environment,39,0.00039,True,,-0.138882750762,0.31565,100000,False
083_LTDB_id_5_Medical_tr_15502_1st_15602.csv,LTDB,KMeansAD,40,candidate_TSB_pin_not_release_environment,39,0.00039,False,,-0.161527333163,0.00505,100000,False
084_SVDB_id_1_Medical_tr_12973_1st_13073.csv,SVDB,KMeansAD,40,candidate_TSB_pin_not_release_environment,39,0.000169270833333,False,,-0.0453316122897,0.0153515625,230400,False
085_SVDB_id_2_Medical_tr_50000_1st_54982.csv,SVDB,KMeansAD,40,candidate_TSB_pin_not_release_environment,39,0.000169270833333,False,,-0.090711620495,0.0372309027778,230400,False
086_SVDB_id_3_Medical_tr_533_1st_633.csv,SVDB,KMeansAD,40,candidate_TSB_pin_not_release_environment,39,0.000169270833333,False,,-0.0319407191923,0.0699696180556,230400,False
087_SVDB_id_4_Medical_tr_5421_1st_5521.csv,SVDB,KMeansAD,40,candidate_TSB_pin_not_release_environment,39,0.000169270833333,False,,-0.0230287429001,0.0555946180556,230400,False
088_SVDB_id_5_Medical_tr_500_1st_168.csv,SVDB,KMeansAD,40,candidate_TSB_pin_not_release_environment,39,0.000169270833333,False,,-0.0159047847394,0.0992100694444,230400,False
089_SVDB_id_6_Medical_tr_50000_1st_83083.csv,SVDB,KMeansAD,40,candidate_TSB_pin_not_release_environment,39,0.000169270833333,False,,-0.0140236695063,0.0134895833333,230400,False
091_SVDB_id_8_Medical_tr_500_1st_126.csv,SVDB,KMeansAD,40,candidate_TSB_pin_not_release_environment,39,0.000169270833333,False,,-0.216160828179,0.0773524305556,230400,False
092_SVDB_id_9_Medical_tr_2674_1st_2774.csv,SVDB,KMeansAD,40,candidate_TSB_pin_not_release_environment,39,0.000169270833333,False,,-0.0792207598725,0.0525260416667,230400,False
093_SVDB_id_10_Medical_tr_500_1st_37.csv,SVDB,KMeansAD,40,candidate_TSB_pin_not_release_environment,39,0.000169270833333,True,,-0.346461558144,0.0785894097222,230400,False
094_SVDB_id_11_Medical_tr_20100_1st_23611.csv,SVDB,KMeansAD,40,candidate_TSB_pin_not_release_environment,39,0.000485074626866,False,,-0.0745184850486,0.0117537313433,80400,False
095_SVDB_id_12_Medical_tr_6264_1st_6364.csv,SVDB,KMeansAD,40,candidate_TSB_pin_not_release_environment,39,0.000169270833333,False,,-0.0126100364764,0.0323958333333,230400,False
096_SVDB_id_13_Medical_tr_500_1st_444.csv,SVDB,KMeansAD,40,candidate_TSB_pin_not_release_environment,39,0.000169270833333,False,,-0.0144580784795,0.0335633680556,230400,False
097_SVDB_id_14_Medical_tr_1031_1st_1131.csv,SVDB,KMeansAD,40,candidate_TSB_pin_not_release_environment,39,0.000169270833333,False,,-0.212725566252,0.120611979167,230400,False
098_SVDB_id_15_Medical_tr_500_1st_303.csv,SVDB,KMeansAD,40,candidate_TSB_pin_not_release_environment,39,0.000169270833333,False,,-0.0391819544979,0.0633637152778,230400,False
099_SVDB_id_16_Medical_tr_1115_1st_1215.csv,SVDB,KMeansAD,40,candidate_TSB_pin_not_release_environment,39,0.000169270833333,False,,-0.20887201122,0.0711328125,230400,False
100_SVDB_id_17_Medical_tr_17803_1st_17903.csv,SVDB,KMeansAD,40,candidate_TSB_pin_not_release_environment,39,0.000299079754601,False,,-0.0549493246348,0.030222392638,130400,False
101_SVDB_id_18_Medical_tr_1851_1st_1951.csv,SVDB,KMeansAD,40,candidate_TSB_pin_not_release_environment,39,0.000169270833333,False,,-0.106037938608,0.0698871527778,230400,False
102_SVDB_id_19_Medical_tr_50000_1st_107354.csv,SVDB,KMeansAD,40,candidate_TSB_pin_not_release_environment,39,0.000169270833333,False,,-0.217706642568,0.0580555555556,230400,False
103_SVDB_id_20_Medical_tr_12167_1st_12267.csv,SVDB,KMeansAD,40,candidate_TSB_pin_not_release_environment,39,0.000169270833333,False,,-0.000634040537179,0.0266970486111,230400,False
104_SVDB_id_21_Medical_tr_50000_1st_106634.csv,SVDB,KMeansAD,40,candidate_TSB_pin_not_release_environment,39,0.000169270833333,False,,-0.0761834404944,0.0152039930556,230400,False
105_SVDB_id_22_Medical_tr_500_1st_417.csv,SVDB,KMeansAD,40,candidate_TSB_pin_not_release_environment,39,0.00026,False,,-0.151292876714,0.0855133333333,150000,False
106_SVDB_id_23_Medical_tr_37500_1st_121963.csv,SVDB,KMeansAD,40,candidate_TSB_pin_not_release_environment,39,0.00026,False,,-0.0261380243953,0.00450666666667,150000,False
108_SVDB_id_25_Medical_tr_1238_1st_1338.csv,SVDB,KMeansAD,40,candidate_TSB_pin_not_release_environment,39,0.000169270833333,False,,-0.116856604366,0.0305902777778,230400,False
109_SVDB_id_26_Medical_tr_1038_1st_1138.csv,SVDB,KMeansAD,40,candidate_TSB_pin_not_release_environment,39,0.000169270833333,False,,-0.0382161637681,0.0903645833333,230400,False
110_SVDB_id_27_Medical_tr_30824_1st_30924.csv,SVDB,KMeansAD,40,candidate_TSB_pin_not_release_environment,39,0.000169270833333,False,,0.00859349870405,0.0340581597222,230400,False
111_SVDB_id_28_Medical_tr_1791_1st_1891.csv,SVDB,KMeansAD,40,candidate_TSB_pin_not_release_environment,39,0.000169270833333,False,,-0.0403897793215,0.0953993055556,230400,False
112_SVDB_id_29_Medical_tr_8226_1st_8326.csv,SVDB,KMeansAD,40,candidate_TSB_pin_not_release_environment,39,0.000169270833333,False,,-0.00149987286969,0.0111067708333,230400,False
114_SVDB_id_31_Medical_tr_25000_1st_63090.csv,SVDB,KMeansAD,40,candidate_TSB_pin_not_release_environment,39,0.00039,False,,0.000130273284048,0.00497,100000,False
115_PSM_id_1_Facility_tr_50000_1st_129872.csv,PSM,KMeansAD,40,candidate_TSB_pin_not_release_environment,39,0.000179208175569,False,,-0.0890272177984,0.112032680219,217624,False
116_TAO_id_1_Environment_tr_500_1st_3.csv,TAO,KMeansAD,40,candidate_TSB_pin_not_release_environment,39,0.0039,True,True,-0.055834633992,0.0492,10000,False
117_TAO_id_2_Environment_tr_500_1st_1.csv,TAO,KMeansAD,40,candidate_TSB_pin_not_release_environment,39,0.0039,True,,-0.035047579592,0.1395,10000,False
118_TAO_id_3_Environment_tr_500_1st_7.csv,TAO,KMeansAD,40,candidate_TSB_pin_not_release_environment,39,0.0039,True,True,-0.0614821818973,0.0488,10000,False
119_TAO_id_4_Environment_tr_500_1st_1.csv,TAO,KMeansAD,40,candidate_TSB_pin_not_release_environment,39,0.0039,True,True,-0.0464127942852,0.0945,10000,False
121_TAO_id_6_Environment_tr_500_1st_7.csv,TAO,KMeansAD,40,candidate_TSB_pin_not_release_environment,39,0.0039,True,,-0.0343907836338,0.1409,10000,False
122_TAO_id_7_Environment_tr_500_1st_19.csv,TAO,KMeansAD,40,candidate_TSB_pin_not_release_environment,39,0.0039,True,True,-0.0414669667024,0.0948,10000,False
123_TAO_id_8_Environment_tr_500_1st_62.csv,TAO,KMeansAD,40,candidate_TSB_pin_not_release_environment,39,0.0039,False,False,-0.0631583638659,0.0487,10000,False
124_TAO_id_9_Environment_tr_500_1st_1.csv,TAO,KMeansAD,40,candidate_TSB_pin_not_release_environment,39,0.0039,True,True,-0.058538045647,0.0483,10000,False
125_TAO_id_10_Environment_tr_500_1st_9.csv,TAO,KMeansAD,40,candidate_TSB_pin_not_release_environment,39,0.0039,True,True,-0.0597957056869,0.0943,10000,False
127_TAO_id_12_Environment_tr_500_1st_24.csv,TAO,KMeansAD,40,candidate_TSB_pin_not_release_environment,39,0.0039,True,True,-0.0606488115539,0.0485,10000,False
128_TAO_id_13_Environment_tr_500_1st_7.csv,TAO,KMeansAD,40,candidate_TSB_pin_not_release_environment,39,0.0039,True,,-0.0344686448004,0.1409,10000,False
129_OPPORTUNITY_id_1_HumanActivity_tr_1801_1st_1901.csv,OPPORTUNITY,KMeansAD,40,candidate_TSB_pin_not_release_environment,39,0.00157939497023,False,False,-0.00247724403558,0.0291985582959,24693,False
130_OPPORTUNITY_id_2_HumanActivity_tr_1045_1st_1145.csv,OPPORTUNITY,KMeansAD,40,candidate_TSB_pin_not_release_environment,39,0.00755521115847,False,False,0.00813869522822,0.0908562572646,5162,False
132_OPPORTUNITY_id_4_HumanActivity_tr_895_1st_995.csv,OPPORTUNITY,KMeansAD,40,candidate_TSB_pin_not_release_environment,39,0.00418320283171,False,False,0.0254693839182,0.0469805856484,9323,False
133_OPPORTUNITY_id_5_HumanActivity_tr_1745_1st_6500.csv,OPPORTUNITY,KMeansAD,40,candidate_TSB_pin_not_release_environment,39,0.00558739255014,False,False,0.711086769781,0.0687679083095,6980,False
134_OPPORTUNITY_id_6_HumanActivity_tr_1477_1st_1577.csv,OPPORTUNITY,KMeansAD,40,candidate_TSB_pin_not_release_environment,39,0.00236148955495,False,False,0.000886945494521,0.0214956100515,16515,False
135_OPPORTUNITY_id_7_HumanActivity_tr_2085_1st_2185.csv,OPPORTUNITY,KMeansAD,40,candidate_TSB_pin_not_release_environment,39,0.00179673822906,False,False,-0.0641798960827,0.0376854325993,21706,False
136_OPPORTUNITY_id_8_HumanActivity_tr_1495_1st_1595.csv,OPPORTUNITY,KMeansAD,40,candidate_TSB_pin_not_release_environment,39,0.00144610478698,False,False,0.000630825575315,0.0231747562016,26969,False
137_CreditCard_id_1_Finance_tr_500_1st_541.csv,CreditCard,KMeansAD,40,candidate_TSB_pin_not_release_environment,39,0.000136934836574,False,False,-0.0125124055875,0.00172748563062,284807,False
138_CATSv2_id_1_Sensor_tr_16568_1st_16668.csv,CATSv2,KMeansAD,40,candidate_TSB_pin_not_release_environment,39,0.00039,False,False,-0.213976085935,0.02,100000,False
139_CATSv2_id_2_Sensor_tr_5592_1st_5692.csv,CATSv2,KMeansAD,40,candidate_TSB_pin_not_release_environment,39,0.0002,False,False,-0.0992708030249,0.0338461538462,195000,False
141_CATSv2_id_4_Sensor_tr_41727_1st_41827.csv,CATSv2,KMeansAD,40,candidate_TSB_pin_not_release_environment,39,0.0002,False,False,0.0472756912231,0.0302564102564,195000,False
142_CATSv2_id_5_Sensor_tr_30704_1st_30804.csv,CATSv2,KMeansAD,40,candidate_TSB_pin_not_release_environment,39,0.000111428571429,False,False,-0.142465371412,0.0488571428571,350000,False
143_CATSv2_id_6_Sensor_tr_50000_1st_60232.csv,CATSv2,KMeansAD,40,candidate_TSB_pin_not_release_environment,39,0.000195,False,False,-0.126011340987,0.02,200000,False
144_SMAP_id_1_Sensor_tr_2052_1st_5300.csv,SMAP,KMeansAD,40,candidate_TSB_pin_not_release_environment,39,0.004750883177,False,,0.770908416039,0.136557436959,8209,False
145_SMAP_id_2_Sensor_tr_2133_1st_5400.csv,SMAP,KMeansAD,40,candidate_TSB_pin_not_release_environment,39,0.00457102672293,False,,0.00919577145753,0.0730192217534,8532,False
146_SMAP_id_3_Sensor_tr_2128_1st_5000.csv,SMAP,KMeansAD,40,candidate_TSB_pin_not_release_environment,39,0.0045806906272,False,,-0.0175193613384,0.0346488137186,8514,False
147_SMAP_id_4_Sensor_tr_2160_1st_6449.csv,SMAP,KMeansAD,40,candidate_TSB_pin_not_release_environment,39,0.00451388888889,False,,0.000962179729176,0.0140046296296,8640,False
148_SMAP_id_5_Sensor_tr_2011_1st_5060.csv,SMAP,KMeansAD,40,candidate_TSB_pin_not_release_environment,39,0.00484833416211,False,False,-0.028183140323,0.00882645450025,8044,False
150_SMAP_id_7_Sensor_tr_2077_1st_5394.csv,SMAP,KMeansAD,40,candidate_TSB_pin_not_release_environment,39,0.00469314079422,False,,0.333539791512,0.0338146811071,8310,False
151_SMAP_id_8_Sensor_tr_1971_1st_4870.csv,SMAP,KMeansAD,40,candidate_TSB_pin_not_release_environment,39,0.00494672754947,False,,0.119472455243,0.0102739726027,7884,False
152_SMAP_id_9_Sensor_tr_2073_1st_5600.csv,SMAP,KMeansAD,40,candidate_TSB_pin_not_release_environment,39,0.00470219435737,False,,-0.0278617296491,0.0387026766337,8294,False
153_SMAP_id_10_Sensor_tr_1840_1st_4030.csv,SMAP,KMeansAD,40,candidate_TSB_pin_not_release_environment,39,0.00529819318027,False,,-0.098581473746,0.00556989539465,7361,False
154_SMAP_id_11_Sensor_tr_2117_1st_4770.csv,SMAP,KMeansAD,40,candidate_TSB_pin_not_release_environment,39,0.00460503010981,False,False,0.00384907170094,0.0142874011099,8469,False
155_SMAP_id_12_Sensor_tr_1907_1st_4800.csv,SMAP,KMeansAD,40,candidate_TSB_pin_not_release_environment,39,0.00511274252753,False,,0.397327679788,0.00668589407446,7628,False
156_SMAP_id_13_Sensor_tr_1173_1st_2750.csv,SMAP,KMeansAD,40,candidate_TSB_pin_not_release_environment,39,0.00831024930748,False,False,-0.789446154107,0.0108672490944,4693,False
157_SMAP_id_14_Sensor_tr_2126_1st_5000.csv,SMAP,KMeansAD,40,candidate_TSB_pin_not_release_environment,39,0.00458553791887,False,,-0.0809358096959,0.0378600823045,8505,False
158_SMAP_id_15_Sensor_tr_2075_1st_5610.csv,SMAP,KMeansAD,40,candidate_TSB_pin_not_release_environment,39,0.00469879518072,False,,0.238437429775,0.00795180722892,8300,False
159_SMAP_id_16_Sensor_tr_1757_1st_2650.csv,SMAP,KMeansAD,40,candidate_TSB_pin_not_release_environment,39,0.00554844216816,False,,-0.370573671008,0.0381277564376,7029,False
160_SMAP_id_17_Sensor_tr_1832_1st_5300.csv,SMAP,KMeansAD,40,candidate_TSB_pin_not_release_environment,39,0.00531987450552,False,,0.00953686854441,0.0611103532942,7331,False
161_SMAP_id_18_Sensor_tr_2075_1st_5550.csv,SMAP,KMeansAD,40,candidate_TSB_pin_not_release_environment,39,0.00469766321368,False,,-0.0555685196119,0.0422789689232,8302,False
162_SMAP_id_19_Sensor_tr_1908_1st_4690.csv,SMAP,KMeansAD,40,candidate_TSB_pin_not_release_environment,39,0.00511006289308,False,,-0.695872515111,0.00406184486373,7632,False
163_SMAP_id_20_Sensor_tr_2051_1st_4575.csv,SMAP,KMeansAD,40,candidate_TSB_pin_not_release_environment,39,0.00475319926874,False,,0.00193126522787,0.0226691042048,8205,False
165_SMAP_id_22_Sensor_tr_2129_1st_5000.csv,SMAP,KMeansAD,40,candidate_TSB_pin_not_release_environment,39,0.00457961484265,False,,-0.0315481446535,0.059652418976,8516,False
166_SMAP_id_23_Sensor_tr_1113_1st_1890.csv,SMAP,KMeansAD,40,candidate_TSB_pin_not_release_environment,39,0.00875814057938,False,False,-0.715048272574,0.00920727599371,4453,False
167_SMAP_id_24_Sensor_tr_2094_1st_5600.csv,SMAP,KMeansAD,40,candidate_TSB_pin_not_release_environment,39,0.00465616045845,False,False,-0.673581500012,0.00489493791786,8376,False
168_SMAP_id_25_Sensor_tr_1998_1st_2098.csv,SMAP,KMeansAD,40,candidate_TSB_pin_not_release_environment,39,0.00454598438046,False,,0.208559304497,0.0214477211796,8579,False
169_SMAP_id_26_Sensor_tr_1811_1st_4510.csv,SMAP,KMeansAD,40,candidate_TSB_pin_not_release_environment,39,0.00538376587521,False,,-0.154922543727,0.011181667587,7244,False
170_SMAP_id_27_Sensor_tr_2160_1st_4690.csv,SMAP,KMeansAD,40,candidate_TSB_pin_not_release_environment,39,0.00451388888889,False,,-0.141458316796,0.00983796296296,8640,False
171_SWaT_id_1_Sensor_tr_3749_1st_9522.csv,SWaT,KMeansAD,40,candidate_TSB_pin_not_release_environment,39,0.00260069351827,False,False,0.226776666796,0.132435316084,14996,False
172_SWaT_id_2_Sensor_tr_23700_1st_23800.csv,SWaT,KMeansAD,40,candidate_TSB_pin_not_release_environment,39,9.75197477489e-05,False,False,0.560075185342,0.125320377376,399919,False
173_GECCO_id_1_Sensor_tr_16165_1st_16265.csv,GECCO,KMeansAD,40,candidate_TSB_pin_not_release_environment,39,0.000281545758405,False,False,-0.221200251838,0.0124602045899,138521,False
174_Exathlon_id_1_Facility_tr_10766_1st_12590.csv,Exathlon,KMeansAD,40,candidate_TSB_pin_not_release_environment,39,0.000905586773789,False,,0.123608366829,0.126248084336,43066,False
175_Exathlon_id_2_Facility_tr_10684_1st_10784.csv,Exathlon,KMeansAD,40,candidate_TSB_pin_not_release_environment,39,0.000835905349794,False,,0.734733472209,0.0811685528121,46656,False
176_Exathlon_id_3_Facility_tr_10766_1st_12590.csv,Exathlon,KMeansAD,40,candidate_TSB_pin_not_release_environment,39,0.000905586773789,False,,0.0747781431417,0.126248084336,43066,False
177_Exathlon_id_4_Facility_tr_11665_1st_13484.csv,Exathlon,KMeansAD,40,candidate_TSB_pin_not_release_environment,39,0.000835833690527,False,,0.0427441823429,0.0627518216888,46660,False
179_Exathlon_id_6_Facility_tr_11665_1st_13484.csv,Exathlon,KMeansAD,40,candidate_TSB_pin_not_release_environment,39,0.000835833690527,False,False,-0.0793848436961,0.0627518216888,46660,False
180_Exathlon_id_7_Facility_tr_10766_1st_12590.csv,Exathlon,KMeansAD,40,candidate_TSB_pin_not_release_environment,39,0.000905586773789,False,,0.0738555130383,0.126248084336,43066,False
181_Exathlon_id_8_Facility_tr_11663_1st_13482.csv,Exathlon,KMeansAD,40,candidate_TSB_pin_not_release_environment,39,0.000835923266531,False,,-0.275740853284,0.0631872253778,46655,False
182_Exathlon_id_9_Facility_tr_10766_1st_12590.csv,Exathlon,KMeansAD,40,candidate_TSB_pin_not_release_environment,39,0.000905586773789,False,,0.0717940518833,0.126248084336,43066,False
183_Exathlon_id_10_Facility_tr_11665_1st_13484.csv,Exathlon,KMeansAD,40,candidate_TSB_pin_not_release_environment,39,0.000835833690527,False,,0.02525540161,0.0627518216888,46660,False
184_Exathlon_id_11_Facility_tr_11665_1st_13484.csv,Exathlon,KMeansAD,40,candidate_TSB_pin_not_release_environment,39,0.000835833690527,False,,0.0309587282957,0.0627518216888,46660,False
185_Exathlon_id_12_Facility_tr_11665_1st_13484.csv,Exathlon,KMeansAD,40,candidate_TSB_pin_not_release_environment,39,0.000835833690527,False,,0.0314559360627,0.0627518216888,46660,False
186_Exathlon_id_13_Facility_tr_10766_1st_12590.csv,Exathlon,KMeansAD,40,candidate_TSB_pin_not_release_environment,39,0.000905586773789,False,,0.081000567275,0.126248084336,43066,False
187_Exathlon_id_14_Facility_tr_6193_1st_6293.csv,Exathlon,KMeansAD,40,candidate_TSB_pin_not_release_environment,39,0.000835833690527,False,,0.0844080719827,0.124667809687,46660,False
188_Exathlon_id_15_Facility_tr_12538_1st_12638.csv,Exathlon,KMeansAD,40,candidate_TSB_pin_not_release_environment,39,0.000301864594379,False,False,-0.0171120073263,0.124654597243,129197,False
189_Exathlon_id_16_Facility_tr_11663_1st_13482.csv,Exathlon,KMeansAD,40,candidate_TSB_pin_not_release_environment,39,0.000835923266531,False,,-0.285114007148,0.0631872253778,46655,False
190_Exathlon_id_17_Facility_tr_12538_1st_12638.csv,Exathlon,KMeansAD,40,candidate_TSB_pin_not_release_environment,39,0.000301864594379,False,False,-0.0197941044346,0.124654597243,129197,False
191_Exathlon_id_18_Facility_tr_11665_1st_13484.csv,Exathlon,KMeansAD,40,candidate_TSB_pin_not_release_environment,39,0.000835833690527,False,,0.0234859266365,0.0627518216888,46660,False
192_Exathlon_id_19_Facility_tr_11665_1st_13484.csv,Exathlon,KMeansAD,40,candidate_TSB_pin_not_release_environment,39,0.000835833690527,False,,0.0334096124966,0.0627518216888,46660,False
193_Exathlon_id_20_Facility_tr_8898_1st_8998.csv,Exathlon,KMeansAD,40,candidate_TSB_pin_not_release_environment,39,0.000836012861736,False,,0.627213783516,0.0834083601286,46650,False
194_Exathlon_id_21_Facility_tr_6985_1st_7085.csv,Exathlon,KMeansAD,40,candidate_TSB_pin_not_release_environment,39,0.000836030783082,False,,0.0653375342622,0.104096550837,46649,False
196_Exathlon_id_23_Facility_tr_11665_1st_13484.csv,Exathlon,KMeansAD,40,candidate_TSB_pin_not_release_environment,39,0.000835833690527,False,,0.0301778804633,0.0627518216888,46660,False
197_Exathlon_id_24_Facility_tr_10766_1st_12590.csv,Exathlon,KMeansAD,40,candidate_TSB_pin_not_release_environment,39,0.000905586773789,False,,0.0756597246914,0.126248084336,43066,False
198_Exathlon_id_25_Facility_tr_12538_1st_12638.csv,Exathlon,KMeansAD,40,candidate_TSB_pin_not_release_environment,39,0.000301864594379,False,False,-0.0181081193066,0.124654597243,129197,False
199_Exathlon_id_26_Facility_tr_12538_1st_12638.csv,Exathlon,KMeansAD,40,candidate_TSB_pin_not_release_environment,39,0.000301864594379,False,False,-0.013257520913,0.124654597243,129197,False
200_Exathlon_id_27_Facility_tr_10766_1st_12590.csv,Exathlon,KMeansAD,40,candidate_TSB_pin_not_release_environment,39,0.000905586773789,False,,0.074728264992,0.126248084336,43066,False
001_Genesis_id_1_Sensor_tr_4055_1st_15538.csv,Genesis,KNN,1,driver_pointwise,0,0,False,,-0.0232589769946,0.00308261405672,16220,False
002_MSL_id_1_Sensor_tr_500_1st_900.csv,MSL,KNN,1,driver_pointwise,0,0,False,,-0.11802041556,0.00602079912425,1827,False
003_MSL_id_2_Sensor_tr_883_1st_1238.csv,MSL,KNN,1,driver_pointwise,0,0,False,,-0.0314391950743,0.0644978783593,3535,False
005_MSL_id_4_Sensor_tr_855_1st_2700.csv,MSL,KNN,1,driver_pointwise,0,0,False,,-0.00598336170677,0.020748100526,3422,False
006_MSL_id_5_Sensor_tr_1150_1st_1250.csv,MSL,KNN,1,driver_pointwise,0,0,False,,0.0171276037534,0.083696082311,5054,False
007_MSL_id_6_Sensor_tr_980_1st_3550.csv,MSL,KNN,1,driver_pointwise,0,0,False,,0.0719230671917,0.0385007649159,3922,False
008_MSL_id_7_Sensor_tr_656_1st_1630.csv,MSL,KNN,1,driver_pointwise,0,0,False,,0.254911117827,0.0845714285714,2625,False
009_MSL_id_8_Sensor_tr_714_1st_1390.csv,MSL,KNN,1,driver_pointwise,0,0,False,False,0.0105477723439,0.00735294117647,2856,False
010_MSL_id_9_Sensor_tr_554_1st_1172.csv,MSL,KNN,1,driver_pointwise,0,0,False,,-0.00400925422084,0.0311231393775,2217,False
012_MSL_id_11_Sensor_tr_539_1st_940.csv,MSL,KNN,1,driver_pointwise,0,0,False,,0.0853481456241,0.0468460111317,2156,False
013_MSL_id_12_Sensor_tr_554_1st_1200.csv,MSL,KNN,1,driver_pointwise,0,0,False,,-0.0473724634832,0.0117222723174,2218,False
014_MSL_id_13_Sensor_tr_1525_1st_4575.csv,MSL,KNN,1,driver_pointwise,0,0,False,,0.037759165656,0.0296721311475,6100,False
015_MSL_id_14_Sensor_tr_575_1st_1250.csv,MSL,KNN,1,driver_pointwise,0,0,False,,-0.042213449331,0.130699088146,2303,False
016_MSL_id_15_Sensor_tr_500_1st_780.csv,MSL,KNN,1,driver_pointwise,0,0,False,,0.137855813683,0.102189781022,1096,False
017_MSL_id_16_Sensor_tr_512_1st_1850.csv,MSL,KNN,1,driver_pointwise,0,0,False,,0.643575859153,0.0883357735481,2049,False
018_Daphnet_id_1_HumanActivity_tr_9693_1st_20732.csv,Daphnet,KNN,1,driver_pointwise,0,0,False,False,0.0730382851753,0.0594728426265,38774,False
019_MITDB_id_1_Medical_tr_37500_1st_103211.csv,MITDB,KNN,1,driver_pointwise,0,0,False,,0.0370217264572,0.124066666667,150000,False
020_MITDB_id_2_Medical_tr_50000_1st_52315.csv,MITDB,KNN,1,driver_pointwise,0,0,False,,-0.0163784409841,0.00161076923077,650000,False
021_MITDB_id_3_Medical_tr_50000_1st_57595.csv,MITDB,KNN,1,driver_pointwise,0,0,False,,-0.00585456258221,0.01762,500000,False
022_MITDB_id_4_Medical_tr_50000_1st_54253.csv,MITDB,KNN,1,driver_pointwise,0,0,False,,0.003870874835,0.04431,300000,False
024_MITDB_id_6_Medical_tr_50000_1st_58118.csv,MITDB,KNN,1,driver_pointwise,0,0,False,,-0.0125107460046,0.001765,200000,False
025_MITDB_id_7_Medical_tr_37500_1st_88864.csv,MITDB,KNN,1,driver_pointwise,0,0,False,,-0.0922460041871,0.02464,150000,False
026_MITDB_id_8_Medical_tr_30495_1st_30595.csv,MITDB,KNN,1,driver_pointwise,0,0,False,,0.0147541008257,0.0655825,400000,False
027_MITDB_id_9_Medical_tr_25000_1st_52255.csv,MITDB,KNN,1,driver_pointwise,0,0,False,,-0.000710280357555,0.00433,100000,False
029_MITDB_id_11_Medical_tr_50000_1st_518037.csv,MITDB,KNN,1,driver_pointwise,0,0,False,,0.106992226839,0.00291666666667,600000,False
030_MITDB_id_12_Medical_tr_50000_1st_84572.csv,MITDB,KNN,1,driver_pointwise,0,0,False,,0.00793890017686,0.0431790322581,620000,False
031_MITDB_id_13_Medical_tr_50000_1st_79433.csv,MITDB,KNN,1,driver_pointwise,0,0,False,,0.000699636104619,0.0217933333333,450000,False
032_GHL_id_1_Sensor_tr_50000_1st_65001.csv,GHL,KNN,1,driver_pointwise,0,0,False,False,0.00202760765303,0.00924995375023,200001,False
033_GHL_id_2_Sensor_tr_50000_1st_51001.csv,GHL,KNN,1,driver_pointwise,0,0,False,False,0.00120927180404,0.00923495382523,200001,False
034_GHL_id_3_Sensor_tr_50000_1st_122001.csv,GHL,KNN,1,driver_pointwise,0,0,False,False,0.00693072917134,0.00959495202524,200001,False
035_GHL_id_4_Sensor_tr_50000_1st_90001.csv,GHL,KNN,1,driver_pointwise,0,0,False,False,0.00499582462937,0.0135649321753,200001,False
036_GHL_id_5_Sensor_tr_50000_1st_67147.csv,GHL,KNN,1,driver_pointwise,0,0,False,False,0.00209019719982,0.0114149429253,200001,False
037_GHL_id_6_Sensor_tr_50000_1st_80001.csv,GHL,KNN,1,driver_pointwise,0,0,False,False,0.00241337880348,0.00932995335023,200001,False
038_GHL_id_7_Sensor_tr_50000_1st_100001.csv,GHL,KNN,1,driver_pointwise,0,0,False,False,0.00238606051924,0.00847495762521,200001,False
039_GHL_id_8_Sensor_tr_50000_1st_63030.csv,GHL,KNN,1,driver_pointwise,0,0,False,False,0.000984411655929,0.00583997080015,200001,False
041_GHL_id_10_Sensor_tr_50000_1st_57001.csv,GHL,KNN,1,driver_pointwise,0,0,False,False,0.00132448210334,0.00927495362523,200001,False
042_GHL_id_11_Sensor_tr_50000_1st_150001.csv,GHL,KNN,1,driver_pointwise,0,0,False,False,0.0101884426096,0.00772996135019,200001,False
043_GHL_id_12_Sensor_tr_39938_1st_40038.csv,GHL,KNN,1,driver_pointwise,0,0,False,False,0.0006239696804,0.00525497372513,200001,False
044_GHL_id_13_Sensor_tr_50000_1st_145001.csv,GHL,KNN,1,driver_pointwise,0,0,False,False,0.011933815735,0.00924495377523,200001,False
045_GHL_id_14_Sensor_tr_50000_1st_85076.csv,GHL,KNN,1,driver_pointwise,0,0,False,False,0.00412561444024,0.00885495572522,200001,False
046_GHL_id_15_Sensor_tr_50000_1st_156462.csv,GHL,KNN,1,driver_pointwise,0,0,False,False,0.455863752914,0.00619496902515,200001,False
047_GHL_id_16_Sensor_tr_50000_1st_77001.csv,GHL,KNN,1,driver_pointwise,0,0,False,False,0.00371982866741,0.0136399318003,200001,False
048_GHL_id_17_Sensor_tr_50000_1st_154001.csv,GHL,KNN,1,driver_pointwise,0,0,False,False,0.028877016495,0.0179149104254,200001,False
050_GHL_id_19_Sensor_tr_43750_1st_55001.csv,GHL,KNN,1,driver_pointwise,0,0,False,False,-0.00442393417048,0.00645139170633,175001,False
051_GHL_id_20_Sensor_tr_50000_1st_75110.csv,GHL,KNN,1,driver_pointwise,0,0,False,False,0.00183934503787,0.00595497022515,200001,False
052_GHL_id_21_Sensor_tr_50000_1st_98001.csv,GHL,KNN,1,driver_pointwise,0,0,False,False,0.00236062272841,0.00485497572512,200001,False
053_GHL_id_22_Sensor_tr_50000_1st_126448.csv,GHL,KNN,1,driver_pointwise,0,0,False,False,0.0270376559037,0.0324598377008,200001,False
054_GHL_id_23_Sensor_tr_50000_1st_135001.csv,GHL,KNN,1,driver_pointwise,0,0,False,False,0.0184212711597,0.0186699066505,200001,False
055_GHL_id_24_Sensor_tr_50000_1st_118124.csv,GHL,KNN,1,driver_pointwise,0,0,False,False,0.00428636712308,0.00504497477513,200001,False
056_GHL_id_25_Sensor_tr_50000_1st_105568.csv,GHL,KNN,1,driver_pointwise,0,0,False,False,0.00914387245181,0.0157199214004,200001,False
057_SMD_id_1_Facility_tr_4529_1st_4629.csv,SMD,KNN,1,driver_pointwise,0,0,False,False,0.148279969394,0.0228749894488,23694,False
058_SMD_id_2_Facility_tr_1087_1st_1187.csv,SMD,KNN,1,driver_pointwise,0,0,False,,0.0521040640399,0.0415651326325,28726,False
059_SMD_id_3_Facility_tr_757_1st_857.csv,SMD,KNN,1,driver_pointwise,0,0,False,False,0.00545486097062,0.0113554814471,23689,False
060_SMD_id_4_Facility_tr_7176_1st_10609.csv,SMD,KNN,1,driver_pointwise,0,0,False,False,0.241728475883,0.0151193171921,28705,False
061_SMD_id_5_Facility_tr_7176_1st_15144.csv,SMD,KNN,1,driver_pointwise,0,0,False,False,-0.0486027977622,0.0477633779264,28704,False
063_SMD_id_7_Facility_tr_5923_1st_6506.csv,SMD,KNN,1,driver_pointwise,0,0,False,,0.111502457932,0.0493795897696,23694,False
064_SMD_id_8_Facility_tr_2272_1st_2372.csv,SMD,KNN,1,driver_pointwise,0,0,False,False,-0.0370621393302,0.0368815733623,21203,False
065_SMD_id_9_Facility_tr_737_1st_837.csv,SMD,KNN,1,driver_pointwise,0,0,False,False,0.476986164529,0.101194243997,23697,False
066_SMD_id_10_Facility_tr_2634_1st_2734.csv,SMD,KNN,1,driver_pointwise,0,0,False,False,0.629412230508,0.0412462532191,23687,False
067_SMD_id_11_Facility_tr_1980_1st_2080.csv,SMD,KNN,1,driver_pointwise,0,0,False,False,-0.0454569537283,0.0477029467471,22703,False
068_SMD_id_12_Facility_tr_1099_1st_1199.csv,SMD,KNN,1,driver_pointwise,0,0,False,False,0.153781797442,0.0105527113154,28713,False
069_SMD_id_13_Facility_tr_5925_1st_12760.csv,SMD,KNN,1,driver_pointwise,0,0,False,,0.0473374644176,0.119535864979,23700,False
070_SMD_id_14_Facility_tr_1070_1st_1170.csv,SMD,KNN,1,driver_pointwise,0,0,False,,-0.00594307644016,0.0147514177365,28743,False
071_SMD_id_15_Facility_tr_1109_1st_1209.csv,SMD,KNN,1,driver_pointwise,0,0,False,False,0.125598282631,0.0107317073171,28700,False
073_SMD_id_17_Facility_tr_5926_1st_10620.csv,SMD,KNN,1,driver_pointwise,0,0,False,,-0.0282090357309,0.00421834134818,23706,False
074_SMD_id_18_Facility_tr_7174_1st_21230.csv,SMD,KNN,1,driver_pointwise,0,0,False,False,-0.0026842132163,0.00689991636465,28696,False
075_SMD_id_19_Facility_tr_564_1st_664.csv,SMD,KNN,1,driver_pointwise,0,0,False,False,0.218330251962,0.0175979068197,23696,False
076_SMD_id_20_Facility_tr_5925_1st_17580.csv,SMD,KNN,1,driver_pointwise,0,0,False,False,0.0123183695742,0.00679238914905,23703,False
077_SMD_id_21_Facility_tr_3026_1st_3126.csv,SMD,KNN,1,driver_pointwise,0,0,False,False,-0.160949053558,0.0324421181685,21207,False
078_SMD_id_22_Facility_tr_500_1st_326.csv,SMD,KNN,1,driver_pointwise,0,0,False,False,-0.159857930679,0.0441902671675,23693,False
079_LTDB_id_1_Medical_tr_3618_1st_3718.csv,LTDB,KNN,1,driver_pointwise,0,0,False,,0.0496228527521,0.14781,100000,False
080_LTDB_id_2_Medical_tr_500_1st_266.csv,LTDB,KNN,1,driver_pointwise,0,0,False,False,-0.0217264256503,0.14857,100000,False
081_LTDB_id_3_Medical_tr_500_1st_26.csv,LTDB,KNN,1,driver_pointwise,0,0,False,,-0.0324147451087,0.31565,100000,False
083_LTDB_id_5_Medical_tr_15502_1st_15602.csv,LTDB,KNN,1,driver_pointwise,0,0,False,,-0.00615005317756,0.00505,100000,False
084_SVDB_id_1_Medical_tr_12973_1st_13073.csv,SVDB,KNN,1,driver_pointwise,0,0,False,,0.000130447350921,0.0153515625,230400,False
085_SVDB_id_2_Medical_tr_50000_1st_54982.csv,SVDB,KNN,1,driver_pointwise,0,0,False,,0.0494584223119,0.0372309027778,230400,False
086_SVDB_id_3_Medical_tr_533_1st_633.csv,SVDB,KNN,1,driver_pointwise,0,0,False,,-0.0520424453159,0.0699696180556,230400,False
087_SVDB_id_4_Medical_tr_5421_1st_5521.csv,SVDB,KNN,1,driver_pointwise,0,0,False,,0.0980288366438,0.0555946180556,230400,False
088_SVDB_id_5_Medical_tr_500_1st_168.csv,SVDB,KNN,1,driver_pointwise,0,0,False,,0.00217185077714,0.0992100694444,230400,False
089_SVDB_id_6_Medical_tr_50000_1st_83083.csv,SVDB,KNN,1,driver_pointwise,0,0,False,,-0.00202029334927,0.0134895833333,230400,False
091_SVDB_id_8_Medical_tr_500_1st_126.csv,SVDB,KNN,1,driver_pointwise,0,0,False,,-0.0721585388883,0.0773524305556,230400,False
092_SVDB_id_9_Medical_tr_2674_1st_2774.csv,SVDB,KNN,1,driver_pointwise,0,0,False,,0.0385518214121,0.0525260416667,230400,False
093_SVDB_id_10_Medical_tr_500_1st_37.csv,SVDB,KNN,1,driver_pointwise,0,0,False,,-0.121458878515,0.0785894097222,230400,False
094_SVDB_id_11_Medical_tr_20100_1st_23611.csv,SVDB,KNN,1,driver_pointwise,0,0,False,,0.00125909318007,0.0117537313433,80400,False
095_SVDB_id_12_Medical_tr_6264_1st_6364.csv,SVDB,KNN,1,driver_pointwise,0,0,False,,-0.00788367659256,0.0323958333333,230400,False
096_SVDB_id_13_Medical_tr_500_1st_444.csv,SVDB,KNN,1,driver_pointwise,0,0,False,,-0.0425920099007,0.0335633680556,230400,False
097_SVDB_id_14_Medical_tr_1031_1st_1131.csv,SVDB,KNN,1,driver_pointwise,0,0,False,,0.0209456109587,0.120611979167,230400,False
098_SVDB_id_15_Medical_tr_500_1st_303.csv,SVDB,KNN,1,driver_pointwise,0,0,False,,-0.00937622809626,0.0633637152778,230400,False
099_SVDB_id_16_Medical_tr_1115_1st_1215.csv,SVDB,KNN,1,driver_pointwise,0,0,False,,-0.0537890239197,0.0711328125,230400,False
100_SVDB_id_17_Medical_tr_17803_1st_17903.csv,SVDB,KNN,1,driver_pointwise,0,0,False,,-0.00181235587449,0.030222392638,130400,False
101_SVDB_id_18_Medical_tr_1851_1st_1951.csv,SVDB,KNN,1,driver_pointwise,0,0,False,,-0.0295989996354,0.0698871527778,230400,False
102_SVDB_id_19_Medical_tr_50000_1st_107354.csv,SVDB,KNN,1,driver_pointwise,0,0,False,,0.0420745074028,0.0580555555556,230400,False
103_SVDB_id_20_Medical_tr_12167_1st_12267.csv,SVDB,KNN,1,driver_pointwise,0,0,False,,-0.000769173548038,0.0266970486111,230400,False
104_SVDB_id_21_Medical_tr_50000_1st_106634.csv,SVDB,KNN,1,driver_pointwise,0,0,False,,0.0284601851169,0.0152039930556,230400,False
105_SVDB_id_22_Medical_tr_500_1st_417.csv,SVDB,KNN,1,driver_pointwise,0,0,False,,-0.0504939283821,0.0855133333333,150000,False
106_SVDB_id_23_Medical_tr_37500_1st_121963.csv,SVDB,KNN,1,driver_pointwise,0,0,False,,0.00127059264242,0.00450666666667,150000,False
108_SVDB_id_25_Medical_tr_1238_1st_1338.csv,SVDB,KNN,1,driver_pointwise,0,0,False,,-0.0461931997936,0.0305902777778,230400,False
109_SVDB_id_26_Medical_tr_1038_1st_1138.csv,SVDB,KNN,1,driver_pointwise,0,0,False,,-0.0124779163585,0.0903645833333,230400,False
110_SVDB_id_27_Medical_tr_30824_1st_30924.csv,SVDB,KNN,1,driver_pointwise,0,0,False,,0.002510136306,0.0340581597222,230400,False
111_SVDB_id_28_Medical_tr_1791_1st_1891.csv,SVDB,KNN,1,driver_pointwise,0,0,False,,0.0483489091335,0.0953993055556,230400,False
112_SVDB_id_29_Medical_tr_8226_1st_8326.csv,SVDB,KNN,1,driver_pointwise,0,0,False,,-1.64980329096e-05,0.0111067708333,230400,False
114_SVDB_id_31_Medical_tr_25000_1st_63090.csv,SVDB,KNN,1,driver_pointwise,0,0,False,,-0.000145353443659,0.00497,100000,False
115_PSM_id_1_Facility_tr_50000_1st_129872.csv,PSM,KNN,1,driver_pointwise,0,0,False,,0.0935240817413,0.112032680219,217624,False
116_TAO_id_1_Environment_tr_500_1st_3.csv,TAO,KNN,1,driver_pointwise,0,0,False,False,0.843365805162,0.0492,10000,False
117_TAO_id_2_Environment_tr_500_1st_1.csv,TAO,KNN,1,driver_pointwise,0,0,False,,0.0566154503143,0.1395,10000,False
118_TAO_id_3_Environment_tr_500_1st_7.csv,TAO,KNN,1,driver_pointwise,0,0,False,False,0.914202276142,0.0488,10000,False
119_TAO_id_4_Environment_tr_500_1st_1.csv,TAO,KNN,1,driver_pointwise,0,0,False,False,0.697879254004,0.0945,10000,False
121_TAO_id_6_Environment_tr_500_1st_7.csv,TAO,KNN,1,driver_pointwise,0,0,False,,0.543603390843,0.1409,10000,False
122_TAO_id_7_Environment_tr_500_1st_19.csv,TAO,KNN,1,driver_pointwise,0,0,False,False,0.881117767074,0.0948,10000,False
123_TAO_id_8_Environment_tr_500_1st_62.csv,TAO,KNN,1,driver_pointwise,0,0,False,False,0.94885794145,0.0487,10000,False
124_TAO_id_9_Environment_tr_500_1st_1.csv,TAO,KNN,1,driver_pointwise,0,0,False,False,0.932999084548,0.0483,10000,False
125_TAO_id_10_Environment_tr_500_1st_9.csv,TAO,KNN,1,driver_pointwise,0,0,False,False,0.658482764528,0.0943,10000,False
127_TAO_id_12_Environment_tr_500_1st_24.csv,TAO,KNN,1,driver_pointwise,0,0,False,False,0.920905273481,0.0485,10000,False
128_TAO_id_13_Environment_tr_500_1st_7.csv,TAO,KNN,1,driver_pointwise,0,0,False,,0.543603390843,0.1409,10000,False
129_OPPORTUNITY_id_1_HumanActivity_tr_1801_1st_1901.csv,OPPORTUNITY,KNN,1,driver_pointwise,0,0,False,False,0.000929227699912,0.0291985582959,24693,False
130_OPPORTUNITY_id_2_HumanActivity_tr_1045_1st_1145.csv,OPPORTUNITY,KNN,1,driver_pointwise,0,0,False,False,0.00858432714792,0.0908562572646,5162,False
132_OPPORTUNITY_id_4_HumanActivity_tr_895_1st_995.csv,OPPORTUNITY,KNN,1,driver_pointwise,0,0,False,False,0.0325013683008,0.0469805856484,9323,False
133_OPPORTUNITY_id_5_HumanActivity_tr_1745_1st_6500.csv,OPPORTUNITY,KNN,1,driver_pointwise,0,0,False,False,0.646543043056,0.0687679083095,6980,False
134_OPPORTUNITY_id_6_HumanActivity_tr_1477_1st_1577.csv,OPPORTUNITY,KNN,1,driver_pointwise,0,0,False,False,-0.00166286653864,0.0214956100515,16515,False
135_OPPORTUNITY_id_7_HumanActivity_tr_2085_1st_2185.csv,OPPORTUNITY,KNN,1,driver_pointwise,0,0,False,False,0.00783875728961,0.0376854325993,21706,False
136_OPPORTUNITY_id_8_HumanActivity_tr_1495_1st_1595.csv,OPPORTUNITY,KNN,1,driver_pointwise,0,0,False,False,0.00187529650801,0.0231747562016,26969,False
137_CreditCard_id_1_Finance_tr_500_1st_541.csv,CreditCard,KNN,1,driver_pointwise,0,0,False,False,0.0371990087906,0.00172748563062,284807,False
138_CATSv2_id_1_Sensor_tr_16568_1st_16668.csv,CATSv2,KNN,1,driver_pointwise,0,0,False,False,0.0139062911127,0.02,100000,False
139_CATSv2_id_2_Sensor_tr_5592_1st_5692.csv,CATSv2,KNN,1,driver_pointwise,0,0,False,False,-0.0268476324144,0.0338461538462,195000,False
141_CATSv2_id_4_Sensor_tr_41727_1st_41827.csv,CATSv2,KNN,1,driver_pointwise,0,0,False,False,0.23087104462,0.0302564102564,195000,False
142_CATSv2_id_5_Sensor_tr_30704_1st_30804.csv,CATSv2,KNN,1,driver_pointwise,0,0,False,False,-0.00991544319315,0.0488571428571,350000,False
143_CATSv2_id_6_Sensor_tr_50000_1st_60232.csv,CATSv2,KNN,1,driver_pointwise,0,0,False,False,0.0385409334479,0.02,200000,False
144_SMAP_id_1_Sensor_tr_2052_1st_5300.csv,SMAP,KNN,1,driver_pointwise,0,0,False,,0.329432401358,0.136557436959,8209,False
145_SMAP_id_2_Sensor_tr_2133_1st_5400.csv,SMAP,KNN,1,driver_pointwise,0,0,False,,0.0704915585892,0.0730192217534,8532,False
146_SMAP_id_3_Sensor_tr_2128_1st_5000.csv,SMAP,KNN,1,driver_pointwise,0,0,False,,0.13507997677,0.0346488137186,8514,False
147_SMAP_id_4_Sensor_tr_2160_1st_6449.csv,SMAP,KNN,1,driver_pointwise,0,0,False,,0.000585871782437,0.0140046296296,8640,False
148_SMAP_id_5_Sensor_tr_2011_1st_5060.csv,SMAP,KNN,1,driver_pointwise,0,0,False,False,0.00694519347419,0.00882645450025,8044,False
150_SMAP_id_7_Sensor_tr_2077_1st_5394.csv,SMAP,KNN,1,driver_pointwise,0,0,False,,0.0499504812885,0.0338146811071,8310,False
151_SMAP_id_8_Sensor_tr_1971_1st_4870.csv,SMAP,KNN,1,driver_pointwise,0,0,False,,0.0149951559228,0.0102739726027,7884,False
152_SMAP_id_9_Sensor_tr_2073_1st_5600.csv,SMAP,KNN,1,driver_pointwise,0,0,False,,-0.00338671618327,0.0387026766337,8294,False
153_SMAP_id_10_Sensor_tr_1840_1st_4030.csv,SMAP,KNN,1,driver_pointwise,0,0,False,,-0.0143870627717,0.00556989539465,7361,False
154_SMAP_id_11_Sensor_tr_2117_1st_4770.csv,SMAP,KNN,1,driver_pointwise,0,0,False,False,0.00809716318594,0.0142874011099,8469,False
155_SMAP_id_12_Sensor_tr_1907_1st_4800.csv,SMAP,KNN,1,driver_pointwise,0,0,False,,0.0615732303175,0.00668589407446,7628,False
156_SMAP_id_13_Sensor_tr_1173_1st_2750.csv,SMAP,KNN,1,driver_pointwise,0,0,False,False,-0.179073697917,0.0108672490944,4693,False
157_SMAP_id_14_Sensor_tr_2126_1st_5000.csv,SMAP,KNN,1,driver_pointwise,0,0,False,,0.105026908464,0.0378600823045,8505,False
158_SMAP_id_15_Sensor_tr_2075_1st_5610.csv,SMAP,KNN,1,driver_pointwise,0,0,False,,0.0928254712219,0.00795180722892,8300,False
159_SMAP_id_16_Sensor_tr_1757_1st_2650.csv,SMAP,KNN,1,driver_pointwise,0,0,False,,0.185679118286,0.0381277564376,7029,False
160_SMAP_id_17_Sensor_tr_1832_1st_5300.csv,SMAP,KNN,1,driver_pointwise,0,0,False,,0.158816948304,0.0611103532942,7331,False
161_SMAP_id_18_Sensor_tr_2075_1st_5550.csv,SMAP,KNN,1,driver_pointwise,0,0,False,,0.0248654294513,0.0422789689232,8302,False
162_SMAP_id_19_Sensor_tr_1908_1st_4690.csv,SMAP,KNN,1,driver_pointwise,0,0,False,,0.0322580645161,0.00406184486373,7632,False
163_SMAP_id_20_Sensor_tr_2051_1st_4575.csv,SMAP,KNN,1,driver_pointwise,0,0,False,,0.0237794473412,0.0226691042048,8205,False
165_SMAP_id_22_Sensor_tr_2129_1st_5000.csv,SMAP,KNN,1,driver_pointwise,0,0,False,,0.14909067411,0.059652418976,8516,False
166_SMAP_id_23_Sensor_tr_1113_1st_1890.csv,SMAP,KNN,1,driver_pointwise,0,0,False,False,0.00404016835532,0.00920727599371,4453,False
167_SMAP_id_24_Sensor_tr_2094_1st_5600.csv,SMAP,KNN,1,driver_pointwise,0,0,False,False,-0.0655409550062,0.00489493791786,8376,False
168_SMAP_id_25_Sensor_tr_1998_1st_2098.csv,SMAP,KNN,1,driver_pointwise,0,0,False,,0.010001822242,0.0214477211796,8579,False
169_SMAP_id_26_Sensor_tr_1811_1st_4510.csv,SMAP,KNN,1,driver_pointwise,0,0,False,,-0.0119047619048,0.011181667587,7244,False
170_SMAP_id_27_Sensor_tr_2160_1st_4690.csv,SMAP,KNN,1,driver_pointwise,0,0,False,,-0.00634249003312,0.00983796296296,8640,False
171_SWaT_id_1_Sensor_tr_3749_1st_9522.csv,SWaT,KNN,1,driver_pointwise,0,0,False,False,0.228437199225,0.132435316084,14996,False
172_SWaT_id_2_Sensor_tr_23700_1st_23800.csv,SWaT,KNN,1,driver_pointwise,0,0,False,False,0.676509122322,0.125320377376,399919,False
173_GECCO_id_1_Sensor_tr_16165_1st_16265.csv,GECCO,KNN,1,driver_pointwise,0,0,False,False,-0.245701709717,0.0124602045899,138521,False
174_Exathlon_id_1_Facility_tr_10766_1st_12590.csv,Exathlon,KNN,1,driver_pointwise,0,0,False,,0.1076721348,0.126248084336,43066,False
175_Exathlon_id_2_Facility_tr_10684_1st_10784.csv,Exathlon,KNN,1,driver_pointwise,0,0,False,,0.827069633778,0.0811685528121,46656,False
176_Exathlon_id_3_Facility_tr_10766_1st_12590.csv,Exathlon,KNN,1,driver_pointwise,0,0,False,,0.104896902357,0.126248084336,43066,False
177_Exathlon_id_4_Facility_tr_11665_1st_13484.csv,Exathlon,KNN,1,driver_pointwise,0,0,False,,0.072578543742,0.0627518216888,46660,False
179_Exathlon_id_6_Facility_tr_11665_1st_13484.csv,Exathlon,KNN,1,driver_pointwise,0,0,False,False,0.182843349587,0.0627518216888,46660,False
180_Exathlon_id_7_Facility_tr_10766_1st_12590.csv,Exathlon,KNN,1,driver_pointwise,0,0,False,,0.104896902357,0.126248084336,43066,False
181_Exathlon_id_8_Facility_tr_11663_1st_13482.csv,Exathlon,KNN,1,driver_pointwise,0,0,False,,0.075893509963,0.0631872253778,46655,False
182_Exathlon_id_9_Facility_tr_10766_1st_12590.csv,Exathlon,KNN,1,driver_pointwise,0,0,False,,0.104896902357,0.126248084336,43066,False
183_Exathlon_id_10_Facility_tr_11665_1st_13484.csv,Exathlon,KNN,1,driver_pointwise,0,0,False,,0.072578543742,0.0627518216888,46660,False
184_Exathlon_id_11_Facility_tr_11665_1st_13484.csv,Exathlon,KNN,1,driver_pointwise,0,0,False,,0.072578543742,0.0627518216888,46660,False
185_Exathlon_id_12_Facility_tr_11665_1st_13484.csv,Exathlon,KNN,1,driver_pointwise,0,0,False,,0.072578543742,0.0627518216888,46660,False
186_Exathlon_id_13_Facility_tr_10766_1st_12590.csv,Exathlon,KNN,1,driver_pointwise,0,0,False,,0.104896902357,0.126248084336,43066,False
187_Exathlon_id_14_Facility_tr_6193_1st_6293.csv,Exathlon,KNN,1,driver_pointwise,0,0,False,,0.276210578729,0.124667809687,46660,False
188_Exathlon_id_15_Facility_tr_12538_1st_12638.csv,Exathlon,KNN,1,driver_pointwise,0,0,False,False,-0.206260961422,0.124654597243,129197,False
189_Exathlon_id_16_Facility_tr_11663_1st_13482.csv,Exathlon,KNN,1,driver_pointwise,0,0,False,,0.075893509963,0.0631872253778,46655,False
190_Exathlon_id_17_Facility_tr_12538_1st_12638.csv,Exathlon,KNN,1,driver_pointwise,0,0,False,False,-0.206260961422,0.124654597243,129197,False
191_Exathlon_id_18_Facility_tr_11665_1st_13484.csv,Exathlon,KNN,1,driver_pointwise,0,0,False,,0.072578543742,0.0627518216888,46660,False
192_Exathlon_id_19_Facility_tr_11665_1st_13484.csv,Exathlon,KNN,1,driver_pointwise,0,0,False,,0.072578543742,0.0627518216888,46660,False
193_Exathlon_id_20_Facility_tr_8898_1st_8998.csv,Exathlon,KNN,1,driver_pointwise,0,0,False,,0.822593172165,0.0834083601286,46650,False
194_Exathlon_id_21_Facility_tr_6985_1st_7085.csv,Exathlon,KNN,1,driver_pointwise,0,0,False,,0.239880392971,0.104096550837,46649,False
196_Exathlon_id_23_Facility_tr_11665_1st_13484.csv,Exathlon,KNN,1,driver_pointwise,0,0,False,,0.072578543742,0.0627518216888,46660,False
197_Exathlon_id_24_Facility_tr_10766_1st_12590.csv,Exathlon,KNN,1,driver_pointwise,0,0,False,,0.104896902357,0.126248084336,43066,False
198_Exathlon_id_25_Facility_tr_12538_1st_12638.csv,Exathlon,KNN,1,driver_pointwise,0,0,False,False,-0.206260961422,0.124654597243,129197,False
199_Exathlon_id_26_Facility_tr_12538_1st_12638.csv,Exathlon,KNN,1,driver_pointwise,0,0,False,False,-0.206260961422,0.124654597243,129197,False
200_Exathlon_id_27_Facility_tr_10766_1st_12590.csv,Exathlon,KNN,1,driver_pointwise,0,0,False,,0.104896902357,0.126248084336,43066,False
001_Genesis_id_1_Sensor_tr_4055_1st_15538.csv,Genesis,LOF,1,driver_pointwise,0,0,False,,-0.011556910448,0.00308261405672,16220,False
002_MSL_id_1_Sensor_tr_500_1st_900.csv,MSL,LOF,1,driver_pointwise,0,0,False,,-0.22349842287,0.00602079912425,1827,False
003_MSL_id_2_Sensor_tr_883_1st_1238.csv,MSL,LOF,1,driver_pointwise,0,0,False,,0.0370662569166,0.0644978783593,3535,False
005_MSL_id_4_Sensor_tr_855_1st_2700.csv,MSL,LOF,1,driver_pointwise,0,0,False,,-0.00247962007747,0.020748100526,3422,False
006_MSL_id_5_Sensor_tr_1150_1st_1250.csv,MSL,LOF,1,driver_pointwise,0,0,False,,-0.0169896876297,0.083696082311,5054,False
007_MSL_id_6_Sensor_tr_980_1st_3550.csv,MSL,LOF,1,driver_pointwise,0,0,False,,0.0845942755025,0.0385007649159,3922,False
008_MSL_id_7_Sensor_tr_656_1st_1630.csv,MSL,LOF,1,driver_pointwise,0,0,False,,0.255753737003,0.0845714285714,2625,False
009_MSL_id_8_Sensor_tr_714_1st_1390.csv,MSL,LOF,1,driver_pointwise,0,0,False,False,0.0143102998584,0.00735294117647,2856,False
010_MSL_id_9_Sensor_tr_554_1st_1172.csv,MSL,LOF,1,driver_pointwise,0,0,False,,-0.0038631324424,0.0311231393775,2217,False
012_MSL_id_11_Sensor_tr_539_1st_940.csv,MSL,LOF,1,driver_pointwise,0,0,False,,0.0709661075108,0.0468460111317,2156,False
013_MSL_id_12_Sensor_tr_554_1st_1200.csv,MSL,LOF,1,driver_pointwise,0,0,False,,-0.0346306838992,0.0117222723174,2218,False
014_MSL_id_13_Sensor_tr_1525_1st_4575.csv,MSL,LOF,1,driver_pointwise,0,0,False,,-0.0118069033338,0.0296721311475,6100,False
015_MSL_id_14_Sensor_tr_575_1st_1250.csv,MSL,LOF,1,driver_pointwise,0,0,False,,-0.101905977201,0.130699088146,2303,False
016_MSL_id_15_Sensor_tr_500_1st_780.csv,MSL,LOF,1,driver_pointwise,0,0,False,,-0.0460277313962,0.102189781022,1096,False
017_MSL_id_16_Sensor_tr_512_1st_1850.csv,MSL,LOF,1,driver_pointwise,0,0,False,,0.272079998228,0.0883357735481,2049,False
018_Daphnet_id_1_HumanActivity_tr_9693_1st_20732.csv,Daphnet,LOF,1,driver_pointwise,0,0,False,False,-0.0908768405316,0.0594728426265,38774,False
019_MITDB_id_1_Medical_tr_37500_1st_103211.csv,MITDB,LOF,1,driver_pointwise,0,0,False,,0.0714036493243,0.124066666667,150000,False
020_MITDB_id_2_Medical_tr_50000_1st_52315.csv,MITDB,LOF,1,driver_pointwise,0,0,False,,7.2702792374e-06,0.00161076923077,650000,False
021_MITDB_id_3_Medical_tr_50000_1st_57595.csv,MITDB,LOF,1,driver_pointwise,0,0,False,,0.0226618324596,0.01762,500000,False
022_MITDB_id_4_Medical_tr_50000_1st_54253.csv,MITDB,LOF,1,driver_pointwise,0,0,False,,-0.00053063993796,0.04431,300000,False
024_MITDB_id_6_Medical_tr_50000_1st_58118.csv,MITDB,LOF,1,driver_pointwise,0,0,False,,0.00419824349261,0.001765,200000,False
025_MITDB_id_7_Medical_tr_37500_1st_88864.csv,MITDB,LOF,1,driver_pointwise,0,0,False,,0.00824450631291,0.02464,150000,False
026_MITDB_id_8_Medical_tr_30495_1st_30595.csv,MITDB,LOF,1,driver_pointwise,0,0,False,,0.0852930517749,0.0655825,400000,False
027_MITDB_id_9_Medical_tr_25000_1st_52255.csv,MITDB,LOF,1,driver_pointwise,0,0,False,,0.0639789159031,0.00433,100000,False
029_MITDB_id_11_Medical_tr_50000_1st_518037.csv,MITDB,LOF,1,driver_pointwise,0,0,False,,0.161147613379,0.00291666666667,600000,False
030_MITDB_id_12_Medical_tr_50000_1st_84572.csv,MITDB,LOF,1,driver_pointwise,0,0,False,,0.00595518804847,0.0431790322581,620000,False
031_MITDB_id_13_Medical_tr_50000_1st_79433.csv,MITDB,LOF,1,driver_pointwise,0,0,False,,0.0014759837279,0.0217933333333,450000,False
032_GHL_id_1_Sensor_tr_50000_1st_65001.csv,GHL,LOF,1,driver_pointwise,0,0,False,False,-8.56975885386e-05,0.00924995375023,200001,False
033_GHL_id_2_Sensor_tr_50000_1st_51001.csv,GHL,LOF,1,driver_pointwise,0,0,False,False,-0.00146596598067,0.00923495382523,200001,False
034_GHL_id_3_Sensor_tr_50000_1st_122001.csv,GHL,LOF,1,driver_pointwise,0,0,False,False,0.00802297366757,0.00959495202524,200001,False
035_GHL_id_4_Sensor_tr_50000_1st_90001.csv,GHL,LOF,1,driver_pointwise,0,0,False,False,0.00319643695743,0.0135649321753,200001,False
036_GHL_id_5_Sensor_tr_50000_1st_67147.csv,GHL,LOF,1,driver_pointwise,0,0,False,False,0.000664910865856,0.0114149429253,200001,False
037_GHL_id_6_Sensor_tr_50000_1st_80001.csv,GHL,LOF,1,driver_pointwise,0,0,False,False,0.000818135388751,0.00932995335023,200001,False
038_GHL_id_7_Sensor_tr_50000_1st_100001.csv,GHL,LOF,1,driver_pointwise,0,0,False,False,0.00123815163052,0.00847495762521,200001,False
039_GHL_id_8_Sensor_tr_50000_1st_63030.csv,GHL,LOF,1,driver_pointwise,0,0,False,False,-0.000500342580894,0.00583997080015,200001,False
041_GHL_id_10_Sensor_tr_50000_1st_57001.csv,GHL,LOF,1,driver_pointwise,0,0,False,False,-0.00052534525521,0.00927495362523,200001,False
042_GHL_id_11_Sensor_tr_50000_1st_150001.csv,GHL,LOF,1,driver_pointwise,0,0,False,False,0.0138734711958,0.00772996135019,200001,False
043_GHL_id_12_Sensor_tr_39938_1st_40038.csv,GHL,LOF,1,driver_pointwise,0,0,False,False,-0.00105144637899,0.00525497372513,200001,False
044_GHL_id_13_Sensor_tr_50000_1st_145001.csv,GHL,LOF,1,driver_pointwise,0,0,False,False,0.0159732407993,0.00924495377523,200001,False
045_GHL_id_14_Sensor_tr_50000_1st_85076.csv,GHL,LOF,1,driver_pointwise,0,0,False,False,0.00432676913558,0.00885495572522,200001,False
046_GHL_id_15_Sensor_tr_50000_1st_156462.csv,GHL,LOF,1,driver_pointwise,0,0,False,False,0.00302929407937,0.00619496902515,200001,False
047_GHL_id_16_Sensor_tr_50000_1st_77001.csv,GHL,LOF,1,driver_pointwise,0,0,False,False,0.00101806669549,0.0136399318003,200001,False
048_GHL_id_17_Sensor_tr_50000_1st_154001.csv,GHL,LOF,1,driver_pointwise,0,0,False,False,0.0441915154646,0.0179149104254,200001,False
050_GHL_id_19_Sensor_tr_43750_1st_55001.csv,GHL,LOF,1,driver_pointwise,0,0,False,False,0.000930251294259,0.00645139170633,175001,False
051_GHL_id_20_Sensor_tr_50000_1st_75110.csv,GHL,LOF,1,driver_pointwise,0,0,False,False,0.000510275871354,0.00595497022515,200001,False
052_GHL_id_21_Sensor_tr_50000_1st_98001.csv,GHL,LOF,1,driver_pointwise,0,0,False,False,0.00168498722785,0.00485497572512,200001,False
053_GHL_id_22_Sensor_tr_50000_1st_126448.csv,GHL,LOF,1,driver_pointwise,0,0,False,False,0.0389758210271,0.0324598377008,200001,False
054_GHL_id_23_Sensor_tr_50000_1st_135001.csv,GHL,LOF,1,driver_pointwise,0,0,False,False,0.0151886929512,0.0186699066505,200001,False
055_GHL_id_24_Sensor_tr_50000_1st_118124.csv,GHL,LOF,1,driver_pointwise,0,0,False,False,0.00580861711074,0.00504497477513,200001,False
056_GHL_id_25_Sensor_tr_50000_1st_105568.csv,GHL,LOF,1,driver_pointwise,0,0,False,False,0.00999257183158,0.0157199214004,200001,False
057_SMD_id_1_Facility_tr_4529_1st_4629.csv,SMD,LOF,1,driver_pointwise,0,0,False,False,0.0667591135891,0.0228749894488,23694,False
058_SMD_id_2_Facility_tr_1087_1st_1187.csv,SMD,LOF,1,driver_pointwise,0,0,False,,0.301985827854,0.0415651326325,28726,False
059_SMD_id_3_Facility_tr_757_1st_857.csv,SMD,LOF,1,driver_pointwise,0,0,False,False,0.297348978585,0.0113554814471,23689,False
060_SMD_id_4_Facility_tr_7176_1st_10609.csv,SMD,LOF,1,driver_pointwise,0,0,False,False,0.0931899363849,0.0151193171921,28705,False
061_SMD_id_5_Facility_tr_7176_1st_15144.csv,SMD,LOF,1,driver_pointwise,0,0,False,False,0.0683408872365,0.0477633779264,28704,False
063_SMD_id_7_Facility_tr_5923_1st_6506.csv,SMD,LOF,1,driver_pointwise,0,0,False,,0.214974739871,0.0493795897696,23694,False
064_SMD_id_8_Facility_tr_2272_1st_2372.csv,SMD,LOF,1,driver_pointwise,0,0,False,False,0.103625125389,0.0368815733623,21203,False
065_SMD_id_9_Facility_tr_737_1st_837.csv,SMD,LOF,1,driver_pointwise,0,0,False,False,0.478285860671,0.101194243997,23697,False
066_SMD_id_10_Facility_tr_2634_1st_2734.csv,SMD,LOF,1,driver_pointwise,0,0,False,False,-0.0881580172986,0.0412462532191,23687,False
067_SMD_id_11_Facility_tr_1980_1st_2080.csv,SMD,LOF,1,driver_pointwise,0,0,False,False,-0.0298176798931,0.0477029467471,22703,False
068_SMD_id_12_Facility_tr_1099_1st_1199.csv,SMD,LOF,1,driver_pointwise,0,0,False,False,0.418961779125,0.0105527113154,28713,False
069_SMD_id_13_Facility_tr_5925_1st_12760.csv,SMD,LOF,1,driver_pointwise,0,0,False,,0.0366876331618,0.119535864979,23700,False
070_SMD_id_14_Facility_tr_1070_1st_1170.csv,SMD,LOF,1,driver_pointwise,0,0,False,,0.117622938594,0.0147514177365,28743,False
071_SMD_id_15_Facility_tr_1109_1st_1209.csv,SMD,LOF,1,driver_pointwise,0,0,False,False,0.368457009711,0.0107317073171,28700,False
073_SMD_id_17_Facility_tr_5926_1st_10620.csv,SMD,LOF,1,driver_pointwise,0,0,False,,0.221251557883,0.00421834134818,23706,False
074_SMD_id_18_Facility_tr_7174_1st_21230.csv,SMD,LOF,1,driver_pointwise,0,0,False,False,-0.0189387107335,0.00689991636465,28696,False
075_SMD_id_19_Facility_tr_564_1st_664.csv,SMD,LOF,1,driver_pointwise,0,0,False,False,0.248935661264,0.0175979068197,23696,False
076_SMD_id_20_Facility_tr_5925_1st_17580.csv,SMD,LOF,1,driver_pointwise,0,0,False,False,0.491656885918,0.00679238914905,23703,False
077_SMD_id_21_Facility_tr_3026_1st_3126.csv,SMD,LOF,1,driver_pointwise,0,0,False,False,-0.0533841320838,0.0324421181685,21207,False
078_SMD_id_22_Facility_tr_500_1st_326.csv,SMD,LOF,1,driver_pointwise,0,0,False,False,-0.0607188613552,0.0441902671675,23693,False
079_LTDB_id_1_Medical_tr_3618_1st_3718.csv,LTDB,LOF,1,driver_pointwise,0,0,False,,0.25773158517,0.14781,100000,False
080_LTDB_id_2_Medical_tr_500_1st_266.csv,LTDB,LOF,1,driver_pointwise,0,0,False,False,-0.0341134491029,0.14857,100000,False
081_LTDB_id_3_Medical_tr_500_1st_26.csv,LTDB,LOF,1,driver_pointwise,0,0,False,,0.0767730551774,0.31565,100000,False
083_LTDB_id_5_Medical_tr_15502_1st_15602.csv,LTDB,LOF,1,driver_pointwise,0,0,False,,0.00492854835119,0.00505,100000,False
084_SVDB_id_1_Medical_tr_12973_1st_13073.csv,SVDB,LOF,1,driver_pointwise,0,0,False,,0.068687265982,0.0153515625,230400,False
085_SVDB_id_2_Medical_tr_50000_1st_54982.csv,SVDB,LOF,1,driver_pointwise,0,0,False,,0.0220507533151,0.0372309027778,230400,False
086_SVDB_id_3_Medical_tr_533_1st_633.csv,SVDB,LOF,1,driver_pointwise,0,0,False,,0.0565866983372,0.0699696180556,230400,False
087_SVDB_id_4_Medical_tr_5421_1st_5521.csv,SVDB,LOF,1,driver_pointwise,0,0,False,,0.048599881782,0.0555946180556,230400,False
088_SVDB_id_5_Medical_tr_500_1st_168.csv,SVDB,LOF,1,driver_pointwise,0,0,False,,-0.00342195902376,0.0992100694444,230400,False
089_SVDB_id_6_Medical_tr_50000_1st_83083.csv,SVDB,LOF,1,driver_pointwise,0,0,False,,-0.00101545756659,0.0134895833333,230400,False
091_SVDB_id_8_Medical_tr_500_1st_126.csv,SVDB,LOF,1,driver_pointwise,0,0,False,,0.0615779320302,0.0773524305556,230400,False
092_SVDB_id_9_Medical_tr_2674_1st_2774.csv,SVDB,LOF,1,driver_pointwise,0,0,False,,0.139188985338,0.0525260416667,230400,False
093_SVDB_id_10_Medical_tr_500_1st_37.csv,SVDB,LOF,1,driver_pointwise,0,0,False,,0.0596829830557,0.0785894097222,230400,False
094_SVDB_id_11_Medical_tr_20100_1st_23611.csv,SVDB,LOF,1,driver_pointwise,0,0,False,,0.130086223326,0.0117537313433,80400,False
095_SVDB_id_12_Medical_tr_6264_1st_6364.csv,SVDB,LOF,1,driver_pointwise,0,0,False,,0.0180687177328,0.0323958333333,230400,False
096_SVDB_id_13_Medical_tr_500_1st_444.csv,SVDB,LOF,1,driver_pointwise,0,0,False,,0.0110674712595,0.0335633680556,230400,False
097_SVDB_id_14_Medical_tr_1031_1st_1131.csv,SVDB,LOF,1,driver_pointwise,0,0,False,,0.227852766055,0.120611979167,230400,False
098_SVDB_id_15_Medical_tr_500_1st_303.csv,SVDB,LOF,1,driver_pointwise,0,0,False,,0.0465006701339,0.0633637152778,230400,False
099_SVDB_id_16_Medical_tr_1115_1st_1215.csv,SVDB,LOF,1,driver_pointwise,0,0,False,,0.208200433123,0.0711328125,230400,False
100_SVDB_id_17_Medical_tr_17803_1st_17903.csv,SVDB,LOF,1,driver_pointwise,0,0,False,,0.101592631446,0.030222392638,130400,False
101_SVDB_id_18_Medical_tr_1851_1st_1951.csv,SVDB,LOF,1,driver_pointwise,0,0,False,,0.120898264794,0.0698871527778,230400,False
102_SVDB_id_19_Medical_tr_50000_1st_107354.csv,SVDB,LOF,1,driver_pointwise,0,0,False,,0.026859760984,0.0580555555556,230400,False
103_SVDB_id_20_Medical_tr_12167_1st_12267.csv,SVDB,LOF,1,driver_pointwise,0,0,False,,0.0114799954367,0.0266970486111,230400,False
104_SVDB_id_21_Medical_tr_50000_1st_106634.csv,SVDB,LOF,1,driver_pointwise,0,0,False,,0.00844256386585,0.0152039930556,230400,False
105_SVDB_id_22_Medical_tr_500_1st_417.csv,SVDB,LOF,1,driver_pointwise,0,0,False,,0.0256460119214,0.0855133333333,150000,False
106_SVDB_id_23_Medical_tr_37500_1st_121963.csv,SVDB,LOF,1,driver_pointwise,0,0,False,,0.000238407462488,0.00450666666667,150000,False
108_SVDB_id_25_Medical_tr_1238_1st_1338.csv,SVDB,LOF,1,driver_pointwise,0,0,False,,0.134861204072,0.0305902777778,230400,False
109_SVDB_id_26_Medical_tr_1038_1st_1138.csv,SVDB,LOF,1,driver_pointwise,0,0,False,,0.0267351744732,0.0903645833333,230400,False
110_SVDB_id_27_Medical_tr_30824_1st_30924.csv,SVDB,LOF,1,driver_pointwise,0,0,False,,0.0126646198972,0.0340581597222,230400,False
111_SVDB_id_28_Medical_tr_1791_1st_1891.csv,SVDB,LOF,1,driver_pointwise,0,0,False,,0.259622061199,0.0953993055556,230400,False
112_SVDB_id_29_Medical_tr_8226_1st_8326.csv,SVDB,LOF,1,driver_pointwise,0,0,False,,0.000910264642364,0.0111067708333,230400,False
114_SVDB_id_31_Medical_tr_25000_1st_63090.csv,SVDB,LOF,1,driver_pointwise,0,0,False,,0.000811663229646,0.00497,100000,False
115_PSM_id_1_Facility_tr_50000_1st_129872.csv,PSM,LOF,1,driver_pointwise,0,0,False,,0.136128032648,0.112032680219,217624,False
116_TAO_id_1_Environment_tr_500_1st_3.csv,TAO,LOF,1,driver_pointwise,0,0,False,False,0.764086756219,0.0492,10000,False
117_TAO_id_2_Environment_tr_500_1st_1.csv,TAO,LOF,1,driver_pointwise,0,0,False,,-0.106514042615,0.1395,10000,False
118_TAO_id_3_Environment_tr_500_1st_7.csv,TAO,LOF,1,driver_pointwise,0,0,False,False,0.772420121498,0.0488,10000,False
119_TAO_id_4_Environment_tr_500_1st_1.csv,TAO,LOF,1,driver_pointwise,0,0,False,False,-0.0144431875143,0.0945,10000,False
121_TAO_id_6_Environment_tr_500_1st_7.csv,TAO,LOF,1,driver_pointwise,0,0,False,,0.160701431379,0.1409,10000,False
122_TAO_id_7_Environment_tr_500_1st_19.csv,TAO,LOF,1,driver_pointwise,0,0,False,False,0.689634085663,0.0948,10000,False
123_TAO_id_8_Environment_tr_500_1st_62.csv,TAO,LOF,1,driver_pointwise,0,0,False,False,0.924525705221,0.0487,10000,False
124_TAO_id_9_Environment_tr_500_1st_1.csv,TAO,LOF,1,driver_pointwise,0,0,False,False,0.823511702766,0.0483,10000,False
125_TAO_id_10_Environment_tr_500_1st_9.csv,TAO,LOF,1,driver_pointwise,0,0,False,False,0.401836624617,0.0943,10000,False
127_TAO_id_12_Environment_tr_500_1st_24.csv,TAO,LOF,1,driver_pointwise,0,0,False,False,0.764856590934,0.0485,10000,False
128_TAO_id_13_Environment_tr_500_1st_7.csv,TAO,LOF,1,driver_pointwise,0,0,False,,0.160701431379,0.1409,10000,False
129_OPPORTUNITY_id_1_HumanActivity_tr_1801_1st_1901.csv,OPPORTUNITY,LOF,1,driver_pointwise,0,0,False,False,-0.0289024380103,0.0291985582959,24693,False
130_OPPORTUNITY_id_2_HumanActivity_tr_1045_1st_1145.csv,OPPORTUNITY,LOF,1,driver_pointwise,0,0,False,False,-0.014674196377,0.0908562572646,5162,False
132_OPPORTUNITY_id_4_HumanActivity_tr_895_1st_995.csv,OPPORTUNITY,LOF,1,driver_pointwise,0,0,False,False,0.0195419506019,0.0469805856484,9323,False
133_OPPORTUNITY_id_5_HumanActivity_tr_1745_1st_6500.csv,OPPORTUNITY,LOF,1,driver_pointwise,0,0,False,False,0.629980045604,0.0687679083095,6980,False
134_OPPORTUNITY_id_6_HumanActivity_tr_1477_1st_1577.csv,OPPORTUNITY,LOF,1,driver_pointwise,0,0,False,False,-0.00175197425512,0.0214956100515,16515,False
135_OPPORTUNITY_id_7_HumanActivity_tr_2085_1st_2185.csv,OPPORTUNITY,LOF,1,driver_pointwise,0,0,False,False,-0.00429468509719,0.0376854325993,21706,False
136_OPPORTUNITY_id_8_HumanActivity_tr_1495_1st_1595.csv,OPPORTUNITY,LOF,1,driver_pointwise,0,0,False,False,-0.0117201851042,0.0231747562016,26969,False
137_CreditCard_id_1_Finance_tr_500_1st_541.csv,CreditCard,LOF,1,driver_pointwise,0,0,False,False,0.137046982704,0.00172748563062,284807,False
138_CATSv2_id_1_Sensor_tr_16568_1st_16668.csv,CATSv2,LOF,1,driver_pointwise,0,0,False,False,-0.010976079513,0.02,100000,False
139_CATSv2_id_2_Sensor_tr_5592_1st_5692.csv,CATSv2,LOF,1,driver_pointwise,0,0,False,False,-0.0203730217211,0.0338461538462,195000,False
141_CATSv2_id_4_Sensor_tr_41727_1st_41827.csv,CATSv2,LOF,1,driver_pointwise,0,0,False,False,0.211745332968,0.0302564102564,195000,False
142_CATSv2_id_5_Sensor_tr_30704_1st_30804.csv,CATSv2,LOF,1,driver_pointwise,0,0,False,False,-0.00611229266693,0.0488571428571,350000,False
143_CATSv2_id_6_Sensor_tr_50000_1st_60232.csv,CATSv2,LOF,1,driver_pointwise,0,0,False,False,0.129009775401,0.02,200000,False
144_SMAP_id_1_Sensor_tr_2052_1st_5300.csv,SMAP,LOF,1,driver_pointwise,0,0,False,,0.223214893654,0.136557436959,8209,False
145_SMAP_id_2_Sensor_tr_2133_1st_5400.csv,SMAP,LOF,1,driver_pointwise,0,0,False,,-0.0293943843109,0.0730192217534,8532,False
146_SMAP_id_3_Sensor_tr_2128_1st_5000.csv,SMAP,LOF,1,driver_pointwise,0,0,False,,0.0447896392403,0.0346488137186,8514,False
147_SMAP_id_4_Sensor_tr_2160_1st_6449.csv,SMAP,LOF,1,driver_pointwise,0,0,False,,0.00329005617964,0.0140046296296,8640,False
148_SMAP_id_5_Sensor_tr_2011_1st_5060.csv,SMAP,LOF,1,driver_pointwise,0,0,False,False,0.00694519347419,0.00882645450025,8044,False
150_SMAP_id_7_Sensor_tr_2077_1st_5394.csv,SMAP,LOF,1,driver_pointwise,0,0,False,,-0.00667988528768,0.0338146811071,8310,False
151_SMAP_id_8_Sensor_tr_1971_1st_4870.csv,SMAP,LOF,1,driver_pointwise,0,0,False,,0.0488198338564,0.0102739726027,7884,False
152_SMAP_id_9_Sensor_tr_2073_1st_5600.csv,SMAP,LOF,1,driver_pointwise,0,0,False,,-0.000782231696362,0.0387026766337,8294,False
153_SMAP_id_10_Sensor_tr_1840_1st_4030.csv,SMAP,LOF,1,driver_pointwise,0,0,False,,-0.00271678561484,0.00556989539465,7361,False
154_SMAP_id_11_Sensor_tr_2117_1st_4770.csv,SMAP,LOF,1,driver_pointwise,0,0,False,False,0.00615327093219,0.0142874011099,8469,False
155_SMAP_id_12_Sensor_tr_1907_1st_4800.csv,SMAP,LOF,1,driver_pointwise,0,0,False,,0.0387693604395,0.00668589407446,7628,False
156_SMAP_id_13_Sensor_tr_1173_1st_2750.csv,SMAP,LOF,1,driver_pointwise,0,0,False,False,-0.0831782720845,0.0108672490944,4693,False
157_SMAP_id_14_Sensor_tr_2126_1st_5000.csv,SMAP,LOF,1,driver_pointwise,0,0,False,,0.177701485735,0.0378600823045,8505,False
158_SMAP_id_15_Sensor_tr_2075_1st_5610.csv,SMAP,LOF,1,driver_pointwise,0,0,False,,0.113299197624,0.00795180722892,8300,False
159_SMAP_id_16_Sensor_tr_1757_1st_2650.csv,SMAP,LOF,1,driver_pointwise,0,0,False,,0.185679118286,0.0381277564376,7029,False
160_SMAP_id_17_Sensor_tr_1832_1st_5300.csv,SMAP,LOF,1,driver_pointwise,0,0,False,,0.282699782177,0.0611103532942,7331,False
161_SMAP_id_18_Sensor_tr_2075_1st_5550.csv,SMAP,LOF,1,driver_pointwise,0,0,False,,0.0699478083044,0.0422789689232,8302,False
162_SMAP_id_19_Sensor_tr_1908_1st_4690.csv,SMAP,LOF,1,driver_pointwise,0,0,False,,0.0322580645161,0.00406184486373,7632,False
163_SMAP_id_20_Sensor_tr_2051_1st_4575.csv,SMAP,LOF,1,driver_pointwise,0,0,False,,0.0230268198772,0.0226691042048,8205,False
165_SMAP_id_22_Sensor_tr_2129_1st_5000.csv,SMAP,LOF,1,driver_pointwise,0,0,False,,0.231266898924,0.059652418976,8516,False
166_SMAP_id_23_Sensor_tr_1113_1st_1890.csv,SMAP,LOF,1,driver_pointwise,0,0,False,False,0.00404016835532,0.00920727599371,4453,False
167_SMAP_id_24_Sensor_tr_2094_1st_5600.csv,SMAP,LOF,1,driver_pointwise,0,0,False,False,-0.0921477433949,0.00489493791786,8376,False
168_SMAP_id_25_Sensor_tr_1998_1st_2098.csv,SMAP,LOF,1,driver_pointwise,0,0,False,,0.0104493936016,0.0214477211796,8579,False
169_SMAP_id_26_Sensor_tr_1811_1st_4510.csv,SMAP,LOF,1,driver_pointwise,0,0,False,,-0.0119047619048,0.011181667587,7244,False
170_SMAP_id_27_Sensor_tr_2160_1st_4690.csv,SMAP,LOF,1,driver_pointwise,0,0,False,,-0.00367715856168,0.00983796296296,8640,False
171_SWaT_id_1_Sensor_tr_3749_1st_9522.csv,SWaT,LOF,1,driver_pointwise,0,0,False,False,0.17945047443,0.132435316084,14996,False
172_SWaT_id_2_Sensor_tr_23700_1st_23800.csv,SWaT,LOF,1,driver_pointwise,0,0,False,False,0.621347995387,0.125320377376,399919,False
173_GECCO_id_1_Sensor_tr_16165_1st_16265.csv,GECCO,LOF,1,driver_pointwise,0,0,False,False,0.0908739052776,0.0124602045899,138521,False
174_Exathlon_id_1_Facility_tr_10766_1st_12590.csv,Exathlon,LOF,1,driver_pointwise,0,0,False,,0.865319177033,0.126248084336,43066,False
175_Exathlon_id_2_Facility_tr_10684_1st_10784.csv,Exathlon,LOF,1,driver_pointwise,0,0,False,,0.414183711907,0.0811685528121,46656,False
176_Exathlon_id_3_Facility_tr_10766_1st_12590.csv,Exathlon,LOF,1,driver_pointwise,0,0,False,,0.848431396189,0.126248084336,43066,False
177_Exathlon_id_4_Facility_tr_11665_1st_13484.csv,Exathlon,LOF,1,driver_pointwise,0,0,False,,0.888618526105,0.0627518216888,46660,False
179_Exathlon_id_6_Facility_tr_11665_1st_13484.csv,Exathlon,LOF,1,driver_pointwise,0,0,False,False,0.854401646431,0.0627518216888,46660,False
180_Exathlon_id_7_Facility_tr_10766_1st_12590.csv,Exathlon,LOF,1,driver_pointwise,0,0,False,,0.848431396189,0.126248084336,43066,False
181_Exathlon_id_8_Facility_tr_11663_1st_13482.csv,Exathlon,LOF,1,driver_pointwise,0,0,False,,0.714586726685,0.0631872253778,46655,False
182_Exathlon_id_9_Facility_tr_10766_1st_12590.csv,Exathlon,LOF,1,driver_pointwise,0,0,False,,0.848431396189,0.126248084336,43066,False
183_Exathlon_id_10_Facility_tr_11665_1st_13484.csv,Exathlon,LOF,1,driver_pointwise,0,0,False,,0.888618526105,0.0627518216888,46660,False
184_Exathlon_id_11_Facility_tr_11665_1st_13484.csv,Exathlon,LOF,1,driver_pointwise,0,0,False,,0.888618526105,0.0627518216888,46660,False
185_Exathlon_id_12_Facility_tr_11665_1st_13484.csv,Exathlon,LOF,1,driver_pointwise,0,0,False,,0.888618526105,0.0627518216888,46660,False
186_Exathlon_id_13_Facility_tr_10766_1st_12590.csv,Exathlon,LOF,1,driver_pointwise,0,0,False,,0.848431396189,0.126248084336,43066,False
187_Exathlon_id_14_Facility_tr_6193_1st_6293.csv,Exathlon,LOF,1,driver_pointwise,0,0,False,,0.813176420394,0.124667809687,46660,False
188_Exathlon_id_15_Facility_tr_12538_1st_12638.csv,Exathlon,LOF,1,driver_pointwise,0,0,False,False,0.00744344236929,0.124654597243,129197,False
189_Exathlon_id_16_Facility_tr_11663_1st_13482.csv,Exathlon,LOF,1,driver_pointwise,0,0,False,,0.714586726685,0.0631872253778,46655,False
190_Exathlon_id_17_Facility_tr_12538_1st_12638.csv,Exathlon,LOF,1,driver_pointwise,0,0,False,False,0.00744344236929,0.124654597243,129197,False
191_Exathlon_id_18_Facility_tr_11665_1st_13484.csv,Exathlon,LOF,1,driver_pointwise,0,0,False,,0.888618526105,0.0627518216888,46660,False
192_Exathlon_id_19_Facility_tr_11665_1st_13484.csv,Exathlon,LOF,1,driver_pointwise,0,0,False,,0.888618526105,0.0627518216888,46660,False
193_Exathlon_id_20_Facility_tr_8898_1st_8998.csv,Exathlon,LOF,1,driver_pointwise,0,0,False,,0.306613016677,0.0834083601286,46650,False
194_Exathlon_id_21_Facility_tr_6985_1st_7085.csv,Exathlon,LOF,1,driver_pointwise,0,0,False,,0.835487366727,0.104096550837,46649,False
196_Exathlon_id_23_Facility_tr_11665_1st_13484.csv,Exathlon,LOF,1,driver_pointwise,0,0,False,,0.888618526105,0.0627518216888,46660,False
197_Exathlon_id_24_Facility_tr_10766_1st_12590.csv,Exathlon,LOF,1,driver_pointwise,0,0,False,,0.848431396189,0.126248084336,43066,False
198_Exathlon_id_25_Facility_tr_12538_1st_12638.csv,Exathlon,LOF,1,driver_pointwise,0,0,False,False,0.00744344236929,0.124654597243,129197,False
199_Exathlon_id_26_Facility_tr_12538_1st_12638.csv,Exathlon,LOF,1,driver_pointwise,0,0,False,False,0.00744344236929,0.124654597243,129197,False
200_Exathlon_id_27_Facility_tr_10766_1st_12590.csv,Exathlon,LOF,1,driver_pointwise,0,0,False,,0.848431396189,0.126248084336,43066,False
001_Genesis_id_1_Sensor_tr_4055_1st_15538.csv,Genesis,LSTMAD,151,candidate_TSB_pin_not_release_environment,150,0.00924784217016,False,,0.00460584209483,0.00308261405672,16220,True
002_MSL_id_1_Sensor_tr_500_1st_900.csv,MSL,LSTMAD,151,candidate_TSB_pin_not_release_environment,150,0.0821018062397,False,,0.0102266490049,0.00602079912425,1827,True
003_MSL_id_2_Sensor_tr_883_1st_1238.csv,MSL,LSTMAD,151,candidate_TSB_pin_not_release_environment,150,0.04243281471,False,,-0.0317370286076,0.0644978783593,3535,True
005_MSL_id_4_Sensor_tr_855_1st_2700.csv,MSL,LSTMAD,151,candidate_TSB_pin_not_release_environment,150,0.0438340151958,False,,0.00289073086768,0.020748100526,3422,True
006_MSL_id_5_Sensor_tr_1150_1st_1250.csv,MSL,LSTMAD,151,candidate_TSB_pin_not_release_environment,150,0.0296794618124,False,,0.0112068367647,0.083696082311,5054,True
007_MSL_id_6_Sensor_tr_980_1st_3550.csv,MSL,LSTMAD,151,candidate_TSB_pin_not_release_environment,150,0.0382457929628,False,,0.0241118281438,0.0385007649159,3922,True
008_MSL_id_7_Sensor_tr_656_1st_1630.csv,MSL,LSTMAD,151,candidate_TSB_pin_not_release_environment,150,0.0571428571429,False,,5.57335759808e-05,0.0845714285714,2625,True
009_MSL_id_8_Sensor_tr_714_1st_1390.csv,MSL,LSTMAD,151,candidate_TSB_pin_not_release_environment,150,0.0525210084034,False,False,-0.00470149669274,0.00735294117647,2856,True
010_MSL_id_9_Sensor_tr_554_1st_1172.csv,MSL,LSTMAD,151,candidate_TSB_pin_not_release_environment,150,0.0676589986468,False,,0.00439212970417,0.0311231393775,2217,True
012_MSL_id_11_Sensor_tr_539_1st_940.csv,MSL,LSTMAD,151,candidate_TSB_pin_not_release_environment,150,0.069573283859,False,,-0.00867672593395,0.0468460111317,2156,True
013_MSL_id_12_Sensor_tr_554_1st_1200.csv,MSL,LSTMAD,151,candidate_TSB_pin_not_release_environment,150,0.0676284941389,False,,0.00400364061379,0.0117222723174,2218,True
014_MSL_id_13_Sensor_tr_1525_1st_4575.csv,MSL,LSTMAD,151,candidate_TSB_pin_not_release_environment,150,0.0245901639344,False,,0.149770692576,0.0296721311475,6100,True
015_MSL_id_14_Sensor_tr_575_1st_1250.csv,MSL,LSTMAD,151,candidate_TSB_pin_not_release_environment,150,0.0651324359531,False,,0.00995670690373,0.130699088146,2303,True
016_MSL_id_15_Sensor_tr_500_1st_780.csv,MSL,LSTMAD,151,candidate_TSB_pin_not_release_environment,150,0.136861313869,False,,0.00476341513283,0.102189781022,1096,True
017_MSL_id_16_Sensor_tr_512_1st_1850.csv,MSL,LSTMAD,151,candidate_TSB_pin_not_release_environment,150,0.0732064421669,False,,0,0.0883357735481,2049,True
018_Daphnet_id_1_HumanActivity_tr_9693_1st_20732.csv,Daphnet,LSTMAD,151,candidate_TSB_pin_not_release_environment,150,0.00386857172332,False,False,0.167881801267,0.0594728426265,38774,True
019_MITDB_id_1_Medical_tr_37500_1st_103211.csv,MITDB,LSTMAD,151,candidate_TSB_pin_not_release_environment,150,0.001,False,,0.0382702567826,0.124066666667,150000,True
020_MITDB_id_2_Medical_tr_50000_1st_52315.csv,MITDB,LSTMAD,151,candidate_TSB_pin_not_release_environment,150,0.000230769230769,False,,0.0035974433569,0.00161076923077,650000,True
021_MITDB_id_3_Medical_tr_50000_1st_57595.csv,MITDB,LSTMAD,151,candidate_TSB_pin_not_release_environment,150,0.0003,False,,0.0447455783382,0.01762,500000,True
022_MITDB_id_4_Medical_tr_50000_1st_54253.csv,MITDB,LSTMAD,151,candidate_TSB_pin_not_release_environment,150,0.0005,False,,0.00533765904285,0.04431,300000,True
024_MITDB_id_6_Medical_tr_50000_1st_58118.csv,MITDB,LSTMAD,151,candidate_TSB_pin_not_release_environment,150,0.00075,False,,0.0068874862926,0.001765,200000,True
025_MITDB_id_7_Medical_tr_37500_1st_88864.csv,MITDB,LSTMAD,151,candidate_TSB_pin_not_release_environment,150,0.001,False,,-0.0693312940816,0.02464,150000,True
026_MITDB_id_8_Medical_tr_30495_1st_30595.csv,MITDB,LSTMAD,151,candidate_TSB_pin_not_release_environment,150,0.000375,False,,-0.0266131577658,0.0655825,400000,True
027_MITDB_id_9_Medical_tr_25000_1st_52255.csv,MITDB,LSTMAD,151,candidate_TSB_pin_not_release_environment,150,0.0015,False,,0.0318848325179,0.00433,100000,True
029_MITDB_id_11_Medical_tr_50000_1st_518037.csv,MITDB,LSTMAD,151,candidate_TSB_pin_not_release_environment,150,0.00025,False,,0.000212987274591,0.00291666666667,600000,True
030_MITDB_id_12_Medical_tr_50000_1st_84572.csv,MITDB,LSTMAD,151,candidate_TSB_pin_not_release_environment,150,0.000241935483871,False,,0.00152304977198,0.0431790322581,620000,True
031_MITDB_id_13_Medical_tr_50000_1st_79433.csv,MITDB,LSTMAD,151,candidate_TSB_pin_not_release_environment,150,0.000333333333333,False,,-0.00278396233106,0.0217933333333,450000,True
032_GHL_id_1_Sensor_tr_50000_1st_65001.csv,GHL,LSTMAD,151,candidate_TSB_pin_not_release_environment,150,0.000749996250019,False,False,-0.00326545708675,0.00924995375023,200001,True
033_GHL_id_2_Sensor_tr_50000_1st_51001.csv,GHL,LSTMAD,151,candidate_TSB_pin_not_release_environment,150,0.000749996250019,False,False,-0.0115751832928,0.00923495382523,200001,True
034_GHL_id_3_Sensor_tr_50000_1st_122001.csv,GHL,LSTMAD,151,candidate_TSB_pin_not_release_environment,150,0.000749996250019,False,False,0.00704622064975,0.00959495202524,200001,True
035_GHL_id_4_Sensor_tr_50000_1st_90001.csv,GHL,LSTMAD,151,candidate_TSB_pin_not_release_environment,150,0.000749996250019,False,False,0.00370244015531,0.0135649321753,200001,True
036_GHL_id_5_Sensor_tr_50000_1st_67147.csv,GHL,LSTMAD,151,candidate_TSB_pin_not_release_environment,150,0.000749996250019,False,False,0.000821595921707,0.0114149429253,200001,True
037_GHL_id_6_Sensor_tr_50000_1st_80001.csv,GHL,LSTMAD,151,candidate_TSB_pin_not_release_environment,150,0.000749996250019,False,False,-0.0021606744064,0.00932995335023,200001,True
038_GHL_id_7_Sensor_tr_50000_1st_100001.csv,GHL,LSTMAD,151,candidate_TSB_pin_not_release_environment,150,0.000749996250019,False,False,0.00208225407034,0.00847495762521,200001,True
039_GHL_id_8_Sensor_tr_50000_1st_63030.csv,GHL,LSTMAD,151,candidate_TSB_pin_not_release_environment,150,0.000749996250019,False,False,-0.00303407315959,0.00583997080015,200001,True
041_GHL_id_10_Sensor_tr_50000_1st_57001.csv,GHL,LSTMAD,151,candidate_TSB_pin_not_release_environment,150,0.000749996250019,False,False,-0.0107277220598,0.00927495362523,200001,True
042_GHL_id_11_Sensor_tr_50000_1st_150001.csv,GHL,LSTMAD,151,candidate_TSB_pin_not_release_environment,150,0.000749996250019,False,False,0.00075366000843,0.00772996135019,200001,True
043_GHL_id_12_Sensor_tr_39938_1st_40038.csv,GHL,LSTMAD,151,candidate_TSB_pin_not_release_environment,150,0.000749996250019,False,False,-0.00662223653112,0.00525497372513,200001,True
044_GHL_id_13_Sensor_tr_50000_1st_145001.csv,GHL,LSTMAD,151,candidate_TSB_pin_not_release_environment,150,0.000749996250019,False,False,0.00899724964577,0.00924495377523,200001,True
045_GHL_id_14_Sensor_tr_50000_1st_85076.csv,GHL,LSTMAD,151,candidate_TSB_pin_not_release_environment,150,0.000749996250019,False,False,-0.06389207385,0.00885495572522,200001,True
046_GHL_id_15_Sensor_tr_50000_1st_156462.csv,GHL,LSTMAD,151,candidate_TSB_pin_not_release_environment,150,0.000749996250019,False,False,0.0432313640171,0.00619496902515,200001,True
047_GHL_id_16_Sensor_tr_50000_1st_77001.csv,GHL,LSTMAD,151,candidate_TSB_pin_not_release_environment,150,0.000749996250019,False,False,-0.00280807995378,0.0136399318003,200001,True
048_GHL_id_17_Sensor_tr_50000_1st_154001.csv,GHL,LSTMAD,151,candidate_TSB_pin_not_release_environment,150,0.000749996250019,False,False,0.0232509496279,0.0179149104254,200001,True
050_GHL_id_19_Sensor_tr_43750_1st_55001.csv,GHL,LSTMAD,151,candidate_TSB_pin_not_release_environment,150,0.000857137959212,False,False,-0.158555779511,0.00645139170633,175001,True
051_GHL_id_20_Sensor_tr_50000_1st_75110.csv,GHL,LSTMAD,151,candidate_TSB_pin_not_release_environment,150,0.000749996250019,False,False,-0.00159777082145,0.00595497022515,200001,True
052_GHL_id_21_Sensor_tr_50000_1st_98001.csv,GHL,LSTMAD,151,candidate_TSB_pin_not_release_environment,150,0.000749996250019,False,False,0.00206455245642,0.00485497572512,200001,True
053_GHL_id_22_Sensor_tr_50000_1st_126448.csv,GHL,LSTMAD,151,candidate_TSB_pin_not_release_environment,150,0.000749996250019,False,False,0.00344416210999,0.0324598377008,200001,True
054_GHL_id_23_Sensor_tr_50000_1st_135001.csv,GHL,LSTMAD,151,candidate_TSB_pin_not_release_environment,150,0.000749996250019,False,False,0.007746644362,0.0186699066505,200001,True
055_GHL_id_24_Sensor_tr_50000_1st_118124.csv,GHL,LSTMAD,151,candidate_TSB_pin_not_release_environment,150,0.000749996250019,False,False,0.00151145317555,0.00504497477513,200001,True
056_GHL_id_25_Sensor_tr_50000_1st_105568.csv,GHL,LSTMAD,151,candidate_TSB_pin_not_release_environment,150,0.000749996250019,False,False,-0.0122103915365,0.0157199214004,200001,True
057_SMD_id_1_Facility_tr_4529_1st_4629.csv,SMD,LSTMAD,151,candidate_TSB_pin_not_release_environment,150,0.00633071663712,False,False,0.0827920077963,0.0228749894488,23694,True
058_SMD_id_2_Facility_tr_1087_1st_1187.csv,SMD,LSTMAD,151,candidate_TSB_pin_not_release_environment,150,0.00522175033071,False,,0.0809706718322,0.0415651326325,28726,True
059_SMD_id_3_Facility_tr_757_1st_857.csv,SMD,LSTMAD,151,candidate_TSB_pin_not_release_environment,150,0.00633205285153,False,False,-0.275892372322,0.0113554814471,23689,True
060_SMD_id_4_Facility_tr_7176_1st_10609.csv,SMD,LSTMAD,151,candidate_TSB_pin_not_release_environment,150,0.00522557045811,False,False,-0.232420162395,0.0151193171921,28705,True
061_SMD_id_5_Facility_tr_7176_1st_15144.csv,SMD,LSTMAD,151,candidate_TSB_pin_not_release_environment,150,0.00522575250836,False,False,0.0112718795504,0.0477633779264,28704,True
063_SMD_id_7_Facility_tr_5923_1st_6506.csv,SMD,LSTMAD,151,candidate_TSB_pin_not_release_environment,150,0.00633071663712,False,,0.0745204910962,0.0493795897696,23694,True
064_SMD_id_8_Facility_tr_2272_1st_2372.csv,SMD,LSTMAD,151,candidate_TSB_pin_not_release_environment,150,0.00707447059378,False,False,0.0274629050668,0.0368815733623,21203,True
065_SMD_id_9_Facility_tr_737_1st_837.csv,SMD,LSTMAD,151,candidate_TSB_pin_not_release_environment,150,0.00632991517914,False,False,0.00421537855159,0.101194243997,23697,True
066_SMD_id_10_Facility_tr_2634_1st_2734.csv,SMD,LSTMAD,151,candidate_TSB_pin_not_release_environment,150,0.00633258749525,False,False,0.568376399429,0.0412462532191,23687,True
067_SMD_id_11_Facility_tr_1980_1st_2080.csv,SMD,LSTMAD,151,candidate_TSB_pin_not_release_environment,150,0.00660705633617,False,False,-0.0616685398433,0.0477029467471,22703,True
068_SMD_id_12_Facility_tr_1099_1st_1199.csv,SMD,LSTMAD,151,candidate_TSB_pin_not_release_environment,150,0.00522411451259,False,False,0.0477036110745,0.0105527113154,28713,True
069_SMD_id_13_Facility_tr_5925_1st_12760.csv,SMD,LSTMAD,151,candidate_TSB_pin_not_release_environment,150,0.00632911392405,False,,-0.015673433396,0.119535864979,23700,True
070_SMD_id_14_Facility_tr_1070_1st_1170.csv,SMD,LSTMAD,151,candidate_TSB_pin_not_release_environment,150,0.00521866193508,False,,0.0248568726549,0.0147514177365,28743,True
071_SMD_id_15_Facility_tr_1109_1st_1209.csv,SMD,LSTMAD,151,candidate_TSB_pin_not_release_environment,150,0.00522648083624,False,False,0.0860495168042,0.0107317073171,28700,True
073_SMD_id_17_Facility_tr_5926_1st_10620.csv,SMD,LSTMAD,151,candidate_TSB_pin_not_release_environment,150,0.00632751202227,False,,-0.0267735388859,0.00421834134818,23706,True
074_SMD_id_18_Facility_tr_7174_1st_21230.csv,SMD,LSTMAD,151,candidate_TSB_pin_not_release_environment,150,0.00522720936716,False,False,-0.0962331326375,0.00689991636465,28696,True
075_SMD_id_19_Facility_tr_564_1st_664.csv,SMD,LSTMAD,151,candidate_TSB_pin_not_release_environment,150,0.00633018230925,False,False,-0.00102830320019,0.0175979068197,23696,True
076_SMD_id_20_Facility_tr_5925_1st_17580.csv,SMD,LSTMAD,151,candidate_TSB_pin_not_release_environment,150,0.00632831287179,False,False,-0.100924209312,0.00679238914905,23703,True
077_SMD_id_21_Facility_tr_3026_1st_3126.csv,SMD,LSTMAD,151,candidate_TSB_pin_not_release_environment,150,0.0070731362286,False,False,-0.100532286145,0.0324421181685,21207,True
078_SMD_id_22_Facility_tr_500_1st_326.csv,SMD,LSTMAD,151,candidate_TSB_pin_not_release_environment,150,0.00633098383489,False,False,2.305264182e-05,0.0441902671675,23693,True
079_LTDB_id_1_Medical_tr_3618_1st_3718.csv,LTDB,LSTMAD,151,candidate_TSB_pin_not_release_environment,150,0.0015,False,,-0.054600461375,0.14781,100000,True
080_LTDB_id_2_Medical_tr_500_1st_266.csv,LTDB,LSTMAD,151,candidate_TSB_pin_not_release_environment,150,0.0015,False,False,-0.000925272706287,0.14857,100000,True
081_LTDB_id_3_Medical_tr_500_1st_26.csv,LTDB,LSTMAD,151,candidate_TSB_pin_not_release_environment,150,0.0015,True,,0.004279850065,0.31565,100000,True
083_LTDB_id_5_Medical_tr_15502_1st_15602.csv,LTDB,LSTMAD,151,candidate_TSB_pin_not_release_environment,150,0.0015,False,,-0.0166101458448,0.00505,100000,True
084_SVDB_id_1_Medical_tr_12973_1st_13073.csv,SVDB,LSTMAD,151,candidate_TSB_pin_not_release_environment,150,0.000651041666667,False,,0.0145964008923,0.0153515625,230400,True
085_SVDB_id_2_Medical_tr_50000_1st_54982.csv,SVDB,LSTMAD,151,candidate_TSB_pin_not_release_environment,150,0.000651041666667,False,,0.00680651755523,0.0372309027778,230400,True
086_SVDB_id_3_Medical_tr_533_1st_633.csv,SVDB,LSTMAD,151,candidate_TSB_pin_not_release_environment,150,0.000651041666667,False,,-0.000915757696546,0.0699696180556,230400,True
087_SVDB_id_4_Medical_tr_5421_1st_5521.csv,SVDB,LSTMAD,151,candidate_TSB_pin_not_release_environment,150,0.000651041666667,False,,0.000297376656777,0.0555946180556,230400,True
088_SVDB_id_5_Medical_tr_500_1st_168.csv,SVDB,LSTMAD,151,candidate_TSB_pin_not_release_environment,150,0.000651041666667,False,,0.000121070294528,0.0992100694444,230400,True
089_SVDB_id_6_Medical_tr_50000_1st_83083.csv,SVDB,LSTMAD,151,candidate_TSB_pin_not_release_environment,150,0.000651041666667,False,,-0.00253939846617,0.0134895833333,230400,True
091_SVDB_id_8_Medical_tr_500_1st_126.csv,SVDB,LSTMAD,151,candidate_TSB_pin_not_release_environment,150,0.000651041666667,True,,-0.000413480031983,0.0773524305556,230400,True
092_SVDB_id_9_Medical_tr_2674_1st_2774.csv,SVDB,LSTMAD,151,candidate_TSB_pin_not_release_environment,150,0.000651041666667,False,,0.0668658293603,0.0525260416667,230400,True
093_SVDB_id_10_Medical_tr_500_1st_37.csv,SVDB,LSTMAD,151,candidate_TSB_pin_not_release_environment,150,0.000651041666667,True,,0.00182750832962,0.0785894097222,230400,True
094_SVDB_id_11_Medical_tr_20100_1st_23611.csv,SVDB,LSTMAD,151,candidate_TSB_pin_not_release_environment,150,0.00186567164179,False,,-0.0027451593208,0.0117537313433,80400,True
095_SVDB_id_12_Medical_tr_6264_1st_6364.csv,SVDB,LSTMAD,151,candidate_TSB_pin_not_release_environment,150,0.000651041666667,False,,-0.000788074811297,0.0323958333333,230400,True
096_SVDB_id_13_Medical_tr_500_1st_444.csv,SVDB,LSTMAD,151,candidate_TSB_pin_not_release_environment,150,0.000651041666667,False,,-0.00164831897952,0.0335633680556,230400,True
097_SVDB_id_14_Medical_tr_1031_1st_1131.csv,SVDB,LSTMAD,151,candidate_TSB_pin_not_release_environment,150,0.000651041666667,False,,0.0162983115199,0.120611979167,230400,True
098_SVDB_id_15_Medical_tr_500_1st_303.csv,SVDB,LSTMAD,151,candidate_TSB_pin_not_release_environment,150,0.000651041666667,False,,-0.0005765725086,0.0633637152778,230400,True
099_SVDB_id_16_Medical_tr_1115_1st_1215.csv,SVDB,LSTMAD,151,candidate_TSB_pin_not_release_environment,150,0.000651041666667,False,,0.00761318624149,0.0711328125,230400,True
100_SVDB_id_17_Medical_tr_17803_1st_17903.csv,SVDB,LSTMAD,151,candidate_TSB_pin_not_release_environment,150,0.00115030674847,False,,0.00248271653526,0.030222392638,130400,True
101_SVDB_id_18_Medical_tr_1851_1st_1951.csv,SVDB,LSTMAD,151,candidate_TSB_pin_not_release_environment,150,0.000651041666667,False,,-0.000295885177488,0.0698871527778,230400,True
102_SVDB_id_19_Medical_tr_50000_1st_107354.csv,SVDB,LSTMAD,151,candidate_TSB_pin_not_release_environment,150,0.000651041666667,False,,0.0476626511195,0.0580555555556,230400,True
103_SVDB_id_20_Medical_tr_12167_1st_12267.csv,SVDB,LSTMAD,151,candidate_TSB_pin_not_release_environment,150,0.000651041666667,False,,0.00118662140166,0.0266970486111,230400,True
104_SVDB_id_21_Medical_tr_50000_1st_106634.csv,SVDB,LSTMAD,151,candidate_TSB_pin_not_release_environment,150,0.000651041666667,False,,0.0102332620767,0.0152039930556,230400,True
105_SVDB_id_22_Medical_tr_500_1st_417.csv,SVDB,LSTMAD,151,candidate_TSB_pin_not_release_environment,150,0.001,False,,-0.00036912586956,0.0855133333333,150000,True
106_SVDB_id_23_Medical_tr_37500_1st_121963.csv,SVDB,LSTMAD,151,candidate_TSB_pin_not_release_environment,150,0.001,False,,-0.0534556588454,0.00450666666667,150000,True
108_SVDB_id_25_Medical_tr_1238_1st_1338.csv,SVDB,LSTMAD,151,candidate_TSB_pin_not_release_environment,150,0.000651041666667,False,,-0.0441583996321,0.0305902777778,230400,True
109_SVDB_id_26_Medical_tr_1038_1st_1138.csv,SVDB,LSTMAD,151,candidate_TSB_pin_not_release_environment,150,0.000651041666667,False,,-0.00209025274288,0.0903645833333,230400,True
110_SVDB_id_27_Medical_tr_30824_1st_30924.csv,SVDB,LSTMAD,151,candidate_TSB_pin_not_release_environment,150,0.000651041666667,False,,0.00177399731048,0.0340581597222,230400,True
111_SVDB_id_28_Medical_tr_1791_1st_1891.csv,SVDB,LSTMAD,151,candidate_TSB_pin_not_release_environment,150,0.000651041666667,False,,0.00900671847287,0.0953993055556,230400,True
112_SVDB_id_29_Medical_tr_8226_1st_8326.csv,SVDB,LSTMAD,151,candidate_TSB_pin_not_release_environment,150,0.000651041666667,False,,0.000149355329731,0.0111067708333,230400,True
114_SVDB_id_31_Medical_tr_25000_1st_63090.csv,SVDB,LSTMAD,151,candidate_TSB_pin_not_release_environment,150,0.0015,False,,6.15574939247e-05,0.00497,100000,True
115_PSM_id_1_Facility_tr_50000_1st_129872.csv,PSM,LSTMAD,151,candidate_TSB_pin_not_release_environment,150,0.000689262213726,False,,-0.191969311237,0.112032680219,217624,True
116_TAO_id_1_Environment_tr_500_1st_3.csv,TAO,LSTMAD,151,candidate_TSB_pin_not_release_environment,150,0.015,True,True,3.16955171024e-05,0.0492,10000,True
117_TAO_id_2_Environment_tr_500_1st_1.csv,TAO,LSTMAD,151,candidate_TSB_pin_not_release_environment,150,0.015,True,,-0.00952946147834,0.1395,10000,True
118_TAO_id_3_Environment_tr_500_1st_7.csv,TAO,LSTMAD,151,candidate_TSB_pin_not_release_environment,150,0.015,True,True,-0.0839088833508,0.0488,10000,True
119_TAO_id_4_Environment_tr_500_1st_1.csv,TAO,LSTMAD,151,candidate_TSB_pin_not_release_environment,150,0.015,True,True,-0.00369468285407,0.0945,10000,True
121_TAO_id_6_Environment_tr_500_1st_7.csv,TAO,LSTMAD,151,candidate_TSB_pin_not_release_environment,150,0.015,True,,-0.0140613763445,0.1409,10000,True
122_TAO_id_7_Environment_tr_500_1st_19.csv,TAO,LSTMAD,151,candidate_TSB_pin_not_release_environment,150,0.015,True,True,-0.000396369238877,0.0948,10000,True
123_TAO_id_8_Environment_tr_500_1st_62.csv,TAO,LSTMAD,151,candidate_TSB_pin_not_release_environment,150,0.015,True,True,3.95119831087e-06,0.0487,10000,True
124_TAO_id_9_Environment_tr_500_1st_1.csv,TAO,LSTMAD,151,candidate_TSB_pin_not_release_environment,150,0.015,True,True,0.0305584405428,0.0483,10000,True
125_TAO_id_10_Environment_tr_500_1st_9.csv,TAO,LSTMAD,151,candidate_TSB_pin_not_release_environment,150,0.015,True,True,-3.15034576645e-05,0.0943,10000,True
127_TAO_id_12_Environment_tr_500_1st_24.csv,TAO,LSTMAD,151,candidate_TSB_pin_not_release_environment,150,0.015,True,True,0.0424801396103,0.0485,10000,True
128_TAO_id_13_Environment_tr_500_1st_7.csv,TAO,LSTMAD,151,candidate_TSB_pin_not_release_environment,150,0.015,True,,-0.0277675417359,0.1409,10000,True
129_OPPORTUNITY_id_1_HumanActivity_tr_1801_1st_1901.csv,OPPORTUNITY,LSTMAD,151,candidate_TSB_pin_not_release_environment,150,0.00607459603936,False,False,-0.108064249542,0.0291985582959,24693,True
130_OPPORTUNITY_id_2_HumanActivity_tr_1045_1st_1145.csv,OPPORTUNITY,LSTMAD,151,candidate_TSB_pin_not_release_environment,150,0.0290585044556,False,False,-0.332496395215,0.0908562572646,5162,True
132_OPPORTUNITY_id_4_HumanActivity_tr_895_1st_995.csv,OPPORTUNITY,LSTMAD,151,candidate_TSB_pin_not_release_environment,150,0.0160892416604,False,False,-0.194096001588,0.0469805856484,9323,True
133_OPPORTUNITY_id_5_HumanActivity_tr_1745_1st_6500.csv,OPPORTUNITY,LSTMAD,151,candidate_TSB_pin_not_release_environment,150,0.0214899713467,False,False,0.0302677340303,0.0687679083095,6980,True
134_OPPORTUNITY_id_6_HumanActivity_tr_1477_1st_1577.csv,OPPORTUNITY,LSTMAD,151,candidate_TSB_pin_not_release_environment,150,0.00908265213442,False,False,-0.201361547017,0.0214956100515,16515,True
135_OPPORTUNITY_id_7_HumanActivity_tr_2085_1st_2185.csv,OPPORTUNITY,LSTMAD,151,candidate_TSB_pin_not_release_environment,150,0.00691053165023,False,False,-0.192124198252,0.0376854325993,21706,True
136_OPPORTUNITY_id_8_HumanActivity_tr_1495_1st_1595.csv,OPPORTUNITY,LSTMAD,151,candidate_TSB_pin_not_release_environment,150,0.00556194148838,False,False,-0.114555577277,0.0231747562016,26969,True
137_CreditCard_id_1_Finance_tr_500_1st_541.csv,CreditCard,LSTMAD,151,candidate_TSB_pin_not_release_environment,150,0.00052667244836,False,False,0.000616111901237,0.00172748563062,284807,True
138_CATSv2_id_1_Sensor_tr_16568_1st_16668.csv,CATSv2,LSTMAD,151,candidate_TSB_pin_not_release_environment,150,0.0015,False,False,-0.000246785965467,0.02,100000,True
139_CATSv2_id_2_Sensor_tr_5592_1st_5692.csv,CATSv2,LSTMAD,151,candidate_TSB_pin_not_release_environment,150,0.000769230769231,False,False,-0.0543912893727,0.0338461538462,195000,True
141_CATSv2_id_4_Sensor_tr_41727_1st_41827.csv,CATSv2,LSTMAD,151,candidate_TSB_pin_not_release_environment,150,0.000769230769231,False,False,-0.0192661284681,0.0302564102564,195000,True
142_CATSv2_id_5_Sensor_tr_30704_1st_30804.csv,CATSv2,LSTMAD,151,candidate_TSB_pin_not_release_environment,150,0.000428571428571,False,False,-0.059115718996,0.0488571428571,350000,True
143_CATSv2_id_6_Sensor_tr_50000_1st_60232.csv,CATSv2,LSTMAD,151,candidate_TSB_pin_not_release_environment,150,0.00075,False,False,-0.00804276322638,0.02,200000,True
144_SMAP_id_1_Sensor_tr_2052_1st_5300.csv,SMAP,LSTMAD,151,candidate_TSB_pin_not_release_environment,150,0.0182726276038,False,,0.379170825286,0.136557436959,8209,True
145_SMAP_id_2_Sensor_tr_2133_1st_5400.csv,SMAP,LSTMAD,151,candidate_TSB_pin_not_release_environment,150,0.0175808720113,False,,0.0470793939285,0.0730192217534,8532,True
146_SMAP_id_3_Sensor_tr_2128_1st_5000.csv,SMAP,LSTMAD,151,candidate_TSB_pin_not_release_environment,150,0.0176180408739,False,,0.0322391566534,0.0346488137186,8514,True
147_SMAP_id_4_Sensor_tr_2160_1st_6449.csv,SMAP,LSTMAD,151,candidate_TSB_pin_not_release_environment,150,0.0173611111111,False,,0.000176489292986,0.0140046296296,8640,True
148_SMAP_id_5_Sensor_tr_2011_1st_5060.csv,SMAP,LSTMAD,151,candidate_TSB_pin_not_release_environment,150,0.018647439085,False,False,0.00656278123092,0.00882645450025,8044,True
150_SMAP_id_7_Sensor_tr_2077_1st_5394.csv,SMAP,LSTMAD,151,candidate_TSB_pin_not_release_environment,150,0.0180505415162,False,,0.0750877619285,0.0338146811071,8310,True
151_SMAP_id_8_Sensor_tr_1971_1st_4870.csv,SMAP,LSTMAD,151,candidate_TSB_pin_not_release_environment,150,0.0190258751903,False,,0.0136149076639,0.0102739726027,7884,True
152_SMAP_id_9_Sensor_tr_2073_1st_5600.csv,SMAP,LSTMAD,151,candidate_TSB_pin_not_release_environment,150,0.0180853629129,False,,-0.000136413626369,0.0387026766337,8294,True
153_SMAP_id_10_Sensor_tr_1840_1st_4030.csv,SMAP,LSTMAD,151,candidate_TSB_pin_not_release_environment,150,0.020377666078,False,,0.0121967615804,0.00556989539465,7361,True
154_SMAP_id_11_Sensor_tr_2117_1st_4770.csv,SMAP,LSTMAD,151,candidate_TSB_pin_not_release_environment,150,0.0177116542685,False,False,0.00220534973202,0.0142874011099,8469,True
155_SMAP_id_12_Sensor_tr_1907_1st_4800.csv,SMAP,LSTMAD,151,candidate_TSB_pin_not_release_environment,150,0.0196643943367,False,,0.047307936523,0.00668589407446,7628,True
156_SMAP_id_13_Sensor_tr_1173_1st_2750.csv,SMAP,LSTMAD,151,candidate_TSB_pin_not_release_environment,150,0.0319624973365,False,False,0.021643280044,0.0108672490944,4693,True
157_SMAP_id_14_Sensor_tr_2126_1st_5000.csv,SMAP,LSTMAD,151,candidate_TSB_pin_not_release_environment,150,0.0176366843034,False,,0.012923462366,0.0378600823045,8505,True
158_SMAP_id_15_Sensor_tr_2075_1st_5610.csv,SMAP,LSTMAD,151,candidate_TSB_pin_not_release_environment,150,0.0180722891566,False,,0.111118244215,0.00795180722892,8300,True
159_SMAP_id_16_Sensor_tr_1757_1st_2650.csv,SMAP,LSTMAD,151,candidate_TSB_pin_not_release_environment,150,0.0213401621852,False,,0.0322977914556,0.0381277564376,7029,True
160_SMAP_id_17_Sensor_tr_1832_1st_5300.csv,SMAP,LSTMAD,151,candidate_TSB_pin_not_release_environment,150,0.0204610557905,False,,0.00738244770952,0.0611103532942,7331,True
161_SMAP_id_18_Sensor_tr_2075_1st_5550.csv,SMAP,LSTMAD,151,candidate_TSB_pin_not_release_environment,150,0.0180679354372,False,,0.0194815391995,0.0422789689232,8302,True
162_SMAP_id_19_Sensor_tr_1908_1st_4690.csv,SMAP,LSTMAD,151,candidate_TSB_pin_not_release_environment,150,0.0196540880503,False,,-0.258088178922,0.00406184486373,7632,True
163_SMAP_id_20_Sensor_tr_2051_1st_4575.csv,SMAP,LSTMAD,151,candidate_TSB_pin_not_release_environment,150,0.018281535649,False,,0.00808196041553,0.0226691042048,8205,True
165_SMAP_id_22_Sensor_tr_2129_1st_5000.csv,SMAP,LSTMAD,151,candidate_TSB_pin_not_release_environment,150,0.017613903241,False,,-0.000358147897698,0.059652418976,8516,True
166_SMAP_id_23_Sensor_tr_1113_1st_1890.csv,SMAP,LSTMAD,151,candidate_TSB_pin_not_release_environment,150,0.0336851560746,False,False,-0.0431552519924,0.00920727599371,4453,True
167_SMAP_id_24_Sensor_tr_2094_1st_5600.csv,SMAP,LSTMAD,151,candidate_TSB_pin_not_release_environment,150,0.0179083094556,False,False,0.000118247332844,0.00489493791786,8376,True
168_SMAP_id_25_Sensor_tr_1998_1st_2098.csv,SMAP,LSTMAD,151,candidate_TSB_pin_not_release_environment,150,0.0174845553095,False,,0.0161879751941,0.0214477211796,8579,True
169_SMAP_id_26_Sensor_tr_1811_1st_4510.csv,SMAP,LSTMAD,151,candidate_TSB_pin_not_release_environment,150,0.0207067918277,False,,0.0137186193765,0.011181667587,7244,True
170_SMAP_id_27_Sensor_tr_2160_1st_4690.csv,SMAP,LSTMAD,151,candidate_TSB_pin_not_release_environment,150,0.0173611111111,False,,8.94596477409e-05,0.00983796296296,8640,True
171_SWaT_id_1_Sensor_tr_3749_1st_9522.csv,SWaT,LSTMAD,151,candidate_TSB_pin_not_release_environment,150,0.010002667378,False,False,0.11255800096,0.132435316084,14996,True
172_SWaT_id_2_Sensor_tr_23700_1st_23800.csv,SWaT,LSTMAD,151,candidate_TSB_pin_not_release_environment,150,0.00037507595288,False,False,-0.038519608541,0.125320377376,399919,True
173_GECCO_id_1_Sensor_tr_16165_1st_16265.csv,GECCO,LSTMAD,151,candidate_TSB_pin_not_release_environment,150,0.00108286830156,False,False,-0.279963004588,0.0124602045899,138521,True
174_Exathlon_id_1_Facility_tr_10766_1st_12590.csv,Exathlon,LSTMAD,151,candidate_TSB_pin_not_release_environment,150,0.00348302605303,False,,0.0896104638884,0.126248084336,43066,True
175_Exathlon_id_2_Facility_tr_10684_1st_10784.csv,Exathlon,LSTMAD,151,candidate_TSB_pin_not_release_environment,150,0.00321502057613,False,,0.00127577190924,0.0811685528121,46656,True
176_Exathlon_id_3_Facility_tr_10766_1st_12590.csv,Exathlon,LSTMAD,151,candidate_TSB_pin_not_release_environment,150,0.00348302605303,False,,0.0462008454614,0.126248084336,43066,True
177_Exathlon_id_4_Facility_tr_11665_1st_13484.csv,Exathlon,LSTMAD,151,candidate_TSB_pin_not_release_environment,150,0.00321474496357,False,,0.035652524094,0.0627518216888,46660,True
179_Exathlon_id_6_Facility_tr_11665_1st_13484.csv,Exathlon,LSTMAD,151,candidate_TSB_pin_not_release_environment,150,0.00321474496357,False,False,0.204681596682,0.0627518216888,46660,True
180_Exathlon_id_7_Facility_tr_10766_1st_12590.csv,Exathlon,LSTMAD,151,candidate_TSB_pin_not_release_environment,150,0.00348302605303,False,,0.0414156515892,0.126248084336,43066,True
181_Exathlon_id_8_Facility_tr_11663_1st_13482.csv,Exathlon,LSTMAD,151,candidate_TSB_pin_not_release_environment,150,0.00321508948666,False,,0.0285655101001,0.0631872253778,46655,True
182_Exathlon_id_9_Facility_tr_10766_1st_12590.csv,Exathlon,LSTMAD,151,candidate_TSB_pin_not_release_environment,150,0.00348302605303,False,,0.0595892905441,0.126248084336,43066,True
183_Exathlon_id_10_Facility_tr_11665_1st_13484.csv,Exathlon,LSTMAD,151,candidate_TSB_pin_not_release_environment,150,0.00321474496357,False,,0.0349020424626,0.0627518216888,46660,True
184_Exathlon_id_11_Facility_tr_11665_1st_13484.csv,Exathlon,LSTMAD,151,candidate_TSB_pin_not_release_environment,150,0.00321474496357,False,,0.0421459706465,0.0627518216888,46660,True
185_Exathlon_id_12_Facility_tr_11665_1st_13484.csv,Exathlon,LSTMAD,151,candidate_TSB_pin_not_release_environment,150,0.00321474496357,False,,0.0359841112711,0.0627518216888,46660,True
186_Exathlon_id_13_Facility_tr_10766_1st_12590.csv,Exathlon,LSTMAD,151,candidate_TSB_pin_not_release_environment,150,0.00348302605303,False,,0.0536422783636,0.126248084336,43066,True
187_Exathlon_id_14_Facility_tr_6193_1st_6293.csv,Exathlon,LSTMAD,151,candidate_TSB_pin_not_release_environment,150,0.00321474496357,False,,0.00366111623695,0.124667809687,46660,True
188_Exathlon_id_15_Facility_tr_12538_1st_12638.csv,Exathlon,LSTMAD,151,candidate_TSB_pin_not_release_environment,150,0.00116101767069,False,False,-0.323200397838,0.124654597243,129197,True
189_Exathlon_id_16_Facility_tr_11663_1st_13482.csv,Exathlon,LSTMAD,151,candidate_TSB_pin_not_release_environment,150,0.00321508948666,False,,0.0283896644219,0.0631872253778,46655,True
190_Exathlon_id_17_Facility_tr_12538_1st_12638.csv,Exathlon,LSTMAD,151,candidate_TSB_pin_not_release_environment,150,0.00116101767069,False,False,-0.321018415147,0.124654597243,129197,True
191_Exathlon_id_18_Facility_tr_11665_1st_13484.csv,Exathlon,LSTMAD,151,candidate_TSB_pin_not_release_environment,150,0.00321474496357,False,,0.0364080721352,0.0627518216888,46660,True
192_Exathlon_id_19_Facility_tr_11665_1st_13484.csv,Exathlon,LSTMAD,151,candidate_TSB_pin_not_release_environment,150,0.00321474496357,False,,0.0369181964355,0.0627518216888,46660,True
193_Exathlon_id_20_Facility_tr_8898_1st_8998.csv,Exathlon,LSTMAD,151,candidate_TSB_pin_not_release_environment,150,0.0032154340836,False,,0.0050165353612,0.0834083601286,46650,True
194_Exathlon_id_21_Facility_tr_6985_1st_7085.csv,Exathlon,LSTMAD,151,candidate_TSB_pin_not_release_environment,150,0.00321550301185,False,,0.00205146828484,0.104096550837,46649,True
196_Exathlon_id_23_Facility_tr_11665_1st_13484.csv,Exathlon,LSTMAD,151,candidate_TSB_pin_not_release_environment,150,0.00321474496357,False,,0.0352959006984,0.0627518216888,46660,True
197_Exathlon_id_24_Facility_tr_10766_1st_12590.csv,Exathlon,LSTMAD,151,candidate_TSB_pin_not_release_environment,150,0.00348302605303,False,,0.0482625784428,0.126248084336,43066,True
198_Exathlon_id_25_Facility_tr_12538_1st_12638.csv,Exathlon,LSTMAD,151,candidate_TSB_pin_not_release_environment,150,0.00116101767069,False,False,-0.319022422911,0.124654597243,129197,True
199_Exathlon_id_26_Facility_tr_12538_1st_12638.csv,Exathlon,LSTMAD,151,candidate_TSB_pin_not_release_environment,150,0.00116101767069,False,False,-0.322217031591,0.124654597243,129197,True
200_Exathlon_id_27_Facility_tr_10766_1st_12590.csv,Exathlon,LSTMAD,151,candidate_TSB_pin_not_release_environment,150,0.00348302605303,False,,0.0420507218414,0.126248084336,43066,True
001_Genesis_id_1_Sensor_tr_4055_1st_15538.csv,Genesis,MCD,1,driver_pointwise,0,0,False,,0,0.00308261405672,16220,True
002_MSL_id_1_Sensor_tr_500_1st_900.csv,MSL,MCD,1,driver_pointwise,0,0,False,,0,0.00602079912425,1827,True
003_MSL_id_2_Sensor_tr_883_1st_1238.csv,MSL,MCD,1,driver_pointwise,0,0,False,,0,0.0644978783593,3535,True
005_MSL_id_4_Sensor_tr_855_1st_2700.csv,MSL,MCD,1,driver_pointwise,0,0,False,,0,0.020748100526,3422,True
006_MSL_id_5_Sensor_tr_1150_1st_1250.csv,MSL,MCD,1,driver_pointwise,0,0,False,,0,0.083696082311,5054,True
007_MSL_id_6_Sensor_tr_980_1st_3550.csv,MSL,MCD,1,driver_pointwise,0,0,False,,0,0.0385007649159,3922,True
008_MSL_id_7_Sensor_tr_656_1st_1630.csv,MSL,MCD,1,driver_pointwise,0,0,False,,0,0.0845714285714,2625,True
009_MSL_id_8_Sensor_tr_714_1st_1390.csv,MSL,MCD,1,driver_pointwise,0,0,False,False,0,0.00735294117647,2856,True
010_MSL_id_9_Sensor_tr_554_1st_1172.csv,MSL,MCD,1,driver_pointwise,0,0,False,,0,0.0311231393775,2217,True
012_MSL_id_11_Sensor_tr_539_1st_940.csv,MSL,MCD,1,driver_pointwise,0,0,False,,0,0.0468460111317,2156,True
013_MSL_id_12_Sensor_tr_554_1st_1200.csv,MSL,MCD,1,driver_pointwise,0,0,False,,0,0.0117222723174,2218,True
014_MSL_id_13_Sensor_tr_1525_1st_4575.csv,MSL,MCD,1,driver_pointwise,0,0,False,,0,0.0296721311475,6100,True
015_MSL_id_14_Sensor_tr_575_1st_1250.csv,MSL,MCD,1,driver_pointwise,0,0,False,,0,0.130699088146,2303,True
016_MSL_id_15_Sensor_tr_500_1st_780.csv,MSL,MCD,1,driver_pointwise,0,0,False,,0,0.102189781022,1096,True
017_MSL_id_16_Sensor_tr_512_1st_1850.csv,MSL,MCD,1,driver_pointwise,0,0,False,,0,0.0883357735481,2049,True
018_Daphnet_id_1_HumanActivity_tr_9693_1st_20732.csv,Daphnet,MCD,1,driver_pointwise,0,0,False,False,0,0.0594728426265,38774,True
019_MITDB_id_1_Medical_tr_37500_1st_103211.csv,MITDB,MCD,1,driver_pointwise,0,0,False,,0,0.124066666667,150000,True
020_MITDB_id_2_Medical_tr_50000_1st_52315.csv,MITDB,MCD,1,driver_pointwise,0,0,False,,0,0.00161076923077,650000,True
021_MITDB_id_3_Medical_tr_50000_1st_57595.csv,MITDB,MCD,1,driver_pointwise,0,0,False,,0,0.01762,500000,True
022_MITDB_id_4_Medical_tr_50000_1st_54253.csv,MITDB,MCD,1,driver_pointwise,0,0,False,,0,0.04431,300000,True
024_MITDB_id_6_Medical_tr_50000_1st_58118.csv,MITDB,MCD,1,driver_pointwise,0,0,False,,0,0.001765,200000,True
025_MITDB_id_7_Medical_tr_37500_1st_88864.csv,MITDB,MCD,1,driver_pointwise,0,0,False,,0,0.02464,150000,True
026_MITDB_id_8_Medical_tr_30495_1st_30595.csv,MITDB,MCD,1,driver_pointwise,0,0,False,,0,0.0655825,400000,True
027_MITDB_id_9_Medical_tr_25000_1st_52255.csv,MITDB,MCD,1,driver_pointwise,0,0,False,,0,0.00433,100000,True
029_MITDB_id_11_Medical_tr_50000_1st_518037.csv,MITDB,MCD,1,driver_pointwise,0,0,False,,0,0.00291666666667,600000,True
030_MITDB_id_12_Medical_tr_50000_1st_84572.csv,MITDB,MCD,1,driver_pointwise,0,0,False,,0,0.0431790322581,620000,True
031_MITDB_id_13_Medical_tr_50000_1st_79433.csv,MITDB,MCD,1,driver_pointwise,0,0,False,,0,0.0217933333333,450000,True
032_GHL_id_1_Sensor_tr_50000_1st_65001.csv,GHL,MCD,1,driver_pointwise,0,0,False,False,0,0.00924995375023,200001,True
033_GHL_id_2_Sensor_tr_50000_1st_51001.csv,GHL,MCD,1,driver_pointwise,0,0,False,False,0,0.00923495382523,200001,True
034_GHL_id_3_Sensor_tr_50000_1st_122001.csv,GHL,MCD,1,driver_pointwise,0,0,False,False,0,0.00959495202524,200001,True
035_GHL_id_4_Sensor_tr_50000_1st_90001.csv,GHL,MCD,1,driver_pointwise,0,0,False,False,0,0.0135649321753,200001,True
036_GHL_id_5_Sensor_tr_50000_1st_67147.csv,GHL,MCD,1,driver_pointwise,0,0,False,False,0,0.0114149429253,200001,True
037_GHL_id_6_Sensor_tr_50000_1st_80001.csv,GHL,MCD,1,driver_pointwise,0,0,False,False,0,0.00932995335023,200001,True
038_GHL_id_7_Sensor_tr_50000_1st_100001.csv,GHL,MCD,1,driver_pointwise,0,0,False,False,0,0.00847495762521,200001,True
039_GHL_id_8_Sensor_tr_50000_1st_63030.csv,GHL,MCD,1,driver_pointwise,0,0,False,False,0,0.00583997080015,200001,True
041_GHL_id_10_Sensor_tr_50000_1st_57001.csv,GHL,MCD,1,driver_pointwise,0,0,False,False,0,0.00927495362523,200001,True
042_GHL_id_11_Sensor_tr_50000_1st_150001.csv,GHL,MCD,1,driver_pointwise,0,0,False,False,0,0.00772996135019,200001,True
043_GHL_id_12_Sensor_tr_39938_1st_40038.csv,GHL,MCD,1,driver_pointwise,0,0,False,False,0,0.00525497372513,200001,True
044_GHL_id_13_Sensor_tr_50000_1st_145001.csv,GHL,MCD,1,driver_pointwise,0,0,False,False,0,0.00924495377523,200001,True
045_GHL_id_14_Sensor_tr_50000_1st_85076.csv,GHL,MCD,1,driver_pointwise,0,0,False,False,0,0.00885495572522,200001,True
046_GHL_id_15_Sensor_tr_50000_1st_156462.csv,GHL,MCD,1,driver_pointwise,0,0,False,False,0,0.00619496902515,200001,True
047_GHL_id_16_Sensor_tr_50000_1st_77001.csv,GHL,MCD,1,driver_pointwise,0,0,False,False,0,0.0136399318003,200001,True
048_GHL_id_17_Sensor_tr_50000_1st_154001.csv,GHL,MCD,1,driver_pointwise,0,0,False,False,0,0.0179149104254,200001,True
050_GHL_id_19_Sensor_tr_43750_1st_55001.csv,GHL,MCD,1,driver_pointwise,0,0,False,False,0,0.00645139170633,175001,True
051_GHL_id_20_Sensor_tr_50000_1st_75110.csv,GHL,MCD,1,driver_pointwise,0,0,False,False,0,0.00595497022515,200001,True
052_GHL_id_21_Sensor_tr_50000_1st_98001.csv,GHL,MCD,1,driver_pointwise,0,0,False,False,0,0.00485497572512,200001,True
053_GHL_id_22_Sensor_tr_50000_1st_126448.csv,GHL,MCD,1,driver_pointwise,0,0,False,False,0,0.0324598377008,200001,True
054_GHL_id_23_Sensor_tr_50000_1st_135001.csv,GHL,MCD,1,driver_pointwise,0,0,False,False,0,0.0186699066505,200001,True
055_GHL_id_24_Sensor_tr_50000_1st_118124.csv,GHL,MCD,1,driver_pointwise,0,0,False,False,0,0.00504497477513,200001,True
056_GHL_id_25_Sensor_tr_50000_1st_105568.csv,GHL,MCD,1,driver_pointwise,0,0,False,False,0,0.0157199214004,200001,True
057_SMD_id_1_Facility_tr_4529_1st_4629.csv,SMD,MCD,1,driver_pointwise,0,0,False,False,0,0.0228749894488,23694,True
058_SMD_id_2_Facility_tr_1087_1st_1187.csv,SMD,MCD,1,driver_pointwise,0,0,False,,0,0.0415651326325,28726,True
059_SMD_id_3_Facility_tr_757_1st_857.csv,SMD,MCD,1,driver_pointwise,0,0,False,False,0,0.0113554814471,23689,True
060_SMD_id_4_Facility_tr_7176_1st_10609.csv,SMD,MCD,1,driver_pointwise,0,0,False,False,0,0.0151193171921,28705,True
061_SMD_id_5_Facility_tr_7176_1st_15144.csv,SMD,MCD,1,driver_pointwise,0,0,False,False,0,0.0477633779264,28704,True
063_SMD_id_7_Facility_tr_5923_1st_6506.csv,SMD,MCD,1,driver_pointwise,0,0,False,,0,0.0493795897696,23694,True
064_SMD_id_8_Facility_tr_2272_1st_2372.csv,SMD,MCD,1,driver_pointwise,0,0,False,False,0,0.0368815733623,21203,True
065_SMD_id_9_Facility_tr_737_1st_837.csv,SMD,MCD,1,driver_pointwise,0,0,False,False,0,0.101194243997,23697,True
066_SMD_id_10_Facility_tr_2634_1st_2734.csv,SMD,MCD,1,driver_pointwise,0,0,False,False,0,0.0412462532191,23687,True
067_SMD_id_11_Facility_tr_1980_1st_2080.csv,SMD,MCD,1,driver_pointwise,0,0,False,False,0,0.0477029467471,22703,True
068_SMD_id_12_Facility_tr_1099_1st_1199.csv,SMD,MCD,1,driver_pointwise,0,0,False,False,0,0.0105527113154,28713,True
069_SMD_id_13_Facility_tr_5925_1st_12760.csv,SMD,MCD,1,driver_pointwise,0,0,False,,0,0.119535864979,23700,True
070_SMD_id_14_Facility_tr_1070_1st_1170.csv,SMD,MCD,1,driver_pointwise,0,0,False,,0,0.0147514177365,28743,True
071_SMD_id_15_Facility_tr_1109_1st_1209.csv,SMD,MCD,1,driver_pointwise,0,0,False,False,0,0.0107317073171,28700,True
073_SMD_id_17_Facility_tr_5926_1st_10620.csv,SMD,MCD,1,driver_pointwise,0,0,False,,0,0.00421834134818,23706,True
074_SMD_id_18_Facility_tr_7174_1st_21230.csv,SMD,MCD,1,driver_pointwise,0,0,False,False,0,0.00689991636465,28696,True
075_SMD_id_19_Facility_tr_564_1st_664.csv,SMD,MCD,1,driver_pointwise,0,0,False,False,0,0.0175979068197,23696,True
076_SMD_id_20_Facility_tr_5925_1st_17580.csv,SMD,MCD,1,driver_pointwise,0,0,False,False,0,0.00679238914905,23703,True
077_SMD_id_21_Facility_tr_3026_1st_3126.csv,SMD,MCD,1,driver_pointwise,0,0,False,False,0,0.0324421181685,21207,True
078_SMD_id_22_Facility_tr_500_1st_326.csv,SMD,MCD,1,driver_pointwise,0,0,False,False,0,0.0441902671675,23693,True
079_LTDB_id_1_Medical_tr_3618_1st_3718.csv,LTDB,MCD,1,driver_pointwise,0,0,False,,0,0.14781,100000,True
080_LTDB_id_2_Medical_tr_500_1st_266.csv,LTDB,MCD,1,driver_pointwise,0,0,False,False,0,0.14857,100000,True
081_LTDB_id_3_Medical_tr_500_1st_26.csv,LTDB,MCD,1,driver_pointwise,0,0,False,,0,0.31565,100000,True
083_LTDB_id_5_Medical_tr_15502_1st_15602.csv,LTDB,MCD,1,driver_pointwise,0,0,False,,0,0.00505,100000,True
084_SVDB_id_1_Medical_tr_12973_1st_13073.csv,SVDB,MCD,1,driver_pointwise,0,0,False,,0,0.0153515625,230400,True
085_SVDB_id_2_Medical_tr_50000_1st_54982.csv,SVDB,MCD,1,driver_pointwise,0,0,False,,0,0.0372309027778,230400,True
086_SVDB_id_3_Medical_tr_533_1st_633.csv,SVDB,MCD,1,driver_pointwise,0,0,False,,0,0.0699696180556,230400,True
087_SVDB_id_4_Medical_tr_5421_1st_5521.csv,SVDB,MCD,1,driver_pointwise,0,0,False,,0,0.0555946180556,230400,True
088_SVDB_id_5_Medical_tr_500_1st_168.csv,SVDB,MCD,1,driver_pointwise,0,0,False,,0,0.0992100694444,230400,True
089_SVDB_id_6_Medical_tr_50000_1st_83083.csv,SVDB,MCD,1,driver_pointwise,0,0,False,,0,0.0134895833333,230400,True
091_SVDB_id_8_Medical_tr_500_1st_126.csv,SVDB,MCD,1,driver_pointwise,0,0,False,,0,0.0773524305556,230400,True
092_SVDB_id_9_Medical_tr_2674_1st_2774.csv,SVDB,MCD,1,driver_pointwise,0,0,False,,0,0.0525260416667,230400,True
093_SVDB_id_10_Medical_tr_500_1st_37.csv,SVDB,MCD,1,driver_pointwise,0,0,False,,0,0.0785894097222,230400,True
094_SVDB_id_11_Medical_tr_20100_1st_23611.csv,SVDB,MCD,1,driver_pointwise,0,0,False,,0,0.0117537313433,80400,True
095_SVDB_id_12_Medical_tr_6264_1st_6364.csv,SVDB,MCD,1,driver_pointwise,0,0,False,,0,0.0323958333333,230400,True
096_SVDB_id_13_Medical_tr_500_1st_444.csv,SVDB,MCD,1,driver_pointwise,0,0,False,,0,0.0335633680556,230400,True
097_SVDB_id_14_Medical_tr_1031_1st_1131.csv,SVDB,MCD,1,driver_pointwise,0,0,False,,0,0.120611979167,230400,True
098_SVDB_id_15_Medical_tr_500_1st_303.csv,SVDB,MCD,1,driver_pointwise,0,0,False,,0,0.0633637152778,230400,True
099_SVDB_id_16_Medical_tr_1115_1st_1215.csv,SVDB,MCD,1,driver_pointwise,0,0,False,,0,0.0711328125,230400,True
100_SVDB_id_17_Medical_tr_17803_1st_17903.csv,SVDB,MCD,1,driver_pointwise,0,0,False,,0,0.030222392638,130400,True
101_SVDB_id_18_Medical_tr_1851_1st_1951.csv,SVDB,MCD,1,driver_pointwise,0,0,False,,0,0.0698871527778,230400,True
102_SVDB_id_19_Medical_tr_50000_1st_107354.csv,SVDB,MCD,1,driver_pointwise,0,0,False,,0,0.0580555555556,230400,True
103_SVDB_id_20_Medical_tr_12167_1st_12267.csv,SVDB,MCD,1,driver_pointwise,0,0,False,,0,0.0266970486111,230400,True
104_SVDB_id_21_Medical_tr_50000_1st_106634.csv,SVDB,MCD,1,driver_pointwise,0,0,False,,0,0.0152039930556,230400,True
105_SVDB_id_22_Medical_tr_500_1st_417.csv,SVDB,MCD,1,driver_pointwise,0,0,False,,0,0.0855133333333,150000,True
106_SVDB_id_23_Medical_tr_37500_1st_121963.csv,SVDB,MCD,1,driver_pointwise,0,0,False,,0,0.00450666666667,150000,True
108_SVDB_id_25_Medical_tr_1238_1st_1338.csv,SVDB,MCD,1,driver_pointwise,0,0,False,,0,0.0305902777778,230400,True
109_SVDB_id_26_Medical_tr_1038_1st_1138.csv,SVDB,MCD,1,driver_pointwise,0,0,False,,0,0.0903645833333,230400,True
110_SVDB_id_27_Medical_tr_30824_1st_30924.csv,SVDB,MCD,1,driver_pointwise,0,0,False,,0,0.0340581597222,230400,True
111_SVDB_id_28_Medical_tr_1791_1st_1891.csv,SVDB,MCD,1,driver_pointwise,0,0,False,,0,0.0953993055556,230400,True
112_SVDB_id_29_Medical_tr_8226_1st_8326.csv,SVDB,MCD,1,driver_pointwise,0,0,False,,0,0.0111067708333,230400,True
114_SVDB_id_31_Medical_tr_25000_1st_63090.csv,SVDB,MCD,1,driver_pointwise,0,0,False,,0,0.00497,100000,True
115_PSM_id_1_Facility_tr_50000_1st_129872.csv,PSM,MCD,1,driver_pointwise,0,0,False,,0,0.112032680219,217624,True
116_TAO_id_1_Environment_tr_500_1st_3.csv,TAO,MCD,1,driver_pointwise,0,0,False,False,0,0.0492,10000,True
117_TAO_id_2_Environment_tr_500_1st_1.csv,TAO,MCD,1,driver_pointwise,0,0,False,,0,0.1395,10000,True
118_TAO_id_3_Environment_tr_500_1st_7.csv,TAO,MCD,1,driver_pointwise,0,0,False,False,0,0.0488,10000,True
119_TAO_id_4_Environment_tr_500_1st_1.csv,TAO,MCD,1,driver_pointwise,0,0,False,False,0,0.0945,10000,True
121_TAO_id_6_Environment_tr_500_1st_7.csv,TAO,MCD,1,driver_pointwise,0,0,False,,0,0.1409,10000,True
122_TAO_id_7_Environment_tr_500_1st_19.csv,TAO,MCD,1,driver_pointwise,0,0,False,False,0,0.0948,10000,True
123_TAO_id_8_Environment_tr_500_1st_62.csv,TAO,MCD,1,driver_pointwise,0,0,False,False,0,0.0487,10000,True
124_TAO_id_9_Environment_tr_500_1st_1.csv,TAO,MCD,1,driver_pointwise,0,0,False,False,0,0.0483,10000,True
125_TAO_id_10_Environment_tr_500_1st_9.csv,TAO,MCD,1,driver_pointwise,0,0,False,False,0,0.0943,10000,True
127_TAO_id_12_Environment_tr_500_1st_24.csv,TAO,MCD,1,driver_pointwise,0,0,False,False,0,0.0485,10000,True
128_TAO_id_13_Environment_tr_500_1st_7.csv,TAO,MCD,1,driver_pointwise,0,0,False,,0,0.1409,10000,True
129_OPPORTUNITY_id_1_HumanActivity_tr_1801_1st_1901.csv,OPPORTUNITY,MCD,1,driver_pointwise,0,0,False,False,0,0.0291985582959,24693,True
130_OPPORTUNITY_id_2_HumanActivity_tr_1045_1st_1145.csv,OPPORTUNITY,MCD,1,driver_pointwise,0,0,False,False,0,0.0908562572646,5162,True
132_OPPORTUNITY_id_4_HumanActivity_tr_895_1st_995.csv,OPPORTUNITY,MCD,1,driver_pointwise,0,0,False,False,0,0.0469805856484,9323,True
133_OPPORTUNITY_id_5_HumanActivity_tr_1745_1st_6500.csv,OPPORTUNITY,MCD,1,driver_pointwise,0,0,False,False,0,0.0687679083095,6980,True
134_OPPORTUNITY_id_6_HumanActivity_tr_1477_1st_1577.csv,OPPORTUNITY,MCD,1,driver_pointwise,0,0,False,False,0,0.0214956100515,16515,True
135_OPPORTUNITY_id_7_HumanActivity_tr_2085_1st_2185.csv,OPPORTUNITY,MCD,1,driver_pointwise,0,0,False,False,0,0.0376854325993,21706,True
136_OPPORTUNITY_id_8_HumanActivity_tr_1495_1st_1595.csv,OPPORTUNITY,MCD,1,driver_pointwise,0,0,False,False,0,0.0231747562016,26969,True
137_CreditCard_id_1_Finance_tr_500_1st_541.csv,CreditCard,MCD,1,driver_pointwise,0,0,False,False,0,0.00172748563062,284807,True
138_CATSv2_id_1_Sensor_tr_16568_1st_16668.csv,CATSv2,MCD,1,driver_pointwise,0,0,False,False,0,0.02,100000,True
139_CATSv2_id_2_Sensor_tr_5592_1st_5692.csv,CATSv2,MCD,1,driver_pointwise,0,0,False,False,0,0.0338461538462,195000,True
141_CATSv2_id_4_Sensor_tr_41727_1st_41827.csv,CATSv2,MCD,1,driver_pointwise,0,0,False,False,0,0.0302564102564,195000,True
142_CATSv2_id_5_Sensor_tr_30704_1st_30804.csv,CATSv2,MCD,1,driver_pointwise,0,0,False,False,0,0.0488571428571,350000,True
143_CATSv2_id_6_Sensor_tr_50000_1st_60232.csv,CATSv2,MCD,1,driver_pointwise,0,0,False,False,0,0.02,200000,True
144_SMAP_id_1_Sensor_tr_2052_1st_5300.csv,SMAP,MCD,1,driver_pointwise,0,0,False,,0,0.136557436959,8209,True
145_SMAP_id_2_Sensor_tr_2133_1st_5400.csv,SMAP,MCD,1,driver_pointwise,0,0,False,,0,0.0730192217534,8532,True
146_SMAP_id_3_Sensor_tr_2128_1st_5000.csv,SMAP,MCD,1,driver_pointwise,0,0,False,,0,0.0346488137186,8514,True
147_SMAP_id_4_Sensor_tr_2160_1st_6449.csv,SMAP,MCD,1,driver_pointwise,0,0,False,,0,0.0140046296296,8640,True
148_SMAP_id_5_Sensor_tr_2011_1st_5060.csv,SMAP,MCD,1,driver_pointwise,0,0,False,False,0,0.00882645450025,8044,True
150_SMAP_id_7_Sensor_tr_2077_1st_5394.csv,SMAP,MCD,1,driver_pointwise,0,0,False,,0,0.0338146811071,8310,True
151_SMAP_id_8_Sensor_tr_1971_1st_4870.csv,SMAP,MCD,1,driver_pointwise,0,0,False,,0,0.0102739726027,7884,True
152_SMAP_id_9_Sensor_tr_2073_1st_5600.csv,SMAP,MCD,1,driver_pointwise,0,0,False,,0,0.0387026766337,8294,True
153_SMAP_id_10_Sensor_tr_1840_1st_4030.csv,SMAP,MCD,1,driver_pointwise,0,0,False,,0,0.00556989539465,7361,True
154_SMAP_id_11_Sensor_tr_2117_1st_4770.csv,SMAP,MCD,1,driver_pointwise,0,0,False,False,0,0.0142874011099,8469,True
155_SMAP_id_12_Sensor_tr_1907_1st_4800.csv,SMAP,MCD,1,driver_pointwise,0,0,False,,0,0.00668589407446,7628,True
156_SMAP_id_13_Sensor_tr_1173_1st_2750.csv,SMAP,MCD,1,driver_pointwise,0,0,False,False,0,0.0108672490944,4693,True
157_SMAP_id_14_Sensor_tr_2126_1st_5000.csv,SMAP,MCD,1,driver_pointwise,0,0,False,,0,0.0378600823045,8505,True
158_SMAP_id_15_Sensor_tr_2075_1st_5610.csv,SMAP,MCD,1,driver_pointwise,0,0,False,,0,0.00795180722892,8300,True
159_SMAP_id_16_Sensor_tr_1757_1st_2650.csv,SMAP,MCD,1,driver_pointwise,0,0,False,,0,0.0381277564376,7029,True
160_SMAP_id_17_Sensor_tr_1832_1st_5300.csv,SMAP,MCD,1,driver_pointwise,0,0,False,,0,0.0611103532942,7331,True
161_SMAP_id_18_Sensor_tr_2075_1st_5550.csv,SMAP,MCD,1,driver_pointwise,0,0,False,,0,0.0422789689232,8302,True
162_SMAP_id_19_Sensor_tr_1908_1st_4690.csv,SMAP,MCD,1,driver_pointwise,0,0,False,,0,0.00406184486373,7632,True
163_SMAP_id_20_Sensor_tr_2051_1st_4575.csv,SMAP,MCD,1,driver_pointwise,0,0,False,,0,0.0226691042048,8205,True
165_SMAP_id_22_Sensor_tr_2129_1st_5000.csv,SMAP,MCD,1,driver_pointwise,0,0,False,,0,0.059652418976,8516,True
166_SMAP_id_23_Sensor_tr_1113_1st_1890.csv,SMAP,MCD,1,driver_pointwise,0,0,False,False,0,0.00920727599371,4453,True
167_SMAP_id_24_Sensor_tr_2094_1st_5600.csv,SMAP,MCD,1,driver_pointwise,0,0,False,False,0,0.00489493791786,8376,True
168_SMAP_id_25_Sensor_tr_1998_1st_2098.csv,SMAP,MCD,1,driver_pointwise,0,0,False,,0,0.0214477211796,8579,True
169_SMAP_id_26_Sensor_tr_1811_1st_4510.csv,SMAP,MCD,1,driver_pointwise,0,0,False,,0,0.011181667587,7244,True
170_SMAP_id_27_Sensor_tr_2160_1st_4690.csv,SMAP,MCD,1,driver_pointwise,0,0,False,,0,0.00983796296296,8640,True
171_SWaT_id_1_Sensor_tr_3749_1st_9522.csv,SWaT,MCD,1,driver_pointwise,0,0,False,False,0,0.132435316084,14996,True
172_SWaT_id_2_Sensor_tr_23700_1st_23800.csv,SWaT,MCD,1,driver_pointwise,0,0,False,False,0,0.125320377376,399919,True
173_GECCO_id_1_Sensor_tr_16165_1st_16265.csv,GECCO,MCD,1,driver_pointwise,0,0,False,False,0,0.0124602045899,138521,True
174_Exathlon_id_1_Facility_tr_10766_1st_12590.csv,Exathlon,MCD,1,driver_pointwise,0,0,False,,0,0.126248084336,43066,True
175_Exathlon_id_2_Facility_tr_10684_1st_10784.csv,Exathlon,MCD,1,driver_pointwise,0,0,False,,0,0.0811685528121,46656,True
176_Exathlon_id_3_Facility_tr_10766_1st_12590.csv,Exathlon,MCD,1,driver_pointwise,0,0,False,,0,0.126248084336,43066,True
177_Exathlon_id_4_Facility_tr_11665_1st_13484.csv,Exathlon,MCD,1,driver_pointwise,0,0,False,,0,0.0627518216888,46660,True
179_Exathlon_id_6_Facility_tr_11665_1st_13484.csv,Exathlon,MCD,1,driver_pointwise,0,0,False,False,0,0.0627518216888,46660,True
180_Exathlon_id_7_Facility_tr_10766_1st_12590.csv,Exathlon,MCD,1,driver_pointwise,0,0,False,,0,0.126248084336,43066,True
181_Exathlon_id_8_Facility_tr_11663_1st_13482.csv,Exathlon,MCD,1,driver_pointwise,0,0,False,,0,0.0631872253778,46655,True
182_Exathlon_id_9_Facility_tr_10766_1st_12590.csv,Exathlon,MCD,1,driver_pointwise,0,0,False,,0,0.126248084336,43066,True
183_Exathlon_id_10_Facility_tr_11665_1st_13484.csv,Exathlon,MCD,1,driver_pointwise,0,0,False,,0,0.0627518216888,46660,True
184_Exathlon_id_11_Facility_tr_11665_1st_13484.csv,Exathlon,MCD,1,driver_pointwise,0,0,False,,0,0.0627518216888,46660,True
185_Exathlon_id_12_Facility_tr_11665_1st_13484.csv,Exathlon,MCD,1,driver_pointwise,0,0,False,,0,0.0627518216888,46660,True
186_Exathlon_id_13_Facility_tr_10766_1st_12590.csv,Exathlon,MCD,1,driver_pointwise,0,0,False,,0,0.126248084336,43066,True
187_Exathlon_id_14_Facility_tr_6193_1st_6293.csv,Exathlon,MCD,1,driver_pointwise,0,0,False,,0,0.124667809687,46660,True
188_Exathlon_id_15_Facility_tr_12538_1st_12638.csv,Exathlon,MCD,1,driver_pointwise,0,0,False,False,0,0.124654597243,129197,True
189_Exathlon_id_16_Facility_tr_11663_1st_13482.csv,Exathlon,MCD,1,driver_pointwise,0,0,False,,0,0.0631872253778,46655,True
190_Exathlon_id_17_Facility_tr_12538_1st_12638.csv,Exathlon,MCD,1,driver_pointwise,0,0,False,False,0,0.124654597243,129197,True
191_Exathlon_id_18_Facility_tr_11665_1st_13484.csv,Exathlon,MCD,1,driver_pointwise,0,0,False,,0,0.0627518216888,46660,True
192_Exathlon_id_19_Facility_tr_11665_1st_13484.csv,Exathlon,MCD,1,driver_pointwise,0,0,False,,0,0.0627518216888,46660,True
193_Exathlon_id_20_Facility_tr_8898_1st_8998.csv,Exathlon,MCD,1,driver_pointwise,0,0,False,,0,0.0834083601286,46650,True
194_Exathlon_id_21_Facility_tr_6985_1st_7085.csv,Exathlon,MCD,1,driver_pointwise,0,0,False,,0,0.104096550837,46649,True
196_Exathlon_id_23_Facility_tr_11665_1st_13484.csv,Exathlon,MCD,1,driver_pointwise,0,0,False,,0,0.0627518216888,46660,True
197_Exathlon_id_24_Facility_tr_10766_1st_12590.csv,Exathlon,MCD,1,driver_pointwise,0,0,False,,0,0.126248084336,43066,True
198_Exathlon_id_25_Facility_tr_12538_1st_12638.csv,Exathlon,MCD,1,driver_pointwise,0,0,False,False,0,0.124654597243,129197,True
199_Exathlon_id_26_Facility_tr_12538_1st_12638.csv,Exathlon,MCD,1,driver_pointwise,0,0,False,False,0,0.124654597243,129197,True
200_Exathlon_id_27_Facility_tr_10766_1st_12590.csv,Exathlon,MCD,1,driver_pointwise,0,0,False,,0,0.126248084336,43066,True
001_Genesis_id_1_Sensor_tr_4055_1st_15538.csv,Genesis,OCSVM,1,driver_pointwise,0,0,False,,0,0.00308261405672,16220,True
002_MSL_id_1_Sensor_tr_500_1st_900.csv,MSL,OCSVM,1,driver_pointwise,0,0,False,,0,0.00602079912425,1827,True
003_MSL_id_2_Sensor_tr_883_1st_1238.csv,MSL,OCSVM,1,driver_pointwise,0,0,False,,0,0.0644978783593,3535,True
005_MSL_id_4_Sensor_tr_855_1st_2700.csv,MSL,OCSVM,1,driver_pointwise,0,0,False,,0,0.020748100526,3422,True
006_MSL_id_5_Sensor_tr_1150_1st_1250.csv,MSL,OCSVM,1,driver_pointwise,0,0,False,,0,0.083696082311,5054,True
007_MSL_id_6_Sensor_tr_980_1st_3550.csv,MSL,OCSVM,1,driver_pointwise,0,0,False,,0,0.0385007649159,3922,True
008_MSL_id_7_Sensor_tr_656_1st_1630.csv,MSL,OCSVM,1,driver_pointwise,0,0,False,,0,0.0845714285714,2625,True
009_MSL_id_8_Sensor_tr_714_1st_1390.csv,MSL,OCSVM,1,driver_pointwise,0,0,False,False,0,0.00735294117647,2856,True
010_MSL_id_9_Sensor_tr_554_1st_1172.csv,MSL,OCSVM,1,driver_pointwise,0,0,False,,0,0.0311231393775,2217,True
012_MSL_id_11_Sensor_tr_539_1st_940.csv,MSL,OCSVM,1,driver_pointwise,0,0,False,,0,0.0468460111317,2156,True
013_MSL_id_12_Sensor_tr_554_1st_1200.csv,MSL,OCSVM,1,driver_pointwise,0,0,False,,0,0.0117222723174,2218,True
014_MSL_id_13_Sensor_tr_1525_1st_4575.csv,MSL,OCSVM,1,driver_pointwise,0,0,False,,0,0.0296721311475,6100,True
015_MSL_id_14_Sensor_tr_575_1st_1250.csv,MSL,OCSVM,1,driver_pointwise,0,0,False,,0,0.130699088146,2303,True
016_MSL_id_15_Sensor_tr_500_1st_780.csv,MSL,OCSVM,1,driver_pointwise,0,0,False,,0,0.102189781022,1096,True
017_MSL_id_16_Sensor_tr_512_1st_1850.csv,MSL,OCSVM,1,driver_pointwise,0,0,False,,0,0.0883357735481,2049,True
018_Daphnet_id_1_HumanActivity_tr_9693_1st_20732.csv,Daphnet,OCSVM,1,driver_pointwise,0,0,False,False,0,0.0594728426265,38774,True
019_MITDB_id_1_Medical_tr_37500_1st_103211.csv,MITDB,OCSVM,1,driver_pointwise,0,0,False,,0,0.124066666667,150000,True
020_MITDB_id_2_Medical_tr_50000_1st_52315.csv,MITDB,OCSVM,1,driver_pointwise,0,0,False,,0,0.00161076923077,650000,True
021_MITDB_id_3_Medical_tr_50000_1st_57595.csv,MITDB,OCSVM,1,driver_pointwise,0,0,False,,0,0.01762,500000,True
022_MITDB_id_4_Medical_tr_50000_1st_54253.csv,MITDB,OCSVM,1,driver_pointwise,0,0,False,,0,0.04431,300000,True
024_MITDB_id_6_Medical_tr_50000_1st_58118.csv,MITDB,OCSVM,1,driver_pointwise,0,0,False,,0,0.001765,200000,True
025_MITDB_id_7_Medical_tr_37500_1st_88864.csv,MITDB,OCSVM,1,driver_pointwise,0,0,False,,0,0.02464,150000,True
026_MITDB_id_8_Medical_tr_30495_1st_30595.csv,MITDB,OCSVM,1,driver_pointwise,0,0,False,,0,0.0655825,400000,True
027_MITDB_id_9_Medical_tr_25000_1st_52255.csv,MITDB,OCSVM,1,driver_pointwise,0,0,False,,0,0.00433,100000,True
029_MITDB_id_11_Medical_tr_50000_1st_518037.csv,MITDB,OCSVM,1,driver_pointwise,0,0,False,,0,0.00291666666667,600000,True
030_MITDB_id_12_Medical_tr_50000_1st_84572.csv,MITDB,OCSVM,1,driver_pointwise,0,0,False,,0,0.0431790322581,620000,True
031_MITDB_id_13_Medical_tr_50000_1st_79433.csv,MITDB,OCSVM,1,driver_pointwise,0,0,False,,0,0.0217933333333,450000,True
032_GHL_id_1_Sensor_tr_50000_1st_65001.csv,GHL,OCSVM,1,driver_pointwise,0,0,False,False,0,0.00924995375023,200001,True
033_GHL_id_2_Sensor_tr_50000_1st_51001.csv,GHL,OCSVM,1,driver_pointwise,0,0,False,False,0,0.00923495382523,200001,True
034_GHL_id_3_Sensor_tr_50000_1st_122001.csv,GHL,OCSVM,1,driver_pointwise,0,0,False,False,0,0.00959495202524,200001,True
035_GHL_id_4_Sensor_tr_50000_1st_90001.csv,GHL,OCSVM,1,driver_pointwise,0,0,False,False,0,0.0135649321753,200001,True
036_GHL_id_5_Sensor_tr_50000_1st_67147.csv,GHL,OCSVM,1,driver_pointwise,0,0,False,False,0,0.0114149429253,200001,True
037_GHL_id_6_Sensor_tr_50000_1st_80001.csv,GHL,OCSVM,1,driver_pointwise,0,0,False,False,0,0.00932995335023,200001,True
038_GHL_id_7_Sensor_tr_50000_1st_100001.csv,GHL,OCSVM,1,driver_pointwise,0,0,False,False,0,0.00847495762521,200001,True
039_GHL_id_8_Sensor_tr_50000_1st_63030.csv,GHL,OCSVM,1,driver_pointwise,0,0,False,False,0,0.00583997080015,200001,True
041_GHL_id_10_Sensor_tr_50000_1st_57001.csv,GHL,OCSVM,1,driver_pointwise,0,0,False,False,0,0.00927495362523,200001,True
042_GHL_id_11_Sensor_tr_50000_1st_150001.csv,GHL,OCSVM,1,driver_pointwise,0,0,False,False,0,0.00772996135019,200001,True
043_GHL_id_12_Sensor_tr_39938_1st_40038.csv,GHL,OCSVM,1,driver_pointwise,0,0,False,False,0,0.00525497372513,200001,True
044_GHL_id_13_Sensor_tr_50000_1st_145001.csv,GHL,OCSVM,1,driver_pointwise,0,0,False,False,0,0.00924495377523,200001,True
045_GHL_id_14_Sensor_tr_50000_1st_85076.csv,GHL,OCSVM,1,driver_pointwise,0,0,False,False,0,0.00885495572522,200001,True
046_GHL_id_15_Sensor_tr_50000_1st_156462.csv,GHL,OCSVM,1,driver_pointwise,0,0,False,False,0,0.00619496902515,200001,True
047_GHL_id_16_Sensor_tr_50000_1st_77001.csv,GHL,OCSVM,1,driver_pointwise,0,0,False,False,0,0.0136399318003,200001,True
048_GHL_id_17_Sensor_tr_50000_1st_154001.csv,GHL,OCSVM,1,driver_pointwise,0,0,False,False,0,0.0179149104254,200001,True
050_GHL_id_19_Sensor_tr_43750_1st_55001.csv,GHL,OCSVM,1,driver_pointwise,0,0,False,False,0,0.00645139170633,175001,True
051_GHL_id_20_Sensor_tr_50000_1st_75110.csv,GHL,OCSVM,1,driver_pointwise,0,0,False,False,0,0.00595497022515,200001,True
052_GHL_id_21_Sensor_tr_50000_1st_98001.csv,GHL,OCSVM,1,driver_pointwise,0,0,False,False,0,0.00485497572512,200001,True
053_GHL_id_22_Sensor_tr_50000_1st_126448.csv,GHL,OCSVM,1,driver_pointwise,0,0,False,False,0,0.0324598377008,200001,True
054_GHL_id_23_Sensor_tr_50000_1st_135001.csv,GHL,OCSVM,1,driver_pointwise,0,0,False,False,0,0.0186699066505,200001,True
055_GHL_id_24_Sensor_tr_50000_1st_118124.csv,GHL,OCSVM,1,driver_pointwise,0,0,False,False,0,0.00504497477513,200001,True
056_GHL_id_25_Sensor_tr_50000_1st_105568.csv,GHL,OCSVM,1,driver_pointwise,0,0,False,False,0,0.0157199214004,200001,True
057_SMD_id_1_Facility_tr_4529_1st_4629.csv,SMD,OCSVM,1,driver_pointwise,0,0,False,False,0,0.0228749894488,23694,True
058_SMD_id_2_Facility_tr_1087_1st_1187.csv,SMD,OCSVM,1,driver_pointwise,0,0,False,,0,0.0415651326325,28726,True
059_SMD_id_3_Facility_tr_757_1st_857.csv,SMD,OCSVM,1,driver_pointwise,0,0,False,False,0,0.0113554814471,23689,True
060_SMD_id_4_Facility_tr_7176_1st_10609.csv,SMD,OCSVM,1,driver_pointwise,0,0,False,False,0,0.0151193171921,28705,True
061_SMD_id_5_Facility_tr_7176_1st_15144.csv,SMD,OCSVM,1,driver_pointwise,0,0,False,False,0,0.0477633779264,28704,True
063_SMD_id_7_Facility_tr_5923_1st_6506.csv,SMD,OCSVM,1,driver_pointwise,0,0,False,,0,0.0493795897696,23694,True
064_SMD_id_8_Facility_tr_2272_1st_2372.csv,SMD,OCSVM,1,driver_pointwise,0,0,False,False,0,0.0368815733623,21203,True
065_SMD_id_9_Facility_tr_737_1st_837.csv,SMD,OCSVM,1,driver_pointwise,0,0,False,False,0,0.101194243997,23697,True
066_SMD_id_10_Facility_tr_2634_1st_2734.csv,SMD,OCSVM,1,driver_pointwise,0,0,False,False,0,0.0412462532191,23687,True
067_SMD_id_11_Facility_tr_1980_1st_2080.csv,SMD,OCSVM,1,driver_pointwise,0,0,False,False,0,0.0477029467471,22703,True
068_SMD_id_12_Facility_tr_1099_1st_1199.csv,SMD,OCSVM,1,driver_pointwise,0,0,False,False,0,0.0105527113154,28713,True
069_SMD_id_13_Facility_tr_5925_1st_12760.csv,SMD,OCSVM,1,driver_pointwise,0,0,False,,0,0.119535864979,23700,True
070_SMD_id_14_Facility_tr_1070_1st_1170.csv,SMD,OCSVM,1,driver_pointwise,0,0,False,,0,0.0147514177365,28743,True
071_SMD_id_15_Facility_tr_1109_1st_1209.csv,SMD,OCSVM,1,driver_pointwise,0,0,False,False,0,0.0107317073171,28700,True
073_SMD_id_17_Facility_tr_5926_1st_10620.csv,SMD,OCSVM,1,driver_pointwise,0,0,False,,0,0.00421834134818,23706,True
074_SMD_id_18_Facility_tr_7174_1st_21230.csv,SMD,OCSVM,1,driver_pointwise,0,0,False,False,0,0.00689991636465,28696,True
075_SMD_id_19_Facility_tr_564_1st_664.csv,SMD,OCSVM,1,driver_pointwise,0,0,False,False,0,0.0175979068197,23696,True
076_SMD_id_20_Facility_tr_5925_1st_17580.csv,SMD,OCSVM,1,driver_pointwise,0,0,False,False,0,0.00679238914905,23703,True
077_SMD_id_21_Facility_tr_3026_1st_3126.csv,SMD,OCSVM,1,driver_pointwise,0,0,False,False,0,0.0324421181685,21207,True
078_SMD_id_22_Facility_tr_500_1st_326.csv,SMD,OCSVM,1,driver_pointwise,0,0,False,False,0,0.0441902671675,23693,True
079_LTDB_id_1_Medical_tr_3618_1st_3718.csv,LTDB,OCSVM,1,driver_pointwise,0,0,False,,0,0.14781,100000,True
080_LTDB_id_2_Medical_tr_500_1st_266.csv,LTDB,OCSVM,1,driver_pointwise,0,0,False,False,0,0.14857,100000,True
081_LTDB_id_3_Medical_tr_500_1st_26.csv,LTDB,OCSVM,1,driver_pointwise,0,0,False,,0,0.31565,100000,True
083_LTDB_id_5_Medical_tr_15502_1st_15602.csv,LTDB,OCSVM,1,driver_pointwise,0,0,False,,0,0.00505,100000,True
084_SVDB_id_1_Medical_tr_12973_1st_13073.csv,SVDB,OCSVM,1,driver_pointwise,0,0,False,,0,0.0153515625,230400,True
085_SVDB_id_2_Medical_tr_50000_1st_54982.csv,SVDB,OCSVM,1,driver_pointwise,0,0,False,,0,0.0372309027778,230400,True
086_SVDB_id_3_Medical_tr_533_1st_633.csv,SVDB,OCSVM,1,driver_pointwise,0,0,False,,0,0.0699696180556,230400,True
087_SVDB_id_4_Medical_tr_5421_1st_5521.csv,SVDB,OCSVM,1,driver_pointwise,0,0,False,,0,0.0555946180556,230400,True
088_SVDB_id_5_Medical_tr_500_1st_168.csv,SVDB,OCSVM,1,driver_pointwise,0,0,False,,0,0.0992100694444,230400,True
089_SVDB_id_6_Medical_tr_50000_1st_83083.csv,SVDB,OCSVM,1,driver_pointwise,0,0,False,,0,0.0134895833333,230400,True
091_SVDB_id_8_Medical_tr_500_1st_126.csv,SVDB,OCSVM,1,driver_pointwise,0,0,False,,0,0.0773524305556,230400,True
092_SVDB_id_9_Medical_tr_2674_1st_2774.csv,SVDB,OCSVM,1,driver_pointwise,0,0,False,,0,0.0525260416667,230400,True
093_SVDB_id_10_Medical_tr_500_1st_37.csv,SVDB,OCSVM,1,driver_pointwise,0,0,False,,0,0.0785894097222,230400,True
094_SVDB_id_11_Medical_tr_20100_1st_23611.csv,SVDB,OCSVM,1,driver_pointwise,0,0,False,,0,0.0117537313433,80400,True
095_SVDB_id_12_Medical_tr_6264_1st_6364.csv,SVDB,OCSVM,1,driver_pointwise,0,0,False,,0,0.0323958333333,230400,True
096_SVDB_id_13_Medical_tr_500_1st_444.csv,SVDB,OCSVM,1,driver_pointwise,0,0,False,,0,0.0335633680556,230400,True
097_SVDB_id_14_Medical_tr_1031_1st_1131.csv,SVDB,OCSVM,1,driver_pointwise,0,0,False,,0,0.120611979167,230400,True
098_SVDB_id_15_Medical_tr_500_1st_303.csv,SVDB,OCSVM,1,driver_pointwise,0,0,False,,0,0.0633637152778,230400,True
099_SVDB_id_16_Medical_tr_1115_1st_1215.csv,SVDB,OCSVM,1,driver_pointwise,0,0,False,,0,0.0711328125,230400,True
100_SVDB_id_17_Medical_tr_17803_1st_17903.csv,SVDB,OCSVM,1,driver_pointwise,0,0,False,,0,0.030222392638,130400,True
101_SVDB_id_18_Medical_tr_1851_1st_1951.csv,SVDB,OCSVM,1,driver_pointwise,0,0,False,,0,0.0698871527778,230400,True
102_SVDB_id_19_Medical_tr_50000_1st_107354.csv,SVDB,OCSVM,1,driver_pointwise,0,0,False,,0,0.0580555555556,230400,True
103_SVDB_id_20_Medical_tr_12167_1st_12267.csv,SVDB,OCSVM,1,driver_pointwise,0,0,False,,0,0.0266970486111,230400,True
104_SVDB_id_21_Medical_tr_50000_1st_106634.csv,SVDB,OCSVM,1,driver_pointwise,0,0,False,,0,0.0152039930556,230400,True
105_SVDB_id_22_Medical_tr_500_1st_417.csv,SVDB,OCSVM,1,driver_pointwise,0,0,False,,0,0.0855133333333,150000,True
106_SVDB_id_23_Medical_tr_37500_1st_121963.csv,SVDB,OCSVM,1,driver_pointwise,0,0,False,,0,0.00450666666667,150000,True
108_SVDB_id_25_Medical_tr_1238_1st_1338.csv,SVDB,OCSVM,1,driver_pointwise,0,0,False,,0,0.0305902777778,230400,True
109_SVDB_id_26_Medical_tr_1038_1st_1138.csv,SVDB,OCSVM,1,driver_pointwise,0,0,False,,0,0.0903645833333,230400,True
110_SVDB_id_27_Medical_tr_30824_1st_30924.csv,SVDB,OCSVM,1,driver_pointwise,0,0,False,,0,0.0340581597222,230400,True
111_SVDB_id_28_Medical_tr_1791_1st_1891.csv,SVDB,OCSVM,1,driver_pointwise,0,0,False,,0,0.0953993055556,230400,True
112_SVDB_id_29_Medical_tr_8226_1st_8326.csv,SVDB,OCSVM,1,driver_pointwise,0,0,False,,0,0.0111067708333,230400,True
114_SVDB_id_31_Medical_tr_25000_1st_63090.csv,SVDB,OCSVM,1,driver_pointwise,0,0,False,,0,0.00497,100000,True
115_PSM_id_1_Facility_tr_50000_1st_129872.csv,PSM,OCSVM,1,driver_pointwise,0,0,False,,0,0.112032680219,217624,True
116_TAO_id_1_Environment_tr_500_1st_3.csv,TAO,OCSVM,1,driver_pointwise,0,0,False,False,0,0.0492,10000,True
117_TAO_id_2_Environment_tr_500_1st_1.csv,TAO,OCSVM,1,driver_pointwise,0,0,False,,0,0.1395,10000,True
118_TAO_id_3_Environment_tr_500_1st_7.csv,TAO,OCSVM,1,driver_pointwise,0,0,False,False,0,0.0488,10000,True
119_TAO_id_4_Environment_tr_500_1st_1.csv,TAO,OCSVM,1,driver_pointwise,0,0,False,False,0,0.0945,10000,True
121_TAO_id_6_Environment_tr_500_1st_7.csv,TAO,OCSVM,1,driver_pointwise,0,0,False,,0,0.1409,10000,True
122_TAO_id_7_Environment_tr_500_1st_19.csv,TAO,OCSVM,1,driver_pointwise,0,0,False,False,0,0.0948,10000,True
123_TAO_id_8_Environment_tr_500_1st_62.csv,TAO,OCSVM,1,driver_pointwise,0,0,False,False,0,0.0487,10000,True
124_TAO_id_9_Environment_tr_500_1st_1.csv,TAO,OCSVM,1,driver_pointwise,0,0,False,False,0,0.0483,10000,True
125_TAO_id_10_Environment_tr_500_1st_9.csv,TAO,OCSVM,1,driver_pointwise,0,0,False,False,0,0.0943,10000,True
127_TAO_id_12_Environment_tr_500_1st_24.csv,TAO,OCSVM,1,driver_pointwise,0,0,False,False,0,0.0485,10000,True
128_TAO_id_13_Environment_tr_500_1st_7.csv,TAO,OCSVM,1,driver_pointwise,0,0,False,,0,0.1409,10000,True
129_OPPORTUNITY_id_1_HumanActivity_tr_1801_1st_1901.csv,OPPORTUNITY,OCSVM,1,driver_pointwise,0,0,False,False,0,0.0291985582959,24693,True
130_OPPORTUNITY_id_2_HumanActivity_tr_1045_1st_1145.csv,OPPORTUNITY,OCSVM,1,driver_pointwise,0,0,False,False,0,0.0908562572646,5162,True
132_OPPORTUNITY_id_4_HumanActivity_tr_895_1st_995.csv,OPPORTUNITY,OCSVM,1,driver_pointwise,0,0,False,False,0,0.0469805856484,9323,True
133_OPPORTUNITY_id_5_HumanActivity_tr_1745_1st_6500.csv,OPPORTUNITY,OCSVM,1,driver_pointwise,0,0,False,False,0,0.0687679083095,6980,True
134_OPPORTUNITY_id_6_HumanActivity_tr_1477_1st_1577.csv,OPPORTUNITY,OCSVM,1,driver_pointwise,0,0,False,False,0,0.0214956100515,16515,True
135_OPPORTUNITY_id_7_HumanActivity_tr_2085_1st_2185.csv,OPPORTUNITY,OCSVM,1,driver_pointwise,0,0,False,False,0,0.0376854325993,21706,True
136_OPPORTUNITY_id_8_HumanActivity_tr_1495_1st_1595.csv,OPPORTUNITY,OCSVM,1,driver_pointwise,0,0,False,False,0,0.0231747562016,26969,True
137_CreditCard_id_1_Finance_tr_500_1st_541.csv,CreditCard,OCSVM,1,driver_pointwise,0,0,False,False,0,0.00172748563062,284807,True
138_CATSv2_id_1_Sensor_tr_16568_1st_16668.csv,CATSv2,OCSVM,1,driver_pointwise,0,0,False,False,0,0.02,100000,True
139_CATSv2_id_2_Sensor_tr_5592_1st_5692.csv,CATSv2,OCSVM,1,driver_pointwise,0,0,False,False,0,0.0338461538462,195000,True
141_CATSv2_id_4_Sensor_tr_41727_1st_41827.csv,CATSv2,OCSVM,1,driver_pointwise,0,0,False,False,0,0.0302564102564,195000,True
142_CATSv2_id_5_Sensor_tr_30704_1st_30804.csv,CATSv2,OCSVM,1,driver_pointwise,0,0,False,False,0,0.0488571428571,350000,True
143_CATSv2_id_6_Sensor_tr_50000_1st_60232.csv,CATSv2,OCSVM,1,driver_pointwise,0,0,False,False,0,0.02,200000,True
144_SMAP_id_1_Sensor_tr_2052_1st_5300.csv,SMAP,OCSVM,1,driver_pointwise,0,0,False,,0,0.136557436959,8209,True
145_SMAP_id_2_Sensor_tr_2133_1st_5400.csv,SMAP,OCSVM,1,driver_pointwise,0,0,False,,0,0.0730192217534,8532,True
146_SMAP_id_3_Sensor_tr_2128_1st_5000.csv,SMAP,OCSVM,1,driver_pointwise,0,0,False,,0,0.0346488137186,8514,True
147_SMAP_id_4_Sensor_tr_2160_1st_6449.csv,SMAP,OCSVM,1,driver_pointwise,0,0,False,,0,0.0140046296296,8640,True
148_SMAP_id_5_Sensor_tr_2011_1st_5060.csv,SMAP,OCSVM,1,driver_pointwise,0,0,False,False,0,0.00882645450025,8044,True
150_SMAP_id_7_Sensor_tr_2077_1st_5394.csv,SMAP,OCSVM,1,driver_pointwise,0,0,False,,0,0.0338146811071,8310,True
151_SMAP_id_8_Sensor_tr_1971_1st_4870.csv,SMAP,OCSVM,1,driver_pointwise,0,0,False,,0,0.0102739726027,7884,True
152_SMAP_id_9_Sensor_tr_2073_1st_5600.csv,SMAP,OCSVM,1,driver_pointwise,0,0,False,,0,0.0387026766337,8294,True
153_SMAP_id_10_Sensor_tr_1840_1st_4030.csv,SMAP,OCSVM,1,driver_pointwise,0,0,False,,0,0.00556989539465,7361,True
154_SMAP_id_11_Sensor_tr_2117_1st_4770.csv,SMAP,OCSVM,1,driver_pointwise,0,0,False,False,0,0.0142874011099,8469,True
155_SMAP_id_12_Sensor_tr_1907_1st_4800.csv,SMAP,OCSVM,1,driver_pointwise,0,0,False,,0,0.00668589407446,7628,True
156_SMAP_id_13_Sensor_tr_1173_1st_2750.csv,SMAP,OCSVM,1,driver_pointwise,0,0,False,False,0,0.0108672490944,4693,True
157_SMAP_id_14_Sensor_tr_2126_1st_5000.csv,SMAP,OCSVM,1,driver_pointwise,0,0,False,,0,0.0378600823045,8505,True
158_SMAP_id_15_Sensor_tr_2075_1st_5610.csv,SMAP,OCSVM,1,driver_pointwise,0,0,False,,0,0.00795180722892,8300,True
159_SMAP_id_16_Sensor_tr_1757_1st_2650.csv,SMAP,OCSVM,1,driver_pointwise,0,0,False,,0,0.0381277564376,7029,True
160_SMAP_id_17_Sensor_tr_1832_1st_5300.csv,SMAP,OCSVM,1,driver_pointwise,0,0,False,,0,0.0611103532942,7331,True
161_SMAP_id_18_Sensor_tr_2075_1st_5550.csv,SMAP,OCSVM,1,driver_pointwise,0,0,False,,0,0.0422789689232,8302,True
162_SMAP_id_19_Sensor_tr_1908_1st_4690.csv,SMAP,OCSVM,1,driver_pointwise,0,0,False,,0,0.00406184486373,7632,True
163_SMAP_id_20_Sensor_tr_2051_1st_4575.csv,SMAP,OCSVM,1,driver_pointwise,0,0,False,,0,0.0226691042048,8205,True
165_SMAP_id_22_Sensor_tr_2129_1st_5000.csv,SMAP,OCSVM,1,driver_pointwise,0,0,False,,0,0.059652418976,8516,True
166_SMAP_id_23_Sensor_tr_1113_1st_1890.csv,SMAP,OCSVM,1,driver_pointwise,0,0,False,False,0,0.00920727599371,4453,True
167_SMAP_id_24_Sensor_tr_2094_1st_5600.csv,SMAP,OCSVM,1,driver_pointwise,0,0,False,False,0,0.00489493791786,8376,True
168_SMAP_id_25_Sensor_tr_1998_1st_2098.csv,SMAP,OCSVM,1,driver_pointwise,0,0,False,,0,0.0214477211796,8579,True
169_SMAP_id_26_Sensor_tr_1811_1st_4510.csv,SMAP,OCSVM,1,driver_pointwise,0,0,False,,0,0.011181667587,7244,True
170_SMAP_id_27_Sensor_tr_2160_1st_4690.csv,SMAP,OCSVM,1,driver_pointwise,0,0,False,,0,0.00983796296296,8640,True
171_SWaT_id_1_Sensor_tr_3749_1st_9522.csv,SWaT,OCSVM,1,driver_pointwise,0,0,False,False,0,0.132435316084,14996,True
172_SWaT_id_2_Sensor_tr_23700_1st_23800.csv,SWaT,OCSVM,1,driver_pointwise,0,0,False,False,0,0.125320377376,399919,True
173_GECCO_id_1_Sensor_tr_16165_1st_16265.csv,GECCO,OCSVM,1,driver_pointwise,0,0,False,False,0,0.0124602045899,138521,True
174_Exathlon_id_1_Facility_tr_10766_1st_12590.csv,Exathlon,OCSVM,1,driver_pointwise,0,0,False,,0,0.126248084336,43066,True
175_Exathlon_id_2_Facility_tr_10684_1st_10784.csv,Exathlon,OCSVM,1,driver_pointwise,0,0,False,,0,0.0811685528121,46656,True
176_Exathlon_id_3_Facility_tr_10766_1st_12590.csv,Exathlon,OCSVM,1,driver_pointwise,0,0,False,,0,0.126248084336,43066,True
177_Exathlon_id_4_Facility_tr_11665_1st_13484.csv,Exathlon,OCSVM,1,driver_pointwise,0,0,False,,0,0.0627518216888,46660,True
179_Exathlon_id_6_Facility_tr_11665_1st_13484.csv,Exathlon,OCSVM,1,driver_pointwise,0,0,False,False,0,0.0627518216888,46660,True
180_Exathlon_id_7_Facility_tr_10766_1st_12590.csv,Exathlon,OCSVM,1,driver_pointwise,0,0,False,,0,0.126248084336,43066,True
181_Exathlon_id_8_Facility_tr_11663_1st_13482.csv,Exathlon,OCSVM,1,driver_pointwise,0,0,False,,0,0.0631872253778,46655,True
182_Exathlon_id_9_Facility_tr_10766_1st_12590.csv,Exathlon,OCSVM,1,driver_pointwise,0,0,False,,0,0.126248084336,43066,True
183_Exathlon_id_10_Facility_tr_11665_1st_13484.csv,Exathlon,OCSVM,1,driver_pointwise,0,0,False,,0,0.0627518216888,46660,True
184_Exathlon_id_11_Facility_tr_11665_1st_13484.csv,Exathlon,OCSVM,1,driver_pointwise,0,0,False,,0,0.0627518216888,46660,True
185_Exathlon_id_12_Facility_tr_11665_1st_13484.csv,Exathlon,OCSVM,1,driver_pointwise,0,0,False,,0,0.0627518216888,46660,True
186_Exathlon_id_13_Facility_tr_10766_1st_12590.csv,Exathlon,OCSVM,1,driver_pointwise,0,0,False,,0,0.126248084336,43066,True
187_Exathlon_id_14_Facility_tr_6193_1st_6293.csv,Exathlon,OCSVM,1,driver_pointwise,0,0,False,,0,0.124667809687,46660,True
188_Exathlon_id_15_Facility_tr_12538_1st_12638.csv,Exathlon,OCSVM,1,driver_pointwise,0,0,False,False,0,0.124654597243,129197,True
189_Exathlon_id_16_Facility_tr_11663_1st_13482.csv,Exathlon,OCSVM,1,driver_pointwise,0,0,False,,0,0.0631872253778,46655,True
190_Exathlon_id_17_Facility_tr_12538_1st_12638.csv,Exathlon,OCSVM,1,driver_pointwise,0,0,False,False,0,0.124654597243,129197,True
191_Exathlon_id_18_Facility_tr_11665_1st_13484.csv,Exathlon,OCSVM,1,driver_pointwise,0,0,False,,0,0.0627518216888,46660,True
192_Exathlon_id_19_Facility_tr_11665_1st_13484.csv,Exathlon,OCSVM,1,driver_pointwise,0,0,False,,0,0.0627518216888,46660,True
193_Exathlon_id_20_Facility_tr_8898_1st_8998.csv,Exathlon,OCSVM,1,driver_pointwise,0,0,False,,0,0.0834083601286,46650,True
194_Exathlon_id_21_Facility_tr_6985_1st_7085.csv,Exathlon,OCSVM,1,driver_pointwise,0,0,False,,0,0.104096550837,46649,True
196_Exathlon_id_23_Facility_tr_11665_1st_13484.csv,Exathlon,OCSVM,1,driver_pointwise,0,0,False,,0,0.0627518216888,46660,True
197_Exathlon_id_24_Facility_tr_10766_1st_12590.csv,Exathlon,OCSVM,1,driver_pointwise,0,0,False,,0,0.126248084336,43066,True
198_Exathlon_id_25_Facility_tr_12538_1st_12638.csv,Exathlon,OCSVM,1,driver_pointwise,0,0,False,False,0,0.124654597243,129197,True
199_Exathlon_id_26_Facility_tr_12538_1st_12638.csv,Exathlon,OCSVM,1,driver_pointwise,0,0,False,False,0,0.124654597243,129197,True
200_Exathlon_id_27_Facility_tr_10766_1st_12590.csv,Exathlon,OCSVM,1,driver_pointwise,0,0,False,,0,0.126248084336,43066,True
001_Genesis_id_1_Sensor_tr_4055_1st_15538.csv,Genesis,OmniAnomaly,100,candidate_TSB_pin_not_release_environment,99,0.00610357583231,False,,0.000833574578801,0.00308261405672,16220,True
002_MSL_id_1_Sensor_tr_500_1st_900.csv,MSL,OmniAnomaly,100,candidate_TSB_pin_not_release_environment,99,0.0541871921182,False,,-0.0527209079779,0.00602079912425,1827,True
003_MSL_id_2_Sensor_tr_883_1st_1238.csv,MSL,OmniAnomaly,100,candidate_TSB_pin_not_release_environment,99,0.0280056577086,False,,-0.0179042455597,0.0644978783593,3535,True
005_MSL_id_4_Sensor_tr_855_1st_2700.csv,MSL,OmniAnomaly,100,candidate_TSB_pin_not_release_environment,99,0.0289304500292,False,,0.0531368323746,0.020748100526,3422,True
006_MSL_id_5_Sensor_tr_1150_1st_1250.csv,MSL,OmniAnomaly,100,candidate_TSB_pin_not_release_environment,99,0.0195884447962,False,,0.00314890232203,0.083696082311,5054,True
007_MSL_id_6_Sensor_tr_980_1st_3550.csv,MSL,OmniAnomaly,100,candidate_TSB_pin_not_release_environment,99,0.0252422233554,False,,-0.0855536968625,0.0385007649159,3922,True
008_MSL_id_7_Sensor_tr_656_1st_1630.csv,MSL,OmniAnomaly,100,candidate_TSB_pin_not_release_environment,99,0.0377142857143,False,,0.704043697376,0.0845714285714,2625,True
009_MSL_id_8_Sensor_tr_714_1st_1390.csv,MSL,OmniAnomaly,100,candidate_TSB_pin_not_release_environment,99,0.0346638655462,False,False,0.000134172603772,0.00735294117647,2856,True
010_MSL_id_9_Sensor_tr_554_1st_1172.csv,MSL,OmniAnomaly,100,candidate_TSB_pin_not_release_environment,99,0.0446549391069,False,,0.00223388767625,0.0311231393775,2217,True
012_MSL_id_11_Sensor_tr_539_1st_940.csv,MSL,OmniAnomaly,100,candidate_TSB_pin_not_release_environment,99,0.0459183673469,False,,-0.261759881827,0.0468460111317,2156,True
013_MSL_id_12_Sensor_tr_554_1st_1200.csv,MSL,OmniAnomaly,100,candidate_TSB_pin_not_release_environment,99,0.0446348061317,False,,-0.02565511486,0.0117222723174,2218,True
014_MSL_id_13_Sensor_tr_1525_1st_4575.csv,MSL,OmniAnomaly,100,candidate_TSB_pin_not_release_environment,99,0.0162295081967,False,,0.029991730392,0.0296721311475,6100,True
015_MSL_id_14_Sensor_tr_575_1st_1250.csv,MSL,OmniAnomaly,100,candidate_TSB_pin_not_release_environment,99,0.042987407729,False,,0.0519444861166,0.130699088146,2303,True
016_MSL_id_15_Sensor_tr_500_1st_780.csv,MSL,OmniAnomaly,100,candidate_TSB_pin_not_release_environment,99,0.0903284671533,False,,-0.0513483482138,0.102189781022,1096,True
017_MSL_id_16_Sensor_tr_512_1st_1850.csv,MSL,OmniAnomaly,100,candidate_TSB_pin_not_release_environment,99,0.0483162518302,False,,0.295165705913,0.0883357735481,2049,True
018_Daphnet_id_1_HumanActivity_tr_9693_1st_20732.csv,Daphnet,OmniAnomaly,100,candidate_TSB_pin_not_release_environment,99,0.00255325733739,False,False,0.309487795641,0.0594728426265,38774,True
019_MITDB_id_1_Medical_tr_37500_1st_103211.csv,MITDB,OmniAnomaly,100,candidate_TSB_pin_not_release_environment,99,0.00066,False,,0.000519625158639,0.124066666667,150000,True
020_MITDB_id_2_Medical_tr_50000_1st_52315.csv,MITDB,OmniAnomaly,100,candidate_TSB_pin_not_release_environment,99,0.000152307692308,False,,-0.000242961014452,0.00161076923077,650000,True
021_MITDB_id_3_Medical_tr_50000_1st_57595.csv,MITDB,OmniAnomaly,100,candidate_TSB_pin_not_release_environment,99,0.000198,False,,0.000709071691051,0.01762,500000,True
022_MITDB_id_4_Medical_tr_50000_1st_54253.csv,MITDB,OmniAnomaly,100,candidate_TSB_pin_not_release_environment,99,0.00033,False,,0.0198150030708,0.04431,300000,True
024_MITDB_id_6_Medical_tr_50000_1st_58118.csv,MITDB,OmniAnomaly,100,candidate_TSB_pin_not_release_environment,99,0.000495,False,,-0.00131349216248,0.001765,200000,True
025_MITDB_id_7_Medical_tr_37500_1st_88864.csv,MITDB,OmniAnomaly,100,candidate_TSB_pin_not_release_environment,99,0.00066,False,,-0.243703350163,0.02464,150000,True
026_MITDB_id_8_Medical_tr_30495_1st_30595.csv,MITDB,OmniAnomaly,100,candidate_TSB_pin_not_release_environment,99,0.0002475,False,,0.0133549526047,0.0655825,400000,True
027_MITDB_id_9_Medical_tr_25000_1st_52255.csv,MITDB,OmniAnomaly,100,candidate_TSB_pin_not_release_environment,99,0.00099,False,,0.00117311267358,0.00433,100000,True
029_MITDB_id_11_Medical_tr_50000_1st_518037.csv,MITDB,OmniAnomaly,100,candidate_TSB_pin_not_release_environment,99,0.000165,False,,-0.0949840455373,0.00291666666667,600000,True
030_MITDB_id_12_Medical_tr_50000_1st_84572.csv,MITDB,OmniAnomaly,100,candidate_TSB_pin_not_release_environment,99,0.000159677419355,False,,0.00824577446446,0.0431790322581,620000,True
031_MITDB_id_13_Medical_tr_50000_1st_79433.csv,MITDB,OmniAnomaly,100,candidate_TSB_pin_not_release_environment,99,0.00022,False,,0.00279965129227,0.0217933333333,450000,True
032_GHL_id_1_Sensor_tr_50000_1st_65001.csv,GHL,OmniAnomaly,100,candidate_TSB_pin_not_release_environment,99,0.000494997525012,False,False,0.000260840575357,0.00924995375023,200001,True
033_GHL_id_2_Sensor_tr_50000_1st_51001.csv,GHL,OmniAnomaly,100,candidate_TSB_pin_not_release_environment,99,0.000494997525012,False,False,-0.00102058300469,0.00923495382523,200001,True
034_GHL_id_3_Sensor_tr_50000_1st_122001.csv,GHL,OmniAnomaly,100,candidate_TSB_pin_not_release_environment,99,0.000494997525012,False,False,0.00571864892116,0.00959495202524,200001,True
035_GHL_id_4_Sensor_tr_50000_1st_90001.csv,GHL,OmniAnomaly,100,candidate_TSB_pin_not_release_environment,99,0.000494997525012,False,False,0.00363844119998,0.0135649321753,200001,True
036_GHL_id_5_Sensor_tr_50000_1st_67147.csv,GHL,OmniAnomaly,100,candidate_TSB_pin_not_release_environment,99,0.000494997525012,False,False,-0.000981389263965,0.0114149429253,200001,True
037_GHL_id_6_Sensor_tr_50000_1st_80001.csv,GHL,OmniAnomaly,100,candidate_TSB_pin_not_release_environment,99,0.000494997525012,False,False,-0.000561084695541,0.00932995335023,200001,True
038_GHL_id_7_Sensor_tr_50000_1st_100001.csv,GHL,OmniAnomaly,100,candidate_TSB_pin_not_release_environment,99,0.000494997525012,False,False,0.000992154542618,0.00847495762521,200001,True
039_GHL_id_8_Sensor_tr_50000_1st_63030.csv,GHL,OmniAnomaly,100,candidate_TSB_pin_not_release_environment,99,0.000494997525012,False,False,2.43939545973e-05,0.00583997080015,200001,True
041_GHL_id_10_Sensor_tr_50000_1st_57001.csv,GHL,OmniAnomaly,100,candidate_TSB_pin_not_release_environment,99,0.000494997525012,False,False,0.000236482613123,0.00927495362523,200001,True
042_GHL_id_11_Sensor_tr_50000_1st_150001.csv,GHL,OmniAnomaly,100,candidate_TSB_pin_not_release_environment,99,0.000494997525012,False,False,0.0096515797921,0.00772996135019,200001,True
043_GHL_id_12_Sensor_tr_39938_1st_40038.csv,GHL,OmniAnomaly,100,candidate_TSB_pin_not_release_environment,99,0.000494997525012,False,False,-0.00404420440399,0.00525497372513,200001,True
044_GHL_id_13_Sensor_tr_50000_1st_145001.csv,GHL,OmniAnomaly,100,candidate_TSB_pin_not_release_environment,99,0.000494997525012,False,False,0.0092699032178,0.00924495377523,200001,True
045_GHL_id_14_Sensor_tr_50000_1st_85076.csv,GHL,OmniAnomaly,100,candidate_TSB_pin_not_release_environment,99,0.000494997525012,False,False,-0.0133044382058,0.00885495572522,200001,True
046_GHL_id_15_Sensor_tr_50000_1st_156462.csv,GHL,OmniAnomaly,100,candidate_TSB_pin_not_release_environment,99,0.000494997525012,False,False,-0.0766624407291,0.00619496902515,200001,True
047_GHL_id_16_Sensor_tr_50000_1st_77001.csv,GHL,OmniAnomaly,100,candidate_TSB_pin_not_release_environment,99,0.000494997525012,False,False,0.00180902331044,0.0136399318003,200001,True
048_GHL_id_17_Sensor_tr_50000_1st_154001.csv,GHL,OmniAnomaly,100,candidate_TSB_pin_not_release_environment,99,0.000494997525012,False,False,0.0195906312084,0.0179149104254,200001,True
050_GHL_id_19_Sensor_tr_43750_1st_55001.csv,GHL,OmniAnomaly,100,candidate_TSB_pin_not_release_environment,99,0.00056571105308,False,False,-0.0469978301019,0.00645139170633,175001,True
051_GHL_id_20_Sensor_tr_50000_1st_75110.csv,GHL,OmniAnomaly,100,candidate_TSB_pin_not_release_environment,99,0.000494997525012,False,False,0.000566508713415,0.00595497022515,200001,True
052_GHL_id_21_Sensor_tr_50000_1st_98001.csv,GHL,OmniAnomaly,100,candidate_TSB_pin_not_release_environment,99,0.000494997525012,False,False,0.00131211118898,0.00485497572512,200001,True
053_GHL_id_22_Sensor_tr_50000_1st_126448.csv,GHL,OmniAnomaly,100,candidate_TSB_pin_not_release_environment,99,0.000494997525012,False,False,0.0183151548955,0.0324598377008,200001,True
054_GHL_id_23_Sensor_tr_50000_1st_135001.csv,GHL,OmniAnomaly,100,candidate_TSB_pin_not_release_environment,99,0.000494997525012,False,False,0.0149895020533,0.0186699066505,200001,True
055_GHL_id_24_Sensor_tr_50000_1st_118124.csv,GHL,OmniAnomaly,100,candidate_TSB_pin_not_release_environment,99,0.000494997525012,False,False,0.00210796303188,0.00504497477513,200001,True
056_GHL_id_25_Sensor_tr_50000_1st_105568.csv,GHL,OmniAnomaly,100,candidate_TSB_pin_not_release_environment,99,0.000494997525012,False,False,0.000766621378389,0.0157199214004,200001,True
057_SMD_id_1_Facility_tr_4529_1st_4629.csv,SMD,OmniAnomaly,100,candidate_TSB_pin_not_release_environment,99,0.0041782729805,False,False,-0.307202744281,0.0228749894488,23694,True
058_SMD_id_2_Facility_tr_1087_1st_1187.csv,SMD,OmniAnomaly,100,candidate_TSB_pin_not_release_environment,99,0.00344635521827,False,,-0.271050981277,0.0415651326325,28726,True
059_SMD_id_3_Facility_tr_757_1st_857.csv,SMD,OmniAnomaly,100,candidate_TSB_pin_not_release_environment,99,0.00417915488201,False,False,-0.411532158642,0.0113554814471,23689,True
060_SMD_id_4_Facility_tr_7176_1st_10609.csv,SMD,OmniAnomaly,100,candidate_TSB_pin_not_release_environment,99,0.00344887650235,False,False,-0.499818143572,0.0151193171921,28705,True
061_SMD_id_5_Facility_tr_7176_1st_15144.csv,SMD,OmniAnomaly,100,candidate_TSB_pin_not_release_environment,99,0.00344899665552,False,False,-0.255079086916,0.0477633779264,28704,True
063_SMD_id_7_Facility_tr_5923_1st_6506.csv,SMD,OmniAnomaly,100,candidate_TSB_pin_not_release_environment,99,0.0041782729805,False,,-0.0700244940614,0.0493795897696,23694,True
064_SMD_id_8_Facility_tr_2272_1st_2372.csv,SMD,OmniAnomaly,100,candidate_TSB_pin_not_release_environment,99,0.0046691505919,False,False,-0.0732156359776,0.0368815733623,21203,True
065_SMD_id_9_Facility_tr_737_1st_837.csv,SMD,OmniAnomaly,100,candidate_TSB_pin_not_release_environment,99,0.00417774401823,False,False,-0.0519904597315,0.101194243997,23697,True
066_SMD_id_10_Facility_tr_2634_1st_2734.csv,SMD,OmniAnomaly,100,candidate_TSB_pin_not_release_environment,99,0.00417950774687,False,False,0.392282980272,0.0412462532191,23687,True
067_SMD_id_11_Facility_tr_1980_1st_2080.csv,SMD,OmniAnomaly,100,candidate_TSB_pin_not_release_environment,99,0.00436065718187,False,False,-0.179653938179,0.0477029467471,22703,True
068_SMD_id_12_Facility_tr_1099_1st_1199.csv,SMD,OmniAnomaly,100,candidate_TSB_pin_not_release_environment,99,0.00344791557831,False,False,-0.421094085779,0.0105527113154,28713,True
069_SMD_id_13_Facility_tr_5925_1st_12760.csv,SMD,OmniAnomaly,100,candidate_TSB_pin_not_release_environment,99,0.00417721518987,False,,0.0581421840387,0.119535864979,23700,True
070_SMD_id_14_Facility_tr_1070_1st_1170.csv,SMD,OmniAnomaly,100,candidate_TSB_pin_not_release_environment,99,0.00344431687715,False,,-0.319404181527,0.0147514177365,28743,True
071_SMD_id_15_Facility_tr_1109_1st_1209.csv,SMD,OmniAnomaly,100,candidate_TSB_pin_not_release_environment,99,0.00344947735192,False,False,-0.254064739374,0.0107317073171,28700,True
073_SMD_id_17_Facility_tr_5926_1st_10620.csv,SMD,OmniAnomaly,100,candidate_TSB_pin_not_release_environment,99,0.0041761579347,False,,-0.104517449604,0.00421834134818,23706,True
074_SMD_id_18_Facility_tr_7174_1st_21230.csv,SMD,OmniAnomaly,100,candidate_TSB_pin_not_release_environment,99,0.00344995818233,False,False,-0.488300812418,0.00689991636465,28696,True
075_SMD_id_19_Facility_tr_564_1st_664.csv,SMD,OmniAnomaly,100,candidate_TSB_pin_not_release_environment,99,0.00417792032411,False,False,-0.551887198907,0.0175979068197,23696,True
076_SMD_id_20_Facility_tr_5925_1st_17580.csv,SMD,OmniAnomaly,100,candidate_TSB_pin_not_release_environment,99,0.00417668649538,False,False,0.0394036845098,0.00679238914905,23703,True
077_SMD_id_21_Facility_tr_3026_1st_3126.csv,SMD,OmniAnomaly,100,candidate_TSB_pin_not_release_environment,99,0.00466826991088,False,False,-0.0605604553724,0.0324421181685,21207,True
078_SMD_id_22_Facility_tr_500_1st_326.csv,SMD,OmniAnomaly,100,candidate_TSB_pin_not_release_environment,99,0.00417844933103,False,False,-0.691904827283,0.0441902671675,23693,True
079_LTDB_id_1_Medical_tr_3618_1st_3718.csv,LTDB,OmniAnomaly,100,candidate_TSB_pin_not_release_environment,99,0.00099,False,,-0.401059770626,0.14781,100000,True
080_LTDB_id_2_Medical_tr_500_1st_266.csv,LTDB,OmniAnomaly,100,candidate_TSB_pin_not_release_environment,99,0.00099,False,False,0.0135427334298,0.14857,100000,True
081_LTDB_id_3_Medical_tr_500_1st_26.csv,LTDB,OmniAnomaly,100,candidate_TSB_pin_not_release_environment,99,0.00099,True,,-0.0807201075005,0.31565,100000,True
083_LTDB_id_5_Medical_tr_15502_1st_15602.csv,LTDB,OmniAnomaly,100,candidate_TSB_pin_not_release_environment,99,0.00099,False,,-0.0529203161755,0.00505,100000,True
084_SVDB_id_1_Medical_tr_12973_1st_13073.csv,SVDB,OmniAnomaly,100,candidate_TSB_pin_not_release_environment,99,0.0004296875,False,,-0.0311471091347,0.0153515625,230400,True
085_SVDB_id_2_Medical_tr_50000_1st_54982.csv,SVDB,OmniAnomaly,100,candidate_TSB_pin_not_release_environment,99,0.0004296875,False,,-0.181673202042,0.0372309027778,230400,True
086_SVDB_id_3_Medical_tr_533_1st_633.csv,SVDB,OmniAnomaly,100,candidate_TSB_pin_not_release_environment,99,0.0004296875,False,,-0.0756971950984,0.0699696180556,230400,True
087_SVDB_id_4_Medical_tr_5421_1st_5521.csv,SVDB,OmniAnomaly,100,candidate_TSB_pin_not_release_environment,99,0.0004296875,False,,-0.127683392008,0.0555946180556,230400,True
088_SVDB_id_5_Medical_tr_500_1st_168.csv,SVDB,OmniAnomaly,100,candidate_TSB_pin_not_release_environment,99,0.0004296875,False,,-0.000831717001895,0.0992100694444,230400,True
089_SVDB_id_6_Medical_tr_50000_1st_83083.csv,SVDB,OmniAnomaly,100,candidate_TSB_pin_not_release_environment,99,0.0004296875,False,,-0.0236884697844,0.0134895833333,230400,True
091_SVDB_id_8_Medical_tr_500_1st_126.csv,SVDB,OmniAnomaly,100,candidate_TSB_pin_not_release_environment,99,0.0004296875,False,,-0.09438593866,0.0773524305556,230400,True
092_SVDB_id_9_Medical_tr_2674_1st_2774.csv,SVDB,OmniAnomaly,100,candidate_TSB_pin_not_release_environment,99,0.0004296875,False,,-0.0473892334698,0.0525260416667,230400,True
093_SVDB_id_10_Medical_tr_500_1st_37.csv,SVDB,OmniAnomaly,100,candidate_TSB_pin_not_release_environment,99,0.0004296875,True,,-0.396563473461,0.0785894097222,230400,True
094_SVDB_id_11_Medical_tr_20100_1st_23611.csv,SVDB,OmniAnomaly,100,candidate_TSB_pin_not_release_environment,99,0.00123134328358,False,,-0.274212507937,0.0117537313433,80400,True
095_SVDB_id_12_Medical_tr_6264_1st_6364.csv,SVDB,OmniAnomaly,100,candidate_TSB_pin_not_release_environment,99,0.0004296875,False,,0.0100682458999,0.0323958333333,230400,True
096_SVDB_id_13_Medical_tr_500_1st_444.csv,SVDB,OmniAnomaly,100,candidate_TSB_pin_not_release_environment,99,0.0004296875,False,,0.0107783693913,0.0335633680556,230400,True
097_SVDB_id_14_Medical_tr_1031_1st_1131.csv,SVDB,OmniAnomaly,100,candidate_TSB_pin_not_release_environment,99,0.0004296875,False,,-0.41868530032,0.120611979167,230400,True
098_SVDB_id_15_Medical_tr_500_1st_303.csv,SVDB,OmniAnomaly,100,candidate_TSB_pin_not_release_environment,99,0.0004296875,False,,-0.198321005836,0.0633637152778,230400,True
099_SVDB_id_16_Medical_tr_1115_1st_1215.csv,SVDB,OmniAnomaly,100,candidate_TSB_pin_not_release_environment,99,0.0004296875,False,,-0.403235119755,0.0711328125,230400,True
100_SVDB_id_17_Medical_tr_17803_1st_17903.csv,SVDB,OmniAnomaly,100,candidate_TSB_pin_not_release_environment,99,0.000759202453988,False,,-0.0360284127843,0.030222392638,130400,True
101_SVDB_id_18_Medical_tr_1851_1st_1951.csv,SVDB,OmniAnomaly,100,candidate_TSB_pin_not_release_environment,99,0.0004296875,False,,-0.174053890682,0.0698871527778,230400,True
102_SVDB_id_19_Medical_tr_50000_1st_107354.csv,SVDB,OmniAnomaly,100,candidate_TSB_pin_not_release_environment,99,0.0004296875,False,,-0.00901466697767,0.0580555555556,230400,True
103_SVDB_id_20_Medical_tr_12167_1st_12267.csv,SVDB,OmniAnomaly,100,candidate_TSB_pin_not_release_environment,99,0.0004296875,False,,-0.0103403105625,0.0266970486111,230400,True
104_SVDB_id_21_Medical_tr_50000_1st_106634.csv,SVDB,OmniAnomaly,100,candidate_TSB_pin_not_release_environment,99,0.0004296875,False,,-0.131293499697,0.0152039930556,230400,True
105_SVDB_id_22_Medical_tr_500_1st_417.csv,SVDB,OmniAnomaly,100,candidate_TSB_pin_not_release_environment,99,0.00066,False,,-0.0759981444279,0.0855133333333,150000,True
106_SVDB_id_23_Medical_tr_37500_1st_121963.csv,SVDB,OmniAnomaly,100,candidate_TSB_pin_not_release_environment,99,0.00066,False,,0.0250068004612,0.00450666666667,150000,True
108_SVDB_id_25_Medical_tr_1238_1st_1338.csv,SVDB,OmniAnomaly,100,candidate_TSB_pin_not_release_environment,99,0.0004296875,False,,-0.195502640512,0.0305902777778,230400,True
109_SVDB_id_26_Medical_tr_1038_1st_1138.csv,SVDB,OmniAnomaly,100,candidate_TSB_pin_not_release_environment,99,0.0004296875,False,,-0.0606765733008,0.0903645833333,230400,True
110_SVDB_id_27_Medical_tr_30824_1st_30924.csv,SVDB,OmniAnomaly,100,candidate_TSB_pin_not_release_environment,99,0.0004296875,False,,0.0116460356518,0.0340581597222,230400,True
111_SVDB_id_28_Medical_tr_1791_1st_1891.csv,SVDB,OmniAnomaly,100,candidate_TSB_pin_not_release_environment,99,0.0004296875,False,,-0.115279316345,0.0953993055556,230400,True
112_SVDB_id_29_Medical_tr_8226_1st_8326.csv,SVDB,OmniAnomaly,100,candidate_TSB_pin_not_release_environment,99,0.0004296875,False,,-0.00556241379479,0.0111067708333,230400,True
114_SVDB_id_31_Medical_tr_25000_1st_63090.csv,SVDB,OmniAnomaly,100,candidate_TSB_pin_not_release_environment,99,0.00099,False,,0.000803733834022,0.00497,100000,True
115_PSM_id_1_Facility_tr_50000_1st_129872.csv,PSM,OmniAnomaly,100,candidate_TSB_pin_not_release_environment,99,0.000454913061059,False,,-0.0207138094961,0.112032680219,217624,True
116_TAO_id_1_Environment_tr_500_1st_3.csv,TAO,OmniAnomaly,100,candidate_TSB_pin_not_release_environment,99,0.0099,True,True,-0.0125024952632,0.0492,10000,True
117_TAO_id_2_Environment_tr_500_1st_1.csv,TAO,OmniAnomaly,100,candidate_TSB_pin_not_release_environment,99,0.0099,True,,0.00192082592255,0.1395,10000,True
118_TAO_id_3_Environment_tr_500_1st_7.csv,TAO,OmniAnomaly,100,candidate_TSB_pin_not_release_environment,99,0.0099,True,True,-0.0164770945729,0.0488,10000,True
119_TAO_id_4_Environment_tr_500_1st_1.csv,TAO,OmniAnomaly,100,candidate_TSB_pin_not_release_environment,99,0.0099,True,True,-0.00791766938466,0.0945,10000,True
121_TAO_id_6_Environment_tr_500_1st_7.csv,TAO,OmniAnomaly,100,candidate_TSB_pin_not_release_environment,99,0.0099,True,,0.00654064952426,0.1409,10000,True
122_TAO_id_7_Environment_tr_500_1st_19.csv,TAO,OmniAnomaly,100,candidate_TSB_pin_not_release_environment,99,0.0099,True,True,-0.0119212639446,0.0948,10000,True
123_TAO_id_8_Environment_tr_500_1st_62.csv,TAO,OmniAnomaly,100,candidate_TSB_pin_not_release_environment,99,0.0099,True,True,-0.00960725422367,0.0487,10000,True
124_TAO_id_9_Environment_tr_500_1st_1.csv,TAO,OmniAnomaly,100,candidate_TSB_pin_not_release_environment,99,0.0099,True,True,-0.0133565195031,0.0483,10000,True
125_TAO_id_10_Environment_tr_500_1st_9.csv,TAO,OmniAnomaly,100,candidate_TSB_pin_not_release_environment,99,0.0099,True,True,-0.00655742549659,0.0943,10000,True
127_TAO_id_12_Environment_tr_500_1st_24.csv,TAO,OmniAnomaly,100,candidate_TSB_pin_not_release_environment,99,0.0099,True,True,-0.0106351716963,0.0485,10000,True
128_TAO_id_13_Environment_tr_500_1st_7.csv,TAO,OmniAnomaly,100,candidate_TSB_pin_not_release_environment,99,0.0099,True,,0.00503952835115,0.1409,10000,True
129_OPPORTUNITY_id_1_HumanActivity_tr_1801_1st_1901.csv,OPPORTUNITY,OmniAnomaly,100,candidate_TSB_pin_not_release_environment,99,0.00400923338598,False,False,-0.132970093078,0.0291985582959,24693,True
130_OPPORTUNITY_id_2_HumanActivity_tr_1045_1st_1145.csv,OPPORTUNITY,OmniAnomaly,100,candidate_TSB_pin_not_release_environment,99,0.0191786129407,False,False,-0.144789154491,0.0908562572646,5162,True
132_OPPORTUNITY_id_4_HumanActivity_tr_895_1st_995.csv,OPPORTUNITY,OmniAnomaly,100,candidate_TSB_pin_not_release_environment,99,0.0106188994959,False,False,-0.179604030441,0.0469805856484,9323,True
133_OPPORTUNITY_id_5_HumanActivity_tr_1745_1st_6500.csv,OPPORTUNITY,OmniAnomaly,100,candidate_TSB_pin_not_release_environment,99,0.0141833810888,False,False,-0.0451880066404,0.0687679083095,6980,True
134_OPPORTUNITY_id_6_HumanActivity_tr_1477_1st_1577.csv,OPPORTUNITY,OmniAnomaly,100,candidate_TSB_pin_not_release_environment,99,0.00599455040872,False,False,-0.509973663011,0.0214956100515,16515,True
135_OPPORTUNITY_id_7_HumanActivity_tr_2085_1st_2185.csv,OPPORTUNITY,OmniAnomaly,100,candidate_TSB_pin_not_release_environment,99,0.00456095088916,False,False,-0.272189406677,0.0376854325993,21706,True
136_OPPORTUNITY_id_8_HumanActivity_tr_1495_1st_1595.csv,OPPORTUNITY,OmniAnomaly,100,candidate_TSB_pin_not_release_environment,99,0.00367088138233,False,False,-0.131052124005,0.0231747562016,26969,True
137_CreditCard_id_1_Finance_tr_500_1st_541.csv,CreditCard,OmniAnomaly,100,candidate_TSB_pin_not_release_environment,99,0.000347603815917,False,False,-0.00298333966388,0.00172748563062,284807,True
138_CATSv2_id_1_Sensor_tr_16568_1st_16668.csv,CATSv2,OmniAnomaly,100,candidate_TSB_pin_not_release_environment,99,0.00099,False,False,-0.196973048617,0.02,100000,True
139_CATSv2_id_2_Sensor_tr_5592_1st_5692.csv,CATSv2,OmniAnomaly,100,candidate_TSB_pin_not_release_environment,99,0.000507692307692,False,False,-0.155152567651,0.0338461538462,195000,True
141_CATSv2_id_4_Sensor_tr_41727_1st_41827.csv,CATSv2,OmniAnomaly,100,candidate_TSB_pin_not_release_environment,99,0.000507692307692,False,False,-0.0360887339908,0.0302564102564,195000,True
142_CATSv2_id_5_Sensor_tr_30704_1st_30804.csv,CATSv2,OmniAnomaly,100,candidate_TSB_pin_not_release_environment,99,0.000282857142857,False,False,-0.162004340363,0.0488571428571,350000,True
143_CATSv2_id_6_Sensor_tr_50000_1st_60232.csv,CATSv2,OmniAnomaly,100,candidate_TSB_pin_not_release_environment,99,0.000495,False,False,-0.0574902759101,0.02,200000,True
144_SMAP_id_1_Sensor_tr_2052_1st_5300.csv,SMAP,OmniAnomaly,100,candidate_TSB_pin_not_release_environment,99,0.0120599342185,False,,0.610162945383,0.136557436959,8209,True
145_SMAP_id_2_Sensor_tr_2133_1st_5400.csv,SMAP,OmniAnomaly,100,candidate_TSB_pin_not_release_environment,99,0.0116033755274,False,,0.0711991068144,0.0730192217534,8532,True
146_SMAP_id_3_Sensor_tr_2128_1st_5000.csv,SMAP,OmniAnomaly,100,candidate_TSB_pin_not_release_environment,99,0.0116279069767,False,,0.281579164089,0.0346488137186,8514,True
147_SMAP_id_4_Sensor_tr_2160_1st_6449.csv,SMAP,OmniAnomaly,100,candidate_TSB_pin_not_release_environment,99,0.0114583333333,False,,-0.000518420426723,0.0140046296296,8640,True
148_SMAP_id_5_Sensor_tr_2011_1st_5060.csv,SMAP,OmniAnomaly,100,candidate_TSB_pin_not_release_environment,99,0.0123073097961,False,False,-0.000586738098807,0.00882645450025,8044,True
150_SMAP_id_7_Sensor_tr_2077_1st_5394.csv,SMAP,OmniAnomaly,100,candidate_TSB_pin_not_release_environment,99,0.0119133574007,False,,0.256202472461,0.0338146811071,8310,True
151_SMAP_id_8_Sensor_tr_1971_1st_4870.csv,SMAP,OmniAnomaly,100,candidate_TSB_pin_not_release_environment,99,0.0125570776256,False,,-0.174673915276,0.0102739726027,7884,True
152_SMAP_id_9_Sensor_tr_2073_1st_5600.csv,SMAP,OmniAnomaly,100,candidate_TSB_pin_not_release_environment,99,0.0119363395225,False,,0.224994476179,0.0387026766337,8294,True
153_SMAP_id_10_Sensor_tr_1840_1st_4030.csv,SMAP,OmniAnomaly,100,candidate_TSB_pin_not_release_environment,99,0.0134492596115,False,,0.144967332175,0.00556989539465,7361,True
154_SMAP_id_11_Sensor_tr_2117_1st_4770.csv,SMAP,OmniAnomaly,100,candidate_TSB_pin_not_release_environment,99,0.0116896918172,False,False,0.00476756221753,0.0142874011099,8469,True
155_SMAP_id_12_Sensor_tr_1907_1st_4800.csv,SMAP,OmniAnomaly,100,candidate_TSB_pin_not_release_environment,99,0.0129785002622,False,,-0.0671572082912,0.00668589407446,7628,True
156_SMAP_id_13_Sensor_tr_1173_1st_2750.csv,SMAP,OmniAnomaly,100,candidate_TSB_pin_not_release_environment,99,0.0210952482421,False,False,-0.359835914968,0.0108672490944,4693,True
157_SMAP_id_14_Sensor_tr_2126_1st_5000.csv,SMAP,OmniAnomaly,100,candidate_TSB_pin_not_release_environment,99,0.0116402116402,False,,0.222852911538,0.0378600823045,8505,True
158_SMAP_id_15_Sensor_tr_2075_1st_5610.csv,SMAP,OmniAnomaly,100,candidate_TSB_pin_not_release_environment,99,0.0119277108434,False,,0.0861692730938,0.00795180722892,8300,True
159_SMAP_id_16_Sensor_tr_1757_1st_2650.csv,SMAP,OmniAnomaly,100,candidate_TSB_pin_not_release_environment,99,0.0140845070423,False,,-0.503939658017,0.0381277564376,7029,True
160_SMAP_id_17_Sensor_tr_1832_1st_5300.csv,SMAP,OmniAnomaly,100,candidate_TSB_pin_not_release_environment,99,0.0135042968217,False,,0.00499503812412,0.0611103532942,7331,True
161_SMAP_id_18_Sensor_tr_2075_1st_5550.csv,SMAP,OmniAnomaly,100,candidate_TSB_pin_not_release_environment,99,0.0119248373886,False,,0.0347482360159,0.0422789689232,8302,True
162_SMAP_id_19_Sensor_tr_1908_1st_4690.csv,SMAP,OmniAnomaly,100,candidate_TSB_pin_not_release_environment,99,0.0129716981132,False,,0.0364448002155,0.00406184486373,7632,True
163_SMAP_id_20_Sensor_tr_2051_1st_4575.csv,SMAP,OmniAnomaly,100,candidate_TSB_pin_not_release_environment,99,0.0120658135283,False,,0.000690029141439,0.0226691042048,8205,True
165_SMAP_id_22_Sensor_tr_2129_1st_5000.csv,SMAP,OmniAnomaly,100,candidate_TSB_pin_not_release_environment,99,0.011625176139,False,,0.160390006693,0.059652418976,8516,True
166_SMAP_id_23_Sensor_tr_1113_1st_1890.csv,SMAP,OmniAnomaly,100,candidate_TSB_pin_not_release_environment,99,0.0222322030092,False,False,-0.530158081221,0.00920727599371,4453,True
167_SMAP_id_24_Sensor_tr_2094_1st_5600.csv,SMAP,OmniAnomaly,100,candidate_TSB_pin_not_release_environment,99,0.0118194842407,False,False,-0.288882295387,0.00489493791786,8376,True
168_SMAP_id_25_Sensor_tr_1998_1st_2098.csv,SMAP,OmniAnomaly,100,candidate_TSB_pin_not_release_environment,99,0.0115398065043,False,,0.0108056646376,0.0214477211796,8579,True
169_SMAP_id_26_Sensor_tr_1811_1st_4510.csv,SMAP,OmniAnomaly,100,candidate_TSB_pin_not_release_environment,99,0.0136664826063,False,,0.0458830575673,0.011181667587,7244,True
170_SMAP_id_27_Sensor_tr_2160_1st_4690.csv,SMAP,OmniAnomaly,100,candidate_TSB_pin_not_release_environment,99,0.0114583333333,False,,-0.05608916925,0.00983796296296,8640,True
171_SWaT_id_1_Sensor_tr_3749_1st_9522.csv,SWaT,OmniAnomaly,100,candidate_TSB_pin_not_release_environment,99,0.00660176046946,False,False,0.260247568289,0.132435316084,14996,True
172_SWaT_id_2_Sensor_tr_23700_1st_23800.csv,SWaT,OmniAnomaly,100,candidate_TSB_pin_not_release_environment,99,0.000247550128901,False,False,-0.0661468178343,0.125320377376,399919,True
173_GECCO_id_1_Sensor_tr_16165_1st_16265.csv,GECCO,OmniAnomaly,100,candidate_TSB_pin_not_release_environment,99,0.000714693079028,False,False,-0.0306595125465,0.0124602045899,138521,True
174_Exathlon_id_1_Facility_tr_10766_1st_12590.csv,Exathlon,OmniAnomaly,100,candidate_TSB_pin_not_release_environment,99,0.002298797195,False,,0.116029839164,0.126248084336,43066,True
175_Exathlon_id_2_Facility_tr_10684_1st_10784.csv,Exathlon,OmniAnomaly,100,candidate_TSB_pin_not_release_environment,99,0.00212191358025,False,,0.0539599596959,0.0811685528121,46656,True
176_Exathlon_id_3_Facility_tr_10766_1st_12590.csv,Exathlon,OmniAnomaly,100,candidate_TSB_pin_not_release_environment,99,0.002298797195,False,,0.0273492784142,0.126248084336,43066,True
177_Exathlon_id_4_Facility_tr_11665_1st_13484.csv,Exathlon,OmniAnomaly,100,candidate_TSB_pin_not_release_environment,99,0.00212173167595,False,,-0.00156987790559,0.0627518216888,46660,True
179_Exathlon_id_6_Facility_tr_11665_1st_13484.csv,Exathlon,OmniAnomaly,100,candidate_TSB_pin_not_release_environment,99,0.00212173167595,False,False,0.0526226452152,0.0627518216888,46660,True
180_Exathlon_id_7_Facility_tr_10766_1st_12590.csv,Exathlon,OmniAnomaly,100,candidate_TSB_pin_not_release_environment,99,0.002298797195,False,,0.0273733710418,0.126248084336,43066,True
181_Exathlon_id_8_Facility_tr_11663_1st_13482.csv,Exathlon,OmniAnomaly,100,candidate_TSB_pin_not_release_environment,99,0.00212195906119,False,,0.0701762389883,0.0631872253778,46655,True
182_Exathlon_id_9_Facility_tr_10766_1st_12590.csv,Exathlon,OmniAnomaly,100,candidate_TSB_pin_not_release_environment,99,0.002298797195,False,,0.0274516987405,0.126248084336,43066,True
183_Exathlon_id_10_Facility_tr_11665_1st_13484.csv,Exathlon,OmniAnomaly,100,candidate_TSB_pin_not_release_environment,99,0.00212173167595,False,,-0.00156760376255,0.0627518216888,46660,True
184_Exathlon_id_11_Facility_tr_11665_1st_13484.csv,Exathlon,OmniAnomaly,100,candidate_TSB_pin_not_release_environment,99,0.00212173167595,False,,-0.00156624148917,0.0627518216888,46660,True
185_Exathlon_id_12_Facility_tr_11665_1st_13484.csv,Exathlon,OmniAnomaly,100,candidate_TSB_pin_not_release_environment,99,0.00212173167595,False,,-0.00158478684455,0.0627518216888,46660,True
186_Exathlon_id_13_Facility_tr_10766_1st_12590.csv,Exathlon,OmniAnomaly,100,candidate_TSB_pin_not_release_environment,99,0.002298797195,False,,0.0273850158004,0.126248084336,43066,True
187_Exathlon_id_14_Facility_tr_6193_1st_6293.csv,Exathlon,OmniAnomaly,100,candidate_TSB_pin_not_release_environment,99,0.00212173167595,False,,-0.0163644844411,0.124667809687,46660,True
188_Exathlon_id_15_Facility_tr_12538_1st_12638.csv,Exathlon,OmniAnomaly,100,candidate_TSB_pin_not_release_environment,99,0.000766271662655,False,False,-0.302026814295,0.124654597243,129197,True
189_Exathlon_id_16_Facility_tr_11663_1st_13482.csv,Exathlon,OmniAnomaly,100,candidate_TSB_pin_not_release_environment,99,0.00212195906119,False,,0.0701768576235,0.0631872253778,46655,True
190_Exathlon_id_17_Facility_tr_12538_1st_12638.csv,Exathlon,OmniAnomaly,100,candidate_TSB_pin_not_release_environment,99,0.000766271662655,False,False,-0.302042103643,0.124654597243,129197,True
191_Exathlon_id_18_Facility_tr_11665_1st_13484.csv,Exathlon,OmniAnomaly,100,candidate_TSB_pin_not_release_environment,99,0.00212173167595,False,,-0.00156203596006,0.0627518216888,46660,True
192_Exathlon_id_19_Facility_tr_11665_1st_13484.csv,Exathlon,OmniAnomaly,100,candidate_TSB_pin_not_release_environment,99,0.00212173167595,False,,-0.0015693366467,0.0627518216888,46660,True
193_Exathlon_id_20_Facility_tr_8898_1st_8998.csv,Exathlon,OmniAnomaly,100,candidate_TSB_pin_not_release_environment,99,0.00212218649518,False,,0.0605271514227,0.0834083601286,46650,True
194_Exathlon_id_21_Facility_tr_6985_1st_7085.csv,Exathlon,OmniAnomaly,100,candidate_TSB_pin_not_release_environment,99,0.00212223198782,False,,-0.0222326246033,0.104096550837,46649,True
196_Exathlon_id_23_Facility_tr_11665_1st_13484.csv,Exathlon,OmniAnomaly,100,candidate_TSB_pin_not_release_environment,99,0.00212173167595,False,,-0.00158403111253,0.0627518216888,46660,True
197_Exathlon_id_24_Facility_tr_10766_1st_12590.csv,Exathlon,OmniAnomaly,100,candidate_TSB_pin_not_release_environment,99,0.002298797195,False,,0.0273562525506,0.126248084336,43066,True
198_Exathlon_id_25_Facility_tr_12538_1st_12638.csv,Exathlon,OmniAnomaly,100,candidate_TSB_pin_not_release_environment,99,0.000766271662655,False,False,-0.302020644587,0.124654597243,129197,True
199_Exathlon_id_26_Facility_tr_12538_1st_12638.csv,Exathlon,OmniAnomaly,100,candidate_TSB_pin_not_release_environment,99,0.000766271662655,False,False,-0.302028703834,0.124654597243,129197,True
200_Exathlon_id_27_Facility_tr_10766_1st_12590.csv,Exathlon,OmniAnomaly,100,candidate_TSB_pin_not_release_environment,99,0.002298797195,False,,0.0274064929555,0.126248084336,43066,True
001_Genesis_id_1_Sensor_tr_4055_1st_15538.csv,Genesis,PCA,100,driver_fixed,99,0.00610357583231,False,,0.00115675714418,0.00308261405672,16220,False
002_MSL_id_1_Sensor_tr_500_1st_900.csv,MSL,PCA,100,driver_fixed,99,0.0541871921182,False,,-0.0747285492106,0.00602079912425,1827,False
003_MSL_id_2_Sensor_tr_883_1st_1238.csv,MSL,PCA,100,driver_fixed,99,0.0280056577086,False,,0.055846162925,0.0644978783593,3535,False
005_MSL_id_4_Sensor_tr_855_1st_2700.csv,MSL,PCA,100,driver_fixed,99,0.0289304500292,False,,-0.0654529666213,0.020748100526,3422,False
006_MSL_id_5_Sensor_tr_1150_1st_1250.csv,MSL,PCA,100,driver_fixed,99,0.0195884447962,False,,-0.00316999745458,0.083696082311,5054,False
007_MSL_id_6_Sensor_tr_980_1st_3550.csv,MSL,PCA,100,driver_fixed,99,0.0252422233554,False,,0.421092408986,0.0385007649159,3922,False
008_MSL_id_7_Sensor_tr_656_1st_1630.csv,MSL,PCA,100,driver_fixed,99,0.0377142857143,False,,-0.0397020336707,0.0845714285714,2625,False
009_MSL_id_8_Sensor_tr_714_1st_1390.csv,MSL,PCA,100,driver_fixed,99,0.0346638655462,False,False,0.000452501972891,0.00735294117647,2856,False
010_MSL_id_9_Sensor_tr_554_1st_1172.csv,MSL,PCA,100,driver_fixed,99,0.0446549391069,False,,0.0303552239826,0.0311231393775,2217,False
012_MSL_id_11_Sensor_tr_539_1st_940.csv,MSL,PCA,100,driver_fixed,99,0.0459183673469,False,,0.174239864779,0.0468460111317,2156,False
013_MSL_id_12_Sensor_tr_554_1st_1200.csv,MSL,PCA,100,driver_fixed,99,0.0446348061317,False,,-0.0749552251228,0.0117222723174,2218,False
014_MSL_id_13_Sensor_tr_1525_1st_4575.csv,MSL,PCA,100,driver_fixed,99,0.0162295081967,False,,-0.695690792227,0.0296721311475,6100,False
015_MSL_id_14_Sensor_tr_575_1st_1250.csv,MSL,PCA,100,driver_fixed,99,0.042987407729,False,,-0.386986358944,0.130699088146,2303,False
016_MSL_id_15_Sensor_tr_500_1st_780.csv,MSL,PCA,100,driver_fixed,99,0.0903284671533,False,,-0.0371500329067,0.102189781022,1096,False
017_MSL_id_16_Sensor_tr_512_1st_1850.csv,MSL,PCA,100,driver_fixed,99,0.0483162518302,False,,0.260292252627,0.0883357735481,2049,False
018_Daphnet_id_1_HumanActivity_tr_9693_1st_20732.csv,Daphnet,PCA,100,driver_fixed,99,0.00255325733739,False,False,0.313039865587,0.0594728426265,38774,False
019_MITDB_id_1_Medical_tr_37500_1st_103211.csv,MITDB,PCA,100,driver_fixed,99,0.00066,False,,-0.000334117057751,0.124066666667,150000,False
020_MITDB_id_2_Medical_tr_50000_1st_52315.csv,MITDB,PCA,100,driver_fixed,99,0.000152307692308,False,,-0.000597906151751,0.00161076923077,650000,False
021_MITDB_id_3_Medical_tr_50000_1st_57595.csv,MITDB,PCA,100,driver_fixed,99,0.000198,False,,0.00078275051512,0.01762,500000,False
022_MITDB_id_4_Medical_tr_50000_1st_54253.csv,MITDB,PCA,100,driver_fixed,99,0.00033,False,,0.0183479831918,0.04431,300000,False
024_MITDB_id_6_Medical_tr_50000_1st_58118.csv,MITDB,PCA,100,driver_fixed,99,0.000495,False,,-0.00167961540684,0.001765,200000,False
025_MITDB_id_7_Medical_tr_37500_1st_88864.csv,MITDB,PCA,100,driver_fixed,99,0.00066,False,,-0.229361293448,0.02464,150000,False
026_MITDB_id_8_Medical_tr_30495_1st_30595.csv,MITDB,PCA,100,driver_fixed,99,0.0002475,False,,0.0034348221085,0.0655825,400000,False
027_MITDB_id_9_Medical_tr_25000_1st_52255.csv,MITDB,PCA,100,driver_fixed,99,0.00099,False,,0.00152126708088,0.00433,100000,False
029_MITDB_id_11_Medical_tr_50000_1st_518037.csv,MITDB,PCA,100,driver_fixed,99,0.000165,False,,-0.0951963064423,0.00291666666667,600000,False
030_MITDB_id_12_Medical_tr_50000_1st_84572.csv,MITDB,PCA,100,driver_fixed,99,0.000159677419355,False,,0.00832923733012,0.0431790322581,620000,False
031_MITDB_id_13_Medical_tr_50000_1st_79433.csv,MITDB,PCA,100,driver_fixed,99,0.00022,False,,0.00297526707943,0.0217933333333,450000,False
032_GHL_id_1_Sensor_tr_50000_1st_65001.csv,GHL,PCA,100,driver_fixed,99,0.000494997525012,False,False,-6.6837060572e-06,0.00924995375023,200001,False
033_GHL_id_2_Sensor_tr_50000_1st_51001.csv,GHL,PCA,100,driver_fixed,99,0.000494997525012,False,False,-0.00133899165579,0.00923495382523,200001,False
034_GHL_id_3_Sensor_tr_50000_1st_122001.csv,GHL,PCA,100,driver_fixed,99,0.000494997525012,False,False,0.00468764867571,0.00959495202524,200001,False
035_GHL_id_4_Sensor_tr_50000_1st_90001.csv,GHL,PCA,100,driver_fixed,99,0.000494997525012,False,False,0.00238371146573,0.0135649321753,200001,False
036_GHL_id_5_Sensor_tr_50000_1st_67147.csv,GHL,PCA,100,driver_fixed,99,0.000494997525012,False,False,-0.0012063527105,0.0114149429253,200001,False
037_GHL_id_6_Sensor_tr_50000_1st_80001.csv,GHL,PCA,100,driver_fixed,99,0.000494997525012,False,False,-0.00169865723659,0.00932995335023,200001,False
038_GHL_id_7_Sensor_tr_50000_1st_100001.csv,GHL,PCA,100,driver_fixed,99,0.000494997525012,False,False,0.000773806675495,0.00847495762521,200001,False
039_GHL_id_8_Sensor_tr_50000_1st_63030.csv,GHL,PCA,100,driver_fixed,99,0.000494997525012,False,False,-9.53145101445e-05,0.00583997080015,200001,False
041_GHL_id_10_Sensor_tr_50000_1st_57001.csv,GHL,PCA,100,driver_fixed,99,0.000494997525012,False,False,0.000103727811608,0.00927495362523,200001,False
042_GHL_id_11_Sensor_tr_50000_1st_150001.csv,GHL,PCA,100,driver_fixed,99,0.000494997525012,False,False,0.00892188030526,0.00772996135019,200001,False
043_GHL_id_12_Sensor_tr_39938_1st_40038.csv,GHL,PCA,100,driver_fixed,99,0.000494997525012,False,False,-0.0040571519375,0.00525497372513,200001,False
044_GHL_id_13_Sensor_tr_50000_1st_145001.csv,GHL,PCA,100,driver_fixed,99,0.000494997525012,False,False,0.0085127934906,0.00924495377523,200001,False
045_GHL_id_14_Sensor_tr_50000_1st_85076.csv,GHL,PCA,100,driver_fixed,99,0.000494997525012,False,False,-0.014081474005,0.00885495572522,200001,False
046_GHL_id_15_Sensor_tr_50000_1st_156462.csv,GHL,PCA,100,driver_fixed,99,0.000494997525012,False,False,-0.00542731720386,0.00619496902515,200001,False
047_GHL_id_16_Sensor_tr_50000_1st_77001.csv,GHL,PCA,100,driver_fixed,99,0.000494997525012,False,False,0.000879271904408,0.0136399318003,200001,False
048_GHL_id_17_Sensor_tr_50000_1st_154001.csv,GHL,PCA,100,driver_fixed,99,0.000494997525012,False,False,0.0195101659298,0.0179149104254,200001,False
050_GHL_id_19_Sensor_tr_43750_1st_55001.csv,GHL,PCA,100,driver_fixed,99,0.00056571105308,False,False,-0.0445041733702,0.00645139170633,175001,False
051_GHL_id_20_Sensor_tr_50000_1st_75110.csv,GHL,PCA,100,driver_fixed,99,0.000494997525012,False,False,0.000300256947656,0.00595497022515,200001,False
052_GHL_id_21_Sensor_tr_50000_1st_98001.csv,GHL,PCA,100,driver_fixed,99,0.000494997525012,False,False,0.000841486186125,0.00485497572512,200001,False
053_GHL_id_22_Sensor_tr_50000_1st_126448.csv,GHL,PCA,100,driver_fixed,99,0.000494997525012,False,False,0.0158778652513,0.0324598377008,200001,False
054_GHL_id_23_Sensor_tr_50000_1st_135001.csv,GHL,PCA,100,driver_fixed,99,0.000494997525012,False,False,0.0151734092456,0.0186699066505,200001,False
055_GHL_id_24_Sensor_tr_50000_1st_118124.csv,GHL,PCA,100,driver_fixed,99,0.000494997525012,False,False,0.00155757058104,0.00504497477513,200001,False
056_GHL_id_25_Sensor_tr_50000_1st_105568.csv,GHL,PCA,100,driver_fixed,99,0.000494997525012,False,False,0.00104217542631,0.0157199214004,200001,False
057_SMD_id_1_Facility_tr_4529_1st_4629.csv,SMD,PCA,100,driver_fixed,99,0.0041782729805,False,False,-0.370850679595,0.0228749894488,23694,False
058_SMD_id_2_Facility_tr_1087_1st_1187.csv,SMD,PCA,100,driver_fixed,99,0.00344635521827,False,,0.0298655341893,0.0415651326325,28726,False
059_SMD_id_3_Facility_tr_757_1st_857.csv,SMD,PCA,100,driver_fixed,99,0.00417915488201,False,False,-0.437414646683,0.0113554814471,23689,False
060_SMD_id_4_Facility_tr_7176_1st_10609.csv,SMD,PCA,100,driver_fixed,99,0.00344887650235,False,False,0.085257832828,0.0151193171921,28705,False
061_SMD_id_5_Facility_tr_7176_1st_15144.csv,SMD,PCA,100,driver_fixed,99,0.00344899665552,False,False,-0.126923700772,0.0477633779264,28704,False
063_SMD_id_7_Facility_tr_5923_1st_6506.csv,SMD,PCA,100,driver_fixed,99,0.0041782729805,False,,0.02374870401,0.0493795897696,23694,False
064_SMD_id_8_Facility_tr_2272_1st_2372.csv,SMD,PCA,100,driver_fixed,99,0.0046691505919,False,False,-0.0623941587719,0.0368815733623,21203,False
065_SMD_id_9_Facility_tr_737_1st_837.csv,SMD,PCA,100,driver_fixed,99,0.00417774401823,False,False,0.00125598904297,0.101194243997,23697,False
066_SMD_id_10_Facility_tr_2634_1st_2734.csv,SMD,PCA,100,driver_fixed,99,0.00417950774687,False,False,0.417909771306,0.0412462532191,23687,False
067_SMD_id_11_Facility_tr_1980_1st_2080.csv,SMD,PCA,100,driver_fixed,99,0.00436065718187,False,False,-0.180589420887,0.0477029467471,22703,False
068_SMD_id_12_Facility_tr_1099_1st_1199.csv,SMD,PCA,100,driver_fixed,99,0.00344791557831,False,False,-0.41527620154,0.0105527113154,28713,False
069_SMD_id_13_Facility_tr_5925_1st_12760.csv,SMD,PCA,100,driver_fixed,99,0.00417721518987,False,,0.0954153973391,0.119535864979,23700,False
070_SMD_id_14_Facility_tr_1070_1st_1170.csv,SMD,PCA,100,driver_fixed,99,0.00344431687715,False,,-0.298908771705,0.0147514177365,28743,False
071_SMD_id_15_Facility_tr_1109_1st_1209.csv,SMD,PCA,100,driver_fixed,99,0.00344947735192,False,False,-0.310126146617,0.0107317073171,28700,False
073_SMD_id_17_Facility_tr_5926_1st_10620.csv,SMD,PCA,100,driver_fixed,99,0.0041761579347,False,,-0.103616701348,0.00421834134818,23706,False
074_SMD_id_18_Facility_tr_7174_1st_21230.csv,SMD,PCA,100,driver_fixed,99,0.00344995818233,False,False,-0.601126605911,0.00689991636465,28696,False
075_SMD_id_19_Facility_tr_564_1st_664.csv,SMD,PCA,100,driver_fixed,99,0.00417792032411,False,False,-0.592548575545,0.0175979068197,23696,False
076_SMD_id_20_Facility_tr_5925_1st_17580.csv,SMD,PCA,100,driver_fixed,99,0.00417668649538,False,False,-0.11909343083,0.00679238914905,23703,False
077_SMD_id_21_Facility_tr_3026_1st_3126.csv,SMD,PCA,100,driver_fixed,99,0.00466826991088,False,False,-0.0687582465978,0.0324421181685,21207,False
078_SMD_id_22_Facility_tr_500_1st_326.csv,SMD,PCA,100,driver_fixed,99,0.00417844933103,False,False,-0.717427635266,0.0441902671675,23693,False
079_LTDB_id_1_Medical_tr_3618_1st_3718.csv,LTDB,PCA,100,driver_fixed,99,0.00099,False,,-0.398611165648,0.14781,100000,False
080_LTDB_id_2_Medical_tr_500_1st_266.csv,LTDB,PCA,100,driver_fixed,99,0.00099,False,False,0.0145785225659,0.14857,100000,False
081_LTDB_id_3_Medical_tr_500_1st_26.csv,LTDB,PCA,100,driver_fixed,99,0.00099,True,,-0.076297416399,0.31565,100000,False
083_LTDB_id_5_Medical_tr_15502_1st_15602.csv,LTDB,PCA,100,driver_fixed,99,0.00099,False,,-0.0532993919401,0.00505,100000,False
084_SVDB_id_1_Medical_tr_12973_1st_13073.csv,SVDB,PCA,100,driver_fixed,99,0.0004296875,False,,-0.0335799486337,0.0153515625,230400,False
085_SVDB_id_2_Medical_tr_50000_1st_54982.csv,SVDB,PCA,100,driver_fixed,99,0.0004296875,False,,-0.186364133369,0.0372309027778,230400,False
086_SVDB_id_3_Medical_tr_533_1st_633.csv,SVDB,PCA,100,driver_fixed,99,0.0004296875,False,,-0.0754922650876,0.0699696180556,230400,False
087_SVDB_id_4_Medical_tr_5421_1st_5521.csv,SVDB,PCA,100,driver_fixed,99,0.0004296875,False,,-0.131330952889,0.0555946180556,230400,False
088_SVDB_id_5_Medical_tr_500_1st_168.csv,SVDB,PCA,100,driver_fixed,99,0.0004296875,False,,-0.0172035726765,0.0992100694444,230400,False
089_SVDB_id_6_Medical_tr_50000_1st_83083.csv,SVDB,PCA,100,driver_fixed,99,0.0004296875,False,,-0.0233233423935,0.0134895833333,230400,False
091_SVDB_id_8_Medical_tr_500_1st_126.csv,SVDB,PCA,100,driver_fixed,99,0.0004296875,False,,-0.0938814124293,0.0773524305556,230400,False
092_SVDB_id_9_Medical_tr_2674_1st_2774.csv,SVDB,PCA,100,driver_fixed,99,0.0004296875,False,,-0.0466917418759,0.0525260416667,230400,False
093_SVDB_id_10_Medical_tr_500_1st_37.csv,SVDB,PCA,100,driver_fixed,99,0.0004296875,True,,-0.399035867159,0.0785894097222,230400,False
094_SVDB_id_11_Medical_tr_20100_1st_23611.csv,SVDB,PCA,100,driver_fixed,99,0.00123134328358,False,,-0.276830495589,0.0117537313433,80400,False
095_SVDB_id_12_Medical_tr_6264_1st_6364.csv,SVDB,PCA,100,driver_fixed,99,0.0004296875,False,,0.0184763052504,0.0323958333333,230400,False
096_SVDB_id_13_Medical_tr_500_1st_444.csv,SVDB,PCA,100,driver_fixed,99,0.0004296875,False,,-0.0338983324334,0.0335633680556,230400,False
097_SVDB_id_14_Medical_tr_1031_1st_1131.csv,SVDB,PCA,100,driver_fixed,99,0.0004296875,False,,-0.408541550064,0.120611979167,230400,False
098_SVDB_id_15_Medical_tr_500_1st_303.csv,SVDB,PCA,100,driver_fixed,99,0.0004296875,False,,-0.19720814047,0.0633637152778,230400,False
099_SVDB_id_16_Medical_tr_1115_1st_1215.csv,SVDB,PCA,100,driver_fixed,99,0.0004296875,False,,-0.398228821904,0.0711328125,230400,False
100_SVDB_id_17_Medical_tr_17803_1st_17903.csv,SVDB,PCA,100,driver_fixed,99,0.000759202453988,False,,-0.0228561532575,0.030222392638,130400,False
101_SVDB_id_18_Medical_tr_1851_1st_1951.csv,SVDB,PCA,100,driver_fixed,99,0.0004296875,False,,-0.177115719171,0.0698871527778,230400,False
102_SVDB_id_19_Medical_tr_50000_1st_107354.csv,SVDB,PCA,100,driver_fixed,99,0.0004296875,False,,-0.00912846815503,0.0580555555556,230400,False
103_SVDB_id_20_Medical_tr_12167_1st_12267.csv,SVDB,PCA,100,driver_fixed,99,0.0004296875,False,,-0.010602695531,0.0266970486111,230400,False
104_SVDB_id_21_Medical_tr_50000_1st_106634.csv,SVDB,PCA,100,driver_fixed,99,0.0004296875,False,,-0.132396158924,0.0152039930556,230400,False
105_SVDB_id_22_Medical_tr_500_1st_417.csv,SVDB,PCA,100,driver_fixed,99,0.00066,False,,-0.0944978946621,0.0855133333333,150000,False
106_SVDB_id_23_Medical_tr_37500_1st_121963.csv,SVDB,PCA,100,driver_fixed,99,0.00066,False,,0.0175161695835,0.00450666666667,150000,False
108_SVDB_id_25_Medical_tr_1238_1st_1338.csv,SVDB,PCA,100,driver_fixed,99,0.0004296875,False,,-0.193622568378,0.0305902777778,230400,False
109_SVDB_id_26_Medical_tr_1038_1st_1138.csv,SVDB,PCA,100,driver_fixed,99,0.0004296875,False,,-0.0597878333992,0.0903645833333,230400,False
110_SVDB_id_27_Medical_tr_30824_1st_30924.csv,SVDB,PCA,100,driver_fixed,99,0.0004296875,False,,0.0132255728064,0.0340581597222,230400,False
111_SVDB_id_28_Medical_tr_1791_1st_1891.csv,SVDB,PCA,100,driver_fixed,99,0.0004296875,False,,-0.114176499562,0.0953993055556,230400,False
112_SVDB_id_29_Medical_tr_8226_1st_8326.csv,SVDB,PCA,100,driver_fixed,99,0.0004296875,False,,-0.00637710627334,0.0111067708333,230400,False
114_SVDB_id_31_Medical_tr_25000_1st_63090.csv,SVDB,PCA,100,driver_fixed,99,0.00099,False,,0.000729884384023,0.00497,100000,False
115_PSM_id_1_Facility_tr_50000_1st_129872.csv,PSM,PCA,100,driver_fixed,99,0.000454913061059,False,,-0.016339553764,0.112032680219,217624,False
116_TAO_id_1_Environment_tr_500_1st_3.csv,TAO,PCA,100,driver_fixed,99,0.0099,True,True,-0.0113499967563,0.0492,10000,False
117_TAO_id_2_Environment_tr_500_1st_1.csv,TAO,PCA,100,driver_fixed,99,0.0099,True,,0.000314037719297,0.1395,10000,False
118_TAO_id_3_Environment_tr_500_1st_7.csv,TAO,PCA,100,driver_fixed,99,0.0099,True,True,-0.0172487126125,0.0488,10000,False
119_TAO_id_4_Environment_tr_500_1st_1.csv,TAO,PCA,100,driver_fixed,99,0.0099,True,True,-0.0107217966186,0.0945,10000,False
121_TAO_id_6_Environment_tr_500_1st_7.csv,TAO,PCA,100,driver_fixed,99,0.0099,True,,0.00194376074634,0.1409,10000,False
122_TAO_id_7_Environment_tr_500_1st_19.csv,TAO,PCA,100,driver_fixed,99,0.0099,True,True,-0.0137388953399,0.0948,10000,False
123_TAO_id_8_Environment_tr_500_1st_62.csv,TAO,PCA,100,driver_fixed,99,0.0099,True,True,-0.00957272423341,0.0487,10000,False
124_TAO_id_9_Environment_tr_500_1st_1.csv,TAO,PCA,100,driver_fixed,99,0.0099,True,True,-0.0135613049991,0.0483,10000,False
125_TAO_id_10_Environment_tr_500_1st_9.csv,TAO,PCA,100,driver_fixed,99,0.0099,True,True,-0.00870779806993,0.0943,10000,False
127_TAO_id_12_Environment_tr_500_1st_24.csv,TAO,PCA,100,driver_fixed,99,0.0099,True,True,-0.0116880201689,0.0485,10000,False
128_TAO_id_13_Environment_tr_500_1st_7.csv,TAO,PCA,100,driver_fixed,99,0.0099,True,,0.00194376074634,0.1409,10000,False
129_OPPORTUNITY_id_1_HumanActivity_tr_1801_1st_1901.csv,OPPORTUNITY,PCA,100,driver_fixed,99,0.00400923338598,False,False,-0.149136621388,0.0291985582959,24693,False
130_OPPORTUNITY_id_2_HumanActivity_tr_1045_1st_1145.csv,OPPORTUNITY,PCA,100,driver_fixed,99,0.0191786129407,False,False,-0.193047341716,0.0908562572646,5162,False
132_OPPORTUNITY_id_4_HumanActivity_tr_895_1st_995.csv,OPPORTUNITY,PCA,100,driver_fixed,99,0.0106188994959,False,False,-0.181934777304,0.0469805856484,9323,False
133_OPPORTUNITY_id_5_HumanActivity_tr_1745_1st_6500.csv,OPPORTUNITY,PCA,100,driver_fixed,99,0.0141833810888,False,False,0.0265088282507,0.0687679083095,6980,False
134_OPPORTUNITY_id_6_HumanActivity_tr_1477_1st_1577.csv,OPPORTUNITY,PCA,100,driver_fixed,99,0.00599455040872,False,False,-0.482380779072,0.0214956100515,16515,False
135_OPPORTUNITY_id_7_HumanActivity_tr_2085_1st_2185.csv,OPPORTUNITY,PCA,100,driver_fixed,99,0.00456095088916,False,False,-0.273083772297,0.0376854325993,21706,False
136_OPPORTUNITY_id_8_HumanActivity_tr_1495_1st_1595.csv,OPPORTUNITY,PCA,100,driver_fixed,99,0.00367088138233,False,False,-0.142488175051,0.0231747562016,26969,False
137_CreditCard_id_1_Finance_tr_500_1st_541.csv,CreditCard,PCA,100,driver_fixed,99,0.000347603815917,False,False,-0.00341784213785,0.00172748563062,284807,False
138_CATSv2_id_1_Sensor_tr_16568_1st_16668.csv,CATSv2,PCA,100,driver_fixed,99,0.00099,False,False,-0.200659477253,0.02,100000,False
139_CATSv2_id_2_Sensor_tr_5592_1st_5692.csv,CATSv2,PCA,100,driver_fixed,99,0.000507692307692,False,False,-0.153412817313,0.0338461538462,195000,False
141_CATSv2_id_4_Sensor_tr_41727_1st_41827.csv,CATSv2,PCA,100,driver_fixed,99,0.000507692307692,False,False,-0.0258943198044,0.0302564102564,195000,False
142_CATSv2_id_5_Sensor_tr_30704_1st_30804.csv,CATSv2,PCA,100,driver_fixed,99,0.000282857142857,False,False,-0.129646746236,0.0488571428571,350000,False
143_CATSv2_id_6_Sensor_tr_50000_1st_60232.csv,CATSv2,PCA,100,driver_fixed,99,0.000495,False,False,-0.0580623286775,0.02,200000,False
144_SMAP_id_1_Sensor_tr_2052_1st_5300.csv,SMAP,PCA,100,driver_fixed,99,0.0120599342185,False,,0.760969883458,0.136557436959,8209,False
145_SMAP_id_2_Sensor_tr_2133_1st_5400.csv,SMAP,PCA,100,driver_fixed,99,0.0116033755274,False,,-0.0843563215165,0.0730192217534,8532,False
146_SMAP_id_3_Sensor_tr_2128_1st_5000.csv,SMAP,PCA,100,driver_fixed,99,0.0116279069767,False,,-0.0372481948132,0.0346488137186,8514,False
147_SMAP_id_4_Sensor_tr_2160_1st_6449.csv,SMAP,PCA,100,driver_fixed,99,0.0114583333333,False,,-0.000215580551159,0.0140046296296,8640,False
148_SMAP_id_5_Sensor_tr_2011_1st_5060.csv,SMAP,PCA,100,driver_fixed,99,0.0123073097961,False,False,-0.0022635647766,0.00882645450025,8044,False
150_SMAP_id_7_Sensor_tr_2077_1st_5394.csv,SMAP,PCA,100,driver_fixed,99,0.0119133574007,False,,0.409022577191,0.0338146811071,8310,False
151_SMAP_id_8_Sensor_tr_1971_1st_4870.csv,SMAP,PCA,100,driver_fixed,99,0.0125570776256,False,,-0.1263382138,0.0102739726027,7884,False
152_SMAP_id_9_Sensor_tr_2073_1st_5600.csv,SMAP,PCA,100,driver_fixed,99,0.0119363395225,False,,0.164875096508,0.0387026766337,8294,False
153_SMAP_id_10_Sensor_tr_1840_1st_4030.csv,SMAP,PCA,100,driver_fixed,99,0.0134492596115,False,,-0.0605640900312,0.00556989539465,7361,False
154_SMAP_id_11_Sensor_tr_2117_1st_4770.csv,SMAP,PCA,100,driver_fixed,99,0.0116896918172,False,False,0.00441277353871,0.0142874011099,8469,False
155_SMAP_id_12_Sensor_tr_1907_1st_4800.csv,SMAP,PCA,100,driver_fixed,99,0.0129785002622,False,,0.0341891689001,0.00668589407446,7628,False
156_SMAP_id_13_Sensor_tr_1173_1st_2750.csv,SMAP,PCA,100,driver_fixed,99,0.0210952482421,False,False,-0.475881570565,0.0108672490944,4693,False
157_SMAP_id_14_Sensor_tr_2126_1st_5000.csv,SMAP,PCA,100,driver_fixed,99,0.0116402116402,False,,-0.0690843897438,0.0378600823045,8505,False
158_SMAP_id_15_Sensor_tr_2075_1st_5610.csv,SMAP,PCA,100,driver_fixed,99,0.0119277108434,False,,0.372858579357,0.00795180722892,8300,False
159_SMAP_id_16_Sensor_tr_1757_1st_2650.csv,SMAP,PCA,100,driver_fixed,99,0.0140845070423,False,,-0.546074206833,0.0381277564376,7029,False
160_SMAP_id_17_Sensor_tr_1832_1st_5300.csv,SMAP,PCA,100,driver_fixed,99,0.0135042968217,False,,0.00515093060144,0.0611103532942,7331,False
161_SMAP_id_18_Sensor_tr_2075_1st_5550.csv,SMAP,PCA,100,driver_fixed,99,0.0119248373886,False,,-0.0202871713033,0.0422789689232,8302,False
162_SMAP_id_19_Sensor_tr_1908_1st_4690.csv,SMAP,PCA,100,driver_fixed,99,0.0129716981132,False,,-0.0184223484685,0.00406184486373,7632,False
163_SMAP_id_20_Sensor_tr_2051_1st_4575.csv,SMAP,PCA,100,driver_fixed,99,0.0120658135283,False,,0.000818833363638,0.0226691042048,8205,False
165_SMAP_id_22_Sensor_tr_2129_1st_5000.csv,SMAP,PCA,100,driver_fixed,99,0.011625176139,False,,-0.026601310643,0.059652418976,8516,False
166_SMAP_id_23_Sensor_tr_1113_1st_1890.csv,SMAP,PCA,100,driver_fixed,99,0.0222322030092,False,False,-0.516870351527,0.00920727599371,4453,False
167_SMAP_id_24_Sensor_tr_2094_1st_5600.csv,SMAP,PCA,100,driver_fixed,99,0.0118194842407,False,False,-0.320931130544,0.00489493791786,8376,False
168_SMAP_id_25_Sensor_tr_1998_1st_2098.csv,SMAP,PCA,100,driver_fixed,99,0.0115398065043,False,,-0.0077981816055,0.0214477211796,8579,False
169_SMAP_id_26_Sensor_tr_1811_1st_4510.csv,SMAP,PCA,100,driver_fixed,99,0.0136664826063,False,,-0.0710822703931,0.011181667587,7244,False
170_SMAP_id_27_Sensor_tr_2160_1st_4690.csv,SMAP,PCA,100,driver_fixed,99,0.0114583333333,False,,-0.140329982329,0.00983796296296,8640,False
171_SWaT_id_1_Sensor_tr_3749_1st_9522.csv,SWaT,PCA,100,driver_fixed,99,0.00660176046946,False,False,0.212181764452,0.132435316084,14996,False
172_SWaT_id_2_Sensor_tr_23700_1st_23800.csv,SWaT,PCA,100,driver_fixed,99,0.000247550128901,False,False,-0.054310393042,0.125320377376,399919,False
173_GECCO_id_1_Sensor_tr_16165_1st_16265.csv,GECCO,PCA,100,driver_fixed,99,0.000714693079028,False,False,-0.0277775360871,0.0124602045899,138521,False
174_Exathlon_id_1_Facility_tr_10766_1st_12590.csv,Exathlon,PCA,100,driver_fixed,99,0.002298797195,False,,0.0722913844994,0.126248084336,43066,False
175_Exathlon_id_2_Facility_tr_10684_1st_10784.csv,Exathlon,PCA,100,driver_fixed,99,0.00212191358025,False,,0.0573028307013,0.0811685528121,46656,False
176_Exathlon_id_3_Facility_tr_10766_1st_12590.csv,Exathlon,PCA,100,driver_fixed,99,0.002298797195,False,,-0.00676635367887,0.126248084336,43066,False
177_Exathlon_id_4_Facility_tr_11665_1st_13484.csv,Exathlon,PCA,100,driver_fixed,99,0.00212173167595,False,,-0.12222989267,0.0627518216888,46660,False
179_Exathlon_id_6_Facility_tr_11665_1st_13484.csv,Exathlon,PCA,100,driver_fixed,99,0.00212173167595,False,False,-0.116268417986,0.0627518216888,46660,False
180_Exathlon_id_7_Facility_tr_10766_1st_12590.csv,Exathlon,PCA,100,driver_fixed,99,0.002298797195,False,,-0.00676635367887,0.126248084336,43066,False
181_Exathlon_id_8_Facility_tr_11663_1st_13482.csv,Exathlon,PCA,100,driver_fixed,99,0.00212195906119,False,,-0.357762012463,0.0631872253778,46655,False
182_Exathlon_id_9_Facility_tr_10766_1st_12590.csv,Exathlon,PCA,100,driver_fixed,99,0.002298797195,False,,-0.00676635367887,0.126248084336,43066,False
183_Exathlon_id_10_Facility_tr_11665_1st_13484.csv,Exathlon,PCA,100,driver_fixed,99,0.00212173167595,False,,-0.12222989267,0.0627518216888,46660,False
184_Exathlon_id_11_Facility_tr_11665_1st_13484.csv,Exathlon,PCA,100,driver_fixed,99,0.00212173167595,False,,-0.12222989267,0.0627518216888,46660,False
185_Exathlon_id_12_Facility_tr_11665_1st_13484.csv,Exathlon,PCA,100,driver_fixed,99,0.00212173167595,False,,-0.12222989267,0.0627518216888,46660,False
186_Exathlon_id_13_Facility_tr_10766_1st_12590.csv,Exathlon,PCA,100,driver_fixed,99,0.002298797195,False,,-0.00676635367887,0.126248084336,43066,False
187_Exathlon_id_14_Facility_tr_6193_1st_6293.csv,Exathlon,PCA,100,driver_fixed,99,0.00212173167595,False,,-0.0814201402323,0.124667809687,46660,False
188_Exathlon_id_15_Facility_tr_12538_1st_12638.csv,Exathlon,PCA,100,driver_fixed,99,0.000766271662655,False,False,-0.0350340659014,0.124654597243,129197,False
189_Exathlon_id_16_Facility_tr_11663_1st_13482.csv,Exathlon,PCA,100,driver_fixed,99,0.00212195906119,False,,-0.357762012463,0.0631872253778,46655,False
190_Exathlon_id_17_Facility_tr_12538_1st_12638.csv,Exathlon,PCA,100,driver_fixed,99,0.000766271662655,False,False,-0.0350340659014,0.124654597243,129197,False
191_Exathlon_id_18_Facility_tr_11665_1st_13484.csv,Exathlon,PCA,100,driver_fixed,99,0.00212173167595,False,,-0.12222989267,0.0627518216888,46660,False
192_Exathlon_id_19_Facility_tr_11665_1st_13484.csv,Exathlon,PCA,100,driver_fixed,99,0.00212173167595,False,,-0.12222989267,0.0627518216888,46660,False
193_Exathlon_id_20_Facility_tr_8898_1st_8998.csv,Exathlon,PCA,100,driver_fixed,99,0.00212218649518,False,,0.0649132363461,0.0834083601286,46650,False
194_Exathlon_id_21_Facility_tr_6985_1st_7085.csv,Exathlon,PCA,100,driver_fixed,99,0.00212223198782,False,,-0.0497813120807,0.104096550837,46649,False
196_Exathlon_id_23_Facility_tr_11665_1st_13484.csv,Exathlon,PCA,100,driver_fixed,99,0.00212173167595,False,,-0.12222989267,0.0627518216888,46660,False
197_Exathlon_id_24_Facility_tr_10766_1st_12590.csv,Exathlon,PCA,100,driver_fixed,99,0.002298797195,False,,-0.00676635367887,0.126248084336,43066,False
198_Exathlon_id_25_Facility_tr_12538_1st_12638.csv,Exathlon,PCA,100,driver_fixed,99,0.000766271662655,False,False,-0.0350340659014,0.124654597243,129197,False
199_Exathlon_id_26_Facility_tr_12538_1st_12638.csv,Exathlon,PCA,100,driver_fixed,99,0.000766271662655,False,False,-0.0350340659014,0.124654597243,129197,False
200_Exathlon_id_27_Facility_tr_10766_1st_12590.csv,Exathlon,PCA,100,driver_fixed,99,0.002298797195,False,,-0.00676635367887,0.126248084336,43066,False
001_Genesis_id_1_Sensor_tr_4055_1st_15538.csv,Genesis,RobustPCA,,training_ACF_unknown_6_to_303,,,,,-9.09117367217e-05,0.00308261405672,16220,False
002_MSL_id_1_Sensor_tr_500_1st_900.csv,MSL,RobustPCA,,training_ACF_unknown_6_to_303,,,,,0.00503408654509,0.00602079912425,1827,False
003_MSL_id_2_Sensor_tr_883_1st_1238.csv,MSL,RobustPCA,,training_ACF_unknown_6_to_303,,,,,0.00389957622117,0.0644978783593,3535,False
005_MSL_id_4_Sensor_tr_855_1st_2700.csv,MSL,RobustPCA,,training_ACF_unknown_6_to_303,,,,,0.00584854674461,0.020748100526,3422,False
006_MSL_id_5_Sensor_tr_1150_1st_1250.csv,MSL,RobustPCA,,training_ACF_unknown_6_to_303,,,,,-0.0954328745872,0.083696082311,5054,False
007_MSL_id_6_Sensor_tr_980_1st_3550.csv,MSL,RobustPCA,,training_ACF_unknown_6_to_303,,,,,-0.487895698218,0.0385007649159,3922,False
008_MSL_id_7_Sensor_tr_656_1st_1630.csv,MSL,RobustPCA,,training_ACF_unknown_6_to_303,,,,,-0.0311568645088,0.0845714285714,2625,False
009_MSL_id_8_Sensor_tr_714_1st_1390.csv,MSL,RobustPCA,,training_ACF_unknown_6_to_303,,,,,3.84830340894e-05,0.00735294117647,2856,False
010_MSL_id_9_Sensor_tr_554_1st_1172.csv,MSL,RobustPCA,,training_ACF_unknown_6_to_303,,,,,-0.00527213972274,0.0311231393775,2217,False
012_MSL_id_11_Sensor_tr_539_1st_940.csv,MSL,RobustPCA,,training_ACF_unknown_6_to_303,,,,,0.013439710557,0.0468460111317,2156,False
013_MSL_id_12_Sensor_tr_554_1st_1200.csv,MSL,RobustPCA,,training_ACF_unknown_6_to_303,,,,,-0.0010455959378,0.0117222723174,2218,False
014_MSL_id_13_Sensor_tr_1525_1st_4575.csv,MSL,RobustPCA,,training_ACF_unknown_6_to_303,,,,,0.0116542650762,0.0296721311475,6100,False
015_MSL_id_14_Sensor_tr_575_1st_1250.csv,MSL,RobustPCA,,training_ACF_unknown_6_to_303,,,,,-0.0646255183554,0.130699088146,2303,False
016_MSL_id_15_Sensor_tr_500_1st_780.csv,MSL,RobustPCA,,training_ACF_unknown_6_to_303,,,,,-0.0285408582564,0.102189781022,1096,False
017_MSL_id_16_Sensor_tr_512_1st_1850.csv,MSL,RobustPCA,,training_ACF_unknown_6_to_303,,,,,-0.728506317349,0.0883357735481,2049,False
018_Daphnet_id_1_HumanActivity_tr_9693_1st_20732.csv,Daphnet,RobustPCA,,training_ACF_unknown_6_to_303,,,,,0.0966869655121,0.0594728426265,38774,False
019_MITDB_id_1_Medical_tr_37500_1st_103211.csv,MITDB,RobustPCA,,training_ACF_unknown_6_to_303,,,,,0.0182777475741,0.124066666667,150000,False
020_MITDB_id_2_Medical_tr_50000_1st_52315.csv,MITDB,RobustPCA,,training_ACF_unknown_6_to_303,,,,,-0.018994055335,0.00161076923077,650000,False
021_MITDB_id_3_Medical_tr_50000_1st_57595.csv,MITDB,RobustPCA,,training_ACF_unknown_6_to_303,,,,,-0.00268432968684,0.01762,500000,False
022_MITDB_id_4_Medical_tr_50000_1st_54253.csv,MITDB,RobustPCA,,training_ACF_unknown_6_to_303,,,,,0.0176065645143,0.04431,300000,False
024_MITDB_id_6_Medical_tr_50000_1st_58118.csv,MITDB,RobustPCA,,training_ACF_unknown_6_to_303,,,,,0.14151570447,0.001765,200000,False
025_MITDB_id_7_Medical_tr_37500_1st_88864.csv,MITDB,RobustPCA,,training_ACF_unknown_6_to_303,,,,,0.134141895195,0.02464,150000,False
026_MITDB_id_8_Medical_tr_30495_1st_30595.csv,MITDB,RobustPCA,,training_ACF_unknown_6_to_303,,,,,0.0398249251791,0.0655825,400000,False
027_MITDB_id_9_Medical_tr_25000_1st_52255.csv,MITDB,RobustPCA,,training_ACF_unknown_6_to_303,,,,,0.00218540361393,0.00433,100000,False
029_MITDB_id_11_Medical_tr_50000_1st_518037.csv,MITDB,RobustPCA,,training_ACF_unknown_6_to_303,,,,,0.169151600896,0.00291666666667,600000,False
030_MITDB_id_12_Medical_tr_50000_1st_84572.csv,MITDB,RobustPCA,,training_ACF_unknown_6_to_303,,,,,0.00292088322917,0.0431790322581,620000,False
031_MITDB_id_13_Medical_tr_50000_1st_79433.csv,MITDB,RobustPCA,,training_ACF_unknown_6_to_303,,,,,-0.000545622738759,0.0217933333333,450000,False
032_GHL_id_1_Sensor_tr_50000_1st_65001.csv,GHL,RobustPCA,,training_ACF_unknown_6_to_303,,,,,0.0013964205801,0.00924995375023,200001,False
033_GHL_id_2_Sensor_tr_50000_1st_51001.csv,GHL,RobustPCA,,training_ACF_unknown_6_to_303,,,,,-2.25849198286e-05,0.00923495382523,200001,False
034_GHL_id_3_Sensor_tr_50000_1st_122001.csv,GHL,RobustPCA,,training_ACF_unknown_6_to_303,,,,,0.0119633195953,0.00959495202524,200001,False
035_GHL_id_4_Sensor_tr_50000_1st_90001.csv,GHL,RobustPCA,,training_ACF_unknown_6_to_303,,,,,0.178848170049,0.0135649321753,200001,False
036_GHL_id_5_Sensor_tr_50000_1st_67147.csv,GHL,RobustPCA,,training_ACF_unknown_6_to_303,,,,,-0.295459282025,0.0114149429253,200001,False
037_GHL_id_6_Sensor_tr_50000_1st_80001.csv,GHL,RobustPCA,,training_ACF_unknown_6_to_303,,,,,0.0152393408099,0.00932995335023,200001,False
038_GHL_id_7_Sensor_tr_50000_1st_100001.csv,GHL,RobustPCA,,training_ACF_unknown_6_to_303,,,,,0.173664902725,0.00847495762521,200001,False
039_GHL_id_8_Sensor_tr_50000_1st_63030.csv,GHL,RobustPCA,,training_ACF_unknown_6_to_303,,,,,0.00122215119544,0.00583997080015,200001,False
041_GHL_id_10_Sensor_tr_50000_1st_57001.csv,GHL,RobustPCA,,training_ACF_unknown_6_to_303,,,,,0.0196886979022,0.00927495362523,200001,False
042_GHL_id_11_Sensor_tr_50000_1st_150001.csv,GHL,RobustPCA,,training_ACF_unknown_6_to_303,,,,,0.218780126526,0.00772996135019,200001,False
043_GHL_id_12_Sensor_tr_39938_1st_40038.csv,GHL,RobustPCA,,training_ACF_unknown_6_to_303,,,,,0.0479029851693,0.00525497372513,200001,False
044_GHL_id_13_Sensor_tr_50000_1st_145001.csv,GHL,RobustPCA,,training_ACF_unknown_6_to_303,,,,,-0.00174531703761,0.00924495377523,200001,False
045_GHL_id_14_Sensor_tr_50000_1st_85076.csv,GHL,RobustPCA,,training_ACF_unknown_6_to_303,,,,,0.135985420014,0.00885495572522,200001,False
046_GHL_id_15_Sensor_tr_50000_1st_156462.csv,GHL,RobustPCA,,training_ACF_unknown_6_to_303,,,,,0.000640649297669,0.00619496902515,200001,False
047_GHL_id_16_Sensor_tr_50000_1st_77001.csv,GHL,RobustPCA,,training_ACF_unknown_6_to_303,,,,,0.0335881791652,0.0136399318003,200001,False
048_GHL_id_17_Sensor_tr_50000_1st_154001.csv,GHL,RobustPCA,,training_ACF_unknown_6_to_303,,,,,0.14791712648,0.0179149104254,200001,False
050_GHL_id_19_Sensor_tr_43750_1st_55001.csv,GHL,RobustPCA,,training_ACF_unknown_6_to_303,,,,,0.0059497568188,0.00645139170633,175001,False
051_GHL_id_20_Sensor_tr_50000_1st_75110.csv,GHL,RobustPCA,,training_ACF_unknown_6_to_303,,,,,0.0210194272967,0.00595497022515,200001,False
052_GHL_id_21_Sensor_tr_50000_1st_98001.csv,GHL,RobustPCA,,training_ACF_unknown_6_to_303,,,,,0.00337164687785,0.00485497572512,200001,False
053_GHL_id_22_Sensor_tr_50000_1st_126448.csv,GHL,RobustPCA,,training_ACF_unknown_6_to_303,,,,,-0.0361632017185,0.0324598377008,200001,False
054_GHL_id_23_Sensor_tr_50000_1st_135001.csv,GHL,RobustPCA,,training_ACF_unknown_6_to_303,,,,,0.11346444684,0.0186699066505,200001,False
055_GHL_id_24_Sensor_tr_50000_1st_118124.csv,GHL,RobustPCA,,training_ACF_unknown_6_to_303,,,,,0.0321831366636,0.00504497477513,200001,False
056_GHL_id_25_Sensor_tr_50000_1st_105568.csv,GHL,RobustPCA,,training_ACF_unknown_6_to_303,,,,,0.16788064785,0.0157199214004,200001,False
057_SMD_id_1_Facility_tr_4529_1st_4629.csv,SMD,RobustPCA,,training_ACF_unknown_6_to_303,,,,,0.269132032461,0.0228749894488,23694,False
058_SMD_id_2_Facility_tr_1087_1st_1187.csv,SMD,RobustPCA,,training_ACF_unknown_6_to_303,,,,,0.0534108057174,0.0415651326325,28726,False
059_SMD_id_3_Facility_tr_757_1st_857.csv,SMD,RobustPCA,,training_ACF_unknown_6_to_303,,,,,0.420893900225,0.0113554814471,23689,False
060_SMD_id_4_Facility_tr_7176_1st_10609.csv,SMD,RobustPCA,,training_ACF_unknown_6_to_303,,,,,0.0153224767662,0.0151193171921,28705,False
061_SMD_id_5_Facility_tr_7176_1st_15144.csv,SMD,RobustPCA,,training_ACF_unknown_6_to_303,,,,,-0.115896122391,0.0477633779264,28704,False
063_SMD_id_7_Facility_tr_5923_1st_6506.csv,SMD,RobustPCA,,training_ACF_unknown_6_to_303,,,,,0.0438891320695,0.0493795897696,23694,False
064_SMD_id_8_Facility_tr_2272_1st_2372.csv,SMD,RobustPCA,,training_ACF_unknown_6_to_303,,,,,0.135584101261,0.0368815733623,21203,False
065_SMD_id_9_Facility_tr_737_1st_837.csv,SMD,RobustPCA,,training_ACF_unknown_6_to_303,,,,,0.0501145241316,0.101194243997,23697,False
066_SMD_id_10_Facility_tr_2634_1st_2734.csv,SMD,RobustPCA,,training_ACF_unknown_6_to_303,,,,,0.106500882844,0.0412462532191,23687,False
067_SMD_id_11_Facility_tr_1980_1st_2080.csv,SMD,RobustPCA,,training_ACF_unknown_6_to_303,,,,,-0.00428335483137,0.0477029467471,22703,False
068_SMD_id_12_Facility_tr_1099_1st_1199.csv,SMD,RobustPCA,,training_ACF_unknown_6_to_303,,,,,0.0179758377494,0.0105527113154,28713,False
069_SMD_id_13_Facility_tr_5925_1st_12760.csv,SMD,RobustPCA,,training_ACF_unknown_6_to_303,,,,,-0.0401547095558,0.119535864979,23700,False
070_SMD_id_14_Facility_tr_1070_1st_1170.csv,SMD,RobustPCA,,training_ACF_unknown_6_to_303,,,,,0.0943870218467,0.0147514177365,28743,False
071_SMD_id_15_Facility_tr_1109_1st_1209.csv,SMD,RobustPCA,,training_ACF_unknown_6_to_303,,,,,-0.061519730234,0.0107317073171,28700,False
073_SMD_id_17_Facility_tr_5926_1st_10620.csv,SMD,RobustPCA,,training_ACF_unknown_6_to_303,,,,,0.193777893471,0.00421834134818,23706,False
074_SMD_id_18_Facility_tr_7174_1st_21230.csv,SMD,RobustPCA,,training_ACF_unknown_6_to_303,,,,,0.00323953494696,0.00689991636465,28696,False
075_SMD_id_19_Facility_tr_564_1st_664.csv,SMD,RobustPCA,,training_ACF_unknown_6_to_303,,,,,0.568307397954,0.0175979068197,23696,False
076_SMD_id_20_Facility_tr_5925_1st_17580.csv,SMD,RobustPCA,,training_ACF_unknown_6_to_303,,,,,0.745561922768,0.00679238914905,23703,False
077_SMD_id_21_Facility_tr_3026_1st_3126.csv,SMD,RobustPCA,,training_ACF_unknown_6_to_303,,,,,0.143407553373,0.0324421181685,21207,False
078_SMD_id_22_Facility_tr_500_1st_326.csv,SMD,RobustPCA,,training_ACF_unknown_6_to_303,,,,,0.420366986133,0.0441902671675,23693,False
079_LTDB_id_1_Medical_tr_3618_1st_3718.csv,LTDB,RobustPCA,,training_ACF_unknown_6_to_303,,,,,0.0225242494297,0.14781,100000,False
080_LTDB_id_2_Medical_tr_500_1st_266.csv,LTDB,RobustPCA,,training_ACF_unknown_6_to_303,,,,,0.00889820976683,0.14857,100000,False
081_LTDB_id_3_Medical_tr_500_1st_26.csv,LTDB,RobustPCA,,training_ACF_unknown_6_to_303,,,,,0.157043948106,0.31565,100000,False
083_LTDB_id_5_Medical_tr_15502_1st_15602.csv,LTDB,RobustPCA,,training_ACF_unknown_6_to_303,,,,,0.0452178410515,0.00505,100000,False
084_SVDB_id_1_Medical_tr_12973_1st_13073.csv,SVDB,RobustPCA,,training_ACF_unknown_6_to_303,,,,,0.00594881512602,0.0153515625,230400,False
085_SVDB_id_2_Medical_tr_50000_1st_54982.csv,SVDB,RobustPCA,,training_ACF_unknown_6_to_303,,,,,0.0183406144421,0.0372309027778,230400,False
086_SVDB_id_3_Medical_tr_533_1st_633.csv,SVDB,RobustPCA,,training_ACF_unknown_6_to_303,,,,,0.0418322313569,0.0699696180556,230400,False
087_SVDB_id_4_Medical_tr_5421_1st_5521.csv,SVDB,RobustPCA,,training_ACF_unknown_6_to_303,,,,,0.0733503433743,0.0555946180556,230400,False
088_SVDB_id_5_Medical_tr_500_1st_168.csv,SVDB,RobustPCA,,training_ACF_unknown_6_to_303,,,,,-0.00278904308778,0.0992100694444,230400,False
089_SVDB_id_6_Medical_tr_50000_1st_83083.csv,SVDB,RobustPCA,,training_ACF_unknown_6_to_303,,,,,0.00646137231101,0.0134895833333,230400,False
091_SVDB_id_8_Medical_tr_500_1st_126.csv,SVDB,RobustPCA,,training_ACF_unknown_6_to_303,,,,,0.068315868328,0.0773524305556,230400,False
092_SVDB_id_9_Medical_tr_2674_1st_2774.csv,SVDB,RobustPCA,,training_ACF_unknown_6_to_303,,,,,0.0977040471236,0.0525260416667,230400,False
093_SVDB_id_10_Medical_tr_500_1st_37.csv,SVDB,RobustPCA,,training_ACF_unknown_6_to_303,,,,,0.0231047705202,0.0785894097222,230400,False
094_SVDB_id_11_Medical_tr_20100_1st_23611.csv,SVDB,RobustPCA,,training_ACF_unknown_6_to_303,,,,,-0.0137500175667,0.0117537313433,80400,False
095_SVDB_id_12_Medical_tr_6264_1st_6364.csv,SVDB,RobustPCA,,training_ACF_unknown_6_to_303,,,,,0.00678489460977,0.0323958333333,230400,False
096_SVDB_id_13_Medical_tr_500_1st_444.csv,SVDB,RobustPCA,,training_ACF_unknown_6_to_303,,,,,0.00881715859497,0.0335633680556,230400,False
097_SVDB_id_14_Medical_tr_1031_1st_1131.csv,SVDB,RobustPCA,,training_ACF_unknown_6_to_303,,,,,0.117545887288,0.120611979167,230400,False
098_SVDB_id_15_Medical_tr_500_1st_303.csv,SVDB,RobustPCA,,training_ACF_unknown_6_to_303,,,,,0.0048784303224,0.0633637152778,230400,False
099_SVDB_id_16_Medical_tr_1115_1st_1215.csv,SVDB,RobustPCA,,training_ACF_unknown_6_to_303,,,,,0.0964420547139,0.0711328125,230400,False
100_SVDB_id_17_Medical_tr_17803_1st_17903.csv,SVDB,RobustPCA,,training_ACF_unknown_6_to_303,,,,,0.0161037783709,0.030222392638,130400,False
101_SVDB_id_18_Medical_tr_1851_1st_1951.csv,SVDB,RobustPCA,,training_ACF_unknown_6_to_303,,,,,-0.0120474776723,0.0698871527778,230400,False
102_SVDB_id_19_Medical_tr_50000_1st_107354.csv,SVDB,RobustPCA,,training_ACF_unknown_6_to_303,,,,,0.0535448924056,0.0580555555556,230400,False
103_SVDB_id_20_Medical_tr_12167_1st_12267.csv,SVDB,RobustPCA,,training_ACF_unknown_6_to_303,,,,,-0.00249801015929,0.0266970486111,230400,False
104_SVDB_id_21_Medical_tr_50000_1st_106634.csv,SVDB,RobustPCA,,training_ACF_unknown_6_to_303,,,,,0.0702335263165,0.0152039930556,230400,False
105_SVDB_id_22_Medical_tr_500_1st_417.csv,SVDB,RobustPCA,,training_ACF_unknown_6_to_303,,,,,0.012440509633,0.0855133333333,150000,False
106_SVDB_id_23_Medical_tr_37500_1st_121963.csv,SVDB,RobustPCA,,training_ACF_unknown_6_to_303,,,,,0.0105535141722,0.00450666666667,150000,False
108_SVDB_id_25_Medical_tr_1238_1st_1338.csv,SVDB,RobustPCA,,training_ACF_unknown_6_to_303,,,,,-0.0370269089458,0.0305902777778,230400,False
109_SVDB_id_26_Medical_tr_1038_1st_1138.csv,SVDB,RobustPCA,,training_ACF_unknown_6_to_303,,,,,-0.0236442415597,0.0903645833333,230400,False
110_SVDB_id_27_Medical_tr_30824_1st_30924.csv,SVDB,RobustPCA,,training_ACF_unknown_6_to_303,,,,,-0.00412148892372,0.0340581597222,230400,False
111_SVDB_id_28_Medical_tr_1791_1st_1891.csv,SVDB,RobustPCA,,training_ACF_unknown_6_to_303,,,,,0.11212761088,0.0953993055556,230400,False
112_SVDB_id_29_Medical_tr_8226_1st_8326.csv,SVDB,RobustPCA,,training_ACF_unknown_6_to_303,,,,,0.00216544756056,0.0111067708333,230400,False
114_SVDB_id_31_Medical_tr_25000_1st_63090.csv,SVDB,RobustPCA,,training_ACF_unknown_6_to_303,,,,,0.00408186177915,0.00497,100000,False
115_PSM_id_1_Facility_tr_50000_1st_129872.csv,PSM,RobustPCA,,training_ACF_unknown_6_to_303,,,,,0.0294068646549,0.112032680219,217624,False
116_TAO_id_1_Environment_tr_500_1st_3.csv,TAO,RobustPCA,,training_ACF_unknown_6_to_303,,,,,-0.0116989636857,0.0492,10000,False
117_TAO_id_2_Environment_tr_500_1st_1.csv,TAO,RobustPCA,,training_ACF_unknown_6_to_303,,,,,-0.0257856355716,0.1395,10000,False
118_TAO_id_3_Environment_tr_500_1st_7.csv,TAO,RobustPCA,,training_ACF_unknown_6_to_303,,,,,-0.0163395458135,0.0488,10000,False
119_TAO_id_4_Environment_tr_500_1st_1.csv,TAO,RobustPCA,,training_ACF_unknown_6_to_303,,,,,-0.0126578737027,0.0945,10000,False
121_TAO_id_6_Environment_tr_500_1st_7.csv,TAO,RobustPCA,,training_ACF_unknown_6_to_303,,,,,-0.00562717823005,0.1409,10000,False
122_TAO_id_7_Environment_tr_500_1st_19.csv,TAO,RobustPCA,,training_ACF_unknown_6_to_303,,,,,-0.00507126801306,0.0948,10000,False
123_TAO_id_8_Environment_tr_500_1st_62.csv,TAO,RobustPCA,,training_ACF_unknown_6_to_303,,,,,-0.00496960355089,0.0487,10000,False
124_TAO_id_9_Environment_tr_500_1st_1.csv,TAO,RobustPCA,,training_ACF_unknown_6_to_303,,,,,-0.0121883562623,0.0483,10000,False
125_TAO_id_10_Environment_tr_500_1st_9.csv,TAO,RobustPCA,,training_ACF_unknown_6_to_303,,,,,-0.00514971059081,0.0943,10000,False
127_TAO_id_12_Environment_tr_500_1st_24.csv,TAO,RobustPCA,,training_ACF_unknown_6_to_303,,,,,-0.0140361684052,0.0485,10000,False
128_TAO_id_13_Environment_tr_500_1st_7.csv,TAO,RobustPCA,,training_ACF_unknown_6_to_303,,,,,-0.00562717823005,0.1409,10000,False
129_OPPORTUNITY_id_1_HumanActivity_tr_1801_1st_1901.csv,OPPORTUNITY,RobustPCA,,training_ACF_unknown_6_to_303,,,,,0.000767530692143,0.0291985582959,24693,False
130_OPPORTUNITY_id_2_HumanActivity_tr_1045_1st_1145.csv,OPPORTUNITY,RobustPCA,,training_ACF_unknown_6_to_303,,,,,0.0088213403077,0.0908562572646,5162,False
132_OPPORTUNITY_id_4_HumanActivity_tr_895_1st_995.csv,OPPORTUNITY,RobustPCA,,training_ACF_unknown_6_to_303,,,,,0.00069552172228,0.0469805856484,9323,False
133_OPPORTUNITY_id_5_HumanActivity_tr_1745_1st_6500.csv,OPPORTUNITY,RobustPCA,,training_ACF_unknown_6_to_303,,,,,0.143668148153,0.0687679083095,6980,False
134_OPPORTUNITY_id_6_HumanActivity_tr_1477_1st_1577.csv,OPPORTUNITY,RobustPCA,,training_ACF_unknown_6_to_303,,,,,0.00233595031876,0.0214956100515,16515,False
135_OPPORTUNITY_id_7_HumanActivity_tr_2085_1st_2185.csv,OPPORTUNITY,RobustPCA,,training_ACF_unknown_6_to_303,,,,,0.00531198591402,0.0376854325993,21706,False
136_OPPORTUNITY_id_8_HumanActivity_tr_1495_1st_1595.csv,OPPORTUNITY,RobustPCA,,training_ACF_unknown_6_to_303,,,,,-0.0070847659478,0.0231747562016,26969,False
137_CreditCard_id_1_Finance_tr_500_1st_541.csv,CreditCard,RobustPCA,,training_ACF_unknown_6_to_303,,,,,0.00153811108123,0.00172748563062,284807,False
138_CATSv2_id_1_Sensor_tr_16568_1st_16668.csv,CATSv2,RobustPCA,,training_ACF_unknown_6_to_303,,,,,0.00786521250794,0.02,100000,False
139_CATSv2_id_2_Sensor_tr_5592_1st_5692.csv,CATSv2,RobustPCA,,training_ACF_unknown_6_to_303,,,,,-0.0139296977397,0.0338461538462,195000,False
141_CATSv2_id_4_Sensor_tr_41727_1st_41827.csv,CATSv2,RobustPCA,,training_ACF_unknown_6_to_303,,,,,0.0125085421913,0.0302564102564,195000,False
142_CATSv2_id_5_Sensor_tr_30704_1st_30804.csv,CATSv2,RobustPCA,,training_ACF_unknown_6_to_303,,,,,0.00851840553685,0.0488571428571,350000,False
143_CATSv2_id_6_Sensor_tr_50000_1st_60232.csv,CATSv2,RobustPCA,,training_ACF_unknown_6_to_303,,,,,0.00472264682927,0.02,200000,False
144_SMAP_id_1_Sensor_tr_2052_1st_5300.csv,SMAP,RobustPCA,,training_ACF_unknown_6_to_303,,,,,0.0044787915301,0.136557436959,8209,False
145_SMAP_id_2_Sensor_tr_2133_1st_5400.csv,SMAP,RobustPCA,,training_ACF_unknown_6_to_303,,,,,-0.0330830898688,0.0730192217534,8532,False
146_SMAP_id_3_Sensor_tr_2128_1st_5000.csv,SMAP,RobustPCA,,training_ACF_unknown_6_to_303,,,,,-0.204935320624,0.0346488137186,8514,False
147_SMAP_id_4_Sensor_tr_2160_1st_6449.csv,SMAP,RobustPCA,,training_ACF_unknown_6_to_303,,,,,0.00188471397448,0.0140046296296,8640,False
148_SMAP_id_5_Sensor_tr_2011_1st_5060.csv,SMAP,RobustPCA,,training_ACF_unknown_6_to_303,,,,,-0.00785563696421,0.00882645450025,8044,False
150_SMAP_id_7_Sensor_tr_2077_1st_5394.csv,SMAP,RobustPCA,,training_ACF_unknown_6_to_303,,,,,-0.00169467889213,0.0338146811071,8310,False
151_SMAP_id_8_Sensor_tr_1971_1st_4870.csv,SMAP,RobustPCA,,training_ACF_unknown_6_to_303,,,,,-0.0185495447088,0.0102739726027,7884,False
152_SMAP_id_9_Sensor_tr_2073_1st_5600.csv,SMAP,RobustPCA,,training_ACF_unknown_6_to_303,,,,,-0.00093299251082,0.0387026766337,8294,False
153_SMAP_id_10_Sensor_tr_1840_1st_4030.csv,SMAP,RobustPCA,,training_ACF_unknown_6_to_303,,,,,-0.000195054264301,0.00556989539465,7361,False
154_SMAP_id_11_Sensor_tr_2117_1st_4770.csv,SMAP,RobustPCA,,training_ACF_unknown_6_to_303,,,,,-0.00802809290614,0.0142874011099,8469,False
155_SMAP_id_12_Sensor_tr_1907_1st_4800.csv,SMAP,RobustPCA,,training_ACF_unknown_6_to_303,,,,,-0.0490605798798,0.00668589407446,7628,False
156_SMAP_id_13_Sensor_tr_1173_1st_2750.csv,SMAP,RobustPCA,,training_ACF_unknown_6_to_303,,,,,0.116254218181,0.0108672490944,4693,False
157_SMAP_id_14_Sensor_tr_2126_1st_5000.csv,SMAP,RobustPCA,,training_ACF_unknown_6_to_303,,,,,-0.0052088132643,0.0378600823045,8505,False
158_SMAP_id_15_Sensor_tr_2075_1st_5610.csv,SMAP,RobustPCA,,training_ACF_unknown_6_to_303,,,,,0.0475586504653,0.00795180722892,8300,False
159_SMAP_id_16_Sensor_tr_1757_1st_2650.csv,SMAP,RobustPCA,,training_ACF_unknown_6_to_303,,,,,-0.0083851519571,0.0381277564376,7029,False
160_SMAP_id_17_Sensor_tr_1832_1st_5300.csv,SMAP,RobustPCA,,training_ACF_unknown_6_to_303,,,,,-0.0880154030672,0.0611103532942,7331,False
161_SMAP_id_18_Sensor_tr_2075_1st_5550.csv,SMAP,RobustPCA,,training_ACF_unknown_6_to_303,,,,,0.0471699320837,0.0422789689232,8302,False
162_SMAP_id_19_Sensor_tr_1908_1st_4690.csv,SMAP,RobustPCA,,training_ACF_unknown_6_to_303,,,,,-0.0322469608542,0.00406184486373,7632,False
163_SMAP_id_20_Sensor_tr_2051_1st_4575.csv,SMAP,RobustPCA,,training_ACF_unknown_6_to_303,,,,,0.0225627202632,0.0226691042048,8205,False
165_SMAP_id_22_Sensor_tr_2129_1st_5000.csv,SMAP,RobustPCA,,training_ACF_unknown_6_to_303,,,,,0.00161331750947,0.059652418976,8516,False
166_SMAP_id_23_Sensor_tr_1113_1st_1890.csv,SMAP,RobustPCA,,training_ACF_unknown_6_to_303,,,,,0.145689316006,0.00920727599371,4453,False
167_SMAP_id_24_Sensor_tr_2094_1st_5600.csv,SMAP,RobustPCA,,training_ACF_unknown_6_to_303,,,,,0.0799098299034,0.00489493791786,8376,False
168_SMAP_id_25_Sensor_tr_1998_1st_2098.csv,SMAP,RobustPCA,,training_ACF_unknown_6_to_303,,,,,0.000565605702983,0.0214477211796,8579,False
169_SMAP_id_26_Sensor_tr_1811_1st_4510.csv,SMAP,RobustPCA,,training_ACF_unknown_6_to_303,,,,,-0.000134835109579,0.011181667587,7244,False
170_SMAP_id_27_Sensor_tr_2160_1st_4690.csv,SMAP,RobustPCA,,training_ACF_unknown_6_to_303,,,,,-3.67327279903e-05,0.00983796296296,8640,False
171_SWaT_id_1_Sensor_tr_3749_1st_9522.csv,SWaT,RobustPCA,,training_ACF_unknown_6_to_303,,,,,0.150181906314,0.132435316084,14996,False
172_SWaT_id_2_Sensor_tr_23700_1st_23800.csv,SWaT,RobustPCA,,training_ACF_unknown_6_to_303,,,,,0.194294089209,0.125320377376,399919,False
173_GECCO_id_1_Sensor_tr_16165_1st_16265.csv,GECCO,RobustPCA,,training_ACF_unknown_6_to_303,,,,,0.00361513487704,0.0124602045899,138521,False
174_Exathlon_id_1_Facility_tr_10766_1st_12590.csv,Exathlon,RobustPCA,,training_ACF_unknown_6_to_303,,,,,-0.0375308189841,0.126248084336,43066,False
175_Exathlon_id_2_Facility_tr_10684_1st_10784.csv,Exathlon,RobustPCA,,training_ACF_unknown_6_to_303,,,,,0.000970469395217,0.0811685528121,46656,False
176_Exathlon_id_3_Facility_tr_10766_1st_12590.csv,Exathlon,RobustPCA,,training_ACF_unknown_6_to_303,,,,,-0.0233901500018,0.126248084336,43066,False
177_Exathlon_id_4_Facility_tr_11665_1st_13484.csv,Exathlon,RobustPCA,,training_ACF_unknown_6_to_303,,,,,-0.0425567785985,0.0627518216888,46660,False
179_Exathlon_id_6_Facility_tr_11665_1st_13484.csv,Exathlon,RobustPCA,,training_ACF_unknown_6_to_303,,,,,0.02862373244,0.0627518216888,46660,False
180_Exathlon_id_7_Facility_tr_10766_1st_12590.csv,Exathlon,RobustPCA,,training_ACF_unknown_6_to_303,,,,,-0.0233901500018,0.126248084336,43066,False
181_Exathlon_id_8_Facility_tr_11663_1st_13482.csv,Exathlon,RobustPCA,,training_ACF_unknown_6_to_303,,,,,-0.462554142559,0.0631872253778,46655,False
182_Exathlon_id_9_Facility_tr_10766_1st_12590.csv,Exathlon,RobustPCA,,training_ACF_unknown_6_to_303,,,,,-0.0233901500018,0.126248084336,43066,False
183_Exathlon_id_10_Facility_tr_11665_1st_13484.csv,Exathlon,RobustPCA,,training_ACF_unknown_6_to_303,,,,,-0.0425567785985,0.0627518216888,46660,False
184_Exathlon_id_11_Facility_tr_11665_1st_13484.csv,Exathlon,RobustPCA,,training_ACF_unknown_6_to_303,,,,,-0.0425567785985,0.0627518216888,46660,False
185_Exathlon_id_12_Facility_tr_11665_1st_13484.csv,Exathlon,RobustPCA,,training_ACF_unknown_6_to_303,,,,,-0.0425567785985,0.0627518216888,46660,False
186_Exathlon_id_13_Facility_tr_10766_1st_12590.csv,Exathlon,RobustPCA,,training_ACF_unknown_6_to_303,,,,,-0.0233901500018,0.126248084336,43066,False
187_Exathlon_id_14_Facility_tr_6193_1st_6293.csv,Exathlon,RobustPCA,,training_ACF_unknown_6_to_303,,,,,0.506847100016,0.124667809687,46660,False
188_Exathlon_id_15_Facility_tr_12538_1st_12638.csv,Exathlon,RobustPCA,,training_ACF_unknown_6_to_303,,,,,0.0393906083958,0.124654597243,129197,False
189_Exathlon_id_16_Facility_tr_11663_1st_13482.csv,Exathlon,RobustPCA,,training_ACF_unknown_6_to_303,,,,,-0.462554142559,0.0631872253778,46655,False
190_Exathlon_id_17_Facility_tr_12538_1st_12638.csv,Exathlon,RobustPCA,,training_ACF_unknown_6_to_303,,,,,0.0393906083958,0.124654597243,129197,False
191_Exathlon_id_18_Facility_tr_11665_1st_13484.csv,Exathlon,RobustPCA,,training_ACF_unknown_6_to_303,,,,,-0.0425567785985,0.0627518216888,46660,False
192_Exathlon_id_19_Facility_tr_11665_1st_13484.csv,Exathlon,RobustPCA,,training_ACF_unknown_6_to_303,,,,,-0.0425567785985,0.0627518216888,46660,False
193_Exathlon_id_20_Facility_tr_8898_1st_8998.csv,Exathlon,RobustPCA,,training_ACF_unknown_6_to_303,,,,,-0.00813722650692,0.0834083601286,46650,False
194_Exathlon_id_21_Facility_tr_6985_1st_7085.csv,Exathlon,RobustPCA,,training_ACF_unknown_6_to_303,,,,,0.048790199831,0.104096550837,46649,False
196_Exathlon_id_23_Facility_tr_11665_1st_13484.csv,Exathlon,RobustPCA,,training_ACF_unknown_6_to_303,,,,,-0.0425567785985,0.0627518216888,46660,False
197_Exathlon_id_24_Facility_tr_10766_1st_12590.csv,Exathlon,RobustPCA,,training_ACF_unknown_6_to_303,,,,,-0.0233901500018,0.126248084336,43066,False
198_Exathlon_id_25_Facility_tr_12538_1st_12638.csv,Exathlon,RobustPCA,,training_ACF_unknown_6_to_303,,,,,0.0393906083958,0.124654597243,129197,False
199_Exathlon_id_26_Facility_tr_12538_1st_12638.csv,Exathlon,RobustPCA,,training_ACF_unknown_6_to_303,,,,,0.0393906083958,0.124654597243,129197,False
200_Exathlon_id_27_Facility_tr_10766_1st_12590.csv,Exathlon,RobustPCA,,training_ACF_unknown_6_to_303,,,,,-0.0233901500018,0.126248084336,43066,False
001_Genesis_id_1_Sensor_tr_4055_1st_15538.csv,Genesis,TimesNet,96,candidate_TSB_pin_not_release_environment,95,0.00585696670777,False,,0.0161507217134,0.00308261405672,16220,True
002_MSL_id_1_Sensor_tr_500_1st_900.csv,MSL,TimesNet,96,candidate_TSB_pin_not_release_environment,95,0.0519978106185,False,,0.300772283675,0.00602079912425,1827,True
003_MSL_id_2_Sensor_tr_883_1st_1238.csv,MSL,TimesNet,96,candidate_TSB_pin_not_release_environment,95,0.026874115983,False,,0.00645666599142,0.0644978783593,3535,True
005_MSL_id_4_Sensor_tr_855_1st_2700.csv,MSL,TimesNet,96,candidate_TSB_pin_not_release_environment,95,0.0277615429573,False,,0.0959753155934,0.020748100526,3422,True
006_MSL_id_5_Sensor_tr_1150_1st_1250.csv,MSL,TimesNet,96,candidate_TSB_pin_not_release_environment,95,0.0187969924812,False,,0.00149130099563,0.083696082311,5054,True
007_MSL_id_6_Sensor_tr_980_1st_3550.csv,MSL,TimesNet,96,candidate_TSB_pin_not_release_environment,95,0.0242223355431,False,,-0.0108787478805,0.0385007649159,3922,True
008_MSL_id_7_Sensor_tr_656_1st_1630.csv,MSL,TimesNet,96,candidate_TSB_pin_not_release_environment,95,0.0361904761905,False,,0.161872796685,0.0845714285714,2625,True
009_MSL_id_8_Sensor_tr_714_1st_1390.csv,MSL,TimesNet,96,candidate_TSB_pin_not_release_environment,95,0.0332633053221,False,False,0.331024228986,0.00735294117647,2856,True
010_MSL_id_9_Sensor_tr_554_1st_1172.csv,MSL,TimesNet,96,candidate_TSB_pin_not_release_environment,95,0.042850699143,False,,-0.00769974494121,0.0311231393775,2217,True
012_MSL_id_11_Sensor_tr_539_1st_940.csv,MSL,TimesNet,96,candidate_TSB_pin_not_release_environment,95,0.0440630797774,False,,-0.0807676805167,0.0468460111317,2156,True
013_MSL_id_12_Sensor_tr_554_1st_1200.csv,MSL,TimesNet,96,candidate_TSB_pin_not_release_environment,95,0.0428313796213,False,,0.231488223487,0.0117222723174,2218,True
014_MSL_id_13_Sensor_tr_1525_1st_4575.csv,MSL,TimesNet,96,candidate_TSB_pin_not_release_environment,95,0.0155737704918,False,,0.268501646395,0.0296721311475,6100,True
015_MSL_id_14_Sensor_tr_575_1st_1250.csv,MSL,TimesNet,96,candidate_TSB_pin_not_release_environment,95,0.0412505427703,False,,0.311046631641,0.130699088146,2303,True
016_MSL_id_15_Sensor_tr_500_1st_780.csv,MSL,TimesNet,96,candidate_TSB_pin_not_release_environment,95,0.0866788321168,False,,0.145280295998,0.102189781022,1096,True
017_MSL_id_16_Sensor_tr_512_1st_1850.csv,MSL,TimesNet,96,candidate_TSB_pin_not_release_environment,95,0.046364080039,False,,0.518137315395,0.0883357735481,2049,True
018_Daphnet_id_1_HumanActivity_tr_9693_1st_20732.csv,Daphnet,TimesNet,96,candidate_TSB_pin_not_release_environment,95,0.00245009542477,False,False,-0.0254647235383,0.0594728426265,38774,True
019_MITDB_id_1_Medical_tr_37500_1st_103211.csv,MITDB,TimesNet,96,candidate_TSB_pin_not_release_environment,95,0.000633333333333,False,,-0.0455388998222,0.124066666667,150000,True
020_MITDB_id_2_Medical_tr_50000_1st_52315.csv,MITDB,TimesNet,96,candidate_TSB_pin_not_release_environment,95,0.000146153846154,False,,-0.0201786997999,0.00161076923077,650000,True
021_MITDB_id_3_Medical_tr_50000_1st_57595.csv,MITDB,TimesNet,96,candidate_TSB_pin_not_release_environment,95,0.00019,False,,-0.000117001236157,0.01762,500000,True
022_MITDB_id_4_Medical_tr_50000_1st_54253.csv,MITDB,TimesNet,96,candidate_TSB_pin_not_release_environment,95,0.000316666666667,False,,0.00542700418924,0.04431,300000,True
024_MITDB_id_6_Medical_tr_50000_1st_58118.csv,MITDB,TimesNet,96,candidate_TSB_pin_not_release_environment,95,0.000475,False,,0.0335520165237,0.001765,200000,True
025_MITDB_id_7_Medical_tr_37500_1st_88864.csv,MITDB,TimesNet,96,candidate_TSB_pin_not_release_environment,95,0.000633333333333,False,,0.075860247304,0.02464,150000,True
026_MITDB_id_8_Medical_tr_30495_1st_30595.csv,MITDB,TimesNet,96,candidate_TSB_pin_not_release_environment,95,0.0002375,False,,-0.0320835607565,0.0655825,400000,True
027_MITDB_id_9_Medical_tr_25000_1st_52255.csv,MITDB,TimesNet,96,candidate_TSB_pin_not_release_environment,95,0.00095,False,,0.00750614533387,0.00433,100000,True
029_MITDB_id_11_Medical_tr_50000_1st_518037.csv,MITDB,TimesNet,96,candidate_TSB_pin_not_release_environment,95,0.000158333333333,False,,0.114873251367,0.00291666666667,600000,True
030_MITDB_id_12_Medical_tr_50000_1st_84572.csv,MITDB,TimesNet,96,candidate_TSB_pin_not_release_environment,95,0.000153225806452,False,,0.0113718546901,0.0431790322581,620000,True
031_MITDB_id_13_Medical_tr_50000_1st_79433.csv,MITDB,TimesNet,96,candidate_TSB_pin_not_release_environment,95,0.000211111111111,False,,0.00352117794285,0.0217933333333,450000,True
032_GHL_id_1_Sensor_tr_50000_1st_65001.csv,GHL,TimesNet,96,candidate_TSB_pin_not_release_environment,95,0.000474997625012,False,False,-0.000469684416033,0.00924995375023,200001,True
033_GHL_id_2_Sensor_tr_50000_1st_51001.csv,GHL,TimesNet,96,candidate_TSB_pin_not_release_environment,95,0.000474997625012,False,False,-0.000221479054158,0.00923495382523,200001,True
034_GHL_id_3_Sensor_tr_50000_1st_122001.csv,GHL,TimesNet,96,candidate_TSB_pin_not_release_environment,95,0.000474997625012,False,False,-9.3976823545e-05,0.00959495202524,200001,True
035_GHL_id_4_Sensor_tr_50000_1st_90001.csv,GHL,TimesNet,96,candidate_TSB_pin_not_release_environment,95,0.000474997625012,False,False,-0.00020085965138,0.0135649321753,200001,True
036_GHL_id_5_Sensor_tr_50000_1st_67147.csv,GHL,TimesNet,96,candidate_TSB_pin_not_release_environment,95,0.000474997625012,False,False,-0.000123597162876,0.0114149429253,200001,True
037_GHL_id_6_Sensor_tr_50000_1st_80001.csv,GHL,TimesNet,96,candidate_TSB_pin_not_release_environment,95,0.000474997625012,False,False,-0.000311951769892,0.00932995335023,200001,True
038_GHL_id_7_Sensor_tr_50000_1st_100001.csv,GHL,TimesNet,96,candidate_TSB_pin_not_release_environment,95,0.000474997625012,False,False,4.5513247378e-06,0.00847495762521,200001,True
039_GHL_id_8_Sensor_tr_50000_1st_63030.csv,GHL,TimesNet,96,candidate_TSB_pin_not_release_environment,95,0.000474997625012,False,False,2.80480654562e-05,0.00583997080015,200001,True
041_GHL_id_10_Sensor_tr_50000_1st_57001.csv,GHL,TimesNet,96,candidate_TSB_pin_not_release_environment,95,0.000474997625012,False,False,7.9089840055e-06,0.00927495362523,200001,True
042_GHL_id_11_Sensor_tr_50000_1st_150001.csv,GHL,TimesNet,96,candidate_TSB_pin_not_release_environment,95,0.000474997625012,False,False,-2.54412372393e-05,0.00772996135019,200001,True
043_GHL_id_12_Sensor_tr_39938_1st_40038.csv,GHL,TimesNet,96,candidate_TSB_pin_not_release_environment,95,0.000474997625012,False,False,-7.38661605701e-05,0.00525497372513,200001,True
044_GHL_id_13_Sensor_tr_50000_1st_145001.csv,GHL,TimesNet,96,candidate_TSB_pin_not_release_environment,95,0.000474997625012,False,False,-0.000134101401865,0.00924495377523,200001,True
045_GHL_id_14_Sensor_tr_50000_1st_85076.csv,GHL,TimesNet,96,candidate_TSB_pin_not_release_environment,95,0.000474997625012,False,False,-0.000113034831502,0.00885495572522,200001,True
046_GHL_id_15_Sensor_tr_50000_1st_156462.csv,GHL,TimesNet,96,candidate_TSB_pin_not_release_environment,95,0.000474997625012,False,False,-0.000255485856591,0.00619496902515,200001,True
047_GHL_id_16_Sensor_tr_50000_1st_77001.csv,GHL,TimesNet,96,candidate_TSB_pin_not_release_environment,95,0.000474997625012,False,False,-5.61803743215e-05,0.0136399318003,200001,True
048_GHL_id_17_Sensor_tr_50000_1st_154001.csv,GHL,TimesNet,96,candidate_TSB_pin_not_release_environment,95,0.000474997625012,False,False,-0.0004471299639,0.0179149104254,200001,True
050_GHL_id_19_Sensor_tr_43750_1st_55001.csv,GHL,TimesNet,96,candidate_TSB_pin_not_release_environment,95,0.000542854040834,False,False,-0.0147352189819,0.00645139170633,175001,True
051_GHL_id_20_Sensor_tr_50000_1st_75110.csv,GHL,TimesNet,96,candidate_TSB_pin_not_release_environment,95,0.000474997625012,False,False,-1.42128287543e-05,0.00595497022515,200001,True
052_GHL_id_21_Sensor_tr_50000_1st_98001.csv,GHL,TimesNet,96,candidate_TSB_pin_not_release_environment,95,0.000474997625012,False,False,-9.02903159614e-05,0.00485497572512,200001,True
053_GHL_id_22_Sensor_tr_50000_1st_126448.csv,GHL,TimesNet,96,candidate_TSB_pin_not_release_environment,95,0.000474997625012,False,False,6.08028433834e-05,0.0324598377008,200001,True
054_GHL_id_23_Sensor_tr_50000_1st_135001.csv,GHL,TimesNet,96,candidate_TSB_pin_not_release_environment,95,0.000474997625012,False,False,0.000251918145001,0.0186699066505,200001,True
055_GHL_id_24_Sensor_tr_50000_1st_118124.csv,GHL,TimesNet,96,candidate_TSB_pin_not_release_environment,95,0.000474997625012,False,False,-2.77642020348e-05,0.00504497477513,200001,True
056_GHL_id_25_Sensor_tr_50000_1st_105568.csv,GHL,TimesNet,96,candidate_TSB_pin_not_release_environment,95,0.000474997625012,False,False,-0.00022084101966,0.0157199214004,200001,True
057_SMD_id_1_Facility_tr_4529_1st_4629.csv,SMD,TimesNet,96,candidate_TSB_pin_not_release_environment,95,0.00400945387018,False,False,0.116732312702,0.0228749894488,23694,True
058_SMD_id_2_Facility_tr_1087_1st_1187.csv,SMD,TimesNet,96,candidate_TSB_pin_not_release_environment,95,0.00330710854278,False,,0.236176683182,0.0415651326325,28726,True
059_SMD_id_3_Facility_tr_757_1st_857.csv,SMD,TimesNet,96,candidate_TSB_pin_not_release_environment,95,0.00401030013931,False,False,-0.0724472112259,0.0113554814471,23689,True
060_SMD_id_4_Facility_tr_7176_1st_10609.csv,SMD,TimesNet,96,candidate_TSB_pin_not_release_environment,95,0.0033095279568,False,False,0.0664661616039,0.0151193171921,28705,True
061_SMD_id_5_Facility_tr_7176_1st_15144.csv,SMD,TimesNet,96,candidate_TSB_pin_not_release_environment,95,0.0033096432553,False,False,-0.0924473985431,0.0477633779264,28704,True
063_SMD_id_7_Facility_tr_5923_1st_6506.csv,SMD,TimesNet,96,candidate_TSB_pin_not_release_environment,95,0.00400945387018,False,,0.0521958182883,0.0493795897696,23694,True
064_SMD_id_8_Facility_tr_2272_1st_2372.csv,SMD,TimesNet,96,candidate_TSB_pin_not_release_environment,95,0.00448049804273,False,False,-0.0523938131244,0.0368815733623,21203,True
065_SMD_id_9_Facility_tr_737_1st_837.csv,SMD,TimesNet,96,candidate_TSB_pin_not_release_environment,95,0.00400894628012,False,False,-0.00295011264111,0.101194243997,23697,True
066_SMD_id_10_Facility_tr_2634_1st_2734.csv,SMD,TimesNet,96,candidate_TSB_pin_not_release_environment,95,0.00401063874699,False,False,0.603102087117,0.0412462532191,23687,True
067_SMD_id_11_Facility_tr_1980_1st_2080.csv,SMD,TimesNet,96,candidate_TSB_pin_not_release_environment,95,0.00418446901291,False,False,-0.0544334941315,0.0477029467471,22703,True
068_SMD_id_12_Facility_tr_1099_1st_1199.csv,SMD,TimesNet,96,candidate_TSB_pin_not_release_environment,95,0.00330860585797,False,False,0.0724728459924,0.0105527113154,28713,True
069_SMD_id_13_Facility_tr_5925_1st_12760.csv,SMD,TimesNet,96,candidate_TSB_pin_not_release_environment,95,0.00400843881857,False,,0.0920317675962,0.119535864979,23700,True
070_SMD_id_14_Facility_tr_1070_1st_1170.csv,SMD,TimesNet,96,candidate_TSB_pin_not_release_environment,95,0.00330515255888,False,,0.143916608942,0.0147514177365,28743,True
071_SMD_id_15_Facility_tr_1109_1st_1209.csv,SMD,TimesNet,96,candidate_TSB_pin_not_release_environment,95,0.00331010452962,False,False,0.224222512205,0.0107317073171,28700,True
073_SMD_id_17_Facility_tr_5926_1st_10620.csv,SMD,TimesNet,96,candidate_TSB_pin_not_release_environment,95,0.00400742428077,False,,0.120603937192,0.00421834134818,23706,True
074_SMD_id_18_Facility_tr_7174_1st_21230.csv,SMD,TimesNet,96,candidate_TSB_pin_not_release_environment,95,0.00331056593253,False,False,-0.368875331195,0.00689991636465,28696,True
075_SMD_id_19_Facility_tr_564_1st_664.csv,SMD,TimesNet,96,candidate_TSB_pin_not_release_environment,95,0.00400911546253,False,False,-0.0547000036573,0.0175979068197,23696,True
076_SMD_id_20_Facility_tr_5925_1st_17580.csv,SMD,TimesNet,96,candidate_TSB_pin_not_release_environment,95,0.00400793148547,False,False,0.332808180933,0.00679238914905,23703,True
077_SMD_id_21_Facility_tr_3026_1st_3126.csv,SMD,TimesNet,96,candidate_TSB_pin_not_release_environment,95,0.00447965294478,False,False,-0.00421573714699,0.0324421181685,21207,True
078_SMD_id_22_Facility_tr_500_1st_326.csv,SMD,TimesNet,96,candidate_TSB_pin_not_release_environment,95,0.00400962309543,False,False,-0.278553621804,0.0441902671675,23693,True
079_LTDB_id_1_Medical_tr_3618_1st_3718.csv,LTDB,TimesNet,96,candidate_TSB_pin_not_release_environment,95,0.00095,False,,-0.137190552675,0.14781,100000,True
080_LTDB_id_2_Medical_tr_500_1st_266.csv,LTDB,TimesNet,96,candidate_TSB_pin_not_release_environment,95,0.00095,False,False,0.0385155116032,0.14857,100000,True
081_LTDB_id_3_Medical_tr_500_1st_26.csv,LTDB,TimesNet,96,candidate_TSB_pin_not_release_environment,95,0.00095,True,,0.0895543604371,0.31565,100000,True
083_LTDB_id_5_Medical_tr_15502_1st_15602.csv,LTDB,TimesNet,96,candidate_TSB_pin_not_release_environment,95,0.00095,False,,0.0150708764777,0.00505,100000,True
084_SVDB_id_1_Medical_tr_12973_1st_13073.csv,SVDB,TimesNet,96,candidate_TSB_pin_not_release_environment,95,0.000412326388889,False,,0.0033112679635,0.0153515625,230400,True
085_SVDB_id_2_Medical_tr_50000_1st_54982.csv,SVDB,TimesNet,96,candidate_TSB_pin_not_release_environment,95,0.000412326388889,False,,-0.00396170178007,0.0372309027778,230400,True
086_SVDB_id_3_Medical_tr_533_1st_633.csv,SVDB,TimesNet,96,candidate_TSB_pin_not_release_environment,95,0.000412326388889,False,,-0.0256652483778,0.0699696180556,230400,True
087_SVDB_id_4_Medical_tr_5421_1st_5521.csv,SVDB,TimesNet,96,candidate_TSB_pin_not_release_environment,95,0.000412326388889,False,,0.0307079671785,0.0555946180556,230400,True
088_SVDB_id_5_Medical_tr_500_1st_168.csv,SVDB,TimesNet,96,candidate_TSB_pin_not_release_environment,95,0.000412326388889,False,,0.0151791709236,0.0992100694444,230400,True
089_SVDB_id_6_Medical_tr_50000_1st_83083.csv,SVDB,TimesNet,96,candidate_TSB_pin_not_release_environment,95,0.000412326388889,False,,-0.000491326337024,0.0134895833333,230400,True
091_SVDB_id_8_Medical_tr_500_1st_126.csv,SVDB,TimesNet,96,candidate_TSB_pin_not_release_environment,95,0.000412326388889,False,,-0.00100446141132,0.0773524305556,230400,True
092_SVDB_id_9_Medical_tr_2674_1st_2774.csv,SVDB,TimesNet,96,candidate_TSB_pin_not_release_environment,95,0.000412326388889,False,,0.0512812403932,0.0525260416667,230400,True
093_SVDB_id_10_Medical_tr_500_1st_37.csv,SVDB,TimesNet,96,candidate_TSB_pin_not_release_environment,95,0.000412326388889,True,,-0.0094827536037,0.0785894097222,230400,True
094_SVDB_id_11_Medical_tr_20100_1st_23611.csv,SVDB,TimesNet,96,candidate_TSB_pin_not_release_environment,95,0.0011815920398,False,,0.0087900606067,0.0117537313433,80400,True
095_SVDB_id_12_Medical_tr_6264_1st_6364.csv,SVDB,TimesNet,96,candidate_TSB_pin_not_release_environment,95,0.000412326388889,False,,0.00266446000184,0.0323958333333,230400,True
096_SVDB_id_13_Medical_tr_500_1st_444.csv,SVDB,TimesNet,96,candidate_TSB_pin_not_release_environment,95,0.000412326388889,False,,0.0129524978051,0.0335633680556,230400,True
097_SVDB_id_14_Medical_tr_1031_1st_1131.csv,SVDB,TimesNet,96,candidate_TSB_pin_not_release_environment,95,0.000412326388889,False,,0.0378828368831,0.120611979167,230400,True
098_SVDB_id_15_Medical_tr_500_1st_303.csv,SVDB,TimesNet,96,candidate_TSB_pin_not_release_environment,95,0.000412326388889,False,,-0.148758736607,0.0633637152778,230400,True
099_SVDB_id_16_Medical_tr_1115_1st_1215.csv,SVDB,TimesNet,96,candidate_TSB_pin_not_release_environment,95,0.000412326388889,False,,0.024163104406,0.0711328125,230400,True
100_SVDB_id_17_Medical_tr_17803_1st_17903.csv,SVDB,TimesNet,96,candidate_TSB_pin_not_release_environment,95,0.000728527607362,False,,-0.000534601987582,0.030222392638,130400,True
101_SVDB_id_18_Medical_tr_1851_1st_1951.csv,SVDB,TimesNet,96,candidate_TSB_pin_not_release_environment,95,0.000412326388889,False,,-0.0261044774631,0.0698871527778,230400,True
102_SVDB_id_19_Medical_tr_50000_1st_107354.csv,SVDB,TimesNet,96,candidate_TSB_pin_not_release_environment,95,0.000412326388889,False,,-0.0079415190374,0.0580555555556,230400,True
103_SVDB_id_20_Medical_tr_12167_1st_12267.csv,SVDB,TimesNet,96,candidate_TSB_pin_not_release_environment,95,0.000412326388889,False,,-0.000650933545463,0.0266970486111,230400,True
104_SVDB_id_21_Medical_tr_50000_1st_106634.csv,SVDB,TimesNet,96,candidate_TSB_pin_not_release_environment,95,0.000412326388889,False,,0.0372277030001,0.0152039930556,230400,True
105_SVDB_id_22_Medical_tr_500_1st_417.csv,SVDB,TimesNet,96,candidate_TSB_pin_not_release_environment,95,0.000633333333333,False,,0.0620166512371,0.0855133333333,150000,True
106_SVDB_id_23_Medical_tr_37500_1st_121963.csv,SVDB,TimesNet,96,candidate_TSB_pin_not_release_environment,95,0.000633333333333,False,,-0.000759672450569,0.00450666666667,150000,True
108_SVDB_id_25_Medical_tr_1238_1st_1338.csv,SVDB,TimesNet,96,candidate_TSB_pin_not_release_environment,95,0.000412326388889,False,,0.0558376629584,0.0305902777778,230400,True
109_SVDB_id_26_Medical_tr_1038_1st_1138.csv,SVDB,TimesNet,96,candidate_TSB_pin_not_release_environment,95,0.000412326388889,False,,0.0589173930052,0.0903645833333,230400,True
110_SVDB_id_27_Medical_tr_30824_1st_30924.csv,SVDB,TimesNet,96,candidate_TSB_pin_not_release_environment,95,0.000412326388889,False,,0.00675285956652,0.0340581597222,230400,True
111_SVDB_id_28_Medical_tr_1791_1st_1891.csv,SVDB,TimesNet,96,candidate_TSB_pin_not_release_environment,95,0.000412326388889,False,,0.0165541444608,0.0953993055556,230400,True
112_SVDB_id_29_Medical_tr_8226_1st_8326.csv,SVDB,TimesNet,96,candidate_TSB_pin_not_release_environment,95,0.000412326388889,False,,0.000571683455656,0.0111067708333,230400,True
114_SVDB_id_31_Medical_tr_25000_1st_63090.csv,SVDB,TimesNet,96,candidate_TSB_pin_not_release_environment,95,0.00095,False,,0.00213388199494,0.00497,100000,True
115_PSM_id_1_Facility_tr_50000_1st_129872.csv,PSM,TimesNet,96,candidate_TSB_pin_not_release_environment,95,0.00043653273536,False,,-0.00530393424065,0.112032680219,217624,True
116_TAO_id_1_Environment_tr_500_1st_3.csv,TAO,TimesNet,96,candidate_TSB_pin_not_release_environment,95,0.0095,True,True,0.932585354104,0.0492,10000,True
117_TAO_id_2_Environment_tr_500_1st_1.csv,TAO,TimesNet,96,candidate_TSB_pin_not_release_environment,95,0.0095,True,,0.837842383702,0.1395,10000,True
118_TAO_id_3_Environment_tr_500_1st_7.csv,TAO,TimesNet,96,candidate_TSB_pin_not_release_environment,95,0.0095,True,True,0.924201402344,0.0488,10000,True
119_TAO_id_4_Environment_tr_500_1st_1.csv,TAO,TimesNet,96,candidate_TSB_pin_not_release_environment,95,0.0095,True,True,0.887977120961,0.0945,10000,True
121_TAO_id_6_Environment_tr_500_1st_7.csv,TAO,TimesNet,96,candidate_TSB_pin_not_release_environment,95,0.0095,True,,0.840933713211,0.1409,10000,True
122_TAO_id_7_Environment_tr_500_1st_19.csv,TAO,TimesNet,96,candidate_TSB_pin_not_release_environment,95,0.0095,True,True,0.90141866798,0.0948,10000,True
123_TAO_id_8_Environment_tr_500_1st_62.csv,TAO,TimesNet,96,candidate_TSB_pin_not_release_environment,95,0.0095,True,True,0.9310366229,0.0487,10000,True
124_TAO_id_9_Environment_tr_500_1st_1.csv,TAO,TimesNet,96,candidate_TSB_pin_not_release_environment,95,0.0095,True,True,0.928017169102,0.0483,10000,True
125_TAO_id_10_Environment_tr_500_1st_9.csv,TAO,TimesNet,96,candidate_TSB_pin_not_release_environment,95,0.0095,True,True,0.894716224922,0.0943,10000,True
127_TAO_id_12_Environment_tr_500_1st_24.csv,TAO,TimesNet,96,candidate_TSB_pin_not_release_environment,95,0.0095,True,True,0.934466927084,0.0485,10000,True
128_TAO_id_13_Environment_tr_500_1st_7.csv,TAO,TimesNet,96,candidate_TSB_pin_not_release_environment,95,0.0095,True,,0.850653517758,0.1409,10000,True
129_OPPORTUNITY_id_1_HumanActivity_tr_1801_1st_1901.csv,OPPORTUNITY,TimesNet,96,candidate_TSB_pin_not_release_environment,95,0.00384724415826,False,False,-0.00527882152962,0.0291985582959,24693,True
130_OPPORTUNITY_id_2_HumanActivity_tr_1045_1st_1145.csv,OPPORTUNITY,TimesNet,96,candidate_TSB_pin_not_release_environment,95,0.0184037194886,False,False,0.0401646147209,0.0908562572646,5162,True
132_OPPORTUNITY_id_4_HumanActivity_tr_895_1st_995.csv,OPPORTUNITY,TimesNet,96,candidate_TSB_pin_not_release_environment,95,0.0101898530516,False,False,0.00480400000295,0.0469805856484,9323,True
133_OPPORTUNITY_id_5_HumanActivity_tr_1745_1st_6500.csv,OPPORTUNITY,TimesNet,96,candidate_TSB_pin_not_release_environment,95,0.0136103151862,False,False,0.0792134262254,0.0687679083095,6980,True
134_OPPORTUNITY_id_6_HumanActivity_tr_1477_1st_1577.csv,OPPORTUNITY,TimesNet,96,candidate_TSB_pin_not_release_environment,95,0.0057523463518,False,False,-0.00367780380121,0.0214956100515,16515,True
135_OPPORTUNITY_id_7_HumanActivity_tr_2085_1st_2185.csv,OPPORTUNITY,TimesNet,96,candidate_TSB_pin_not_release_environment,95,0.00437667004515,False,False,-0.00219707928059,0.0376854325993,21706,True
136_OPPORTUNITY_id_8_HumanActivity_tr_1495_1st_1595.csv,OPPORTUNITY,TimesNet,96,candidate_TSB_pin_not_release_environment,95,0.00352256294264,False,False,-0.00387118247643,0.0231747562016,26969,True
137_CreditCard_id_1_Finance_tr_500_1st_541.csv,CreditCard,TimesNet,96,candidate_TSB_pin_not_release_environment,95,0.000333559217295,False,False,0.121776042633,0.00172748563062,284807,True
138_CATSv2_id_1_Sensor_tr_16568_1st_16668.csv,CATSv2,TimesNet,96,candidate_TSB_pin_not_release_environment,95,0.00095,False,False,-0.0316833943731,0.02,100000,True
139_CATSv2_id_2_Sensor_tr_5592_1st_5692.csv,CATSv2,TimesNet,96,candidate_TSB_pin_not_release_environment,95,0.000487179487179,False,False,0.0406515559422,0.0338461538462,195000,True
141_CATSv2_id_4_Sensor_tr_41727_1st_41827.csv,CATSv2,TimesNet,96,candidate_TSB_pin_not_release_environment,95,0.000487179487179,False,False,0.0607756684629,0.0302564102564,195000,True
142_CATSv2_id_5_Sensor_tr_30704_1st_30804.csv,CATSv2,TimesNet,96,candidate_TSB_pin_not_release_environment,95,0.000271428571429,False,False,0.0704378773733,0.0488571428571,350000,True
143_CATSv2_id_6_Sensor_tr_50000_1st_60232.csv,CATSv2,TimesNet,96,candidate_TSB_pin_not_release_environment,95,0.000475,False,False,0.0354857582104,0.02,200000,True
144_SMAP_id_1_Sensor_tr_2052_1st_5300.csv,SMAP,TimesNet,96,candidate_TSB_pin_not_release_environment,95,0.0115726641491,False,,0.745065999499,0.136557436959,8209,True
145_SMAP_id_2_Sensor_tr_2133_1st_5400.csv,SMAP,TimesNet,96,candidate_TSB_pin_not_release_environment,95,0.0111345522738,False,,0.166899450955,0.0730192217534,8532,True
146_SMAP_id_3_Sensor_tr_2128_1st_5000.csv,SMAP,TimesNet,96,candidate_TSB_pin_not_release_environment,95,0.0111580925534,False,,0.311582593266,0.0346488137186,8514,True
147_SMAP_id_4_Sensor_tr_2160_1st_6449.csv,SMAP,TimesNet,96,candidate_TSB_pin_not_release_environment,95,0.0109953703704,False,,-0.00208500349828,0.0140046296296,8640,True
148_SMAP_id_5_Sensor_tr_2011_1st_5060.csv,SMAP,TimesNet,96,candidate_TSB_pin_not_release_environment,95,0.0118100447539,False,False,0.714942196752,0.00882645450025,8044,True
150_SMAP_id_7_Sensor_tr_2077_1st_5394.csv,SMAP,TimesNet,96,candidate_TSB_pin_not_release_environment,95,0.011432009627,False,,0.526014440645,0.0338146811071,8310,True
151_SMAP_id_8_Sensor_tr_1971_1st_4870.csv,SMAP,TimesNet,96,candidate_TSB_pin_not_release_environment,95,0.0120497209538,False,,0.031458913553,0.0102739726027,7884,True
152_SMAP_id_9_Sensor_tr_2073_1st_5600.csv,SMAP,TimesNet,96,candidate_TSB_pin_not_release_environment,95,0.0114540631782,False,,0.274015399792,0.0387026766337,8294,True
153_SMAP_id_10_Sensor_tr_1840_1st_4030.csv,SMAP,TimesNet,96,candidate_TSB_pin_not_release_environment,95,0.0129058551827,False,,0.405574581042,0.00556989539465,7361,True
154_SMAP_id_11_Sensor_tr_2117_1st_4770.csv,SMAP,TimesNet,96,candidate_TSB_pin_not_release_environment,95,0.0112173810367,False,False,0.00223025729353,0.0142874011099,8469,True
155_SMAP_id_12_Sensor_tr_1907_1st_4800.csv,SMAP,TimesNet,96,candidate_TSB_pin_not_release_environment,95,0.0124541164132,False,,0.0317184220758,0.00668589407446,7628,True
156_SMAP_id_13_Sensor_tr_1173_1st_2750.csv,SMAP,TimesNet,96,candidate_TSB_pin_not_release_environment,95,0.0202429149798,False,False,0.466845506117,0.0108672490944,4693,True
157_SMAP_id_14_Sensor_tr_2126_1st_5000.csv,SMAP,TimesNet,96,candidate_TSB_pin_not_release_environment,95,0.0111699000588,False,,0.30120870442,0.0378600823045,8505,True
158_SMAP_id_15_Sensor_tr_2075_1st_5610.csv,SMAP,TimesNet,96,candidate_TSB_pin_not_release_environment,95,0.0114457831325,False,,0.306013152114,0.00795180722892,8300,True
159_SMAP_id_16_Sensor_tr_1757_1st_2650.csv,SMAP,TimesNet,96,candidate_TSB_pin_not_release_environment,95,0.0135154360506,False,,-0.1097082555,0.0381277564376,7029,True
160_SMAP_id_17_Sensor_tr_1832_1st_5300.csv,SMAP,TimesNet,96,candidate_TSB_pin_not_release_environment,95,0.0129586686673,False,,0.00255155445807,0.0611103532942,7331,True
161_SMAP_id_18_Sensor_tr_2075_1st_5550.csv,SMAP,TimesNet,96,candidate_TSB_pin_not_release_environment,95,0.0114430257769,False,,0.170978069811,0.0422789689232,8302,True
162_SMAP_id_19_Sensor_tr_1908_1st_4690.csv,SMAP,TimesNet,96,candidate_TSB_pin_not_release_environment,95,0.0124475890985,False,,-0.0882935752965,0.00406184486373,7632,True
163_SMAP_id_20_Sensor_tr_2051_1st_4575.csv,SMAP,TimesNet,96,candidate_TSB_pin_not_release_environment,95,0.011578305911,False,,-0.000768409826624,0.0226691042048,8205,True
165_SMAP_id_22_Sensor_tr_2129_1st_5000.csv,SMAP,TimesNet,96,candidate_TSB_pin_not_release_environment,95,0.0111554720526,False,,0.190943231911,0.059652418976,8516,True
166_SMAP_id_23_Sensor_tr_1113_1st_1890.csv,SMAP,TimesNet,96,candidate_TSB_pin_not_release_environment,95,0.0213339321806,False,False,0.501348986662,0.00920727599371,4453,True
167_SMAP_id_24_Sensor_tr_2094_1st_5600.csv,SMAP,TimesNet,96,candidate_TSB_pin_not_release_environment,95,0.0113419293219,False,False,0.0139741223666,0.00489493791786,8376,True
168_SMAP_id_25_Sensor_tr_1998_1st_2098.csv,SMAP,TimesNet,96,candidate_TSB_pin_not_release_environment,95,0.011073551696,False,,-0.145169255227,0.0214477211796,8579,True
169_SMAP_id_26_Sensor_tr_1811_1st_4510.csv,SMAP,TimesNet,96,candidate_TSB_pin_not_release_environment,95,0.0131143014909,False,,0.135086148053,0.011181667587,7244,True
170_SMAP_id_27_Sensor_tr_2160_1st_4690.csv,SMAP,TimesNet,96,candidate_TSB_pin_not_release_environment,95,0.0109953703704,False,,0.0315269534269,0.00983796296296,8640,True
171_SWaT_id_1_Sensor_tr_3749_1st_9522.csv,SWaT,TimesNet,96,candidate_TSB_pin_not_release_environment,95,0.00633502267271,False,False,0.0918805119352,0.132435316084,14996,True
172_SWaT_id_2_Sensor_tr_23700_1st_23800.csv,SWaT,TimesNet,96,candidate_TSB_pin_not_release_environment,95,0.000237548103491,False,False,0.00190479532932,0.125320377376,399919,True
173_GECCO_id_1_Sensor_tr_16165_1st_16265.csv,GECCO,TimesNet,96,candidate_TSB_pin_not_release_environment,95,0.000685816590986,False,False,0.486087253241,0.0124602045899,138521,True
174_Exathlon_id_1_Facility_tr_10766_1st_12590.csv,Exathlon,TimesNet,96,candidate_TSB_pin_not_release_environment,95,0.00220591650026,False,,0.228115496859,0.126248084336,43066,True
175_Exathlon_id_2_Facility_tr_10684_1st_10784.csv,Exathlon,TimesNet,96,candidate_TSB_pin_not_release_environment,95,0.00203617969822,False,,0.0306362556969,0.0811685528121,46656,True
176_Exathlon_id_3_Facility_tr_10766_1st_12590.csv,Exathlon,TimesNet,96,candidate_TSB_pin_not_release_environment,95,0.00220591650026,False,,0.197340396335,0.126248084336,43066,True
177_Exathlon_id_4_Facility_tr_11665_1st_13484.csv,Exathlon,TimesNet,96,candidate_TSB_pin_not_release_environment,95,0.00203600514359,False,,0.120616921488,0.0627518216888,46660,True
179_Exathlon_id_6_Facility_tr_11665_1st_13484.csv,Exathlon,TimesNet,96,candidate_TSB_pin_not_release_environment,95,0.00203600514359,False,False,0.367390024158,0.0627518216888,46660,True
180_Exathlon_id_7_Facility_tr_10766_1st_12590.csv,Exathlon,TimesNet,96,candidate_TSB_pin_not_release_environment,95,0.00220591650026,False,,0.183436492208,0.126248084336,43066,True
181_Exathlon_id_8_Facility_tr_11663_1st_13482.csv,Exathlon,TimesNet,96,candidate_TSB_pin_not_release_environment,95,0.00203622334155,False,,0.200845969757,0.0631872253778,46655,True
182_Exathlon_id_9_Facility_tr_10766_1st_12590.csv,Exathlon,TimesNet,96,candidate_TSB_pin_not_release_environment,95,0.00220591650026,False,,0.1721706197,0.126248084336,43066,True
183_Exathlon_id_10_Facility_tr_11665_1st_13484.csv,Exathlon,TimesNet,96,candidate_TSB_pin_not_release_environment,95,0.00203600514359,False,,0.108903326242,0.0627518216888,46660,True
184_Exathlon_id_11_Facility_tr_11665_1st_13484.csv,Exathlon,TimesNet,96,candidate_TSB_pin_not_release_environment,95,0.00203600514359,False,,0.156206335643,0.0627518216888,46660,True
185_Exathlon_id_12_Facility_tr_11665_1st_13484.csv,Exathlon,TimesNet,96,candidate_TSB_pin_not_release_environment,95,0.00203600514359,False,,0.127607422781,0.0627518216888,46660,True
186_Exathlon_id_13_Facility_tr_10766_1st_12590.csv,Exathlon,TimesNet,96,candidate_TSB_pin_not_release_environment,95,0.00220591650026,False,,0.186315467826,0.126248084336,43066,True
187_Exathlon_id_14_Facility_tr_6193_1st_6293.csv,Exathlon,TimesNet,96,candidate_TSB_pin_not_release_environment,95,0.00203600514359,False,,0.288621055103,0.124667809687,46660,True
188_Exathlon_id_15_Facility_tr_12538_1st_12638.csv,Exathlon,TimesNet,96,candidate_TSB_pin_not_release_environment,95,0.000735311191436,False,False,-0.26156036622,0.124654597243,129197,True
189_Exathlon_id_16_Facility_tr_11663_1st_13482.csv,Exathlon,TimesNet,96,candidate_TSB_pin_not_release_environment,95,0.00203622334155,False,,0.186833670754,0.0631872253778,46655,True
190_Exathlon_id_17_Facility_tr_12538_1st_12638.csv,Exathlon,TimesNet,96,candidate_TSB_pin_not_release_environment,95,0.000735311191436,False,False,-0.308199363886,0.124654597243,129197,True
191_Exathlon_id_18_Facility_tr_11665_1st_13484.csv,Exathlon,TimesNet,96,candidate_TSB_pin_not_release_environment,95,0.00203600514359,False,,0.106495134788,0.0627518216888,46660,True
192_Exathlon_id_19_Facility_tr_11665_1st_13484.csv,Exathlon,TimesNet,96,candidate_TSB_pin_not_release_environment,95,0.00203600514359,False,,0.133862145419,0.0627518216888,46660,True
193_Exathlon_id_20_Facility_tr_8898_1st_8998.csv,Exathlon,TimesNet,96,candidate_TSB_pin_not_release_environment,95,0.00203644158628,False,,0.0335164457742,0.0834083601286,46650,True
194_Exathlon_id_21_Facility_tr_6985_1st_7085.csv,Exathlon,TimesNet,96,candidate_TSB_pin_not_release_environment,95,0.00203648524084,False,,0.294155973533,0.104096550837,46649,True
196_Exathlon_id_23_Facility_tr_11665_1st_13484.csv,Exathlon,TimesNet,96,candidate_TSB_pin_not_release_environment,95,0.00203600514359,False,,0.14581381683,0.0627518216888,46660,True
197_Exathlon_id_24_Facility_tr_10766_1st_12590.csv,Exathlon,TimesNet,96,candidate_TSB_pin_not_release_environment,95,0.00220591650026,False,,0.191608867598,0.126248084336,43066,True
198_Exathlon_id_25_Facility_tr_12538_1st_12638.csv,Exathlon,TimesNet,96,candidate_TSB_pin_not_release_environment,95,0.000735311191436,False,False,-0.285192776796,0.124654597243,129197,True
199_Exathlon_id_26_Facility_tr_12538_1st_12638.csv,Exathlon,TimesNet,96,candidate_TSB_pin_not_release_environment,95,0.000735311191436,False,False,-0.276316730331,0.124654597243,129197,True
200_Exathlon_id_27_Facility_tr_10766_1st_12590.csv,Exathlon,TimesNet,96,candidate_TSB_pin_not_release_environment,95,0.00220591650026,False,,0.178087238875,0.126248084336,43066,True
001_Genesis_id_1_Sensor_tr_4055_1st_15538.csv,Genesis,TranAD,10,candidate_TSB_pin_not_release_environment,9,0.00055487053021,False,,0.0167920947112,0.00308261405672,16220,True
002_MSL_id_1_Sensor_tr_500_1st_900.csv,MSL,TranAD,10,candidate_TSB_pin_not_release_environment,9,0.00492610837438,False,,0.159713600255,0.00602079912425,1827,True
003_MSL_id_2_Sensor_tr_883_1st_1238.csv,MSL,TranAD,10,candidate_TSB_pin_not_release_environment,9,0.0025459688826,False,,-0.013639575417,0.0644978783593,3535,True
005_MSL_id_4_Sensor_tr_855_1st_2700.csv,MSL,TranAD,10,candidate_TSB_pin_not_release_environment,9,0.00263004091175,False,,-0.00194297246569,0.020748100526,3422,True
006_MSL_id_5_Sensor_tr_1150_1st_1250.csv,MSL,TranAD,10,candidate_TSB_pin_not_release_environment,9,0.00178076770875,False,,0.0104936754707,0.083696082311,5054,True
007_MSL_id_6_Sensor_tr_980_1st_3550.csv,MSL,TranAD,10,candidate_TSB_pin_not_release_environment,9,0.00229474757777,False,,0.0854799861329,0.0385007649159,3922,True
008_MSL_id_7_Sensor_tr_656_1st_1630.csv,MSL,TranAD,10,candidate_TSB_pin_not_release_environment,9,0.00342857142857,False,,0.631352175414,0.0845714285714,2625,True
009_MSL_id_8_Sensor_tr_714_1st_1390.csv,MSL,TranAD,10,candidate_TSB_pin_not_release_environment,9,0.0031512605042,False,False,-0.000765381990536,0.00735294117647,2856,True
010_MSL_id_9_Sensor_tr_554_1st_1172.csv,MSL,TranAD,10,candidate_TSB_pin_not_release_environment,9,0.00405953991881,False,,0.00125552907172,0.0311231393775,2217,True
012_MSL_id_11_Sensor_tr_539_1st_940.csv,MSL,TranAD,10,candidate_TSB_pin_not_release_environment,9,0.00417439703154,False,,0.115659979461,0.0468460111317,2156,True
013_MSL_id_12_Sensor_tr_554_1st_1200.csv,MSL,TranAD,10,candidate_TSB_pin_not_release_environment,9,0.00405770964833,False,,0.151757195177,0.0117222723174,2218,True
014_MSL_id_13_Sensor_tr_1525_1st_4575.csv,MSL,TranAD,10,candidate_TSB_pin_not_release_environment,9,0.00147540983607,False,,0.141563610739,0.0296721311475,6100,True
015_MSL_id_14_Sensor_tr_575_1st_1250.csv,MSL,TranAD,10,candidate_TSB_pin_not_release_environment,9,0.00390794615719,False,,-0.0010570211215,0.130699088146,2303,True
016_MSL_id_15_Sensor_tr_500_1st_780.csv,MSL,TranAD,10,candidate_TSB_pin_not_release_environment,9,0.00821167883212,False,,0.147071548295,0.102189781022,1096,True
017_MSL_id_16_Sensor_tr_512_1st_1850.csv,MSL,TranAD,10,candidate_TSB_pin_not_release_environment,9,0.00439238653001,False,,-0.258126786511,0.0883357735481,2049,True
018_Daphnet_id_1_HumanActivity_tr_9693_1st_20732.csv,Daphnet,TranAD,10,candidate_TSB_pin_not_release_environment,9,0.000232114303399,False,False,0.223932245694,0.0594728426265,38774,True
019_MITDB_id_1_Medical_tr_37500_1st_103211.csv,MITDB,TranAD,10,candidate_TSB_pin_not_release_environment,9,6e-05,False,,0.0027850603184,0.124066666667,150000,True
020_MITDB_id_2_Medical_tr_50000_1st_52315.csv,MITDB,TranAD,10,candidate_TSB_pin_not_release_environment,9,1.38461538462e-05,False,,-0.00207498596956,0.00161076923077,650000,True
021_MITDB_id_3_Medical_tr_50000_1st_57595.csv,MITDB,TranAD,10,candidate_TSB_pin_not_release_environment,9,1.8e-05,False,,-0.000197680980846,0.01762,500000,True
022_MITDB_id_4_Medical_tr_50000_1st_54253.csv,MITDB,TranAD,10,candidate_TSB_pin_not_release_environment,9,3e-05,False,,0.00048408599946,0.04431,300000,True
024_MITDB_id_6_Medical_tr_50000_1st_58118.csv,MITDB,TranAD,10,candidate_TSB_pin_not_release_environment,9,4.5e-05,False,,0.000823773951199,0.001765,200000,True
025_MITDB_id_7_Medical_tr_37500_1st_88864.csv,MITDB,TranAD,10,candidate_TSB_pin_not_release_environment,9,6e-05,False,,-0.00728173675876,0.02464,150000,True
026_MITDB_id_8_Medical_tr_30495_1st_30595.csv,MITDB,TranAD,10,candidate_TSB_pin_not_release_environment,9,2.25e-05,False,,-0.000214002470763,0.0655825,400000,True
027_MITDB_id_9_Medical_tr_25000_1st_52255.csv,MITDB,TranAD,10,candidate_TSB_pin_not_release_environment,9,9e-05,False,,-0.000229371877633,0.00433,100000,True
029_MITDB_id_11_Medical_tr_50000_1st_518037.csv,MITDB,TranAD,10,candidate_TSB_pin_not_release_environment,9,1.5e-05,False,,0.0129540465476,0.00291666666667,600000,True
030_MITDB_id_12_Medical_tr_50000_1st_84572.csv,MITDB,TranAD,10,candidate_TSB_pin_not_release_environment,9,1.45161290323e-05,False,,0.00270691991003,0.0431790322581,620000,True
031_MITDB_id_13_Medical_tr_50000_1st_79433.csv,MITDB,TranAD,10,candidate_TSB_pin_not_release_environment,9,2e-05,False,,6.93825253258e-05,0.0217933333333,450000,True
032_GHL_id_1_Sensor_tr_50000_1st_65001.csv,GHL,TranAD,10,candidate_TSB_pin_not_release_environment,9,4.49997750011e-05,False,False,-0.000210900854551,0.00924995375023,200001,True
033_GHL_id_2_Sensor_tr_50000_1st_51001.csv,GHL,TranAD,10,candidate_TSB_pin_not_release_environment,9,4.49997750011e-05,False,False,-0.0029856691484,0.00923495382523,200001,True
034_GHL_id_3_Sensor_tr_50000_1st_122001.csv,GHL,TranAD,10,candidate_TSB_pin_not_release_environment,9,4.49997750011e-05,False,False,0.00462989896538,0.00959495202524,200001,True
035_GHL_id_4_Sensor_tr_50000_1st_90001.csv,GHL,TranAD,10,candidate_TSB_pin_not_release_environment,9,4.49997750011e-05,False,False,0.00226638621104,0.0135649321753,200001,True
036_GHL_id_5_Sensor_tr_50000_1st_67147.csv,GHL,TranAD,10,candidate_TSB_pin_not_release_environment,9,4.49997750011e-05,False,False,-3.63790998437e-05,0.0114149429253,200001,True
037_GHL_id_6_Sensor_tr_50000_1st_80001.csv,GHL,TranAD,10,candidate_TSB_pin_not_release_environment,9,4.49997750011e-05,False,False,-0.00422013656918,0.00932995335023,200001,True
038_GHL_id_7_Sensor_tr_50000_1st_100001.csv,GHL,TranAD,10,candidate_TSB_pin_not_release_environment,9,4.49997750011e-05,False,False,0.000806239362608,0.00847495762521,200001,True
039_GHL_id_8_Sensor_tr_50000_1st_63030.csv,GHL,TranAD,10,candidate_TSB_pin_not_release_environment,9,4.49997750011e-05,False,False,-0.000170213269566,0.00583997080015,200001,True
041_GHL_id_10_Sensor_tr_50000_1st_57001.csv,GHL,TranAD,10,candidate_TSB_pin_not_release_environment,9,4.49997750011e-05,False,False,-0.000892330439325,0.00927495362523,200001,True
042_GHL_id_11_Sensor_tr_50000_1st_150001.csv,GHL,TranAD,10,candidate_TSB_pin_not_release_environment,9,4.49997750011e-05,False,False,0.00865842367062,0.00772996135019,200001,True
043_GHL_id_12_Sensor_tr_39938_1st_40038.csv,GHL,TranAD,10,candidate_TSB_pin_not_release_environment,9,4.49997750011e-05,False,False,-0.00458894696522,0.00525497372513,200001,True
044_GHL_id_13_Sensor_tr_50000_1st_145001.csv,GHL,TranAD,10,candidate_TSB_pin_not_release_environment,9,4.49997750011e-05,False,False,0.00819939237599,0.00924495377523,200001,True
045_GHL_id_14_Sensor_tr_50000_1st_85076.csv,GHL,TranAD,10,candidate_TSB_pin_not_release_environment,9,4.49997750011e-05,False,False,-0.024124554005,0.00885495572522,200001,True
046_GHL_id_15_Sensor_tr_50000_1st_156462.csv,GHL,TranAD,10,candidate_TSB_pin_not_release_environment,9,4.49997750011e-05,False,False,0.137260129226,0.00619496902515,200001,True
047_GHL_id_16_Sensor_tr_50000_1st_77001.csv,GHL,TranAD,10,candidate_TSB_pin_not_release_environment,9,4.49997750011e-05,False,False,-0.000288602566751,0.0136399318003,200001,True
048_GHL_id_17_Sensor_tr_50000_1st_154001.csv,GHL,TranAD,10,candidate_TSB_pin_not_release_environment,9,4.49997750011e-05,False,False,0.0204322851737,0.0179149104254,200001,True
050_GHL_id_19_Sensor_tr_43750_1st_55001.csv,GHL,TranAD,10,candidate_TSB_pin_not_release_environment,9,5.14282775527e-05,False,False,-0.031537240683,0.00645139170633,175001,True
051_GHL_id_20_Sensor_tr_50000_1st_75110.csv,GHL,TranAD,10,candidate_TSB_pin_not_release_environment,9,4.49997750011e-05,False,False,4.7367615125e-05,0.00595497022515,200001,True
052_GHL_id_21_Sensor_tr_50000_1st_98001.csv,GHL,TranAD,10,candidate_TSB_pin_not_release_environment,9,4.49997750011e-05,False,False,0.000387493980093,0.00485497572512,200001,True
053_GHL_id_22_Sensor_tr_50000_1st_126448.csv,GHL,TranAD,10,candidate_TSB_pin_not_release_environment,9,4.49997750011e-05,False,False,0.0189904837032,0.0324598377008,200001,True
054_GHL_id_23_Sensor_tr_50000_1st_135001.csv,GHL,TranAD,10,candidate_TSB_pin_not_release_environment,9,4.49997750011e-05,False,False,0.0102135272425,0.0186699066505,200001,True
055_GHL_id_24_Sensor_tr_50000_1st_118124.csv,GHL,TranAD,10,candidate_TSB_pin_not_release_environment,9,4.49997750011e-05,False,False,0.00129282159125,0.00504497477513,200001,True
056_GHL_id_25_Sensor_tr_50000_1st_105568.csv,GHL,TranAD,10,candidate_TSB_pin_not_release_environment,9,4.49997750011e-05,False,False,0.00245409349273,0.0157199214004,200001,True
057_SMD_id_1_Facility_tr_4529_1st_4629.csv,SMD,TranAD,10,candidate_TSB_pin_not_release_environment,9,0.000379842998227,False,False,0.101047506283,0.0228749894488,23694,True
058_SMD_id_2_Facility_tr_1087_1st_1187.csv,SMD,TranAD,10,candidate_TSB_pin_not_release_environment,9,0.000313305019843,False,,0.153928711278,0.0415651326325,28726,True
059_SMD_id_3_Facility_tr_757_1st_857.csv,SMD,TranAD,10,candidate_TSB_pin_not_release_environment,9,0.000379923171092,False,False,-0.210193658177,0.0113554814471,23689,True
060_SMD_id_4_Facility_tr_7176_1st_10609.csv,SMD,TranAD,10,candidate_TSB_pin_not_release_environment,9,0.000313534227487,False,False,-0.181871887367,0.0151193171921,28705,True
061_SMD_id_5_Facility_tr_7176_1st_15144.csv,SMD,TranAD,10,candidate_TSB_pin_not_release_environment,9,0.000313545150502,False,False,-0.0318739088259,0.0477633779264,28704,True
063_SMD_id_7_Facility_tr_5923_1st_6506.csv,SMD,TranAD,10,candidate_TSB_pin_not_release_environment,9,0.000379842998227,False,,0.0745638502519,0.0493795897696,23694,True
064_SMD_id_8_Facility_tr_2272_1st_2372.csv,SMD,TranAD,10,candidate_TSB_pin_not_release_environment,9,0.000424468235627,False,False,0.0648956731393,0.0368815733623,21203,True
065_SMD_id_9_Facility_tr_737_1st_837.csv,SMD,TranAD,10,candidate_TSB_pin_not_release_environment,9,0.000379794910748,False,False,0.146206301869,0.101194243997,23697,True
066_SMD_id_10_Facility_tr_2634_1st_2734.csv,SMD,TranAD,10,candidate_TSB_pin_not_release_environment,9,0.000379955249715,False,False,0.587338943202,0.0412462532191,23687,True
067_SMD_id_11_Facility_tr_1980_1st_2080.csv,SMD,TranAD,10,candidate_TSB_pin_not_release_environment,9,0.00039642338017,False,False,-0.047389279895,0.0477029467471,22703,True
068_SMD_id_12_Facility_tr_1099_1st_1199.csv,SMD,TranAD,10,candidate_TSB_pin_not_release_environment,9,0.000313446870755,False,False,-0.00114164772119,0.0105527113154,28713,True
069_SMD_id_13_Facility_tr_5925_1st_12760.csv,SMD,TranAD,10,candidate_TSB_pin_not_release_environment,9,0.000379746835443,False,,0.0189812248026,0.119535864979,23700,True
070_SMD_id_14_Facility_tr_1070_1st_1170.csv,SMD,TranAD,10,candidate_TSB_pin_not_release_environment,9,0.000313119716105,False,,0.0409840098832,0.0147514177365,28743,True
071_SMD_id_15_Facility_tr_1109_1st_1209.csv,SMD,TranAD,10,candidate_TSB_pin_not_release_environment,9,0.000313588850174,False,False,0.034319173377,0.0107317073171,28700,True
073_SMD_id_17_Facility_tr_5926_1st_10620.csv,SMD,TranAD,10,candidate_TSB_pin_not_release_environment,9,0.000379650721336,False,,0.0631423898145,0.00421834134818,23706,True
074_SMD_id_18_Facility_tr_7174_1st_21230.csv,SMD,TranAD,10,candidate_TSB_pin_not_release_environment,9,0.00031363256203,False,False,-0.0499583784344,0.00689991636465,28696,True
075_SMD_id_19_Facility_tr_564_1st_664.csv,SMD,TranAD,10,candidate_TSB_pin_not_release_environment,9,0.000379810938555,False,False,0.00391531882426,0.0175979068197,23696,True
076_SMD_id_20_Facility_tr_5925_1st_17580.csv,SMD,TranAD,10,candidate_TSB_pin_not_release_environment,9,0.000379698772307,False,False,-0.0971570797974,0.00679238914905,23703,True
077_SMD_id_21_Facility_tr_3026_1st_3126.csv,SMD,TranAD,10,candidate_TSB_pin_not_release_environment,9,0.000424388173716,False,False,-0.0817344262192,0.0324421181685,21207,True
078_SMD_id_22_Facility_tr_500_1st_326.csv,SMD,TranAD,10,candidate_TSB_pin_not_release_environment,9,0.000379859030093,False,False,-0.487574155921,0.0441902671675,23693,True
079_LTDB_id_1_Medical_tr_3618_1st_3718.csv,LTDB,TranAD,10,candidate_TSB_pin_not_release_environment,9,9e-05,False,,0.00871272530659,0.14781,100000,True
080_LTDB_id_2_Medical_tr_500_1st_266.csv,LTDB,TranAD,10,candidate_TSB_pin_not_release_environment,9,9e-05,False,False,0.0033606857501,0.14857,100000,True
081_LTDB_id_3_Medical_tr_500_1st_26.csv,LTDB,TranAD,10,candidate_TSB_pin_not_release_environment,9,9e-05,False,,0.00195005600301,0.31565,100000,True
083_LTDB_id_5_Medical_tr_15502_1st_15602.csv,LTDB,TranAD,10,candidate_TSB_pin_not_release_environment,9,9e-05,False,,-0.00636805793055,0.00505,100000,True
084_SVDB_id_1_Medical_tr_12973_1st_13073.csv,SVDB,TranAD,10,candidate_TSB_pin_not_release_environment,9,3.90625e-05,False,,6.9644526363e-05,0.0153515625,230400,True
085_SVDB_id_2_Medical_tr_50000_1st_54982.csv,SVDB,TranAD,10,candidate_TSB_pin_not_release_environment,9,3.90625e-05,False,,-0.000490653840449,0.0372309027778,230400,True
086_SVDB_id_3_Medical_tr_533_1st_633.csv,SVDB,TranAD,10,candidate_TSB_pin_not_release_environment,9,3.90625e-05,False,,0.0053105884089,0.0699696180556,230400,True
087_SVDB_id_4_Medical_tr_5421_1st_5521.csv,SVDB,TranAD,10,candidate_TSB_pin_not_release_environment,9,3.90625e-05,False,,0.00147933351434,0.0555946180556,230400,True
088_SVDB_id_5_Medical_tr_500_1st_168.csv,SVDB,TranAD,10,candidate_TSB_pin_not_release_environment,9,3.90625e-05,False,,0.0067518861884,0.0992100694444,230400,True
089_SVDB_id_6_Medical_tr_50000_1st_83083.csv,SVDB,TranAD,10,candidate_TSB_pin_not_release_environment,9,3.90625e-05,False,,-0.000241493758506,0.0134895833333,230400,True
091_SVDB_id_8_Medical_tr_500_1st_126.csv,SVDB,TranAD,10,candidate_TSB_pin_not_release_environment,9,3.90625e-05,False,,0.00320332056879,0.0773524305556,230400,True
092_SVDB_id_9_Medical_tr_2674_1st_2774.csv,SVDB,TranAD,10,candidate_TSB_pin_not_release_environment,9,3.90625e-05,False,,0.00797718703447,0.0525260416667,230400,True
093_SVDB_id_10_Medical_tr_500_1st_37.csv,SVDB,TranAD,10,candidate_TSB_pin_not_release_environment,9,3.90625e-05,False,,-0.0356834114544,0.0785894097222,230400,True
094_SVDB_id_11_Medical_tr_20100_1st_23611.csv,SVDB,TranAD,10,candidate_TSB_pin_not_release_environment,9,0.000111940298507,False,,0.00095373015267,0.0117537313433,80400,True
095_SVDB_id_12_Medical_tr_6264_1st_6364.csv,SVDB,TranAD,10,candidate_TSB_pin_not_release_environment,9,3.90625e-05,False,,0.00106364708125,0.0323958333333,230400,True
096_SVDB_id_13_Medical_tr_500_1st_444.csv,SVDB,TranAD,10,candidate_TSB_pin_not_release_environment,9,3.90625e-05,False,,-1.34665004309e-05,0.0335633680556,230400,True
097_SVDB_id_14_Medical_tr_1031_1st_1131.csv,SVDB,TranAD,10,candidate_TSB_pin_not_release_environment,9,3.90625e-05,False,,0.0251859160974,0.120611979167,230400,True
098_SVDB_id_15_Medical_tr_500_1st_303.csv,SVDB,TranAD,10,candidate_TSB_pin_not_release_environment,9,3.90625e-05,False,,-0.00358102870046,0.0633637152778,230400,True
099_SVDB_id_16_Medical_tr_1115_1st_1215.csv,SVDB,TranAD,10,candidate_TSB_pin_not_release_environment,9,3.90625e-05,False,,-0.00992472053582,0.0711328125,230400,True
100_SVDB_id_17_Medical_tr_17803_1st_17903.csv,SVDB,TranAD,10,candidate_TSB_pin_not_release_environment,9,6.9018404908e-05,False,,0.000837000980244,0.030222392638,130400,True
101_SVDB_id_18_Medical_tr_1851_1st_1951.csv,SVDB,TranAD,10,candidate_TSB_pin_not_release_environment,9,3.90625e-05,False,,-0.00407899436802,0.0698871527778,230400,True
102_SVDB_id_19_Medical_tr_50000_1st_107354.csv,SVDB,TranAD,10,candidate_TSB_pin_not_release_environment,9,3.90625e-05,False,,0.00193582723834,0.0580555555556,230400,True
103_SVDB_id_20_Medical_tr_12167_1st_12267.csv,SVDB,TranAD,10,candidate_TSB_pin_not_release_environment,9,3.90625e-05,False,,0.000277279770817,0.0266970486111,230400,True
104_SVDB_id_21_Medical_tr_50000_1st_106634.csv,SVDB,TranAD,10,candidate_TSB_pin_not_release_environment,9,3.90625e-05,False,,-0.000308791474228,0.0152039930556,230400,True
105_SVDB_id_22_Medical_tr_500_1st_417.csv,SVDB,TranAD,10,candidate_TSB_pin_not_release_environment,9,6e-05,False,,0.0025097332016,0.0855133333333,150000,True
106_SVDB_id_23_Medical_tr_37500_1st_121963.csv,SVDB,TranAD,10,candidate_TSB_pin_not_release_environment,9,6e-05,False,,6.03963481609e-05,0.00450666666667,150000,True
108_SVDB_id_25_Medical_tr_1238_1st_1338.csv,SVDB,TranAD,10,candidate_TSB_pin_not_release_environment,9,3.90625e-05,False,,-0.021444118877,0.0305902777778,230400,True
109_SVDB_id_26_Medical_tr_1038_1st_1138.csv,SVDB,TranAD,10,candidate_TSB_pin_not_release_environment,9,3.90625e-05,False,,0.00583788582338,0.0903645833333,230400,True
110_SVDB_id_27_Medical_tr_30824_1st_30924.csv,SVDB,TranAD,10,candidate_TSB_pin_not_release_environment,9,3.90625e-05,False,,0.000423085621407,0.0340581597222,230400,True
111_SVDB_id_28_Medical_tr_1791_1st_1891.csv,SVDB,TranAD,10,candidate_TSB_pin_not_release_environment,9,3.90625e-05,False,,0.00295286935637,0.0953993055556,230400,True
112_SVDB_id_29_Medical_tr_8226_1st_8326.csv,SVDB,TranAD,10,candidate_TSB_pin_not_release_environment,9,3.90625e-05,False,,-0.000298853091803,0.0111067708333,230400,True
114_SVDB_id_31_Medical_tr_25000_1st_63090.csv,SVDB,TranAD,10,candidate_TSB_pin_not_release_environment,9,9e-05,False,,3.22355959989e-05,0.00497,100000,True
115_PSM_id_1_Facility_tr_50000_1st_129872.csv,PSM,TranAD,10,candidate_TSB_pin_not_release_environment,9,4.13557328236e-05,False,,0.00776799549821,0.112032680219,217624,True
116_TAO_id_1_Environment_tr_500_1st_3.csv,TAO,TranAD,10,candidate_TSB_pin_not_release_environment,9,0.0009,True,True,0.951638334485,0.0492,10000,True
117_TAO_id_2_Environment_tr_500_1st_1.csv,TAO,TranAD,10,candidate_TSB_pin_not_release_environment,9,0.0009,True,,0.850782079524,0.1395,10000,True
118_TAO_id_3_Environment_tr_500_1st_7.csv,TAO,TranAD,10,candidate_TSB_pin_not_release_environment,9,0.0009,True,True,0.954680188515,0.0488,10000,True
119_TAO_id_4_Environment_tr_500_1st_1.csv,TAO,TranAD,10,candidate_TSB_pin_not_release_environment,9,0.0009,True,True,0.901385818948,0.0945,10000,True
121_TAO_id_6_Environment_tr_500_1st_7.csv,TAO,TranAD,10,candidate_TSB_pin_not_release_environment,9,0.0009,True,,0.859928155455,0.1409,10000,True
122_TAO_id_7_Environment_tr_500_1st_19.csv,TAO,TranAD,10,candidate_TSB_pin_not_release_environment,9,0.0009,False,False,0.906874146974,0.0948,10000,True
123_TAO_id_8_Environment_tr_500_1st_62.csv,TAO,TranAD,10,candidate_TSB_pin_not_release_environment,9,0.0009,False,False,0.94796941538,0.0487,10000,True
124_TAO_id_9_Environment_tr_500_1st_1.csv,TAO,TranAD,10,candidate_TSB_pin_not_release_environment,9,0.0009,True,True,0.926537501901,0.0483,10000,True
125_TAO_id_10_Environment_tr_500_1st_9.csv,TAO,TranAD,10,candidate_TSB_pin_not_release_environment,9,0.0009,False,False,0.900362514154,0.0943,10000,True
127_TAO_id_12_Environment_tr_500_1st_24.csv,TAO,TranAD,10,candidate_TSB_pin_not_release_environment,9,0.0009,False,False,0.94773439599,0.0485,10000,True
128_TAO_id_13_Environment_tr_500_1st_7.csv,TAO,TranAD,10,candidate_TSB_pin_not_release_environment,9,0.0009,True,,0.862740567452,0.1409,10000,True
129_OPPORTUNITY_id_1_HumanActivity_tr_1801_1st_1901.csv,OPPORTUNITY,TranAD,10,candidate_TSB_pin_not_release_environment,9,0.000364475762362,False,False,-0.14918700688,0.0291985582959,24693,True
130_OPPORTUNITY_id_2_HumanActivity_tr_1045_1st_1145.csv,OPPORTUNITY,TranAD,10,candidate_TSB_pin_not_release_environment,9,0.00174351026734,False,False,-0.353281400007,0.0908562572646,5162,True
132_OPPORTUNITY_id_4_HumanActivity_tr_895_1st_995.csv,OPPORTUNITY,TranAD,10,candidate_TSB_pin_not_release_environment,9,0.000965354499625,False,False,-0.232612689722,0.0469805856484,9323,True
133_OPPORTUNITY_id_5_HumanActivity_tr_1745_1st_6500.csv,OPPORTUNITY,TranAD,10,candidate_TSB_pin_not_release_environment,9,0.0012893982808,False,False,-0.724015409397,0.0687679083095,6980,True
134_OPPORTUNITY_id_6_HumanActivity_tr_1477_1st_1577.csv,OPPORTUNITY,TranAD,10,candidate_TSB_pin_not_release_environment,9,0.000544959128065,False,False,-0.191490115207,0.0214956100515,16515,True
135_OPPORTUNITY_id_7_HumanActivity_tr_2085_1st_2185.csv,OPPORTUNITY,TranAD,10,candidate_TSB_pin_not_release_environment,9,0.000414631899014,False,False,-0.228330893256,0.0376854325993,21706,True
136_OPPORTUNITY_id_8_HumanActivity_tr_1495_1st_1595.csv,OPPORTUNITY,TranAD,10,candidate_TSB_pin_not_release_environment,9,0.000333716489303,False,False,-0.135041133881,0.0231747562016,26969,True
137_CreditCard_id_1_Finance_tr_500_1st_541.csv,CreditCard,TranAD,10,candidate_TSB_pin_not_release_environment,9,3.16003469016e-05,False,False,0.132908886514,0.00172748563062,284807,True
138_CATSv2_id_1_Sensor_tr_16568_1st_16668.csv,CATSv2,TranAD,10,candidate_TSB_pin_not_release_environment,9,9e-05,False,False,-0.00932734175312,0.02,100000,True
139_CATSv2_id_2_Sensor_tr_5592_1st_5692.csv,CATSv2,TranAD,10,candidate_TSB_pin_not_release_environment,9,4.61538461538e-05,False,False,-0.0572373874613,0.0338461538462,195000,True
141_CATSv2_id_4_Sensor_tr_41727_1st_41827.csv,CATSv2,TranAD,10,candidate_TSB_pin_not_release_environment,9,4.61538461538e-05,False,False,0.00020559845528,0.0302564102564,195000,True
142_CATSv2_id_5_Sensor_tr_30704_1st_30804.csv,CATSv2,TranAD,10,candidate_TSB_pin_not_release_environment,9,2.57142857143e-05,False,False,-0.0614310166449,0.0488571428571,350000,True
143_CATSv2_id_6_Sensor_tr_50000_1st_60232.csv,CATSv2,TranAD,10,candidate_TSB_pin_not_release_environment,9,4.5e-05,False,False,-0.000729816715352,0.02,200000,True
144_SMAP_id_1_Sensor_tr_2052_1st_5300.csv,SMAP,TranAD,10,candidate_TSB_pin_not_release_environment,9,0.00109635765623,False,,0.35193161869,0.136557436959,8209,True
145_SMAP_id_2_Sensor_tr_2133_1st_5400.csv,SMAP,TranAD,10,candidate_TSB_pin_not_release_environment,9,0.00105485232068,False,,0.0553703103126,0.0730192217534,8532,True
146_SMAP_id_3_Sensor_tr_2128_1st_5000.csv,SMAP,TranAD,10,candidate_TSB_pin_not_release_environment,9,0.00105708245243,False,,5.24754566558e-05,0.0346488137186,8514,True
147_SMAP_id_4_Sensor_tr_2160_1st_6449.csv,SMAP,TranAD,10,candidate_TSB_pin_not_release_environment,9,0.00104166666667,False,,-0.0006501759358,0.0140046296296,8640,True
148_SMAP_id_5_Sensor_tr_2011_1st_5060.csv,SMAP,TranAD,10,candidate_TSB_pin_not_release_environment,9,0.0011188463451,False,False,0.00156519479273,0.00882645450025,8044,True
150_SMAP_id_7_Sensor_tr_2077_1st_5394.csv,SMAP,TranAD,10,candidate_TSB_pin_not_release_environment,9,0.00108303249097,False,,0.0639605596706,0.0338146811071,8310,True
151_SMAP_id_8_Sensor_tr_1971_1st_4870.csv,SMAP,TranAD,10,candidate_TSB_pin_not_release_environment,9,0.00114155251142,False,,0.0167895020455,0.0102739726027,7884,True
152_SMAP_id_9_Sensor_tr_2073_1st_5600.csv,SMAP,TranAD,10,candidate_TSB_pin_not_release_environment,9,0.00108512177478,False,,0.00160622653398,0.0387026766337,8294,True
153_SMAP_id_10_Sensor_tr_1840_1st_4030.csv,SMAP,TranAD,10,candidate_TSB_pin_not_release_environment,9,0.00122265996468,False,,0.0119048677871,0.00556989539465,7361,True
154_SMAP_id_11_Sensor_tr_2117_1st_4770.csv,SMAP,TranAD,10,candidate_TSB_pin_not_release_environment,9,0.00106269925611,False,False,0.00616625442348,0.0142874011099,8469,True
155_SMAP_id_12_Sensor_tr_1907_1st_4800.csv,SMAP,TranAD,10,candidate_TSB_pin_not_release_environment,9,0.0011798636602,False,,0.0414006716866,0.00668589407446,7628,True
156_SMAP_id_13_Sensor_tr_1173_1st_2750.csv,SMAP,TranAD,10,candidate_TSB_pin_not_release_environment,9,0.00191774984019,False,False,-0.0276002194209,0.0108672490944,4693,True
157_SMAP_id_14_Sensor_tr_2126_1st_5000.csv,SMAP,TranAD,10,candidate_TSB_pin_not_release_environment,9,0.0010582010582,False,,0.00321489257667,0.0378600823045,8505,True
158_SMAP_id_15_Sensor_tr_2075_1st_5610.csv,SMAP,TranAD,10,candidate_TSB_pin_not_release_environment,9,0.0010843373494,False,,0.126101109294,0.00795180722892,8300,True
159_SMAP_id_16_Sensor_tr_1757_1st_2650.csv,SMAP,TranAD,10,candidate_TSB_pin_not_release_environment,9,0.00128040973111,False,,-0.00173057955405,0.0381277564376,7029,True
160_SMAP_id_17_Sensor_tr_1832_1st_5300.csv,SMAP,TranAD,10,candidate_TSB_pin_not_release_environment,9,0.00122766334743,False,,0.030629252207,0.0611103532942,7331,True
161_SMAP_id_18_Sensor_tr_2075_1st_5550.csv,SMAP,TranAD,10,candidate_TSB_pin_not_release_environment,9,0.00108407612623,False,,0.017235596961,0.0422789689232,8302,True
162_SMAP_id_19_Sensor_tr_1908_1st_4690.csv,SMAP,TranAD,10,candidate_TSB_pin_not_release_environment,9,0.00117924528302,False,,-0.298083606705,0.00406184486373,7632,True
163_SMAP_id_20_Sensor_tr_2051_1st_4575.csv,SMAP,TranAD,10,candidate_TSB_pin_not_release_environment,9,0.00109689213894,False,,0.00894857110773,0.0226691042048,8205,True
165_SMAP_id_22_Sensor_tr_2129_1st_5000.csv,SMAP,TranAD,10,candidate_TSB_pin_not_release_environment,9,0.00105683419446,False,,0.0017001471802,0.059652418976,8516,True
166_SMAP_id_23_Sensor_tr_1113_1st_1890.csv,SMAP,TranAD,10,candidate_TSB_pin_not_release_environment,9,0.00202110936447,False,False,-0.012186254789,0.00920727599371,4453,True
167_SMAP_id_24_Sensor_tr_2094_1st_5600.csv,SMAP,TranAD,10,candidate_TSB_pin_not_release_environment,9,0.00107449856734,False,False,0.0119970103875,0.00489493791786,8376,True
168_SMAP_id_25_Sensor_tr_1998_1st_2098.csv,SMAP,TranAD,10,candidate_TSB_pin_not_release_environment,9,0.00104907331857,False,,0.00827665268468,0.0214477211796,8579,True
169_SMAP_id_26_Sensor_tr_1811_1st_4510.csv,SMAP,TranAD,10,candidate_TSB_pin_not_release_environment,9,0.00124240750966,False,,-2.794030377e-06,0.011181667587,7244,True
170_SMAP_id_27_Sensor_tr_2160_1st_4690.csv,SMAP,TranAD,10,candidate_TSB_pin_not_release_environment,9,0.00104166666667,False,,0.00776180793394,0.00983796296296,8640,True
171_SWaT_id_1_Sensor_tr_3749_1st_9522.csv,SWaT,TranAD,10,candidate_TSB_pin_not_release_environment,9,0.000600160042678,False,False,0.0854007199864,0.132435316084,14996,True
172_SWaT_id_2_Sensor_tr_23700_1st_23800.csv,SWaT,TranAD,10,candidate_TSB_pin_not_release_environment,9,2.25045571728e-05,False,False,0.0796064825597,0.125320377376,399919,True
173_GECCO_id_1_Sensor_tr_16165_1st_16265.csv,GECCO,TranAD,10,candidate_TSB_pin_not_release_environment,9,6.49720980934e-05,False,False,-0.166976886047,0.0124602045899,138521,True
174_Exathlon_id_1_Facility_tr_10766_1st_12590.csv,Exathlon,TranAD,10,candidate_TSB_pin_not_release_environment,9,0.000208981563182,False,,0.0952640146588,0.126248084336,43066,True
175_Exathlon_id_2_Facility_tr_10684_1st_10784.csv,Exathlon,TranAD,10,candidate_TSB_pin_not_release_environment,9,0.000192901234568,False,,0.0155048700846,0.0811685528121,46656,True
176_Exathlon_id_3_Facility_tr_10766_1st_12590.csv,Exathlon,TranAD,10,candidate_TSB_pin_not_release_environment,9,0.000208981563182,False,,0.0542142585342,0.126248084336,43066,True
177_Exathlon_id_4_Facility_tr_11665_1st_13484.csv,Exathlon,TranAD,10,candidate_TSB_pin_not_release_environment,9,0.000192884697814,False,,0.0339921929133,0.0627518216888,46660,True
179_Exathlon_id_6_Facility_tr_11665_1st_13484.csv,Exathlon,TranAD,10,candidate_TSB_pin_not_release_environment,9,0.000192884697814,False,False,0.158703399677,0.0627518216888,46660,True
180_Exathlon_id_7_Facility_tr_10766_1st_12590.csv,Exathlon,TranAD,10,candidate_TSB_pin_not_release_environment,9,0.000208981563182,False,,0.0596633888934,0.126248084336,43066,True
181_Exathlon_id_8_Facility_tr_11663_1st_13482.csv,Exathlon,TranAD,10,candidate_TSB_pin_not_release_environment,9,0.000192905369199,False,,0.0269225754464,0.0631872253778,46655,True
182_Exathlon_id_9_Facility_tr_10766_1st_12590.csv,Exathlon,TranAD,10,candidate_TSB_pin_not_release_environment,9,0.000208981563182,False,,0.0576204963882,0.126248084336,43066,True
183_Exathlon_id_10_Facility_tr_11665_1st_13484.csv,Exathlon,TranAD,10,candidate_TSB_pin_not_release_environment,9,0.000192884697814,False,,0.0336880481674,0.0627518216888,46660,True
184_Exathlon_id_11_Facility_tr_11665_1st_13484.csv,Exathlon,TranAD,10,candidate_TSB_pin_not_release_environment,9,0.000192884697814,False,,0.034051005776,0.0627518216888,46660,True
185_Exathlon_id_12_Facility_tr_11665_1st_13484.csv,Exathlon,TranAD,10,candidate_TSB_pin_not_release_environment,9,0.000192884697814,False,,0.033464509395,0.0627518216888,46660,True
186_Exathlon_id_13_Facility_tr_10766_1st_12590.csv,Exathlon,TranAD,10,candidate_TSB_pin_not_release_environment,9,0.000208981563182,False,,0.0526915737529,0.126248084336,43066,True
187_Exathlon_id_14_Facility_tr_6193_1st_6293.csv,Exathlon,TranAD,10,candidate_TSB_pin_not_release_environment,9,0.000192884697814,False,,0.0145492634664,0.124667809687,46660,True
188_Exathlon_id_15_Facility_tr_12538_1st_12638.csv,Exathlon,TranAD,10,candidate_TSB_pin_not_release_environment,9,6.96610602413e-05,False,False,-0.971463488193,0.124654597243,129197,True
189_Exathlon_id_16_Facility_tr_11663_1st_13482.csv,Exathlon,TranAD,10,candidate_TSB_pin_not_release_environment,9,0.000192905369199,False,,0.024247149396,0.0631872253778,46655,True
190_Exathlon_id_17_Facility_tr_12538_1st_12638.csv,Exathlon,TranAD,10,candidate_TSB_pin_not_release_environment,9,6.96610602413e-05,False,False,-0.972525739588,0.124654597243,129197,True
191_Exathlon_id_18_Facility_tr_11665_1st_13484.csv,Exathlon,TranAD,10,candidate_TSB_pin_not_release_environment,9,0.000192884697814,False,,0.0316904909826,0.0627518216888,46660,True
192_Exathlon_id_19_Facility_tr_11665_1st_13484.csv,Exathlon,TranAD,10,candidate_TSB_pin_not_release_environment,9,0.000192884697814,False,,0.0328324158149,0.0627518216888,46660,True
193_Exathlon_id_20_Facility_tr_8898_1st_8998.csv,Exathlon,TranAD,10,candidate_TSB_pin_not_release_environment,9,0.000192926045016,False,,0.0276264894358,0.0834083601286,46650,True
194_Exathlon_id_21_Facility_tr_6985_1st_7085.csv,Exathlon,TranAD,10,candidate_TSB_pin_not_release_environment,9,0.000192930180711,False,,0.00761793315912,0.104096550837,46649,True
196_Exathlon_id_23_Facility_tr_11665_1st_13484.csv,Exathlon,TranAD,10,candidate_TSB_pin_not_release_environment,9,0.000192884697814,False,,0.0340833674559,0.0627518216888,46660,True
197_Exathlon_id_24_Facility_tr_10766_1st_12590.csv,Exathlon,TranAD,10,candidate_TSB_pin_not_release_environment,9,0.000208981563182,False,,0.0576806149749,0.126248084336,43066,True
198_Exathlon_id_25_Facility_tr_12538_1st_12638.csv,Exathlon,TranAD,10,candidate_TSB_pin_not_release_environment,9,6.96610602413e-05,False,False,-0.971772234966,0.124654597243,129197,True
199_Exathlon_id_26_Facility_tr_12538_1st_12638.csv,Exathlon,TranAD,10,candidate_TSB_pin_not_release_environment,9,6.96610602413e-05,False,False,-0.973987116648,0.124654597243,129197,True
200_Exathlon_id_27_Facility_tr_10766_1st_12590.csv,Exathlon,TranAD,10,candidate_TSB_pin_not_release_environment,9,0.000208981563182,False,,0.0552790062584,0.126248084336,43066,True
001_Genesis_id_1_Sensor_tr_4055_1st_15538.csv,Genesis,USAD,100,candidate_TSB_pin_not_release_environment,99,0.00610357583231,False,,-0.018053803945,0.00308261405672,16220,True
002_MSL_id_1_Sensor_tr_500_1st_900.csv,MSL,USAD,100,candidate_TSB_pin_not_release_environment,99,0.0541871921182,False,,-0.052947402226,0.00602079912425,1827,True
003_MSL_id_2_Sensor_tr_883_1st_1238.csv,MSL,USAD,100,candidate_TSB_pin_not_release_environment,99,0.0280056577086,False,,-0.0142497724736,0.0644978783593,3535,True
005_MSL_id_4_Sensor_tr_855_1st_2700.csv,MSL,USAD,100,candidate_TSB_pin_not_release_environment,99,0.0289304500292,False,,0.0597369811015,0.020748100526,3422,True
006_MSL_id_5_Sensor_tr_1150_1st_1250.csv,MSL,USAD,100,candidate_TSB_pin_not_release_environment,99,0.0195884447962,False,,0.00415032033133,0.083696082311,5054,True
007_MSL_id_6_Sensor_tr_980_1st_3550.csv,MSL,USAD,100,candidate_TSB_pin_not_release_environment,99,0.0252422233554,False,,-0.0489598358934,0.0385007649159,3922,True
008_MSL_id_7_Sensor_tr_656_1st_1630.csv,MSL,USAD,100,candidate_TSB_pin_not_release_environment,99,0.0377142857143,False,,0.708940718435,0.0845714285714,2625,True
009_MSL_id_8_Sensor_tr_714_1st_1390.csv,MSL,USAD,100,candidate_TSB_pin_not_release_environment,99,0.0346638655462,False,False,0.000793534887725,0.00735294117647,2856,True
010_MSL_id_9_Sensor_tr_554_1st_1172.csv,MSL,USAD,100,candidate_TSB_pin_not_release_environment,99,0.0446549391069,False,,0.0065625251732,0.0311231393775,2217,True
012_MSL_id_11_Sensor_tr_539_1st_940.csv,MSL,USAD,100,candidate_TSB_pin_not_release_environment,99,0.0459183673469,False,,-0.21079369968,0.0468460111317,2156,True
013_MSL_id_12_Sensor_tr_554_1st_1200.csv,MSL,USAD,100,candidate_TSB_pin_not_release_environment,99,0.0446348061317,False,,-0.0233355367701,0.0117222723174,2218,True
014_MSL_id_13_Sensor_tr_1525_1st_4575.csv,MSL,USAD,100,candidate_TSB_pin_not_release_environment,99,0.0162295081967,False,,0.0335742962864,0.0296721311475,6100,True
015_MSL_id_14_Sensor_tr_575_1st_1250.csv,MSL,USAD,100,candidate_TSB_pin_not_release_environment,99,0.042987407729,False,,0.0423423112142,0.130699088146,2303,True
016_MSL_id_15_Sensor_tr_500_1st_780.csv,MSL,USAD,100,candidate_TSB_pin_not_release_environment,99,0.0903284671533,False,,-0.116123792914,0.102189781022,1096,True
017_MSL_id_16_Sensor_tr_512_1st_1850.csv,MSL,USAD,100,candidate_TSB_pin_not_release_environment,99,0.0483162518302,False,,0.321489584837,0.0883357735481,2049,True
018_Daphnet_id_1_HumanActivity_tr_9693_1st_20732.csv,Daphnet,USAD,100,candidate_TSB_pin_not_release_environment,99,0.00255325733739,False,False,0.319261160563,0.0594728426265,38774,True
019_MITDB_id_1_Medical_tr_37500_1st_103211.csv,MITDB,USAD,100,candidate_TSB_pin_not_release_environment,99,0.00066,False,,0.000166167790555,0.124066666667,150000,True
020_MITDB_id_2_Medical_tr_50000_1st_52315.csv,MITDB,USAD,100,candidate_TSB_pin_not_release_environment,99,0.000152307692308,False,,-0.00077249823876,0.00161076923077,650000,True
021_MITDB_id_3_Medical_tr_50000_1st_57595.csv,MITDB,USAD,100,candidate_TSB_pin_not_release_environment,99,0.000198,False,,0.0028381804228,0.01762,500000,True
022_MITDB_id_4_Medical_tr_50000_1st_54253.csv,MITDB,USAD,100,candidate_TSB_pin_not_release_environment,99,0.00033,False,,0.021640217727,0.04431,300000,True
024_MITDB_id_6_Medical_tr_50000_1st_58118.csv,MITDB,USAD,100,candidate_TSB_pin_not_release_environment,99,0.000495,False,,0.000329405619156,0.001765,200000,True
025_MITDB_id_7_Medical_tr_37500_1st_88864.csv,MITDB,USAD,100,candidate_TSB_pin_not_release_environment,99,0.00066,False,,-0.157783046328,0.02464,150000,True
026_MITDB_id_8_Medical_tr_30495_1st_30595.csv,MITDB,USAD,100,candidate_TSB_pin_not_release_environment,99,0.0002475,False,,0.00594426166967,0.0655825,400000,True
027_MITDB_id_9_Medical_tr_25000_1st_52255.csv,MITDB,USAD,100,candidate_TSB_pin_not_release_environment,99,0.00099,False,,0.00235376507081,0.00433,100000,True
029_MITDB_id_11_Medical_tr_50000_1st_518037.csv,MITDB,USAD,100,candidate_TSB_pin_not_release_environment,99,0.000165,False,,-0.1018755034,0.00291666666667,600000,True
030_MITDB_id_12_Medical_tr_50000_1st_84572.csv,MITDB,USAD,100,candidate_TSB_pin_not_release_environment,99,0.000159677419355,False,,0.0100397608665,0.0431790322581,620000,True
031_MITDB_id_13_Medical_tr_50000_1st_79433.csv,MITDB,USAD,100,candidate_TSB_pin_not_release_environment,99,0.00022,False,,0.00344732786042,0.0217933333333,450000,True
032_GHL_id_1_Sensor_tr_50000_1st_65001.csv,GHL,USAD,100,candidate_TSB_pin_not_release_environment,99,0.000494997525012,False,False,-0.000587620433367,0.00924995375023,200001,True
033_GHL_id_2_Sensor_tr_50000_1st_51001.csv,GHL,USAD,100,candidate_TSB_pin_not_release_environment,99,0.000494997525012,False,False,-0.00216827714613,0.00923495382523,200001,True
034_GHL_id_3_Sensor_tr_50000_1st_122001.csv,GHL,USAD,100,candidate_TSB_pin_not_release_environment,99,0.000494997525012,False,False,0.00352997969844,0.00959495202524,200001,True
035_GHL_id_4_Sensor_tr_50000_1st_90001.csv,GHL,USAD,100,candidate_TSB_pin_not_release_environment,99,0.000494997525012,False,False,0.00237431824101,0.0135649321753,200001,True
036_GHL_id_5_Sensor_tr_50000_1st_67147.csv,GHL,USAD,100,candidate_TSB_pin_not_release_environment,99,0.000494997525012,False,False,-5.6863972007e-05,0.0114149429253,200001,True
037_GHL_id_6_Sensor_tr_50000_1st_80001.csv,GHL,USAD,100,candidate_TSB_pin_not_release_environment,99,0.000494997525012,False,False,-0.00481639730501,0.00932995335023,200001,True
038_GHL_id_7_Sensor_tr_50000_1st_100001.csv,GHL,USAD,100,candidate_TSB_pin_not_release_environment,99,0.000494997525012,False,False,0.000174244918085,0.00847495762521,200001,True
039_GHL_id_8_Sensor_tr_50000_1st_63030.csv,GHL,USAD,100,candidate_TSB_pin_not_release_environment,99,0.000494997525012,False,False,-5.62567674926e-05,0.00583997080015,200001,True
041_GHL_id_10_Sensor_tr_50000_1st_57001.csv,GHL,USAD,100,candidate_TSB_pin_not_release_environment,99,0.000494997525012,False,False,-0.00138888081876,0.00927495362523,200001,True
042_GHL_id_11_Sensor_tr_50000_1st_150001.csv,GHL,USAD,100,candidate_TSB_pin_not_release_environment,99,0.000494997525012,False,False,0.0080819055303,0.00772996135019,200001,True
043_GHL_id_12_Sensor_tr_39938_1st_40038.csv,GHL,USAD,100,candidate_TSB_pin_not_release_environment,99,0.000494997525012,False,False,-0.00361308713407,0.00525497372513,200001,True
044_GHL_id_13_Sensor_tr_50000_1st_145001.csv,GHL,USAD,100,candidate_TSB_pin_not_release_environment,99,0.000494997525012,False,False,0.00838026896145,0.00924495377523,200001,True
045_GHL_id_14_Sensor_tr_50000_1st_85076.csv,GHL,USAD,100,candidate_TSB_pin_not_release_environment,99,0.000494997525012,False,False,-0.0333365158415,0.00885495572522,200001,True
046_GHL_id_15_Sensor_tr_50000_1st_156462.csv,GHL,USAD,100,candidate_TSB_pin_not_release_environment,99,0.000494997525012,False,False,0.148775047014,0.00619496902515,200001,True
047_GHL_id_16_Sensor_tr_50000_1st_77001.csv,GHL,USAD,100,candidate_TSB_pin_not_release_environment,99,0.000494997525012,False,False,0.000525835940096,0.0136399318003,200001,True
048_GHL_id_17_Sensor_tr_50000_1st_154001.csv,GHL,USAD,100,candidate_TSB_pin_not_release_environment,99,0.000494997525012,False,False,0.01998920871,0.0179149104254,200001,True
050_GHL_id_19_Sensor_tr_43750_1st_55001.csv,GHL,USAD,100,candidate_TSB_pin_not_release_environment,99,0.00056571105308,False,False,-0.0264026609354,0.00645139170633,175001,True
051_GHL_id_20_Sensor_tr_50000_1st_75110.csv,GHL,USAD,100,candidate_TSB_pin_not_release_environment,99,0.000494997525012,False,False,0.00127647718318,0.00595497022515,200001,True
052_GHL_id_21_Sensor_tr_50000_1st_98001.csv,GHL,USAD,100,candidate_TSB_pin_not_release_environment,99,0.000494997525012,False,False,-0.000954962783534,0.00485497572512,200001,True
053_GHL_id_22_Sensor_tr_50000_1st_126448.csv,GHL,USAD,100,candidate_TSB_pin_not_release_environment,99,0.000494997525012,False,False,0.0168078871503,0.0324598377008,200001,True
054_GHL_id_23_Sensor_tr_50000_1st_135001.csv,GHL,USAD,100,candidate_TSB_pin_not_release_environment,99,0.000494997525012,False,False,0.0101121223855,0.0186699066505,200001,True
055_GHL_id_24_Sensor_tr_50000_1st_118124.csv,GHL,USAD,100,candidate_TSB_pin_not_release_environment,99,0.000494997525012,False,False,0.0017691512851,0.00504497477513,200001,True
056_GHL_id_25_Sensor_tr_50000_1st_105568.csv,GHL,USAD,100,candidate_TSB_pin_not_release_environment,99,0.000494997525012,False,False,0.00366121194718,0.0157199214004,200001,True
057_SMD_id_1_Facility_tr_4529_1st_4629.csv,SMD,USAD,100,candidate_TSB_pin_not_release_environment,99,0.0041782729805,False,False,-0.287719043807,0.0228749894488,23694,True
058_SMD_id_2_Facility_tr_1087_1st_1187.csv,SMD,USAD,100,candidate_TSB_pin_not_release_environment,99,0.00344635521827,False,,0.0486586989547,0.0415651326325,28726,True
059_SMD_id_3_Facility_tr_757_1st_857.csv,SMD,USAD,100,candidate_TSB_pin_not_release_environment,99,0.00417915488201,False,False,-0.386883635929,0.0113554814471,23689,True
060_SMD_id_4_Facility_tr_7176_1st_10609.csv,SMD,USAD,100,candidate_TSB_pin_not_release_environment,99,0.00344887650235,False,False,-0.494674877006,0.0151193171921,28705,True
061_SMD_id_5_Facility_tr_7176_1st_15144.csv,SMD,USAD,100,candidate_TSB_pin_not_release_environment,99,0.00344899665552,False,False,-0.0993860561163,0.0477633779264,28704,True
063_SMD_id_7_Facility_tr_5923_1st_6506.csv,SMD,USAD,100,candidate_TSB_pin_not_release_environment,99,0.0041782729805,False,,-0.0612858631293,0.0493795897696,23694,True
064_SMD_id_8_Facility_tr_2272_1st_2372.csv,SMD,USAD,100,candidate_TSB_pin_not_release_environment,99,0.0046691505919,False,False,-0.0110796427471,0.0368815733623,21203,True
065_SMD_id_9_Facility_tr_737_1st_837.csv,SMD,USAD,100,candidate_TSB_pin_not_release_environment,99,0.00417774401823,False,False,0.0430367063234,0.101194243997,23697,True
066_SMD_id_10_Facility_tr_2634_1st_2734.csv,SMD,USAD,100,candidate_TSB_pin_not_release_environment,99,0.00417950774687,False,False,0.397527676526,0.0412462532191,23687,True
067_SMD_id_11_Facility_tr_1980_1st_2080.csv,SMD,USAD,100,candidate_TSB_pin_not_release_environment,99,0.00436065718187,False,False,-0.194419273031,0.0477029467471,22703,True
068_SMD_id_12_Facility_tr_1099_1st_1199.csv,SMD,USAD,100,candidate_TSB_pin_not_release_environment,99,0.00344791557831,False,False,-0.426937400372,0.0105527113154,28713,True
069_SMD_id_13_Facility_tr_5925_1st_12760.csv,SMD,USAD,100,candidate_TSB_pin_not_release_environment,99,0.00417721518987,False,,0.11704527964,0.119535864979,23700,True
070_SMD_id_14_Facility_tr_1070_1st_1170.csv,SMD,USAD,100,candidate_TSB_pin_not_release_environment,99,0.00344431687715,False,,-0.269828639243,0.0147514177365,28743,True
071_SMD_id_15_Facility_tr_1109_1st_1209.csv,SMD,USAD,100,candidate_TSB_pin_not_release_environment,99,0.00344947735192,False,False,-0.254411241456,0.0107317073171,28700,True
073_SMD_id_17_Facility_tr_5926_1st_10620.csv,SMD,USAD,100,candidate_TSB_pin_not_release_environment,99,0.0041761579347,False,,-0.124659656929,0.00421834134818,23706,True
074_SMD_id_18_Facility_tr_7174_1st_21230.csv,SMD,USAD,100,candidate_TSB_pin_not_release_environment,99,0.00344995818233,False,False,-0.495078305725,0.00689991636465,28696,True
075_SMD_id_19_Facility_tr_564_1st_664.csv,SMD,USAD,100,candidate_TSB_pin_not_release_environment,99,0.00417792032411,False,False,-0.510313651641,0.0175979068197,23696,True
076_SMD_id_20_Facility_tr_5925_1st_17580.csv,SMD,USAD,100,candidate_TSB_pin_not_release_environment,99,0.00417668649538,False,False,0.0425423350363,0.00679238914905,23703,True
077_SMD_id_21_Facility_tr_3026_1st_3126.csv,SMD,USAD,100,candidate_TSB_pin_not_release_environment,99,0.00466826991088,False,False,0.00339885858867,0.0324421181685,21207,True
078_SMD_id_22_Facility_tr_500_1st_326.csv,SMD,USAD,100,candidate_TSB_pin_not_release_environment,99,0.00417844933103,False,False,-0.518020487594,0.0441902671675,23693,True
079_LTDB_id_1_Medical_tr_3618_1st_3718.csv,LTDB,USAD,100,candidate_TSB_pin_not_release_environment,99,0.00099,False,,-0.391320239568,0.14781,100000,True
080_LTDB_id_2_Medical_tr_500_1st_266.csv,LTDB,USAD,100,candidate_TSB_pin_not_release_environment,99,0.00099,False,False,0.00750538860636,0.14857,100000,True
081_LTDB_id_3_Medical_tr_500_1st_26.csv,LTDB,USAD,100,candidate_TSB_pin_not_release_environment,99,0.00099,True,,-0.0409336350659,0.31565,100000,True
083_LTDB_id_5_Medical_tr_15502_1st_15602.csv,LTDB,USAD,100,candidate_TSB_pin_not_release_environment,99,0.00099,False,,-0.054609367023,0.00505,100000,True
084_SVDB_id_1_Medical_tr_12973_1st_13073.csv,SVDB,USAD,100,candidate_TSB_pin_not_release_environment,99,0.0004296875,False,,-0.0334384005001,0.0153515625,230400,True
085_SVDB_id_2_Medical_tr_50000_1st_54982.csv,SVDB,USAD,100,candidate_TSB_pin_not_release_environment,99,0.0004296875,False,,-0.140153941785,0.0372309027778,230400,True
086_SVDB_id_3_Medical_tr_533_1st_633.csv,SVDB,USAD,100,candidate_TSB_pin_not_release_environment,99,0.0004296875,False,,-0.0927417190009,0.0699696180556,230400,True
087_SVDB_id_4_Medical_tr_5421_1st_5521.csv,SVDB,USAD,100,candidate_TSB_pin_not_release_environment,99,0.0004296875,False,,-0.195488932178,0.0555946180556,230400,True
088_SVDB_id_5_Medical_tr_500_1st_168.csv,SVDB,USAD,100,candidate_TSB_pin_not_release_environment,99,0.0004296875,False,,0.00295671522865,0.0992100694444,230400,True
089_SVDB_id_6_Medical_tr_50000_1st_83083.csv,SVDB,USAD,100,candidate_TSB_pin_not_release_environment,99,0.0004296875,False,,-0.0247011710961,0.0134895833333,230400,True
091_SVDB_id_8_Medical_tr_500_1st_126.csv,SVDB,USAD,100,candidate_TSB_pin_not_release_environment,99,0.0004296875,False,,-0.103962317168,0.0773524305556,230400,True
092_SVDB_id_9_Medical_tr_2674_1st_2774.csv,SVDB,USAD,100,candidate_TSB_pin_not_release_environment,99,0.0004296875,False,,-0.0355059801455,0.0525260416667,230400,True
093_SVDB_id_10_Medical_tr_500_1st_37.csv,SVDB,USAD,100,candidate_TSB_pin_not_release_environment,99,0.0004296875,True,,-0.382796963783,0.0785894097222,230400,True
094_SVDB_id_11_Medical_tr_20100_1st_23611.csv,SVDB,USAD,100,candidate_TSB_pin_not_release_environment,99,0.00123134328358,False,,-0.252089236071,0.0117537313433,80400,True
095_SVDB_id_12_Medical_tr_6264_1st_6364.csv,SVDB,USAD,100,candidate_TSB_pin_not_release_environment,99,0.0004296875,False,,-0.00209796454458,0.0323958333333,230400,True
096_SVDB_id_13_Medical_tr_500_1st_444.csv,SVDB,USAD,100,candidate_TSB_pin_not_release_environment,99,0.0004296875,False,,-0.00063836131821,0.0335633680556,230400,True
097_SVDB_id_14_Medical_tr_1031_1st_1131.csv,SVDB,USAD,100,candidate_TSB_pin_not_release_environment,99,0.0004296875,False,,-0.426987605141,0.120611979167,230400,True
098_SVDB_id_15_Medical_tr_500_1st_303.csv,SVDB,USAD,100,candidate_TSB_pin_not_release_environment,99,0.0004296875,False,,-0.176098390891,0.0633637152778,230400,True
099_SVDB_id_16_Medical_tr_1115_1st_1215.csv,SVDB,USAD,100,candidate_TSB_pin_not_release_environment,99,0.0004296875,False,,-0.384426368686,0.0711328125,230400,True
100_SVDB_id_17_Medical_tr_17803_1st_17903.csv,SVDB,USAD,100,candidate_TSB_pin_not_release_environment,99,0.000759202453988,False,,-0.0331154604785,0.030222392638,130400,True
101_SVDB_id_18_Medical_tr_1851_1st_1951.csv,SVDB,USAD,100,candidate_TSB_pin_not_release_environment,99,0.0004296875,False,,-0.162973347649,0.0698871527778,230400,True
102_SVDB_id_19_Medical_tr_50000_1st_107354.csv,SVDB,USAD,100,candidate_TSB_pin_not_release_environment,99,0.0004296875,False,,0.00434454805686,0.0580555555556,230400,True
103_SVDB_id_20_Medical_tr_12167_1st_12267.csv,SVDB,USAD,100,candidate_TSB_pin_not_release_environment,99,0.0004296875,False,,-0.0110622212077,0.0266970486111,230400,True
104_SVDB_id_21_Medical_tr_50000_1st_106634.csv,SVDB,USAD,100,candidate_TSB_pin_not_release_environment,99,0.0004296875,False,,-0.164680771091,0.0152039930556,230400,True
105_SVDB_id_22_Medical_tr_500_1st_417.csv,SVDB,USAD,100,candidate_TSB_pin_not_release_environment,99,0.00066,False,,-0.079141125574,0.0855133333333,150000,True
106_SVDB_id_23_Medical_tr_37500_1st_121963.csv,SVDB,USAD,100,candidate_TSB_pin_not_release_environment,99,0.00066,False,,0.0256325428221,0.00450666666667,150000,True
108_SVDB_id_25_Medical_tr_1238_1st_1338.csv,SVDB,USAD,100,candidate_TSB_pin_not_release_environment,99,0.0004296875,False,,-0.197815065835,0.0305902777778,230400,True
109_SVDB_id_26_Medical_tr_1038_1st_1138.csv,SVDB,USAD,100,candidate_TSB_pin_not_release_environment,99,0.0004296875,False,,-0.00928044409499,0.0903645833333,230400,True
110_SVDB_id_27_Medical_tr_30824_1st_30924.csv,SVDB,USAD,100,candidate_TSB_pin_not_release_environment,99,0.0004296875,False,,0.00792224043984,0.0340581597222,230400,True
111_SVDB_id_28_Medical_tr_1791_1st_1891.csv,SVDB,USAD,100,candidate_TSB_pin_not_release_environment,99,0.0004296875,False,,-0.174081573029,0.0953993055556,230400,True
112_SVDB_id_29_Medical_tr_8226_1st_8326.csv,SVDB,USAD,100,candidate_TSB_pin_not_release_environment,99,0.0004296875,False,,-0.00432100086369,0.0111067708333,230400,True
114_SVDB_id_31_Medical_tr_25000_1st_63090.csv,SVDB,USAD,100,candidate_TSB_pin_not_release_environment,99,0.00099,False,,-0.000338893310271,0.00497,100000,True
115_PSM_id_1_Facility_tr_50000_1st_129872.csv,PSM,USAD,100,candidate_TSB_pin_not_release_environment,99,0.000454913061059,False,,-0.00562231206417,0.112032680219,217624,True
116_TAO_id_1_Environment_tr_500_1st_3.csv,TAO,USAD,100,candidate_TSB_pin_not_release_environment,99,0.0099,True,True,-0.00250988578963,0.0492,10000,True
117_TAO_id_2_Environment_tr_500_1st_1.csv,TAO,USAD,100,candidate_TSB_pin_not_release_environment,99,0.0099,True,,0.0134553950241,0.1395,10000,True
118_TAO_id_3_Environment_tr_500_1st_7.csv,TAO,USAD,100,candidate_TSB_pin_not_release_environment,99,0.0099,True,True,-0.00696822379369,0.0488,10000,True
119_TAO_id_4_Environment_tr_500_1st_1.csv,TAO,USAD,100,candidate_TSB_pin_not_release_environment,99,0.0099,True,True,0.00248251197594,0.0945,10000,True
121_TAO_id_6_Environment_tr_500_1st_7.csv,TAO,USAD,100,candidate_TSB_pin_not_release_environment,99,0.0099,True,,0.0171963080212,0.1409,10000,True
122_TAO_id_7_Environment_tr_500_1st_19.csv,TAO,USAD,100,candidate_TSB_pin_not_release_environment,99,0.0099,True,True,-0.000805056999842,0.0948,10000,True
123_TAO_id_8_Environment_tr_500_1st_62.csv,TAO,USAD,100,candidate_TSB_pin_not_release_environment,99,0.0099,True,True,-0.000525979214757,0.0487,10000,True
124_TAO_id_9_Environment_tr_500_1st_1.csv,TAO,USAD,100,candidate_TSB_pin_not_release_environment,99,0.0099,True,True,-0.00129650943303,0.0483,10000,True
125_TAO_id_10_Environment_tr_500_1st_9.csv,TAO,USAD,100,candidate_TSB_pin_not_release_environment,99,0.0099,True,True,0.00237730336878,0.0943,10000,True
127_TAO_id_12_Environment_tr_500_1st_24.csv,TAO,USAD,100,candidate_TSB_pin_not_release_environment,99,0.0099,True,True,-0.00648027175373,0.0485,10000,True
128_TAO_id_13_Environment_tr_500_1st_7.csv,TAO,USAD,100,candidate_TSB_pin_not_release_environment,99,0.0099,True,,0.0164393124403,0.1409,10000,True
129_OPPORTUNITY_id_1_HumanActivity_tr_1801_1st_1901.csv,OPPORTUNITY,USAD,100,candidate_TSB_pin_not_release_environment,99,0.00400923338598,False,False,-0.205874757078,0.0291985582959,24693,True
130_OPPORTUNITY_id_2_HumanActivity_tr_1045_1st_1145.csv,OPPORTUNITY,USAD,100,candidate_TSB_pin_not_release_environment,99,0.0191786129407,False,False,-0.220517362622,0.0908562572646,5162,True
132_OPPORTUNITY_id_4_HumanActivity_tr_895_1st_995.csv,OPPORTUNITY,USAD,100,candidate_TSB_pin_not_release_environment,99,0.0106188994959,False,False,-0.181938915193,0.0469805856484,9323,True
133_OPPORTUNITY_id_5_HumanActivity_tr_1745_1st_6500.csv,OPPORTUNITY,USAD,100,candidate_TSB_pin_not_release_environment,99,0.0141833810888,False,False,-0.044231516406,0.0687679083095,6980,True
134_OPPORTUNITY_id_6_HumanActivity_tr_1477_1st_1577.csv,OPPORTUNITY,USAD,100,candidate_TSB_pin_not_release_environment,99,0.00599455040872,False,False,-0.466862214888,0.0214956100515,16515,True
135_OPPORTUNITY_id_7_HumanActivity_tr_2085_1st_2185.csv,OPPORTUNITY,USAD,100,candidate_TSB_pin_not_release_environment,99,0.00456095088916,False,False,-0.360802166691,0.0376854325993,21706,True
136_OPPORTUNITY_id_8_HumanActivity_tr_1495_1st_1595.csv,OPPORTUNITY,USAD,100,candidate_TSB_pin_not_release_environment,99,0.00367088138233,False,False,-0.176314509847,0.0231747562016,26969,True
137_CreditCard_id_1_Finance_tr_500_1st_541.csv,CreditCard,USAD,100,candidate_TSB_pin_not_release_environment,99,0.000347603815917,False,False,-0.00372979615807,0.00172748563062,284807,True
138_CATSv2_id_1_Sensor_tr_16568_1st_16668.csv,CATSv2,USAD,100,candidate_TSB_pin_not_release_environment,99,0.00099,False,False,-0.258909065634,0.02,100000,True
139_CATSv2_id_2_Sensor_tr_5592_1st_5692.csv,CATSv2,USAD,100,candidate_TSB_pin_not_release_environment,99,0.000507692307692,False,False,-0.0969206296827,0.0338461538462,195000,True
141_CATSv2_id_4_Sensor_tr_41727_1st_41827.csv,CATSv2,USAD,100,candidate_TSB_pin_not_release_environment,99,0.000507692307692,False,False,-0.0411073016785,0.0302564102564,195000,True
142_CATSv2_id_5_Sensor_tr_30704_1st_30804.csv,CATSv2,USAD,100,candidate_TSB_pin_not_release_environment,99,0.000282857142857,False,False,-0.129458198178,0.0488571428571,350000,True
143_CATSv2_id_6_Sensor_tr_50000_1st_60232.csv,CATSv2,USAD,100,candidate_TSB_pin_not_release_environment,99,0.000495,False,False,-0.0308094410735,0.02,200000,True
144_SMAP_id_1_Sensor_tr_2052_1st_5300.csv,SMAP,USAD,100,candidate_TSB_pin_not_release_environment,99,0.0120599342185,False,,0.762641674244,0.136557436959,8209,True
145_SMAP_id_2_Sensor_tr_2133_1st_5400.csv,SMAP,USAD,100,candidate_TSB_pin_not_release_environment,99,0.0116033755274,False,,0.067924375122,0.0730192217534,8532,True
146_SMAP_id_3_Sensor_tr_2128_1st_5000.csv,SMAP,USAD,100,candidate_TSB_pin_not_release_environment,99,0.0116279069767,False,,0.281406707722,0.0346488137186,8514,True
147_SMAP_id_4_Sensor_tr_2160_1st_6449.csv,SMAP,USAD,100,candidate_TSB_pin_not_release_environment,99,0.0114583333333,False,,-0.000131688295529,0.0140046296296,8640,True
148_SMAP_id_5_Sensor_tr_2011_1st_5060.csv,SMAP,USAD,100,candidate_TSB_pin_not_release_environment,99,0.0123073097961,False,False,-0.00388335143478,0.00882645450025,8044,True
150_SMAP_id_7_Sensor_tr_2077_1st_5394.csv,SMAP,USAD,100,candidate_TSB_pin_not_release_environment,99,0.0119133574007,False,,0.431422496652,0.0338146811071,8310,True
151_SMAP_id_8_Sensor_tr_1971_1st_4870.csv,SMAP,USAD,100,candidate_TSB_pin_not_release_environment,99,0.0125570776256,False,,-0.158929274069,0.0102739726027,7884,True
152_SMAP_id_9_Sensor_tr_2073_1st_5600.csv,SMAP,USAD,100,candidate_TSB_pin_not_release_environment,99,0.0119363395225,False,,0.227105146872,0.0387026766337,8294,True
153_SMAP_id_10_Sensor_tr_1840_1st_4030.csv,SMAP,USAD,100,candidate_TSB_pin_not_release_environment,99,0.0134492596115,False,,0.140988733657,0.00556989539465,7361,True
154_SMAP_id_11_Sensor_tr_2117_1st_4770.csv,SMAP,USAD,100,candidate_TSB_pin_not_release_environment,99,0.0116896918172,False,False,0.00427476242567,0.0142874011099,8469,True
155_SMAP_id_12_Sensor_tr_1907_1st_4800.csv,SMAP,USAD,100,candidate_TSB_pin_not_release_environment,99,0.0129785002622,False,,-0.0416337830197,0.00668589407446,7628,True
156_SMAP_id_13_Sensor_tr_1173_1st_2750.csv,SMAP,USAD,100,candidate_TSB_pin_not_release_environment,99,0.0210952482421,False,False,0.00226506056748,0.0108672490944,4693,True
157_SMAP_id_14_Sensor_tr_2126_1st_5000.csv,SMAP,USAD,100,candidate_TSB_pin_not_release_environment,99,0.0116402116402,False,,0.224587914997,0.0378600823045,8505,True
158_SMAP_id_15_Sensor_tr_2075_1st_5610.csv,SMAP,USAD,100,candidate_TSB_pin_not_release_environment,99,0.0119277108434,False,,0.0902021645113,0.00795180722892,8300,True
159_SMAP_id_16_Sensor_tr_1757_1st_2650.csv,SMAP,USAD,100,candidate_TSB_pin_not_release_environment,99,0.0140845070423,False,,-0.52883085166,0.0381277564376,7029,True
160_SMAP_id_17_Sensor_tr_1832_1st_5300.csv,SMAP,USAD,100,candidate_TSB_pin_not_release_environment,99,0.0135042968217,False,,0.00630192732582,0.0611103532942,7331,True
161_SMAP_id_18_Sensor_tr_2075_1st_5550.csv,SMAP,USAD,100,candidate_TSB_pin_not_release_environment,99,0.0119248373886,False,,0.043670871145,0.0422789689232,8302,True
162_SMAP_id_19_Sensor_tr_1908_1st_4690.csv,SMAP,USAD,100,candidate_TSB_pin_not_release_environment,99,0.0129716981132,False,,0.0496015211121,0.00406184486373,7632,True
163_SMAP_id_20_Sensor_tr_2051_1st_4575.csv,SMAP,USAD,100,candidate_TSB_pin_not_release_environment,99,0.0120658135283,False,,0.00304239995685,0.0226691042048,8205,True
165_SMAP_id_22_Sensor_tr_2129_1st_5000.csv,SMAP,USAD,100,candidate_TSB_pin_not_release_environment,99,0.011625176139,False,,0.160037217872,0.059652418976,8516,True
166_SMAP_id_23_Sensor_tr_1113_1st_1890.csv,SMAP,USAD,100,candidate_TSB_pin_not_release_environment,99,0.0222322030092,False,False,-0.466561237315,0.00920727599371,4453,True
167_SMAP_id_24_Sensor_tr_2094_1st_5600.csv,SMAP,USAD,100,candidate_TSB_pin_not_release_environment,99,0.0118194842407,False,False,-0.301989385952,0.00489493791786,8376,True
168_SMAP_id_25_Sensor_tr_1998_1st_2098.csv,SMAP,USAD,100,candidate_TSB_pin_not_release_environment,99,0.0115398065043,False,,0.0881445738994,0.0214477211796,8579,True
169_SMAP_id_26_Sensor_tr_1811_1st_4510.csv,SMAP,USAD,100,candidate_TSB_pin_not_release_environment,99,0.0136664826063,False,,0.0426643263376,0.011181667587,7244,True
170_SMAP_id_27_Sensor_tr_2160_1st_4690.csv,SMAP,USAD,100,candidate_TSB_pin_not_release_environment,99,0.0114583333333,False,,-0.0692706831145,0.00983796296296,8640,True
171_SWaT_id_1_Sensor_tr_3749_1st_9522.csv,SWaT,USAD,100,candidate_TSB_pin_not_release_environment,99,0.00660176046946,False,False,0.269807559087,0.132435316084,14996,True
172_SWaT_id_2_Sensor_tr_23700_1st_23800.csv,SWaT,USAD,100,candidate_TSB_pin_not_release_environment,99,0.000247550128901,False,False,-0.0612392686038,0.125320377376,399919,True
173_GECCO_id_1_Sensor_tr_16165_1st_16265.csv,GECCO,USAD,100,candidate_TSB_pin_not_release_environment,99,0.000714693079028,False,False,-0.0318502601983,0.0124602045899,138521,True
174_Exathlon_id_1_Facility_tr_10766_1st_12590.csv,Exathlon,USAD,100,candidate_TSB_pin_not_release_environment,99,0.002298797195,False,,0.117112602425,0.126248084336,43066,True
175_Exathlon_id_2_Facility_tr_10684_1st_10784.csv,Exathlon,USAD,100,candidate_TSB_pin_not_release_environment,99,0.00212191358025,False,,0.0547146065755,0.0811685528121,46656,True
176_Exathlon_id_3_Facility_tr_10766_1st_12590.csv,Exathlon,USAD,100,candidate_TSB_pin_not_release_environment,99,0.002298797195,False,,0.0376831385822,0.126248084336,43066,True
177_Exathlon_id_4_Facility_tr_11665_1st_13484.csv,Exathlon,USAD,100,candidate_TSB_pin_not_release_environment,99,0.00212173167595,False,,0.000768550449374,0.0627518216888,46660,True
179_Exathlon_id_6_Facility_tr_11665_1st_13484.csv,Exathlon,USAD,100,candidate_TSB_pin_not_release_environment,99,0.00212173167595,False,False,0.0604836007456,0.0627518216888,46660,True
180_Exathlon_id_7_Facility_tr_10766_1st_12590.csv,Exathlon,USAD,100,candidate_TSB_pin_not_release_environment,99,0.002298797195,False,,0.0369800484762,0.126248084336,43066,True
181_Exathlon_id_8_Facility_tr_11663_1st_13482.csv,Exathlon,USAD,100,candidate_TSB_pin_not_release_environment,99,0.00212195906119,False,,0.0717952860974,0.0631872253778,46655,True
182_Exathlon_id_9_Facility_tr_10766_1st_12590.csv,Exathlon,USAD,100,candidate_TSB_pin_not_release_environment,99,0.002298797195,False,,0.038811207658,0.126248084336,43066,True
183_Exathlon_id_10_Facility_tr_11665_1st_13484.csv,Exathlon,USAD,100,candidate_TSB_pin_not_release_environment,99,0.00212173167595,False,,0.000623418443306,0.0627518216888,46660,True
184_Exathlon_id_11_Facility_tr_11665_1st_13484.csv,Exathlon,USAD,100,candidate_TSB_pin_not_release_environment,99,0.00212173167595,False,,0.000370748586744,0.0627518216888,46660,True
185_Exathlon_id_12_Facility_tr_11665_1st_13484.csv,Exathlon,USAD,100,candidate_TSB_pin_not_release_environment,99,0.00212173167595,False,,0.000612559445034,0.0627518216888,46660,True
186_Exathlon_id_13_Facility_tr_10766_1st_12590.csv,Exathlon,USAD,100,candidate_TSB_pin_not_release_environment,99,0.002298797195,False,,0.0371938950209,0.126248084336,43066,True
187_Exathlon_id_14_Facility_tr_6193_1st_6293.csv,Exathlon,USAD,100,candidate_TSB_pin_not_release_environment,99,0.00212173167595,False,,-0.00722031182865,0.124667809687,46660,True
188_Exathlon_id_15_Facility_tr_12538_1st_12638.csv,Exathlon,USAD,100,candidate_TSB_pin_not_release_environment,99,0.000766271662655,False,False,-0.296247736611,0.124654597243,129197,True
189_Exathlon_id_16_Facility_tr_11663_1st_13482.csv,Exathlon,USAD,100,candidate_TSB_pin_not_release_environment,99,0.00212195906119,False,,0.0717851640071,0.0631872253778,46655,True
190_Exathlon_id_17_Facility_tr_12538_1st_12638.csv,Exathlon,USAD,100,candidate_TSB_pin_not_release_environment,99,0.000766271662655,False,False,-0.293482444118,0.124654597243,129197,True
191_Exathlon_id_18_Facility_tr_11665_1st_13484.csv,Exathlon,USAD,100,candidate_TSB_pin_not_release_environment,99,0.00212173167595,False,,0.000265820969268,0.0627518216888,46660,True
192_Exathlon_id_19_Facility_tr_11665_1st_13484.csv,Exathlon,USAD,100,candidate_TSB_pin_not_release_environment,99,0.00212173167595,False,,0.000411117103913,0.0627518216888,46660,True
193_Exathlon_id_20_Facility_tr_8898_1st_8998.csv,Exathlon,USAD,100,candidate_TSB_pin_not_release_environment,99,0.00212218649518,False,,0.0581983080381,0.0834083601286,46650,True
194_Exathlon_id_21_Facility_tr_6985_1st_7085.csv,Exathlon,USAD,100,candidate_TSB_pin_not_release_environment,99,0.00212223198782,False,,-0.0195854730613,0.104096550837,46649,True
196_Exathlon_id_23_Facility_tr_11665_1st_13484.csv,Exathlon,USAD,100,candidate_TSB_pin_not_release_environment,99,0.00212173167595,False,,0.000358672696367,0.0627518216888,46660,True
197_Exathlon_id_24_Facility_tr_10766_1st_12590.csv,Exathlon,USAD,100,candidate_TSB_pin_not_release_environment,99,0.002298797195,False,,0.0370647845845,0.126248084336,43066,True
198_Exathlon_id_25_Facility_tr_12538_1st_12638.csv,Exathlon,USAD,100,candidate_TSB_pin_not_release_environment,99,0.000766271662655,False,False,-0.296461878886,0.124654597243,129197,True
199_Exathlon_id_26_Facility_tr_12538_1st_12638.csv,Exathlon,USAD,100,candidate_TSB_pin_not_release_environment,99,0.000766271662655,False,False,-0.295343385454,0.124654597243,129197,True
200_Exathlon_id_27_Facility_tr_10766_1st_12590.csv,Exathlon,USAD,100,candidate_TSB_pin_not_release_environment,99,0.002298797195,False,,0.0343555404471,0.126248084336,43066,True
