phi,machine,phi_seed,fault,op,a2,delta,B,B30,Bng,C,Cdec,D,D30,Dng,rel,rel30,CdecmD,CmD
pca,machine-1-6,0,burst,W1,identical,64,0.76677,0.72879,-0.66247,3.56528,,3.56551,3.57936,3.36623,0.21505,0.20361,,-0.00023
pca,machine-1-6,0,burst,W1,identical,256,2.7786,2.73999,0.54417,3.4621,,3.45055,3.4569,2.60056,0.80526,0.79262,,0.01154
pca,machine-1-6,0,burst,W1,identical,1024,3.54466,3.50428,2.62321,3.61258,,3.6125,3.60928,2.55706,0.98122,0.97091,,8e-05
pca,machine-1-6,0,burst,W1,variant,64,0.83042,0.90198,-0.41224,1.64311,,1.6723,1.66479,1.51199,0.49657,0.5418,,-0.02919
pca,machine-1-6,0,burst,W1,variant,256,2.11313,2.12001,0.51306,1.60564,,1.5947,1.59643,1.05568,1.3251,1.32797,,0.01094
pca,machine-1-6,0,burst,W1,variant,1024,2.1592,2.17509,2.00161,1.73899,,1.72623,1.73007,1.0627,1.25082,1.25722,,0.01276
pca,machine-1-6,0,burst,W2p_elu_f0995,identical,64,2.36732,2.30253,2.01265,2.75555,2.80155,2.97894,2.93735,2.76531,0.79468,0.78388,-0.17739,-0.22338
pca,machine-1-6,0,burst,W2p_elu_f0995,identical,256,3.06904,3.05846,2.17221,3.27072,3.28195,3.27028,3.27052,2.84211,0.93846,0.93516,0.01166,0.00044
pca,machine-1-6,0,burst,W2p_elu_f0995,identical,1024,3.29054,3.29019,1.84709,3.29453,3.29495,3.29516,3.29501,2.50004,0.9986,0.99854,-0.00021,-0.00063
pca,machine-1-6,0,burst,W2p_elu_f0995,variant,64,0.84631,0.80547,0.62701,1.18102,1.20787,1.31579,1.29033,1.19301,0.6432,0.62424,-0.10791,-0.13477
pca,machine-1-6,0,burst,W2p_elu_f0995,variant,256,1.34045,1.33096,0.75817,1.49502,1.50302,1.49936,1.4984,1.25538,0.89402,0.88825,0.00366,-0.00434
pca,machine-1-6,0,burst,W2p_elu_f0995,variant,1024,1.47914,1.47886,0.55376,1.48234,1.48264,1.48286,1.48273,1.0263,0.99749,0.99739,-0.00022,-0.00053
pca,machine-1-6,0,burst,W2p_elu_f1,identical,64,2.25094,2.24929,2.24192,2.26073,2.26073,2.26991,2.2679,2.26098,0.99164,0.9918,-0.00918,-0.00918
pca,machine-1-6,0,burst,W2p_elu_f1,identical,256,2.43391,2.43277,2.39284,2.44503,2.44503,2.45103,2.44971,2.41044,0.99301,0.99309,-0.006,-0.006
pca,machine-1-6,0,burst,W2p_elu_f1,identical,1024,2.35847,2.35782,2.26869,2.37112,2.37112,2.37367,2.37301,2.2857,0.9936,0.9936,-0.00255,-0.00255
pca,machine-1-6,0,burst,W2p_elu_f1,variant,64,0.88933,0.88851,0.88461,0.89814,0.89814,0.90314,0.90202,0.89848,0.98471,0.98502,-0.005,-0.005
pca,machine-1-6,0,burst,W2p_elu_f1,variant,256,1.00229,1.00167,0.98086,1.01138,1.01138,1.01484,1.01405,0.99371,0.98763,0.98779,-0.00345,-0.00345
pca,machine-1-6,0,burst,W2p_elu_f1,variant,1024,0.9299,0.92948,0.88339,0.93923,0.93923,0.94091,0.94048,0.8956,0.9883,0.9883,-0.00167,-0.00167
pca,machine-1-6,0,burst,W2p_split_f0995,identical,64,2.23048,2.14544,1.70072,2.90595,2.95974,3.14403,3.10526,2.90331,0.70943,0.6909,-0.18429,-0.23809
pca,machine-1-6,0,burst,W2p_split_f0995,identical,256,3.01775,3.00024,1.90126,3.27405,3.28012,3.26797,3.26982,2.87507,0.92343,0.91756,0.01215,0.00608
pca,machine-1-6,0,burst,W2p_split_f0995,identical,1024,3.29128,3.29089,2.03083,3.29655,3.29679,3.29706,3.29693,2.49175,0.99825,0.99817,-0.00027,-0.00051
pca,machine-1-6,0,burst,W2p_split_f0995,variant,64,0.75116,0.70066,0.4098,1.27094,1.3023,1.41407,1.39088,1.27532,0.5312,0.50375,-0.11177,-0.14313
pca,machine-1-6,0,burst,W2p_split_f0995,variant,256,1.32312,1.30993,0.59627,1.49825,1.5033,1.49901,1.49934,1.27593,0.88266,0.87367,0.00429,-0.00075
pca,machine-1-6,0,burst,W2p_split_f0995,variant,1024,1.48148,1.48121,0.70274,1.48513,1.48531,1.48554,1.48544,1.01569,0.99727,0.99715,-0.00023,-0.00042
pca,machine-1-6,0,burst,W2p_split_f1,identical,64,2.29034,2.28839,2.27112,2.31664,2.31664,2.33503,2.33116,2.31626,0.98086,0.98165,-0.01839,-0.01839
pca,machine-1-6,0,burst,W2p_split_f1,identical,256,2.49104,2.48987,2.41093,2.51708,2.51708,2.52669,2.52468,2.44864,0.98589,0.98621,-0.0096,-0.0096
pca,machine-1-6,0,burst,W2p_split_f1,identical,1024,2.46272,2.4617,2.30021,2.48416,2.48416,2.48726,2.48644,2.33005,0.99013,0.99005,-0.0031,-0.0031
pca,machine-1-6,0,burst,W2p_split_f1,variant,64,0.90605,0.9054,0.89508,0.92788,0.92788,0.93856,0.93629,0.92792,0.96536,0.96701,-0.01068,-0.01068
pca,machine-1-6,0,burst,W2p_split_f1,variant,256,1.03215,1.03166,0.98691,1.05201,1.05201,1.0579,1.05665,1.01417,0.97566,0.97635,-0.00589,-0.00589
pca,machine-1-6,0,burst,W2p_split_f1,variant,1024,0.9911,0.99044,0.90016,1.00567,1.00567,1.0078,1.00724,0.92051,0.98343,0.98332,-0.00213,-0.00213
pca,machine-1-6,0,burst,W2s_f0995,identical,64,-3.73418,-4.52283,7.27153,-17.02044,-18.64108,-23.9633,-22.45389,-15.94916,0.15583,0.20143,5.32223,6.94286
pca,machine-1-6,0,burst,W2s_f0995,identical,256,-31.62918,-32.01141,8.51238,-35.46985,-37.25599,-37.58313,-37.12982,-12.00762,0.84158,0.86215,0.32714,2.11328
pca,machine-1-6,0,burst,W2s_f0995,identical,1024,-43.33568,-43.33694,10.63579,-43.32302,-43.37053,-43.32893,-43.32775,-9.44422,1.00016,1.00021,-0.0416,0.00592
pca,machine-1-6,0,burst,W2s_f0995,variant,64,1.84248,1.02324,8.54117,-9.10742,-10.06969,-13.14605,-12.16411,-8.44378,-0.14015,-0.08412,3.07636,4.03863
pca,machine-1-6,0,burst,W2s_f0995,variant,256,-14.74926,-15.08988,9.02106,-18.01889,-18.92225,-19.27567,-18.99524,-6.50732,0.76517,0.7944,0.35342,1.25678
pca,machine-1-6,0,burst,W2s_f0995,variant,1024,-21.94364,-21.94415,10.31926,-21.93714,-21.96128,-21.93954,-21.93917,-4.54128,1.00019,1.00023,-0.02174,0.0024
pca,machine-1-6,0,burst,W2s_f1,identical,64,1.62333,1.67112,2.02604,2.46581,2.46581,2.02047,2.11601,2.49686,0.80344,0.78975,0.44534,0.44534
pca,machine-1-6,0,burst,W2s_f1,identical,256,0.33144,0.32885,2.30925,0.76643,0.76643,0.535,0.58508,2.7472,0.61952,0.56206,0.23143,0.23143
pca,machine-1-6,0,burst,W2s_f1,identical,1024,-1.9274,-1.95198,2.39811,-1.82158,-1.82158,-1.89227,-1.87522,2.75331,1.01857,1.04093,0.07069,0.07069
pca,machine-1-6,0,burst,W2s_f1,variant,64,0.45512,0.45896,0.6679,0.90385,0.90385,0.62585,0.68366,0.92716,0.72721,0.67133,0.278,0.278
pca,machine-1-6,0,burst,W2s_f1,variant,256,-0.16276,-0.18373,0.85185,-0.03981,-0.03981,-0.15498,-0.12883,1.11141,1.05023,1.42616,0.11517,0.11517
pca,machine-1-6,0,burst,W2s_f1,variant,1024,-1.07588,-1.09863,0.93779,-1.08766,-1.08766,-1.12153,-1.11335,1.16153,0.9593,0.98678,0.03386,0.03386
pca,machine-1-6,0,burst,W3_b01,identical,64,2.2143,1.58826,0.62484,3.72685,,3.74193,3.74749,3.59145,0.59175,0.42382,,-0.01508
pca,machine-1-6,0,burst,W3_b01,identical,256,2.77024,2.25811,1.24222,3.71661,,3.7276,3.72605,3.32197,0.74317,0.60603,,-0.01099
pca,machine-1-6,0,burst,W3_b01,identical,1024,2.95907,2.55876,1.53824,3.58937,,3.59257,3.59254,3.06835,0.82366,0.71224,,-0.0032
pca,machine-1-6,0,burst,W3_b01,variant,64,0.89847,0.59107,-0.42101,1.80231,,1.81088,1.81554,1.69967,0.49615,0.32556,,-0.00857
pca,machine-1-6,0,burst,W3_b01,variant,256,1.28453,1.00037,0.15424,1.78788,,1.79464,1.79464,1.53185,0.71576,0.55742,,-0.00675
pca,machine-1-6,0,burst,W3_b01,variant,1024,1.38075,1.14417,0.38929,1.72734,,1.72817,1.72866,1.33455,0.79896,0.66188,,-0.00083
pca,machine-1-6,0,burst,W3_b05,identical,64,4.1186,2.0877,2.29745,3.91928,,3.92521,3.92439,3.19639,1.04927,0.53198,,-0.00593
pca,machine-1-6,0,burst,W3_b05,identical,256,4.20073,2.56528,2.38773,3.78229,,3.8067,3.78275,2.56693,1.10351,0.67815,,-0.02441
pca,machine-1-6,0,burst,W3_b05,identical,1024,3.93667,3.0159,2.53699,3.76393,,3.80108,3.78905,2.48286,1.03567,0.79595,,-0.03715
pca,machine-1-6,0,burst,W3_b05,variant,64,2.09029,0.93743,0.52113,1.94626,,1.95427,1.94688,1.46514,1.0696,0.4815,,-0.00801
pca,machine-1-6,0,burst,W3_b05,variant,256,2.20175,1.26255,0.79541,1.88087,,1.90213,1.88477,1.06568,1.15751,0.66987,,-0.02126
pca,machine-1-6,0,burst,W3_b05,variant,1024,1.99519,1.44771,0.92811,1.86007,,1.88492,1.88111,1.01715,1.0585,0.7696,,-0.02485
pca,machine-1-6,0,spike,W1,identical,64,0.51487,0.51881,0.43635,0.65901,,0.68391,0.67226,0.69946,0.75284,0.77174,,-0.02491
pca,machine-1-6,0,spike,W1,identical,256,0.74689,0.74934,0.41007,0.73176,,0.73678,0.72973,0.50987,1.01372,1.02687,,-0.00502
pca,machine-1-6,0,spike,W1,identical,1024,0.66222,0.66402,0.42581,0.7326,,0.72612,0.72424,0.47137,0.912,0.91685,,0.00648
pca,machine-1-6,0,spike,W1,variant,64,0.70221,0.68949,0.65582,0.64324,,0.72446,0.71586,0.71596,0.9693,0.96316,,-0.08122
pca,machine-1-6,0,spike,W1,variant,256,0.74796,0.74939,0.50639,0.71666,,0.72951,0.7297,0.45377,1.02529,1.02698,,-0.01286
pca,machine-1-6,0,spike,W1,variant,1024,0.68858,0.6887,0.45691,0.68485,,0.69344,0.69195,0.46845,0.99299,0.99531,,-0.00858
pca,machine-1-6,0,spike,W2p_elu_f0995,identical,64,0.48356,0.47413,0.42711,0.44115,0.45187,0.48875,0.47921,0.43382,0.98938,0.9894,-0.03689,-0.04761
pca,machine-1-6,0,spike,W2p_elu_f0995,identical,256,0.56738,0.56715,0.3979,0.56874,0.57641,0.56883,0.5687,0.4031,0.99744,0.99728,0.00758,-9e-05
pca,machine-1-6,0,spike,W2p_elu_f0995,identical,1024,0.50119,0.50119,0.46697,0.50119,0.50119,0.50122,0.50122,0.47137,0.99994,0.99994,-3e-05,-3e-05
pca,machine-1-6,0,spike,W2p_elu_f0995,variant,64,0.50032,0.48958,0.44048,0.44948,0.46096,0.50196,0.49101,0.44315,0.99675,0.99709,-0.041,-0.05248
pca,machine-1-6,0,spike,W2p_elu_f0995,variant,256,0.54374,0.543,0.3789,0.54128,0.54977,0.54364,0.54292,0.38009,1.00019,1.00015,0.00613,-0.00236
pca,machine-1-6,0,spike,W2p_elu_f0995,variant,1024,0.51438,0.51438,0.46604,0.51432,0.51433,0.51439,0.51438,0.46669,0.99999,0.99999,-6e-05,-7e-05
pca,machine-1-6,0,spike,W2p_elu_f1,identical,64,0.35332,0.35299,0.35164,0.35189,0.35189,0.3535,0.35316,0.35184,0.99946,0.99951,-0.00161,-0.00161
pca,machine-1-6,0,spike,W2p_elu_f1,identical,256,0.38954,0.3893,0.3808,0.38857,0.38857,0.38969,0.38944,0.38095,0.99963,0.99966,-0.00112,-0.00112
pca,machine-1-6,0,spike,W2p_elu_f1,identical,1024,0.37432,0.37422,0.35781,0.37379,0.37379,0.37442,0.37432,0.35793,0.99972,0.99973,-0.00063,-0.00063
pca,machine-1-6,0,spike,W2p_elu_f1,variant,64,0.36928,0.36893,0.36756,0.36766,0.36766,0.36937,0.36901,0.36765,0.99975,0.99979,-0.00172,-0.00172
pca,machine-1-6,0,spike,W2p_elu_f1,variant,256,0.36774,0.3675,0.35934,0.36666,0.36666,0.36779,0.36753,0.3594,0.99987,0.9999,-0.00113,-0.00113
pca,machine-1-6,0,spike,W2p_elu_f1,variant,1024,0.38049,0.38038,0.36373,0.37983,0.37983,0.38051,0.3804,0.36376,0.99993,0.99994,-0.00068,-0.00068
pca,machine-1-6,0,spike,W2p_split_f0995,identical,64,0.53394,0.52358,0.45339,0.49212,0.50691,0.54938,0.53866,0.47924,0.97189,0.972,-0.04247,-0.05726
pca,machine-1-6,0,spike,W2p_split_f0995,identical,256,0.59488,0.59576,0.41223,0.60185,0.60561,0.5953,0.59645,0.42821,0.9993,0.99883,0.01031,0.00655
pca,machine-1-6,0,spike,W2p_split_f0995,identical,1024,0.50337,0.50337,0.44151,0.5034,0.5034,0.50343,0.50343,0.44773,0.99988,0.99988,-4e-05,-4e-05
pca,machine-1-6,0,spike,W2p_split_f0995,variant,64,0.55912,0.54744,0.47655,0.50425,0.52013,0.56896,0.55652,0.49513,0.98271,0.9837,-0.04883,-0.0647
pca,machine-1-6,0,spike,W2p_split_f0995,variant,256,0.57297,0.57337,0.39656,0.57585,0.5804,0.5715,0.57211,0.40578,1.00257,1.00221,0.00891,0.00435
pca,machine-1-6,0,spike,W2p_split_f0995,variant,1024,0.51825,0.51824,0.44787,0.51819,0.51821,0.51828,0.51827,0.45103,0.99993,0.99995,-8e-05,-9e-05
pca,machine-1-6,0,spike,W2p_split_f1,identical,64,0.37858,0.37782,0.3741,0.37553,0.37553,0.37976,0.37882,0.3753,0.99691,0.99734,-0.00423,-0.00423
pca,machine-1-6,0,spike,W2p_split_f1,identical,256,0.42522,0.42473,0.40249,0.42346,0.42346,0.42593,0.42534,0.40331,0.99833,0.99857,-0.00246,-0.00246
pca,machine-1-6,0,spike,W2p_split_f1,identical,1024,0.40298,0.40286,0.37377,0.40231,0.40231,0.40327,0.40312,0.37419,0.99928,0.99936,-0.00096,-0.00096
pca,machine-1-6,0,spike,W2p_split_f1,variant,64,0.39493,0.3941,0.39031,0.39127,0.39127,0.39581,0.39482,0.39121,0.99779,0.99818,-0.00454,-0.00454
pca,machine-1-6,0,spike,W2p_split_f1,variant,256,0.40336,0.40286,0.38126,0.40132,0.40132,0.40384,0.40325,0.38185,0.9988,0.99905,-0.00252,-0.00252
pca,machine-1-6,0,spike,W2p_split_f1,variant,1024,0.40875,0.4086,0.37931,0.40777,0.40777,0.4089,0.40872,0.37956,0.99964,0.99972,-0.00113,-0.00113
pca,machine-1-6,0,spike,W2s_f0995,identical,64,-5.00748,-4.6848,-3.42632,-3.7508,-4.05075,-5.36561,-4.99897,-3.79807,0.93325,0.93715,1.31486,1.61481
pca,machine-1-6,0,spike,W2s_f0995,identical,256,-9.58232,-9.47723,-3.28189,-9.15365,-9.6275,-9.69106,-9.57275,-3.59352,0.98878,0.99002,0.06356,0.53741
pca,machine-1-6,0,spike,W2s_f0995,identical,1024,-10.44518,-10.44472,-2.9943,-10.44282,-10.45405,-10.44568,-10.44513,-3.25533,0.99995,0.99996,-0.00837,0.00286
pca,machine-1-6,0,spike,W2s_f0995,variant,64,-5.01722,-4.66744,-3.45105,-3.58309,-3.88002,-5.29203,-4.91581,-3.74305,0.94807,0.94947,1.412,1.70894
pca,machine-1-6,0,spike,W2s_f0995,variant,256,-9.72423,-9.61098,-3.46725,-9.22348,-9.69716,-9.80729,-9.68319,-3.72302,0.99153,0.99254,0.11013,0.58381
pca,machine-1-6,0,spike,W2s_f0995,variant,1024,-10.46991,-10.46933,-3.10215,-10.46735,-10.47864,-10.47007,-10.4695,-3.30713,0.99998,0.99998,-0.00857,0.00272
pca,machine-1-6,0,spike,W2s_f1,identical,64,0.39606,0.43477,0.5974,0.56636,0.56636,0.37511,0.41816,0.57859,1.05585,1.03973,0.19124,0.19124
pca,machine-1-6,0,spike,W2s_f1,identical,256,-0.14175,-0.12586,0.65393,-0.07296,-0.07296,-0.15115,-0.13313,0.64141,0.93779,0.94537,0.07819,0.07819
pca,machine-1-6,0,spike,W2s_f1,identical,1024,-0.70807,-0.70393,0.63192,-0.68861,-0.68861,-0.71114,-0.70618,0.62491,0.99569,0.99682,0.02253,0.02253
pca,machine-1-6,0,spike,W2s_f1,variant,64,0.43574,0.47366,0.63382,0.59994,0.59994,0.41224,0.45409,0.61132,1.05702,1.04309,0.1877,0.1877
pca,machine-1-6,0,spike,W2s_f1,variant,256,-0.1344,-0.11799,0.65673,-0.06397,-0.06397,-0.1452,-0.12683,0.64015,0.92563,0.93027,0.08123,0.08123
pca,machine-1-6,0,spike,W2s_f1,variant,1024,-0.6899,-0.68571,0.65403,-0.67139,-0.67139,-0.69317,-0.68832,0.64398,0.99528,0.9962,0.02177,0.02177
pca,machine-1-6,0,spike,W3_b01,identical,64,0.91364,0.91538,0.84056,0.97754,,0.96589,0.9697,0.9851,0.94591,0.94398,,0.01165
pca,machine-1-6,0,spike,W3_b01,identical,256,1.0776,1.07803,0.75646,1.10639,,1.11173,1.11267,0.87851,0.9693,0.96887,,-0.00534
pca,machine-1-6,0,spike,W3_b01,identical,1024,1.03295,1.03395,0.82775,1.052,,1.05367,1.05436,0.90455,0.98033,0.98064,,-0.00168
pca,machine-1-6,0,spike,W3_b01,variant,64,0.95515,0.95977,0.90346,0.98856,,0.97613,0.98048,0.99557,0.9785,0.97888,,0.01243
pca,machine-1-6,0,spike,W3_b01,variant,256,1.08285,1.08343,0.79686,1.08555,,1.08838,1.089,0.87504,0.99492,0.99488,,-0.00283
pca,machine-1-6,0,spike,W3_b01,variant,1024,1.02247,1.02351,0.83754,1.0248,,1.02621,1.02676,0.87357,0.99635,0.99684,,-0.00141
pca,machine-1-6,0,spike,W3_b05,identical,64,0.64397,0.64618,0.60388,0.77943,,0.75091,0.75402,0.79011,0.85758,0.85699,,0.02851
pca,machine-1-6,0,spike,W3_b05,identical,256,0.87367,0.87447,0.41273,0.95225,,0.94533,0.94733,0.5657,0.9242,0.92309,,0.00692
pca,machine-1-6,0,spike,W3_b05,identical,1024,0.74957,0.74942,0.47865,0.76601,,0.76303,0.76367,0.60859,0.98237,0.98133,,0.00299
pca,machine-1-6,0,spike,W3_b05,variant,64,0.72952,0.74236,0.70628,0.80616,,0.77444,0.77935,0.8008,0.94199,0.95253,,0.03172
pca,machine-1-6,0,spike,W3_b05,variant,256,0.93855,0.94076,0.54117,0.95727,,0.94859,0.94956,0.61156,0.98941,0.99073,,0.00868
pca,machine-1-6,0,spike,W3_b05,variant,1024,0.78365,0.78528,0.58807,0.79472,,0.78748,0.78967,0.62553,0.99513,0.99444,,0.00723
pca,machine-2-7,0,burst,W1,identical,64,0.69961,0.61167,-0.61135,4.56525,,4.58969,4.59148,4.4646,0.15243,0.13322,,-0.02444
pca,machine-2-7,0,burst,W1,identical,256,2.33025,2.27226,0.55825,4.36541,,4.34053,4.33947,3.95965,0.53686,0.52363,,0.02488
pca,machine-2-7,0,burst,W1,identical,1024,2.93487,2.89458,1.63894,4.56313,,4.55762,4.56077,3.13241,0.64395,0.63467,,0.00551
pca,machine-2-7,0,burst,W1,variant,64,1.03855,1.23767,-0.1986,2.19189,,2.30945,2.31265,2.22294,0.44969,0.53518,,-0.11756
pca,machine-2-7,0,burst,W1,variant,256,2.31166,2.4889,0.69622,2.00607,,1.98778,1.98213,1.66666,1.16294,1.25567,,0.01829
pca,machine-2-7,0,burst,W1,variant,1024,2.90011,3.0061,1.80356,2.13063,,2.14232,2.14266,1.06659,1.35373,1.40298,,-0.01168
pca,machine-2-7,0,burst,W2p_elu_f0995,identical,64,2.4117,2.33703,1.97458,2.89627,2.94717,3.17092,3.12043,2.89777,0.76057,0.74894,-0.22374,-0.27465
pca,machine-2-7,0,burst,W2p_elu_f0995,identical,256,3.17729,3.15634,1.75788,3.37621,3.42714,3.4314,3.42384,2.57243,0.92595,0.92187,-0.00426,-0.05519
pca,machine-2-7,0,burst,W2p_elu_f0995,identical,1024,3.21582,3.21545,1.89367,3.22048,3.22053,3.22138,3.22118,2.74,0.99827,0.99822,-0.00085,-0.0009
pca,machine-2-7,0,burst,W2p_elu_f0995,variant,64,0.79683,0.75299,0.53479,1.24204,1.26993,1.40396,1.37343,1.25143,0.56756,0.54825,-0.13402,-0.16191
pca,machine-2-7,0,burst,W2p_elu_f0995,variant,256,1.36615,1.34854,0.44181,1.53444,1.57197,1.57852,1.57192,1.04729,0.86546,0.85789,-0.00655,-0.04408
pca,machine-2-7,0,burst,W2p_elu_f0995,variant,1024,1.44712,1.44685,0.50755,1.45118,1.45125,1.45176,1.45164,1.15698,0.9968,0.9967,-0.00052,-0.00059
pca,machine-2-7,0,burst,W2p_elu_f1,identical,64,2.82005,2.81885,2.81179,2.83318,2.83318,2.84062,2.83903,2.83245,0.99276,0.99289,-0.00744,-0.00744
pca,machine-2-7,0,burst,W2p_elu_f1,identical,256,2.72696,2.72616,2.69485,2.74043,2.74043,2.74526,2.74432,2.71359,0.99334,0.99338,-0.00483,-0.00483
pca,machine-2-7,0,burst,W2p_elu_f1,identical,1024,2.76761,2.76713,2.70465,2.78218,2.78218,2.78488,2.78428,2.72375,0.9938,0.99384,-0.0027,-0.0027
pca,machine-2-7,0,burst,W2p_elu_f1,variant,64,1.19693,1.19639,1.1923,1.20876,1.20876,1.21306,1.21214,1.20849,0.9867,0.98701,-0.00429,-0.00429
pca,machine-2-7,0,burst,W2p_elu_f1,variant,256,1.15012,1.14973,1.13261,1.16153,1.16153,1.16432,1.16378,1.14711,0.98781,0.98793,-0.00279,-0.00279
pca,machine-2-7,0,burst,W2p_elu_f1,variant,1024,1.16197,1.16175,1.12623,1.17394,1.17394,1.1755,1.17516,1.14109,0.98849,0.98859,-0.00156,-0.00156
pca,machine-2-7,0,burst,W2p_split_f0995,identical,64,2.06295,1.96165,1.35503,2.98597,3.04663,3.29982,3.24384,2.98558,0.62517,0.60473,-0.25319,-0.31385
pca,machine-2-7,0,burst,W2p_split_f0995,identical,256,3.20897,3.18018,1.35633,3.48886,3.53165,3.53079,3.52533,2.63638,0.90885,0.90209,0.00085,-0.04194
pca,machine-2-7,0,burst,W2p_split_f0995,identical,1024,3.304,3.30366,2.05214,3.31167,3.31172,3.31253,3.31235,2.79349,0.99742,0.99738,-0.00082,-0.00087
pca,machine-2-7,0,burst,W2p_split_f0995,variant,64,0.58339,0.53313,0.13044,1.29255,1.32697,1.48328,1.44817,1.30105,0.39331,0.36814,-0.15631,-0.19073
pca,machine-2-7,0,burst,W2p_split_f0995,variant,256,1.41836,1.39673,0.21053,1.61474,1.64726,1.65007,1.6449,1.08521,0.85958,0.84913,-0.00281,-0.03533
pca,machine-2-7,0,burst,W2p_split_f0995,variant,1024,1.50902,1.50881,0.61429,1.51457,1.51463,1.51513,1.51501,1.1788,0.99596,0.99591,-0.00051,-0.00056
pca,machine-2-7,0,burst,W2p_split_f1,identical,64,2.87821,2.87693,2.85616,2.91815,2.91815,2.93751,2.93336,2.91611,0.97981,0.98076,-0.01936,-0.01936
pca,machine-2-7,0,burst,W2p_split_f1,identical,256,2.82866,2.82782,2.7495,2.86387,2.86387,2.87432,2.87227,2.79793,0.98412,0.98453,-0.01044,-0.01044
pca,machine-2-7,0,burst,W2p_split_f1,identical,1024,2.89668,2.89644,2.77117,2.93255,2.93255,2.93715,2.93607,2.82018,0.98622,0.9865,-0.0046,-0.0046
pca,machine-2-7,0,burst,W2p_split_f1,variant,64,1.23575,1.23566,1.22177,1.26917,1.26917,1.28151,1.27885,1.26805,0.96429,0.96623,-0.01235,-0.01235
pca,machine-2-7,0,burst,W2p_split_f1,variant,256,1.21693,1.21677,1.16875,1.24482,1.24482,1.25139,1.25011,1.20536,0.97246,0.97333,-0.00658,-0.00658
pca,machine-2-7,0,burst,W2p_split_f1,variant,1024,1.251,1.25107,1.1731,1.27819,1.27819,1.28102,1.28035,1.20989,0.97656,0.97713,-0.00284,-0.00284
pca,machine-2-7,0,burst,W2s_f0995,identical,64,0.698,-0.16262,8.36546,-15.63153,-16.77426,-22.00898,-20.43338,-15.31637,-0.03171,0.00796,5.23472,6.37745
pca,machine-2-7,0,burst,W2s_f0995,identical,256,-32.18711,-32.67903,8.46897,-36.80986,-38.90328,-38.94907,-38.48517,-13.83859,0.82639,0.84913,0.04578,2.13921
pca,machine-2-7,0,burst,W2s_f0995,identical,1024,-41.93578,-41.93872,8.02708,-41.94516,-41.98904,-41.95861,-41.95558,-15.91063,0.99946,0.9996,-0.03043,0.01345
pca,machine-2-7,0,burst,W2s_f0995,variant,64,4.86794,3.90357,9.14941,-9.66349,-10.25057,-13.23229,-12.33979,-9.72681,-0.36788,-0.31634,2.98171,3.5688
pca,machine-2-7,0,burst,W2s_f0995,variant,256,-17.50245,-17.94972,8.71236,-21.617,-22.84856,-22.82852,-22.56267,-8.6836,0.76669,0.79555,-0.02004,1.21152
pca,machine-2-7,0,burst,W2s_f0995,variant,1024,-24.99115,-24.99413,8.8252,-25.01299,-25.0385,-25.01974,-25.01817,-10.69863,0.99886,0.99904,-0.01875,0.00675
pca,machine-2-7,0,burst,W2s_f1,identical,64,0.46657,0.51628,0.92459,1.42926,1.42926,0.98698,1.08395,1.4878,0.47273,0.4763,0.44228,0.44228
pca,machine-2-7,0,burst,W2s_f1,identical,256,-0.72541,-0.72576,1.04548,-0.128,-0.128,-0.38463,-0.32883,1.5697,1.886,2.20713,0.25663,0.25663
pca,machine-2-7,0,burst,W2s_f1,identical,1024,-3.32927,-3.33262,0.87906,-2.9656,-2.9656,-3.11875,-3.08359,1.44054,1.0675,1.08076,0.15315,0.15315
pca,machine-2-7,0,burst,W2s_f1,variant,64,-0.54108,-0.53856,-0.25903,-0.06905,-0.06905,-0.37809,-0.31237,-0.03107,1.43109,1.72411,0.30904,0.30904
pca,machine-2-7,0,burst,W2s_f1,variant,256,-1.26413,-1.29245,-0.32346,-1.09953,-1.09953,-1.23328,-1.20507,-0.05702,1.02502,1.07252,0.13375,0.13375
pca,machine-2-7,0,burst,W2s_f1,variant,1024,-2.60149,-2.61813,-0.39931,-2.55047,-2.55047,-2.6378,-2.61732,-0.1192,0.98623,1.00031,0.08734,0.08734
pca,machine-2-7,0,burst,W3_b01,identical,64,1.94582,1.06867,0.45791,3.90152,,3.94996,3.97604,3.97122,0.49262,0.26878,,-0.04844
pca,machine-2-7,0,burst,W3_b01,identical,256,2.63711,1.94407,1.03841,3.89268,,3.90454,3.90352,3.59638,0.6754,0.49803,,-0.01186
pca,machine-2-7,0,burst,W3_b01,identical,1024,3.14873,2.62771,1.4684,4.22486,,4.23865,4.23263,3.88751,0.74286,0.62082,,-0.01379
pca,machine-2-7,0,burst,W3_b01,variant,64,0.65482,0.33174,-0.64344,1.97615,,2.01647,2.03915,2.04845,0.32474,0.16268,,-0.04032
pca,machine-2-7,0,burst,W3_b01,variant,256,1.12925,0.80239,-0.023,1.94418,,1.95431,1.9535,1.73573,0.57783,0.41074,,-0.01014
pca,machine-2-7,0,burst,W3_b01,variant,1024,1.46255,1.18398,0.3094,2.21381,,2.22749,2.21994,2.02555,0.65659,0.53334,,-0.01368
pca,machine-2-7,0,burst,W3_b05,identical,64,4.01806,1.12433,1.96535,4.25618,,4.27095,4.4098,4.20726,0.94079,0.25496,,-0.01477
pca,machine-2-7,0,burst,W3_b05,identical,256,4.70964,2.51243,2.42974,4.6523,,4.66968,4.66945,3.81882,1.00856,0.53806,,-0.01738
pca,machine-2-7,0,burst,W3_b05,identical,1024,5.00597,3.59557,2.63824,5.10835,,5.10748,5.11618,4.05627,0.98012,0.70278,,0.00087
pca,machine-2-7,0,burst,W3_b05,variant,64,2.15578,0.29537,0.06833,2.32733,,2.34399,2.44957,2.25372,0.9197,0.12058,,-0.01666
pca,machine-2-7,0,burst,W3_b05,variant,256,2.60837,1.16972,0.5949,2.6204,,2.63074,2.63279,1.95055,0.9915,0.44429,,-0.01034
pca,machine-2-7,0,burst,W3_b05,variant,1024,2.90981,1.93478,0.78586,3.05719,,3.05318,3.05931,2.22127,0.95304,0.63242,,0.00401
pca,machine-2-7,0,spike,W1,identical,64,1.68145,1.70768,0.72085,1.99217,,1.90396,1.91625,1.762,0.88313,0.89116,,0.08821
pca,machine-2-7,0,spike,W1,identical,256,1.88814,1.83621,0.69022,1.77444,,1.74644,1.75266,1.01589,1.08114,1.04767,,0.028
pca,machine-2-7,0,spike,W1,identical,1024,1.65434,1.6252,0.87667,1.94877,,1.94231,1.94291,0.62103,0.85174,0.83648,,0.00646
pca,machine-2-7,0,spike,W1,variant,64,1.81335,1.8247,0.94119,1.80271,,1.72801,1.75721,1.59299,1.04939,1.03841,,0.0747
pca,machine-2-7,0,spike,W1,variant,256,1.892,1.83496,0.84538,1.63257,,1.6145,1.62034,0.92926,1.17188,1.13245,,0.01807
pca,machine-2-7,0,spike,W1,variant,1024,1.8921,1.89557,1.06593,1.8555,,1.86266,1.86091,0.50144,1.01581,1.01863,,-0.00715
pca,machine-2-7,0,spike,W2p_elu_f0995,identical,64,0.93411,0.91617,0.80152,0.88092,0.90481,0.94473,0.92586,0.81813,0.98875,0.98954,-0.03992,-0.06381
pca,machine-2-7,0,spike,W2p_elu_f0995,identical,256,1.31218,1.31026,0.84163,1.31475,1.33799,1.31258,1.31093,0.85187,0.9997,0.99949,0.02541,0.00217
pca,machine-2-7,0,spike,W2p_elu_f0995,identical,1024,1.24381,1.24376,0.91778,1.24343,1.24362,1.24387,1.24382,0.92743,0.99995,0.99995,-0.00025,-0.00044
pca,machine-2-7,0,spike,W2p_elu_f0995,variant,64,0.94919,0.93142,0.82011,0.89247,0.91589,0.95408,0.93547,0.82952,0.99487,0.99566,-0.03818,-0.06161
pca,machine-2-7,0,spike,W2p_elu_f0995,variant,256,1.31597,1.3143,0.85321,1.31792,1.3409,1.31494,1.31346,0.8584,1.00079,1.00064,0.02597,0.00298
pca,machine-2-7,0,spike,W2p_elu_f0995,variant,1024,1.24491,1.24487,0.9172,1.24451,1.24471,1.24493,1.24489,0.92096,0.99998,0.99999,-0.00023,-0.00042
pca,machine-2-7,0,spike,W2p_elu_f1,identical,64,0.81893,0.81836,0.81546,0.81669,0.81669,0.81942,0.81878,0.81596,0.9994,0.99949,-0.00274,-0.00274
pca,machine-2-7,0,spike,W2p_elu_f1,identical,256,0.9035,0.90303,0.88577,0.90175,0.90175,0.90383,0.90332,0.88612,0.99963,0.99968,-0.00208,-0.00208
pca,machine-2-7,0,spike,W2p_elu_f1,identical,1024,0.84655,0.84631,0.81429,0.84523,0.84523,0.84679,0.84653,0.81457,0.99972,0.99974,-0.00156,-0.00156
pca,machine-2-7,0,spike,W2p_elu_f1,variant,64,0.82906,0.82849,0.82562,0.82668,0.82668,0.82939,0.82875,0.82596,0.9996,0.99969,-0.00271,-0.00271
pca,machine-2-7,0,spike,W2p_elu_f1,variant,256,0.90788,0.90744,0.89035,0.90609,0.90609,0.90809,0.9076,0.89057,0.99977,0.99982,-0.002,-0.002
pca,machine-2-7,0,spike,W2p_elu_f1,variant,1024,0.84332,0.84309,0.81054,0.84191,0.84191,0.84344,0.84318,0.81069,0.99986,0.99989,-0.00153,-0.00153
pca,machine-2-7,0,spike,W2p_split_f0995,identical,64,1.01059,0.99453,0.79293,0.97237,1.00409,1.05628,1.03436,0.89222,0.95675,0.9615,-0.05219,-0.08391
pca,machine-2-7,0,spike,W2p_split_f0995,identical,256,1.377,1.37597,0.84774,1.37918,1.39285,1.36875,1.3694,0.90303,1.00603,1.00479,0.0241,0.01043
pca,machine-2-7,0,spike,W2p_split_f0995,identical,1024,1.27292,1.27289,0.92108,1.27278,1.27294,1.27319,1.27314,0.95468,0.99978,0.9998,-0.00025,-0.00041
pca,machine-2-7,0,spike,W2p_split_f0995,variant,64,1.0296,1.01371,0.82329,0.98032,1.01114,1.06258,1.0409,0.90358,0.96896,0.97388,-0.05144,-0.08226
pca,machine-2-7,0,spike,W2p_split_f0995,variant,256,1.38142,1.38064,0.86746,1.38183,1.39527,1.37047,1.37127,0.9091,1.00799,1.00683,0.0248,0.01136
pca,machine-2-7,0,spike,W2p_split_f0995,variant,1024,1.27514,1.27513,0.9171,1.27494,1.27512,1.27534,1.27529,0.94318,0.99984,0.99987,-0.00023,-0.0004
pca,machine-2-7,0,spike,W2p_split_f1,identical,64,0.89696,0.89526,0.88034,0.89121,0.89121,0.90341,0.90049,0.887,0.99286,0.9942,-0.0122,-0.0122
pca,machine-2-7,0,spike,W2p_split_f1,identical,256,1.00909,1.00826,0.9407,1.00671,1.00671,1.01243,1.01095,0.94479,0.99669,0.99734,-0.00572,-0.00572
pca,machine-2-7,0,spike,W2p_split_f1,identical,1024,0.97671,0.97635,0.88702,0.97488,0.97488,0.97892,0.97827,0.89048,0.99774,0.99803,-0.00404,-0.00404
pca,machine-2-7,0,spike,W2p_split_f1,variant,64,0.90688,0.90522,0.89077,0.90064,0.90064,0.91252,0.90969,0.89661,0.99382,0.99509,-0.01188,-0.01188
pca,machine-2-7,0,spike,W2p_split_f1,variant,256,1.01378,1.01297,0.9463,1.01106,1.01106,1.0166,1.01516,0.94982,0.99722,0.99784,-0.00555,-0.00555
pca,machine-2-7,0,spike,W2p_split_f1,variant,1024,0.97212,0.97179,0.88262,0.97004,0.97004,0.97388,0.97325,0.88551,0.99819,0.99849,-0.00384,-0.00384
pca,machine-2-7,0,spike,W2s_f0995,identical,64,-20.24433,-19.75786,-16.25922,-18.82573,-19.5976,-22.59712,-21.65179,-18.26664,0.89588,0.91253,2.99952,3.77139
pca,machine-2-7,0,spike,W2s_f0995,identical,256,-33.05542,-32.79924,-15.68618,-32.14858,-33.7108,-33.82467,-33.42562,-17.53396,0.97726,0.98126,0.11387,1.67609
pca,machine-2-7,0,spike,W2s_f0995,identical,1024,-36.11938,-36.11891,-15.17467,-36.11496,-36.1501,-36.12303,-36.12205,-16.83863,0.9999,0.99991,-0.02707,0.00806
pca,machine-2-7,0,spike,W2s_f0995,variant,64,-19.92697,-19.49109,-16.03457,-18.50251,-19.24565,-22.1091,-21.21787,-17.95634,0.9013,0.91862,2.86345,3.60659
pca,machine-2-7,0,spike,W2s_f0995,variant,256,-32.63457,-32.3942,-15.55188,-31.70426,-33.23913,-33.33223,-32.94528,-17.31843,0.97907,0.98327,0.09309,1.62797
pca,machine-2-7,0,spike,W2s_f0995,variant,1024,-36.1611,-36.16068,-14.74061,-36.15698,-36.19262,-36.16426,-36.16331,-16.26587,0.99991,0.99993,-0.02836,0.00728
pca,machine-2-7,0,spike,W2s_f1,identical,64,0.01957,0.0725,0.45481,0.23716,0.23716,-0.10111,-0.02178,0.33224,-0.19355,-3.3296,0.33827,0.33827
pca,machine-2-7,0,spike,W2s_f1,identical,256,-1.10971,-1.07976,0.65671,-0.98933,-0.98933,-1.18306,-1.13562,0.58141,0.938,0.95081,0.19373,0.19373
pca,machine-2-7,0,spike,W2s_f1,identical,1024,-2.83766,-2.82479,0.66736,-2.7784,-2.7784,-2.86907,-2.84883,0.61168,0.98906,0.99156,0.09066,0.09066
pca,machine-2-7,0,spike,W2s_f1,variant,64,0.03573,0.0859,0.46061,0.23302,0.23302,-0.09124,-0.01519,0.3299,-0.39161,-5.65565,0.32426,0.32426
pca,machine-2-7,0,spike,W2s_f1,variant,256,-1.11028,-1.08209,0.615,-1.00267,-1.00267,-1.1861,-1.14091,0.53213,0.93608,0.94844,0.18343,0.18343
pca,machine-2-7,0,spike,W2s_f1,variant,1024,-2.79134,-2.78012,0.70056,-2.74235,-2.74235,-2.82265,-2.8044,0.63772,0.98891,0.99134,0.0803,0.0803
pca,machine-2-7,0,spike,W3_b01,identical,64,1.96371,1.96237,1.46091,2.10461,,2.0951,2.09513,1.99238,0.93729,0.93663,,0.00951
pca,machine-2-7,0,spike,W3_b01,identical,256,1.93081,1.9282,1.28731,2.04154,,2.04067,2.04108,1.74889,0.94617,0.9447,,0.00088
pca,machine-2-7,0,spike,W3_b01,identical,1024,2.0673,2.06678,1.45331,2.12446,,2.12556,2.12595,1.70239,0.97259,0.97217,,-0.00109
pca,machine-2-7,0,spike,W3_b01,variant,64,2.0924,2.09425,1.60293,2.12159,,2.11244,2.11155,2.01097,0.99052,0.99181,,0.00915
pca,machine-2-7,0,spike,W3_b01,variant,256,2.02627,2.02571,1.37103,2.04153,,2.04237,2.04156,1.72517,0.99212,0.99224,,-0.00084
pca,machine-2-7,0,spike,W3_b01,variant,1024,2.10423,2.105,1.52182,2.10801,,2.10789,2.10806,1.67935,0.99826,0.99855,,0.00012
pca,machine-2-7,0,spike,W3_b05,identical,64,1.55156,1.51336,0.75296,1.81947,,1.82927,1.83784,1.62646,0.84818,0.82345,,-0.00981
pca,machine-2-7,0,spike,W3_b05,identical,256,1.37438,1.35648,0.49363,1.55908,,1.55831,1.56195,1.16985,0.88196,0.86845,,0.00077
pca,machine-2-7,0,spike,W3_b05,identical,1024,1.7705,1.77243,0.81784,1.83519,,1.82681,1.82713,1.33335,0.96918,0.97006,,0.00838
pca,machine-2-7,0,spike,W3_b05,variant,64,1.84626,1.88075,1.10866,1.84113,,1.84839,1.85478,1.67034,0.99884,1.014,,-0.00726
pca,machine-2-7,0,spike,W3_b05,variant,256,1.57,1.5761,0.8058,1.58512,,1.58177,1.58418,1.2061,0.99256,0.9949,,0.00334
pca,machine-2-7,0,spike,W3_b05,variant,1024,1.80795,1.81039,0.99217,1.82249,,1.81372,1.8134,1.30115,0.99682,0.99834,,0.00877
pca,machine-3-7,0,burst,W1,identical,64,0.84155,0.7628,-0.31692,4.16725,,4.13956,4.13962,3.95025,0.20329,0.18427,,0.02769
pca,machine-3-7,0,burst,W1,identical,256,3.17241,3.07966,1.87277,4.59917,,4.60313,4.60284,3.99909,0.68919,0.66908,,-0.00397
pca,machine-3-7,0,burst,W1,identical,1024,4.19165,4.14462,2.71799,4.6887,,4.70444,4.70521,3.63063,0.891,0.88086,,-0.01574
pca,machine-3-7,0,burst,W1,variant,64,1.14094,1.22292,0.06485,2.15472,,2.13958,2.13457,1.97922,0.53325,0.57291,,0.01514
pca,machine-3-7,0,burst,W1,variant,256,3.06494,3.08585,1.96229,2.50067,,2.4999,2.4981,2.09812,1.22603,1.23528,,0.00077
pca,machine-3-7,0,burst,W1,variant,1024,3.68644,3.70839,2.77784,2.4599,,2.46887,2.46981,1.91853,1.49317,1.50149,,-0.00898
pca,machine-3-7,0,burst,W2p_elu_f0995,identical,64,2.58902,2.52139,2.18565,3.11281,3.15933,3.3254,3.28143,3.0846,0.77856,0.76838,-0.16607,-0.21259
pca,machine-3-7,0,burst,W2p_elu_f0995,identical,256,3.42722,3.4142,2.27912,3.65319,3.67529,3.66408,3.66342,3.1037,0.93536,0.93197,0.01121,-0.0109
pca,machine-3-7,0,burst,W2p_elu_f0995,identical,1024,2.91628,2.91593,1.84162,2.92094,2.92037,2.92179,2.92162,2.57072,0.99812,0.99805,-0.00141,-0.00085
pca,machine-3-7,0,burst,W2p_elu_f0995,variant,64,0.92381,0.88189,0.664,1.40557,1.43245,1.53027,1.50369,1.38834,0.6037,0.58648,-0.09781,-0.12469
pca,machine-3-7,0,burst,W2p_elu_f0995,variant,256,1.59279,1.58135,0.75438,1.78043,1.79525,1.79188,1.79092,1.42581,0.88889,0.88298,0.00336,-0.01146
pca,machine-3-7,0,burst,W2p_elu_f0995,variant,1024,1.2461,1.24583,0.5782,1.24985,1.24944,1.25046,1.25034,1.13321,0.99651,0.99639,-0.00103,-0.00061
pca,machine-3-7,0,burst,W2p_elu_f1,identical,64,2.72536,2.72448,2.71901,2.7355,2.7355,2.74137,2.74011,2.73507,0.99416,0.9943,-0.00587,-0.00587
pca,machine-3-7,0,burst,W2p_elu_f1,identical,256,3.17669,3.17618,3.15275,3.18803,3.18803,3.19098,3.19033,3.16737,0.99552,0.99557,-0.00295,-0.00295
pca,machine-3-7,0,burst,W2p_elu_f1,identical,1024,2.62325,2.62301,2.62728,2.63559,2.63559,2.63692,2.63665,2.64221,0.99482,0.99483,-0.00133,-0.00133
pca,machine-3-7,0,burst,W2p_elu_f1,variant,64,1.20129,1.20094,1.19781,1.21056,1.21056,1.21377,1.21308,1.21033,0.98972,0.98999,-0.00321,-0.00321
pca,machine-3-7,0,burst,W2p_elu_f1,variant,256,1.50555,1.50527,1.49165,1.51521,1.51521,1.51708,1.51665,1.50342,0.99241,0.99249,-0.00187,-0.00187
pca,machine-3-7,0,burst,W2p_elu_f1,variant,1024,1.09836,1.09818,1.10291,1.10778,1.10778,1.10867,1.10848,1.11416,0.9907,0.99071,-0.00089,-0.00089
pca,machine-3-7,0,burst,W2p_split_f0995,identical,64,2.09197,1.97438,1.35961,3.23952,3.3013,3.50447,3.45606,3.20735,0.59694,0.57128,-0.20317,-0.26495
pca,machine-3-7,0,burst,W2p_split_f0995,identical,256,3.31985,3.28882,1.63279,3.72703,3.73598,3.7178,3.7202,3.20762,0.89296,0.88405,0.01817,0.00923
pca,machine-3-7,0,burst,W2p_split_f0995,identical,1024,2.98554,2.98509,2.21869,2.99553,2.9951,2.99645,2.99627,2.73548,0.99636,0.99627,-0.00135,-0.00092
pca,machine-3-7,0,burst,W2p_split_f0995,variant,64,0.54948,0.48555,0.0502,1.4691,1.50584,1.63637,1.60479,1.45643,0.33579,0.30256,-0.13053,-0.16727
pca,machine-3-7,0,burst,W2p_split_f0995,variant,256,1.54206,1.51824,0.27985,1.8289,1.83381,1.82524,1.82656,1.49201,0.84486,0.83121,0.00857,0.00367
pca,machine-3-7,0,burst,W2p_split_f0995,variant,1024,1.28873,1.28844,0.88032,1.29563,1.2953,1.29623,1.29612,1.22789,0.99421,0.99408,-0.00093,-0.0006
pca,machine-3-7,0,burst,W2p_split_f1,identical,64,2.75982,2.75955,2.74311,2.80072,2.80072,2.8159,2.81276,2.79969,0.98008,0.98108,-0.01518,-0.01518
pca,machine-3-7,0,burst,W2p_split_f1,identical,256,3.25595,3.25526,3.1892,3.29202,3.29202,3.30087,3.29898,3.2364,0.98639,0.98675,-0.00885,-0.00885
pca,machine-3-7,0,burst,W2p_split_f1,identical,1024,2.69184,2.69153,2.67564,2.72364,2.72364,2.7251,2.72483,2.71467,0.9878,0.98778,-0.00146,-0.00146
pca,machine-3-7,0,burst,W2p_split_f1,variant,64,1.22071,1.22142,1.2112,1.25402,1.25402,1.2626,1.26083,1.25347,0.96682,0.96874,-0.00858,-0.00858
pca,machine-3-7,0,burst,W2p_split_f1,variant,256,1.55739,1.55719,1.51808,1.58494,1.58494,1.59047,1.58927,1.55293,0.9792,0.97981,-0.00552,-0.00552
pca,machine-3-7,0,burst,W2p_split_f1,variant,1024,1.14272,1.14247,1.137,1.16395,1.16395,1.16465,1.16453,1.16297,0.98117,0.98106,-0.0007,-0.0007
pca,machine-3-7,0,burst,W2s_f0995,identical,64,6.34393,5.15545,14.77742,-10.75483,-11.76658,-16.80136,-15.51452,-10.73323,-0.37758,-0.3323,5.03479,6.04653
pca,machine-3-7,0,burst,W2s_f0995,identical,256,-24.32847,-24.87034,15.14133,-28.68282,-30.16379,-30.84157,-30.37051,-11.53973,0.78882,0.8189,0.67778,2.15875
pca,machine-3-7,0,burst,W2s_f0995,identical,1024,-25.71186,-25.71358,22.37101,-25.64323,-25.66636,-25.64041,-25.6419,-4.84337,1.00279,1.0028,-0.02595,-0.00283
pca,machine-3-7,0,burst,W2s_f0995,variant,64,10.7193,9.46916,15.71736,-6.78933,-7.38758,-10.48715,-9.67146,-6.76165,-1.02214,-0.97908,3.09957,3.69782
pca,machine-3-7,0,burst,W2s_f0995,variant,256,-11.10345,-11.64315,16.63954,-16.92427,-17.87417,-18.35868,-18.0414,-7.1956,0.60481,0.64536,0.4845,1.43441
pca,machine-3-7,0,burst,W2s_f0995,variant,1024,-14.93639,-14.93823,22.35887,-14.90902,-14.91747,-14.90064,-14.90298,-1.70936,1.0024,1.00237,-0.01684,-0.00839
pca,machine-3-7,0,burst,W2s_f1,identical,64,2.92527,2.93196,2.85623,3.57806,3.57806,3.63803,3.62978,3.58842,0.80408,0.80775,-0.05996,-0.05996
pca,machine-3-7,0,burst,W2s_f1,identical,256,2.14877,2.17665,2.82119,2.8776,2.8776,2.58829,2.64612,3.44779,0.83019,0.82258,0.28931,0.28931
pca,machine-3-7,0,burst,W2s_f1,identical,1024,0.47344,0.46259,2.43403,0.85021,0.85021,0.77175,0.78884,3.05763,0.61347,0.58642,0.07847,0.07847
pca,machine-3-7,0,burst,W2s_f1,variant,64,0.98869,0.98974,0.96861,1.50176,1.50176,1.5238,1.52111,1.51534,0.64883,0.65067,-0.02204,-0.02204
pca,machine-3-7,0,burst,W2s_f1,variant,256,0.37762,0.378,0.8807,0.84807,0.84807,0.64869,0.68728,1.36334,0.58212,0.55,0.19937,0.19937
pca,machine-3-7,0,burst,W2s_f1,variant,1024,-0.40165,-0.41903,0.5503,-0.18251,-0.18251,-0.21594,-0.20813,1.05633,1.85998,2.01334,0.03344,0.03344
pca,machine-3-7,0,burst,W3_b01,identical,64,2.28233,1.57605,0.97922,5.02897,,5.05065,5.03641,4.86466,0.45189,0.31293,,-0.02168
pca,machine-3-7,0,burst,W3_b01,identical,256,3.35732,2.76944,1.92097,5.03077,,5.02665,5.02123,4.59674,0.6679,0.55155,,0.00412
pca,machine-3-7,0,burst,W3_b01,identical,1024,4.3106,3.97148,2.1744,5.00873,,5.0038,5.0037,4.19432,0.86147,0.79371,,0.00493
pca,machine-3-7,0,burst,W3_b01,variant,64,0.8251,0.62133,-0.14485,2.82696,,2.84915,2.83591,2.69836,0.28959,0.2191,,-0.02219
pca,machine-3-7,0,burst,W3_b01,variant,256,1.51779,1.18437,0.76832,2.77413,,2.77186,2.76672,2.45289,0.54757,0.42808,,0.00228
pca,machine-3-7,0,burst,W3_b01,variant,1024,2.40018,2.18344,1.22224,2.90597,,2.90534,2.90566,2.24999,0.82613,0.75145,,0.00064
pca,machine-3-7,0,burst,W3_b05,identical,64,3.88941,2.1085,2.47379,5.19454,,5.26008,5.21001,4.8604,0.73942,0.4047,,-0.06554
pca,machine-3-7,0,burst,W3_b05,identical,256,4.96408,3.70213,3.46787,5.08561,,5.104,5.08333,4.5284,0.97259,0.72829,,-0.01839
pca,machine-3-7,0,burst,W3_b05,identical,1024,5.69729,4.93785,3.45591,5.39364,,5.39511,5.38795,4.06889,1.05601,0.91646,,-0.00147
pca,machine-3-7,0,burst,W3_b05,variant,64,1.99574,0.90801,0.94028,2.96449,,3.02426,2.97986,2.69355,0.65991,0.30472,,-0.05977
pca,machine-3-7,0,burst,W3_b05,variant,256,2.65814,1.73886,1.84861,2.82151,,2.83799,2.82073,2.44871,0.93663,0.61646,,-0.01648
pca,machine-3-7,0,burst,W3_b05,variant,1024,3.4622,2.91201,1.95874,3.23449,,3.23625,3.231,2.17069,1.06982,0.90127,,-0.00176
pca,machine-3-7,0,spike,W1,identical,64,1.30307,1.31355,0.91077,1.64277,,1.60507,1.60942,1.50292,0.81185,0.81616,,0.0377
pca,machine-3-7,0,spike,W1,identical,256,1.74054,1.68817,1.55534,1.59559,,1.58869,1.58851,1.40475,1.09558,1.06274,,0.00689
pca,machine-3-7,0,spike,W1,identical,1024,1.69391,1.6549,1.23049,1.57159,,1.57768,1.57612,1.43013,1.07368,1.04998,,-0.00609
pca,machine-3-7,0,spike,W1,variant,64,1.65397,1.69569,1.35241,1.6993,,1.62475,1.63442,1.54087,1.01799,1.03749,,0.07455
pca,machine-3-7,0,spike,W1,variant,256,1.90085,1.8847,1.76485,1.66489,,1.65622,1.66162,1.51531,1.14771,1.13425,,0.00868
pca,machine-3-7,0,spike,W1,variant,1024,1.74732,1.70102,1.40473,1.50975,,1.49937,1.50002,1.35656,1.16537,1.13399,,0.01038
pca,machine-3-7,0,spike,W2p_elu_f0995,identical,64,1.05069,1.03529,0.94878,0.99398,1.01189,1.06348,1.04752,0.96719,0.98797,0.98833,-0.0516,-0.0695
pca,machine-3-7,0,spike,W2p_elu_f0995,identical,256,1.06432,1.06451,0.7954,1.0697,1.08195,1.0645,1.06517,0.80848,0.99984,0.99938,0.01745,0.0052
pca,machine-3-7,0,spike,W2p_elu_f0995,identical,1024,1.22806,1.22815,0.94353,1.22855,1.22793,1.22813,1.22821,0.94876,0.99995,0.99995,-0.00019,0.00042
pca,machine-3-7,0,spike,W2p_elu_f0995,variant,64,1.04302,1.02787,0.94195,0.97776,0.99584,1.04862,1.03271,0.95158,0.99466,0.99532,-0.05277,-0.07086
pca,machine-3-7,0,spike,W2p_elu_f0995,variant,256,1.07329,1.07366,0.81069,1.07673,1.08872,1.07135,1.07203,0.81525,1.00181,1.00152,0.01737,0.00538
pca,machine-3-7,0,spike,W2p_elu_f0995,variant,1024,1.18278,1.18288,0.89874,1.18323,1.18264,1.1828,1.18289,0.89701,0.99998,0.99999,-0.00017,0.00042
pca,machine-3-7,0,spike,W2p_elu_f1,identical,64,0.86872,0.86818,0.86569,0.86635,0.86635,0.86924,0.86862,0.86622,0.9994,0.99949,-0.00288,-0.00288
pca,machine-3-7,0,spike,W2p_elu_f1,identical,256,0.78907,0.78901,0.78162,0.78902,0.78902,0.78921,0.78915,0.78177,0.99983,0.99982,-0.00019,-0.00019
pca,machine-3-7,0,spike,W2p_elu_f1,identical,1024,0.9629,0.96269,0.95223,0.96196,0.96196,0.96311,0.96289,0.95247,0.99978,0.9998,-0.00116,-0.00116
pca,machine-3-7,0,spike,W2p_elu_f1,variant,64,0.84998,0.84946,0.84699,0.84749,0.84749,0.85032,0.84971,0.84733,0.9996,0.9997,-0.00283,-0.00283
pca,machine-3-7,0,spike,W2p_elu_f1,variant,256,0.79612,0.79608,0.78862,0.79594,0.79594,0.79614,0.79608,0.78864,0.99998,0.99999,-0.0002,-0.0002
pca,machine-3-7,0,spike,W2p_elu_f1,variant,1024,0.91265,0.91245,0.9014,0.91165,0.91165,0.91272,0.91251,0.90148,0.99993,0.99994,-0.00107,-0.00107
pca,machine-3-7,0,spike,W2p_split_f0995,identical,64,1.11746,1.10365,0.92231,1.0937,1.12008,1.18155,1.16337,1.04551,0.94576,0.94866,-0.06147,-0.08785
pca,machine-3-7,0,spike,W2p_split_f0995,identical,256,1.14838,1.1475,0.79499,1.14691,1.1492,1.12915,1.1328,0.87191,1.01703,1.01297,0.02005,0.01776
pca,machine-3-7,0,spike,W2p_split_f0995,identical,1024,1.23186,1.23191,1.06737,1.23234,1.23194,1.23213,1.23217,1.06638,0.99978,0.99979,-0.00019,0.00021
pca,machine-3-7,0,spike,W2p_split_f0995,variant,64,1.12022,1.10789,0.93147,1.07744,1.10393,1.16549,1.14807,1.02805,0.96116,0.965,-0.06156,-0.08805
pca,machine-3-7,0,spike,W2p_split_f0995,variant,256,1.15801,1.15797,0.81836,1.15629,1.15826,1.13832,1.14184,0.87531,1.0173,1.01413,0.01994,0.01798
pca,machine-3-7,0,spike,W2p_split_f0995,variant,1024,1.18761,1.18769,1.01833,1.18801,1.18764,1.18779,1.18783,1.01127,0.99985,0.99988,-0.00016,0.00021
pca,machine-3-7,0,spike,W2p_split_f1,identical,64,0.90359,0.9026,0.89443,0.90019,0.90019,0.90807,0.90629,0.89899,0.99507,0.99593,-0.00787,-0.00787
pca,machine-3-7,0,spike,W2p_split_f1,identical,256,0.85829,0.85777,0.82721,0.85647,0.85647,0.8591,0.85855,0.82829,0.99906,0.99909,-0.00263,-0.00263
pca,machine-3-7,0,spike,W2p_split_f1,identical,1024,1.02,1.01979,0.97712,1.01928,1.01928,1.0206,1.02035,0.97803,0.99941,0.99945,-0.00132,-0.00132
pca,machine-3-7,0,spike,W2p_split_f1,variant,64,0.8854,0.8844,0.87594,0.88116,0.88116,0.88927,0.88745,0.87989,0.99565,0.99656,-0.0081,-0.0081
pca,machine-3-7,0,spike,W2p_split_f1,variant,256,0.86637,0.86593,0.83457,0.86435,0.86435,0.86702,0.86646,0.83548,0.99925,0.99939,-0.00266,-0.00266
pca,machine-3-7,0,spike,W2p_split_f1,variant,1024,0.96981,0.96961,0.92609,0.96881,0.96881,0.97005,0.96982,0.92661,0.99975,0.99978,-0.00124,-0.00124
pca,machine-3-7,0,spike,W2s_f0995,identical,64,-10.46523,-10.02464,-7.04652,-8.87266,-9.44078,-11.54706,-10.85651,-8.00157,0.90631,0.92338,2.10628,2.6744
pca,machine-3-7,0,spike,W2s_f0995,identical,256,-20.04086,-19.89885,-6.8548,-19.46675,-20.41405,-20.21619,-20.0485,-7.18006,0.99133,0.99254,-0.19786,0.74945
pca,machine-3-7,0,spike,W2s_f0995,identical,1024,-17.35436,-17.355,-6.52458,-17.35459,-17.37077,-17.35507,-17.35538,-6.89544,0.99996,0.99998,-0.0157,0.00049
pca,machine-3-7,0,spike,W2s_f0995,variant,64,-11.34322,-10.90679,-7.7179,-9.54216,-10.14553,-12.41191,-11.70336,-8.66264,0.9139,0.93194,2.26638,2.86976
pca,machine-3-7,0,spike,W2s_f0995,variant,256,-20.70303,-20.59008,-6.97811,-20.09576,-21.08115,-20.86352,-20.69937,-7.35468,0.99231,0.99472,-0.21762,0.76776
pca,machine-3-7,0,spike,W2s_f0995,variant,1024,-18.27595,-18.27594,-6.76045,-18.27634,-18.2937,-18.27767,-18.27786,-7.21597,0.99991,0.99989,-0.01603,0.00133
pca,machine-3-7,0,spike,W2s_f1,identical,64,0.89205,0.89909,0.94026,0.90584,0.90584,0.86577,0.88253,0.91924,1.03035,1.01876,0.04006,0.04006
pca,machine-3-7,0,spike,W2s_f1,identical,256,-0.08564,-0.06316,0.82143,0.01862,0.01862,-0.1027,-0.07594,0.81572,0.83391,0.83178,0.12132,0.12132
pca,machine-3-7,0,spike,W2s_f1,identical,1024,-0.16669,-0.16106,1.09546,-0.13489,-0.13489,-0.17263,-0.16517,1.09495,0.9656,0.9751,0.03774,0.03774
pca,machine-3-7,0,spike,W2s_f1,variant,64,0.92846,0.93573,0.9738,0.9289,0.9289,0.8923,0.90894,0.94316,1.04053,1.02948,0.0366,0.0366
pca,machine-3-7,0,spike,W2s_f1,variant,256,-0.08044,-0.05718,0.84019,0.01803,0.01803,-0.10587,-0.07808,0.82462,0.75979,0.73227,0.1239,0.1239
pca,machine-3-7,0,spike,W2s_f1,variant,1024,-0.31357,-0.30725,1.0921,-0.28223,-0.28223,-0.32451,-0.31624,1.08404,0.96628,0.97156,0.04228,0.04228
pca,machine-3-7,0,spike,W3_b01,identical,64,1.96053,1.95965,1.62821,2.11637,,2.11782,2.11226,2.01659,0.92573,0.92775,,-0.00144
pca,machine-3-7,0,spike,W3_b01,identical,256,2.04711,2.04602,1.65363,2.13907,,2.13984,2.13999,1.9283,0.95667,0.95609,,-0.00076
pca,machine-3-7,0,spike,W3_b01,identical,1024,1.99912,1.99936,1.47105,2.0427,,2.04344,2.04349,1.67119,0.97831,0.97841,,-0.00074
pca,machine-3-7,0,spike,W3_b01,variant,64,2.05556,2.06839,1.74768,2.11556,,2.12105,2.11379,2.02057,0.96912,0.97852,,-0.00548
pca,machine-3-7,0,spike,W3_b01,variant,256,2.10476,2.11222,1.74562,2.12099,,2.12387,2.1235,1.91105,0.991,0.99469,,-0.00287
pca,machine-3-7,0,spike,W3_b01,variant,1024,2.04396,2.04636,1.52981,2.05396,,2.05397,2.05421,1.64989,0.99513,0.99618,,-0.0
pca,machine-3-7,0,spike,W3_b05,identical,64,1.6388,1.61497,0.95443,1.93532,,1.96884,1.9618,1.87024,0.83237,0.82321,,-0.03351
pca,machine-3-7,0,spike,W3_b05,identical,256,1.80324,1.79707,1.11064,1.93037,,1.93103,1.93139,1.71205,0.93382,0.93046,,-0.00066
pca,machine-3-7,0,spike,W3_b05,identical,1024,1.85014,1.84866,0.96957,1.87897,,1.87884,1.87907,1.41909,0.98472,0.98382,,0.00013
pca,machine-3-7,0,spike,W3_b05,variant,64,1.89207,1.92685,1.2988,1.96854,,2.01593,2.00982,1.92218,0.93856,0.95872,,-0.04738
pca,machine-3-7,0,spike,W3_b05,variant,256,1.90709,1.92701,1.39047,1.93799,,1.93908,1.94188,1.71689,0.9835,0.99234,,-0.00109
pca,machine-3-7,0,spike,W3_b05,variant,1024,1.90689,1.9108,1.19797,1.90926,,1.90828,1.90852,1.40498,0.99927,1.0012,,0.00098
relu,machine-1-6,11,burst,W1,identical,64,0.99252,0.93809,0.05292,3.35014,,3.36651,3.36028,3.22524,0.29482,0.27917,,-0.01637
relu,machine-1-6,11,burst,W1,identical,256,2.31675,2.29009,1.362,3.47915,,3.46941,3.47726,2.79378,0.66776,0.65859,,0.00974
relu,machine-1-6,11,burst,W1,identical,1024,3.23309,3.2124,2.29857,3.49239,,3.49226,3.49213,2.67944,0.92579,0.9199,,0.00014
relu,machine-1-6,11,burst,W1,variant,64,0.91184,0.98763,0.08031,1.5384,,1.5696,1.55622,1.44884,0.58094,0.63463,,-0.03121
relu,machine-1-6,11,burst,W1,variant,256,1.51813,1.53694,0.79563,1.68213,,1.67384,1.68127,1.18381,0.90697,0.91416,,0.00829
relu,machine-1-6,11,burst,W1,variant,1024,1.64194,1.64335,0.98803,1.65344,,1.65474,1.65568,1.04849,0.99226,0.99256,,-0.0013
relu,machine-1-6,11,burst,W2_f0995,identical,64,2.34503,2.27293,1.9415,2.79188,2.83985,3.03158,2.98581,2.801,0.77353,0.76124,-0.19173,-0.2397
relu,machine-1-6,11,burst,W2_f0995,identical,256,3.11291,3.10104,2.15419,3.30716,3.31876,3.31266,3.31196,2.85842,0.9397,0.93631,0.0061,-0.0055
relu,machine-1-6,11,burst,W2_f0995,identical,1024,3.33388,3.33359,1.93258,3.33736,3.33766,3.33788,3.33775,2.46575,0.9988,0.99875,-0.00021,-0.00052
relu,machine-1-6,11,burst,W2_f0995,variant,64,0.82561,0.78183,0.58216,1.19435,1.22198,1.33797,1.30984,1.20476,0.61706,0.59689,-0.11599,-0.14363
relu,machine-1-6,11,burst,W2_f0995,variant,256,1.36731,1.35738,0.74794,1.514,1.52248,1.52175,1.52027,1.25471,0.89851,0.89285,0.00073,-0.00775
relu,machine-1-6,11,burst,W2_f0995,variant,1024,1.50425,1.50402,0.60696,1.5069,1.50713,1.50731,1.50721,0.98877,0.99797,0.99789,-0.00018,-0.00041
relu,machine-1-6,11,burst,W2_f1,identical,64,2.32597,2.32452,2.31735,2.33855,2.33855,2.34713,2.34523,2.33862,0.99098,0.99117,-0.00858,-0.00858
relu,machine-1-6,11,burst,W2_f1,identical,256,2.47662,2.47559,2.43827,2.48873,2.48873,2.49437,2.49313,2.45654,0.99288,0.99296,-0.00564,-0.00564
relu,machine-1-6,11,burst,W2_f1,identical,1024,2.4358,2.4353,2.34917,2.44724,2.44724,2.44926,2.44874,2.36414,0.99451,0.99451,-0.00202,-0.00202
relu,machine-1-6,11,burst,W2_f1,variant,64,0.92273,0.92202,0.91819,0.93281,0.93281,0.93748,0.93643,0.933,0.98427,0.98461,-0.00467,-0.00467
relu,machine-1-6,11,burst,W2_f1,variant,256,1.01582,1.01527,0.99556,1.02513,1.02513,1.02836,1.02764,1.0084,0.98781,0.98797,-0.00323,-0.00323
relu,machine-1-6,11,burst,W2_f1,variant,1024,0.96444,0.96414,0.91915,0.97256,0.97256,0.97378,0.97346,0.92944,0.99041,0.99042,-0.00122,-0.00122
relu,machine-1-6,11,burst,W3_b01,identical,64,3.23842,2.88862,0.69541,3.7203,,3.73521,3.73309,3.51485,0.867,0.77379,,-0.01491
relu,machine-1-6,11,burst,W3_b01,identical,256,3.29888,3.02598,1.00935,3.59899,,3.60036,3.59851,3.07065,0.91626,0.8409,,-0.00137
relu,machine-1-6,11,burst,W3_b01,identical,1024,3.29653,3.07531,0.98334,3.53374,,3.54421,3.54254,2.53097,0.93012,0.86811,,-0.01047
relu,machine-1-6,11,burst,W3_b01,variant,64,1.47718,1.25723,-0.53958,1.7745,,1.78431,1.78161,1.65349,0.82787,0.70567,,-0.00981
relu,machine-1-6,11,burst,W3_b01,variant,256,1.51172,1.35375,-0.11029,1.67477,,1.67511,1.6735,1.38604,0.90246,0.80894,,-0.00034
relu,machine-1-6,11,burst,W3_b01,variant,1024,1.52125,1.39959,-0.04106,1.65389,,1.6606,1.66012,1.02977,0.91608,0.84306,,-0.00671
relu,machine-1-6,11,burst,W3_b05,identical,64,4.35124,3.58969,3.27817,3.99092,,4.02334,4.01049,3.42704,1.0815,0.89507,,-0.03242
relu,machine-1-6,11,burst,W3_b05,identical,256,3.78401,3.04147,2.2536,3.36357,,3.34479,3.34553,2.13166,1.13131,0.90911,,0.01878
relu,machine-1-6,11,burst,W3_b05,identical,1024,3.79621,3.28582,1.36829,3.48334,,3.5441,3.53251,1.25654,1.07114,0.93017,,-0.06076
relu,machine-1-6,11,burst,W3_b05,variant,64,2.14378,1.73305,1.39093,1.95412,,1.9776,1.96608,1.68352,1.08403,0.88147,,-0.02348
relu,machine-1-6,11,burst,W3_b05,variant,256,1.76441,1.33504,0.87574,1.51107,,1.50227,1.49649,0.88366,1.1745,0.89212,,0.0088
relu,machine-1-6,11,burst,W3_b05,variant,1024,1.7361,1.47407,0.41897,1.57422,,1.60862,1.60293,0.40481,1.07924,0.91961,,-0.03441
relu,machine-1-6,11,spike,W1,identical,64,0.55349,0.56217,0.50449,0.6489,,0.71893,0.7077,0.67437,0.76989,0.79437,,-0.07002
relu,machine-1-6,11,spike,W1,identical,256,0.81887,0.81887,0.51001,0.82315,,0.81895,0.81895,0.5606,0.99991,0.99991,,0.0042
relu,machine-1-6,11,spike,W1,identical,1024,0.70959,0.70946,0.54318,0.7334,,0.72429,0.72626,0.62506,0.9797,0.97686,,0.00911
relu,machine-1-6,11,spike,W1,variant,64,0.67781,0.67638,0.63762,0.64982,,0.71415,0.70766,0.68531,0.94911,0.9558,,-0.06432
relu,machine-1-6,11,spike,W1,variant,256,0.7637,0.76443,0.57722,0.76438,,0.76345,0.76368,0.57678,1.00033,1.00098,,0.00093
relu,machine-1-6,11,spike,W1,variant,1024,0.77967,0.77678,0.55888,0.75495,,0.74285,0.74054,0.60323,1.04957,1.04895,,0.0121
relu,machine-1-6,11,spike,W2_f0995,identical,64,0.4895,0.47952,0.43149,0.44522,0.45621,0.49355,0.48361,0.43644,0.9918,0.99156,-0.03734,-0.04833
relu,machine-1-6,11,spike,W2_f0995,identical,256,0.57874,0.5785,0.40468,0.58006,0.58736,0.58022,0.58006,0.40907,0.99744,0.9973,0.00714,-0.00016
relu,machine-1-6,11,spike,W2_f0995,identical,1024,0.53308,0.53307,0.47419,0.53306,0.53301,0.5331,0.5331,0.47781,0.99995,0.99995,-0.0001,-5e-05
relu,machine-1-6,11,spike,W2_f0995,variant,64,0.50641,0.49515,0.44507,0.45321,0.46501,0.50668,0.49536,0.44561,0.99946,0.99958,-0.04167,-0.05348
relu,machine-1-6,11,spike,W2_f0995,variant,256,0.55833,0.55781,0.3872,0.55703,0.56473,0.55835,0.55784,0.38748,0.99997,0.99995,0.00638,-0.00132
relu,machine-1-6,11,spike,W2_f0995,variant,1024,0.54261,0.5426,0.47365,0.54252,0.5425,0.54261,0.5426,0.47378,1.0,1.0,-0.00012,-9e-05
relu,machine-1-6,11,spike,W2_f1,identical,64,0.36786,0.36757,0.36641,0.36659,0.36659,0.36799,0.36769,0.36653,0.99966,0.99968,-0.00139,-0.00139
relu,machine-1-6,11,spike,W2_f1,identical,256,0.39989,0.39969,0.39243,0.39908,0.39908,0.4,0.3998,0.39254,0.99973,0.99973,-0.00092,-0.00092
relu,machine-1-6,11,spike,W2_f1,identical,1024,0.39864,0.39852,0.38361,0.39806,0.39806,0.39872,0.39861,0.38371,0.99978,0.99979,-0.00066,-0.00066
relu,machine-1-6,11,spike,W2_f1,variant,64,0.38247,0.38214,0.3809,0.38096,0.38096,0.38249,0.38216,0.38092,0.99995,0.99995,-0.00153,-0.00153
relu,machine-1-6,11,spike,W2_f1,variant,256,0.38175,0.38154,0.37437,0.38082,0.38082,0.38176,0.38155,0.37438,0.99997,0.99997,-0.00094,-0.00094
relu,machine-1-6,11,spike,W2_f1,variant,1024,0.40181,0.40168,0.38619,0.40109,0.40109,0.40182,0.40169,0.38621,0.99997,0.99997,-0.00073,-0.00073
relu,machine-1-6,11,spike,W3_b01,identical,64,0.76934,0.76954,0.71654,0.77761,,0.77605,0.77649,0.74218,0.99135,0.99106,,0.00156
relu,machine-1-6,11,spike,W3_b01,identical,256,0.88015,0.88045,0.50666,0.88776,,0.88679,0.88695,0.53169,0.99251,0.99267,,0.00097
relu,machine-1-6,11,spike,W3_b01,identical,1024,0.75461,0.75451,0.493,0.75863,,0.75955,0.75929,0.51088,0.9935,0.9937,,-0.00091
relu,machine-1-6,11,spike,W3_b01,variant,64,0.79119,0.79146,0.77055,0.79351,,0.79174,0.7919,0.76657,0.9993,0.99944,,0.00177
relu,machine-1-6,11,spike,W3_b01,variant,256,0.88251,0.88265,0.53634,0.88406,,0.88242,0.88253,0.53711,1.0001,1.00013,,0.00164
relu,machine-1-6,11,spike,W3_b01,variant,1024,0.74446,0.74427,0.51277,0.74388,,0.74492,0.74465,0.50967,0.99937,0.9995,,-0.00105
relu,machine-1-6,11,spike,W3_b05,identical,64,0.51485,0.51494,0.46266,0.5422,,0.53664,0.53645,0.48234,0.95941,0.95991,,0.00556
relu,machine-1-6,11,spike,W3_b05,identical,256,0.65711,0.65826,0.19027,0.6891,,0.68322,0.68495,0.20334,0.96178,0.96103,,0.00588
relu,machine-1-6,11,spike,W3_b05,identical,1024,0.49948,0.49939,0.13482,0.51268,,0.51315,0.51291,0.14602,0.97337,0.97364,,-0.00046
relu,machine-1-6,11,spike,W3_b05,variant,64,0.56843,0.56674,0.54115,0.57108,,0.56626,0.56593,0.52563,1.00384,1.00144,,0.00482
relu,machine-1-6,11,spike,W3_b05,variant,256,0.67951,0.67992,0.26909,0.68489,,0.67815,0.6794,0.25933,1.00202,1.00077,,0.00674
relu,machine-1-6,11,spike,W3_b05,variant,1024,0.53248,0.53249,0.21446,0.53038,,0.53218,0.53237,0.2028,1.00055,1.00024,,-0.00181
relu,machine-1-6,22,burst,W1,identical,64,0.95964,0.92222,0.02659,3.37258,,3.382,3.38061,3.15593,0.28375,0.2728,,-0.00941
relu,machine-1-6,22,burst,W1,identical,256,2.29112,2.27311,1.36212,3.40833,,3.40137,3.40357,2.71122,0.67359,0.66786,,0.00696
relu,machine-1-6,22,burst,W1,identical,1024,3.14064,3.13652,2.38842,3.38391,,3.38365,3.38365,2.72458,0.92818,0.92696,,0.00026
relu,machine-1-6,22,burst,W1,variant,64,0.91671,0.98448,0.09908,1.55942,,1.5614,1.55874,1.41645,0.58711,0.63159,,-0.00197
relu,machine-1-6,22,burst,W1,variant,256,1.51048,1.52259,0.81973,1.58561,,1.57906,1.57975,1.08604,0.95657,0.96382,,0.00656
relu,machine-1-6,22,burst,W1,variant,1024,1.60036,1.60076,0.98827,1.61244,,1.61437,1.61249,1.09107,0.99132,0.99273,,-0.00193
relu,machine-1-6,22,burst,W2_f0995,identical,64,2.37057,2.29726,1.94229,2.85176,2.90146,3.09077,3.04668,2.8569,0.76698,0.75402,-0.18931,-0.239
relu,machine-1-6,22,burst,W2_f0995,identical,256,3.12354,3.11215,2.15681,3.32735,3.33533,3.32684,3.32742,2.90111,0.93889,0.9353,0.00848,0.00051
relu,machine-1-6,22,burst,W2_f0995,identical,1024,3.33178,3.3315,1.99124,3.33553,3.33576,3.33602,3.3359,2.52927,0.99873,0.99868,-0.00026,-0.00049
relu,machine-1-6,22,burst,W2_f0995,variant,64,0.83692,0.7916,0.57286,1.23031,1.25926,1.37523,1.34753,1.23876,0.60857,0.58745,-0.11597,-0.14493
relu,machine-1-6,22,burst,W2_f0995,variant,256,1.37638,1.36667,0.74771,1.52665,1.53315,1.5309,1.53013,1.28189,0.89906,0.89317,0.00225,-0.00425
relu,machine-1-6,22,burst,W2_f0995,variant,1024,1.50175,1.50154,0.62949,1.50457,1.50475,1.50495,1.50486,1.02311,0.99787,0.99779,-0.0002,-0.00038
relu,machine-1-6,22,burst,W2_f1,identical,64,2.32975,2.32821,2.31975,2.34438,2.34438,2.35416,2.35199,2.34431,0.98963,0.98989,-0.00978,-0.00978
relu,machine-1-6,22,burst,W2_f1,identical,256,2.488,2.48693,2.44391,2.50187,2.50187,2.50812,2.50674,2.46473,0.99198,0.9921,-0.00625,-0.00625
relu,machine-1-6,22,burst,W2_f1,identical,1024,2.46411,2.46357,2.36414,2.47688,2.47688,2.47913,2.47856,2.38109,0.99394,0.99395,-0.00224,-0.00224
relu,machine-1-6,22,burst,W2_f1,variant,64,0.92074,0.92002,0.91545,0.9325,0.9325,0.93786,0.93664,0.93265,0.98175,0.98226,-0.00535,-0.00535
relu,machine-1-6,22,burst,W2_f1,variant,256,1.01906,1.0185,0.99574,1.02962,1.02962,1.03323,1.03241,1.01033,0.98629,0.98653,-0.0036,-0.0036
relu,machine-1-6,22,burst,W2_f1,variant,1024,0.97854,0.97823,0.9257,0.98759,0.98759,0.98895,0.98859,0.93734,0.98948,0.98951,-0.00136,-0.00136
relu,machine-1-6,22,burst,W3_b01,identical,64,3.23966,2.84724,0.6483,3.80148,,3.82642,3.83447,3.642,0.84665,0.74254,,-0.02494
relu,machine-1-6,22,burst,W3_b01,identical,256,3.53294,3.22919,1.12539,3.86335,,3.86064,3.86783,3.31885,0.91512,0.83488,,0.00272
relu,machine-1-6,22,burst,W3_b01,identical,1024,3.26948,3.01701,1.11056,3.56301,,3.56548,3.56827,2.75741,0.91698,0.84551,,-0.00247
relu,machine-1-6,22,burst,W3_b01,variant,64,1.46773,1.22022,-0.57453,1.81705,,1.83854,1.8425,1.75746,0.79831,0.66226,,-0.02149
relu,machine-1-6,22,burst,W3_b01,variant,256,1.70919,1.52995,-0.04568,1.87166,,1.86941,1.87395,1.57329,0.91429,0.81643,,0.00225
relu,machine-1-6,22,burst,W3_b01,variant,1024,1.44382,1.30158,0.05982,1.60891,,1.61005,1.61145,1.20964,0.89675,0.80771,,-0.00114
relu,machine-1-6,22,burst,W3_b05,identical,64,4.61787,3.69799,3.43089,4.14322,,4.16068,4.18935,3.67324,1.10988,0.88271,,-0.01746
relu,machine-1-6,22,burst,W3_b05,identical,256,4.32192,3.4747,2.93453,3.91379,,3.84128,3.89052,3.01716,1.12513,0.89312,,0.07252
relu,machine-1-6,22,burst,W3_b05,identical,1024,3.69099,3.14303,2.12155,3.36078,,3.3988,3.3919,2.10908,1.08597,0.92663,,-0.03801
relu,machine-1-6,22,burst,W3_b05,variant,64,2.30634,1.77652,1.49137,2.03253,,2.05384,2.07037,1.88397,1.12294,0.85807,,-0.0213
relu,machine-1-6,22,burst,W3_b05,variant,256,2.12202,1.62527,1.2796,1.86363,,1.83241,1.85407,1.48485,1.15805,0.8766,,0.03121
relu,machine-1-6,22,burst,W3_b05,variant,1024,1.61057,1.30984,0.89021,1.41788,,1.44285,1.43446,0.97804,1.11624,0.91312,,-0.02497
relu,machine-1-6,22,spike,W1,identical,64,0.64603,0.62915,0.45606,0.7562,,0.72979,0.72645,0.66199,0.88523,0.86606,,0.02641
relu,machine-1-6,22,spike,W1,identical,256,0.79925,0.79925,0.49203,0.80233,,0.80234,0.80234,0.59088,0.99615,0.99615,,-1e-05
relu,machine-1-6,22,spike,W1,identical,1024,0.76068,0.75306,0.55594,0.76536,,0.79133,0.7829,0.64451,0.96126,0.96189,,-0.02598
relu,machine-1-6,22,spike,W1,variant,64,0.68829,0.67635,0.57391,0.69731,,0.69782,0.68464,0.6248,0.98635,0.98788,,-0.00051
relu,machine-1-6,22,spike,W1,variant,256,0.73823,0.73823,0.51108,0.73791,,0.73739,0.73739,0.55233,1.00113,1.00113,,0.00051
relu,machine-1-6,22,spike,W1,variant,1024,0.77737,0.77562,0.55763,0.76983,,0.79754,0.78986,0.55311,0.97472,0.98197,,-0.02771
relu,machine-1-6,22,spike,W2_f0995,identical,64,0.5014,0.49108,0.43966,0.45562,0.46742,0.50597,0.49571,0.44547,0.99096,0.99065,-0.03855,-0.05034
relu,machine-1-6,22,spike,W2_f0995,identical,256,0.58672,0.58675,0.41072,0.58928,0.5957,0.5882,0.58831,0.41574,0.99749,0.99736,0.00751,0.00109
relu,machine-1-6,22,spike,W2_f0995,identical,1024,0.52983,0.52983,0.48622,0.52981,0.52976,0.52986,0.52986,0.48976,0.99994,0.99994,-0.0001,-5e-05
relu,machine-1-6,22,spike,W2_f0995,variant,64,0.51829,0.50673,0.45378,0.46278,0.47535,0.51883,0.5072,0.45476,0.99896,0.99908,-0.04348,-0.05605
relu,machine-1-6,22,spike,W2_f0995,variant,256,0.56507,0.56473,0.392,0.56447,0.5715,0.56505,0.56472,0.39246,1.00003,1.00002,0.00645,-0.00058
relu,machine-1-6,22,spike,W2_f0995,variant,1024,0.54186,0.54185,0.48649,0.54178,0.54175,0.54186,0.54185,0.4861,0.99999,0.99999,-0.00012,-8e-05
relu,machine-1-6,22,spike,W2_f1,identical,64,0.37165,0.37131,0.36994,0.37019,0.37019,0.37181,0.37146,0.3701,0.99958,0.9996,-0.00162,-0.00162
relu,machine-1-6,22,spike,W2_f1,identical,256,0.40527,0.40504,0.39655,0.40435,0.40435,0.4054,0.40517,0.39668,0.99967,0.99969,-0.00104,-0.00104
relu,machine-1-6,22,spike,W2_f1,identical,1024,0.39649,0.39637,0.38002,0.39591,0.39591,0.39659,0.39647,0.38014,0.99975,0.99975,-0.00068,-0.00068
relu,machine-1-6,22,spike,W2_f1,variant,64,0.3839,0.38354,0.38217,0.38222,0.38222,0.38394,0.38357,0.3822,0.99991,0.99992,-0.00171,-0.00171
relu,machine-1-6,22,spike,W2_f1,variant,256,0.38416,0.38393,0.37588,0.38315,0.38315,0.38418,0.38395,0.3759,0.99995,0.99996,-0.00103,-0.00103
relu,machine-1-6,22,spike,W2_f1,variant,1024,0.40107,0.40094,0.38412,0.40035,0.40035,0.40109,0.40095,0.38414,0.99996,0.99997,-0.00074,-0.00074
relu,machine-1-6,22,spike,W3_b01,identical,64,0.78703,0.7866,0.74164,0.79642,,0.79493,0.79499,0.76924,0.99007,0.98945,,0.0015
relu,machine-1-6,22,spike,W3_b01,identical,256,0.89952,0.89957,0.52433,0.90703,,0.90805,0.90788,0.55193,0.99061,0.99085,,-0.00102
relu,machine-1-6,22,spike,W3_b01,identical,1024,0.77303,0.77307,0.50381,0.77889,,0.77889,0.77876,0.52501,0.99247,0.9927,,-1e-05
relu,machine-1-6,22,spike,W3_b01,variant,64,0.81474,0.81568,0.79154,0.81642,,0.81576,0.81641,0.79327,0.99875,0.9991,,0.00066
relu,machine-1-6,22,spike,W3_b01,variant,256,0.89921,0.8992,0.563,0.90027,,0.89988,0.89975,0.56834,0.99926,0.9994,,0.00039
relu,machine-1-6,22,spike,W3_b01,variant,1024,0.76402,0.76426,0.5352,0.76455,,0.76465,0.76475,0.53579,0.99918,0.99937,,-0.0001
relu,machine-1-6,22,spike,W3_b05,identical,64,0.57074,0.56786,0.53008,0.59893,,0.59757,0.59481,0.56229,0.9551,0.9547,,0.00137
relu,machine-1-6,22,spike,W3_b05,identical,256,0.71631,0.71624,0.28495,0.74581,,0.74801,0.74873,0.30489,0.95762,0.95661,,-0.00219
relu,machine-1-6,22,spike,W3_b05,identical,1024,0.51732,0.51714,0.19242,0.533,,0.53118,0.53127,0.2132,0.97391,0.97341,,0.00182
relu,machine-1-6,22,spike,W3_b05,variant,64,0.58389,0.58429,0.57477,0.58376,,0.58604,0.58493,0.57029,0.99633,0.99892,,-0.00228
relu,machine-1-6,22,spike,W3_b05,variant,256,0.7139,0.71412,0.32474,0.71614,,0.71221,0.71269,0.31387,1.00238,1.00201,,0.00394
relu,machine-1-6,22,spike,W3_b05,variant,1024,0.56335,0.56407,0.23933,0.56545,,0.56566,0.56662,0.24241,0.9959,0.99551,,-0.00022
relu,machine-1-6,33,burst,W1,identical,64,0.93841,0.91294,0.03563,3.33147,,3.34549,3.3282,3.19591,0.2805,0.27431,,-0.01402
relu,machine-1-6,33,burst,W1,identical,256,2.32864,2.30753,1.28506,3.427,,3.42673,3.42732,2.75658,0.67955,0.67327,,0.00027
relu,machine-1-6,33,burst,W1,identical,1024,3.18947,3.18597,2.29442,3.50821,,3.50465,3.50465,2.69556,0.91007,0.90907,,0.00356
relu,machine-1-6,33,burst,W1,variant,64,0.87841,0.9154,0.14138,1.61259,,1.59787,1.58301,1.49807,0.54974,0.57827,,0.01472
relu,machine-1-6,33,burst,W1,variant,256,1.51446,1.52543,0.76834,1.59537,,1.59455,1.59489,1.17743,0.94977,0.95645,,0.00082
relu,machine-1-6,33,burst,W1,variant,1024,1.70456,1.70456,1.08559,1.68138,,1.67737,1.67762,1.11616,1.01621,1.01606,,0.00401
relu,machine-1-6,33,burst,W2_f0995,identical,64,2.35294,2.27965,1.9256,2.82168,2.87153,3.06469,3.01891,2.82443,0.76776,0.75513,-0.19316,-0.24301
relu,machine-1-6,33,burst,W2_f0995,identical,256,3.13066,3.11915,2.15666,3.32751,3.33761,3.33077,3.33076,2.87031,0.93992,0.93647,0.00684,-0.00326
relu,machine-1-6,33,burst,W2_f0995,identical,1024,3.34187,3.34158,2.02599,3.34537,3.34563,3.34587,3.34575,2.54086,0.9988,0.99875,-0.00024,-0.0005
relu,machine-1-6,33,burst,W2_f0995,variant,64,0.82225,0.77763,0.56168,1.20591,1.23472,1.35192,1.32336,1.21161,0.60821,0.58762,-0.11719,-0.146
relu,machine-1-6,33,burst,W2_f0995,variant,256,1.37667,1.36699,0.7499,1.52372,1.53137,1.52989,1.52886,1.26032,0.89985,0.89413,0.00148,-0.00617
relu,machine-1-6,33,burst,W2_f0995,variant,1024,1.51009,1.50987,0.65967,1.51271,1.51291,1.5131,1.513,1.0308,0.99802,0.99793,-0.00019,-0.00039
relu,machine-1-6,33,burst,W2_f1,identical,64,2.33477,2.33331,2.32531,2.34886,2.34886,2.35808,2.35605,2.34875,0.99011,0.99035,-0.00922,-0.00922
relu,machine-1-6,33,burst,W2_f1,identical,256,2.48338,2.48232,2.44189,2.49634,2.49634,2.50232,2.50101,2.46144,0.99243,0.99253,-0.00598,-0.00598
relu,machine-1-6,33,burst,W2_f1,identical,1024,2.47282,2.47226,2.37837,2.48482,2.48482,2.48705,2.48647,2.39436,0.99428,0.99429,-0.00223,-0.00223
relu,machine-1-6,33,burst,W2_f1,variant,64,0.91899,0.9183,0.91398,0.9302,0.9302,0.93523,0.9341,0.9303,0.98264,0.98308,-0.00503,-0.00503
relu,machine-1-6,33,burst,W2_f1,variant,256,1.01406,1.01349,0.99208,1.02392,1.02392,1.02738,1.0266,1.00576,0.98704,0.98723,-0.00346,-0.00346
relu,machine-1-6,33,burst,W2_f1,variant,1024,0.98512,0.98479,0.93528,0.99354,0.99354,0.99489,0.99453,0.94616,0.99018,0.99021,-0.00134,-0.00134
relu,machine-1-6,33,burst,W3_b01,identical,64,3.27874,2.88197,0.61601,3.83458,,3.83364,3.84246,3.59301,0.85525,0.75003,,0.00093
relu,machine-1-6,33,burst,W3_b01,identical,256,3.44209,3.14622,1.1322,3.75322,,3.75596,3.76157,3.21658,0.91643,0.83641,,-0.00274
relu,machine-1-6,33,burst,W3_b01,identical,1024,3.36314,3.10662,1.20656,3.66015,,3.66534,3.66687,2.72614,0.91755,0.84721,,-0.00518
relu,machine-1-6,33,burst,W3_b01,variant,64,1.49934,1.24596,-0.62009,1.84126,,1.84106,1.84604,1.69713,0.81439,0.67494,,0.00019
relu,machine-1-6,33,burst,W3_b01,variant,256,1.63916,1.46499,-0.0227,1.80623,,1.80862,1.81196,1.51516,0.9063,0.80851,,-0.00239
relu,machine-1-6,33,burst,W3_b01,variant,1024,1.56995,1.42477,0.1146,1.74312,,1.7467,1.74747,1.16749,0.89881,0.81533,,-0.00359
relu,machine-1-6,33,burst,W3_b05,identical,64,4.66108,3.76283,3.30841,4.16734,,4.16486,4.1927,3.47866,1.11914,0.89747,,0.00247
relu,machine-1-6,33,burst,W3_b05,identical,256,4.33624,3.51217,2.86152,3.80756,,3.75928,3.80113,2.76924,1.15348,0.92398,,0.04827
relu,machine-1-6,33,burst,W3_b05,identical,1024,4.12518,3.52767,1.93932,3.78979,,3.81914,3.81966,1.68785,1.08013,0.92356,,-0.02935
relu,machine-1-6,33,burst,W3_b05,variant,64,2.33728,1.82241,1.3358,2.0609,,2.06744,2.0818,1.65126,1.13052,0.8754,,-0.00653
relu,machine-1-6,33,burst,W3_b05,variant,256,2.13929,1.65569,1.30337,1.8073,,1.79282,1.80905,1.34805,1.19326,0.91523,,0.01448
relu,machine-1-6,33,burst,W3_b05,variant,1024,1.94372,1.61282,0.72592,1.77862,,1.796,1.79655,0.62882,1.08225,0.89773,,-0.01738
relu,machine-1-6,33,spike,W1,identical,64,0.50156,0.5188,0.53237,0.63432,,0.70878,0.68831,0.65109,0.70764,0.75373,,-0.07446
relu,machine-1-6,33,spike,W1,identical,256,0.7678,0.76805,0.49769,0.77549,,0.77084,0.77042,0.55655,0.99606,0.99693,,0.00465
relu,machine-1-6,33,spike,W1,identical,1024,0.71868,0.71647,0.5036,0.72475,,0.6972,0.69724,0.56759,1.0308,1.02757,,0.02755
relu,machine-1-6,33,spike,W1,variant,64,0.61367,0.61222,0.65619,0.62282,,0.70377,0.68848,0.66074,0.87197,0.88924,,-0.08095
relu,machine-1-6,33,spike,W1,variant,256,0.76871,0.76846,0.54193,0.76668,,0.76936,0.76936,0.54568,0.99914,0.99882,,-0.00269
relu,machine-1-6,33,spike,W1,variant,1024,0.75333,0.75302,0.53799,0.75653,,0.72922,0.73153,0.56265,1.03306,1.02938,,0.02731
relu,machine-1-6,33,spike,W2_f0995,identical,64,0.49636,0.48601,0.43555,0.45061,0.46212,0.50065,0.49033,0.44094,0.99144,0.9912,-0.03852,-0.05003
relu,machine-1-6,33,spike,W2_f0995,identical,256,0.58573,0.58564,0.40766,0.58772,0.59454,0.58718,0.58717,0.41227,0.99753,0.99739,0.00736,0.00054
relu,machine-1-6,33,spike,W2_f0995,identical,1024,0.54097,0.54097,0.47864,0.54095,0.5409,0.541,0.541,0.4823,0.99995,0.99994,-0.0001,-5e-05
relu,machine-1-6,33,spike,W2_f0995,variant,64,0.51313,0.50159,0.44978,0.45823,0.47048,0.5135,0.50186,0.45053,0.99928,0.99945,-0.04302,-0.05527
relu,machine-1-6,33,spike,W2_f0995,variant,256,0.56358,0.56318,0.39162,0.56279,0.57005,0.56355,0.56315,0.39193,1.00006,1.00005,0.0065,-0.00076
relu,machine-1-6,33,spike,W2_f0995,variant,1024,0.55141,0.5514,0.47844,0.55132,0.55128,0.55141,0.5514,0.47858,1.0,1.0,-0.00013,-9e-05
relu,machine-1-6,33,spike,W2_f1,identical,64,0.37346,0.37313,0.37183,0.37205,0.37205,0.3736,0.37327,0.37197,0.99961,0.99963,-0.00155,-0.00155
relu,machine-1-6,33,spike,W2_f1,identical,256,0.40728,0.40707,0.39901,0.40642,0.40642,0.4074,0.40718,0.39913,0.9997,0.99971,-0.00098,-0.00098
relu,machine-1-6,33,spike,W2_f1,identical,1024,0.40474,0.40462,0.38819,0.40415,0.40415,0.40484,0.40472,0.3883,0.99977,0.99977,-0.00069,-0.00069
relu,machine-1-6,33,spike,W2_f1,variant,64,0.38791,0.38756,0.38622,0.38628,0.38628,0.38794,0.38759,0.38625,0.99992,0.99994,-0.00167,-0.00167
relu,machine-1-6,33,spike,W2_f1,variant,256,0.38795,0.38773,0.38008,0.38698,0.38698,0.38797,0.38774,0.38009,0.99996,0.99997,-0.00098,-0.00098
relu,machine-1-6,33,spike,W2_f1,variant,1024,0.40666,0.40653,0.38991,0.40592,0.40592,0.40668,0.40654,0.38993,0.99997,0.99997,-0.00075,-0.00075
relu,machine-1-6,33,spike,W3_b01,identical,64,0.75557,0.75551,0.71092,0.76754,,0.76432,0.76447,0.73947,0.98855,0.98828,,0.00322
relu,machine-1-6,33,spike,W3_b01,identical,256,0.89384,0.89403,0.5064,0.90232,,0.90202,0.90201,0.52995,0.99094,0.99116,,0.0003
relu,machine-1-6,33,spike,W3_b01,identical,1024,0.75087,0.75088,0.50635,0.75473,,0.75584,0.7557,0.52622,0.99343,0.99362,,-0.00111
relu,machine-1-6,33,spike,W3_b01,variant,64,0.79544,0.79623,0.77828,0.79863,,0.79634,0.7968,0.77691,0.99888,0.9993,,0.00229
relu,machine-1-6,33,spike,W3_b01,variant,256,0.87582,0.87604,0.5303,0.87795,,0.8769,0.87701,0.53066,0.99877,0.99889,,0.00106
relu,machine-1-6,33,spike,W3_b01,variant,1024,0.77825,0.77842,0.54838,0.77841,,0.77893,0.77895,0.54907,0.99912,0.99933,,-0.00052
relu,machine-1-6,33,spike,W3_b05,identical,64,0.50304,0.50275,0.46061,0.53837,,0.53464,0.53342,0.48862,0.94089,0.9425,,0.00372
relu,machine-1-6,33,spike,W3_b05,identical,256,0.69563,0.69765,0.18374,0.73021,,0.72744,0.72857,0.20294,0.95626,0.95756,,0.00277
relu,machine-1-6,33,spike,W3_b05,identical,1024,0.48157,0.48185,0.20181,0.49197,,0.49401,0.49419,0.215,0.97483,0.97503,,-0.00204
relu,machine-1-6,33,spike,W3_b05,variant,64,0.58259,0.58406,0.53968,0.58923,,0.58552,0.58671,0.52877,0.995,0.99547,,0.00372
relu,machine-1-6,33,spike,W3_b05,variant,256,0.74748,0.74851,0.27054,0.75044,,0.75102,0.75207,0.26368,0.9953,0.99526,,-0.00058
relu,machine-1-6,33,spike,W3_b05,variant,1024,0.57111,0.57126,0.28044,0.57224,,0.57206,0.57204,0.2711,0.99834,0.99863,,0.00018
relu,machine-2-7,11,burst,W1,identical,64,0.99875,0.87164,0.03112,4.0231,,4.02097,4.03606,3.74101,0.24838,0.21596,,0.00213
relu,machine-2-7,11,burst,W1,identical,256,2.00083,1.91689,1.0095,4.07872,,4.07339,4.0738,3.5239,0.4912,0.47054,,0.00533
relu,machine-2-7,11,burst,W1,identical,1024,2.793,2.77303,1.9665,3.93589,,3.93586,3.93589,3.31857,0.70963,0.70455,,3e-05
relu,machine-2-7,11,burst,W1,variant,64,1.07158,1.35323,0.19517,2.09329,,2.07544,2.09174,1.86618,0.51631,0.64694,,0.01785
relu,machine-2-7,11,burst,W1,variant,256,1.60424,1.68017,0.77984,2.02329,,2.01956,2.01717,1.59696,0.79435,0.83294,,0.00373
relu,machine-2-7,11,burst,W1,variant,1024,1.86854,1.91945,1.27557,1.97257,,1.97257,1.97257,1.49747,0.94726,0.97307,,0.0
relu,machine-2-7,11,burst,W2_f0995,identical,64,2.45501,2.37861,1.98104,2.95623,3.01057,3.23582,3.18449,2.95121,0.7587,0.74694,-0.22526,-0.2796
relu,machine-2-7,11,burst,W2_f0995,identical,256,3.29598,3.27729,1.8066,3.49513,3.54212,3.54308,3.53679,2.66321,0.93026,0.92663,-0.00097,-0.04795
relu,machine-2-7,11,burst,W2_f0995,identical,1024,3.30844,3.30807,2.0095,3.31293,3.31293,3.31387,3.31367,2.76264,0.99836,0.99831,-0.00094,-0.00094
relu,machine-2-7,11,burst,W2_f0995,variant,64,0.84385,0.79894,0.56337,1.27432,1.30486,1.4422,1.4105,1.27912,0.58511,0.56642,-0.13734,-0.16788
relu,machine-2-7,11,burst,W2_f0995,variant,256,1.45204,1.43705,0.48459,1.61418,1.64874,1.65201,1.64666,1.10133,0.87895,0.87271,-0.00327,-0.03784
relu,machine-2-7,11,burst,W2_f0995,variant,1024,1.50152,1.50124,0.59875,1.5051,1.50513,1.50577,1.50563,1.16678,0.99718,0.99709,-0.00064,-0.00067
relu,machine-2-7,11,burst,W2_f1,identical,64,2.88758,2.88647,2.87943,2.90297,2.90297,2.91036,2.90877,2.90232,0.99217,0.99233,-0.00739,-0.00739
relu,machine-2-7,11,burst,W2_f1,identical,256,2.8364,2.8357,2.80297,2.85121,2.85121,2.85616,2.85517,2.8233,0.99308,0.99318,-0.00495,-0.00495
relu,machine-2-7,11,burst,W2_f1,identical,1024,2.8259,2.8254,2.76351,2.84049,2.84049,2.8433,2.84267,2.78281,0.99388,0.99393,-0.00281,-0.00281
relu,machine-2-7,11,burst,W2_f1,variant,64,1.23067,1.23013,1.2261,1.24309,1.24309,1.24739,1.24647,1.24288,0.9866,0.98689,-0.0043,-0.0043
relu,machine-2-7,11,burst,W2_f1,variant,256,1.21561,1.21526,1.19669,1.22714,1.22714,1.23009,1.2295,1.21152,0.98823,0.98842,-0.00294,-0.00294
relu,machine-2-7,11,burst,W2_f1,variant,1024,1.19227,1.19202,1.15736,1.20332,1.20332,1.20496,1.20461,1.17128,0.98947,0.98955,-0.00165,-0.00165
relu,machine-2-7,11,burst,W3_b01,identical,64,3.43054,2.90612,0.18011,4.12505,,4.08607,4.10526,4.0024,0.83957,0.7079,,0.03898
relu,machine-2-7,11,burst,W3_b01,identical,256,3.71899,3.32546,0.31615,4.22347,,4.22066,4.22074,3.21193,0.88114,0.78789,,0.00281
relu,machine-2-7,11,burst,W3_b01,identical,1024,3.87296,3.53866,0.5858,4.31614,,4.31425,4.31499,2.87928,0.89771,0.82009,,0.00189
relu,machine-2-7,11,burst,W3_b01,variant,64,1.61502,1.2679,-1.1222,2.05772,,2.03637,2.04478,1.95521,0.79309,0.62007,,0.02135
relu,machine-2-7,11,burst,W3_b01,variant,256,1.83006,1.58152,-0.72907,2.15844,,2.15591,2.15595,1.46045,0.84886,0.73356,,0.00253
relu,machine-2-7,11,burst,W3_b01,variant,1024,1.91376,1.70972,-0.4336,2.17493,,2.17416,2.17476,1.23163,0.88023,0.78617,,0.00077
relu,machine-2-7,11,burst,W3_b05,identical,64,5.31756,3.82329,3.58455,5.00541,,4.93639,4.99995,4.77641,1.07722,0.76466,,0.06902
relu,machine-2-7,11,burst,W3_b05,identical,256,5.62805,4.40945,2.61684,5.20973,,5.207,5.20435,3.31409,1.08086,0.84726,,0.00273
relu,machine-2-7,11,burst,W3_b05,identical,1024,5.86699,4.88963,2.85232,5.56531,,5.56028,5.56303,3.24717,1.05516,0.87895,,0.00504
relu,machine-2-7,11,burst,W3_b05,variant,64,2.82789,1.87419,1.22142,2.63851,,2.60252,2.63178,2.42681,1.08659,0.71214,,0.03599
relu,machine-2-7,11,burst,W3_b05,variant,256,3.03143,2.25806,0.82491,2.7802,,2.77915,2.77784,1.53983,1.09078,0.81288,,0.00104
relu,machine-2-7,11,burst,W3_b05,variant,1024,3.11265,2.50291,1.06478,2.92285,,2.91906,2.92114,1.47956,1.06632,0.85683,,0.00379
relu,machine-2-7,11,spike,W1,identical,64,1.33476,1.33909,1.02248,1.52849,,1.52898,1.53,1.38099,0.87297,0.87522,,-0.00049
relu,machine-2-7,11,spike,W1,identical,256,1.52306,1.52438,0.93057,1.62476,,1.62874,1.62989,1.14577,0.93511,0.93527,,-0.00399
relu,machine-2-7,11,spike,W1,identical,1024,1.53528,1.53588,0.9814,1.57088,,1.57088,1.57088,1.12269,0.97734,0.97772,,0.0
relu,machine-2-7,11,spike,W1,variant,64,1.46404,1.46977,1.24132,1.46191,,1.46687,1.46716,1.32228,0.99807,1.00178,,-0.00496
relu,machine-2-7,11,spike,W1,variant,256,1.62845,1.62745,1.14161,1.62574,,1.62308,1.6235,1.16433,1.00331,1.00243,,0.00266
relu,machine-2-7,11,spike,W1,variant,1024,1.59899,1.59978,1.11144,1.59978,,1.59918,1.59978,1.10814,0.99988,1.0,,0.0006
relu,machine-2-7,11,spike,W2_f0995,identical,64,0.96511,0.9453,0.83287,0.89798,0.92258,0.97253,0.95242,0.84273,0.99237,0.99252,-0.04995,-0.07455
relu,machine-2-7,11,spike,W2_f0995,identical,256,1.34805,1.34663,0.87261,1.34742,1.36884,1.34892,1.34764,0.88057,0.99935,0.99925,0.01991,-0.0015
relu,machine-2-7,11,spike,W2_f0995,identical,1024,1.29863,1.29856,0.92766,1.29819,1.29836,1.29868,1.29861,0.93401,0.99996,0.99996,-0.00032,-0.00049
relu,machine-2-7,11,spike,W2_f0995,variant,64,0.98024,0.96077,0.85129,0.91026,0.93437,0.98329,0.96345,0.85606,0.9969,0.99722,-0.04892,-0.07303
relu,machine-2-7,11,spike,W2_f0995,variant,256,1.35371,1.35258,0.88539,1.35299,1.37406,1.35328,1.35223,0.88923,1.00032,1.00026,0.02078,-0.00029
relu,machine-2-7,11,spike,W2_f0995,variant,1024,1.30124,1.30117,0.92699,1.30078,1.30095,1.30126,1.30119,0.92896,0.99999,0.99999,-0.00031,-0.00048
relu,machine-2-7,11,spike,W2_f1,identical,64,0.84523,0.84466,0.84198,0.84295,0.84295,0.84549,0.84489,0.84225,0.99969,0.99972,-0.00254,-0.00254
relu,machine-2-7,11,spike,W2_f1,identical,256,0.92989,0.92944,0.91282,0.9281,0.9281,0.93011,0.92963,0.91304,0.99977,0.99979,-0.00201,-0.00201
relu,machine-2-7,11,spike,W2_f1,identical,1024,0.86679,0.86654,0.83594,0.86534,0.86534,0.86694,0.86668,0.83611,0.99983,0.99984,-0.0016,-0.0016
relu,machine-2-7,11,spike,W2_f1,variant,64,0.85654,0.85596,0.85332,0.85415,0.85415,0.85668,0.85608,0.85347,0.99983,0.99986,-0.00253,-0.00253
relu,machine-2-7,11,spike,W2_f1,variant,256,0.9347,0.93426,0.91772,0.93288,0.93288,0.93482,0.93435,0.91784,0.99987,0.99989,-0.00194,-0.00194
relu,machine-2-7,11,spike,W2_f1,variant,1024,0.86418,0.86394,0.83311,0.86269,0.86269,0.86424,0.86398,0.83317,0.99994,0.99995,-0.00155,-0.00155
relu,machine-2-7,11,spike,W3_b01,identical,64,1.63656,1.63598,1.21463,1.65021,,1.66388,1.66363,1.30625,0.98358,0.98338,,-0.01367
relu,machine-2-7,11,spike,W3_b01,identical,256,1.74956,1.75022,1.00051,1.78113,,1.7809,1.78116,1.05035,0.9824,0.98262,,0.00023
relu,machine-2-7,11,spike,W3_b01,identical,1024,1.67814,1.67873,0.92286,1.696,,1.70351,1.70345,0.96978,0.98511,0.98549,,-0.0075
relu,machine-2-7,11,spike,W3_b01,variant,64,1.67963,1.67969,1.28778,1.66946,,1.68365,1.68301,1.33142,0.99761,0.99803,,-0.01419
relu,machine-2-7,11,spike,W3_b01,variant,256,1.76373,1.76436,1.03302,1.76542,,1.76595,1.76613,1.04383,0.99875,0.999,,-0.00053
relu,machine-2-7,11,spike,W3_b01,variant,1024,1.6687,1.6694,0.9625,1.66539,,1.67312,1.67306,0.9758,0.99736,0.99781,,-0.00773
relu,machine-2-7,11,spike,W3_b05,identical,64,1.47074,1.47233,1.03876,1.58284,,1.59102,1.59265,1.13877,0.9244,0.92445,,-0.00819
relu,machine-2-7,11,spike,W3_b05,identical,256,1.40121,1.40244,0.709,1.51971,,1.51577,1.51633,0.79534,0.92442,0.92489,,0.00394
relu,machine-2-7,11,spike,W3_b05,identical,1024,1.43143,1.43427,0.62644,1.5169,,1.51517,1.51516,0.69116,0.94474,0.94661,,0.00174
relu,machine-2-7,11,spike,W3_b05,variant,64,1.50906,1.5146,1.16131,1.53764,,1.54453,1.54523,1.17978,0.97704,0.98018,,-0.00689
relu,machine-2-7,11,spike,W3_b05,variant,256,1.49874,1.50347,0.81393,1.51595,,1.51143,1.51143,0.7989,0.99161,0.99473,,0.00452
relu,machine-2-7,11,spike,W3_b05,variant,1024,1.52329,1.5274,0.73196,1.53626,,1.53734,1.53703,0.72374,0.99086,0.99373,,-0.00108
relu,machine-2-7,22,burst,W1,identical,64,0.87015,0.77951,0.00496,4.04669,,4.0616,4.07316,3.88149,0.21424,0.19138,,-0.01492
relu,machine-2-7,22,burst,W1,identical,256,1.92027,1.87433,1.06115,4.03348,,4.03679,4.03769,3.59042,0.47569,0.46421,,-0.00331
relu,machine-2-7,22,burst,W1,identical,1024,2.94951,2.92463,2.1405,4.06427,,4.07131,4.07131,3.48692,0.72446,0.71835,,-0.00704
relu,machine-2-7,22,burst,W1,variant,64,1.06461,1.33161,0.25875,2.04796,,2.05795,2.06554,1.94798,0.51731,0.64468,,-0.00999
relu,machine-2-7,22,burst,W1,variant,256,1.67443,1.79797,0.96546,2.0464,,2.05023,2.0516,1.71727,0.8167,0.87637,,-0.00383
relu,machine-2-7,22,burst,W1,variant,1024,2.01614,2.04563,1.4725,2.03457,,2.03591,2.03591,1.66109,0.99029,1.00477,,-0.00134
relu,machine-2-7,22,burst,W2_f0995,identical,64,2.42616,2.34979,1.93814,2.95093,3.00585,3.23371,3.18121,2.9491,0.75027,0.73865,-0.22786,-0.28278
relu,machine-2-7,22,burst,W2_f0995,identical,256,3.29057,3.27122,1.75579,3.49512,3.5431,3.54389,3.5372,2.64813,0.92852,0.92481,-0.00079,-0.04878
relu,machine-2-7,22,burst,W2_f0995,identical,1024,3.30849,3.30813,1.99505,3.31297,3.31295,3.31387,3.31368,2.73491,0.99838,0.99833,-0.00092,-0.00091
relu,machine-2-7,22,burst,W2_f0995,variant,64,0.83138,0.78741,0.54256,1.27245,1.30345,1.44228,1.40977,1.27916,0.57643,0.55854,-0.13883,-0.16983
relu,machine-2-7,22,burst,W2_f0995,variant,256,1.45366,1.43825,0.4606,1.61684,1.6523,1.65542,1.64972,1.09283,0.87812,0.87182,-0.00312,-0.03858
relu,machine-2-7,22,burst,W2_f0995,variant,1024,1.50418,1.50392,0.59758,1.50771,1.50775,1.50836,1.50823,1.14865,0.99723,0.99714,-0.00061,-0.00065
relu,machine-2-7,22,burst,W2_f1,identical,64,2.89864,2.89758,2.89037,2.91512,2.91512,2.92275,2.92111,2.9146,0.99175,0.99195,-0.00764,-0.00764
relu,machine-2-7,22,burst,W2_f1,identical,256,2.83587,2.83524,2.80199,2.8517,2.8517,2.85663,2.85564,2.82335,0.99274,0.99286,-0.00493,-0.00493
relu,machine-2-7,22,burst,W2_f1,identical,1024,2.83367,2.83322,2.77231,2.84848,2.84848,2.85133,2.85069,2.7919,0.99381,0.99387,-0.00284,-0.00284
relu,machine-2-7,22,burst,W2_f1,variant,64,1.2385,1.238,1.23387,1.25164,1.25164,1.2561,1.25514,1.25154,0.98599,0.98634,-0.00446,-0.00446
relu,machine-2-7,22,burst,W2_f1,variant,256,1.21689,1.21658,1.19767,1.22898,1.22898,1.23192,1.23133,1.21307,0.9878,0.98802,-0.00294,-0.00294
relu,machine-2-7,22,burst,W2_f1,variant,1024,1.19436,1.19414,1.1601,1.20552,1.20552,1.20717,1.20681,1.17416,0.98938,0.9895,-0.00166,-0.00166
relu,machine-2-7,22,burst,W3_b01,identical,64,3.44685,2.90853,0.34641,4.24486,,4.2343,4.2594,4.27591,0.81403,0.68285,,0.01056
relu,machine-2-7,22,burst,W3_b01,identical,256,3.72558,3.31385,0.6078,4.31988,,4.32986,4.32988,3.74378,0.86044,0.76534,,-0.00998
relu,machine-2-7,22,burst,W3_b01,identical,1024,3.80686,3.46442,0.884,4.25418,,4.25774,4.25771,3.56753,0.8941,0.81368,,-0.00355
relu,machine-2-7,22,burst,W3_b01,variant,64,1.6856,1.33575,-1.05297,2.21374,,2.20616,2.22013,2.21467,0.76404,0.60165,,0.00758
relu,machine-2-7,22,burst,W3_b01,variant,256,1.84565,1.58629,-0.65787,2.23568,,2.24219,2.24215,1.81854,0.82315,0.70749,,-0.00651
relu,machine-2-7,22,burst,W3_b01,variant,1024,1.91718,1.71196,-0.35565,2.1818,,2.18314,2.1833,1.72069,0.87818,0.78412,,-0.00134
relu,machine-2-7,22,burst,W3_b05,identical,64,5.49799,3.91356,3.47846,5.28368,,5.25076,5.32291,5.12195,1.04709,0.73523,,0.03292
relu,machine-2-7,22,burst,W3_b05,identical,256,5.86594,4.58823,2.77834,5.54841,,5.56521,5.56458,3.92796,1.05404,0.82454,,-0.0168
relu,machine-2-7,22,burst,W3_b05,identical,1024,5.84942,4.84011,3.11918,5.61826,,5.60819,5.61116,3.88081,1.04301,0.86259,,0.01007
relu,machine-2-7,22,burst,W3_b05,variant,64,2.95877,1.95419,1.07794,2.86261,,2.84391,2.88361,2.6705,1.04039,0.67769,,0.0187
relu,machine-2-7,22,burst,W3_b05,variant,256,3.15936,2.34055,0.84019,2.9746,,2.98708,2.98797,1.90487,1.05767,0.78332,,-0.01247
relu,machine-2-7,22,burst,W3_b05,variant,1024,3.1023,2.48865,1.20425,2.98064,,2.97013,2.97295,1.97017,1.0445,0.8371,,0.01051
relu,machine-2-7,22,spike,W1,identical,64,1.37357,1.374,0.9993,1.57672,,1.59038,1.59431,1.41076,0.86368,0.86181,,-0.01366
relu,machine-2-7,22,spike,W1,identical,256,1.5162,1.51489,0.98988,1.62068,,1.61968,1.61566,1.21397,0.93611,0.93763,,0.00101
relu,machine-2-7,22,spike,W1,identical,1024,1.56452,1.56553,1.05201,1.60353,,1.60368,1.60349,1.17249,0.97558,0.97632,,-0.00015
relu,machine-2-7,22,spike,W1,variant,64,1.56852,1.56458,1.26423,1.56457,,1.56689,1.57798,1.38041,1.00104,0.99151,,-0.00232
relu,machine-2-7,22,spike,W1,variant,256,1.6313,1.63077,1.21802,1.64405,,1.6403,1.63756,1.26528,0.99452,0.99585,,0.00375
relu,machine-2-7,22,spike,W1,variant,1024,1.6099,1.60962,1.14777,1.60931,,1.60951,1.60936,1.15298,1.00024,1.00017,,-0.0002
relu,machine-2-7,22,spike,W2_f0995,identical,64,0.96491,0.94477,0.83135,0.89628,0.92115,0.97333,0.95285,0.84263,0.99135,0.99153,-0.05218,-0.07705
relu,machine-2-7,22,spike,W2_f0995,identical,256,1.34238,1.34079,0.86783,1.34213,1.36416,1.34332,1.34188,0.87668,0.9993,0.99919,0.02084,-0.00118
relu,machine-2-7,22,spike,W2_f0995,identical,1024,1.30333,1.30325,0.91636,1.3029,1.30306,1.30338,1.3033,0.92309,0.99996,0.99996,-0.00032,-0.00048
relu,machine-2-7,22,spike,W2_f0995,variant,64,0.97896,0.95912,0.84848,0.90704,0.93145,0.98286,0.96256,0.85435,0.99604,0.99643,-0.0514,-0.07582
relu,machine-2-7,22,spike,W2_f0995,variant,256,1.34769,1.34632,0.87981,1.34697,1.36872,1.34742,1.34615,0.88463,1.0002,1.00012,0.0213,-0.00045
relu,machine-2-7,22,spike,W2_f0995,variant,1024,1.30327,1.30319,0.9142,1.3028,1.30298,1.30329,1.30321,0.91677,0.99998,0.99999,-0.00031,-0.00049
relu,machine-2-7,22,spike,W2_f1,identical,64,0.84937,0.84879,0.84602,0.84708,0.84708,0.84966,0.84905,0.84631,0.99965,0.99969,-0.00258,-0.00258
relu,machine-2-7,22,spike,W2_f1,identical,256,0.93059,0.93014,0.91344,0.92885,0.92885,0.93082,0.93035,0.91368,0.99975,0.99977,-0.00197,-0.00197
relu,machine-2-7,22,spike,W2_f1,identical,1024,0.87124,0.87099,0.84008,0.86976,0.86976,0.8714,0.87114,0.84026,0.99982,0.99983,-0.00164,-0.00164
relu,machine-2-7,22,spike,W2_f1,variant,64,0.8596,0.85901,0.85626,0.85718,0.85718,0.85977,0.85915,0.85643,0.99981,0.99984,-0.00259,-0.00259
relu,machine-2-7,22,spike,W2_f1,variant,256,0.93523,0.9348,0.91807,0.93345,0.93345,0.93537,0.93491,0.91822,0.99985,0.99988,-0.00192,-0.00192
relu,machine-2-7,22,spike,W2_f1,variant,1024,0.86829,0.86803,0.83665,0.86672,0.86672,0.86835,0.86808,0.83673,0.99993,0.99994,-0.00163,-0.00163
relu,machine-2-7,22,spike,W3_b01,identical,64,1.63384,1.6343,1.3527,1.65702,,1.65977,1.66049,1.41919,0.98437,0.98423,,-0.00275
relu,machine-2-7,22,spike,W3_b01,identical,256,1.69922,1.69986,1.21299,1.72684,,1.72788,1.72824,1.26895,0.98342,0.98358,,-0.00104
relu,machine-2-7,22,spike,W3_b01,identical,1024,1.64756,1.6485,1.06111,1.66809,,1.66996,1.67058,1.11402,0.98658,0.98678,,-0.00188
relu,machine-2-7,22,spike,W3_b01,variant,64,1.67095,1.67213,1.41361,1.67057,,1.67204,1.67251,1.43123,0.99934,0.99977,,-0.00147
relu,machine-2-7,22,spike,W3_b01,variant,256,1.7412,1.74178,1.27096,1.74098,,1.74329,1.74341,1.28722,0.99881,0.99907,,-0.00231
relu,machine-2-7,22,spike,W3_b01,variant,1024,1.66023,1.66121,1.08982,1.66176,,1.66344,1.66396,1.10729,0.99807,0.99835,,-0.00168
relu,machine-2-7,22,spike,W3_b05,identical,64,1.40266,1.4043,1.03611,1.5158,,1.5187,1.52015,1.15142,0.9236,0.92379,,-0.00289
relu,machine-2-7,22,spike,W3_b05,identical,256,1.40984,1.41105,0.67877,1.52113,,1.51705,1.51831,0.77984,0.92933,0.92935,,0.00408
relu,machine-2-7,22,spike,W3_b05,identical,1024,1.43056,1.43074,0.67787,1.50366,,1.50534,1.50598,0.75678,0.95033,0.95004,,-0.00168
relu,machine-2-7,22,spike,W3_b05,variant,64,1.43606,1.44512,1.14304,1.46981,,1.47465,1.47622,1.18434,0.97383,0.97894,,-0.00484
relu,machine-2-7,22,spike,W3_b05,variant,256,1.56778,1.574,0.84847,1.58542,,1.58678,1.58695,0.86949,0.98803,0.99184,,-0.00136
relu,machine-2-7,22,spike,W3_b05,variant,1024,1.54184,1.54643,0.76163,1.55275,,1.55775,1.55868,0.78189,0.98979,0.99214,,-0.00499
relu,machine-2-7,33,burst,W1,identical,64,0.9394,0.84694,0.10075,4.10971,,4.11545,4.10804,3.84398,0.22826,0.20617,,-0.00574
relu,machine-2-7,33,burst,W1,identical,256,2.00631,1.96067,1.104,4.08875,,4.07949,4.0785,3.62914,0.49181,0.48073,,0.00926
relu,machine-2-7,33,burst,W1,identical,1024,2.894,2.8601,2.19553,4.01651,,4.01668,4.01609,3.52959,0.72049,0.71216,,-0.00017
relu,machine-2-7,33,burst,W1,variant,64,1.18108,1.35984,0.4028,2.06602,,2.07437,2.06708,1.93718,0.56937,0.65786,,-0.00835
relu,machine-2-7,33,burst,W1,variant,256,1.7643,1.81018,1.0154,2.06654,,2.05601,2.06006,1.74131,0.85812,0.8787,,0.01053
relu,machine-2-7,33,burst,W1,variant,1024,1.9874,2.01535,1.42571,2.06911,,2.06932,2.06932,1.66849,0.96041,0.97392,,-0.00022
relu,machine-2-7,33,burst,W2_f0995,identical,64,2.43825,2.36067,1.94313,2.97238,3.02731,3.25568,3.20363,2.97059,0.74892,0.73687,-0.22837,-0.2833
relu,machine-2-7,33,burst,W2_f0995,identical,256,3.31963,3.30032,1.78182,3.52569,3.57205,3.57188,3.56584,2.68022,0.92938,0.92554,0.00017,-0.0462
relu,machine-2-7,33,burst,W2_f0995,identical,1024,3.35157,3.35122,2.02475,3.35618,3.35613,3.35704,3.35686,2.76972,0.99837,0.99832,-0.00091,-0.00087
relu,machine-2-7,33,burst,W2_f0995,variant,64,0.83761,0.79265,0.54444,1.28471,1.3157,1.45567,1.42338,1.2914,0.57541,0.55688,-0.13997,-0.17095
relu,machine-2-7,33,burst,W2_f0995,variant,256,1.46808,1.4527,0.47395,1.63263,1.66695,1.66926,1.66412,1.10908,0.87948,0.87295,-0.00232,-0.03663
relu,machine-2-7,33,burst,W2_f0995,variant,1024,1.52757,1.52732,0.61352,1.53119,1.53119,1.53182,1.53169,1.17533,0.99723,0.99715,-0.00063,-0.00063
relu,machine-2-7,33,burst,W2_f1,identical,64,2.91735,2.91633,2.90906,2.93401,2.93401,2.9416,2.93996,2.93343,0.99176,0.99196,-0.00758,-0.00758
relu,machine-2-7,33,burst,W2_f1,identical,256,2.86735,2.86668,2.8329,2.88282,2.88282,2.88785,2.88684,2.85401,0.9929,0.99302,-0.00503,-0.00503
relu,machine-2-7,33,burst,W2_f1,identical,1024,2.85162,2.85121,2.78752,2.86664,2.86664,2.86947,2.86885,2.80735,0.99378,0.99385,-0.00283,-0.00283
relu,machine-2-7,33,burst,W2_f1,variant,64,1.25034,1.24985,1.24563,1.2635,1.2635,1.26796,1.267,1.26332,0.9861,0.98646,-0.00446,-0.00446
relu,machine-2-7,33,burst,W2_f1,variant,256,1.23569,1.23536,1.21612,1.24753,1.24753,1.25053,1.24993,1.23133,0.98813,0.98834,-0.003,-0.003
relu,machine-2-7,33,burst,W2_f1,variant,1024,1.20621,1.20601,1.17009,1.21744,1.21744,1.21914,1.21878,1.18429,0.98939,0.98952,-0.00171,-0.00171
relu,machine-2-7,33,burst,W3_b01,identical,64,3.35674,2.81019,0.45926,4.15717,,4.1218,4.15035,4.12258,0.81439,0.6771,,0.03537
relu,machine-2-7,33,burst,W3_b01,identical,256,3.65911,3.23632,0.4907,4.22342,,4.22131,4.2236,3.51996,0.86682,0.76625,,0.00211
relu,machine-2-7,33,burst,W3_b01,identical,1024,3.79185,3.44065,0.7804,4.25882,,4.25696,4.25776,3.37692,0.89074,0.80809,,0.00187
relu,machine-2-7,33,burst,W3_b01,variant,64,1.60266,1.25128,-0.98125,2.11712,,2.09343,2.1091,2.06305,0.76557,0.59328,,0.0237
relu,machine-2-7,33,burst,W3_b01,variant,256,1.79201,1.53236,-0.7669,2.14387,,2.14026,2.14173,1.60342,0.83729,0.71548,,0.00362
relu,machine-2-7,33,burst,W3_b01,variant,1024,1.92027,1.71123,-0.41656,2.18913,,2.18667,2.18763,1.54042,0.87817,0.78223,,0.00246
relu,machine-2-7,33,burst,W3_b05,identical,64,5.13791,3.54921,3.72581,4.70294,,4.61482,4.70701,4.75743,1.11335,0.75403,,0.08812
relu,machine-2-7,33,burst,W3_b05,identical,256,5.65675,4.3748,2.71541,5.13847,,5.13633,5.14157,3.42548,1.10132,0.85087,,0.00214
relu,machine-2-7,33,burst,W3_b05,identical,1024,5.60107,4.61837,3.03627,5.22459,,5.21812,5.21839,3.48789,1.07339,0.88502,,0.00646
relu,machine-2-7,33,burst,W3_b05,variant,64,2.61588,1.63935,1.25573,2.37396,,2.32139,2.37098,2.39856,1.12686,0.69142,,0.05257
relu,machine-2-7,33,burst,W3_b05,variant,256,3.00895,2.21783,0.72697,2.70807,,2.70208,2.70571,1.4987,1.11357,0.81968,,0.00599
relu,machine-2-7,33,burst,W3_b05,variant,1024,2.96095,2.37646,1.12573,2.7431,,2.73546,2.73683,1.6491,1.08243,0.86832,,0.00764
relu,machine-2-7,33,spike,W1,identical,64,1.36729,1.36196,1.05456,1.55605,,1.55224,1.55311,1.37204,0.88085,0.87693,,0.00381
relu,machine-2-7,33,spike,W1,identical,256,1.53299,1.53289,1.05075,1.63932,,1.63993,1.63809,1.2956,0.93479,0.93578,,-0.00061
relu,machine-2-7,33,spike,W1,identical,1024,1.57503,1.57482,1.02195,1.62229,,1.62212,1.62229,1.18886,0.97097,0.97074,,0.00016
relu,machine-2-7,33,spike,W1,variant,64,1.55989,1.55957,1.28122,1.56097,,1.56078,1.56586,1.38316,0.99943,0.99598,,0.00019
relu,machine-2-7,33,spike,W1,variant,256,1.61524,1.61524,1.24688,1.62829,,1.63664,1.63079,1.29573,0.98693,0.99047,,-0.00835
relu,machine-2-7,33,spike,W1,variant,1024,1.64087,1.63961,1.1547,1.6371,,1.63742,1.63681,1.17381,1.0021,1.00171,,-0.00032
relu,machine-2-7,33,spike,W2_f0995,identical,64,0.97417,0.95382,0.83853,0.90346,0.92859,0.98271,0.96204,0.85017,0.99131,0.99146,-0.05412,-0.07925
relu,machine-2-7,33,spike,W2_f0995,identical,256,1.35588,1.35462,0.87795,1.3552,1.3759,1.35672,1.35564,0.88732,0.99938,0.99925,0.01918,-0.00152
relu,machine-2-7,33,spike,W2_f0995,identical,1024,1.3064,1.30633,0.92125,1.30597,1.30614,1.30646,1.30638,0.92804,0.99996,0.99996,-0.00032,-0.00048
relu,machine-2-7,33,spike,W2_f0995,variant,64,0.98986,0.96984,0.85681,0.91597,0.94078,0.99359,0.97315,0.86277,0.99625,0.9966,-0.05281,-0.07762
relu,machine-2-7,33,spike,W2_f0995,variant,256,1.36125,1.36026,0.88968,1.36038,1.38079,1.3607,1.35984,0.89442,1.0004,1.00031,0.02009,-0.00032
relu,machine-2-7,33,spike,W2_f0995,variant,1024,1.30706,1.30699,0.91901,1.30659,1.30677,1.30708,1.307,0.92139,0.99999,0.99999,-0.00031,-0.00049
relu,machine-2-7,33,spike,W2_f1,identical,64,0.85257,0.85197,0.84911,0.85022,0.85022,0.85288,0.85224,0.84942,0.99963,0.99967,-0.00266,-0.00266
relu,machine-2-7,33,spike,W2_f1,identical,256,0.93511,0.93464,0.91727,0.93326,0.93326,0.93537,0.93487,0.91754,0.99973,0.99975,-0.00211,-0.00211
relu,machine-2-7,33,spike,W2_f1,identical,1024,0.87151,0.87126,0.84008,0.87008,0.87008,0.87167,0.87141,0.84027,0.99981,0.99982,-0.00159,-0.00159
relu,machine-2-7,33,spike,W2_f1,variant,64,0.86362,0.86302,0.86019,0.86114,0.86114,0.8638,0.86316,0.86037,0.99979,0.99983,-0.00266,-0.00266
relu,machine-2-7,33,spike,W2_f1,variant,256,0.94025,0.93979,0.92247,0.93837,0.93837,0.9404,0.93992,0.92263,0.99984,0.99987,-0.00204,-0.00204
relu,machine-2-7,33,spike,W2_f1,variant,1024,0.86683,0.86658,0.83512,0.86533,0.86533,0.8669,0.86663,0.8352,0.99993,0.99994,-0.00156,-0.00156
relu,machine-2-7,33,spike,W3_b01,identical,64,1.69007,1.69042,1.41298,1.71344,,1.72148,1.72238,1.51079,0.98175,0.98144,,-0.00804
relu,machine-2-7,33,spike,W3_b01,identical,256,1.73827,1.73881,1.24819,1.76851,,1.76951,1.76964,1.32233,0.98234,0.98258,,-0.00101
relu,machine-2-7,33,spike,W3_b01,identical,1024,1.65421,1.65524,1.08706,1.67416,,1.67939,1.67983,1.14732,0.985,0.98536,,-0.00524
relu,machine-2-7,33,spike,W3_b01,variant,64,1.74928,1.75071,1.50322,1.75078,,1.75423,1.75516,1.5536,0.99718,0.99746,,-0.00345
relu,machine-2-7,33,spike,W3_b01,variant,256,1.80874,1.80943,1.33746,1.81139,,1.81238,1.81252,1.36834,0.998,0.99829,,-0.00099
relu,machine-2-7,33,spike,W3_b01,variant,1024,1.68088,1.68201,1.11819,1.67736,,1.68525,1.68569,1.14684,0.99741,0.99781,,-0.00788
relu,machine-2-7,33,spike,W3_b05,identical,64,1.47101,1.47859,1.06491,1.59386,,1.6023,1.60486,1.1998,0.91806,0.92132,,-0.00844
relu,machine-2-7,33,spike,W3_b05,identical,256,1.44247,1.44868,0.7593,1.5604,,1.55856,1.55976,0.87939,0.92552,0.92879,,0.00183
relu,machine-2-7,33,spike,W3_b05,identical,1024,1.45151,1.45439,0.6928,1.51478,,1.5265,1.52749,0.78946,0.95087,0.95214,,-0.01173
relu,machine-2-7,33,spike,W3_b05,variant,64,1.59944,1.61024,1.28017,1.63043,,1.63003,1.63256,1.31977,0.98124,0.98633,,0.0004
relu,machine-2-7,33,spike,W3_b05,variant,256,1.64219,1.64975,0.97437,1.66653,,1.66847,1.66962,1.00143,0.98425,0.9881,,-0.00194
relu,machine-2-7,33,spike,W3_b05,variant,1024,1.55386,1.55934,0.81843,1.55652,,1.57017,1.57118,0.85921,0.98961,0.99246,,-0.01365
relu,machine-3-7,11,burst,W1,identical,64,1.64595,1.51229,0.71612,4.3113,,4.32994,4.32648,4.10283,0.38013,0.34954,,-0.01864
relu,machine-3-7,11,burst,W1,identical,256,3.04873,2.9571,2.30714,4.54043,,4.53537,4.53526,4.03048,0.67221,0.65202,,0.00506
relu,machine-3-7,11,burst,W1,identical,1024,3.68295,3.67619,3.06851,4.57021,,4.57027,4.57027,3.96485,0.80585,0.80437,,-7e-05
relu,machine-3-7,11,burst,W1,variant,64,1.56587,1.6836,0.69856,2.21831,,2.22664,2.22681,2.08336,0.70324,0.75606,,-0.00833
relu,machine-3-7,11,burst,W1,variant,256,2.08745,2.16609,1.58348,2.37741,,2.37183,2.3717,1.99428,0.8801,0.91331,,0.00557
relu,machine-3-7,11,burst,W1,variant,1024,2.31735,2.32896,1.92401,2.46356,,2.46359,2.46359,2.04207,0.94064,0.94535,,-3e-05
relu,machine-3-7,11,burst,W2_f0995,identical,64,2.68845,2.61151,2.21995,3.21369,3.26651,3.45153,3.40453,3.18895,0.77892,0.76707,-0.18501,-0.23784
relu,machine-3-7,11,burst,W2_f0995,identical,256,3.47642,3.46661,2.30964,3.6981,3.7085,3.69255,3.69497,3.11746,0.94147,0.9382,0.01595,0.00555
relu,machine-3-7,11,burst,W2_f0995,identical,1024,3.18598,3.18574,2.19602,3.19025,3.1895,3.19055,3.19048,2.69998,0.99857,0.99852,-0.00105,-0.0003
relu,machine-3-7,11,burst,W2_f0995,variant,64,0.9968,0.94864,0.70323,1.4549,1.48591,1.60075,1.57046,1.44104,0.6227,0.60406,-0.11485,-0.14585
relu,machine-3-7,11,burst,W2_f0995,variant,256,1.61434,1.60612,0.79886,1.79192,1.79869,1.78968,1.79117,1.41597,0.90203,0.89669,0.009,0.00224
relu,machine-3-7,11,burst,W2_f0995,variant,1024,1.40577,1.4056,0.81186,1.409,1.40848,1.40924,1.40918,1.20121,0.99754,0.99746,-0.00076,-0.00024
relu,machine-3-7,11,burst,W2_f1,identical,64,2.90067,2.89968,2.89363,2.91363,2.91363,2.92006,2.91868,2.91311,0.99336,0.99349,-0.00644,-0.00644
relu,machine-3-7,11,burst,W2_f1,identical,256,3.30213,3.30153,3.27643,3.31402,3.31402,3.31733,3.31662,3.29206,0.99542,0.99545,-0.00332,-0.00332
relu,machine-3-7,11,burst,W2_f1,identical,1024,2.90485,2.90459,2.89658,2.91597,2.91597,2.91738,2.91708,2.91016,0.99571,0.99572,-0.00141,-0.00141
relu,machine-3-7,11,burst,W2_f1,variant,64,1.28165,1.28117,1.27775,1.29215,1.29215,1.29576,1.29498,1.29191,0.98911,0.98934,-0.00362,-0.00362
relu,machine-3-7,11,burst,W2_f1,variant,256,1.55834,1.55798,1.54329,1.56764,1.56764,1.56968,1.56924,1.55492,0.99277,0.99283,-0.00205,-0.00205
relu,machine-3-7,11,burst,W2_f1,variant,1024,1.26114,1.26096,1.25836,1.26932,1.26932,1.2703,1.27009,1.26825,0.99279,0.99281,-0.00098,-0.00098
relu,machine-3-7,11,burst,W3_b01,identical,64,4.05259,3.61366,0.69133,4.59572,,4.59097,4.59086,4.22444,0.88273,0.78714,,0.00475
relu,machine-3-7,11,burst,W3_b01,identical,256,4.17423,3.81329,0.95343,4.63842,,4.63336,4.63317,3.65683,0.90091,0.82304,,0.00506
relu,machine-3-7,11,burst,W3_b01,identical,1024,4.13354,3.82391,0.93909,4.57249,,4.57123,4.57121,3.0673,0.90425,0.83652,,0.00126
relu,machine-3-7,11,burst,W3_b01,variant,64,2.08865,1.7929,-0.83999,2.4201,,2.41612,2.41597,2.14796,0.86446,0.7421,,0.00398
relu,machine-3-7,11,burst,W3_b01,variant,256,2.15703,1.92554,-0.37957,2.44503,,2.43964,2.43946,1.78324,0.88416,0.78933,,0.00539
relu,machine-3-7,11,burst,W3_b01,variant,1024,2.11194,1.91862,-0.21271,2.40181,,2.4016,2.40156,1.3605,0.87939,0.79891,,0.00021
relu,machine-3-7,11,burst,W3_b05,identical,64,6.15428,4.92669,4.25055,5.73606,,5.72744,5.72851,4.93591,1.07452,0.86003,,0.00862
relu,machine-3-7,11,burst,W3_b05,identical,256,6.10032,5.08576,3.64193,5.71106,,5.67922,5.68162,4.10885,1.07415,0.89512,,0.03184
relu,machine-3-7,11,burst,W3_b05,identical,1024,6.2314,5.46488,2.87117,6.03624,,6.01922,6.01744,3.52528,1.03525,0.90817,,0.01702
relu,machine-3-7,11,burst,W3_b05,variant,64,3.40497,2.60838,1.83038,3.11804,,3.11669,3.11683,2.55753,1.09249,0.83687,,0.00134
relu,machine-3-7,11,burst,W3_b05,variant,256,3.37117,2.71998,1.57289,3.11076,,3.08578,3.08764,2.0566,1.09248,0.88093,,0.02498
relu,machine-3-7,11,burst,W3_b05,variant,1024,3.44864,2.9731,1.00861,3.34752,,3.33668,3.33491,1.62493,1.03355,0.89151,,0.01084
relu,machine-3-7,11,spike,W1,identical,64,1.45321,1.4539,1.1809,1.67035,,1.69846,1.68605,1.6213,0.85561,0.86231,,-0.02811
relu,machine-3-7,11,spike,W1,identical,256,1.6744,1.67215,1.40783,1.75084,,1.75237,1.75361,1.55974,0.95551,0.95355,,-0.00154
relu,machine-3-7,11,spike,W1,identical,1024,1.66239,1.66243,1.42184,1.81197,,1.81551,1.81589,1.62408,0.91566,0.91549,,-0.00353
relu,machine-3-7,11,spike,W1,variant,64,1.64827,1.65049,1.48033,1.65855,,1.67729,1.6717,1.62726,0.9827,0.98731,,-0.01874
relu,machine-3-7,11,spike,W1,variant,256,1.77408,1.77147,1.51045,1.77708,,1.77315,1.77816,1.54723,1.00053,0.99624,,0.00393
relu,machine-3-7,11,spike,W1,variant,1024,1.79576,1.79639,1.55594,1.80751,,1.81469,1.81489,1.56287,0.98957,0.98981,,-0.00718
relu,machine-3-7,11,spike,W2_f0995,identical,64,1.09403,1.07639,0.98504,1.02518,1.04486,1.10364,1.08588,0.99772,0.9913,0.99127,-0.05878,-0.07846
relu,machine-3-7,11,spike,W2_f0995,identical,256,1.15934,1.16125,0.83316,1.17086,1.17768,1.16099,1.16306,0.84244,0.99858,0.99845,0.01669,0.00987
relu,machine-3-7,11,spike,W2_f0995,identical,1024,1.25578,1.25583,0.97891,1.25609,1.25552,1.25586,1.25591,0.98586,0.99993,0.99994,-0.00035,0.00023
relu,machine-3-7,11,spike,W2_f0995,variant,64,1.08535,1.06789,0.97806,1.00817,1.02785,1.08772,1.06987,0.98199,0.99782,0.99815,-0.05987,-0.07956
relu,machine-3-7,11,spike,W2_f0995,variant,256,1.16545,1.16732,0.84592,1.17436,1.1815,1.16506,1.167,0.84806,1.00034,1.00028,0.01644,0.0093
relu,machine-3-7,11,spike,W2_f0995,variant,1024,1.20826,1.20832,0.93239,1.20852,1.20796,1.20829,1.20834,0.93282,0.99997,0.99998,-0.00033,0.00023
relu,machine-3-7,11,spike,W2_f1,identical,64,0.94678,0.94624,0.9439,0.94447,0.94447,0.94711,0.94654,0.94424,0.99965,0.99968,-0.00263,-0.00263
relu,machine-3-7,11,spike,W2_f1,identical,256,0.87905,0.87895,0.87141,0.87876,0.87876,0.8792,0.8791,0.87157,0.99983,0.99984,-0.00044,-0.00044
relu,machine-3-7,11,spike,W2_f1,identical,1024,1.05577,1.05553,1.04229,1.0547,1.0547,1.056,1.05574,1.04254,0.99978,0.9998,-0.0013,-0.0013
relu,machine-3-7,11,spike,W2_f1,variant,64,0.92484,0.9243,0.92198,0.92237,0.92237,0.92498,0.92442,0.92212,0.99984,0.99988,-0.00261,-0.00261
relu,machine-3-7,11,spike,W2_f1,variant,256,0.88366,0.88356,0.87585,0.8832,0.8832,0.88368,0.88357,0.87587,0.99998,0.99999,-0.00048,-0.00048
relu,machine-3-7,11,spike,W2_f1,variant,1024,1.00251,1.00228,0.98842,1.00137,1.00137,1.00258,1.00234,0.9885,0.99993,0.99994,-0.00121,-0.00121
relu,machine-3-7,11,spike,W3_b01,identical,64,1.66867,1.66745,1.37151,1.69907,,1.70015,1.69976,1.48317,0.98148,0.98099,,-0.00108
relu,machine-3-7,11,spike,W3_b01,identical,256,1.6094,1.60936,1.00275,1.63551,,1.63256,1.63271,1.06831,0.98582,0.9857,,0.00295
relu,machine-3-7,11,spike,W3_b01,identical,1024,1.68934,1.68905,0.94319,1.71403,,1.71488,1.7149,1.03823,0.98511,0.98492,,-0.00085
relu,machine-3-7,11,spike,W3_b01,variant,64,1.72847,1.72829,1.44914,1.73419,,1.73531,1.73487,1.5209,0.99605,0.9962,,-0.00112
relu,machine-3-7,11,spike,W3_b01,variant,256,1.6463,1.64656,1.04564,1.6517,,1.64921,1.6493,1.08541,0.99824,0.99834,,0.00249
relu,machine-3-7,11,spike,W3_b01,variant,1024,1.69691,1.69697,0.95123,1.70052,,1.70056,1.70048,1.00893,0.99786,0.99793,,-4e-05
relu,machine-3-7,11,spike,W3_b05,identical,64,1.31657,1.31411,1.06932,1.41889,,1.43907,1.43654,1.24678,0.91488,0.91478,,-0.02018
relu,machine-3-7,11,spike,W3_b05,identical,256,1.33498,1.33444,0.76078,1.42597,,1.42207,1.42168,0.86432,0.93876,0.93863,,0.0039
relu,machine-3-7,11,spike,W3_b05,identical,1024,1.56817,1.56718,0.61984,1.64159,,1.64283,1.64227,0.7561,0.95456,0.95428,,-0.00124
relu,machine-3-7,11,spike,W3_b05,variant,64,1.53441,1.53234,1.24117,1.53901,,1.5533,1.55097,1.35514,0.98784,0.98799,,-0.01429
relu,machine-3-7,11,spike,W3_b05,variant,256,1.46515,1.46451,0.82163,1.48225,,1.47565,1.47527,0.88518,0.99289,0.99271,,0.0066
relu,machine-3-7,11,spike,W3_b05,variant,1024,1.72348,1.72349,0.69328,1.74077,,1.73747,1.73717,0.76049,0.99195,0.99213,,0.0033
relu,machine-3-7,22,burst,W1,identical,64,1.7073,1.59261,0.65343,4.32717,,4.34824,4.35187,4.0671,0.39264,0.36596,,-0.02107
relu,machine-3-7,22,burst,W1,identical,256,3.05421,3.02132,2.36081,4.52622,,4.52321,4.52421,4.00079,0.67523,0.66781,,0.00301
relu,machine-3-7,22,burst,W1,identical,1024,3.6724,3.67211,3.06349,4.57935,,4.57863,4.57907,4.00901,0.80207,0.80193,,0.00072
relu,machine-3-7,22,burst,W1,variant,64,1.63024,1.73427,0.67218,2.23495,,2.25401,2.25629,2.033,0.72326,0.76864,,-0.01906
relu,machine-3-7,22,burst,W1,variant,256,2.11204,2.19395,1.63424,2.40388,,2.40476,2.40468,2.00966,0.87827,0.91237,,-0.00088
relu,machine-3-7,22,burst,W1,variant,1024,2.2983,2.3126,1.89591,2.4354,,2.43439,2.43517,2.04535,0.9441,0.94967,,0.00101
relu,machine-3-7,22,burst,W2_f0995,identical,64,2.70446,2.62972,2.2436,3.21315,3.26632,3.45041,3.40367,3.18677,0.78381,0.77261,-0.18408,-0.23726
relu,machine-3-7,22,burst,W2_f0995,identical,256,3.46963,3.45996,2.31445,3.68897,3.70055,3.68659,3.68853,3.1024,0.94115,0.93803,0.01396,0.00238
relu,machine-3-7,22,burst,W2_f0995,identical,1024,3.16251,3.16226,2.17115,3.16674,3.16601,3.16707,3.16699,2.70373,0.99856,0.99851,-0.00106,-0.00032
relu,machine-3-7,22,burst,W2_f0995,variant,64,1.00725,0.96039,0.7163,1.45762,1.48897,1.60304,1.57313,1.44304,0.62834,0.6105,-0.11407,-0.14541
relu,machine-3-7,22,burst,W2_f0995,variant,256,1.61169,1.60353,0.80173,1.78874,1.79629,1.78899,1.79012,1.40903,0.90089,0.89576,0.0073,-0.00025
relu,machine-3-7,22,burst,W2_f0995,variant,1024,1.38472,1.38454,0.79118,1.38796,1.38745,1.38822,1.38816,1.19838,0.99748,0.99739,-0.00077,-0.00026
relu,machine-3-7,22,burst,W2_f1,identical,64,2.91307,2.91215,2.90651,2.92501,2.92501,2.93098,2.92969,2.92449,0.99389,0.99401,-0.00596,-0.00596
relu,machine-3-7,22,burst,W2_f1,identical,256,3.29948,3.29897,3.27635,3.31101,3.31101,3.31395,3.31331,3.29119,0.99563,0.99567,-0.00294,-0.00294
relu,machine-3-7,22,burst,W2_f1,identical,1024,2.91976,2.91944,2.91258,2.93074,2.93074,2.93235,2.93202,2.92625,0.99571,0.99571,-0.00161,-0.00161
relu,machine-3-7,22,burst,W2_f1,variant,64,1.30018,1.29974,1.29659,1.31005,1.31005,1.31334,1.31263,1.3098,0.98998,0.99018,-0.00329,-0.00329
relu,machine-3-7,22,burst,W2_f1,variant,256,1.5633,1.563,1.55003,1.57246,1.57246,1.57424,1.57385,1.56123,0.99305,0.99311,-0.00179,-0.00179
relu,machine-3-7,22,burst,W2_f1,variant,1024,1.26987,1.26965,1.26837,1.27799,1.27799,1.27909,1.27886,1.27834,0.99279,0.99279,-0.0011,-0.0011
relu,machine-3-7,22,burst,W3_b01,identical,64,4.17784,3.76472,0.68864,4.6574,,4.65244,4.65295,4.26405,0.89799,0.8091,,0.00496
relu,machine-3-7,22,burst,W3_b01,identical,256,4.25618,3.9009,0.9273,4.66433,,4.65932,4.65969,3.69633,0.91348,0.83716,,0.00501
relu,machine-3-7,22,burst,W3_b01,identical,1024,4.23098,3.92998,0.97989,4.59364,,4.593,4.59322,3.15102,0.92118,0.8556,,0.00065
relu,machine-3-7,22,burst,W3_b01,variant,64,2.1615,1.8876,-0.90956,2.45474,,2.45087,2.45113,2.16421,0.88193,0.77009,,0.00387
relu,machine-3-7,22,burst,W3_b01,variant,256,2.17891,1.94979,-0.46444,2.42941,,2.42515,2.4253,1.78692,0.89846,0.80394,,0.00426
relu,machine-3-7,22,burst,W3_b01,variant,1024,2.16319,1.98064,-0.20757,2.39464,,2.39443,2.39456,1.4032,0.90343,0.82714,,0.00022
relu,machine-3-7,22,burst,W3_b05,identical,64,6.18478,4.99605,4.58199,5.65438,,5.66973,5.67101,4.88381,1.09084,0.88098,,-0.01535
relu,machine-3-7,22,burst,W3_b05,identical,256,5.92288,4.88406,3.95309,5.40588,,5.39604,5.39622,4.07696,1.09763,0.90509,,0.00984
relu,machine-3-7,22,burst,W3_b05,identical,1024,6.16235,5.37845,3.14274,5.83692,,5.83806,5.83715,3.38618,1.05555,0.92142,,-0.00113
relu,machine-3-7,22,burst,W3_b05,variant,64,3.39554,2.65096,2.10497,3.0509,,3.0605,3.0617,2.54828,1.10947,0.86585,,-0.0096
relu,machine-3-7,22,burst,W3_b05,variant,256,3.18176,2.51591,1.77811,2.82803,,2.81978,2.81991,2.05247,1.12837,0.89219,,0.00824
relu,machine-3-7,22,burst,W3_b05,variant,1024,3.36165,2.88899,1.31589,3.17384,,3.17448,3.17399,1.59187,1.05896,0.91021,,-0.00064
relu,machine-3-7,22,spike,W1,identical,64,1.53521,1.53429,1.27584,1.71417,,1.74317,1.73449,1.63672,0.8807,0.88458,,-0.029
relu,machine-3-7,22,spike,W1,identical,256,1.70153,1.69708,1.42966,1.76766,,1.77766,1.77948,1.56768,0.95717,0.9537,,-0.01
relu,machine-3-7,22,spike,W1,identical,1024,1.69264,1.69227,1.40086,1.80659,,1.812,1.81237,1.61213,0.93413,0.93373,,-0.00541
relu,machine-3-7,22,spike,W1,variant,64,1.72178,1.72541,1.56276,1.71747,,1.75907,1.74906,1.6381,0.97881,0.98648,,-0.04159
relu,machine-3-7,22,spike,W1,variant,256,1.738,1.74571,1.52397,1.7627,,1.76914,1.76587,1.56078,0.9824,0.98859,,-0.00645
relu,machine-3-7,22,spike,W1,variant,1024,1.7684,1.76835,1.53534,1.77017,,1.77256,1.77288,1.54949,0.99765,0.99745,,-0.00239
relu,machine-3-7,22,spike,W2_f0995,identical,64,1.10212,1.08406,0.98901,1.03101,1.05165,1.11121,1.09308,1.001,0.99182,0.99175,-0.05957,-0.08021
relu,machine-3-7,22,spike,W2_f0995,identical,256,1.15439,1.157,0.83392,1.16971,1.17413,1.15605,1.15884,0.84338,0.99857,0.99841,0.01808,0.01366
relu,machine-3-7,22,spike,W2_f0995,identical,1024,1.25489,1.25493,0.97322,1.25515,1.25457,1.25496,1.255,0.98,0.99994,0.99994,-0.00039,0.00019
relu,machine-3-7,22,spike,W2_f0995,variant,64,1.09112,1.0731,0.97896,1.01137,1.03208,1.09311,1.07475,0.98245,0.99818,0.99847,-0.06104,-0.08174
relu,machine-3-7,22,spike,W2_f0995,variant,256,1.16322,1.16581,0.84571,1.17604,1.18065,1.16284,1.16554,0.84793,1.00033,1.00023,0.01781,0.0132
relu,machine-3-7,22,spike,W2_f0995,variant,1024,1.20857,1.20861,0.93067,1.20878,1.20821,1.20859,1.20862,0.9308,0.99998,0.99999,-0.00037,0.00019
relu,machine-3-7,22,spike,W2_f1,identical,64,0.95304,0.95248,0.95013,0.95065,0.95065,0.95334,0.95276,0.95044,0.99968,0.99971,-0.0027,-0.0027
relu,machine-3-7,22,spike,W2_f1,identical,256,0.87926,0.87917,0.87149,0.87899,0.87899,0.87941,0.87931,0.87165,0.99983,0.99984,-0.00042,-0.00042
relu,machine-3-7,22,spike,W2_f1,identical,1024,1.05485,1.05462,1.04172,1.05383,1.05383,1.05506,1.05481,1.04195,0.9998,0.99982,-0.00123,-0.00123
relu,machine-3-7,22,spike,W2_f1,variant,64,0.9295,0.92895,0.9266,0.92695,0.92695,0.92962,0.92905,0.92673,0.99987,0.9999,-0.00268,-0.00268
relu,machine-3-7,22,spike,W2_f1,variant,256,0.88594,0.88584,0.87794,0.8855,0.8855,0.88596,0.88586,0.87797,0.99997,0.99998,-0.00046,-0.00046
relu,machine-3-7,22,spike,W2_f1,variant,1024,1.0008,1.00057,0.98729,0.99968,0.99968,1.00084,1.00061,0.98735,0.99995,0.99996,-0.00117,-0.00117
relu,machine-3-7,22,spike,W3_b01,identical,64,1.66285,1.66163,1.36513,1.69046,,1.68908,1.68872,1.47265,0.98447,0.98396,,0.00137
relu,machine-3-7,22,spike,W3_b01,identical,256,1.61455,1.61472,0.99261,1.63851,,1.63765,1.6377,1.0561,0.9859,0.98596,,0.00086
relu,machine-3-7,22,spike,W3_b01,identical,1024,1.72109,1.72088,0.93394,1.7425,,1.74239,1.74229,1.0204,0.98777,0.98772,,0.00011
relu,machine-3-7,22,spike,W3_b01,variant,64,1.71519,1.71489,1.442,1.72063,,1.71962,1.71917,1.51261,0.99742,0.99751,,0.00101
relu,machine-3-7,22,spike,W3_b01,variant,256,1.63646,1.63657,1.0336,1.64193,,1.64081,1.64086,1.07338,0.99734,0.99738,,0.00112
relu,machine-3-7,22,spike,W3_b01,variant,1024,1.71855,1.71869,0.94332,1.72096,,1.7207,1.72051,0.99653,0.99875,0.99894,,0.00025
relu,machine-3-7,22,spike,W3_b05,identical,64,1.33711,1.33656,1.0816,1.4416,,1.44924,1.44833,1.25501,0.92263,0.92283,,-0.00764
relu,machine-3-7,22,spike,W3_b05,identical,256,1.42681,1.42628,0.65283,1.50726,,1.50627,1.50586,0.76115,0.94725,0.94716,,0.00099
relu,machine-3-7,22,spike,W3_b05,identical,1024,1.61215,1.61404,0.66379,1.67715,,1.67955,1.67943,0.77973,0.95987,0.96106,,-0.0024
relu,machine-3-7,22,spike,W3_b05,variant,64,1.60221,1.60694,1.30033,1.62221,,1.62585,1.62504,1.43293,0.98546,0.98886,,-0.00363
relu,machine-3-7,22,spike,W3_b05,variant,256,1.58265,1.58278,0.78038,1.60028,,1.59764,1.5972,0.87536,0.99062,0.99097,,0.00264
relu,machine-3-7,22,spike,W3_b05,variant,1024,1.73473,1.7385,0.81529,1.74468,,1.74505,1.7448,0.87062,0.99409,0.99639,,-0.00036
relu,machine-3-7,33,burst,W1,identical,64,1.7234,1.63306,0.94802,4.35143,,4.36961,4.36116,4.11974,0.39441,0.37446,,-0.01818
relu,machine-3-7,33,burst,W1,identical,256,3.10069,3.08409,2.39854,4.53939,,4.53716,4.53672,4.06219,0.6834,0.67981,,0.00223
relu,machine-3-7,33,burst,W1,identical,1024,3.60459,3.60535,2.9865,4.47608,,4.47485,4.47623,3.93219,0.80552,0.80544,,0.00124
relu,machine-3-7,33,burst,W1,variant,64,1.61031,1.70353,0.90417,2.26776,,2.27454,2.26838,2.10468,0.70797,0.75099,,-0.00678
relu,machine-3-7,33,burst,W1,variant,256,2.08869,2.13861,1.60033,2.40972,,2.40714,2.40668,2.08181,0.86771,0.88861,,0.00258
relu,machine-3-7,33,burst,W1,variant,1024,2.29831,2.31168,1.90354,2.37967,,2.37885,2.37963,2.01274,0.96614,0.97145,,0.00082
relu,machine-3-7,33,burst,W2_f0995,identical,64,2.67438,2.59423,2.1835,3.19933,3.25423,3.44477,3.39585,3.16906,0.77636,0.76394,-0.19054,-0.24544
relu,machine-3-7,33,burst,W2_f0995,identical,256,3.47309,3.46272,2.26088,3.69123,3.70328,3.69049,3.69207,3.07869,0.94109,0.93788,0.01279,0.00074
relu,machine-3-7,33,burst,W2_f0995,identical,1024,3.21334,3.21312,2.20971,3.21772,3.21696,3.21795,3.21789,2.7163,0.99857,0.99852,-0.001,-0.00023
relu,machine-3-7,33,burst,W2_f0995,variant,64,0.9851,0.93492,0.67927,1.44207,1.47427,1.59323,1.56141,1.42477,0.61831,0.59877,-0.11895,-0.15115
relu,machine-3-7,33,burst,W2_f0995,variant,256,1.61541,1.60685,0.77287,1.78812,1.79648,1.79008,1.79085,1.39193,0.90243,0.89725,0.00641,-0.00196
relu,machine-3-7,33,burst,W2_f0995,variant,1024,1.41459,1.41443,0.81083,1.41793,1.41738,1.41812,1.41807,1.20042,0.99751,0.99743,-0.00073,-0.00019
relu,machine-3-7,33,burst,W2_f1,identical,64,2.94216,2.94121,2.93539,2.95535,2.95535,2.96138,2.96007,2.95471,0.99351,0.99363,-0.00603,-0.00603
relu,machine-3-7,33,burst,W2_f1,identical,256,3.33193,3.33142,3.30866,3.34426,3.34426,3.3471,3.34648,3.32425,0.99547,0.9955,-0.00284,-0.00284
relu,machine-3-7,33,burst,W2_f1,identical,1024,2.97739,2.97709,2.96879,2.98844,2.98844,2.99002,2.9897,2.98244,0.99578,0.99578,-0.00158,-0.00158
relu,machine-3-7,33,burst,W2_f1,variant,64,1.31017,1.30971,1.30647,1.32085,1.32085,1.32416,1.32343,1.32052,0.98943,0.98963,-0.00332,-0.00332
relu,machine-3-7,33,burst,W2_f1,variant,256,1.57865,1.57836,1.56547,1.58831,1.58831,1.59,1.58962,1.5771,0.99286,0.99291,-0.00169,-0.00169
relu,machine-3-7,33,burst,W2_f1,variant,1024,1.30691,1.3067,1.3045,1.31511,1.31511,1.3162,1.31598,1.3145,0.99294,0.99295,-0.00109,-0.00109
relu,machine-3-7,33,burst,W3_b01,identical,64,4.01159,3.60248,0.62333,4.56614,,4.55985,4.55928,4.17419,0.87976,0.79014,,0.00629
relu,machine-3-7,33,burst,W3_b01,identical,256,4.10089,3.75897,1.02328,4.60227,,4.59613,4.59589,3.73673,0.89225,0.8179,,0.00615
relu,machine-3-7,33,burst,W3_b01,identical,1024,4.2112,3.92864,1.13205,4.6373,,4.63437,4.63424,3.3312,0.90869,0.84774,,0.00292
relu,machine-3-7,33,burst,W3_b01,variant,64,2.06034,1.79146,-0.88507,2.40307,,2.39876,2.39829,2.10432,0.85892,0.74697,,0.00431
relu,machine-3-7,33,burst,W3_b01,variant,256,2.10131,1.884,-0.37694,2.41663,,2.41162,2.41139,1.82658,0.87133,0.7813,,0.00501
relu,machine-3-7,33,burst,W3_b01,variant,1024,2.2,2.02681,-0.13949,2.47717,,2.47558,2.47556,1.5253,0.88868,0.81873,,0.00159
relu,machine-3-7,33,burst,W3_b05,identical,64,5.62294,4.51583,3.68556,5.21094,,5.21286,5.20539,4.31188,1.07867,0.86753,,-0.00192
relu,machine-3-7,33,burst,W3_b05,identical,256,5.55428,4.6192,3.49502,5.23467,,5.21112,5.20862,3.8832,1.06585,0.88684,,0.02355
relu,machine-3-7,33,burst,W3_b05,identical,1024,6.00308,5.28302,3.07134,5.80817,,5.79521,5.79379,3.50625,1.03587,0.91184,,0.01296
relu,machine-3-7,33,burst,W3_b05,variant,64,3.02833,2.34875,1.48321,2.74792,,2.75372,2.74798,2.13605,1.09973,0.85472,,-0.0058
relu,machine-3-7,33,burst,W3_b05,variant,256,3.04173,2.45514,1.48151,2.8392,,2.82189,2.81977,1.94425,1.0779,0.87069,,0.01731
relu,machine-3-7,33,burst,W3_b05,variant,1024,3.37088,2.9372,1.16682,3.27859,,3.27046,3.26967,1.61843,1.03071,0.89832,,0.00813
relu,machine-3-7,33,spike,W1,identical,64,1.49004,1.49213,1.2245,1.71364,,1.73434,1.72725,1.64412,0.85914,0.86388,,-0.0207
relu,machine-3-7,33,spike,W1,identical,256,1.67461,1.67608,1.42635,1.76263,,1.76649,1.76329,1.60964,0.94799,0.95054,,-0.00386
relu,machine-3-7,33,spike,W1,identical,1024,1.65218,1.65094,1.38697,1.7922,,1.79468,1.79497,1.60551,0.9206,0.91976,,-0.00248
relu,machine-3-7,33,spike,W1,variant,64,1.73013,1.73221,1.56482,1.73224,,1.75255,1.74343,1.67511,0.98721,0.99357,,-0.02031
relu,machine-3-7,33,spike,W1,variant,256,1.76047,1.76165,1.54966,1.76787,,1.77415,1.77268,1.58328,0.99229,0.99378,,-0.00628
relu,machine-3-7,33,spike,W1,variant,1024,1.79428,1.79192,1.5262,1.80442,,1.79653,1.79766,1.57855,0.99875,0.99681,,0.00788
relu,machine-3-7,33,spike,W2_f0995,identical,64,1.10941,1.09104,0.99353,1.03687,1.05789,1.11893,1.10042,1.00637,0.99149,0.99148,-0.06104,-0.08206
relu,machine-3-7,33,spike,W2_f0995,identical,256,1.16562,1.1681,0.83593,1.18012,1.18429,1.16713,1.1698,0.84491,0.99871,0.99854,0.01716,0.01299
relu,machine-3-7,33,spike,W2_f0995,identical,1024,1.25928,1.25933,0.97592,1.25957,1.259,1.25937,1.25941,0.98367,0.99993,0.99994,-0.00037,0.0002
relu,machine-3-7,33,spike,W2_f0995,variant,64,1.09783,1.07952,0.98364,1.01599,1.03705,1.09979,1.08108,0.98725,0.99822,0.99856,-0.06274,-0.0838
relu,machine-3-7,33,spike,W2_f0995,variant,256,1.17166,1.17411,0.84648,1.1835,1.1881,1.17109,1.17365,0.84804,1.00049,1.0004,0.017,0.0124
relu,machine-3-7,33,spike,W2_f0995,variant,1024,1.21173,1.21178,0.93355,1.21197,1.21142,1.21176,1.2118,0.93436,0.99998,0.99999,-0.00034,0.00022
relu,machine-3-7,33,spike,W2_f1,identical,64,0.97311,0.97256,0.97017,0.97078,0.97078,0.97345,0.97287,0.97051,0.99965,0.99968,-0.00268,-0.00268
relu,machine-3-7,33,spike,W2_f1,identical,256,0.89382,0.89373,0.88595,0.89357,0.89357,0.89395,0.89386,0.8861,0.99985,0.99985,-0.00038,-0.00038
relu,machine-3-7,33,spike,W2_f1,identical,1024,1.0776,1.07738,1.06352,1.07663,1.07663,1.07784,1.0776,1.06378,0.99978,0.99979,-0.00121,-0.00121
relu,machine-3-7,33,spike,W2_f1,variant,64,0.94675,0.94621,0.94386,0.94427,0.94427,0.94688,0.94632,0.94399,0.99986,0.99989,-0.00262,-0.00262
relu,machine-3-7,33,spike,W2_f1,variant,256,0.89671,0.89662,0.88901,0.89633,0.89633,0.8967,0.89662,0.88901,1.0,1.00001,-0.00037,-0.00037
relu,machine-3-7,33,spike,W2_f1,variant,1024,1.02259,1.02238,1.00854,1.02151,1.02151,1.02265,1.02243,1.00861,0.99994,0.99995,-0.00114,-0.00114
relu,machine-3-7,33,spike,W3_b01,identical,64,1.70553,1.70426,1.40791,1.7398,,1.73749,1.73714,1.52974,0.98161,0.98107,,0.0023
relu,machine-3-7,33,spike,W3_b01,identical,256,1.65381,1.65375,1.07103,1.67986,,1.67836,1.67844,1.15112,0.98537,0.98529,,0.00149
relu,machine-3-7,33,spike,W3_b01,identical,1024,1.7098,1.70931,0.99198,1.73697,,1.73542,1.73545,1.08974,0.98524,0.98494,,0.00155
relu,machine-3-7,33,spike,W3_b01,variant,64,1.74182,1.74157,1.45016,1.74742,,1.74633,1.74605,1.53309,0.99742,0.99743,,0.0011
relu,machine-3-7,33,spike,W3_b01,variant,256,1.65871,1.65893,1.07332,1.66231,,1.66077,1.66087,1.1259,0.99876,0.99884,,0.00155
relu,machine-3-7,33,spike,W3_b01,variant,1024,1.70853,1.70863,0.98435,1.7124,,1.71085,1.71086,1.04178,0.99864,0.9987,,0.00154
relu,machine-3-7,33,spike,W3_b05,identical,64,1.39687,1.39467,1.07136,1.5132,,1.52413,1.52352,1.31079,0.9165,0.91543,,-0.01093
relu,machine-3-7,33,spike,W3_b05,identical,256,1.47039,1.46906,0.78109,1.56424,,1.55905,1.55907,0.91893,0.94313,0.94227,,0.0052
relu,machine-3-7,33,spike,W3_b05,identical,1024,1.63447,1.6339,0.72611,1.70979,,1.71065,1.71061,0.88241,0.95547,0.95516,,-0.00087
relu,machine-3-7,33,spike,W3_b05,variant,64,1.63292,1.63377,1.20291,1.642,,1.65139,1.65123,1.36282,0.98882,0.98943,,-0.00938
relu,machine-3-7,33,spike,W3_b05,variant,256,1.55734,1.55836,0.78927,1.57377,,1.56704,1.56725,0.86526,0.99381,0.99433,,0.00673
relu,machine-3-7,33,spike,W3_b05,variant,1024,1.73043,1.73134,0.73372,1.73702,,1.736,1.73614,0.79024,0.99679,0.99723,,0.00103
