case,seed,op,view,start,end,log_score,cv,maha_mean,maha_centroid,cov_distance,corr_distance,manip_energy,near_constant_energy,top5_energy,direction_cosine,mean_r_0,mean_r_1,mean_r_2,mean_r_3,mean_r_4,mean_r_5,mean_r_6,mean_r_7,mean_r_8,mean_r_9,mean_r_10,mean_r_11,mean_r_12,mean_r_13,mean_r_14,mean_r_15,mean_r_16,mean_r_17,mean_r_18,mean_r_19,mean_r_20,mean_r_21,mean_r_22,mean_r_23,mean_r_24,mean_r_25,mean_r_26,mean_r_27,mean_r_28,mean_r_29,mean_r_30,mean_r_31,mean_r_32,mean_r_33,mean_r_34,mean_r_35,mean_r_36,mean_r_37,mean_r_38,mean_r_39,mean_r_40,mean_r_41,mean_r_42,mean_r_43,mean_r_44,mean_r_45,mean_r_46,mean_r_47,mean_r_48,mean_r_49,mean_r_50,mean_r_51,mean_r_52,state,end_hours
case01,11,W1,step2e_regression_clip,1024,1280,4.269781971247699,0.0103843681082382,138.94613078235813,138.62556992922936,1.0720585735751629,0.1474973044085872,0.4688769589893135,0.1621174062595793,0.4023802639932152,-0.1704930630223299,4.611357606419568,14.007547603339392,11.64841044127806,10.234130779829654,-2.149807159989637,2.357961829113523,-0.1175136985480655,0.4629533781201247,-0.2726266311779946,2.4706468841014333,-21.96988144776709,-0.681612232575572,-1.2812598584961268,13.195859716945549,-0.1315565700763811,4.615015581299434,10.85776877507306,-33.896121876470936,0.6607334821967894,-15.098667851317265,-27.80033429625864,-18.807088558235225,0.4878876417397786,-4.918771399032731,0.6820496684116653,3.1459887458917457,5.031467018491265,-11.072958585810332,1.2078887349787109,-1.4394821661060715,-1.5819912432126644,1.1521793577060384,5.439262626367453,-12.4564078971824,-13.416925932260035,-6.35731326142024,1.2482858080460928,15.917302192690432,2.061938229669925,-0.7451341281015321,0.1637154518507764,35.900871667270486,30.85349076105255,4.4666490215262336,28.24709883816676,0.0,2.210279287548757,33.003535638538935,27.37928813011744,0.0,22.10260402874869,1.6207108896203826,0.0,NORMAL_B,83.95
case01,11,W1,step2e_regression_clip,1152,1408,4.268359892088975,0.010396904904831,138.7882977025042,138.4402876701239,1.191253089426733,0.1536287936318056,0.4692347147262223,0.1621092982739206,0.4022454674653238,-0.170225674582692,4.379267675291917,13.702686924565043,11.777105511766129,10.080528380625312,-2.2098095698948703,2.322438535648706,-0.2412094968255426,0.4705132080888948,-0.1673880838631693,1.918430748029138,-21.967688946751657,-0.5620868776542692,-1.3508906171934212,13.120388001996403,-0.0430172732798589,4.541344280627262,10.942394260400036,-33.82194925626145,0.6854249584669756,-14.872790201634462,-27.72347807575042,-18.84877626803096,0.584812999837271,-4.947338309345728,0.7739723964754845,2.9159829771530723,5.088488734471349,-10.954682479610383,1.5302679782929407,-1.593766797629821,-1.9639743530743377,1.1542926594473495,5.609944153770193,-12.422511654808549,-13.591434340542978,-6.191065393936075,1.3637709895835812,16.008499622871575,2.563259403512633,-0.8413420744554684,0.1104834080709259,35.8669460079729,30.872052513262688,4.263772658245122,28.207656278814586,0.0,1.6227414205551474,32.9403354899556,27.35244479885236,0.0,22.08170906845665,1.6050309864462968,0.0,NORMAL_B,90.35000000000001
case01,11,W1,step2e_regression_clip,1280,1536,4.27438900784374,0.0105891060770047,138.71289900658115,138.34647990558258,1.2683923622218556,0.1564345874826212,0.4614762734640025,0.1609686217053375,0.3959067963901947,-0.1622899499323169,3.3744914847886784,13.6999954929452,11.779947186307613,9.989283083325768,-2.655134190951908,2.0264077696334164,-0.2837869111338095,0.5137437567582758,-0.2959446988887076,1.9944151052910493,-21.95546857139104,-0.5158739616002345,-1.3390908227424054,13.302862461060908,-0.0984403564638083,4.562917116584224,10.931958523191962,-33.75570065677573,0.6280695317954015,-16.882330200660594,-27.73635927466354,-19.51345958291376,0.5702427839480451,-4.624734769563301,0.5623419767736562,2.8068032924119275,5.50845869977091,-10.615245030738532,1.175196889045066,-0.9551744425521824,-2.1726853233547194,1.402578373714148,6.068955440978174,-11.942685957092223,-14.076165276940367,-6.396357631795923,1.6175104551895516,16.810336120229184,3.133143603988993,-0.8886453646523064,-0.0363101896902559,35.81082495531364,30.87014866471889,3.1778279445955318,28.032752445414594,0.0,1.771422474892103,32.90733229623249,27.350121863738725,0.0,22.054960680828938,1.4922462668292866,0.0,NORMAL_B,96.75
case01,11,W2_f0995,step2e_regression_clip,1024,1280,4.268262143563683,0.0093662276737459,93.82051547570286,93.5453869303829,0.7896237077000056,0.1451006821702112,0.4717367336227194,0.1636970435356153,0.3931743315093351,-0.2231745335741969,3.4381051660838207,11.760255184321668,10.371120081649064,9.535148515286863,-1.9568954518055703,2.3111772532181813,-0.1008291125343129,0.0241102370728888,-0.1785553824538534,1.290400566926584,-20.06861391531599,-0.0715260644006355,-0.7341111079443107,12.447967396607469,-0.080839197265347,3.0657125745024656,10.018197500575392,-22.501550921498527,0.2853142336513976,-13.203402157545035,-22.366356467694555,-18.88087628331828,0.09624592259751,-4.344645139390174,0.0607797798281027,2.680506483650784,3.778421406098147,-8.876011159023314,0.7171340134795609,-1.1575396996665652,-1.1443199891196127,0.5373292557772839,4.235508940792887,-9.499867629604518,-9.811241332451026,-5.169378101436619,0.2786507844368229,10.991461682742845,1.29708145124548,0.1442503824287165,-0.3648405102025636,19.52303724082585,19.441683874840407,3.5099392813406984,20.86309984738344,0.0,1.159264224069802,21.482440836003125,22.195982830147067,0.0,19.606108279224685,1.0559688971888663,0.0,NORMAL_B,83.95
case01,11,W2_f0995,step2e_regression_clip,1152,1408,4.26768427150938,0.0098121717043283,93.74539886665671,93.45271087334172,0.8413871502825123,0.1537983001780533,0.4721481918028778,0.1640202163609016,0.3936263316100474,-0.2232903593086317,3.289822194151699,11.497243102656862,10.490930307575098,9.39266880592121,-2.026450216743819,2.251456591022626,-0.1649148274064137,0.0265590340628551,-0.0750906045725677,1.0001099342642452,-20.068748929329185,0.0231778891599364,-0.7641327257399254,12.407375834018156,-0.0344775116067403,3.028224434041946,10.10035515048538,-22.501562514716657,0.3327955484233454,-13.023265497222342,-22.36625505506762,-18.92528187588541,0.1584716315101164,-4.362671547316328,0.1318956602616407,2.5400148250302803,3.826003438662754,-8.734708481420302,0.9688826379536633,-1.2858546316319803,-1.43296069599863,0.5555139991927379,4.414379143478985,-9.437509862192853,-9.957585641331049,-5.020675781332966,0.3754120895274264,11.069758599576598,1.7118383990526376,0.030785012691203,-0.3945978923362115,19.523136165340404,19.44170883556004,3.3881139653285013,20.863209789294665,0.0,0.8633887119383259,21.48262759374254,22.196013292840014,0.0,19.6060570630996,1.0575623742137206,0.0,NORMAL_B,90.35000000000001
case01,11,W2_f0995,step2e_regression_clip,1280,1536,4.274513916946124,0.0092460976611693,93.72888079066314,93.42472434899128,0.8445653982193523,0.1550145462352684,0.4650519581875992,0.1624935657978384,0.3882848617808401,-0.2262613709845947,2.6368127937527754,11.468967822194587,10.501762227508708,9.3929431914678,-2.316122967224099,1.9772436970174223,-0.0742637996766518,0.0787639396686836,-0.176273107533686,1.0157922369140788,-20.068847693971872,0.0270195911021192,-0.6728919373492942,12.61124720599622,-0.0885101313493013,3.111051050481576,10.103610888245864,-22.501104858570457,0.3075849796222192,-14.784146675062606,-22.36654007087435,-19.531299995846847,0.1268704562221581,-4.049883750456565,-0.0446895827793657,2.483946599756908,4.095609886122534,-8.410649125590956,0.6898890660130114,-0.720527721436025,-1.6150318717982182,0.8596235750611531,4.772267741214003,-8.920991435900556,-10.43309321472265,-5.190643131697774,0.5835348492573589,11.612340316261452,2.063712286671933,0.0154337255309207,-0.4494721166643154,19.522889692226915,19.4420034512325,2.7253549447850984,20.862476140690998,0.0,0.8980661650076278,21.483099767122777,22.19566596934701,0.0,19.60574535347469,1.015487943234469,0.0,NORMAL_B,96.75
case01,11,W3_b01,step2e_regression_clip,1024,1280,4.270639666974694,0.0094667381914852,100.55164988199756,100.26717158758034,0.8239307457127254,0.1346065657142593,0.4671098375242518,0.1609238977052806,0.3935604404320363,0.2247921419896492,3.358499195814748,12.327691815668269,10.762080438181284,9.743320263515113,-1.8955236761241836,2.1250831273369424,-0.6098907062634371,-0.0007408715323488,-0.2262941140180487,1.3621843384141723,-20.87035681675317,-0.1808435211230883,-1.265264607239271,12.8611139278602,-0.1580311800370052,3.13095885039302,10.336774164199111,-24.23277429946148,0.5490658184889308,-14.439052647871549,-23.52003041983829,-19.660274718792174,0.3465618398233134,-4.385019989207457,-0.0251087291725679,2.9051043471522067,4.092120958555866,-9.30878313855617,0.7630318275418999,-1.102483030100084,-1.3059212738277368,0.4148518845728388,4.477694587586936,-10.00133453901872,-10.450980061655136,-5.528866416535955,0.3095516209795724,11.788200207591846,1.7961594124740776,0.2651191869895201,-0.3040664313334233,21.70871930338513,21.489170385725973,3.4680365343228776,22.250387539630985,0.0,1.193079864701149,23.813407549487035,23.37850032604628,0.0,20.496211769376607,1.0148552089486242,0.0,NORMAL_B,83.95
case01,11,W3_b01,step2e_regression_clip,1152,1408,4.270096193319072,0.0098919141385558,100.4720621803302,100.16826154205168,0.9000776647118274,0.1446010928566855,0.4675352827143443,0.1612395815938469,0.3939665322132319,0.2265916539345059,3.193674174283367,12.053847361877928,10.887227621398331,9.595959681917517,-1.969291935437848,2.0645423661590545,-0.6856956575773152,0.0010878025082081,-0.120688336110971,0.9765112078646496,-20.871178057467716,-0.0835995303068637,-1.3013983867076602,12.818847496137131,-0.1078072179609104,3.085795256172581,10.421889567460816,-24.231439241241944,0.5967593964633214,-14.25022926081063,-23.51739171159778,-19.70705008953207,0.412472419262726,-4.403637687043998,0.0484117548555341,2.751721917071626,4.141338959907448,-9.162131542350494,1.0233836083824883,-1.236668287728118,-1.605199739089833,0.4347412686252767,4.663215973913507,-9.938046332588735,-10.601267085426024,-5.372520768946172,0.4106167819919022,11.873657793945805,2.2365151361203903,0.1474901728064904,-0.3388579005841378,21.70810823705781,21.490544943251603,3.331601045044868,22.24997677332069,0.0,0.7965810139683572,23.81478391439781,23.3790876851014,0.0,20.494370995078064,1.0159232224552988,0.0,NORMAL_B,90.35000000000001
case01,11,W3_b01,step2e_regression_clip,1280,1536,4.277060592542942,0.0092823781477399,100.44560960652208,100.12835448307364,0.920725808630132,0.1463705481270439,0.4604354628977812,0.159722310179571,0.3884883715814726,0.2333536205127655,2.4716058137573222,12.02463979105799,10.904646069485109,9.5889652942737,-2.274006687644859,1.7850892572878054,-0.5802848688714319,0.0462460720547675,-0.2279104970532612,1.0048852536726212,-20.871764077696465,-0.0810659168111284,-1.1965056677786916,13.02966983862985,-0.1639329822421303,3.1813646902053367,10.423139948678813,-24.226821011314147,0.5668681022139014,-16.105340590273187,-23.518770813789065,-20.33443483653184,0.3872212454194846,-4.08324821757141,-0.1377672875532923,2.6912116583965378,4.417195519083885,-8.818051795521209,0.731214511616646,-0.6406321674097492,-1.7971564519259158,0.743297056703605,5.03235530300883,-9.402243571786238,-11.089305582307372,-5.549197592524082,0.6333279638711342,12.459361001645558,2.5998088930827445,0.1369675850474664,-0.3961791853938707,21.703212142460703,21.494783452086267,2.5919294801763817,22.243735984414084,0.0,0.8517870551146461,23.818063712207664,23.37713663992525,0.0,20.49002165530889,0.967487544594601,0.0,NORMAL_B,96.75
case01,11,W1,fit_only_clip,1024,1280,4.271601629916539,0.0103910016405836,140.51108977541787,140.19752010814983,1.0812256881026114,0.150093552211306,0.4648749440744761,0.1590799198750516,0.3963155346212906,-0.1307188690224302,4.750684408506902,13.765329526019544,11.552050948995412,10.2322539409693,-2.1039567141238686,2.4760757488263403,-0.2902026698685115,0.4786056294911651,-0.29293268244216,2.716852783098009,-21.773833322707173,-0.6222219808113478,-1.4180869951906223,13.130686643465804,0.0072676431412962,4.478035223087079,10.787241457365129,-29.97540094841133,0.5257258855264618,-15.030062184406589,-27.632873283240563,-18.742930116652115,0.546484523994997,-4.965445960127739,0.7017969639161824,2.9593352523850625,5.159848808862934,-11.251706561049325,1.2652939932319185,-1.4564413560784817,-1.5573104222175431,1.0201830722165028,5.2164036823279964,-12.583280520423164,-13.165459857691436,-6.299472101113654,1.2171030836311092,15.789010504486608,1.8358883731420932,-0.5179063907065851,0.0717187226983335,36.67216164820194,31.712443543533947,4.5758439832398965,26.882757172056184,0.0,2.483145030423577,31.22844940473928,27.02323572465289,0.0,22.43778878821039,1.519610645972466,0.0,NORMAL_B,83.95
case01,11,W1,fit_only_clip,1152,1408,4.270920916764273,0.0108236906986235,140.40377200553763,140.06158683963042,1.2132746642792864,0.1528254994814768,0.4653384438860968,0.1593474759345516,0.3966991239811543,-0.1306361541250605,4.505213609215799,13.47019345039112,11.680863985564358,10.079087237573908,-2.1823373274181037,2.4140879531893678,-0.384948905266401,0.4821160697521019,-0.1828533193707556,2.1084092107452976,-21.773919602674606,-0.5095747887692365,-1.4619127624820154,13.083553377797616,0.0658965250976133,4.422022656534964,10.87847260192449,-29.967433264670262,0.5758104181817422,-14.820851241740584,-27.622263815869044,-18.785827788270097,0.6256474080009589,-4.983907139572101,0.7932623826164223,2.7723818309437576,5.212099812421573,-11.08786988883984,1.5741752741240318,-1.6180987990095657,-1.9493169175109917,1.0447770519993294,5.431987492090817,-12.505641930669483,-13.346146782847368,-6.118391821876366,1.3469176096500133,15.893855576310742,2.3806146469404066,-0.6610024966652217,0.0286050098816168,36.66470196820597,31.719286979578005,4.366239587862618,26.8838923218361,0.0,1.8333270880385384,31.22104232181184,27.019499107676676,0.0,22.433849554991053,1.5208004186164088,0.0,NORMAL_B,90.35000000000001
case01,11,W1,fit_only_clip,1280,1536,4.277208417744283,0.0104129924670178,140.25358020047344,139.8934476178549,1.263559239210356,0.1512049055837376,0.4574857061110511,0.1578341832549346,0.3899387087275375,-0.1217692093128951,3.482821527793301,13.45859500100776,11.68062346207305,10.015980942796228,-2.5856287753473253,2.1370032317085688,-0.3978320735403279,0.5416066238897307,-0.3179536946803586,2.2110364265676394,-21.76062943372522,-0.4743718716083883,-1.4335094411819893,13.255491671542943,0.0227875721499938,4.463189661021227,10.867379827118166,-29.875093194975232,0.5053995604131267,-16.830595158745773,-27.58535831638072,-19.42578792505252,0.6175298984371342,-4.648036004376372,0.5827705672604233,2.63957978043772,5.601152790041809,-10.77025762434847,1.2270203606645629,-0.9495767119747522,-2.1436357743524352,1.3224788310567952,5.853753763902606,-12.012712989424529,-13.851896206663442,-6.349991412255755,1.600959143173711,16.68140203527681,2.8958875103706023,-0.6650892149038297,-0.1165404359122881,36.59917239896252,31.7328320056423,3.2624172973057566,26.74208329426581,0.0,2.0046665610860064,31.155774838427018,27.014149672018128,0.0,22.411453415585356,1.4098693456892295,0.0,NORMAL_B,96.75
case01,11,W2_f0995,fit_only_clip,1024,1280,4.2744087718223245,0.009742164635046,94.95447666184334,94.6825543455058,0.8022948563459037,0.1450787695904589,0.4678062181942988,0.1616659098149429,0.3879361793702249,-0.2336375888395703,3.439263110115597,11.76083746125012,10.371987475192196,9.535319125234906,-1.9560463389427905,2.3113805597896837,-0.1018390796231261,0.0241843345325324,-0.1793931062851863,1.2900146910589545,-20.01059277197041,-0.0711340315883539,-0.7349911337564172,12.447220247017995,-0.0806241657703266,3.0652040983734268,10.018812380061094,-20.09912654863537,0.2847880216809835,-13.20418758776203,-22.289191064230284,-18.881151951532484,0.0968104401308832,-4.345902610213087,0.0611507392086392,2.6798856562554616,3.778545481776935,-8.875767925686826,0.7166235998446325,-1.1582506162650372,-1.1452690026226713,0.5367633145512345,4.234301906760083,-9.500592823139268,-9.811521563602131,-5.16995873875754,0.2767583310105878,10.994210804749288,1.2976942968584826,0.1451127035651609,-0.3646754181450956,20.15086684928615,19.98304346433993,3.511433914116887,19.865003249397823,0.0,1.1586972220285563,20.32495807999093,22.273922834708102,0.0,19.917432781108094,1.055247405099386,0.0,NORMAL_B,83.95
case01,11,W2_f0995,fit_only_clip,1152,1408,4.27380779202108,0.0102216599068203,94.88222909265544,94.59296947545587,0.8543558892436176,0.1541016576900503,0.4682403743202729,0.1619923880311503,0.388400583970954,-0.2337297641111111,3.290928541486409,11.49781172059918,10.49179033649826,9.3928301682058,-2.025607296371526,2.25165440899663,-0.1659384405413573,0.0266388663857026,-0.0759267379427289,0.9997548748607682,-20.01072662012947,0.0235809503110069,-0.7650226483066601,12.406622045006245,-0.0342629064775499,3.0277050027857766,10.100973825872648,-20.0991295007312,0.3322825876730503,-13.02404112119048,-22.28907269256421,-18.9254868864341,0.1590319765494625,-4.36394218533649,0.1322744564554134,2.5393896922021546,3.8261309902309617,-8.73446199283319,0.9683833818364884,-1.2865911353261967,-1.433954930341733,0.5549380249473738,4.4132020101054215,-9.438220352362888,-9.9578761281366,-5.02126722096079,0.37351142938168,11.072529446999914,1.7125239734832538,0.031623846335475,-0.3944313191145085,20.15093833443175,19.983091831674248,3.389562004992442,19.86511939508353,0.0,0.8628620392815604,20.325138553391245,22.27396719575152,0.0,19.91737491069358,1.056838956202526,0.0,NORMAL_B,90.35000000000001
case01,11,W2_f0995,fit_only_clip,1280,1536,4.281209373244078,0.00963512363315,94.8844293933671,94.58389729598484,0.8581477298649489,0.1554773023046217,0.4607063812605758,0.1603010834961429,0.3826927255050463,-0.2370228876384799,2.6378037474518745,11.469557471611104,10.50265265597146,9.393041913644636,-2.315290240659817,1.9774337785186495,-0.0753177912545546,0.0788142917358723,-0.177135340365361,1.0154634475056563,-20.010818040527685,0.0274529849267953,-0.6738095529392975,12.61049837870552,-0.0883068181738222,3.1105143933974144,10.104216101905308,-20.09860519429269,0.3070292800136999,-14.78508440678926,-22.28935258844865,-19.530803135996017,0.1274517548359886,-4.051135563248338,-0.0442970841596806,2.4832740937838422,4.095732212057986,-8.410340989853331,0.6893709840186782,-0.7211654573877665,-1.616071120857704,0.8590626144351784,4.771094614974476,-8.921624932355044,-10.433409756980424,-5.191241222295552,0.5816077887155966,11.615248041799978,2.064411779672629,0.0163272303030124,-0.4492963528797392,20.150687601898607,19.983377896406427,2.726664992286056,19.864348127160515,0.0,0.8975616265005233,20.32559008191873,22.27358409811284,0.0,19.917040542841303,1.0147189386550683,0.0,NORMAL_B,96.75
case01,11,W3_b01,fit_only_clip,1024,1280,4.275564578900988,0.0098583119154426,101.91679634039748,101.63574475590916,0.8401311455215823,0.1357229463375243,0.4632439130043959,0.1591387612895763,0.3898823711889991,0.2294343726675646,3.4094610379936467,12.328007176238437,10.760336096661986,9.754133589904836,-1.8942569649588723,2.1290891327215204,-0.6243928165656549,-0.0041195518486943,-0.247779893343144,1.4154013295204677,-20.77740963802672,-0.1825592725355761,-1.2711155798353233,12.855757335485055,-0.1515480145720713,3.118915162303588,10.329556995023069,-21.606569716433395,0.5362494263711954,-14.366416504118389,-23.475633111695934,-19.627560543790384,0.3508798708833986,-4.432106579708548,-0.0192210872095604,2.8849113903119235,4.079124643559958,-9.32746546430332,0.75469333736769,-1.13462710020021,-1.2922456278300785,0.3950592217277973,4.441268557826712,-10.035642213918562,-10.43525153983328,-5.546994298596559,0.3080667422679335,11.782664523232206,1.7530093453268458,0.2827039638627847,-0.300438841794909,22.299128552981063,22.06385839959864,3.5226280600339583,21.28444213231873,0.0,1.2447380349231816,22.44530228058849,23.456589023327147,0.0,20.843647704277853,1.002255734255363,0.0,NORMAL_B,83.95
case01,11,W3_b01,fit_only_clip,1152,1408,4.274986391633946,0.0103043447693232,101.83692758532509,101.5367559276438,0.9164478439378206,0.1464468308740583,0.4636948895007802,0.1594601233260328,0.3902961148596653,0.2311285301651867,3.244053548675568,12.054130144008736,10.88530963626827,9.606623889332065,-1.9680765446778192,2.068505250181822,-0.7002517088567755,-0.0021964906885558,-0.1422065317335862,1.0301679681155185,-20.778201434202018,-0.085141758167853,-1.3072143694653344,12.813438437088802,-0.1014266053236278,3.0737782174262662,10.41464686206514,-21.605078343398976,0.5840760120121461,-14.17754633428984,-23.47299287718149,-19.67430127171836,0.4165648690175643,-4.450919536395225,0.0543904815578265,2.7316371402557538,4.1283653118439725,-9.18093055029112,1.0152534730931615,-1.269151554877655,-1.5918411127110232,0.4148930002857737,4.627169759214008,-9.972360190024045,-10.58557544870436,-5.390902928486878,0.4091767051892599,11.868166130839567,2.1939129241454185,0.1647559596534095,-0.3353070756463194,22.298338149436475,22.06532644235675,3.3856873896858377,21.28408144544513,0.0,0.8489184549506277,22.446475166443864,23.457309692119683,0.0,20.8418547051048,1.003314276138315,0.0,NORMAL_B,90.35000000000001
case01,11,W3_b01,fit_only_clip,1280,1536,4.282498419437356,0.0096768931755066,101.81755764381724,101.504144632934,0.9363084508677272,0.147842481770751,0.4561665939316131,0.1577856301305195,0.3843983134103914,0.2379726570756423,2.5200531861568702,12.024950987629982,10.902944736788433,9.599199332142494,-2.2732409944435084,1.7891630672809735,-0.5946755484454295,0.0429924815209552,-0.2495075432907703,1.0592277629111957,-20.778887490108428,-0.0820862339541857,-1.202250562885362,13.024357982915904,-0.1573813657237531,3.169519344169031,10.415845915773495,-21.599916333355186,0.5537071329099449,-16.0322935382684,-23.474226555706224,-20.301086855096493,0.3911128290059604,-4.13024983219456,-0.1314606450769969,2.6707246359168044,4.40426288453605,-8.836575179103994,0.7229169237088917,-0.6720237229399608,-1.7837914503586203,0.7238629310174295,4.996689476577929,-9.435811620943827,-11.073918544231786,-5.567642267395283,0.6317776356245528,12.45492968108988,2.556785924686267,0.1543149214756353,-0.3926650143323152,22.293429953978396,22.06947017981968,2.6437203381036296,21.277363953736216,0.0,0.904694120836382,22.449705662620104,23.455578044319253,0.0,20.83725893002122,0.9546545273114488,0.0,NORMAL_B,96.75
case01,11,W1,fit_only_no_clip,1024,1280,5.293924828213076,0.0089958103835806,345.4273807740036,345.2727034012137,1.764014801063899,0.121655803585849,0.732675786448794,0.4404558342629924,0.8439205323488796,-0.1753171605747166,4.25176142341059,13.676669351536097,12.148937107388852,10.329010396826217,-2.2334003206984026,1.580717314407049,-0.6533405331132275,0.2634279164974134,-0.0940631300771228,2.6862501149335656,-42.09494635617469,-0.0350043999960393,-1.7901821910268718,13.105849182342745,0.4048793309968457,3.857372857392383,11.438936741816637,-114.51591705299664,-0.270330307331374,-14.40387347003906,-63.51556016345416,-18.53864715300635,1.4274398127116887,-4.999246640362485,0.2884355741237484,3.4779615655081844,5.084696805410597,-10.971369381886785,0.7765461343378072,-1.5843526769209186,-1.765685609168243,0.4039046859692924,6.253695173768868,-11.998142714594652,-12.93406690036865,-6.276835727514048,0.6820303517973009,14.963387336597131,1.991798418454186,-0.3316095900072873,0.0612142446460036,80.69494535437384,56.2531832453048,4.292326214618199,49.00925505604644,0.0,2.6024579546568987,146.5154360840818,172.7767891677345,0.0,27.938246503796663,1.8573502202173084,0.0,NORMAL_B,83.95
case01,11,W1,fit_only_no_clip,1152,1408,5.291964332305073,0.0103958973649134,344.517723902685,344.3455769204069,2.3348793994430768,0.136107530973324,0.7323176881432549,0.4395879728519852,0.8434055285786735,-0.174370995137183,4.030592681149501,13.361772928175094,12.286781202542269,10.144501302604414,-2.292217122958863,1.5289277776152552,-0.7320828316072324,0.2634719915175266,0.0432576000924779,2.030083695818314,-42.10921744300043,0.0556055491293815,-1.828971536560136,13.090698641030892,0.4657200497187225,3.821058633687583,11.544504210570189,-114.65508272701568,-0.226018370498256,-14.201174101597726,-62.95170311679213,-18.577319417564127,1.5073609011983922,-5.053975519912218,0.3608537148868089,3.2707529943085345,5.129578479515912,-10.784617115808237,1.065720893032118,-1.7474996469686743,-2.1888068596706862,0.4476111323725975,6.4976770084138336,-11.91897791606506,-13.086838871556724,-6.116432388966723,0.833487602220291,15.087000570094496,2.5588346820501093,-0.4954493359470009,0.0048648080637789,79.18921547551645,57.14765635603585,4.104481206844219,48.565314110116056,0.0,1.8961741699246497,146.62084234999853,172.40577244969057,0.0,27.64673052734597,1.848560422622905,0.0,NORMAL_B,90.35000000000001
case01,11,W1,fit_only_no_clip,1280,1536,5.300091737608951,0.0098639052088579,346.4975992807791,346.3259975209585,1.9761320303985292,0.1336673006366205,0.7257686867534362,0.4315400354946408,0.8423640126235438,-0.1712915819756154,2.9317692735984706,13.366139388775416,12.286864623765137,10.18855501111062,-2.663663188237749,1.2036586209293096,-0.6191158510756336,0.3312854437863,-0.1190563807740579,2.1217606747444555,-43.04171120395228,0.0898905577033974,-1.707019583401024,13.277437640851405,0.3940828850880097,3.9148826840171456,11.534242429469602,-118.14599014330857,-0.2324290086956928,-16.227644808737576,-62.26575919445458,-19.31903157652726,1.4700760253576106,-4.6205280183481685,0.1635083482783526,3.224261223501703,5.466540200788976,-10.435803606633986,0.7592612241293081,-1.028074707738582,-2.3798735358326923,0.7744579190049604,6.906326345698947,-11.290997650204115,-13.708657229792223,-6.291579591964868,1.094344616481299,15.84678190364857,3.011133231954856,-0.5121820924694078,-0.0410875774306216,79.11834279650365,57.174486674232085,2.961170833838189,48.69297125973958,0.0,2.046803457312572,148.44909728357942,172.42545570297045,0.0,27.42426201234099,1.8218166801822409,0.0,NORMAL_B,96.75
case01,11,W2_f0995,fit_only_no_clip,1024,1280,5.298689229154848,0.0090862773310292,237.89823697038048,237.7720613655121,1.0395044342458426,0.1125296767719355,0.7317300160158127,0.4389636512378863,0.8448556851077584,-0.2569596174093226,3.440683550182998,11.756458804929268,10.378027372359089,9.533819562559351,-1.96168149461909,2.3097924488258905,-0.1079114953455965,0.0208589414738224,-0.1862635622886697,1.277229682502682,-38.54933415381736,-0.0765413823748786,-0.7420619139982011,12.449896568566151,-0.0782901636943275,3.059995290664669,10.0099700850424,-75.25438558380226,0.2865704667850286,-13.216050047096662,-51.45682942326964,-18.98801342943208,0.0983659151929632,-4.354684320977821,0.0617336371726284,2.684208941984508,3.776142725549831,-8.886760497350702,0.7068146566003041,-1.1618228999289135,-1.1363270059604014,0.5381597690166378,4.2338813400313935,-9.511059651487267,-9.812311536675612,-5.1682546395979365,0.2838202573480333,10.985588125343266,1.3122282514168166,0.1395261778164097,-0.3727812245431585,45.3365751048734,34.4030012032021,3.514314957102292,36.33562743034892,0.0,1.1459831343458011,94.78943129948644,138.6934049121603,0.0,25.136145630188683,1.0539554760361576,0.0,NORMAL_B,83.95
case01,11,W2_f0995,fit_only_no_clip,1152,1408,5.29666571896004,0.0104700397593316,237.4129489620265,237.2745437289633,1.386154740867821,0.1291154317530657,0.7314355670482214,0.4382353038757178,0.8443494020444774,-0.2588917804877451,3.2921399207886486,11.49370636402056,10.497589854006964,9.391294841789346,-2.0310127853746818,2.249945680798296,-0.172310056224967,0.0233779664436405,-0.0827532984601508,0.9861441526075628,-38.56831027514595,0.0182083327555734,-0.7723928371342244,12.409248494080089,-0.0320852102405159,3.022246673920761,10.092121201311326,-75.31796222085133,0.3343153450593707,-13.035807858519364,-50.99056785640942,-19.040942058302235,0.1605079689784722,-4.372632386824815,0.1328930132344434,2.5439741778523324,3.8236753984172953,-8.745394817174756,0.9586561778502232,-1.2903622967597774,-1.424869541868335,0.5564251979218683,4.412575438797583,-9.448681493140786,-9.958622610743408,-5.019687806987237,0.3804130587993133,11.06375843902183,1.7274996737170996,0.0257175334280955,-0.4022270133864791,44.48816081916514,34.94872948828374,3.3922165556401453,36.00130291294514,0.0,0.849311076967547,94.83487357688016,138.4123616726973,0.0,24.85029936305828,1.0556287047622928,0.0,NORMAL_B,90.35000000000001
case01,11,W2_f0995,fit_only_no_clip,1280,1536,5.304930147182555,0.0099378599099102,238.3427484488707,238.2046704598937,1.1243007323953145,0.1225639040932231,0.7247501499873817,0.4300098578002136,0.8432835614596383,-0.2630413027145768,2.637325529644143,11.46530017710166,10.508425323409416,9.391987885830645,-2.320800526543324,1.975405301757582,-0.0821642453387426,0.0760619179348282,-0.1839586330712676,1.0017118773855265,-39.40661615882674,0.0220076543539885,-0.681641204691146,12.61326089452734,-0.0857564489403503,3.1044634752926386,10.095340770435625,-77.6290613786594,0.3091205382466633,-14.79722124733935,-50.44025268865436,-19.753900111117623,0.1288304571513161,-4.059717163460013,-0.0437834127795836,2.4876004417012245,4.093606527600714,-8.421768361185373,0.6797630926505724,-0.7250375452300315,-1.6067243628082537,0.8606361525821654,4.770887666973755,-8.932036984585565,-10.434161393203468,-5.189613896789387,0.5883297577476718,11.605638506049017,2.080162747613852,0.010211277393735,-0.4570433763209867,44.44514462793511,34.974339261351844,2.727661249079973,36.10242423187193,0.0,0.8838905264105256,96.04138251315857,138.40718720885167,0.0,24.68429693859772,1.013807564548562,0.0,NORMAL_B,96.75
case01,11,W3_b01,fit_only_no_clip,1024,1280,5.297642138713528,0.009086461324685,256.0201031045227,255.88956617092904,1.1902979652352943,0.1102246605913505,0.7293707913699508,0.4377203993660922,0.8429316930314694,0.0741270251703703,3.568922365552429,12.256293924883709,10.788459581950123,9.725574655971451,-1.9451209804731968,2.1325129748132445,-0.669745368038411,-0.0421883870744287,-0.318118273775954,1.2097971712720237,-40.17311979532301,-0.2024237063821015,-1.336082525561017,12.87120407244069,-0.1385205792435317,3.084464051295122,10.253446221298296,-80.72134933711006,0.5542593413755248,-14.487591204998624,-54.2132621740852,-19.867044500432936,0.3371567924498866,-4.504274021669138,-0.0477040769415223,2.9522532462892004,4.028353226513635,-9.453745528020605,0.7013484673406492,-1.1643060159672478,-1.2453573014985442,0.4235971101331104,4.41276815092738,-10.134654824535428,-10.417992530159225,-5.522776206677904,0.4271071110064088,11.802422039514646,1.8305689688203235,0.1708998249292481,-0.3340104471226466,50.46390398727041,37.84947327849041,3.6993725765102914,38.67416386443277,0.0,1.0368706206214058,106.2215665318106,147.5781348393312,0.0,26.22710133775395,0.990291126398829,0.0,NORMAL_B,83.95
case01,11,W3_b01,fit_only_no_clip,1152,1408,5.295622934413176,0.0104586736146725,255.4642165526105,255.32112957127308,1.6011179607673558,0.1252351781440917,0.7290737970074556,0.4369811537638189,0.8424171021196795,0.0757551926891595,3.402197595019845,11.984326632671458,10.91109360848116,9.579282647807238,-2.016035718341445,2.071233037504872,-0.7456804938212802,-0.0395929907252778,-0.2118674346119011,0.816232973838164,-40.19368044728824,-0.1047953337508263,-1.372227266605741,12.828098714197754,-0.0902385875467392,3.03945874984976,10.339040650040015,-80.78872833980274,0.6030120969315055,-14.296185903498596,-53.721556061970645,-19.92161184353216,0.4016410765413605,-4.522375496897231,0.0269317208665458,2.8008016073214965,4.0762766103829176,-9.304859557354389,0.9619831388585272,-1.2995019715396114,-1.5435745298543018,0.444015653070917,4.596989358871637,-10.070262367759613,-10.568026424034976,-5.367642456259959,0.5261593557929832,11.885877300441871,2.274066465855716,0.0542211104192641,-0.3649169277579454,49.51922357867279,38.44627061446725,3.5610556100490096,38.31840087319106,0.0,0.6324992261830723,106.2740602201132,147.27747869901526,0.0,25.92926606681137,0.9922948738604312,0.0,NORMAL_B,90.35000000000001
case01,11,W3_b01,fit_only_no_clip,1280,1536,5.303892257925733,0.0099179685798336,256.46018080292595,256.3161327508722,1.3188420658478166,0.1211187340277763,0.7223514223148095,0.4287550929900587,0.8413245993033137,0.0805741149585262,2.6647091036708552,11.956113597773577,10.92629444165128,9.578583370607028,-2.3216324540645603,1.7888123059022158,-0.6441871713139126,0.011576128739979,-0.3185655032001271,0.8372996165220162,-41.06261432955113,-0.0997588696819666,-1.2713078716732615,13.040444689142888,-0.1452645495761664,3.130585791957979,10.341087922368358,-83.25753958807054,0.574398958315502,-16.157228057323383,-53.1396802147273,-20.65965828641465,0.3712711820885154,-4.200535472752083,-0.1558393772131381,2.739471355574895,4.355283647519887,-8.966300855170234,0.6684473049840406,-0.7070210320837075,-1.7314198490903498,0.7554380624168844,4.970778204475658,-9.53551818797152,-11.055629568766038,-5.543596322852024,0.7467140927127638,12.46368804758628,2.6479957460483625,0.038753179635247,-0.4239591856360741,49.46617901030852,38.47645639454796,2.8062129397092037,38.42173193874504,0.0,0.6801741703549781,107.62374319039692,147.2692718550681,0.0,25.75261388493749,0.948644948015525,0.0,NORMAL_B,96.75
case01,22,W1,step2e_regression_clip,1024,1280,4.266950491018798,0.0094322652064727,148.69757739092483,148.3859563320784,1.0917238012579882,0.1451177568939001,0.4705031352201835,0.1604499711317857,0.3985141395193731,0.0258493985891673,5.43684185405156,14.267822566598156,10.437106215343409,11.346268613844622,-2.065424884063406,2.528954666002968,-0.2522894053562228,0.8112582643118891,-0.111778782425786,2.3598451563910268,-23.57729316580027,-0.0999751769382299,-1.1351687584051888,13.60340146016407,-0.5642025684225529,4.90784146331843,11.450055837290735,-33.51548997401389,0.9186660500799484,-16.603893829760455,-28.67026556243149,-21.148873856405334,0.3055068800320082,-6.111479166274046,0.3447711953423811,2.9632930097402905,3.9457761667614895,-11.26729872595413,0.7557683080035826,-1.8647648828770795,-0.8939257854265642,1.828695070536413,5.027376607552344,-12.332921938958927,-13.083416767383026,-7.52490540061943,-0.2817160012748032,15.284964560307126,2.500478040097343,0.4173503331422205,-1.2449139273073002,39.15341010022148,34.27539665558486,6.0793913163306,30.038046460468227,0.0,1.8946787712709456,31.545941156228345,27.64870403449259,0.0,23.12424542015474,0.6014400022635423,0.0,NORMAL_B,83.95
case01,22,W1,step2e_regression_clip,1152,1408,4.265980320554338,0.0096052447779615,148.66056061351298,148.32252410704274,1.2573545947784042,0.1497362587625172,0.470908229270166,0.16080740263071,0.3991089249693461,0.0231384796568469,5.169431732981581,13.943191578448838,10.593753102935429,11.176416433701752,-2.1577873176494413,2.4447487072700724,-0.3695351093816112,0.8332604161769374,0.0066281529973239,1.7235339758038892,-23.57547997379736,0.0071872739812789,-1.212101800919804,13.564348421955064,-0.5362764170215217,4.826559045610058,11.543600903988596,-33.48748555610766,0.959219332293796,-16.379782637993806,-28.683448330685447,-21.19930365203822,0.393092838928437,-6.11441186352924,0.4399648831999777,2.7715962732514123,4.004351116996129,-11.094990572393796,1.0695021460218626,-2.026618758622006,-1.2610694714788455,1.8610152259139756,5.251503926563908,-12.250665961517637,-13.245260295538024,-7.337988465400694,-0.1469627544639128,15.40039338661123,3.062427724499099,0.2335917833585969,-1.2878304512457348,39.15718743875425,34.257010282441925,5.844069436810022,30.03786045558611,0.0,1.246172944607561,31.551488326533,27.615207257905244,0.0,23.0982748979417,0.6105243564042875,0.0,NORMAL_B,90.35000000000001
case01,22,W1,step2e_regression_clip,1280,1536,4.2725473236426925,0.0095301490626903,148.5848196399301,148.22718929907012,1.332829823124969,0.1491371871424351,0.46299505010164,0.1596116272733694,0.3938051403353025,0.0303301583669699,4.146389211619284,13.748571953757088,10.672329881400172,11.32682220740324,-2.5654867681317195,2.1992298469556344,-0.1907311638235673,0.8577139647969385,-0.2150698048519085,1.8943956877108372,-23.62980020288833,-0.0515899940651307,-1.0280580843045752,13.693333532892687,-0.5714914218108056,5.037654808507518,11.471904532766509,-33.42377829821629,0.8854734587326036,-18.42941371270338,-28.81581677243962,-21.88257411555465,0.5029424410950283,-5.702342856044043,0.1945168800622551,2.797396951608889,4.245468402968455,-10.722738408253685,0.7080493394974313,-1.2729799677431834,-1.577203157335105,2.259651350541038,5.822591850808618,-11.523886726595844,-13.833170857077697,-7.447086922016598,0.1292974531574862,16.317391279554588,3.53652341870018,0.141985498073431,-1.4936030339505846,39.10154419154846,34.24857668552374,4.709367084439668,30.08403206110351,0.0,1.464393253297344,31.61168415249365,27.49153481423714,0.0,22.98114305051242,0.5765730121919138,0.0,NORMAL_B,96.75
case01,22,W2_f0995,step2e_regression_clip,1024,1280,4.268274470713967,0.0093532888373957,94.15684485757134,93.8828296062301,0.7885886521505472,0.1517871085160705,0.4717464280606697,0.1636237506284078,0.3933365248342311,-0.2117493370662421,3.42104707382245,11.73591873551912,10.360843446708524,9.542111244052016,-1.9656331548802728,2.3259900833388643,-0.0480742654570946,0.0311117433084763,-0.1771459738327682,1.306643432359386,-20.071252503708696,-0.0752185971867793,-0.6839181440570654,12.449441896516008,-0.0844836199162306,3.1085454200803424,10.004665425650956,-22.53588944639684,0.2828561130692021,-13.177689305155385,-22.44084062285318,-18.889558987646,0.0927049945192618,-4.344552205083792,0.0699463107940685,2.685274539269869,3.7719858341988295,-8.893122796648575,0.7069325992081784,-1.158475129196871,-1.1455929820736228,0.558721145010011,4.226297378238412,-9.4806174940139,-9.835004830281052,-5.1669165910589365,0.2827357853332858,10.9688264953388,1.2804017585839698,0.1373098120123557,-0.38592806906184,19.688766405227,19.605970804389077,3.4936876407079973,20.87018675788185,0.0,1.1746204371459514,21.37993437781485,22.174355625487006,0.0,19.62444316975103,1.0463469148879416,0.0,NORMAL_B,83.95
case01,22,W2_f0995,step2e_regression_clip,1152,1408,4.267693773414373,0.0098015363183006,94.08160538176124,93.79009137588493,0.8401640026612438,0.1567837026193888,0.4721577473517938,0.163947347545903,0.3937872337948614,-0.2124692872025482,3.273552863166788,11.473066914643512,10.480653393327136,9.399851388312795,-2.035217596748486,2.2660230937633754,-0.1122944579624901,0.0337488725275962,-0.0736038104320094,1.015803188502402,-20.071368800262263,0.019323816996917,-0.7141417935050683,12.408986732067032,-0.0382278951229245,3.070834738941921,10.086969699781276,-22.535792933050462,0.3303631562613081,-12.997769748642144,-22.440583507682856,-18.93391265637222,0.1548953361738337,-4.36244013984109,0.1410247016639422,2.5450382386672428,3.819582681462436,-8.751349742504619,0.9586649103289956,-1.2866770202575109,-1.4342692352352528,0.5765103688829838,4.405291688958403,-9.41825285767482,-9.98135470733163,-5.01834391871369,0.3797150281875643,11.046767183112618,1.6948095422382965,0.0240464284869935,-0.4152115712071621,19.68841146413707,19.606405318735725,3.3726364207333868,20.87008501708911,0.0,0.8782257007633503,21.38005488581216,22.17460379562169,0.0,19.62431159373774,1.0479146080003914,0.0,NORMAL_B,90.35000000000001
case01,22,W2_f0995,step2e_regression_clip,1280,1536,4.27453227213026,0.0092482426288411,94.06367213279567,93.76078432686612,0.8431737704113998,0.1530891457605165,0.4650692999149881,0.1624225005796295,0.3884389759439808,-0.214537093419226,2.622345832440545,11.444116533435665,10.49132107737549,9.40079666608067,-2.324310871614547,1.99159579720692,-0.02122583683473,0.0865478453197128,-0.1749809253160463,1.0331340704389929,-20.071742927749955,0.0236101669449038,-0.6224457631664434,12.612718735841977,-0.0920682881266459,3.153909541830374,10.090385091829704,-22.535229754955463,0.3052085978838121,-14.756391264995488,-22.440536522788317,-19.54013220275968,0.1233381027786035,-4.049038628870802,-0.0355103255694632,2.4886314556293585,4.089513198514693,-8.427534901979103,0.6802439906145256,-0.7211419858847173,-1.616229482312729,0.8812674628895678,4.763476898142623,-8.900875426797825,-10.457144922073846,-5.18870288579254,0.5880976343448732,11.588868848463909,2.0458161020965133,0.0078758648089198,-0.4702069607235939,19.6882035836661,19.60674941043205,2.711934388102084,20.869758804062023,0.0,0.914546477653428,21.381239892155005,22.17486332579192,0.0,19.62412106548208,1.0061554346670911,0.0,NORMAL_B,96.75
case01,22,W3_b01,step2e_regression_clip,1024,1280,4.269680536883888,0.0093447061854107,105.05576018272258,104.7848879624908,0.813786552972322,0.1448672427956005,0.4673241847425989,0.1599940205688348,0.3961470069906773,0.2174702781905614,3.326573379948613,12.075348595433518,10.584126145094729,9.621497389814994,-1.9436266512015887,2.289049677343844,-0.2338146244036797,0.0589768764649674,-0.2266673596426185,1.4439522996608145,-20.889001262028238,-0.2353727698297341,-0.9359696940754954,12.928641871567534,-0.1704693758681255,3.48073410588298,10.25944342591957,-24.93087031950005,0.6096142552365498,-14.106255155956198,-24.22883503748854,-19.760582383371418,0.2431427735749006,-4.387262276417285,-0.0671728847887489,2.9249328243089145,3.882656627447153,-9.417436484148867,0.6406959043392191,-1.0982305220558042,-1.4895074508758266,0.5737889164076834,4.427626791849974,-9.78494810412456,-10.56609606245942,-5.452312382076868,0.3573365609597026,11.698272434247924,1.5767889384915943,0.1088352336785072,-0.3545114406535924,23.996086821952595,23.270548817833955,3.438222904620075,22.334069445504625,0.0,1.2724484508037617,22.62668502675672,23.08377055057656,0.0,20.50531952875748,0.8217595215500731,0.0,NORMAL_B,83.95
case01,22,W3_b01,step2e_regression_clip,1152,1408,4.269120475938423,0.0097818282549746,104.97924663491575,104.6899454225094,0.8864259631981217,0.1545178180618608,0.4677374752254726,0.160308405172548,0.3965839495918986,0.21933843099541,3.167124134991066,11.8044547289985,10.70967605664632,9.476239202340032,-2.0172900361390966,2.224722381302991,-0.3113484129996178,0.063585354502307,-0.1204387644297235,1.0491507037521046,-20.888847761289785,-0.1395240574150877,-0.9740581284238538,12.88748905031657,-0.1218871208375902,3.4329877571087204,10.344939255970507,-24.92919603185288,0.6578012556504197,-13.918461537698398,-24.226097679110143,-19.80597772550029,0.3102772198583326,-4.406523279528107,0.004942531319874,2.7771312619853794,3.932690787791049,-9.266812497619023,0.9017967857193454,-1.2315675857884862,-1.7911893986531822,0.5893671348627613,4.614974700658249,-9.720541732807208,-10.718353860564102,-5.298654951970896,0.4615032383700714,11.782162988349995,2.017615527716065,-0.0054908139546828,-0.3870342338328537,23.989412847456578,23.27720915816194,3.307457133439124,22.33310785639421,0.0,0.8676428709705405,22.626253921997705,23.0844544250744,0.0,20.50357305817196,0.8213526399788086,0.0,NORMAL_B,90.35000000000001
case01,22,W3_b01,step2e_regression_clip,1280,1536,4.276102689232768,0.0092526268538366,104.92742679475568,104.62572308351731,0.9091921143729388,0.1487144314860451,0.4606590675190462,0.1587866040662185,0.390965338739966,0.2263303624435992,2.4538550305422597,11.769999642591015,10.7242478998602,9.477855328984752,-2.3144033543833817,1.943235851685811,-0.2055749418080164,0.1155800302370192,-0.2309562529886073,1.1030227157802497,-20.890995954117287,-0.1320975133439987,-0.8681527039884287,13.098048636986595,-0.1759071463313078,3.527200617536048,10.347595190038875,-24.919786786583817,0.6299930160085788,-15.744735410379592,-24.220865654464948,-20.437143983975893,0.2880080826343687,-4.077742535395683,-0.181749650657381,2.7148199728344795,4.214333856069283,-8.926330881045738,0.6145914051661574,-0.6291969336837844,-1.9832121185758544,0.905727422204424,4.98995717519469,-9.17552644351247,-11.211751273314992,-5.478083211755509,0.687607224040909,12.36849241803314,2.3782298124116927,-0.0257752764809525,-0.4465601858309339,23.984302120954943,23.280336563695577,2.5788739650960197,22.33060428876212,0.0,0.9483873777099436,22.6316454477082,23.08527560402357,0.0,20.499185344799088,0.7745145483277336,0.0,NORMAL_B,96.75
case01,22,W1,fit_only_clip,1024,1280,4.272095530536724,0.0095116239579583,148.57133888460947,148.26505831591368,1.0984495770085212,0.1456869205543988,0.4671464791823524,0.1591721639553091,0.3940403964790388,0.0418908687948484,5.4774109722497375,14.213753801405428,10.473050536465587,11.374158837266936,-2.025348537246957,2.5210111440113203,-0.2512155150380927,0.8192474980083555,-0.1538341768008853,2.4658728189140584,-23.14252856194205,-0.109702117260397,-1.1332120677182171,13.745867475937429,-0.6049899301762738,4.80769966050094,11.36313658685397,-29.355288836405578,0.9182308511476004,-16.214202308043625,-28.664393396081152,-21.085198721877564,0.3565072442019832,-6.108105016919367,0.3735449866223208,2.9505393614358857,3.782283656426952,-11.366051940123064,0.7853477681912295,-1.8973201084051547,-0.90973991077091,1.8824525116658457,4.949226680723274,-12.177222800860314,-12.83138869367684,-7.470793632944337,-0.3462978669451088,15.237620435726832,2.4723716251074346,0.405570437117543,-1.2663562295496962,39.69111169773761,35.02512799463866,6.1399519400305005,28.64688340624502,0.0,2.0072493537308844,29.347404003653477,27.400182338941896,0.0,23.41170291258194,0.6105482263432607,0.0,NORMAL_B,83.95
case01,22,W1,fit_only_clip,1152,1408,4.271425685269748,0.0101113451360567,148.5193322299827,148.1862488146169,1.264087231902137,0.1539170056381461,0.4676570980952108,0.1594743653889895,0.3945550374034484,0.0394542471123327,5.208049744171084,13.914842846601758,10.602539023645225,11.204570973929046,-2.1037614751809737,2.4494311965056683,-0.3537814064999631,0.8289608380082337,-0.042789753519209,1.8283537657354136,-23.143333036973715,-0.0004612879226181,-1.189616898984797,13.707384494582236,-0.5567232468631247,4.742377983508795,11.472226518137647,-29.3595595209458,0.9684675541287516,-16.005070906668774,-28.658397678672845,-21.128138675827365,0.4336107482984294,-6.131078050578019,0.457905603741057,2.771869277068568,3.842677227352252,-11.19318843291409,1.0940919616029834,-2.0601471963109748,-1.2670573611280582,1.8965186072558595,5.171896400512713,-12.091337448703468,-13.005547625515684,-7.304144631777413,-0.2164070033944218,15.343803630955724,3.030364447457022,0.2413497366943381,-1.300126168342598,39.71067626150258,35.00406705045888,5.897315132329052,28.65592740998401,0.0,1.349341344680183,29.3469951959195,27.39618714762959,0.0,23.409761892108342,0.6149929214950277,0.0,NORMAL_B,90.35000000000001
case01,22,W1,fit_only_clip,1280,1536,4.278697435768454,0.0100414027929566,148.5010953449642,148.14805314794717,1.337515736849036,0.1580301874150962,0.4592994621749584,0.1579459335999835,0.3887474573622988,0.0474965589699789,4.152584155290521,13.761595321698604,10.663041639819053,11.36709565064634,-2.506731102131233,2.1944188646932363,-0.1558746746468378,0.8810213878740908,-0.2305846529080623,1.981654802282472,-23.18011916154209,-0.0509293934833457,-0.9833200722591834,13.829589850000309,-0.5821154723089632,4.963199178683079,11.407462907232029,-29.346444514676502,0.8873792545002144,-18.038648334334745,-28.760284606328824,-21.79758488997952,0.5281131132055271,-5.7091071436896526,0.2247316310535198,2.7741502875275272,4.10326660227924,-10.812193991675947,0.7177088864646403,-1.300171603023036,-1.5883242490136422,2.2952406882866163,5.746683612371186,-11.385474354418008,-13.604968687101865,-7.416506598415806,0.0960650030009512,16.213099192587286,3.4812969368841,0.1659147241008426,-1.4855069766131948,39.63594880298438,35.02168314216795,4.739062599540686,28.701283027140267,0.0,1.54851216368367,29.382922022983685,27.28955378748465,0.0,23.30543808641925,0.5682284310892125,0.0,NORMAL_B,96.75
case01,22,W2_f0995,fit_only_clip,1024,1280,4.274414067614283,0.0097270037539047,95.27443358722012,95.0035858871383,0.8013807857666229,0.150857088942807,0.4678211534492178,0.161593747735787,0.3879786736071823,-0.2221623818036397,3.419986331623311,11.734456548507266,10.361358906486762,9.54318952921806,-1.965857058096439,2.325746493470585,-0.046363226018398,0.0315922572589188,-0.1772425194480632,1.3066377776453837,-20.011088968578903,-0.0754418696074757,-0.6817249788107652,12.44898962164122,-0.0851369042463323,3.109684502892698,10.00412743402443,-20.1227164632908,0.2823203551475669,-13.176697813595664,-22.35571870990405,-18.889134197320352,0.0934329901888701,-4.345776806959592,0.0707610339267186,2.6839568621980736,3.771252273317601,-8.893034148639488,0.7068041151990173,-1.1579892673442362,-1.145902697281025,0.5588768562812843,4.225090626684938,-9.479380219474605,-9.835302749459398,-5.166667100479581,0.2814736300314651,10.969215295512738,1.2794911193057972,0.1381669000334283,-0.3865944851117233,20.30834419434065,20.14381974261104,3.492564884791165,19.868480700852515,0.0,1.174652456902441,20.220573065866706,22.247611198510327,0.0,19.93422378194059,1.0466540072951576,0.0,NORMAL_B,83.95
case01,22,W2_f0995,fit_only_clip,1152,1408,4.273810446674065,0.0102092943069898,95.20210485041363,94.913979009418,0.853158710036822,0.1560795052727324,0.4682545267344026,0.161920527759493,0.3884379349324939,-0.2228394108084987,3.272496575264908,11.471606058226753,10.481164768810908,9.400931320453855,-2.0354513865949,2.2657776589741627,-0.1105845162375515,0.0342314882613658,-0.0737015885442355,1.0158581916504723,-20.011205196493336,0.0191066464209213,-0.7119533732842279,12.408537404906465,-0.0388767719004414,3.07197119180738,10.08643516833506,-20.122621787807063,0.3298258148868052,-12.996792103796167,-22.355466832890592,-18.933418399548863,0.1556307692095844,-4.363678040163877,0.1418491666791423,2.5437567288580296,3.818851123754049,-8.75126580104581,0.9585349175636046,-1.2862137015554278,-1.434586319233079,0.5766804023709774,4.404059741408927,-9.41702009542714,-9.981653703975264,-5.0180947382113015,0.3784491232550045,11.047148669265503,1.6939750923394816,0.0249080054155389,-0.4158947953459944,20.307991208056624,20.14425159889421,3.371520769648812,19.868372894104507,0.0,0.8783243608204759,20.22066164504276,22.24784847507433,0.0,19.93408967221964,1.048211031959767,0.0,NORMAL_B,90.35000000000001
case01,22,W2_f0995,fit_only_clip,1280,1536,4.281220901898696,0.0096363844389296,95.20307167400844,94.90376403413502,0.8568186518883982,0.1524988170134377,0.4607303349129599,0.1602313794366864,0.3827317645736231,-0.2252448763185767,2.621272091057753,11.442624916873642,10.491829665732968,9.40189217726808,-2.3245465516996,1.991371079956919,-0.0195050463863177,0.087039627347345,-0.1750966457269461,1.0332704851841463,-20.0115299402538,0.0234110630131281,-0.6202383959487252,12.61223836136851,-0.0927102305814863,3.155062380914305,10.089831703531638,-20.122003032692906,0.3046468566160834,-14.75533994268756,-22.355429466725777,-19.53888627507148,0.1241044039061046,-4.050257322423649,-0.0346714211227439,2.4873302851559003,4.088769688818079,-8.427441662461272,0.6801043097147154,-0.7206794237498456,-1.6165457844055886,0.8815063594859395,4.7621750647515775,-8.899515713833392,-10.457394965258324,-5.18846291714124,0.5867917131143229,11.589276164206172,2.044947017498277,0.0087199207012841,-0.4709268205372684,20.30782211896162,20.144556681379356,2.7108061940704795,19.86809948866873,0.0,0.9147207786600146,20.221888169855664,22.24809824582561,0.0,19.933884534339164,1.0064417977419593,0.0,NORMAL_B,96.75
case01,22,W3_b01,fit_only_clip,1024,1280,4.274864474138724,0.0097136860598521,106.25302224548828,105.98512724165305,0.8301617534140134,0.1434175046351259,0.4634457813944344,0.1581707913791324,0.3928968999287738,0.2266797680387377,3.349864644601039,12.070797401767704,10.580621921487644,9.6447004048594,-1.9541445651377376,2.284598742794113,-0.2077203381537193,0.0647633156510755,-0.2368286692864134,1.5038011060239571,-20.782266576785712,-0.2348878292943298,-0.9010514216992226,12.92750118572676,-0.171041849602363,3.4905933352405056,10.24994180528532,-22.212467588184847,0.5946339857791441,-14.043807307605256,-24.10623573012844,-19.725989010192503,0.2406120570652244,-4.4188841794279465,-0.0519437603315354,2.903330671312496,3.859540269039373,-9.432156679924969,0.6395382486563159,-1.1128528234757844,-1.4567929380591524,0.5693198173798503,4.397945774460301,-9.804242390757825,-10.547803745748633,-5.465942866149908,0.36449574526729,11.675654958131195,1.52453581224638,0.1153508428823725,-0.3554881844311452,24.518887914243564,23.81618919195357,3.459896084733006,21.31064606655213,0.0,1.3328748426057788,21.28648629124713,23.11521404900457,0.0,20.828657644256488,0.8225128224639799,0.0,NORMAL_B,83.95
case01,22,W3_b01,fit_only_clip,1152,1408,4.27427502575815,0.0101791624701886,106.1779410964914,105.89181081270044,0.9021586932485062,0.1541305508509123,0.4638793574573458,0.1584890692622843,0.3933506771488188,0.2284662295577969,3.190312364229228,11.799784888205355,10.70610083679644,9.499468400924997,-2.027942751203178,2.220326438325011,-0.2849966702847912,0.0693466223372561,-0.1306026926792515,1.1106756090934713,-20.78230918100887,-0.1388406364570727,-0.9389604298392696,12.886373373000184,-0.1225410331394315,3.443098763435868,10.33550171765729,-22.211148948749823,0.6427660459151622,-13.856277584152178,-24.10360927451193,-19.771622934405247,0.3077334096329098,-4.4382611499774125,0.0203862333869986,2.755817006341979,3.9095144408184552,-9.281643323877445,0.9006250532189036,-1.2463902779684355,-1.758640653469932,0.5851728296678329,4.585215147879099,-9.739818571725896,-10.70007308233722,-5.312258865859246,0.4684567558672057,11.759575384226803,1.9659856678995544,0.0009303073059845,-0.3881788673547927,24.512600499181477,23.82257520670461,3.329097818370739,21.309518750859123,0.0,0.9299182662122072,21.28610452581059,23.115946589764334,0.0,20.82691163922761,0.8221043033900844,0.0,NORMAL_B,90.35000000000001
case01,22,W3_b01,fit_only_clip,1280,1536,4.28180217879396,0.0096357420888634,106.14456311143884,105.846196775806,0.92435690703852,0.1483758819876335,0.4563881045226583,0.156811466937601,0.3873398968926409,0.2356984259646128,2.475608292155227,11.76526931018893,10.72060080523536,9.501491059876845,-2.3254169993426808,1.9391547719661348,-0.1793130511536061,0.121630656370754,-0.2412055306613791,1.164971706664831,-20.783983774115068,-0.1314100009187558,-0.833059008777566,13.096402376560292,-0.1764732874255158,3.537357718832478,10.338270489368949,-22.201102992186566,0.614604858894193,-15.68287751736819,-24.09817552590072,-20.401816526651604,0.285378022407899,-4.109236449555491,-0.1657522413611459,2.693039679774102,4.191008604857839,-8.94115080677176,0.6130643963049175,-0.6440923947094748,-1.9498705627094528,0.902221607351598,4.959746078587949,-9.194157509399169,-11.192818667544966,-5.491781647257255,0.6937403157864229,12.34536266858936,2.3264878265725715,-0.0193658159630185,-0.447933906615572,24.50756228510746,23.82557882500632,2.599096893853974,21.307314778310428,0.0,1.0109134867008502,21.291509329504724,23.116937086017884,0.0,20.822175008118293,0.7753412449306676,0.0,NORMAL_B,96.75
case01,22,W1,fit_only_no_clip,1024,1280,5.297702105950312,0.0091698149897354,352.8836792761624,352.73037448448605,1.876236905256865,0.1188224008728965,0.7277457305098983,0.4362319276593561,0.8436817830273932,-0.1293165596236299,5.548441833206148,13.970754206589737,10.734733301567305,11.103383982477563,-2.4512091534838785,2.326567669206602,0.7589769441021896,0.2872743439150531,-0.2174612654023954,1.257892893776278,-45.52140700388113,-0.4844569658289354,-0.1867078883677204,13.604525487364851,-0.7267326270422662,5.5062370205816125,11.633004759858888,-112.3058468344542,0.4829346412517302,-15.703219797564117,-67.48302030602238,-21.1637268966966,0.2453399684678332,-5.807259894626251,-0.2278581008146522,4.01841325660182,4.434153460096842,-11.189175857964504,1.0181989795221698,-1.2713721071847006,-1.684371129975213,0.8168076626492362,5.410326196215722,-12.298881055214796,-12.565283839603335,-6.457800975826818,-0.4944191075352869,16.10522249027017,3.131250078139975,-0.3024558408519963,-1.054086904471833,90.34485116295215,60.027037100769306,6.126203180489641,51.82890756034101,0.0,0.8212521220922819,141.18099387286128,172.12629420497828,0.0,29.37883127169445,0.872778977812269,0.0,NORMAL_B,83.95
case01,22,W1,fit_only_no_clip,1152,1408,5.295650258179101,0.0105408774213831,351.84647868795355,351.6753109435436,2.489349743527028,0.13328696127372,0.7274407710802294,0.4355117202417877,0.8431555446853016,-0.1271292601743863,5.299301579383303,13.670950591661695,10.875433797060712,10.944023356342363,-2.5192450359680314,2.266794550807837,0.6593735587514444,0.294090947619893,-0.1014434411910685,0.6179898915244896,-45.545809893338514,-0.3757734327094979,-0.2428868651530746,13.56351879763946,-0.6767898835284363,5.43807433406888,11.72568011086252,-112.39210021029083,0.5343540175991642,-15.49675345372246,-66.87822694667972,-21.22188143979632,0.3224248607426024,-5.837097760194109,-0.143881068407622,3.83362028193325,4.48540812688384,-11.008085180764382,1.3172476546559138,-1.4363940649749682,-2.047764686115745,0.843832176437981,5.65470851630754,-12.220041584293462,-12.743121811046867,-6.285930682809009,-0.3482953402392025,16.21181899555636,3.681409315597777,-0.4637399291960825,-1.089132488492264,88.65842044248132,60.99936558512955,5.901744804427184,51.35924882361942,0.0,0.1648509933835504,141.2456508419676,171.77522796728698,0.0,29.048453262374892,0.871810069444252,0.0,NORMAL_B,90.35000000000001
case01,22,W1,fit_only_no_clip,1280,1536,5.303987008393952,0.0099976802425307,353.6484642956864,353.4762099824118,2.099520150294438,0.1295512433930152,0.7207607624844646,0.4272644731609736,0.8421383849088759,-0.1235204149499231,4.1748961370295,13.630309934705146,10.866409424337734,10.940392544530384,-2.8790250555725057,1.958855075588622,0.8104576446742275,0.3524583824706274,-0.2099436814285274,0.6692658491077369,-46.53511975524093,-0.3771727600754405,-0.0867220832957805,13.78514674287311,-0.7300433398406674,5.5872069175871335,11.728408885689102,-115.8342997447179,0.5117072475729382,-17.566487296882244,-66.1667706514478,-22.02250268617141,0.2852512073747624,-5.422174570046006,-0.3526030190372766,3.769992602112861,4.825768107172104,-10.607088666761406,0.9967907601020288,-0.7203805280490745,-2.2854391002725247,1.2162052838179649,6.084163647708112,-11.53542066184529,-13.321702710179872,-6.471949886551444,-0.0830301667467188,16.97489708940819,4.166969450351218,-0.490304930905744,-1.1746372612842122,88.58446690305911,61.02786031099871,4.682238224417962,51.5089182952401,0.0,0.2580529601651641,143.0628457738418,171.77028406871042,0.0,28.851707641271,0.8276784127964193,0.0,NORMAL_B,96.75
case01,22,W2_f0995,fit_only_no_clip,1024,1280,5.298824099978215,0.0090859470172813,238.13414068480336,238.0080928152892,1.04030800595042,0.112793495812861,0.7315815759016725,0.4387786717347107,0.8448582940424006,-0.2644606070754027,3.418478354502068,11.742253025621077,10.355523416029689,9.539930925888273,-1.9692852586381413,2.321214763867436,-0.046820217820419,0.0390906209849354,-0.1807343609369863,1.281024231525408,-38.58320369861715,-0.0772143621763661,-0.6824219821517197,12.439274183149436,-0.0866090790679777,3.113445783690335,10.001288815313565,-75.31452740131446,0.2923462488559605,-13.18234204403002,-51.621502270210414,-18.994618378502743,0.093302712983566,-4.344684510231994,0.0675755339719046,2.691329156479937,3.780100409790486,-8.897148070863532,0.7015323944730494,-1.1679443901992157,-1.1445674406245931,0.5527808961584394,4.218235053129107,-9.489285585684886,-9.829171170385832,-5.169462729516879,0.2889802455104292,10.963107708582935,1.3020914719885155,0.1225886722065338,-0.3951620196987185,45.73365580586743,34.64517870190289,3.4901206319997127,36.35907233675417,0.0,1.1472226069758686,94.33869716505586,138.60013562790144,0.0,25.16600180061644,1.0477169902970056,0.0,NORMAL_B,83.95
case01,22,W2_f0995,fit_only_no_clip,1152,1408,5.296800904940204,0.010470047120159,237.64307332807488,237.50483609437853,1.3862667186403168,0.1292970435009403,0.7312863850291561,0.4380505086884815,0.8443529405840807,-0.2664501661983893,3.270613386453788,11.479510704762836,10.475128249004074,9.397580439596842,-2.038765380446688,2.2614331886098253,-0.1108761101807864,0.0416336897150532,-0.0771751374131749,0.9899441104370306,-38.60219319293579,0.0173817218586421,-0.7125239773093257,12.398652308507,-0.0404819739958917,3.0759307913972616,10.083435051929843,-75.37813204026907,0.3400642178000524,-13.00219618289015,-51.15406422292253,-19.04746239731713,0.1554996602376512,-4.362626463544867,0.1386343840544641,2.5512508283177,3.8275304437255646,-8.755691195758235,0.9532344446529288,-1.2963501148864471,-1.433282177851652,0.5709317094273672,4.396793185005534,-9.426770478434086,-9.975484263987925,-5.020847901058024,0.385778932256853,11.041016049120508,1.7166510809744366,0.0089214027254296,-0.4244899724403685,44.87807592252656,35.195066106735155,3.368683130691354,36.02505966934434,0.0,0.8505604237485517,94.38403220968624,138.31930078576224,0.0,24.88007858847713,1.049414683759707,0.0,NORMAL_B,90.35000000000001
case01,22,W2_f0995,fit_only_no_clip,1280,1536,5.305068746897905,0.0099390102069341,238.5636050832102,238.42570292460195,1.1242566289324651,0.1226765670635624,0.7246020743928959,0.4298255619243759,0.8432893401198581,-0.2704286136420127,2.617931920779618,11.45096565235989,10.485592815076233,9.398446741951185,-2.327915561931021,1.986957358031996,-0.0204453140816795,0.0946011541707286,-0.1782137161882409,1.0057288200726129,-39.44136131023075,0.0213716296027151,-0.6214711190192392,12.60217991773284,-0.0940390800542243,3.1584556201943466,10.086774268943946,-77.68951293404592,0.3152612812766422,-14.761264623063465,-50.60230760481517,-19.760597670431995,0.1238597340077422,-4.049477979854034,-0.0379378083203057,2.4949538724395235,4.097419197729728,-8.432041014378072,0.6748562240995984,-0.7310617962845876,-1.615324912867228,0.8758651914462783,4.754693567146235,-8.909302187260613,-10.451288292921168,-5.190956684318647,0.5935660248924958,11.58165164443687,2.0685559597270355,-0.0068677238361549,-0.4792718496794542,44.83532686564817,35.220356086233735,2.706577933110456,36.12668757164411,0.0,0.885288901304033,95.58519668392844,138.314140111217,0.0,24.71421607747509,1.0076137691424796,0.0,NORMAL_B,96.75
case01,22,W3_b01,fit_only_no_clip,1024,1280,5.299215161398798,0.0090728423335635,259.0969255693633,258.9674955161619,1.1961436213941816,0.1115847101165759,0.7287448986798146,0.436105549338633,0.8437121450738148,0.0766648044192228,3.4688044917212166,12.145192439672922,10.539105995313836,9.643640265417163,-1.9248096707779865,2.292134791448168,-0.1168309934125038,0.1287701012301031,-0.2090308170532674,1.315324246553361,-40.40211167715505,-0.2516309291309235,-0.8273429777967387,12.824715238572042,-0.2022097576554611,3.606741802862385,10.27968476834697,-82.28954698081591,0.6615079173238698,-13.981802444856186,-55.83762709547387,-19.87128084868969,0.2136941932570765,-4.3833858343484895,-0.045123560330854,2.919283296874561,3.953155509285456,-9.37341669269605,0.5843493813977864,-1.2314149770389595,-1.44047846388666,0.5370328830644189,4.295936501439559,-9.873845006852168,-10.471223571980865,-5.50901286942926,0.3960603846968193,11.744134255374789,1.599943686387462,0.0917382256404273,-0.3644795030197814,55.70037729354976,40.70260281425788,3.583911131967941,38.97903866724202,0.0,1.116303960974746,100.80736755408216,146.4748443908746,0.0,26.33135074166737,0.8596181604440746,0.0,NORMAL_B,83.95
case01,22,W3_b01,fit_only_no_clip,1152,1408,5.297196137013165,0.010440064869525,258.4826130046169,258.34125110534427,1.600582661036986,0.1258255540866027,0.7284422769106017,0.4353705580978956,0.8432071111183235,0.0780829070781558,3.3066512289601704,11.87470224885007,10.66244453035332,9.499322720427823,-1.9976179354579224,2.230850297435613,-0.1900667001017723,0.1317962102883002,-0.101424368089494,0.9226677744899892,-40.42285207544823,-0.1556486006886512,-0.8616457290034639,12.781986964420264,-0.1548190774189282,3.563350454429208,10.364757320600148,-82.35771269425122,0.7098335078557417,-13.791694480024212,-55.33353941699548,-19.92506780286591,0.2797408776182584,-4.403092321114006,0.0283094765628928,2.769919328648251,4.0004309531428985,-9.224168028513546,0.8437341291114651,-1.3654719252205838,-1.741321955747908,0.5559914413351347,4.479838379252684,-9.808033752139345,-10.621596593413392,-5.35433919029749,0.4966090179838855,11.82621627491734,2.038749260977483,-0.0218958523000433,-0.3941293705874467,54.66074254740675,41.34981687724444,3.450224241979812,38.62519179994438,0.0,0.7135148845811884,100.85771642894429,146.17677837543897,0.0,26.03367804513078,0.8618825102521678,0.0,NORMAL_B,90.35000000000001
case01,22,W3_b01,fit_only_no_clip,1280,1536,5.305470780900584,0.0099104927141906,259.37269530234954,259.2305161122084,1.317004973428258,0.1213643642980084,0.721752623712302,0.4271669092297816,0.8421344262451365,0.0825881300471285,2.586380673892813,11.843984054998357,10.675059051265707,9.501409511075494,-2.296577743459937,1.9491687730157723,-0.0844469637463198,0.1860714675347909,-0.2063043279811409,0.9527377732180872,-41.29832196322658,-0.149364643825251,-0.7565642704285116,12.990350000197994,-0.20710113844384,3.6583179660051086,10.367763017103432,-84.85562646657384,0.6819966577349782,-15.624069699846782,-54.73193446074959,-20.665837135163823,0.2493917527370294,-4.0787335578898425,-0.1529609862681917,2.70766227766099,4.279837997413167,-8.884966525948121,0.5555016348706615,-0.7663324067886957,-1.929692487649011,0.8750776401216408,4.853623170433152,-9.26499672517122,-11.1130450437314,-5.5305636971145855,0.7138552182063741,12.397600732792244,2.406051887190056,-0.0357683601303833,-0.4517148450361323,54.60231276849802,41.38288626386526,2.7155214142126662,38.7318818623544,0.0,0.769588879440728,102.13926566802004,146.16988041181037,0.0,25.857243382751854,0.8182346950437169,0.0,NORMAL_B,96.75
case01,33,W1,step2e_regression_clip,1024,1280,4.259361206547641,0.0093801375419514,145.30063303673649,144.9954045894244,1.0356589450474754,0.156928895167567,0.4685710612851907,0.1622184910753609,0.3946954093793899,-0.2017251669592343,5.2787722689066765,13.374394480613596,12.44276576196013,10.43838973023501,-1.5565114498347752,2.5810512872785383,-1.2870558680568247,0.2285087623032295,-0.0646291081744789,2.03570671660516,-23.23090634920598,0.5022544236241643,-2.0837083951410635,13.721526119886866,0.2785455996246612,3.0499334340396222,10.386386149563014,-33.67327944253003,1.0878840615211074,-15.509110483097365,-27.10105895957858,-19.157294250852644,0.7627951068249901,-5.873450184990144,-0.0266531367749449,3.146712203416964,4.176111179506953,-11.567241181284528,-0.1233524374402362,-0.8159437245570353,-0.422462486296087,0.3707321009484698,5.227799219745576,-13.056094714446948,-12.559409875329672,-6.117271605406892,-0.306967447362139,14.117987158769932,2.3619820549103405,0.2700990214292685,-1.327776852064155,34.66041327137744,32.090611835148664,5.41202948822855,27.15991899028471,0.0,1.6371172264540108,29.902522593834696,26.57970001559005,0.0,21.13096890724774,0.9085816283533658,0.0,NORMAL_B,83.95
case01,33,W1,step2e_regression_clip,1152,1408,4.258776955594008,0.0098362540909498,145.07856646124955,144.7457894681672,1.1900297015497423,0.1672729632545264,0.4690783016880878,0.1625428551320341,0.3952273213438425,-0.2034848815612401,5.0255394210456,13.075574841115738,12.57938545254398,10.27841187853935,-1.6506084864501958,2.5096683357753893,-1.381059403469186,0.2322538389297894,0.0434508461291453,1.4308290560262362,-23.2360413331033,0.6068454435487498,-2.1298364912569308,13.670210239090308,0.3319575557162333,2.992080298015037,10.473969965804814,-33.667217272014845,1.1368181476807273,-15.303410819871718,-27.096443742601792,-19.21112324431341,0.8346630976202771,-5.895236299161355,0.0682199012846732,2.967877437195644,4.232093606990607,-11.398271759094252,0.1775707677952446,-0.9831838818863736,-0.7753334391380569,0.3889347781275361,5.456627187961484,-12.978642966254396,-12.758929423324863,-5.932641786338288,-0.1690121202115987,14.23472735875677,2.93403720458777,0.1197218110769018,-1.36218103408766,34.65626591369989,32.09707340472774,5.191271902161901,27.15756784910977,0.0,1.0004111144641743,29.90109248623132,26.582893213725463,0.0,21.132887368366934,0.9159501666886396,0.0,NORMAL_B,90.35000000000001
case01,33,W1,step2e_regression_clip,1280,1536,4.265437725902602,0.0094337794334339,144.95173723461338,144.59642736135916,1.2575054042265164,0.1668353769612527,0.4621863073998501,0.160983509893875,0.3896534385997519,-0.2012737340088978,3.9510095471787454,13.045649123675092,12.612000553347054,10.261824185871744,-1.9247502447713165,2.2259375926712126,-1.2546147501975211,0.2799247192014453,-0.047636078897975,1.421877070928449,-23.217962584646813,0.6036245306799702,-2.0022067262557863,13.939721795932858,0.2736486538267408,3.1094615241144408,10.48130666880482,-33.69405175742091,1.1258130869194911,-17.321602682012077,-27.11532682664769,-19.79962728377182,0.8087097737516381,-5.499202862408668,-0.1690042812453793,2.8403216446666057,4.545164881019395,-10.984512727500393,-0.1510170536479605,-0.2485839056171122,-1.0232328550838925,0.786432609581353,5.897433351388122,-12.286646331637035,-13.304779750028338,-6.142578519983288,0.1040980491508652,15.01161013734072,3.4458701930879405,0.0421886876699049,-1.472209178527374,34.69819674595043,32.04665999866539,4.021330455346933,27.15981339639394,0.0,1.0325025461385644,29.9087647703176,26.56251483853217,0.0,21.138225124516584,0.8490997855079827,0.0,NORMAL_B,96.75
case01,33,W2_f0995,step2e_regression_clip,1024,1280,4.26823024264985,0.0093702742367177,93.8265012173266,93.551798316289,0.7890637764441629,0.1440646428363083,0.4716798477456105,0.1637212842702768,0.3929341064395374,-0.2268865073931667,3.438716884371342,11.747048598493665,10.362563196383832,9.537778685050815,-1.9681363567577304,2.3217770073829627,-0.108044188389813,0.0274675135463718,-0.1799186015060266,1.260129019872725,-20.047807562840305,-0.0738347191916409,-0.7458928690868504,12.451277473599074,-0.0726313174170973,3.046889177712791,10.014700493950148,-22.47842852935972,0.2954308778243477,-13.19585062036088,-22.396052365904364,-18.88802462432257,0.0838770371649941,-4.35697684407864,0.0623932340986464,2.6900630000371635,3.7586092272015126,-8.888476721657703,0.71039286076236,-1.1593838129131355,-1.1350295511202728,0.5407279085668895,4.2203726860153,-9.494193611279895,-9.808561861923796,-5.16086912079524,0.2718145933443051,10.950050121942343,1.30362053146625,0.1534844128001269,-0.3673851439573465,19.523444397669337,19.45736612072865,3.51045582437496,20.86886470281032,0.0,1.1279370611357746,21.3684050236248,22.16905420549875,0.0,19.580192683867764,1.0354301895467617,0.0,NORMAL_B,83.95
case01,33,W2_f0995,step2e_regression_clip,1152,1408,4.267651938131126,0.0098245543840343,93.75051217431226,93.45826240814048,0.8404993282506453,0.1447985857883441,0.4720923954207736,0.1640450050113216,0.3933799156190719,-0.2274425120325294,3.2912575980451297,11.484004657736538,10.482314503788494,9.395344577368316,-2.0374910627358624,2.2619802517299896,-0.1720347342868638,0.030043250588127,-0.0765187209009267,0.9708516787853848,-20.047939502681025,0.0208325884963102,-0.7759041756698297,12.410844492895365,-0.0266158245827907,3.009351696034249,10.096855742029984,-22.478392819835364,0.3429008586505586,-13.015993325459814,-22.395677318924857,-18.93238420594201,0.1462581573760892,-4.37485413624542,0.133462392602971,2.5493216929959046,3.806209756027065,-8.747055527950893,0.9618522688458718,-1.287527392502237,-1.4235016244166478,0.558652924339985,4.399266461488991,-9.431983199370515,-9.955231521050626,-5.01226957226464,0.3684300574802748,11.028386424775606,1.7172128547302752,0.0404089293617368,-0.3967253203154067,19.52313969549461,19.457695764699487,3.3894607645405794,20.868553456721227,0.0,0.833086527443707,21.368663669620314,22.169232959447346,0.0,19.58010404799407,1.036958592657657,0.0,NORMAL_B,90.35000000000001
case01,33,W2_f0995,step2e_regression_clip,1280,1536,4.274488313296372,0.0092601687143979,93.73172475587646,93.42800532150798,0.843406336774754,0.1506155808201565,0.4649946288032671,0.1625208039755505,0.3880451635882236,-0.2298009842897909,2.639969781675156,11.455615405982446,10.492367556319763,9.396335757441127,-2.3261896541992373,1.9876128248881797,-0.081345754196913,0.0827492530437901,-0.177557253164467,0.9859728082724656,-20.04796939771344,0.0251291770710447,-0.6846220570781805,12.614569448223673,-0.0814084903398738,3.092159743317085,10.100271702768485,-22.478529233917307,0.3182449583424911,-14.774271489834714,-22.396476509407304,-19.537713270531107,0.1148408680562369,-4.061934672356955,-0.0426691733092339,2.4939593892151075,4.076377021727247,-8.423187882436293,0.6834247856007539,-0.7224501748409526,-1.605173226047226,0.8636090176073898,4.756674525192088,-8.9150216206839,-10.431076606832187,-5.182120865838024,0.5767835793778844,11.568863733236745,2.06862690754683,0.0244984570078871,-0.4520151829883488,19.524156461407213,19.45681644284233,2.728763759756579,20.867769440783366,0.0,0.8670919918743568,21.36919106886463,22.169107438075724,0.0,19.58038821333141,0.9955953363952228,0.0,NORMAL_B,96.75
case01,33,W3_b01,step2e_regression_clip,1024,1280,4.272065269817106,0.0094539645747507,100.7913232308648,100.51147544440325,0.8187337419909456,0.1411736341855699,0.4676660272911776,0.1616835471842257,0.3911691760629029,0.2472476030401287,3.6367037114032152,12.142612486045564,10.594408934997723,9.66960956428745,-2.023885699228809,2.286348357524236,-0.6237652260877611,0.0274997831023331,-0.2144424322718836,0.910618820376861,-20.731753692962517,-0.1627066034793015,-1.3554371389645892,12.905852001983051,-0.0997234959895178,3.0738550942426417,10.31717923624803,-24.248666396986103,0.6129753767435784,-14.320864992825188,-23.88756395293177,-19.69728109088157,0.2332155023545631,-4.602537673141316,-0.1162138986588979,3.0788504051620693,3.881530502015936,-9.33251391363907,0.6455130482649937,-1.1144370735991196,-1.2898666280752331,0.4161598399543778,4.416932117234114,-9.949346638310756,-10.37119631300253,-5.417734934436544,0.3237365538924076,11.567482502127309,1.7615950339873128,0.2384305079475462,-0.3805708199518255,21.775286141830392,21.330421935671584,3.743598648426687,22.56536254805571,0.0,0.7429780191917777,22.793369066135867,23.129722374889493,0.0,20.162429035616057,0.8376193016475147,0.0,NORMAL_B,83.95
case01,33,W3_b01,step2e_regression_clip,1152,1408,4.271530143847008,0.0099553611968166,100.70000111961136,100.40075725018268,0.8953134818515781,0.1479093467590145,0.468101544779388,0.1620101951879084,0.3915445732954187,0.248958224307236,3.4752163098349182,11.86921441005553,10.71848248442218,9.52194961358812,-2.0956041377519217,2.22480133290677,-0.7014968420308617,0.0307418377601698,-0.1100922957279498,0.5302833746001199,-20.73259955720997,-0.0657738216092007,-1.3932040154848715,12.865430916833574,-0.0530849635256354,3.0257808674312696,10.40219629465222,-24.24667914833147,0.6608132178595459,-14.133611786570858,-23.883954295555828,-19.74278575489416,0.3022183508880498,-4.620592517710952,-0.0433775456650324,2.924393955135673,3.931929400173016,-9.185410669359598,0.9041778613011124,-1.247179862129672,-1.5881739506825292,0.4338750292622252,4.602770850881457,-9.886174450089747,-10.524640323103185,-5.262153753761886,0.4250813815149639,11.653099836363452,2.193830143173994,0.1234864421658144,-0.4128854640364968,21.773496514387848,21.331843165747262,3.610978765968607,22.56200613212483,0.0,0.3519632895960544,22.795085904270422,23.131608872509464,0.0,20.161175466428524,0.8375776839193546,0.0,NORMAL_B,90.35000000000001
case01,33,W3_b01,step2e_regression_clip,1280,1536,4.278468300182436,0.0093377895070421,100.63223836217236,100.31915124354548,0.9160235366405006,0.1471703438189781,0.4609575729153373,0.1604935186124284,0.3860875824315156,0.2552596011907346,2.751641673186331,11.838058852925377,10.72777902548409,9.523568883249196,-2.388370823655777,1.9433826262578984,-0.5938787293153275,0.0815212220508022,-0.2140560720133899,0.5511647436756281,-20.730543804402444,-0.0601491242084589,-1.2853337781449372,13.07496507240926,-0.1169513341036467,3.122951620295039,10.405657901681115,-24.245951942866988,0.6376123093258051,-15.963727886506348,-23.88699547639827,-20.362131946964425,0.2777522890984731,-4.296228293088992,-0.2281258454532215,2.869191325971096,4.213353426745442,-8.844132382200527,0.6153526619490995,-0.6517739836925512,-1.7772684452847884,0.7484412402839821,4.968979864927005,-9.342445513245645,-11.020048599897354,-5.435976742587557,0.6496903547207259,12.224638484987846,2.554640637350632,0.110695287548936,-0.4726526644019439,21.77560258477459,21.329606205022117,2.8718859095350875,22.554767729708384,0.0,0.3988233145340069,22.795893687032365,23.129500130131813,0.0,20.16062057189485,0.795644277890309,0.0,NORMAL_B,96.75
case01,33,W1,fit_only_clip,1024,1280,4.266083335878151,0.0097371637868181,147.51946489362064,147.2164501095548,1.057963573447852,0.1774730627031297,0.4646007683927949,0.1595529095024307,0.3918098939452209,-0.1658152027571539,5.301011286085261,13.173623516171803,12.344054206429789,10.4831273786264,-1.838307164011351,2.465597517032028,-1.3282117708600252,0.2783198164971299,-0.1389983948315946,2.213673426604695,-23.289775491877744,0.5457328618018871,-2.1663689027210484,13.439529979673544,0.3254759863808273,3.0350080436451377,10.487771244002476,-29.749180056954867,0.9852109844163296,-15.34463346989247,-26.607289345542775,-19.43448859955284,0.6738798485499138,-5.648571334907824,0.0338667418920253,3.307588125476482,4.231597452853009,-11.5390249979666,-0.1609296093934444,-0.8620579866525959,-0.3876589847932664,0.2568291872336716,5.433311507371554,-13.117057215539033,-12.82858933135378,-6.004308562202661,-0.2420709611850259,14.59922902718082,2.2451186020736134,0.483830492257626,-1.2054354510821548,35.37501846278327,33.03158367213964,5.455675724461471,25.962839223950475,0.0,1.82518039083983,28.1184332711012,27.013553444601307,0.0,21.78245745099107,1.0797929414283969,0.0,NORMAL_B,83.95
case01,33,W1,fit_only_clip,1152,1408,4.265469983097442,0.0101974571781228,147.29018062114326,146.95849842393025,1.2179868564935128,0.1811448512684932,0.4650666337299394,0.1599480273516198,0.392252117699143,-0.1678100196692522,5.045685596530627,12.886864637927324,12.482807615644807,10.326827312702894,-1.9200158519215105,2.3981400564321564,-1.4162740401749845,0.2806617523897216,-0.0288228447523556,1.6072402604464069,-23.28895982592877,0.6490018683526823,-2.2031463549705155,13.388692648729076,0.372326524171413,2.984251796006559,10.573480598911358,-29.749002789312215,1.0384229960489926,-15.143278764931438,-26.6159006748034,-19.484033367488244,0.7495591590383325,-5.671265722364219,0.1222479914270765,3.1264245725981934,4.27537101638143,-11.370749517592538,0.1468609696484097,-1.0267318729483577,-0.7380368468204597,0.2817000566208109,5.657664912735735,-13.036216695214348,-13.030418712366028,-5.828207867480851,-0.1054738120058374,14.71827521657065,2.811465871371708,0.3256470856137182,-1.245515104708508,35.38160434275622,33.02398481871567,5.232644749367691,25.965252979173155,0.0,1.1859446139415053,28.1142699128695,27.015528106346384,0.0,21.778091843602287,1.074945275392586,0.0,NORMAL_B,90.35000000000001
case01,33,W1,fit_only_clip,1280,1536,4.272359706595615,0.0097405061400151,147.10158732285151,146.75131159492994,1.2736383743545452,0.1758322594952256,0.4575564128978401,0.1586236648756699,0.3857172745623629,-0.1661645485563923,3.994699938679549,12.90821716388697,12.553977397420605,10.290748557031485,-2.036145102276312,2.17801539244886,-1.2700703555460129,0.2998756462642602,-0.0765127129758057,1.479353987824896,-23.21693281569204,0.6228344393607562,-2.039770670557985,13.73473443055044,0.2846632612511012,3.124056540724798,10.567231055844672,-29.846854577242254,1.0781762829943304,-17.129324193220512,-26.73165445765297,-19.99474540229391,0.7675295691592187,-5.32069997878651,-0.1455999279152805,2.887440285734951,4.515269521588455,-10.924850696770182,-0.1677554820566496,-0.2647722977008617,-1.006708150985666,0.7396125680381178,6.035067151645185,-12.300827100232471,-13.480502419283592,-6.062570763485734,0.1313784874272483,15.45101662937922,3.363540566529902,0.126182248920368,-1.431600560843669,35.55714706473015,32.81133855626619,4.06463700225879,25.98493781378121,0.0,1.0991835501692402,28.11997250473591,26.956560397872643,0.0,21.768541987237285,0.9115249116045262,0.0,NORMAL_B,96.75
case01,33,W2_f0995,fit_only_clip,1024,1280,4.274325755978077,0.0097467075090141,94.94076192032524,94.66923510252904,0.8017121181236824,0.1438911160975297,0.4677559538045235,0.1617057814296081,0.3874887850739864,-0.2389305132288164,3.437440517735901,11.745876324723165,10.364868340785105,9.537212200606929,-1.9691415232108085,2.3216307260739764,-0.1104255020112356,0.027119446979399,-0.1799640123195584,1.2606385702686735,-19.98617739370284,-0.0734113857377268,-0.747683076036552,12.45103966871344,-0.0713434884532274,3.0440667880456864,10.015290882225734,-20.072171382760484,0.2945321058867641,-13.195438163536416,-22.31514168325704,-18.8861063451964,0.0843565482508098,-4.35887769169987,0.0609594498782482,2.6871543004837077,3.757937339996291,-8.88795827276312,0.7101679995759046,-1.1598875872536774,-1.1360491461339328,0.5398014853216098,4.219203590188303,-9.494114761312913,-9.806885123951687,-5.159730104451348,0.2701672614020912,10.949547738630727,1.3026289803423834,0.1559546161738879,-0.3656740747057994,20.14309334276452,19.99643495490046,3.50924739916188,19.865015655823107,0.0,1.128410951027814,20.210282896739912,22.24443200242433,0.0,19.889005553758405,1.0349363059444996,0.0,NORMAL_B,83.95
case01,33,W2_f0995,fit_only_clip,1152,1408,4.273724398012933,0.0102353751785301,94.8677509652267,94.5788943845981,0.8534322093189686,0.1438675187012127,0.4681908308733432,0.162032745247081,0.3879455520781928,-0.2394716893269593,3.2899712681371227,11.482831920022054,10.48462001538952,9.39477657553268,-2.03850527775499,2.261837041024199,-0.1744198051250952,0.0296964538962463,-0.0765631407851355,0.9714133874059708,-19.986306917672948,0.021265411601336,-0.7777005790707756,12.410604446769868,-0.0253300059359692,3.006521473627141,10.097462406940116,-20.07214047065189,0.3419992596798205,-13.015594190025066,-22.31475334222488,-18.93038901901511,0.1467325005903433,-4.376750954852956,0.1320315346213682,2.5464467515763527,3.80553524617308,-8.74653340481181,0.9616361341032608,-1.2880212211104336,-1.424520052216938,0.5577203960357641,4.398088409721869,-9.43190806091328,-9.953546425496434,-5.011135957445512,0.3667786778969921,11.02789083183747,1.7162068054167807,0.0428760202409698,-0.3950186801882841,20.1427785143883,19.99677520518264,3.3882444577357886,19.864692161833265,0.0,0.8336218123049713,20.210533989438357,22.244619404177293,0.0,19.888913859640667,1.0364650224196272,0.0,NORMAL_B,90.35000000000001
case01,33,W2_f0995,fit_only_clip,1280,1536,4.281134914728218,0.0096511007044232,94.8676800181062,94.56754885637248,0.8569596171552254,0.1493705885809397,0.4606543755757429,0.1603432260876099,0.3822559954372975,-0.2421547561119261,2.638727966078922,11.454480322660904,10.494700905242585,9.39578971357013,-2.327189621531556,1.987449007275374,-0.0837463887415289,0.0823674565443595,-0.17759466097434,0.986560774842213,-19.986309747103643,0.0255894494077774,-0.6864279624032776,12.61429910065094,-0.0801769832473831,3.089319042795285,10.100863209846748,-20.0722361869556,0.3173468186741331,-14.773891596397691,-22.315599357747768,-19.53496706661121,0.1153841970714315,-4.063837897041701,-0.04407162801563,2.491114671908209,4.075719668011321,-8.422670453285074,0.6832082118920505,-0.7229681785841388,-1.60621649596386,0.8627495644620311,4.755427715750866,-8.914939441118069,-10.429362350602862,-5.180959785418668,0.5751182625591901,11.568460169180574,2.0676184506209285,0.0269924355630218,-0.4503848558603221,20.143872268569464,19.99583376668931,2.727586867088083,19.863874078466324,0.0,0.8676411588350682,20.211054564292684,22.24446132048875,0.0,19.889208573520264,0.9951392476980004,0.0,NORMAL_B,96.75
case01,33,W3_b01,fit_only_clip,1024,1280,4.276616120318892,0.0098472264413685,102.0334349630078,101.756895424676,0.8341601072864079,0.1410396442391419,0.4638088986567448,0.160090420660474,0.3879837774067867,0.2526319197988912,3.668236603004576,12.140286789230698,10.60128750436666,9.67656925094355,-2.040472425457321,2.279811782028613,-0.6397203711330499,0.0272512068702914,-0.2232604985111389,0.98142233703573,-20.592384536658983,-0.1536416006171892,-1.3568300249404763,12.910259933574867,-0.0790817154508151,3.046340503472253,10.304062837200515,-21.535192205633443,0.5925958789924309,-14.222600750568558,-23.848886284664317,-19.627663901358133,0.2194132281164892,-4.65933842585999,-0.1167882125761907,3.047896509130186,3.859238386350521,-9.351684197224696,0.6449920507341135,-1.163358329121227,-1.2635162680064955,0.3942094907635518,4.384289656580507,-9.987660049346196,-10.337540694921442,-5.417305319043121,0.3265714233986408,11.53314034177901,1.7040958506126431,0.252795859172951,-0.3619841152663317,22.344205110466287,21.903941064757408,3.77643248091825,21.53884848052899,0.0,0.8142597266339673,21.44509444478419,23.17858828935689,0.0,20.49506834835377,0.8371322950493597,0.0,NORMAL_B,83.95
case01,33,W3_b01,fit_only_clip,1152,1408,4.276046259675145,0.010379767141691,101.94346935665422,101.6476806923608,0.9108179123693732,0.1464952688946852,0.4642688682784896,0.1604222301894789,0.3883906626071278,0.2542752709282211,3.5062084000341587,11.86686636805806,10.7253007662503,9.52888544666106,-2.1122208758643217,2.2183481360458086,-0.7171343017691141,0.0305159247881175,-0.1188739847631115,0.6021378396745518,-20.59315321938773,-0.0565346375857281,-1.394350398717527,12.86976299210484,-0.0324418971282328,2.998573826880964,10.389184798848389,-21.533275436917823,0.6403399463368661,-14.035384747160954,-23.845337894031807,-19.673004593086336,0.2881306042555745,-4.677430374871564,-0.0437418326602781,2.893877159282793,3.9095494380408735,-9.204630891300113,0.9036672321505504,-1.2961857727645607,-1.5616679759025411,0.4119292679417495,4.570190024949925,-9.924518943378905,-10.490862508381689,-5.261904083275107,0.4278544796638031,11.618751419369737,2.135895254512663,0.1375842361311192,-0.3944071521347216,22.34246334005333,21.905340001629305,3.643372297344023,21.535448254974256,0.0,0.4245026296290365,21.4467693495223,23.180530575163093,0.0,20.49388969893653,0.8371912934202413,0.0,NORMAL_B,90.35000000000001
case01,33,W3_b01,fit_only_clip,1280,1536,4.283540463398352,0.0097476161194682,101.8834786971753,101.57400704537072,0.9305739423915268,0.145938304820065,0.4566994930279174,0.1587416704723068,0.3825217643278476,0.260740908726826,2.7801334115752367,11.836058281614536,10.735072756734851,9.530676800757696,-2.4052161423942264,1.9368592164310057,-0.6094163595516109,0.0811666540406473,-0.2222854913991935,0.6239856511359381,-20.590990859336728,-0.0506156856175882,-1.2864147341889771,13.078981276591282,-0.09616284201426,3.095911214761445,10.392709907243704,-21.532717393147703,0.6168918172387292,-15.865025492745213,-23.848177489624625,-20.291267359440223,0.2640104681508999,-4.352416294159048,-0.2281088218296379,2.838213020607163,4.191234564792491,-8.863343715286769,0.6148897626372882,-0.700567814053106,-1.7506466088737225,0.7271228877409005,4.93660774490584,-9.381015112309504,-10.98637421862421,-5.435490345638422,0.6519224317986023,12.191289706450938,2.4959342100146915,0.1248570957846232,-0.4544124602486146,22.344714215612772,21.903032997644445,2.9016569117712443,21.52789816212705,0.0,0.4721534148538077,21.448010505616303,23.178812691914157,0.0,20.4930802902256,0.7958680424207188,0.0,NORMAL_B,96.75
case01,33,W1,fit_only_no_clip,1024,1280,5.2963458178777385,0.0090980458162249,346.8695158508976,346.715875487923,1.7961952284591034,0.1187870669010031,0.7323493203586693,0.4425426508157783,0.8437949108049784,-0.2138335102098748,5.818789312317349,12.432543454420998,12.4494448795218,10.291934341962294,-2.923779061306538,2.146815597592757,-1.0952396327774212,0.1168303663638288,-0.249808798295777,2.585052556702518,-44.53129419623673,0.6465480978782845,-1.885690066633681,12.928725739358532,0.0867439712591797,3.43894666679907,10.540816067868231,-113.3936458684389,0.6657910120651395,-16.14622995933701,-61.89869474171762,-19.898674107056458,0.7995528823704207,-5.66561422090374,0.1059959386274744,3.4426774559120674,5.066960383846195,-11.409812100967232,0.2731552641709315,-1.2117411919068226,-0.5502898973609023,-0.0806051259781214,5.279369044665474,-13.848066083490876,-13.162885560588798,-6.125713301678836,0.2195779177146681,15.784912262255457,1.764384135604386,1.331363311044312,-0.6451152881494426,79.58213940862063,57.34690428774839,6.133448744614231,47.53926463520448,0.0,2.0652874486263038,135.02463197765795,169.1478204130782,0.0,27.18706371936028,0.8320840879379867,0.0,NORMAL_B,83.95
case01,33,W1,fit_only_no_clip,1152,1408,5.294339881999585,0.0104810050247779,345.524598545073,345.35339418116365,2.381004944812061,0.1339518956053381,0.732074906254535,0.4417985301573587,0.8432787701744957,-0.2116348076618265,5.558902146453068,12.157110208149174,12.583923610582024,10.141678567210151,-2.9758799914573024,2.0854042388231075,-1.182810032059627,0.1235572039712021,-0.1300867380437538,1.9692659528097305,-44.55227813629698,0.7377233595327448,-1.9221309497740189,12.882113226877408,0.1313848791640037,3.387365157302508,10.627682041213582,-113.48631907948788,0.7168768227510662,-15.938811113484466,-61.348273601738136,-19.95031302702008,0.8697032617762337,-5.688797358020539,0.1968432716482312,3.23816022537398,5.103223804409934,-11.232797792542575,0.5831107855366257,-1.3719245919292395,-0.92253754575295,-0.0529418929786844,5.499161574723013,-13.748493216469212,-13.343344204662216,-5.942140234498948,0.3531616440791107,15.887170593893565,2.338132723178475,1.1699748597653228,-0.684819396873353,78.07796030687354,58.22322393569871,5.900948381844681,47.1061558797831,0.0,1.4172928250960934,135.09051959420188,168.79910679956697,0.0,26.874779746037248,0.8364368245348134,0.0,NORMAL_B,90.35000000000001
case01,33,W1,fit_only_no_clip,1280,1536,5.302638954933465,0.0099321519037463,347.4419846357549,347.26849583178824,2.0142212420870527,0.1312299276675496,0.7253203121212478,0.4334860814542139,0.8421772491048196,-0.2092098277662693,4.441162877993074,12.135237381096204,12.592772237591042,10.147761479483764,-3.298602341297591,1.780252530035613,-1.0497458599943132,0.1840701332944419,-0.2357937659232793,1.994975172846148,-45.52365831551708,0.735803062413977,-1.7869459280249649,13.097826162618952,0.0659186123255737,3.510191426253636,10.629851813418876,-116.98527039922392,0.6915004216027734,-17.948536344641724,-60.68770892935127,-20.691958330812927,0.8298870193452406,-5.29081132922573,-0.0268449049317697,3.1547180072114287,5.406989211581376,-10.837585570948685,0.2371886843668146,-0.6384483381602896,-1.1554402575467368,0.3237565721462078,5.954917599619076,-13.066265316318862,-13.952059874212926,-6.147661206093899,0.644725819268836,16.705257171687464,2.8236207251474075,1.146463949772928,-0.7608375015398717,78.00998799936049,58.25694269537968,4.697008770382016,47.246855710362055,0.0,1.48574910225696,136.82428531744955,168.7896445470634,0.0,26.693661563242237,0.7928270099081117,0.0,NORMAL_B,96.75
case01,33,W2_f0995,fit_only_no_clip,1024,1280,5.298579316543391,0.009087281322728,237.58027600756557,237.45414735562295,1.0375516675872372,0.1125451090162529,0.7318123777274907,0.4390949442063434,0.8448034756073071,-0.2726664816741071,3.448380075783049,11.741301767379966,10.3736609287159,9.528685327249386,-1.9693741599534345,2.30622573893196,-0.1183222015357977,0.0339917715931487,-0.1799345711262925,1.248052594572902,-38.49534058575155,-0.0718937520723286,-0.756156457721419,12.444415889762636,-0.0697343157709242,3.0335963729647366,10.014244471492722,-75.18710827969578,0.2912172418839252,-13.211545408350805,-51.518685895055086,-18.989944177735413,0.092672837384034,-4.369326841295563,0.0586455382163639,2.675439688597723,3.7617631578094617,-8.885275648305702,0.7042038701102771,-1.1558002128979403,-1.1361772065108604,0.5216556393980287,4.2270727493938685,-9.510093590716966,-9.8079624962386,-5.149197670644553,0.2612582714198221,10.94827996194277,1.3217944293810762,0.1708487296646327,-0.371139657552504,45.31311374334514,34.43602683616608,3.5215596721389337,36.34078566595872,0.0,1.1154570204504133,94.26171202074306,138.42430139840195,0.0,25.096597784094183,1.035054308467568,0.0,NORMAL_B,83.95
case01,33,W2_f0995,fit_only_no_clip,1152,1408,5.29655774419329,0.0104736643613811,237.0907580220935,236.9523933233404,1.383653513233556,0.1291882915546929,0.7315196673868648,0.4383664497247792,0.8442951297219864,-0.2745619434069865,3.3005814393609056,11.47858008355419,10.493213973877657,9.386221099359751,-2.038612417256932,2.246524418051953,-0.1826138355267183,0.0364930826359474,-0.0763797334395678,0.9579448760284818,-38.514103222188005,0.0228099946670054,-0.7865154536997151,12.404006882578518,-0.0236711346885734,2.995801902641873,10.09637358003422,-75.25042837148398,0.3389491102208397,-13.031710433621694,-51.05158646943301,-19.04277255085396,0.1548982930088387,-4.387312229010583,0.1297341937005555,2.53520490916655,3.809243670076021,-8.743839872244372,0.9556772308856756,-1.2843690178215117,-1.4245479441409603,0.5397178873195905,4.405717807899835,-9.447634950062882,-9.954303276740202,-5.000515837244489,0.3577406950938397,11.026171005127203,1.7357548135020373,0.0574949474875069,-0.400441339131016,44.46397384865297,34.98164753433493,3.4002059910151146,36.00611172610853,0.0,0.819746368162294,94.30692191285164,138.14404018010387,0.0,24.810907784519213,1.0367309615949232,0.0,NORMAL_B,90.35000000000001
case01,33,W2_f0995,fit_only_no_clip,1280,1536,5.304826066961822,0.0099408923148691,238.01344997587177,237.87540991022,1.1219371819033797,0.1225802597355975,0.7248304022927538,0.4301383423596635,0.8432314377474437,-0.2786396641825142,2.6480818385551483,11.450309862675214,10.503530109543853,9.3870444373812,-2.3277087487431047,1.972099727030275,-0.0929347969322275,0.0892764298440777,-0.1773550510790963,0.972448929838125,-39.35177864832713,0.0266743946846885,-0.6961825961388732,12.607601147096458,-0.077791754157276,3.077701599304353,10.099807182345698,-77.56041885306294,0.314295559921933,-14.79049085784283,-50.500995707581474,-19.75529851056545,0.1234430203824514,-4.074330897303886,-0.0466762414596725,2.479614750314425,4.079132481608094,-8.420194656507855,0.677312859410646,-0.7194885843691806,-1.6061868235827117,0.844279203787,4.763373564793722,-8.930708520248231,-10.429989352618922,-5.170230245984143,0.565703233891209,11.566052037913844,2.087687802398172,0.0416520863373826,-0.4552177209127671,44.4222167324963,35.006120525270674,2.738268474799076,36.10736704857627,0.0,0.8531452822733752,95.50718417869034,138.13905957419527,0.0,24.64528251020683,0.995120051871327,0.0,NORMAL_B,96.75
case01,33,W3_b01,fit_only_no_clip,1024,1280,5.298621865733831,0.009085249867232,252.56965547824387,252.43961548244977,1.171735194845489,0.1084734285921767,0.7303398449520015,0.4386404760769296,0.8436027438150648,0.1038133602008915,3.828684586905104,12.11645183891191,10.634090721712536,9.59353695606328,-2.0602468354376136,2.202428630199251,-0.5684491315058502,0.103098832206295,-0.1906866179522732,0.9391998258619418,-39.657182658268034,-0.0823792447031248,-1.3126644052273588,12.85736810226837,-0.0721921507144712,3.0996530700944303,10.292978528839376,-80.36491763172363,0.5302566667306238,-14.240886059119266,-55.12860833245518,-19.74376083733459,0.2386662410050418,-4.704718144029257,-0.0941029594831528,3.005588878785043,3.889336671943712,-9.321453194143364,0.6481557839886734,-1.149707985089769,-1.2669935168700408,0.3423142474675825,4.45355436758446,-10.060892837540278,-10.317035530417058,-5.31633977999521,0.3295813489412473,11.603714048739096,1.7247020574742469,0.2151340369107954,-0.4346738905685746,50.47206880194706,37.62139551287121,3.935588265825104,39.27651972714994,0.0,0.762467558158442,100.85019925339653,144.461685656672,0.0,25.809551360847284,0.9177112904240856,0.0,NORMAL_B,83.95
case01,33,W3_b01,fit_only_no_clip,1152,1408,5.2966159708762985,0.0104810331400062,251.9519712968514,251.8090651499788,1.584720236723127,0.1250036812433556,0.7300486505552394,0.4379058960558491,0.8430801173667174,0.1050788763412527,3.663739174324075,11.84522726778676,10.756325417366313,9.447246227247753,-2.130559276984172,2.142443772687572,-0.6441298059332772,0.1054439478294846,-0.0841957578072704,0.552445944973545,-39.67617873710658,0.0146108504668457,-1.3490148241346545,12.816350835775628,-0.0254276916229038,3.054123171601164,10.377747199138067,-80.43099070220377,0.5787489838515741,-14.053193470237604,-54.6277481541835,-19.797224042473506,0.3041866070145267,-4.723258271068473,-0.0198224024832094,2.854006098445894,3.937574896814392,-9.172937893230008,0.905421226469016,-1.2850461077622657,-1.5640899060471127,0.3611068012306785,4.638614575452588,-9.995015832240576,-10.468438151483216,-5.1607925403614505,0.428830170020966,11.685613729966889,2.1569200639856336,0.1008812454129528,-0.4649719678845892,49.52310773486637,38.21239780870363,3.7995021162288856,38.91380814478215,0.0,0.3649206310274389,100.89935592490838,144.1697543855624,0.0,25.51490575921125,0.9195092017219154,0.0,NORMAL_B,90.35000000000001
case01,33,W3_b01,fit_only_no_clip,1280,1536,5.30489798129646,0.0099372654002578,252.86363314198653,252.7195242253277,1.304177953505745,0.1207639211232914,0.7233160100960087,0.4296677033917558,0.8419991813100602,0.109697722363333,2.929873569469033,11.816263053082434,10.766936036498358,9.44873253098695,-2.426966471140234,1.8616906898383483,-0.5419978828223622,0.1580416244446319,-0.1868485676340127,0.5647867778444814,-40.53650308404335,0.018883372619851,-1.246368399809928,13.024816888139194,-0.0839862552664269,3.147482794242264,10.381297386354586,-82.89214313057182,0.5534518043525947,-15.886620812016217,-54.038511967814216,-20.528448948323103,0.2743170650022481,-4.398384182575868,-0.2040742675974564,2.7971584980588355,4.215233504826058,-8.833692077810557,0.6178891015823519,-0.6938135392869622,-1.7514854791115988,0.6740156490502655,5.009351587565163,-9.453310016638282,-10.961490619422095,-5.334398214754866,0.6480927099913617,12.252824911316136,2.5231055097649304,0.0863200676855716,-0.5216085478283504,49.47744334916194,38.23697080858382,3.049634349083957,39.02171388890852,0.0,0.4030437199400002,102.18241424343444,144.1621697947797,0.0,25.342485348593154,0.8774928267138586,0.0,NORMAL_B,96.75
case02,11,W1,step2e_regression_clip,1024,1280,4.258422128068661,0.0085075392489261,137.7774130937551,137.46548563265287,0.9603637729439444,0.1325913748869553,0.4737868734182267,0.1686919059261406,0.4005570644880418,0.1618880196226517,-3.9399277179504537,-13.4624470440161,-10.671313791088927,-10.184538151925755,2.670279306958999,-2.1627237684405247,0.5998113357141325,0.2451208592799782,-0.6263108249799342,0.1700930336236949,21.704937274995004,-0.1824064392112684,1.3041700643929943,-13.45876172942498,-0.0451131059953102,-4.392266158720612,-10.768076077784938,33.93360983351311,-0.4164306843276866,18.15138978784532,27.449192474550483,19.264888700750618,-0.4654111693509076,3.5232799432014548,0.8283527223995276,-4.442636921356082,-4.753371397583083,8.541700588079602,-0.1898893299447532,-1.0847007409269411,2.7446206615337343,-0.624403639905892,-6.0892773068051484,8.290984417923175,11.738978987353905,6.272310808111983,-1.2633675099226744,-13.522995232208958,-3.1734257913548443,-0.1224662183498354,1.746901041231702,-35.12670624641023,-31.91925725127662,-4.466197312032065,-27.27785275574745,0.0,0.2998041321610226,-32.4974884267831,-28.587830938146706,0.0,-21.329396906499884,-0.9809299145203088,0.0,NORMAL_B,83.95
case02,11,W1,step2e_regression_clip,1152,1408,4.2612545632971965,0.0099213396569126,137.8455773848044,137.52250979848753,0.9859218234363492,0.1377904226184407,0.471397546944573,0.1678998656960247,0.3983288818819168,0.1608309096712317,-3.555444859540548,-13.666292674837974,-10.670381124236306,-10.317629148759636,2.7462875004177016,-2.1380715281974454,0.466712951165718,0.1887150395206966,-0.4703439887231082,-0.1767158235120062,21.726077443403216,-0.1816309665728127,1.2364869427831398,-13.363543411770245,-0.2930484949469975,-4.514508022295018,-10.736500201367818,33.92346410205385,-0.5847092199954168,18.87090513556855,27.421519835073752,19.428579915193087,-0.2806277734590548,3.31027120838102,0.8353035681087002,-4.628677750526821,-4.924466338603815,8.377284213980579,0.0805051686040909,-1.255333624806921,2.8277231987431017,-0.7518400653297214,-6.244633454964623,8.024558123105223,11.634524985123496,6.410392201020362,-1.2094476713251925,-13.816854560294814,-3.1659900836307804,-0.2701845832619846,1.7278626148919245,-34.98928677564711,-32.055319399303045,-4.063010680264024,-27.275809298908666,0.0,-0.0458993487964999,-32.570401486699275,-28.609220272894973,0.0,-21.33569477318792,-1.0697503471920666,0.0,NORMAL_B,90.35000000000001
case02,11,W1,step2e_regression_clip,1280,1536,4.262370209789734,0.009819751902276,137.91497177790075,137.60555296752406,0.9134443237385028,0.1386162011989787,0.4708879537831837,0.1679557097608328,0.3977768320666359,0.161202983000368,-3.3260292463445995,-13.735794680916122,-10.640760303777055,-10.351327605123624,2.8556903899874317,-2.083054244882018,0.4090729462404067,0.236975278223829,-0.3930984961301701,-0.4885197553365124,21.728496107440417,0.0548365343791988,1.1975025132206962,-13.344987241512424,-0.3971620264479865,-4.6307511975636135,-10.722348768162412,33.92709471287806,-0.8473856613523122,19.228652133722537,27.41258951859847,19.52156338972306,-0.30018840414425,3.041780495893646,0.9531748026171684,-4.705688115764882,-5.003241236358339,8.20512940649855,0.1679948525011898,-1.5866237861551529,2.757557713221436,-0.8977071628263904,-6.336896887650824,7.736831912325927,11.561232274816216,6.444714140646392,-1.1620767220678525,-14.210743757534264,-3.228085846293357,-0.3894302418798051,1.2679818705186203,-34.94856795069069,-32.116423373400835,-3.7720379016882495,-27.27619954257779,0.0,-0.4060395932812156,-32.62318779845411,-28.65036367021052,0.0,-21.34141550041888,-1.1619437059472062,0.0,NORMAL_B,96.75
case02,11,W2_f0995,step2e_regression_clip,1024,1280,4.271246999558255,0.0077208804782108,93.14441467791885,92.87838364174648,0.7121902814282138,0.1260028738230791,0.472129576925349,0.161473302205734,0.3944502376860324,0.2283619859653852,-3.2095252480273437,-11.674136727383898,-10.272388997865358,-9.470635342871766,2.37843947527322,-1.6583269597913914,0.029269302546593,0.0344082552846521,-0.1233017991455488,-0.8492605550830045,20.35816740672164,-0.1472556676877263,0.6950464709891874,-12.138374524439127,0.1163194122839658,-3.1030877147135456,-10.207472806850827,23.111341136403208,-0.0998804000805235,15.782322589657204,22.165934274387883,19.21544955816452,-0.0349153879287777,3.291494182831426,-0.0136881694096499,-2.614778560438076,-4.213152388430074,6.725531338670423,-0.1716318792490713,-0.4696494775421891,1.447795569841269,-0.8478695838246191,-4.887290476348894,6.31917919018323,10.186868819469138,5.253309928747471,-0.2357876154317429,-9.662112125546631,-1.7677772264630516,0.0952278580054736,0.2846522600558693,-19.51550319724944,-19.508401928703545,-3.2784281005552875,-20.83590656110064,0.0,-0.7682471931148905,-21.86768293145293,-22.432919446682863,0.0,-19.4902525808622,-1.0126955947566103,0.0,NORMAL_B,83.95
case02,11,W2_f0995,step2e_regression_clip,1152,1408,4.273292019138118,0.0088605519574235,93.169833966531,92.89355507463092,0.7247045243156267,0.1325805002747977,0.4699380222346755,0.1609994366325227,0.3928350728334403,0.2299046781861314,-2.937421373681476,-11.77189653633532,-10.236572763326024,-9.61806190523779,2.449644590193116,-1.6210231668558686,-0.0774698275330815,-0.0157654985196521,-0.0148413377508823,-1.0206145155503838,20.35789137494276,-0.1662799749139907,0.626339657315612,-12.0240034263264,-0.0413596284700132,-3.1940702628171755,-10.16294068007501,23.111100739607625,-0.239482567174992,16.399195681043924,22.16640136975192,19.33177847037697,0.0866668918952311,3.111937431675182,0.0243241614162802,-2.761113382233388,-4.333735422607128,6.663469085956367,0.0909596913962788,-0.6810301194102105,1.4902443874781794,-0.9614616353925672,-4.948241862918767,6.1028989499673285,10.077098498617875,5.38414959967639,-0.2567552987514946,-9.821338782843904,-1.7754541605304277,0.0418022401627044,0.2939879817341785,-19.515566112812174,-19.50841196143473,-2.998451344818889,-20.835534220714493,0.0,-0.938211538979162,-21.868518424869336,-22.432915371326164,0.0,-19.4903085327447,-1.102969796167557,0.0,NORMAL_B,90.35000000000001
case02,11,W2_f0995,step2e_regression_clip,1280,1536,4.274005228066235,0.00890385696914,93.1343176403644,92.86948688779282,0.7072137671211342,0.1321888915902832,0.4691741365411643,0.1609953084934069,0.3922727274584203,0.2303013295326727,-2.774677747976761,-11.780584677432664,-10.21201403747116,-9.664988022373862,2.5365415124491664,-1.5488887723694915,-0.111385900096158,0.0326394243963189,0.0467192470620449,-1.160648924984188,20.357741175393443,0.0023408918629474,0.5967924814614963,-12.009248770068105,-0.1281221498542478,-3.2593823897887013,-10.134586889044773,23.110793400849087,-0.4483207680548984,16.717045670284396,22.166810007242148,19.414011427265176,0.0989695062821037,2.909316846986874,0.1511947627050735,-2.8451331161331948,-4.399395664199417,6.566536881012199,0.1685418139651033,-0.9552654284799574,1.4521119568781835,-1.0681235372381193,-5.005690910094778,5.859911137262871,10.00135217183848,5.412845435663554,-0.2403661252714217,-10.055008242621918,-1.7955153911786594,-0.0210479894196063,-0.0282965645089738,-19.515833405899237,-19.50828172101624,-2.804042612054949,-20.835086631616576,0.0,-1.0911418987902377,-21.868909193402526,-22.43282963656076,0.0,-19.49014050061055,-1.1882570407505242,0.0,NORMAL_B,96.75
case02,11,W3_b01,step2e_regression_clip,1024,1280,4.264760397414218,0.0077577973997216,100.07169548804256,99.79466262598024,0.7503579355587843,0.1316947227499107,0.4714430937698886,0.1614375235618734,0.3941552221096805,-0.2075159997333476,-3.3754502603134404,-12.118168649998664,-10.713207221172755,-9.674784474291476,2.5638966989666097,-1.7139932500933055,-0.0184520568127738,-0.0531804595670617,-0.2108025491944895,-0.7872181195911861,20.95824415828005,-0.1821943444482295,0.7215973256886338,-12.510117759637431,0.181953014416238,-3.637184144247204,-10.387646646520311,24.3795176059744,0.0338093627182328,16.55326578158911,23.32032341794096,19.80300442307544,0.0053480036445175,3.6715696736459584,-0.0207824261821683,-2.8861049287116267,-4.334391600431896,6.985858657886246,-0.0824415988511404,-0.5763383250630817,1.402261505955666,-0.7073984935698833,-5.101662282076916,6.475943227175425,10.250559667859411,5.413656792286974,-0.0838055961932805,-9.96731422985398,-1.9241144720806531,-0.0875947411551525,0.405452999157178,-21.777492272005908,-21.40293993134196,-3.469489179487254,-22.053260416210577,0.0,-0.6646125727478173,-23.9964836510858,-23.66386376695867,0.0,-20.16493224693429,-1.2340682950383426,0.0,NORMAL_B,83.95
case02,11,W3_b01,step2e_regression_clip,1152,1408,4.266810432070882,0.0088952976027562,100.10244602745487,99.81496755719708,0.7658690222030484,0.1401091800340079,0.4692859489175843,0.1609818647635982,0.3924826976435515,-0.2077651666362079,-3.068649406180024,-12.219609366639569,-10.6767755512402,-9.82686025869002,2.6372203670208747,-1.6769775858458975,-0.1421382410335185,-0.10657351092433,-0.1017963345705132,-1.020853731855916,20.95509966352629,-0.2014279633733983,0.6428584553366142,-12.390445623013422,0.0197691853947763,-3.741544779339891,-10.342448259703575,24.376663917677224,-0.1095666062631314,17.203820141387304,23.32312051148348,19.92360535289792,0.1302097351165325,3.486189651358644,0.0207246889106118,-3.044144389379235,-4.458732223457715,6.919307674731032,0.1892669908380735,-0.8003133719757924,1.4481144485154058,-0.8250395842781882,-5.163209611612767,6.249609807072011,10.135521106877896,5.546747959609042,-0.1063929626191508,-10.13936230577919,-1.9288216913904448,-0.1451027205007206,0.4140536666251461,-21.77761065395229,-21.40290484960125,-3.1517831440378017,-22.051721191568756,0.0,-0.898389262049832,-24.00094150814681,-23.66551433767381,0.0,-20.16507789239912,-1.328070047999519,0.0,NORMAL_B,90.35000000000001
case02,11,W3_b01,step2e_regression_clip,1280,1536,4.267509877255306,0.008940116714026,100.07337413622196,99.79942525550504,0.7255168505286058,0.1368583440446499,0.4685469036506164,0.1609930249248037,0.3919004688549186,-0.2094904655039321,-2.88932868996762,-12.229869630714155,-10.65173999198466,-9.874078412783858,2.7277686625910254,-1.6028779453355677,-0.1808023466464735,-0.0563982785764661,-0.0398402821937017,-1.2128775195435897,20.95389209131077,-0.0262411657801515,0.6093532588762499,-12.373633762650336,-0.0679119280473083,-3.8162683937137847,-10.312870286221523,24.37448599031744,-0.324981264832509,17.539055080408627,23.32535751776691,20.009386096284565,0.1423019718185886,3.2778451031724147,0.1530186809089764,-3.1355092480388307,-4.52679138758113,6.817889888113177,0.2688110908846217,-1.087691570922059,1.4096431819781312,-0.933909919111896,-5.220677158824517,5.99692763190482,10.057362821471528,5.576086504726144,-0.0891790633803042,-10.392341483919878,-1.9476016244866328,-0.2132823615094471,0.0696634533988634,-21.778508600873455,-21.402898283235228,-2.9356287420899982,-22.049398966079774,0.0,-1.1096761525844674,-24.003633893788216,-23.66620986970289,0.0,-20.1635845545166,-1.415041581800204,0.0,NORMAL_B,96.75
case02,11,W1,fit_only_clip,1024,1280,4.262785935854535,0.008924111681021,138.9784738346275,138.6655500491967,0.9716627930127524,0.1297960416072116,0.469770035510863,0.1678871781892843,0.3989826993814288,0.1172742157755126,-4.157093597316147,-13.315401539723258,-10.712313488264334,-10.187289292742957,2.6050341511512607,-2.2644308267333213,0.5139251451875805,0.2898269405719613,-0.4499144933446486,0.2805591205770114,21.3042415676076,-0.058896955627514,1.2075123626643156,-13.65671364159037,-0.0861782752159688,-4.465318258407101,-10.861628474547006,29.34740956495685,-0.4523271631649898,18.15452244437409,27.7539831264072,19.296567964183343,-0.2990751632719424,3.5602986358383637,0.5898073742069282,-4.508376223341225,-4.795909770200376,8.49320237507533,-0.1603128471101878,-0.9151320480129852,2.708646609491608,-0.5893502029415847,-6.17033187342894,8.105513521497311,11.717659162895202,6.166640844363669,-1.159846451631295,-13.603419398719012,-3.1201722444095696,-0.1178973003232921,1.6870479088911852,-35.75492396866038,-32.868335365471175,-4.728588491450345,-26.213973059285664,0.0,0.4638351421183568,-30.39640660637952,-28.252318611376275,0.0,-21.99407413417697,-0.9205492588383368,0.0,NORMAL_B,83.95
case02,11,W1,fit_only_clip,1152,1408,4.26603621219471,0.0102699616309824,139.0305653577761,138.7059023514459,1.00787877118571,0.136699203717213,0.4671609957665635,0.1668871217321209,0.3964140095994268,0.1151812136882178,-3.7561458285623615,-13.527362409794792,-10.722252763694526,-10.282778053536862,2.669705365029702,-2.2577222774035883,0.4490246879566542,0.2595706947744648,-0.2583973389780565,-0.0419516156907006,21.373193575929427,-0.0642914968722855,1.2066294152122206,-13.584136428842742,-0.337198421708669,-4.518591774612088,-10.820283103692187,29.32701369711379,-0.5882683009302497,18.893031580615467,27.69796638767484,19.4802255456924,-0.1040930265069583,3.339195102565694,0.6186346502656649,-4.688932092666206,-4.977078139318542,8.293115949090625,0.1095679760098836,-1.039196615273782,2.7861994113453874,-0.7182826084140658,-6.351341944865868,7.829406518457885,11.577569245095075,6.307222635208285,-1.0812702547839836,-13.907451248419866,-3.1243548214126213,-0.2825078731436952,1.6473706778754431,-35.59713522518519,-33.026990697063546,-4.315363529518548,-26.200759386828715,0.0,0.1546514736060392,-30.48456903788799,-28.288276186811128,0.0,-22.0061712094471,-1.027793566603142,0.0,NORMAL_B,90.35000000000001
case02,11,W1,fit_only_clip,1280,1536,4.267043720539146,0.0100742183867351,139.08042747708276,138.76987310110255,0.9218927820820983,0.1371846842953634,0.4667379874120165,0.1671328710077322,0.3961668870180417,0.1152531452960442,-3.5062134923030137,-13.565778255078513,-10.689401540726454,-10.315704444615328,2.7847531483786656,-2.195506097652096,0.4179610264151165,0.3241245704793227,-0.1801999703247336,-0.2937097766883876,21.367285513664967,0.1629467371412057,1.1792059544816735,-13.571461291793472,-0.4340391094153968,-4.610612783985318,-10.822026391816465,29.29525284665569,-0.8361159210468297,19.249854924180063,27.691458381423583,19.576556396835336,-0.1226467812208301,3.0680529196648405,0.7483118011322031,-4.759178508982311,-5.053069519086772,8.132490127546921,0.1770589335106177,-1.3472860192963394,2.731905732297824,-0.8650758080706767,-6.426328115711503,7.519351391437861,11.491702730034437,6.329543414039818,-1.0325718345335766,-14.284041599328278,-3.194482667282025,-0.3798539453372668,1.1513926896474262,-35.5871257906988,-33.068902195740925,-4.009281089465341,-26.182333317999447,0.0,-0.1489060252015455,-30.513011163267013,-28.355564669795815,0.0,-22.013583992208403,-1.159280957038986,0.0,NORMAL_B,96.75
case02,11,W2_f0995,fit_only_clip,1024,1280,4.27344739915151,0.0078390224081077,94.11462760684694,93.851956116078,0.7155278030172271,0.1256817149874738,0.4678642899830337,0.160789256242031,0.3886128783316027,0.2377952980290421,-3.212123365293937,-11.672631767177018,-10.272986646732074,-9.472455010972284,2.3780103376265944,-1.6590095967884797,0.0291996837480721,0.0335562211948268,-0.1240828486069238,-0.8501935179508062,20.04698584596445,-0.1462599606974411,0.695147527083894,-12.136999918053847,0.1154469461188047,-3.102921170706696,-10.208531827698948,20.14166955710572,-0.0990799753071126,15.78265950471138,22.242633116115723,19.169957784004843,-0.0358356045537817,3.293152637110293,-0.0143520562190711,-2.6140352296021967,-4.212535635897942,6.725018004284914,-0.1703410286855139,-0.4697216375918895,1.448945968392242,-0.8474588411565313,-4.886673849717638,6.318741238794068,10.185863911753575,5.2538869106835895,-0.2335417461224433,-9.665885581538369,-1.765913821208521,0.0926060041954039,0.2836962556859838,-20.014274737511933,-20.09608688007744,-3.281822580419801,-19.87984078061324,0.0,-0.76920041936508,-20.260898671374417,-22.36400020617825,0.0,-19.86731336022068,-1.0111265042950142,0.0,NORMAL_B,83.95
case02,11,W2_f0995,fit_only_clip,1152,1408,4.2757145147818,0.0091485007294953,94.1441540838258,93.87126121712724,0.7310258869455148,0.1323497904059909,0.4654943570714253,0.1602459330668284,0.3868447451874411,0.2394228674398631,-2.940001491847198,-11.770397367584517,-10.237169131039616,-9.619917205854076,2.4492304746726075,-1.6217007644961297,-0.0775128975152007,-0.0165988982145513,-0.0156104813863725,-1.0215904652947605,20.046737447505038,-0.1652853537064836,0.6264664195305216,-12.022613214858684,-0.0422472472251111,-3.193885447139817,-10.163963791595862,20.141414619685023,-0.2386952809565386,16.399532051550715,22.243101905224275,19.278600786965203,0.0857449188100845,3.1135760650842523,0.0236644963281884,-2.76036623460289,-4.333113515767242,6.662955139023001,0.0922616746141558,-0.681122784283922,1.4913894381671573,-0.961094102285432,-4.947602341947424,6.102398277775088,10.076068433820817,5.384743465551679,-0.2544888249938525,-9.825189325501604,-1.773554162711362,0.0391642884560651,0.2930444738258097,-20.01437662770186,-20.09607622371669,-3.001819147103497,-19.87946870331994,0.0,-0.9392025315257762,-20.2617965068924,-22.3640270008097,0.0,-19.86735645225832,-1.101396377487717,0.0,NORMAL_B,90.35000000000001
case02,11,W2_f0995,fit_only_clip,1280,1536,4.2765380276768346,0.0091577765412286,94.11429429309896,93.85280720194052,0.7117367972820832,0.131841693729647,0.4646382650694589,0.1602067679642989,0.3862047662556586,0.2398193829302722,-2.777243271258307,-11.779086574357867,-10.212598709729363,-9.66686460136554,2.536131200564219,-1.5495479368687726,-0.1113852765125115,0.0318129512374311,0.0459473846905352,-1.1616330274714155,20.046596687348448,0.0033363451033532,0.5969640697640116,-12.007848371534635,-0.1290227509827215,-3.259158853836891,-10.13560604710402,20.14108703585665,-0.4475582202372274,16.717434885384396,22.24350019795908,19.359363720993564,0.0980424322038832,2.910942143889846,0.1505345693691211,-2.844383047009075,-4.39875023917926,6.566011045206704,0.16985240601301,-0.9553856315879524,1.453247519804002,-1.0677850148554466,-5.005045399517526,5.859348094973434,10.000288126061085,5.413453659119305,-0.2380838103489615,-10.058939974440245,-1.7936012452991266,-0.0236992753808639,-0.0292816742092651,-20.01465395661944,-20.095941283473508,-2.807385818321438,-19.87900943348696,0.0,-1.0921357224024728,-20.262217357732013,-22.363975354733167,0.0,-19.867177999070684,-1.1866684433507209,0.0,NORMAL_B,96.75
case02,11,W3_b01,fit_only_clip,1024,1280,4.268560367344905,0.0078735758194348,101.26851096293166,100.9950512147218,0.7526445912212403,0.1317157858005401,0.4664252491686786,0.1602715009516517,0.3899733379342656,-0.2132467580271056,-3.320915159941171,-12.11111098248256,-10.74421741562301,-9.683769952020588,2.5796689660311545,-1.7174924980069024,-0.0285127970672757,-0.0698748527213405,-0.2417369984306989,-0.6798459591754774,20.71862817049498,-0.1755799446570767,0.7288450356906256,-12.499080163880276,0.1778381977856615,-3.6502591974934218,-10.409868011943406,21.43002530080757,0.036977300537295,16.68701266364247,23.372126820456906,19.839623836352256,-0.0005231401460564,3.633738030271283,-0.0167343876975128,-2.901424254886178,-4.372790080677,6.94108953518143,-0.0607286056355747,-0.6463426460324326,1.436210194827432,-0.7170609238249713,-5.151899848130727,6.422028233372449,10.278661524292504,5.382772773832125,-0.0455035796616048,-10.005591872985324,-1.9774886378008296,-0.091152146588924,0.4141445546061451,-22.291482479732025,-22.00321252617776,-3.4177091562410014,-21.112259952808454,0.0,-0.5570276181118611,-22.35549951428917,-23.676805676010712,0.0,-20.551927985973435,-1.2458017569599324,0.0,NORMAL_B,83.95
case02,11,W3_b01,fit_only_clip,1152,1408,4.2708480001201,0.0091891920464183,101.30309128984028,101.01928111190814,0.7723732767011738,0.1399437571793494,0.4640840321078561,0.1597438113788993,0.388167751509455,-0.2135874002758051,-3.0132088797190857,-12.21260876706372,-10.707835642241724,-9.836185323367063,2.6531853859013625,-1.6804651287931276,-0.1518958109862489,-0.1232592476817557,-0.1327195682099834,-0.913634994730042,20.71537243524194,-0.1947739113588095,0.6503489153481908,-12.379257680225644,0.0154282323751162,-3.754362051410235,-10.364327087291416,21.42657558882294,-0.1064911774186525,17.337355224483854,23.37492800314672,19.952310536537496,0.1242176017875914,3.448208548096672,0.0249436302692157,-3.059308424156946,-4.497175781003592,6.874484110428622,0.2110244086392544,-0.870684675327517,1.4819979329499122,-0.8349851711393369,-5.213273835029266,6.195137420835174,10.163213873680306,5.515779052986564,-0.0678329644235163,-10.178014231442086,-1.9818208555209256,-0.1489028974123529,0.4227190257234923,-22.291725300456985,-22.003077367728714,-3.098948773700404,-21.110682664026964,0.0,-0.7908241759352029,-22.360244876779795,-23.67875761278988,0.0,-20.55197658015152,-1.3398750355689464,0.0,NORMAL_B,90.35000000000001
case02,11,W3_b01,fit_only_clip,1280,1536,4.271670741654516,0.0091927209729872,101.27929957856962,101.00887802536862,0.7304582134079523,0.1367710245036738,0.4632427087667224,0.1597168322130317,0.3875222896571358,-0.2154090208601441,-2.8334295359176327,-12.222944103226164,-10.682816196756498,-9.8834729720004,2.7438555477298543,-1.6062672686422406,-0.1902029554755658,-0.0731052544235857,-0.0708510606025652,-1.1052417453648653,20.714137271997423,-0.0195578862435789,0.6171639798369308,-12.362281883067965,-0.0723337591217982,-3.828801949628878,-10.334604416450135,21.424101411832734,-0.3221180893327793,17.672783944127477,23.377105214203105,20.036765650126984,0.1362571650693775,3.239813228926126,0.157363819519996,-3.1507071797381467,-4.565192065779011,6.772972632578342,0.290585423229766,-1.1585331200991305,1.4433732938377142,-0.944011477847662,-5.270742273139966,5.94182556177874,10.084667001995584,5.545035768654366,-0.0504233842854448,-10.431464380719325,-2.000458922497239,-0.2172862006933433,0.0778674894144731,-22.29269535708104,-22.00299177388297,-2.8821345923351824,-21.1081810820052,0.0,-1.00153233606465,-22.363084754250828,-23.679756951529104,0.0,-20.550374071573213,-1.426870793502379,0.0,NORMAL_B,96.75
case02,11,W1,fit_only_no_clip,1024,1280,5.28687037990898,0.005604611945447,341.7254900896022,341.57991479248136,1.1285821404301042,0.1042153661801391,0.7371148241584484,0.4472982550001814,0.8434982703263343,0.16135498024944,-4.319838033515259,-13.607582411721587,-11.933379336810397,-10.061006822335903,2.396993611634482,-2.810721047461205,0.2615854410500643,0.2751856362504344,0.6091754903117722,-1.454211914185963,41.54452559770379,1.346034133066153,1.1375180631826896,-12.954969996783475,0.2180713836583347,-4.697162453945377,-11.686554254141814,110.95032670258452,-0.2476606594480042,18.25013429714188,63.49998558646084,20.553837741715817,-0.4222988967022676,4.866159715888928,-0.5564319627173046,-3.792620390212132,-4.680218502186783,8.41591704718629,0.6389997960372658,-1.270440459006816,1.7350406854412384,-0.3408359521462804,-5.777463410890029,7.872521914193529,11.887983491268512,6.574052329585736,-0.4774398861372789,-13.741717332916068,-3.309825583510624,-0.2630439408493835,1.4121652932591344,-81.04765837665566,-55.38234365440573,-4.802136593733676,-48.43250359344258,0.0,-1.3069262738420586,-144.83960136905986,-172.93109412339865,0.0,-27.59283635539296,-0.8514401950012372,0.0,NORMAL_B,83.95
case02,11,W1,fit_only_no_clip,1152,1408,5.290369353874247,0.0065819005210939,342.74212927224926,342.59122420295654,1.2234582614213585,0.1100708200769688,0.7359597901655367,0.4456887081497488,0.8435295836055776,0.1613380103747066,-3.877723958221067,-13.717302481251131,-11.894049781560732,-10.221279140732236,2.4816610258443306,-2.769231528951188,0.1067116015276803,0.2189406909185776,0.7254460124980587,-1.8148766123549247,41.74282636978052,1.324323801975862,1.0414354261126944,-12.830611046367652,0.031110621354,-4.831429775557285,-11.635671918897664,111.81739507697222,-0.4028957716865115,18.96386160804056,63.46312630911075,20.687404671702037,-0.2684637546250242,4.6473452777834,-0.5088802128831604,-3.983499306718989,-4.824514495438247,8.34342326360909,0.958751616057488,-1.5362214886279897,1.791863192450184,-0.4749634150620939,-5.854199168921844,7.609032722095515,11.753012241842365,6.734213996311452,-0.5063420513354701,-13.971923912452528,-3.3205283429726364,-0.3358593977543067,1.4257455308282,-81.5562110356821,-55.12155948226664,-4.33125674634872,-48.71330842903421,0.0,-1.6821472380310292,-145.4282981920262,-173.276471942949,0.0,-27.564178841376982,-0.9521615005766002,0.0,NORMAL_B,90.35000000000001
case02,11,W1,fit_only_no_clip,1280,1536,5.291482689113869,0.0060496804555159,343.0090328058044,342.8674366114194,1.037263041763108,0.106894806385477,0.7350290142907704,0.4451952579461929,0.843619355204908,0.16144822592337,-3.6122407751741767,-13.726833903204074,-11.86707642829685,-10.272501485141186,2.584663444377585,-2.6892865446168592,0.0577083603035708,0.2731718253768903,0.7914380360081564,-2.1093857019897326,41.82970082066091,1.5172476799195576,1.0002800169184487,-12.814800440798964,-0.0721749780405548,-4.92769534633898,-11.603494506122429,112.37425323101496,-0.6350987662233053,19.331785221938755,63.382647990689954,20.760427610680512,-0.2529442314670611,4.400115089251623,-0.3494408142403189,-4.092860905687581,-4.902970694292586,8.22981621598139,1.0531617526453878,-1.881698979575782,1.740277216028571,-0.6011136707420738,-5.926742775669627,7.312906761608088,11.65975945979572,6.769339080676402,-0.48401913576085,-14.31040946996098,-3.347618664939988,-0.4214300579772864,0.9676546001129652,-81.61406790189862,-54.9945722198457,-4.003268614918959,-48.894464247319526,0.0,-2.019617816942852,-145.47409232081662,-173.4099883739846,0.0,-27.385168431639663,-1.0475764397525018,0.0,NORMAL_B,96.75
case02,11,W2_f0995,fit_only_no_clip,1024,1280,5.287116470695676,0.0055990936301399,234.5652050825257,234.44346782036743,0.6042902816934003,0.0984268605361951,0.7361366929898963,0.4429631491767165,0.8457148227452527,0.2552339629266916,-3.2106919252385637,-11.669400108528029,-10.284373846043144,-9.470164896713795,2.3901467938733907,-1.642706771936766,0.0487320734835231,0.0440204198879214,-0.0991820163705541,-0.8686892382927115,37.53990339664716,-0.1296657800487156,0.7121873116506887,-12.129797407940847,0.1036164449904125,-3.089760713320693,-10.20138076105049,73.03114123076723,-0.0973300986223832,15.808648071660686,51.32437857919061,19.335745288201583,-0.0470746437649232,3.3176070013720307,-0.0227290945242186,-2.6050817759071547,-4.218566708653395,6.727620077960571,-0.1634178574306037,-0.45414579184525,1.445174604525045,-0.8451895002588306,-4.885036462490334,6.3335627525522895,10.18727148247551,5.261894240049469,-0.2362818580056899,-9.65412218693193,-1.7924362811501415,0.0994382329402415,0.3154541271046134,-45.47880321025641,-33.622809771479965,-3.280702192621069,-36.157036293482726,0.0,-0.7894324028898092,-93.75317629920774,-137.66430217836506,0.0,-24.60371434499235,-0.9958761796599728,0.0,NORMAL_B,83.95
case02,11,W2_f0995,fit_only_no_clip,1152,1408,5.290625660228101,0.0065948995170858,235.09904247814944,234.9731818413101,0.651296302969618,0.1034806655276553,0.7349762767595865,0.4413670999094342,0.8457452656890617,0.2559879794036917,-2.938246728445518,-11.76726869888592,-10.24840267639387,-9.617521690466072,2.461601237793841,-1.60525833906508,-0.0578165038027858,-0.0060406120120368,0.0096049296900045,-1.0399754604824138,37.7196773704095,-0.1486458713098306,0.6436955241044878,-12.015527768331038,-0.0542775755768609,-3.18056678022773,-10.15665370707054,73.59414582124977,-0.2370439639343197,16.42586855244603,51.29453700642465,19.46881072583467,0.0744614240610317,3.138017453006385,0.0151465679035946,-2.751543801405708,-4.339310756537406,6.6657555657304055,0.0992943097248463,-0.6654263481741001,1.4874005154792511,-0.9586887972419628,-4.946102490622877,6.117478672941401,10.077652664573437,5.393101272170693,-0.2572930041648147,-9.813024064264267,-1.8003314584143082,0.0462020357244419,0.3249187843640355,-45.76432898133956,-33.46410375129943,-3.000325013364673,-36.36629669450373,0.0,-0.9593007406159374,-94.13163223347016,-137.94053879151642,0.0,-24.57795701588568,-1.0860057395296785,0.0,NORMAL_B,90.35000000000001
case02,11,W2_f0995,fit_only_no_clip,1280,1536,5.291749700564554,0.0060529115550353,235.1961546927168,235.07720259412227,0.5835655490414761,0.0993734843940097,0.7340319806959185,0.4408722014034679,0.8458298198086178,0.2565971815072888,-2.7749860507943587,-11.775887080774126,-10.22370575987743,-9.66449508072242,2.548645341150619,-1.533112063952348,-0.0915690493168598,0.0423037068710464,0.0713500244203531,-1.1798857000910052,37.79847571635912,0.0199653360197266,0.6143303710778837,-12.000928530932594,-0.1413728465236731,-3.2457302313341048,-10.128328477943588,73.95574226784032,-0.4460259426702804,16.743996750611256,51.229330626794,19.54157273481285,0.0867608661622167,2.93518982373322,0.1420069045174025,-2.835555509244629,-4.404984739771384,6.568901514369667,0.1768846232177464,-0.9398625098158776,1.4492291241977486,-1.0653795966712227,-5.003723412524846,5.87460486520515,10.00192470207316,5.4219248436172,-0.2410588566492989,-10.04654435436764,-1.8204885645763675,-0.0163778454625704,0.0024253096749748,-45.79702938116675,-33.38669461646861,-2.805349644715123,-36.50126772129489,0.0,-1.112114760530753,-94.16128256192796,-138.04733962642803,0.0,-24.416908476078486,-1.171323704648482,0.0,NORMAL_B,96.75
case02,11,W3_b01,fit_only_no_clip,1024,1280,5.285372798688738,0.0056061174495186,252.74259840934525,252.6160563333519,0.7012633931677259,0.0981239652336376,0.73518957468942,0.4427520300107441,0.8452818818956888,-0.0658132402888735,-3.516063516382444,-12.06780171564612,-10.778067521789186,-9.655734159558229,2.6306623021314244,-1.6336976052964969,0.1188659378907723,-0.0224611090335857,-0.0829664791394016,-0.8745818785616432,39.09822849714456,-0.0908500030334204,0.8757533218655474,-12.439387646528722,0.0954442283023568,-3.545900759144242,-10.405502796903184,78.15768914638302,0.014354128547851,16.848241911325495,53.95923295231993,20.17113737454275,-0.0218738393572551,3.752815452895487,-0.1374318365795196,-2.8263932032269152,-4.357048894555259,6.95983137700954,-0.0787636902781983,-0.5785013789691749,1.467738860361685,-0.7708873369151142,-5.117315284333351,6.496403697630883,10.282670028834662,5.465510430419244,-0.0135829519609879,-10.155051116013109,-2.1098111595829447,0.0203727317465698,0.5894309658979426,-50.78001000530125,-36.79466530093197,-3.623987127610462,-38.37207002894938,0.0,-0.7657332426424506,-105.10991251979056,-146.61250243346734,0.0,-25.38887687044988,-1.1670661947244878,0.0,NORMAL_B,83.95
case02,11,W3_b01,fit_only_no_clip,1152,1408,5.288889782714126,0.006598815191062,253.3373588712549,253.2066784099409,0.7584001305223432,0.1022991154156404,0.7340283779442388,0.441153441060063,0.8453122136109992,-0.0660180492838929,-3.208707860328752,-12.169214917288445,-10.740778092705144,-9.807057441948498,2.7051175864442247,-1.59521940570155,-0.0045811324386262,-0.0747053091199661,0.0279111503610186,-1.1062164836302038,39.28421537282537,-0.1103505850978409,0.7977517414536995,-12.320734388517671,-0.0673783480382106,-3.6499659638640742,-10.3589297621255,78.75918051090042,-0.1292565103105273,17.500034821357158,53.928292903057525,20.308800293933373,0.1032259891443013,3.567271772044845,-0.0974916696964496,-2.9845773552581405,-4.482248769568931,6.8948775468170656,0.1942723126511808,-0.8010128099920889,1.512173655933182,-0.8879481747523434,-5.180363595244783,6.272206699848551,10.168947263071876,5.601538696117672,-0.0360431489804101,-10.325692819698553,-2.1170416077666814,-0.0361198461578325,0.599352779048458,-51.099058584509166,-36.62014422386928,-3.305228481192756,-38.59372408438016,0.0,-0.9970807623452512,-105.53594994169424,-146.90726008387298,0.0,-25.36189535267288,-1.2599603962363208,0.0,NORMAL_B,90.35000000000001
case02,11,W3_b01,fit_only_no_clip,1280,1536,5.290016733490033,0.0060528077882975,253.4436110733032,253.32063400887208,0.6487475026177628,0.0978561601095668,0.733086393358705,0.4406576889862796,0.8454013831230726,-0.0667888042269547,-3.026109603930048,-12.178434557494436,-10.715140312746849,-9.85446802123212,2.796186414950629,-1.5209668945752752,-0.0434882177827666,-0.0246651766675668,0.0908547041386971,-1.2960558393144763,39.36573834489216,0.0642944034684499,0.764398527727056,-12.30505749638306,-0.1568079611248141,-3.7248563566345054,-10.329119480465897,79.14556473851417,-0.3445403519616078,17.835833186620754,53.86023635364617,20.384147755367277,0.1158043477981197,3.357869199298273,0.0341030943716212,-3.0755863045027936,-4.550581425556778,6.793934486593586,0.2745610067754657,-1.088933696617707,1.4730598172250091,-0.9973672155600152,-5.239545694356788,6.020365844614535,10.090952667562238,5.631690304689195,-0.0191589244772553,-10.577237828551032,-2.1371650008894925,-0.1030389522593161,0.2544559778169618,-51.13608122119895,-36.53494117123176,-3.0852329691498808,-38.73673351288609,0.0,-1.2059504729073305,-105.56995693002791,-147.02114365380777,0.0,-25.19379904529496,-1.3472585041997092,0.0,NORMAL_B,96.75
case02,22,W1,step2e_regression_clip,1024,1280,4.260270301382947,0.0079185568948006,147.7140097472399,147.41448947171847,0.986980470732828,0.1422124379373796,0.4661048310469035,0.1584904646703148,0.3972715607607164,-0.032381889631279,-5.462897541266856,-13.872428533894263,-11.104215333431174,-10.307236692764564,3.660964166314063,-2.2356913392671816,0.0021871249838153,0.0894590984032156,0.1617146990105221,-2.34831441299036,24.288827566612547,0.0897656627412561,0.517486606907867,-13.793236962317357,0.7770656750861836,-4.631239217162235,-11.61847893894507,34.0580202627792,0.131733236043282,19.05684683141178,28.91335111893077,21.31841983967686,0.0014041463821184,4.284028650600179,0.661256373805478,-3.289520349431068,-5.5066998262469005,7.503575257048432,0.2003875934755125,-1.2795122817116018,1.6221936983033205,-0.6879615290455062,-6.13340304050875,8.43776475331288,12.568234097126371,6.780262192950581,-0.5003771806333172,-13.48804821018854,-1.9364057444424745,0.7034683605373266,-0.5031247160057138,-38.69266405587339,-34.73337102951555,-5.8981298331131145,-28.598329666129075,0.0,-2.040257557630716,-32.74998288176092,-26.92348233974173,0.0,-22.485703994275145,-0.5855066378100037,0.0,NORMAL_B,83.95
case02,22,W1,step2e_regression_clip,1152,1408,4.262300506035059,0.0089984873295941,147.72076327472172,147.40973368277176,1.029622538621377,0.1501767242995332,0.4637799762145601,0.1578910328511427,0.3957864651467582,-0.0352590110259112,-5.01691527688906,-13.973469587602128,-11.075221634586416,-10.46432122876392,3.734610047079029,-2.187254835339701,-0.1516496233787488,0.0354045514549563,0.2823088561590854,-2.725382741718495,24.30166007973356,0.0605528765378005,0.4226060458622775,-13.648712806959493,0.596256382534432,-4.7596346954142765,-11.571246677669302,34.06075748605068,-0.0317894572547612,19.804335771838677,28.89121558156977,21.447944165959573,0.1676962195186775,4.062123083815321,0.6987898694669031,-3.468914766210658,-5.665538906852905,7.438268146992221,0.5195258732233169,-1.5409370230913382,1.6619236759289513,-0.8242719460852803,-6.231891234257324,8.16092440523184,12.434291684349777,6.93654305149194,-0.5322915223525293,-13.722726371555622,-1.9565869100864568,0.6187189545092115,-0.4538784669846347,-38.65946987432398,-34.76902239969999,-5.407676345337928,-28.587072423165417,0.0,-2.418742820964622,-32.74787612987415,-26.916285934137267,0.0,-22.469350163222824,-0.6885212473402955,0.0,NORMAL_B,90.35000000000001
case02,22,W1,step2e_regression_clip,1280,1536,4.263167275093628,0.0090026842820746,147.6879985167354,147.39037486663457,0.9389279856216086,0.1561345513028653,0.4628753437195576,0.1578575038730112,0.3951677358030409,-0.0362892137628674,-4.737233992929485,-13.9832726202516,-11.053202619141688,-10.51054263039402,3.8407354481913982,-2.110468401871642,-0.2039411438268739,0.0828609653359123,0.3558351611777431,-3.020813351061944,24.303477011189447,0.2504752255803086,0.3761632227073319,-13.632941080819126,0.5034975616206817,-4.863198846277925,-11.543202475554605,34.06947952858294,-0.2829563552321742,20.188413964143063,28.89540076211968,21.538985296973543,0.1911428066437038,3.8151268861457264,0.8571965661022836,-3.571476938008446,-5.74605469666957,7.317948604660383,0.6103469654112357,-1.892245550024617,1.6155543443170834,-0.9617495031306772,-6.318299717727257,7.841952536049708,12.334956255254037,6.974536343308807,-0.5145744453023041,-14.054228879402425,-1.9966254558254584,0.5380185317201567,-0.8935036163114397,-38.663914981140906,-34.765670749452816,-5.046813620908722,-28.588212838727568,0.0,-2.7472380969199133,-32.74966577726932,-26.91355177987313,0.0,-22.46876995426728,-0.7815820500923466,0.0,NORMAL_B,96.75
case02,22,W2_f0995,step2e_regression_clip,1024,1280,4.271344722293269,0.0077174867841808,93.4887461842654,93.22382191691104,0.7103553389472507,0.1402557778878913,0.4720274958753176,0.161225889875079,0.3950652533121631,0.2173826152717427,-3.2272154504397936,-11.660588121076842,-10.234164759800596,-9.473756137592588,2.3885233371410077,-1.6557041007823412,0.0033578742625547,0.0384004478425638,-0.1192580891035313,-0.9195212727444112,20.39058823681353,-0.1352933490616076,0.6714179480143906,-12.136036005709226,0.1140987674938901,-3.118350926010296,-10.207043323182829,23.14206243981478,-0.1005621393690283,15.778180813169216,22.202008395855277,19.24118056898923,-0.0195307362307594,3.281762196793263,-0.0471198243295743,-2.580302537283448,-4.211073629080341,6.722795575247985,-0.1284507811818853,-0.4729810273643409,1.4414664070977907,-0.8481642043876672,-4.8928205704174434,6.32479015960855,10.215457913525862,5.275926869229547,-0.2219849650388198,-9.67831479823076,-1.7192249110566262,0.1213660021651732,0.254992073072786,-19.64472668338339,-19.70473781589598,-3.297958695258716,-20.829753202874013,0.0,-0.8373831541536514,-21.789044765534022,-22.422541397291937,0.0,-19.48102000801757,-0.9968950880616853,0.0,NORMAL_B,83.95
case02,22,W2_f0995,step2e_regression_clip,1152,1408,4.273400311929638,0.0088612685482216,93.51311480227432,93.23798642654812,0.7231014847351769,0.1476834019782416,0.4698279656823603,0.1607508912995447,0.3934413849257033,0.2182216873657651,-2.9561283226677486,-11.758337772395688,-10.198230201507222,-9.621033515527948,2.4600005654912893,-1.6181820544271417,-0.1034406037069872,-0.0115947356190143,-0.0103691534980209,-1.0901324578336702,20.391008545939325,-0.1545417856438969,0.60265570678534,-12.02175390390452,-0.0434567887368854,-3.2093786833893705,-10.16225939188254,23.142224841018614,-0.2402693412860807,16.39447941691679,22.202448739964638,19.35755856512232,0.1020717217363894,3.102485635439494,-0.0093946036835554,-2.726942724877056,-4.331769552233271,6.660992614005413,0.1337145899070616,-0.6842052730257738,1.483542411705061,-0.962049215279312,-4.953693463781656,6.108391365861094,10.105901680575972,5.407014313460986,-0.24324026728831,-9.836865272909495,-1.7271112174649277,0.0684313034903913,0.2649961582070451,-19.64524003037677,-19.70435633318198,-3.0190478333792106,-20.829578934574258,0.0,-1.006599325047725,-21.7894633559933,-22.42255400490733,0.0,-19.481315702373205,-1.0873815867321015,0.0,NORMAL_B,90.35000000000001
case02,22,W2_f0995,step2e_regression_clip,1280,1536,4.274127859072177,0.0089046463776102,93.47710914183637,93.21333870719752,0.7058063086774181,0.1431181020284748,0.4690567482785386,0.1607460272676337,0.3928698537630973,0.2181663808694104,-2.793666834946193,-11.76690837740466,-10.173416124610306,-9.668029439282462,2.547041628740391,-1.5460699250058432,-0.1374210357569444,0.036642796681559,0.0514496386336688,-1.2293152699179193,20.39152746070813,0.0136365780088406,0.5731516573404637,-12.007285218530432,-0.1301926082149075,-3.274641354695307,-10.13412920802262,23.14255903718516,-0.449216081679231,16.712184360849108,22.203109045305595,19.440029468670332,0.114598590141603,2.899791730315449,0.1174458270322773,-2.811354618004932,-4.397364819421407,6.5641506036442046,0.2108890212469114,-0.9585246367787004,1.4450780345036034,-1.0692943665107724,-5.011137018000904,5.865321951968673,10.030061469012663,5.43573890751196,-0.2273298252713836,-10.069643521968532,-1.7474718112423022,0.0063326865238491,-0.0565070079034187,-19.64639140845308,-19.703369602552996,-2.824986733230426,-20.82930655689333,0.0,-1.1587118160681846,-21.78983618697028,-22.42251054067094,0.0,-19.4816455937633,-1.1730518243403725,0.0,NORMAL_B,96.75
case02,22,W3_b01,step2e_regression_clip,1024,1280,4.266972590602951,0.0077690637223442,104.58906198576348,104.32556832448104,0.7352068070615017,0.1369496584686139,0.4717915095731521,0.1606076433058925,0.3936931908870603,-0.1996276366478812,-3.608547291855181,-11.981028152839436,-10.441000887854212,-9.663238894000246,2.624923228326177,-1.7482723395829864,-0.1633753717614236,-0.0607595303946524,-0.0729823117061144,-1.6096734534394703,21.17891166012917,-0.1161366091812526,0.5913023222866814,-12.52321642292345,0.1718916262731009,-3.746111346114157,-10.356095278783778,24.82048880529652,0.0535101765804308,16.407132219644154,23.965988477031924,20.016004383573456,0.0838981844582762,3.5513132271536345,-0.1798244762584953,-2.6387894448767675,-4.392374119907308,7.015719881724155,0.0809595889410153,-0.5209177769459481,1.258156580524903,-0.9367713668177776,-5.028894015727637,6.601898712597797,10.409574288722926,5.529233267045899,-0.0727015350353489,-10.242122212707116,-1.7073803523658824,0.2789861588522605,0.3498945124496989,-23.970006898686584,-23.267825014458538,-3.684389179946516,-22.173007621357968,0.0,-1.4747811824916293,-23.03161728603354,-23.54033750246936,0.0,-20.14098337022004,-1.1342447140405258,0.0,NORMAL_B,83.95
case02,22,W3_b01,step2e_regression_clip,1152,1408,4.269072070036292,0.0089195444127765,104.59655560071744,104.32284837970664,0.7544984903587756,0.1461460181923973,0.4695879783524837,0.1601334926904204,0.3920508783976077,-0.1998775018859058,-3.3106238990711487,-12.080873406843642,-10.404042421207931,-9.814231409339392,2.698411544692754,-1.709094420769552,-0.290525991292289,-0.1105106317653611,0.0390003663498339,-1.8384435282379257,21.180601107527576,-0.1371020929211453,0.5094668353577381,-12.40503244821147,0.0109784801745672,-3.853747116570829,-10.309443680100893,24.82070881430518,-0.0894541037040422,17.048322773980473,23.967417184984047,20.13703614150114,0.2088778954134446,3.3659833358422637,-0.1396430599040656,-2.79661042603322,-4.517355500160456,6.950789682941268,0.34990354333705,-0.7471020626500319,1.303034937783962,-1.0574015795996512,-5.090478291554711,6.373059916034532,10.296537519512473,5.663395670717068,-0.0979035608475253,-10.41007782657019,-1.7118093541673405,0.2233988709160311,0.3612081010623658,-23.97187513324172,-23.26654221522017,-3.376155425939979,-22.17312333059297,0.0,-1.703546856163891,-23.032929184546862,-23.540603906794587,0.0,-20.14221801366087,-1.2292345642435445,0.0,NORMAL_B,90.35000000000001
case02,22,W3_b01,step2e_regression_clip,1280,1536,4.269819961237467,0.0089506457210679,104.55160171623888,104.28998803186374,0.7159522397852788,0.1396513981882032,0.468825844665071,0.1601394603731693,0.3914621164493916,-0.2016332674377803,-3.1340774762524357,-12.089611732399948,-10.377769049056647,-9.862793503900075,2.7887314743112994,-1.6350490612692288,-0.332625770979968,-0.0600779967739631,0.1023232428908087,-2.024538443864365,21.182999913055983,0.033893609448505,0.4737051844089217,-12.39042817370044,-0.075961843459005,-3.9309967119155367,-10.28126008430251,24.821362165566462,-0.3035272908915061,17.378579740923197,23.969760846949647,20.22397989749581,0.2221802074986199,3.156234162180562,-0.0070761216630225,-2.888779921193968,-4.584709810327976,6.848894446502708,0.4279885977853045,-1.0379881934106587,1.2626120411271724,-1.171357582606812,-5.148005543240978,6.116959246404324,10.217370673357545,5.692403165240765,-0.0834574920316676,-10.65737355509298,-1.7303533788184666,0.1580254770962211,0.0232301605361104,-23.97695650951304,-23.26244513378712,-3.1635034010960066,-22.172092698199364,0.0,-1.908946962971278,-23.03451425403533,-23.54066965890672,0.0,-20.143132035572823,-1.3186169379764872,0.0,NORMAL_B,96.75
case02,22,W1,fit_only_clip,1024,1280,4.261749475973788,0.0080176878047325,147.30583457328692,147.00917016088567,0.9770539825410336,0.1546177120646669,0.4623520861546593,0.1578793953362061,0.3943546382352912,-0.0502544363915284,-5.533816920927846,-13.887704231445976,-11.078671346049823,-10.379595087603304,3.5086921525983303,-2.219025931128606,0.0016251723126254,0.1001502711051316,0.1308531315696078,-2.407486977722035,23.59896174575686,0.0499081561132762,0.5100240314752509,-13.908510105646478,0.7276801480379903,-4.50114547325671,-11.547395849660177,29.18024746310353,0.1600932270453256,18.690620207105077,28.986524909684384,21.183662727698785,-0.0394995647570245,4.262508156043968,0.6687955647526098,-3.2950667543064225,-5.445430438026895,7.590990794942822,0.2288441448053134,-1.2412542746529782,1.6216681244673343,-0.6491494861043777,-6.00535897543876,8.283856500468028,12.361447793754335,6.722803194045165,-0.4677083463255381,-13.382389618900625,-1.826176130520348,0.5952317776183841,-0.5151076585557374,-38.93944314639279,-35.63998951217461,-5.959668793266902,-27.2593283991613,0.0,-2.095290905195221,-29.79631126730084,-26.52233285184848,0.0,-22.893480215250708,-0.6391717280373151,0.0,NORMAL_B,83.95
case02,22,W1,fit_only_clip,1152,1408,4.263782869318614,0.0092226094293908,147.32586057645096,147.0173607248454,1.0243609845599368,0.1617424177932325,0.4598884529246788,0.157085518964486,0.3925842160624381,-0.053443374467743,-5.107612235771234,-13.982063493860988,-11.047966968327472,-10.541682876346544,3.5595591015895574,-2.1622004177701277,-0.1385472050391762,0.0571697923186294,0.2434667381867136,-2.8129473464846746,23.62272796610698,0.0063719948990065,0.4299084011103791,-13.744533614186176,0.5350164276554792,-4.605832312422473,-11.49609505112745,29.15960591117658,0.0113827120326432,19.43125563660809,28.930722771530537,21.31001216227997,0.1265511637366588,4.030784310488371,0.7033944629252185,-3.474429727093256,-5.613007855289944,7.538039017946993,0.5485078433503018,-1.4880619219297837,1.6492957596377484,-0.7699356323037103,-6.092594699088977,8.010073653001236,12.24296027832968,6.869170948115957,-0.4952467632528498,-13.619591211608308,-1.824973873459396,0.4833352967312663,-0.45346241530484,-38.863822516518425,-35.71906618675366,-5.495449917473543,-27.231832888399627,0.0,-2.497490686937657,-29.793848055051967,-26.51175778699519,0.0,-22.8606072502769,-0.7454206757528797,0.0,NORMAL_B,90.35000000000001
case02,22,W1,fit_only_clip,1280,1536,4.264849507458482,0.0091951702223551,147.31502215861354,147.02041552887394,0.9314418631072382,0.1594963752289371,0.4588855284639775,0.1570695992761097,0.3917776308762739,-0.0542585578942864,-4.816077969588301,-14.000302953335872,-11.02202267325461,-10.591276558740208,3.674995832803713,-2.08923216734046,-0.1880895334511624,0.1052823532943749,0.3174233629373371,-3.098267123096074,23.61869116372866,0.2050552677078189,0.3821209629272538,-13.735897093665985,0.4484148636514495,-4.712456571525597,-11.472214880561994,29.17112055142393,-0.2377856555422744,19.808084638087838,28.946313716958084,21.40048831483729,0.1443130960139929,3.7830301331720784,0.8618776604177311,-3.579858817433316,-5.684530775840438,7.40949094164537,0.6407725583266587,-1.844059091676038,1.6087529190862857,-0.9136980231072892,-6.175006946640951,7.689886256089375,12.142489645999772,6.909640449010678,-0.4752970779792456,-13.943407292852598,-1.866966211189508,0.4130772118867416,-0.9014508844724992,-38.88820749431941,-35.69374741290488,-5.11970036829698,-27.23975646908909,0.0,-2.813148745952597,-29.79672686034188,-26.51275150515181,0.0,-22.866996281995817,-0.8307803456792102,0.0,NORMAL_B,96.75
case02,22,W2_f0995,fit_only_clip,1024,1280,4.273620016687386,0.007835577635797,94.44711644067417,94.18552758168424,0.7139913641072153,0.1399175259354394,0.4677577403735546,0.1605429921919447,0.3889220787962137,0.2263869772279836,-3.229163659259417,-11.66102759723904,-10.23360239675188,-9.475596183843107,2.3883886158732723,-1.6559743402071565,0.0067096454929999,0.0388431764536886,-0.1192836829043632,-0.9164181783084356,20.07961073034814,-0.136309704649862,0.6746771241747916,-12.136909266099057,0.1141266061667393,-3.114791019642708,-10.207323003543936,20.163031376493382,-0.1017374008680065,15.778143295860648,22.273927105733204,19.194811154124206,-0.0204534811737573,3.2824887077383544,-0.0473895505162023,-2.5821164775766143,-4.210731653706758,6.7224728108417,-0.1298765129100911,-0.4727897838798655,1.4410437404224712,-0.850353187526288,-4.890265383969683,6.323981690321613,10.213531490745355,5.274233233270607,-0.2223542752640448,-9.67835165038474,-1.719110559733386,0.1200813430512877,0.2551022917423552,-20.14173343899193,-20.28294138044199,-3.300216745189449,-19.86964361813805,0.0,-0.8341872755100185,-20.18538985732177,-22.35038569749905,0.0,-19.858587602208303,-0.9978729344411512,0.0,NORMAL_B,83.95
case02,22,W2_f0995,fit_only_clip,1152,1408,4.275897203440555,0.0091489653624769,94.475634670569,94.20386907842622,0.7296731352086515,0.1471940654623459,0.4653798089987306,0.1599985863611125,0.3871463368390235,0.2273423958002985,-2.9580737647722644,-11.75877347028594,-10.19765081299516,-9.622883915271451,2.459869695264858,-1.61845521866802,-0.1000838478129217,-0.0111598371777933,-0.0104132226875775,-1.0870049127238526,20.08005294322765,-0.1555811591036935,0.6059197597137307,-12.022608792641735,-0.0434159082380269,-3.2058157636077103,-10.16252638149686,20.16323248101008,-0.2414362811024324,16.394354401551002,22.274404777575143,19.303464797967397,0.1011321959842696,3.1032081737924275,-0.0096400921675911,-2.7287327917242274,-4.331422002069885,6.6606664422955975,0.13226269328522,-0.6840087373280581,1.4831207586148505,-0.9642959003786776,-4.951114401445256,6.107534955618893,10.103986094803547,5.405321182092216,-0.2436276247284284,-9.836898189011372,-1.7269851908383356,0.067160041548184,0.2651606396070806,-20.142334144966757,-20.28248172499073,-3.021300376684448,-19.86948542614645,0.0,-1.003377683813558,-20.185827268009596,-22.35038399358769,0.0,-19.85890057721929,-1.0883863941973848,0.0,NORMAL_B,90.35000000000001
case02,22,W2_f0995,fit_only_clip,1280,1536,4.276735013686607,0.0091582104862786,94.44528868182002,94.18484124568698,0.7106328440329328,0.1427250123064883,0.4645161299840536,0.1599584546186296,0.3864945517448822,0.227333697843641,-2.795602457404958,-11.767343279855654,-10.172835381458524,-9.669880738650692,2.54691552570804,-1.546345297640512,-0.1340575391020499,0.0370676879578078,0.0513913843056847,-1.2261587701834444,20.08057396211599,0.0125807808438264,0.5764238310374262,-12.008129228731924,-0.1301520499588951,-3.2710676509766707,-10.134390125755903,20.163570319820312,-0.4503759025249211,16.71204556328752,22.275067500777222,19.384426441379613,0.1136332230082766,2.9005018877334687,0.1172174462959336,-2.813120380105354,-4.397009278350799,6.563812119218988,0.2094307636822095,-0.9583285317569132,1.444659332142114,-1.0715735071357329,-5.008551125009199,5.864428294513387,10.02815542819284,5.434045620902768,-0.2277215166176904,-10.069677017852811,-1.7473399482051342,0.0050712925770768,-0.0563674695064002,-20.143506886331256,-20.28147394533348,-2.827229502718848,-19.86921772158457,0.0,-1.1554561283430205,-20.186201460335496,-22.350338382438373,0.0,-19.859228832255013,-1.1740760367528469,0.0,NORMAL_B,96.75
case02,22,W3_b01,fit_only_clip,1024,1280,4.27095491877325,0.007888991382895,105.6665489120009,105.40641750978536,0.7386553153502161,0.137177481334562,0.4669083915584981,0.1594801428498311,0.3888756412763325,-0.210410231483006,-3.567412502853689,-11.980378589849517,-10.462843625870882,-9.67484482278446,2.643434560719756,-1.7492988894443495,-0.151939107535603,-0.0638423577252162,-0.0996261470426436,-1.4956768235201197,20.92501377015642,-0.1242886206064721,0.6114414768782064,-12.525688291083355,0.1765720849808515,-3.730659200501191,-10.369774792645265,21.73617426829704,0.0501425526302723,16.554491815956155,23.953352361403777,20.051943290993208,0.0705107230175816,3.5103988789198803,-0.1836084612970246,-2.653531059961217,-4.432070412335032,6.969075524976609,0.088129937848398,-0.5846437340717854,1.281305187598058,-0.9667122557953124,-5.061319615492148,6.5340731167073365,10.42903990811323,5.492272167733995,-0.0446308880353561,-10.264969707027785,-1.756829903507725,0.2817334423169295,0.3668649501667088,-24.436291861912636,-23.81810677748885,-3.643716181637643,-21.16311537590763,0.0,-1.3594818684437933,-21.43348594991537,-23.50489930944376,0.0,-20.508718550182707,-1.157568458967602,0.0,NORMAL_B,83.95
case02,22,W3_b01,fit_only_clip,1152,1408,4.2732891617181,0.0092146425645671,105.68107570243058,105.41077898357072,0.7619467204570636,0.1456505919881241,0.4645174074733313,0.1589323593003853,0.3870699103687624,-0.2107913242866596,-3.268895785907979,-12.08018445228986,-10.425736408431296,-9.826048135825657,2.71708182140196,-1.7101549386100263,-0.2791866052568293,-0.1136512962997289,0.0121016730379479,-1.7238063886006578,20.92670097189172,-0.1453370367306825,0.5295036900142326,-12.40730835765705,0.0157160445846635,-3.83829817661781,-10.322950188075174,21.736316724810216,-0.0926535743371362,17.195624183312585,23.954774646009845,20.164823863894178,0.1953512430093667,3.324991870317942,-0.1433903195652571,-2.810892293786704,-4.557015837870579,6.904027448172345,0.3570701286682255,-0.8111414517732753,1.3260335726551715,-1.0876870762544495,-5.122749360783268,6.304755689706402,10.31605716200298,5.626441516134067,-0.069820809363639,-10.432729258982135,-1.7606689304445915,0.2260806341702048,0.3784059035038151,-24.43836402124372,-23.81658843764628,-3.3348644877910814,-21.16334346055316,0.0,-1.5875445957115373,-21.434633915827884,-23.50508111126513,0.0,-20.50994541160413,-1.2529437352267223,0.0,NORMAL_B,90.35000000000001
case02,22,W3_b01,fit_only_clip,1280,1536,4.274155070169933,0.0092050508542826,105.6432834233835,105.38498627715778,0.722443304616194,0.1392142828503461,0.4636529122566381,0.1589003106124638,0.3863988715140098,-0.2126561369207303,-3.092071112561459,-12.08893110591728,-10.399323811875227,-9.874705322725896,2.807576494024376,-1.6361388029950172,-0.3213132343992075,-0.0633034740451625,0.0752379828899839,-1.9090338212197284,20.929007625523543,0.0255134919470955,0.4937444416108724,-12.392612593372146,-0.0711533432179114,-3.915417385637717,-10.294683863566137,21.73657872108377,-0.3066504179680253,17.52574497791651,23.957173987287234,20.25009186676417,0.2084802701316805,3.115187566817679,-0.01070086606114,-2.902857530278065,-4.624241784335695,6.80200853039832,0.4352095945682738,-1.1022006264094657,1.2854195170365732,-1.2018694459383237,-5.180139136025683,6.048320915820727,10.23684827571568,5.6554239075743205,-0.0554030699972965,-10.679848514167972,-1.7788085705682457,0.1607317637943175,0.0398557864493399,-24.443485894847647,-23.81235391694581,-3.121876677345403,-21.16229537167979,0.0,-1.7919246068594912,-21.43588223119154,-23.505097658155996,0.0,-20.51081747281268,-1.3426322352085818,0.0,NORMAL_B,96.75
case02,22,W1,fit_only_no_clip,1024,1280,5.2818575540617925,0.0056568281316041,348.1199548248643,347.97106444824544,1.2034324639568703,0.1019496806222906,0.7356362067190911,0.4429440527232104,0.8453768902707808,0.1232181616028876,-4.808330286067875,-13.439416492248736,-10.881131859052738,-11.388633520417034,2.293787645955379,-2.0276290325551587,0.049944591875118,0.4487881349352607,0.064691236460871,-4.287699326063574,44.84245924332263,0.8976263254654105,0.6284208491155394,-13.53276424899167,-0.0033169267189164,-4.590383708722254,-10.95010589617631,107.99404286194002,0.1761419043926655,18.98383920554472,65.33271114733562,21.32032077291731,-0.1424110120429144,4.292153038131565,-0.0380416359108731,-3.2369392597324818,-5.226485159834314,8.379475669529,0.594261894043328,-0.3644849915473058,1.6217371261114524,-0.1117738347330038,-5.265499746131972,8.002198901047317,12.745090951915348,6.903115276402659,0.0523356045818459,-13.454395091611406,-1.6082473550073026,-0.2687219926807888,0.187503922712725,-88.35310390772747,-60.78470334795915,-5.191690590031956,-49.980065901961055,0.0,-3.92956535062292,-139.56706314333866,-171.3572363804001,0.0,-26.668270666315227,-1.413655008072745,0.0,NORMAL_B,83.95
case02,22,W1,fit_only_no_clip,1152,1408,5.28535151418586,0.0066115129843126,349.0938993400263,348.9396098018391,1.3096818937334436,0.1086733725626767,0.7344335473940131,0.4413005001495126,0.8453891515241997,0.1229059599058903,-4.354986277512701,-13.524424725312391,-10.842380307920084,-11.539754450841988,2.3623861004382998,-1.9689735544534743,-0.0919130511947148,0.3975530678772713,0.1887013556625683,-4.66189136308997,45.06913206760782,0.8708942907048591,0.5414059860489794,-13.39535483674794,-0.1815708311875384,-4.70228405154518,-10.880639801046694,108.8424951082596,0.0222029097707132,19.71781838185095,65.27802629005448,21.455481598043384,0.0017542351816575,4.064774683557043,0.0306844238003374,-3.427263520612563,-5.3758838794367785,8.307514450308568,0.9210632917991168,-0.624442647672845,1.679405846190912,-0.2626548758880695,-5.330583236082042,7.71028141052144,12.625657651646376,7.055805849761723,0.0110621796841811,-13.67576908449701,-1.5758870248392551,-0.3547835572977056,0.1797493636000063,-88.89380329689834,-60.52376644251403,-4.682911667641351,-50.272582601913015,0.0,-4.297132639232394,-140.12857870039994,-171.6917777024849,0.0,-26.61551815789463,-1.5075755817988907,0.0,NORMAL_B,90.35000000000001
case02,22,W1,fit_only_no_clip,1280,1536,5.286497090155394,0.0060727398407641,349.2451703439907,349.10082654409933,1.1066661707839005,0.1068860855535537,0.7334744797857413,0.4407853721811564,0.8454444112271383,0.1224431561368687,-4.07842055187154,-13.53142916867728,-10.815267105329324,-11.591482361919756,2.4600777022267715,-1.890698236898292,-0.1385466098614639,0.4491978871033982,0.2570072379770794,-4.965996046133057,45.16388980258734,1.0593747981896189,0.4996020045482757,-13.37802015617079,-0.2778724052245579,-4.797484004332648,-10.846553408189571,109.37963975206476,-0.2194870777254164,20.095075604925235,65.19188836018047,21.53554680022627,0.0163032750419207,3.810264623165849,0.1913142554296838,-3.534273360052057,-5.455969126612079,8.186692708278352,1.0170706645885914,-0.9701998775321944,1.6320547362962643,-0.3979904679737333,-5.403820021495452,7.388014216013599,12.53500430856191,7.089853776853761,0.0323875546774136,-14.001591889914025,-1.5987935338053505,-0.4453568106371554,-0.2645232750880714,-88.95565583174121,-60.38927073808917,-4.324960232787081,-50.46079289591213,0.0,-4.631242860849359,-140.17216434475782,-171.82414079384455,0.0,-26.42582469945344,-1.6012577062463265,0.0,NORMAL_B,96.75
case02,22,W2_f0995,fit_only_no_clip,1024,1280,5.287263151958692,0.0055976432850542,234.80719888949412,234.6855993437457,0.6056161883428689,0.0985477492550432,0.7361721066723151,0.4429148053727077,0.845656833119893,0.2628856901078905,-3.220519356976794,-11.660752740831548,-10.241292698520994,-9.480336494240088,2.395232662867208,-1.6436205121586571,-0.0001203223027313,0.0375089043470961,-0.1128553251405815,-0.9030506111883372,37.57013976658852,-0.1316008107217912,0.6666345840310955,-12.127085589762205,0.1091480170955403,-3.1275499183805064,-10.208776198086676,73.0649407681565,-0.0890700759122369,15.79567795694436,51.441173400549566,19.334217532948053,-0.0304568975340739,3.2960226678600675,-0.0436102357016275,-2.5782945015150056,-4.206866820847053,6.719604548576306,-0.1322191411050153,-0.4570983011291736,1.444666640145712,-0.8366564785538592,-4.899424580161796,6.329986754731164,10.21437551636145,5.270751233342556,-0.2295629895438005,-9.668843873369312,-1.7407110673176962,0.1231057990139999,0.2710440691306168,-45.79502060378823,-33.93712190039454,-3.2906569517925206,-36.14778289708309,0.0,-0.8188885865247767,-93.3287790489694,-137.61505355023857,0.0,-24.606565432570804,-0.9945387706271576,0.0,NORMAL_B,83.95
case02,22,W2_f0995,fit_only_no_clip,1152,1408,5.290772123594941,0.0065938305607275,235.33878526516585,235.2130791529024,0.6523714828623268,0.1035961176560063,0.7350093149298526,0.4413189799160165,0.8456865538692205,0.2634757114695632,-2.9489203874823966,-11.75854299717884,-10.205435742441828,-9.627660400885324,2.466706708453608,-1.6061260014762349,-0.1068105610281145,-0.0125425254928989,-0.0039008291144852,-1.0741442477197818,37.7502122340598,-0.150613133045946,0.5978759340665523,-12.012812864597464,-0.0486108820753988,-3.218610774490526,-10.1640683345722,73.62811174891262,-0.2286779711604361,16.41215640184034,51.41122695098476,19.46729688785807,0.0911371190589069,3.116619325152993,-0.0057763798366044,-2.724643755322815,-4.327490278860763,6.657870049104716,0.1301833043539556,-0.668381386771304,1.486810036580987,-0.9502733392934262,-4.960559467369456,6.113723874559617,10.104834720310754,5.40193248234451,-0.2506843130056888,-9.827235731037185,-1.7487018535445322,0.0700637672741019,0.2807439536039385,-46.08286212046886,-33.77729615403118,-3.011225197533569,-36.35713207801141,0.0,-0.9885798645042464,-93.70524520656733,-137.89109252427284,0.0,-24.580830015691813,-1.0848015098169597,0.0,NORMAL_B,90.35000000000001
case02,22,W2_f0995,fit_only_no_clip,1280,1536,5.291896327359182,0.0060518903560388,235.43383272577896,235.31501979850992,0.5843250711651718,0.0995142445089854,0.7340635913075061,0.4408240468968072,0.8457701819128729,0.263956007234004,-2.78583986194644,-11.767058753661363,-10.180789237362651,-9.674743417561116,2.5536760098621585,-1.5340286679694468,-0.1405938706017648,0.0356669663294021,0.0579445285859109,-1.2139218765976778,37.82912413800068,0.0177852043598352,0.5684456863408391,-11.998253819191904,-0.1356817274669163,-3.283768576816492,-10.13582965436632,73.98971655726513,-0.4375631890577229,16.729935468175043,51.34580648309258,19.54008223858111,0.1034227681711189,2.913834286509156,0.1210755045882597,-2.8085870488092417,-4.393087229052635,6.561057558673433,0.2076011860717029,-0.942818458898015,1.44848190814934,-1.0572547972586566,-5.0182539657738605,5.870668139668445,10.02905480749981,5.4307038651352855,-0.2345341209214519,-10.05983688079598,-1.7689338129628855,0.0076785240272664,-0.041284930091312,-46.11587921142412,-33.69921421805632,-2.8165746789596207,-36.49217571335713,0.0,-1.141272044313491,-93.73457592066796,-137.9978126488711,0.0,-24.419755142669203,-1.1702921510492703,0.0,NORMAL_B,96.75
case02,22,W3_b01,fit_only_no_clip,1024,1280,5.286638585430641,0.0055989187026507,255.6639938205325,255.53896468328463,0.7098418038862698,0.097220352826484,0.7359103738934489,0.4426841645028772,0.845362069110709,-0.0691362876844782,-3.617139719151938,-12.011618581121638,-10.468593971574492,-9.689620880856364,2.621612977181925,-1.7018527687169729,-0.2328488040751744,-0.0409821250216684,-0.0567303201992661,-1.3755345990384151,39.239018771521565,-0.1116784542874238,0.5248249901518277,-12.461649926925274,0.1436357166277901,-3.867608227297653,-10.424162596412518,79.21132616800557,0.0909283237862241,16.58361175215645,55.46211907766814,20.130036491514947,0.0106171411685934,3.5410457764400047,-0.1757283938943676,-2.68964381227893,-4.382250802656772,6.939649239195176,0.0052003992695498,-0.4113543111853064,1.3309325247766923,-0.8948391098387642,-5.101232219562133,6.572717941361461,10.473235288557008,5.472531654167155,-0.0801882534557612,-10.283484652958046,-1.8545287003244584,0.3366136709972778,0.482288066231178,-55.60380244987648,-39.94461113109576,-3.689617461419388,-38.50559764353861,0.0,-1.217323398069221,-99.74985298991,-145.79740767296818,0.0,-25.457136547824334,-1.1278896990829388,0.0,NORMAL_B,83.95
case02,22,W3_b01,fit_only_no_clip,1152,1408,5.290157553632827,0.0065982576897521,256.224381732889,256.09519897569254,0.7689644676105925,0.1020579890094847,0.7347407713135603,0.4410836482703529,0.8453866649277981,-0.0693540562491401,-3.3173924874446974,-12.11203526760418,-10.432044457312282,-9.84010030630102,2.695342217985751,-1.662921183530648,-0.3584393676816397,-0.0919932153327692,0.0559824079809355,-1.6062203824835348,39.42754311992368,-0.1311991714226093,0.4438524862959916,-12.343324380795918,-0.0179694230723513,-3.975141862478477,-10.378521314899997,79.82206669775152,-0.0521597695208391,17.226077494596083,55.43004802052839,20.268427656427285,0.1367717399333616,3.3552561084834003,-0.1360767852143187,-2.8458026599917434,-4.50641151335582,6.875877571440055,0.2754923748904436,-0.6359879551988398,1.3754005733170185,-1.0140722510178903,-5.164843276698192,6.346432214864056,10.360402281220672,5.607784181672234,-0.1037646213238529,-10.451867665614168,-1.8618128456411231,0.2819017499116552,0.4927756266004061,-55.9538754493564,-39.75658274202097,-3.3795470862497576,-38.72845305030475,0.0,-1.4476798829427675,-100.1531850177501,-146.09024476527046,0.0,-25.43058460764186,-1.221197241133138,0.0,NORMAL_B,90.35000000000001
case02,22,W3_b01,fit_only_no_clip,1280,1536,5.291284748687227,0.0060561334989961,256.3010598970458,256.17931073963234,0.6573333243906115,0.0989358372475942,0.7337958727647883,0.4405896567038674,0.8454726777836993,-0.0701496439998036,-3.1375094357490245,-12.1209868035396,-10.406668307064471,-9.888413280772347,2.7850809263512546,-1.5889629197491044,-0.3982027369932061,-0.0424181242494279,0.1199116047547123,-1.7945960896046236,39.51035336300531,0.0410489309287034,0.4095314501275059,-12.328081462280512,-0.1066253272769711,-4.051044135378238,-10.349964871800394,80.21379558481472,-0.2667527310235136,17.557585031116275,55.3597011698765,20.344431014146984,0.1492326730163605,3.144983380365012,-0.0047210261900912,-2.935678807236034,-4.573806160784881,6.77510556169739,0.3551682934381162,-0.9261299218338788,1.335133413173872,-1.126759704690057,-5.224536587087608,6.092163437641475,10.282019690224123,5.637483157596848,-0.0875094239469145,-10.69854723013327,-1.8821505985138407,0.2168863315454005,0.1528720998369066,-55.99482703483301,-39.66407395869335,-3.1637166506687766,-38.871918097212,0.0,-1.6548531884809947,-100.18460888710364,-146.20371939710157,0.0,-25.263237855507946,-1.309282416385854,0.0,NORMAL_B,96.75
case02,33,W1,step2e_regression_clip,1024,1280,4.26538885409363,0.0080551384951165,144.0354499012625,143.72856739922045,0.9554212974231552,0.1436018531877474,0.4738403115864652,0.1728322764141748,0.4027987161736662,0.2075920893942338,-4.413875681842929,-13.024998318925716,-11.45315297786801,-11.21533235822396,2.512876813980809,-2.2594677624191046,0.2291330647022978,0.5856664877422855,-0.6138150074054657,-0.6797665253406175,22.058417693820505,-0.3586877628899011,0.9060246193125464,-13.323360013100263,0.5992364726178467,-4.5261693417457,-11.810365262030516,32.76248472945996,-0.0590840329656105,18.77713521557874,27.92140125102512,20.0613210225378,-0.3126860884519942,5.078900289205675,0.4715474888577025,-4.629419206469867,-4.544897701819406,9.0400774035323,-0.4059306363088387,-0.7586879126576983,2.211830615051584,0.0517163538133563,-5.491693821635487,8.817241018341972,12.392464081642885,6.533294569070931,-1.1986037267119671,-14.08607069358338,-2.1886088664566,-0.5006149891488796,1.3144915477787344,-35.4212442792075,-31.321398636717056,-5.3918802227430085,-27.165760898680183,0.0,-0.6533153946222287,-30.570327887216894,-27.89295696471181,0.0,-21.190913160227318,-0.5613028075095516,0.0,NORMAL_B,83.95
case02,33,W1,step2e_regression_clip,1152,1408,4.267310077662913,0.0092935123890412,144.1538034328059,143.83413336574418,0.9919627098594967,0.1468855212660998,0.4714777923186951,0.1719803942785751,0.4005192971915692,0.2046845836981592,-3.9897338903619097,-13.137921050925906,-11.41613524681674,-11.364982900047398,2.576733968806493,-2.2334790092783168,0.0957409019007026,0.5335390474861131,-0.5030743294043828,-1.0770416748980096,22.09022099711045,-0.3922610223895902,0.847361875236637,-13.225749821007662,0.3919579208235306,-4.625544821479675,-11.774302273132998,32.74500834408147,-0.1649362885900237,19.491509676346347,27.867953612583232,20.195451476584434,-0.1646803715132497,4.857031912077286,0.5467749497576171,-4.838986677384755,-4.703665087605249,8.95370367148637,-0.1165344138953559,-1.0086848343738888,2.304557685921768,-0.0603867742690097,-5.5550727646801095,8.541077586879506,12.231979008074353,6.6997467928338885,-1.223602207082323,-14.329676838086478,-2.137089377518835,-0.6243236968089968,1.3216151200885975,-35.39778851129501,-31.346602999529875,-4.926212631975408,-27.136989042501973,0.0,-1.0509191228940593,-30.57362515444163,-27.88419529162118,0.0,-21.178744248461523,-0.6524240350194246,0.0,NORMAL_B,90.35000000000001
case02,33,W1,step2e_regression_clip,1280,1536,4.267795894222578,0.0094787192890097,144.13963070400038,143.8369517478317,0.9096922836751664,0.1459056523930184,0.4706007178965282,0.1719319904258245,0.3998757935521232,0.2033354835287401,-3.707231927973156,-13.178504341137511,-11.378529742120891,-11.388877153504671,2.690284885871977,-2.1660273022385543,0.0763222995245201,0.6027443214768657,-0.4512615679855766,-1.3899365753657171,22.10026524603166,-0.2056906314440939,0.856033313677116,-13.231653355758189,0.2829962322013031,-4.684047950872672,-11.740311895638786,32.72118654146134,-0.3578959855698864,19.87125657166337,27.84912615041165,20.284669863750224,-0.1509010900308,4.590889573325044,0.7207844941242649,-4.9773207586897525,-4.771372547539613,8.84235229260718,-0.0308691645642886,-1.3542655105030923,2.2961653380698173,-0.1894985422363011,-5.606504369765001,8.2484718407216,12.10799833808144,6.739995330899066,-1.2281463752262118,-14.688390225649334,-2.185089166773217,-0.7155865367415258,0.9009030411701664,-35.41122673363324,-31.33640638060904,-4.5643920648590175,-27.10938170342021,0.0,-1.3877506920094818,-30.553158921464934,-27.88424513666729,0.0,-21.172228822266263,-0.7479071222530658,0.0,NORMAL_B,96.75
case02,33,W2_f0995,step2e_regression_clip,1024,1280,4.271573363070683,0.0077202752666147,93.16533204603076,92.89969121955843,0.7115615071639801,0.1325966470989305,0.4719202284835479,0.1614294863875664,0.3949390669331178,0.2325819353245571,-3.231250869031689,-11.654721785010045,-10.255826363645925,-9.474639648616929,2.3966825179928666,-1.6523917082947122,0.0221745105894582,0.0456563130214172,-0.1213802810813957,-0.8683937159748126,20.359247333144857,-0.1432844295850086,0.6961563180539481,-12.12975844544424,0.1088190471725494,-3.0976928849471634,-10.219861562256195,23.10654032723864,-0.0985784226304263,15.785498580086848,22.18730789127007,19.23316212036533,-0.0209537292878082,3.294838153912954,-0.02554114994691,-2.6122412237077097,-4.202167425687497,6.734157527034748,-0.1516799447316735,-0.4609772885895564,1.442406245586301,-0.8515173379087121,-4.878687240799516,6.329306407671847,10.203099933988131,5.268845361845246,-0.2516749357311491,-9.630886058876174,-1.752226754673852,0.1085595466484819,0.2933579426304151,-19.513252867907887,-19.52689148819443,-3.299914372436558,-20.831567436856822,0.0,-0.7898192436905096,-21.770627645448258,-22.41850426566187,0.0,-19.46234277987528,-0.9871336762160206,0.0,NORMAL_B,83.95
case02,33,W2_f0995,step2e_regression_clip,1152,1408,4.273621294897806,0.0088579849608378,93.19062689129632,92.9147806820836,0.7241754125008014,0.1412407532401885,0.4697211652116437,0.1609551242083602,0.3933174835617251,0.2335057096315553,-2.9601249150098674,-11.752635565179764,-10.219864600665105,-9.621914420326233,2.468219964349939,-1.6150269326459403,-0.0839139687519769,-0.0042659712543467,-0.0126487187831536,-1.0383978457103398,20.35938299488626,-0.1623858185752246,0.627992407374947,-12.01567509953489,-0.0490550771771997,-3.1881544654292844,-10.175081218970668,23.106466552374144,-0.2381040577816531,16.40187187103839,22.187709159152504,19.34956254043572,0.100618805344912,3.1155495820115924,0.0122672222297652,-2.7592034308933573,-4.322638579018153,6.672200739490524,0.1104782307402036,-0.6719174394617761,1.484390160329695,-0.9650121547421698,-4.9393898434396295,6.113125324249726,10.093104323507436,5.399702368190072,-0.2727615728388154,-9.788888003338627,-1.7603843267106811,0.0553741349088735,0.3031341097882084,-19.513726018848576,-19.52660603197588,-3.020991629051407,-20.83127575778412,0.0,-0.9584020892894844,-21.770723578200545,-22.418674625809647,0.0,-19.46238177061496,-1.07750226274953,0.0,NORMAL_B,90.35000000000001
case02,33,W2_f0995,step2e_regression_clip,1280,1536,4.274339667366422,0.0089028356236888,93.15471634358288,92.890252122529,0.7067769589492809,0.1414944474903378,0.4689533681719293,0.1609498641776406,0.3927537551411738,0.2334047183975491,-2.797692417252372,-11.76132688239846,-10.195167151078934,-9.668895076494486,2.5552895543928305,-1.5430031505887387,-0.1173696849579283,0.0439433321131991,0.0490729631120633,-1.1770863838349122,20.35968151440776,0.0058988738784402,0.598903657353335,-12.001198625470042,-0.1361847205693068,-3.2529979811601466,-10.146727901197933,23.10664252404645,-0.4469399993842517,16.71963227156922,22.188099555658138,19.431896291076992,0.1129564153791665,2.91289888837211,0.1390743371405515,-2.843673552345526,-4.388033595859145,6.575349490066688,0.1877864134818843,-0.9461335832877562,1.446151226073792,-1.071805492333835,-4.996795343383397,5.870276763528644,10.017049176561128,5.428217019345602,-0.2566262278088547,-10.02137359822686,-1.7808240369483392,-0.0069900419950994,-0.0185727922594117,-19.5143366581158,-19.526169109644268,-2.8270094054358026,-20.83105960527477,0.0,-1.1099434749590182,-21.77085081726367,-22.41872262867223,0.0,-19.462480468079487,-1.1630771962850748,0.0,NORMAL_B,96.75
case02,33,W3_b01,step2e_regression_clip,1024,1280,4.266823803223531,0.0077844259691684,100.29385948546847,100.02081068562808,0.7501696370470627,0.132751547080888,0.4695731618680341,0.1617965728066045,0.3945490004881576,-0.2273274269414363,-3.520897897166525,-11.872953230222102,-10.623591110758484,-9.780494524292218,2.819183594917209,-1.7443193663920329,-0.0704443599267433,-0.0380559074381342,-0.2081184674687587,-0.8105506783670025,20.84454751291943,-0.2264243816355241,0.750074200808583,-12.371775361250986,0.0425889976373671,-3.665824217429837,-10.506597687423156,24.302608812607843,0.1381436330701166,16.58946430536349,23.677752083189255,19.914487209247422,0.2528761176101284,3.765323312917417,-0.0184769537629408,-2.946178921721756,-4.218749635838599,7.0709645993001145,-0.0294829627752564,-0.510691703803846,1.3486974784234098,-0.8041115491317476,-5.08932647531544,6.592068572927051,10.327780660040832,5.355842793386113,-0.1715316843362306,-9.843152841553184,-1.7967973576795877,0.1097532586300344,0.3956404216896349,-21.7373766215685,-21.247435731329134,-3.616242228777512,-22.40753055418449,0.0,-0.7369817634123424,-22.84416541027617,-23.371237166430276,0.0,-19.79248101543432,-1.1129611351277175,0.0,NORMAL_B,83.95
case02,33,W3_b01,step2e_regression_clip,1152,1408,4.268887394868639,0.0089226812068101,100.31625888542106,100.03338200046964,0.7658552394477257,0.1398764390335217,0.4673549651200679,0.1613327842134268,0.3928930256497717,-0.227502427429115,-3.2209657412790684,-11.972988832155668,-10.58656451825136,-9.931841570811253,2.894093263038424,-1.706100008947696,-0.1940198856044444,-0.0881111553405759,-0.0984710609886848,-1.0299027917570127,20.84434873568592,-0.247554457375028,0.6714566541436384,-12.25453227679751,-0.1200704793693455,-3.770934515137101,-10.46010340742661,24.3003995233737,-0.0018650165920648,17.232471189109763,23.679851291477743,20.03515404330396,0.3782393711033182,3.5812039077863047,0.0227804461079635,-3.109575498486816,-4.340717304260608,7.004092384233634,0.2378842034681239,-0.7320510206579146,1.3924590365644398,-0.91898075089769,-5.149285246380884,6.363713790372351,10.211553820827412,5.488637906305068,-0.1943516572806613,-10.009063792155178,-1.803920869596592,0.052482401825145,0.407987411054841,-21.7386369475863,-21.247503206401465,-3.305910455519796,-22.404085123981744,0.0,-0.955973260746628,-22.84331978087781,-23.37354852382068,0.0,-19.79132137034446,-1.207166343331725,0.0,NORMAL_B,90.35000000000001
case02,33,W3_b01,step2e_regression_clip,1280,1536,4.269604364087621,0.0089724559458679,100.27398780029868,100.00342274423798,0.7267898133481028,0.1395942411544244,0.4665919187419097,0.1613371060744214,0.392323708267091,-0.2291326191234043,-3.044543983102112,-11.981676031740854,-10.56112861131293,-9.979994955899492,2.985200613643056,-1.632835530824747,-0.2334335412569527,-0.0387072068050832,-0.0365042304470273,-1.2081669144923386,20.845788180733905,-0.0765891479278392,0.637676351219265,-12.239840843684185,-0.2096435486281527,-3.8467845640702714,-10.430263701579038,24.30054272805232,-0.2138143287922077,17.563394830815145,23.68184638771777,20.12069244603288,0.3909904110920997,3.371940281761177,0.1566098705334415,-3.2056491896733483,-4.4057566459313,6.902425829036761,0.3153680575838845,-1.0196146427195651,1.3541762570736982,-1.0277686937993078,-5.206654508142254,6.10858499414389,10.130893223466986,5.51587684798281,-0.1782091109407549,-10.25558396233103,-1.8239627810352528,-0.0137541842068534,0.0712447316931078,-21.74133139729787,-21.246210454881563,-3.092928090432019,-22.40190849801281,0.0,-1.1527951621385883,-22.84383317850453,-23.374566226418477,0.0,-19.790944918567718,-1.295653444960712,0.0,NORMAL_B,96.75
case02,33,W1,fit_only_clip,1024,1280,4.26624517279336,0.0084612092267057,145.85200982183665,145.54972452759313,0.9576561930759616,0.1420425949178534,0.4714096031552136,0.1731076452789184,0.4034748833892082,0.1705150702080412,-4.451524632677262,-12.707748558486616,-11.523564723533116,-11.384624881861845,2.445926049001604,-1.976540993421004,0.0835766983513859,0.5331127592868496,-0.6080494740087118,-0.6599981365109339,21.63413597531489,-0.4532573987927162,0.6165618477594874,-12.955994478647114,0.6215290382003748,-4.744209410769926,-11.85602589600912,28.13998474332273,-0.1292523605172522,18.38888438096953,27.8570149992661,20.166681779688208,-0.4381990343158538,4.865025780066857,0.6046594149182998,-4.204674017782451,-4.514747952011231,9.02886709070025,-0.3672673771678769,-0.9321152120537588,2.06512350833801,0.0379307481983194,-5.471603210795951,8.685809457264352,12.577999085427694,6.399250756536279,-1.1470449370943134,-14.23462840804032,-1.9437563004007687,-0.4608315076371667,1.0953226827579785,-36.25717429798895,-32.00540090920467,-5.46682265890848,-26.093757168263064,0.0,-0.718880490828004,-28.15475613173762,-28.13067788307512,0.0,-21.900064871691587,-0.6384243709316457,0.0,NORMAL_B,83.95
case02,33,W1,fit_only_clip,1152,1408,4.267885208730958,0.0094623385287265,145.95679066203363,145.64278950731548,0.9915049092958236,0.1452618660029003,0.4690033766226711,0.1721295238818835,0.4010581089923332,0.1667002193139434,-4.032256567324536,-12.793746779634844,-11.48205927029924,-11.567551116024056,2.510610844758448,-1.9415009168612232,-0.1040251750469578,0.4980425425508193,-0.5239162893113096,-1.076065825842021,21.61602470150414,-0.5121079276212721,0.4937412757608039,-12.839213202358154,0.3787800466402738,-4.896893758320077,-11.8118291335163,28.14292434774068,-0.2551754842460038,19.0786928054024,27.805742507832832,20.256929411276825,-0.3234241175914825,4.632530790972033,0.6587803558777197,-4.353537469420171,-4.663738036850629,8.936025855011534,-0.0711630348726507,-1.2081393695511515,2.1551096224211683,-0.0815373005008818,-5.514168266557874,8.41778526113955,12.460314027009131,6.546272595854505,-1.1647192324296043,-14.493638685142772,-1.885119154890213,-0.592353740694065,1.081735484353598,-36.22767301411896,-32.04121508926901,-5.007916450093978,-26.062206245347998,0.0,-1.150072118904768,-28.151957153345613,-28.08357477229541,0.0,-21.87488915761184,-0.7395808322347561,0.0,NORMAL_B,90.35000000000001
case02,33,W1,fit_only_clip,1280,1536,4.267996105263897,0.0094912022343904,145.93508223952196,145.6374664709091,0.907963991298119,0.1343031952458008,0.4682083154389336,0.171936221937718,0.4002282944768796,0.1645703611004703,-3.772081352143001,-12.78037916637316,-11.440645032066657,-11.638518656668612,2.599710280741065,-1.8603196517058385,-0.1823013231033163,0.5732397067662247,-0.4945335959554633,-1.3970025420815149,21.58080598965145,-0.3604940085972332,0.4220852992308434,-12.82253195343208,0.2343764081760075,-5.017850617480223,-11.775113886904856,28.146169895781707,-0.473877756757412,19.428888800243296,27.78053656423613,20.31161653786181,-0.3386436191126171,4.365126382406392,0.8198589975987366,-4.424044940227198,-4.7376803549390925,8.821881570435739,0.0009512076802186,-1.5783394784800884,2.139339539045236,-0.2069592550413092,-5.5529132155275,8.11782525391288,12.385100723032,6.565675424522028,-1.1456859921209206,-14.854391180947774,-1.8863848862492612,-0.7066478753691072,0.6184909937790284,-36.22059548267184,-32.057002060142246,-4.67478511771765,-26.035704536066596,0.0,-1.5157367213673427,-28.135523620751773,-28.047452178521294,0.0,-21.84938427342868,-0.8449489500964013,0.0,NORMAL_B,96.75
case02,33,W2_f0995,fit_only_clip,1024,1280,4.273812603175514,0.0078382008153594,94.11925388222632,93.8569559931846,0.7149706853637717,0.132414817787441,0.467642025489464,0.1607291448547143,0.3887194503988684,0.243185961993196,-3.231424909929555,-11.654823941463164,-10.2562014182949,-9.475297720208143,2.396431020094348,-1.6520362604692589,0.0226749268906576,0.0460272930090296,-0.1209855734065057,-0.8696648385813094,20.04770119521402,-0.1435959885705515,0.6964814460625394,-12.130881822292912,0.1072205532401609,-3.0972346186178887,-10.220040538317065,20.13942549353512,-0.0978528481388958,15.783672973892076,22.261636877055174,19.18474210173181,-0.0207871050293836,3.295050754756334,-0.0255872034175423,-2.610876438362302,-4.202550641116204,6.732558236941974,-0.1520270477820454,-0.4593038067441707,1.442057019814845,-0.8511304705679934,-4.878332657263129,6.328321050469664,10.201940481393752,5.268758869130754,-0.2505514096766825,-9.631269434056543,-1.750869578267842,0.1077812916767533,0.2922597763603871,-20.00916763631241,-20.1077454500778,-3.3003660680709905,-19.872396357274468,0.0,-0.7909687493220788,-20.1677171261002,-22.345983742178205,0.0,-19.840094653341616,-0.987423820778484,0.0,NORMAL_B,83.95
case02,33,W2_f0995,fit_only_clip,1152,1408,4.276082146241637,0.0091455395441354,94.1485055327714,93.87602971401664,0.730523261008037,0.1410331615114808,0.4652644076681297,0.1601850688818812,0.3869476461528991,0.2441945905328667,-2.9602671849464914,-11.752727377058262,-10.22023717842258,-9.622565997803871,2.4679589529878547,-1.6146642711275996,-0.0834238641749342,-0.0038919249820194,-0.0122499699572644,-1.0396775713200597,20.047837758691973,-0.1626927361010733,0.628304955488056,-12.016795262980276,-0.0506599540446735,-3.1877111931941995,-10.17525951603834,20.139352508584498,-0.2373801111691124,16.399990171632936,22.262018012894696,19.29342764721319,0.1007800141339416,3.115727528841872,0.0122182057596848,-2.757764504696452,-4.323023458952286,6.670613496963293,0.1101413172282579,-0.6702418673322637,1.484039665365663,-0.9646253073493202,-4.939040563323318,6.112149989395951,10.09197092551803,5.399635501592132,-0.2716200778321808,-9.789312834643225,-1.7590190617187358,0.0545924828575895,0.3020284919562953,-20.00961508481357,-20.107480925345,-3.021413357615076,-19.872097622209733,0.0,-0.9595535212111234,-20.16780660148773,-22.34614149447279,0.0,-19.84013701920632,-1.07778676797749,0.0,NORMAL_B,90.35000000000001
case02,33,W2_f0995,fit_only_clip,1280,1536,4.276910973189603,0.0091561476925807,94.11809421486956,93.85695900972648,0.7113745984361322,0.1415719837797529,0.4644042047898728,0.1601443870030764,0.3863056295686805,0.2440943162048532,-2.797808708994895,-11.761412831446348,-10.195537407774037,-9.669535421873244,2.555027249725089,-1.542638424440074,-0.1168883508311117,0.0443188613096641,0.0494698051537279,-1.1783557149345356,20.04812755910158,0.0056004525865959,0.5992073017155812,-12.00232236380648,-0.1377945680239436,-3.252563433469583,-10.146904001269998,20.13953229128446,-0.4462240798839239,16.717758643228123,22.26239671712484,19.374259593618245,0.1131161809839527,2.9130483014102597,0.1390252283037995,-2.842190011897435,-4.388421995838428,6.573770707283672,0.1874598227425005,-0.9444591647758448,1.4458018979262222,-1.0714188839623684,-4.996454149263495,5.8693055303711,10.015930053467107,5.428163709874517,-0.2554746681841504,-10.021837967748509,-1.779452910221155,-0.0077787168336014,-0.0197456323719272,-20.010202991907438,-20.10706307779202,-2.82740522602684,-19.871878570802608,0.0,-1.1110772066653674,-20.16792869477245,-22.34618148972564,0.0,-19.84024275487644,-1.1633617747268703,0.0,NORMAL_B,96.75
case02,33,W3_b01,fit_only_clip,1024,1280,4.27019951585634,0.0079054731689709,101.38697203724458,101.11753651206216,0.7517036529435944,0.1332096881504014,0.4646171364852614,0.1606304361404257,0.3901356787548758,-0.2335137204798121,-3.480404468176704,-11.871433061556996,-10.653415877954604,-9.791649829510378,2.838539265215443,-1.7398477209067262,-0.0864242337557322,-0.0366879910774152,-0.2209499065995943,-0.7501938369548935,20.5768151093302,-0.2314413852481907,0.7414038048772502,-12.370936607011812,0.0299962227341059,-3.678696083245523,-10.522682541532422,21.259986709577152,0.1540203390127578,16.678298943944114,23.7219597231864,19.91127747577487,0.2608735832786827,3.735786145452132,-0.0204545371937554,-2.933976911175457,-4.249797596051264,7.020261851450512,-0.0185471315476721,-0.5431511102387255,1.3559980920124246,-0.8147682773084999,-5.120314432413871,6.533482176048924,10.342236376201145,5.331639252221674,-0.1331634614309389,-9.85367397550921,-1.8283184057657145,0.1099199846389819,0.4017888811239207,-22.23192789336574,-21.84851057506458,-3.5768734154452733,-21.414279762118465,0.0,-0.6749286902163562,-21.23437863537799,-23.33916161165297,0.0,-20.16749299209821,-1.1275542680027348,0.0,NORMAL_B,83.95
case02,33,W3_b01,fit_only_clip,1152,1408,4.272490919527489,0.0092197231162926,101.41176809729822,101.13259871675358,0.7713485009578259,0.1399645288977762,0.4622120092119532,0.1600943922043825,0.3883425062047236,-0.2337984855561188,-3.179778041752846,-11.971379918099856,-10.616321521844446,-9.942965839236145,2.913504155335032,-1.7015710835951805,-0.2098956156499615,-0.0866962262071611,-0.1112996209336764,-0.9692358291919618,20.576464085495445,-0.2526754900717626,0.6627990810656191,-12.253629345653644,-0.1328767556917987,-3.78368764359937,-10.476146645303116,21.25707695232176,0.0142258112071016,17.32048884023494,23.72395358277364,20.02374564976932,0.3862891387260433,3.5515937852604478,0.0207057705154897,-3.0966464973917,-4.3716749597992095,6.953512520368689,0.2488679345497226,-0.7643666244725508,1.399462758356119,-0.9294981894726012,-5.180040743693814,6.305401566016745,10.225957159734286,5.464484248992825,-0.1558460379304294,-10.019736358000172,-1.835071627828039,0.0524710182246935,0.4142441558591304,-22.232840083726664,-21.848811513973452,-3.265828587505508,-21.410440483957395,0.0,-0.8934377839207837,-21.23291285175684,-23.341357177106467,0.0,-20.166297457516272,-1.221774648039483,0.0,NORMAL_B,90.35000000000001
case02,33,W3_b01,fit_only_clip,1280,1536,4.273322851374728,0.0092332035089806,101.3732195900055,101.10621260790676,0.7313067197312617,0.1398785104374832,0.4613493509394857,0.1600609881194947,0.3876997686539603,-0.2355116218535588,-3.003134638941752,-11.980029697135915,-10.590822741351998,-9.990989069820923,3.004731618506566,-1.6283080006367885,-0.2493798853471396,-0.0372349577350541,-0.0493617509634935,-1.1469666477959035,20.57772708043528,-0.0816948086272275,0.6289480583951649,-12.238965047121164,-0.2225928304879195,-3.859477508623097,-10.44624337692118,21.25671523244533,-0.197650083300458,17.650853420089156,23.726003731879064,20.107506602431226,0.399163004044304,3.342253877192423,0.1545352333042196,-3.1923655801290565,-4.436602917879278,6.851979697813764,0.3264100928908059,-1.0518286173612277,1.3610175974410237,-1.038200979344954,-5.237260520622672,6.050532084901438,10.14517066789048,5.491815914604906,-0.1396619297051387,-10.266558389882508,-1.854776276341844,-0.0139488409477593,0.0767395751807118,-22.235320438941592,-21.847651185829008,-3.052524944246993,-21.408033353684846,0.0,-1.0895242712208653,-21.232976442705606,-23.342235922829666,0.0,-20.16599953414418,-1.31031996101592,0.0,NORMAL_B,96.75
case02,33,W1,fit_only_no_clip,1024,1280,5.281498706493005,0.0055785620150258,341.24597394747946,341.09775250127785,1.147473739952359,0.1053331492280132,0.7403161487742376,0.4473359113694928,0.847361936630188,0.2177330545876527,-5.225396393917642,-12.927346052278487,-12.37260504060921,-10.683989231312015,2.63226615189484,-2.2668578839348554,-0.9055184702277386,0.8660962706733152,-0.4623667045457961,-1.847892797916985,42.18889402649926,-0.0195053933696148,0.5507194591992437,-12.658119762880473,-0.0329025579638909,-4.947721034656534,-11.78346131326122,108.952385502966,0.491455348425687,17.424235841177026,62.36098373023499,19.176710893601864,-0.6013166785142708,4.730464179497981,-0.3464146062170587,-3.374889519583838,-4.337595283010119,8.725034700532753,0.3420974062449413,-1.2161223383103532,2.144553002356861,-0.2160995366596657,-5.652847764053761,7.994861116071255,13.047713938900856,6.929080984902173,-0.9478486113771776,-14.806736343016684,-0.8299641188497128,-1.1162378214406723,0.9727870484803076,-80.48053723537215,-55.43708423212132,-5.9125724976469405,-47.396359109859645,0.0,-1.859812129583392,-133.9302125880512,-167.18108236670653,0.0,-27.086635307401632,-0.53122392581292,0.0,NORMAL_B,83.95
case02,33,W1,fit_only_no_clip,1152,1408,5.284973288266399,0.0065901977884245,342.3875296753852,342.2330246261356,1.2439263427701126,0.1111857644748206,0.7391519173956835,0.4457740861004716,0.8474213240084463,0.2172266077775409,-4.765125527270697,-13.045532278306304,-12.31537043885815,-10.851070717289794,2.7247659300029445,-2.233052614153092,-1.0490549744156494,0.8075576294147355,-0.3478931695773556,-2.1869305749420915,42.39792407566057,-0.035861679127282,0.4667562641168305,-12.54134553826841,-0.2088984869749428,-5.071798880859117,-11.74194566710538,109.79344810011314,0.3475327455808172,18.13889654589487,62.32458785730021,19.313502848644827,-0.4443388707160742,4.510083298010307,-0.2900170661883052,-3.6036779516621618,-4.480301089230971,8.653303665819687,0.6560173656605716,-1.4869236000197843,2.2093395259068305,-0.3487603969103385,-5.729355808600688,7.725451966499166,12.894932076353276,7.078665908258957,-0.9866242789878712,-15.04815802366483,-0.8536951089375188,-1.1885254440282615,1.0033171849694258,-81.01177732384309,-55.15662271908775,-5.4092900308647325,-47.666138597217184,0.0,-2.202947165132808,-134.45674350340045,-167.52069078199986,0.0,-27.060260673112527,-0.63411107590378,0.0,NORMAL_B,90.35000000000001
case02,33,W1,fit_only_no_clip,1280,1536,5.286075308514056,0.0060826134160809,342.64378107575214,342.5010378015101,1.0435225261451986,0.1073878538849687,0.738219642679019,0.4452957570648796,0.847532746373822,0.2164390872716854,-4.487337476660393,-13.056083599544603,-12.283729231342464,-10.904533399175902,2.826954641165691,-2.153314839237604,-1.0965171230548565,0.8604828689390636,-0.2808518539198775,-2.4744837570433558,42.48886316386675,0.1482719405445746,0.4264581513459503,-12.52670994301853,-0.3075451131634752,-5.166239147244395,-11.712514977722597,110.33933916025715,0.1280998754577942,18.503368267888376,62.245183693570056,19.388145791806902,-0.427679880483895,4.253528085089817,-0.1276923706758213,-3.721209309113605,-4.556902780575578,8.536359748894416,0.7501586318196877,-1.8413115251496928,2.1637555460130864,-0.4786983039661641,-5.803360984331476,7.411101024486266,12.795456373954073,7.111998391823397,-0.9653742650473046,-15.403337486188358,-0.8826522407705188,-1.2767361214275346,0.5543887736000475,-81.07345722971894,-55.02702312930421,-5.0577484350254425,-47.84412657274548,0.0,-2.5277466559648456,-134.49633684130433,-167.65092382510923,0.0,-26.883237473439923,-0.7271467053571068,0.0,NORMAL_B,96.75
case02,33,W2_f0995,fit_only_no_clip,1024,1280,5.287313049761815,0.0055968897345055,234.2832836403292,234.16159338061075,0.6036303042670446,0.0984870937372381,0.7362420631848376,0.4429972030636759,0.8457586015294074,0.2709705639840208,-3.2374264305951783,-11.648676977209144,-10.257976478914802,-9.475011531326748,2.3979662258945624,-1.650249312869004,0.0230814810042358,0.0432441475558686,-0.1186501633470932,-0.8833754516618655,37.50295452872618,-0.1463780979181053,0.6972380718114239,-12.126783614436192,0.1082611729107487,-3.094987718230719,-10.215806810493998,72.99049158021211,-0.093595630466367,15.785106001791409,51.3971334411899,19.32487270289367,-0.0257926545863501,3.295218443717485,-0.0284444939666721,-2.600904751300841,-4.200851806364762,6.731485772142011,-0.149351165902337,-0.4601079962825364,1.442146113816406,-0.8518387131605147,-4.873496215120345,6.331172434080562,10.200358566107674,5.271901107258807,-0.2475680188347153,-9.637768612413746,-1.7535553555658372,0.1012208689731068,0.2959990598298652,-45.48513188039503,-33.63739703323888,-3.306836348248686,-36.14646681155384,0.0,-0.8039078767972548,-93.29239328183688,-137.42343027322116,0.0,-24.58887345698798,-0.9901246671671268,0.0,NORMAL_B,83.95
case02,33,W2_f0995,fit_only_no_clip,1152,1408,5.290820942503061,0.0065925538469178,234.81584211897336,234.69003085328129,0.650483938427091,0.1035629556033475,0.7350805459997407,0.4414022681739282,0.8457889583692578,0.2715753745842841,-2.96577758515263,-11.746590082482609,-10.222061336968329,-9.62234407920049,2.469412225615172,-1.6128588645455926,-0.0831538314372381,-0.0067008560638256,-0.0098469986424692,-1.053751054647809,37.68253900517444,-0.1653726689419565,0.6289088573650847,-12.01264845691116,-0.0496269217832445,-3.185626590769124,-10.171052675859023,73.55309992054516,-0.2332094489984022,16.401426848727464,51.367239702470776,19.457874145163068,0.0957370045993562,3.115737857326756,0.009360516005706,-2.747490374710892,-4.32143848279406,6.6696767256030585,0.1129254372497209,-0.6711737566500502,1.4841897027979956,-0.965291800956373,-4.93446955332249,6.115078752223714,10.09057792872699,5.402987431364817,-0.2685284602617484,-9.795787401858169,-1.761623258040008,0.0481242075587602,0.3056023343409269,-45.77088805681158,-33.47875106083148,-3.027369155612561,-36.35587194811367,0.0,-0.9728954730648668,-93.66858974503826,-137.69914954302152,0.0,-24.5631537005094,-1.0803476140255552,0.0,NORMAL_B,90.35000000000001
case02,33,W2_f0995,fit_only_no_clip,1280,1536,5.2919446714110885,0.0060514167613806,234.91214742068905,234.79322848134055,0.5831966954304888,0.0994833334460218,0.7341353915089256,0.4409077393285833,0.8458731164773461,0.2720067117148386,-2.802818748459489,-11.75519157568656,-10.197413710747604,-9.66941399727404,2.556352194680012,-1.540796097932214,-0.1167572543847942,0.0415158268807752,0.0518870011106991,-1.1928310591147449,37.76130524622749,0.0029911803787464,0.5996464022225474,-11.99815147676416,-0.1368141888860606,-3.2506436024577425,-10.142737943447411,73.91452402791188,-0.4420514659472335,16.719115854549706,51.30188045235409,19.530601644101925,0.1080369347817529,2.91292625290158,0.1361923272005974,-2.8315885911625287,-4.386967038393317,6.572873938028512,0.1903245338642875,-0.9455007570323074,1.445978997610839,-1.07204779174747,-4.992067023683811,5.872217395449715,10.014701153760887,5.431640266730851,-0.2523078127900407,-10.028220391557811,-1.7819492149238152,-0.014254494227011,-0.0163856028911687,-45.80360473149844,-33.4013809839525,-2.832845782995926,-36.490974427689,0.0,-1.1248585936192872,-93.6979292427774,-137.8057631863911,0.0,-24.402301232890142,-1.1658205167588194,0.0,NORMAL_B,96.75
case02,33,W3_b01,fit_only_no_clip,1024,1280,5.285440922370929,0.0055946542782058,249.14138173812808,249.0150713639204,0.6933684241610106,0.0973238082296098,0.736070276819746,0.4437736398968023,0.8453737388751492,-0.0952326485046614,-3.564037631267774,-11.82524874450316,-10.666181982732052,-9.778895804285533,2.865610977108516,-1.7065783761207285,-0.0295765861455553,-0.0776682354918224,-0.2031430984241903,-0.9299855987492844,38.56877550996519,-0.2577522722173999,0.8080417482836042,-12.334246284090971,0.0366004984656053,-3.597527620512856,-10.497220245493846,77.62578217933243,0.1768269945099076,16.697118405927434,54.84475936289889,20.042770905452844,0.1802332392665706,3.7241427787670416,-0.0708764083223707,-2.8269193797498877,-4.244224332491738,7.017753752584524,-0.0190190770922836,-0.5498404835218759,1.39454542567377,-0.8094728748344475,-5.042230319727888,6.539575166440653,10.3339836267975,5.372706472642029,-0.1005185535222475,-9.956226034508903,-1.8666506515215544,0.0802627129574865,0.4602967566546042,-50.70486973748683,-36.589530071633575,-3.6638506625746543,-38.93193312254717,0.0,-0.8404550390879152,-99.6569906390163,-143.39469928714823,0.0,-25.03231439627131,-1.158872439355878,0.0,NORMAL_B,83.95
case02,33,W3_b01,fit_only_no_clip,1152,1408,5.288955975682413,0.0065961034303956,249.72215165756452,249.591675925817,0.7502118959168818,0.1018006629601338,0.7349013237421214,0.4421769300156851,0.8454002778494045,-0.0955379951484182,-3.25960098499278,-11.92660745919624,-10.629187872601852,-9.930204459647545,2.9392961691595287,-1.6683742472394434,-0.153315396220012,-0.1280310502503807,-0.0922889875879428,-1.1534774993424657,38.75268701497753,-0.2775539814224102,0.7289598968140668,-12.216821056000516,-0.1253801364961091,-3.703379914940893,-10.45103501550406,78.22423124546437,0.03476118704756,17.339363216461997,54.81307329460205,20.179530257672944,0.3057747129369254,3.538120451747283,-0.031027414976967,-2.986482126149783,-4.367501494773032,6.953004107078679,0.2495795900305709,-0.7711972233856134,1.4380411011071164,-0.925236836986165,-5.10470214710316,6.313768553732021,10.219186538356816,5.507814662797118,-0.122478677016243,-10.12238503299736,-1.8745882060944463,0.0249973913183359,0.4712402149552372,-51.02436830702528,-36.417892772211054,-3.3486783603865806,-39.156621419153225,0.0,-1.063795753315875,-100.05965025029911,-143.6834085072363,0.0,-25.005876269615086,-1.2519894476484636,0.0,NORMAL_B,90.35000000000001
case02,33,W3_b01,fit_only_no_clip,1280,1536,5.290082982205635,0.0060544229372863,249.8182895864241,249.6951808050713,0.64677347049468,0.0987932614788343,0.7339565122683557,0.4416829346854591,0.8454871744895769,-0.0963154931904115,-3.078308232561557,-11.935749066812685,-10.603893013719787,-9.978576111881289,3.028882432950975,-1.5948654946859988,-0.1930720244613312,-0.078653626654896,-0.0295956728037872,-1.33638071817189,38.83376121203312,-0.1057161181610283,0.694555660012973,-12.202023629402742,-0.2148049239131452,-3.779902389924784,-10.421603622405366,78.60914216795767,-0.1781525849409955,17.669921696915218,54.743370742900495,20.25420177622989,0.3183930719417754,3.3274968015013373,0.1013634011266004,-3.0786531454934982,-4.434073366684664,6.852094642307849,0.3284077356398284,-1.058487359634934,1.399095043240299,-1.034522769599173,-5.163643261857039,6.060106427792085,10.139765406073758,5.536557088251187,-0.1055218142045262,-10.367990740715472,-1.895189914741439,-0.0402425169488504,0.1323177283999513,-51.06113138397614,-36.33427251685222,-3.1305024235934837,-39.30161139816372,0.0,-1.2654311709208217,-100.09111277098944,-143.7952496579299,0.0,-24.84039322710303,-1.339926104355642,0.0,NORMAL_B,96.75
case03,11,W1,step2e_regression_clip,1024,1280,2.0602225394505203,0.1162541641013011,11.327753729067526,3.820618948422936,1.308922183378454,0.1052192715498732,0.1693884833604295,0.0544770267365692,0.2387593959561418,-0.1224649754884396,-0.0990997993461744,0.0729258449899977,-0.1422583157960864,-0.1502334311713202,0.2560023594665401,0.1093333267885969,0.1099557156741164,0.0020080493610112,0.0074739845820969,0.3432744305819344,0.4186186529304915,0.1001589455392346,0.063752803022648,-0.0557528677059846,2.928373907492375,0.0087489673192254,0.16740773457926,1.3916502820200536,0.0905546369500109,0.83626841065263,-0.1009320783990144,0.1903213458402601,0.0919485534213621,-0.2451386120758978,-0.1024738768623428,-0.2519549989106701,-0.2001710357685432,0.2360612599781144,-0.068060783829934,-0.1521253745057274,-0.3432880540197756,-0.0813011832717927,-0.0902166612078863,-0.1216547242169597,0.1867866014941415,-0.1612055724357844,-0.0093040493076984,-0.1290313730075805,-0.0581726480400023,-0.2952633531783119,-0.0354641270568296,0.058763049471395,-0.2166064116023051,-0.0701386331075816,-0.1800346881629382,0.0,0.3290794048204888,-0.4864497765979901,0.0939270808343348,0.0,-0.0014924635972669,-0.3092843079700646,0.0,NORMAL_B,83.95
case03,11,W1,step2e_regression_clip,1152,1408,2.0449856913122715,0.1135496214161971,11.176347328021874,4.085192957875157,1.1835841782832075,0.1074811274457058,0.1679860259196565,0.0564703219339517,0.2411153993114275,-0.0815415955461463,0.3570703065650694,0.1686373125521571,-0.1678217464403083,-0.1296522841127748,0.1795629945819528,-0.0500268440174568,0.0053005488569046,0.0468585886033116,-0.018773764439097,0.1491148472179645,0.3056489282741123,0.0357621194576824,-0.028811236068363,-0.0220078693510982,2.964020439072349,-0.0968561442189797,0.2998770377684198,1.589579184996985,-0.0047618958336553,0.7649986273220941,-0.180440992263436,0.2288328783621971,0.1910340916755482,-0.5024081309280812,0.0583153628974013,-0.2559792189722964,-0.2499789219892131,-0.1311085903601216,0.0571534681169386,-0.3047696583881201,0.0500768537643101,-0.1006510669090857,-0.0577402698728362,-0.464848376953477,0.2519968841791768,-0.2167473861039053,-0.1553121999897513,0.0100647175058771,-0.3394984603625235,-0.146080324432432,-0.1657196646305667,0.5336910046702741,-0.555954837060896,0.4468403939994899,-0.4123371126097619,0.0,0.1369925878423276,-0.8482506145570505,0.0376432793578732,0.0,0.2331939943675726,-0.3422143695156994,0.0,NORMAL_B,90.35000000000001
case03,11,W1,step2e_regression_clip,1280,1536,2.040800850593965,0.1178520240306534,11.129780516581974,4.204442387109769,1.1320834846654018,0.1005402320991634,0.1716349345944655,0.059109191583321,0.2375283116955337,-0.0899263035792484,0.2429719700717748,0.0051120347889493,-0.0894085293439176,-0.0199678461549582,-0.001310924733134,-0.045823117743239,0.0459169762401592,0.014179237833143,-0.0238723352836219,0.5580293385755728,0.0272575276728042,0.0171702166095673,0.0615450433942011,-0.0845572985218627,2.9799780319046456,-0.0412969357962851,0.2223778074041119,0.8507043378539302,0.030235544285431,0.1734658008387897,-0.1938800556593182,0.0566242645789827,-0.1783357634921112,-0.5788672875190646,0.0543045577079091,-0.2522538633976642,-0.3627463684618793,-0.7686812229290725,-0.1734146662398481,-0.3397711367254407,0.462154648519251,-0.2942909269833099,-0.2319932694006111,-0.7409417290246608,-0.0120361604402366,-0.1844760255007381,-0.0031813717949229,-0.1378290257216616,-0.724347168731137,0.0788109893316116,-0.0617468167003244,-0.1741128651633505,0.0511969755310577,0.3037761712964871,-0.0630331265744587,0.0,0.590662023769903,-1.0759084713325833,-0.4135480699785064,0.0,0.1700261584963027,-0.3823091598226863,0.0,NORMAL_B,96.75
case03,11,W2_f0995,step2e_regression_clip,1024,1280,2.0332070320378457,0.1224544401151878,8.396700754655555,3.0539591570265205,0.7306088400634808,0.1021813781333521,0.1959165854715203,0.0560632061950315,0.2672897551462398,0.0364480465816502,-0.3257422503153507,0.0895992160653888,-0.096568745616214,-0.0103289718696696,0.0874046304798963,0.1584705719329475,0.0350763755385273,0.089658141519762,-0.0878013136843945,0.1041396997534663,0.4841688548835857,0.0175080733126486,0.0575228630272523,-0.0357513311925942,2.4853311206271806,0.0224670442508627,-0.0674881386884336,1.054846035500606,0.0379334747127257,0.749511493474164,-0.2171973897076478,0.2722486978455807,0.0515223557342867,-0.1208520261976201,-0.1242990609921506,0.0228346529756054,-0.1043939520155923,0.0911859497417948,0.1414105971513854,-0.0898620002540617,-0.2579305569279843,0.0114816236367539,-0.117670856601428,-0.0620332394191144,0.2129467957622806,-0.0844923867950902,-0.0249306637568867,-0.1963507206209825,0.2246029954891864,-0.1172460826750541,-0.0367294150604029,0.1805597491681905,-0.304217775748126,-0.3171088490440694,0.0314827522054662,0.0,0.0806259881466772,-0.6093661715631434,-0.2049995870797648,0.0,0.0678986639991818,-0.1703615607532055,0.0,NORMAL_B,83.95
case03,11,W2_f0995,step2e_regression_clip,1152,1408,2.0252415339285585,0.120882256849732,8.361987490592263,3.302616185120218,0.7149556068136703,0.1098511786353473,0.1996934717369175,0.0576812027310973,0.2560287022969081,0.049586913324628,0.0341818453233135,0.1801850946952216,-0.1655944780169045,-0.023889751336279,0.0297942458052844,0.0729322026528529,-0.0029500470292566,0.0726101394027424,-0.0967432282835181,-0.0457067112214029,0.4204057321420201,0.0279683453751915,0.0155372109168209,-0.0661587535116025,2.481790166217031,-0.0115445979371894,0.0283290904392026,1.223001790689632,-0.0102840567295203,0.6938865501118775,-0.3230785894716548,0.2960285849567995,0.1014342828884556,-0.3668660938061247,0.0384201135990386,0.069476318269704,-0.193649951964929,-0.1499568921607124,0.2137895216512293,-0.2484446748119134,0.0658263801495996,-0.0149663695860847,-0.1324040528319387,-0.3265570538284496,0.3136312603805503,-0.1344102878523257,-0.1207826956282289,-0.1485270992206303,-0.0155592113544136,0.0460809721703425,-0.1189318335157482,0.4362892796561777,-0.4870983926714942,0.080998835929574,-0.1649478859849608,0.0,-0.0526860502170265,-0.7988064987467514,-0.2462593991895403,0.0,0.2646910141502436,-0.1899284306952092,0.0,NORMAL_B,90.35000000000001
case03,11,W2_f0995,step2e_regression_clip,1280,1536,2.0064520085790107,0.115683136294454,8.29198141099435,3.346405989500452,0.6651543937464182,0.1050721085782883,0.2056577987953635,0.0626776975274563,0.2456016199822595,-0.1853105289311154,-0.0653158979062602,0.0797459881818966,-0.0880031295156815,0.0131901840398669,-0.041151218456782,0.0844125095224491,-0.0648889751293173,0.0273894294854876,-0.1062826623764176,0.1953497574652372,0.1328737305761455,-0.0624401923330878,-0.0292143152292958,-0.0161066510057082,2.463346128089323,-0.0788517742682065,0.0079151701274783,0.648097120931554,-0.0023481411574589,0.1038597768294418,-0.1973364122436096,0.1358349616399749,-0.064161244981438,-0.4857188062085921,0.064992769775406,-0.0026078848681799,-0.2902471094224073,-0.6918111579043172,-0.0406646990409042,-0.3370148259692196,0.3778370470441023,-0.213832752465881,-0.2177714810383774,-0.6496254793309001,0.0396124255913276,-0.1364540855500656,0.0154566685474934,-0.1989692730042425,-0.2140437885894448,0.1299790834853802,-0.1139121485832742,-0.1038994086097924,-0.0004188470510755,-0.043168305151995,0.0888557977613301,0.0,0.2050943484782942,-0.9828552098332618,-0.5296506305052597,0.0,0.0967991760341139,-0.1869733970051318,0.0,NORMAL_B,96.75
case03,11,W3_b01,step2e_regression_clip,1024,1280,2.0200276066544447,0.1149613321706733,8.750472527969599,3.2024861624150858,0.8110489616201348,0.1032066971941858,0.1890240765282161,0.0568239710665441,0.260684159384774,0.2331999137708359,-0.6007943505580962,0.06180338581724,-0.152253346263563,-0.1123860949619087,0.393076594762472,0.015974260748985,-0.0355043880869551,0.0090657708404108,-0.1302095769640417,0.187164686572983,0.4733966137450117,-0.117018781156931,-0.0076225223839669,0.0878904024158097,2.53124531921562,-0.0140415755365754,0.0931919959719706,0.7648416546632019,0.422574218275269,0.6404990266648689,-0.263322950689402,0.1848611045736012,0.1881261797215388,0.0676012236542847,-0.3696237571607698,-0.098769346892652,-0.0293143624127608,-0.071257065502911,0.1576616196192586,0.1351196812291038,-0.702335167238374,-0.1230027665936118,-0.0342967746412841,-0.2709230293845946,-0.2201482428047508,-0.1935108526298929,0.2565654894031148,0.1175834425164821,0.3075763385044341,-0.1574103758511274,0.1748925928567048,-0.0583542095769988,0.0008819246837663,-0.5541392284732123,0.0463537367970263,0.0,0.1828309182856897,-0.4298452202950604,-0.2576145527281795,0.0,0.3104845217100219,-0.5168574992574643,0.0,NORMAL_B,83.95
case03,11,W3_b01,step2e_regression_clip,1152,1408,2.0018035266065786,0.1167106047561423,8.697067240462026,3.4567252748092825,0.7714152917966735,0.1092138783722835,0.1861474186621354,0.0578631906009415,0.2465141270456101,0.146355421006168,-0.2385806414445906,0.1690561616299062,-0.2358492120708993,-0.1133203907986779,0.3434525792004609,-0.0815177767338412,-0.1009317647545244,-0.0033772631664128,-0.1458692512015491,0.0431148788533569,0.4112477405670509,-0.0996514221424666,-0.0709707811143614,0.0710400590191358,2.5369422019790626,-0.0664929484771037,0.187228617562868,0.9473522682932252,0.3820530513406706,0.5783267021478057,-0.3591385922701861,0.213895923729067,0.2240344524178945,-0.1670141992813459,-0.1915014548513063,-0.0748639101174046,-0.116378965999686,-0.3476858017473651,0.2282546125249848,-0.0467831056301319,-0.3409252041919196,-0.1340188358074673,-0.0316637961733927,-0.5661768378432969,-0.1254222046768652,-0.2672302568646929,0.1366257435441545,0.1590754018809052,0.0770183188860826,-0.0132302425288625,0.0927846668886299,0.2470028267858483,-0.2262932615952712,-0.1461776740533394,-0.1466022415307866,0.0,0.0591316351430594,-0.6597845261065595,-0.3034144349164481,0.0,0.5162274091768768,-0.5390320834934067,0.0,NORMAL_B,90.35000000000001
case03,11,W3_b01,step2e_regression_clip,1280,1536,1.994473833625096,0.1164724368056402,8.640346829284212,3.517558550664825,0.7103463543160775,0.1042953715102368,0.1976802597706561,0.0622559254820657,0.2477515375949281,0.2741812684616185,-0.3766422063770926,0.0402257794160182,-0.1538193541033474,-0.0762372647203298,0.2791722198332828,-0.0417148035794959,-0.1074304478406505,-0.0468530155097761,-0.1428956544812814,0.4417870728060139,0.1463984661788313,-0.1733023406207034,-0.0507808316888126,0.0914643838292236,2.527332715785708,-0.0861559387377188,0.1482031524679225,0.3628336861804325,0.3810567968973207,0.0049290341942745,-0.2249857680876527,0.0843215631566036,0.0392508256231732,-0.270929461817301,-0.1745173056494867,-0.1770308603575248,-0.176099700267616,-0.898146922998184,-0.0476103758012573,-0.1132834780583754,-0.0172585682642042,-0.3690140795942339,-0.1295801412985875,-0.8706290654717416,-0.4040773907104796,-0.276399895823984,0.2656654894464433,0.0963258715596507,-0.1894320518641393,0.1427265084027186,0.102811178076507,-0.3762990649646754,0.3279550637526444,-0.3108740344915993,0.131130110573406,0.0,0.4806465780526439,-0.8655724336627004,-0.6346918722240878,0.0,0.3512034562522282,-0.5487852658678352,0.0,NORMAL_B,96.75
case03,11,W1,fit_only_clip,1024,1280,2.071781954577336,0.1200910330742957,11.368829397714768,3.8138920605015016,1.3556551889683883,0.10584257242871,0.1661348105521506,0.0542140264846052,0.2502233083214321,-0.1289743755672475,-0.0922155981978409,0.0789409427525763,-0.1079808430321343,-0.133614660170248,0.2399945322275161,0.1090147089556947,0.1215386857886491,0.0163149521205139,-0.0113551696245995,0.3241149099297555,0.3832414835997276,0.1057346336538295,0.0721941264281039,-0.0817360832542111,2.9650879433902064,0.0174411198801427,0.1715818007298296,1.3232112524679605,0.0909674005008947,0.8058737576634506,-0.1110194732843294,0.1572040713813891,0.1204056812516184,-0.2236532051220807,-0.1090158194088038,-0.2558581773516798,-0.2434443692206463,0.2331352728673119,-0.0200048667899609,-0.1208994081907402,-0.3665110463885723,-0.087277303137746,-0.0798713778481775,-0.0964102296465624,0.1701520320865075,-0.1784101862897669,0.0141510196886213,-0.1063192802098506,-0.0272116198610597,-0.3261675021735789,0.014877412624491,0.0934721561868704,-0.2309010145406553,-0.0795156560133376,-0.168805714114658,0.0,0.3132804466801537,-0.4842206816068054,0.1035157556916335,0.0,-0.0234390685446901,-0.3270970300737721,0.0,NORMAL_B,83.95
case03,11,W1,fit_only_clip,1152,1408,2.056816761414525,0.115522965041943,11.215486086155984,4.096178646315027,1.2183250734114377,0.1072840898004077,0.1639784685098602,0.0551870559982187,0.252245332571531,-0.0892640729733581,0.4116898989891536,0.1707262685288793,-0.1356433871851829,-0.116303133254725,0.1721324714581968,-0.0399329443472962,0.0145338647674206,0.0542159598197896,-0.0267098771169963,0.132547862623431,0.2857850993811945,0.0274430720820281,-0.0274910943532478,-0.0371847214317783,2.9940505241420188,-0.0871755212992667,0.3094996564488836,1.5406263214702114,-0.015660092697088,0.7451200091040129,-0.2039004222270456,0.2105737597590217,0.2143975913655776,-0.4879475156759242,0.0691546986038806,-0.2629697480679838,-0.2894842182623852,-0.1346910117820368,0.0878792821448314,-0.2765616788978687,0.0337153676937978,-0.0945377008521067,-0.0588822983897036,-0.44914922436046,0.2761999791857442,-0.2311888708067084,-0.150998675732842,0.0406191033168631,-0.320195558318075,-0.1718262546962261,-0.1356043572417817,0.5894967038532325,-0.5777655926738964,0.4949843093941746,-0.407363261942641,0.0,0.1280527806976757,-0.7959953420188934,0.0651024118154665,0.0,0.2129343600218038,-0.3398807495412389,0.0,NORMAL_B,90.35000000000001
case03,11,W1,fit_only_clip,1280,1536,2.0506764114891145,0.1152942598303795,11.180814502511762,4.2714780511955,1.1399226085313747,0.0991693351695335,0.1677739277256534,0.0574995989552952,0.2413238809772772,-0.1089303958145921,0.2675641075967191,-0.0018186870702784,-0.0788212602675483,-0.0281824350269629,-0.0053087554476314,-0.0360965558719564,0.0482469902508972,0.0098643581789718,-0.0138671971513815,0.5788195815221513,0.0328502445829823,0.0094278834592961,0.0579178490663006,-0.0771258217544632,3.0176625543054403,-0.0314183073194917,0.2346075654867773,0.8430318831825259,0.0300932717739507,0.1666049951450439,-0.2066949885743783,0.0538140360783352,-0.1800815514007777,-0.5748943383869634,0.0703822448615223,-0.2702736849270743,-0.3955518645718155,-0.7859092086863014,-0.1746844420524718,-0.3525382965650956,0.4682420088697203,-0.2884473241842248,-0.2235705716934187,-0.7438775904742913,0.0274928374375106,-0.1927258884342844,-0.0072911669600957,-0.1474802144392379,-0.7212322235245721,0.0607980043718177,-0.0364104501304218,-0.141245437056472,0.0437821184394306,0.3244528521163184,-0.0656034767139395,0.0,0.6090493791976798,-1.02851478297353,-0.3832022143432362,0.0,0.1596963864643037,-0.3557664213202842,0.0,NORMAL_B,96.75
case03,11,W2_f0995,fit_only_clip,1024,1280,2.045534737964162,0.1246330236911243,8.397358144731488,3.054100905553508,0.7556276270094308,0.1021507860447999,0.1899012505141828,0.0546745045090434,0.2801173503231088,0.0583686452517348,-0.3257370256186163,0.0901495557571281,-0.0971045984653453,-0.0101950148023371,0.0879052384749119,0.1582058516819015,0.0359623365089499,0.0897628595511018,-0.0877461223325716,0.1043546406191039,0.4835516564997767,0.0179014581815611,0.0581855453394639,-0.0349833956230152,2.485487374989724,0.0234694290921548,-0.0671646668038568,1.0536058861295745,0.0385036476721979,0.7497800238421986,-0.2175642651974327,0.2721847366974168,0.0507416506178046,-0.1199127648980194,-0.1243300351362165,0.0231135324150617,-0.1043702469665341,0.0910959512759156,0.1410208243825069,-0.0896242844976907,-0.2574997967869213,0.0117826501801561,-0.1170950820325436,-0.0622939830829736,0.2120517086445429,-0.0849877172223084,-0.0245509678579814,-0.1953723560031606,0.2247634810381187,-0.1189169790273978,-0.0360719909393267,0.1817710656170115,-0.3051091534989321,-0.3171638884489391,0.0316763932136538,0.0,0.0808328146449246,-0.6078674472738087,-0.2041906891035497,0.0,0.0685742436826826,-0.1702428951178911,0.0,NORMAL_B,83.95
case03,11,W2_f0995,fit_only_clip,1152,1408,2.037106432562507,0.1228457524218517,8.362674072837994,3.3026413277049813,0.728089174533381,0.1098293113462878,0.1939055863968866,0.0563059011753423,0.2657222370570417,0.0686927617961973,0.0343358562336716,0.1807352732126849,-0.1662674257552373,-0.0237466166765453,0.0303493696578345,0.0727844838489282,-0.0018940651454046,0.0728483835131864,-0.0966239270308309,-0.0455112746620234,0.419653045415063,0.028361401735532,0.0163365965990915,-0.0653793445803555,2.481897397095732,-0.0103945645474296,0.0287836429235076,1.2215085118790778,-0.0097088783529537,0.6941664705528853,-0.3236020201496221,0.2959873972934354,0.10058974240639,-0.3657892712610522,0.0383923319998725,0.0698565081347511,-0.1936558683085091,-0.1500245679956264,0.2135078333707872,-0.2481294303495238,0.0662505800642475,-0.0145716572957306,-0.1317979468338963,-0.3268842794090832,0.3127327592309804,-0.1349198713311219,-0.1203121526326022,-0.1474015655258063,-0.0154816943669178,0.044327338564088,-0.1182376939877616,0.4377573969626424,-0.4881484111404446,0.0810958494072191,-0.1647222882277594,0.0,-0.0525111026495311,-0.7970640136599976,-0.2453312147317866,0.0,0.2655042371114281,-0.1897058086481518,0.0,NORMAL_B,90.35000000000001
case03,11,W2_f0995,fit_only_clip,1280,1536,2.0150654396162357,0.1154505360875247,8.292623058276924,3.346339096528042,0.6649174360046283,0.1050526272822669,0.2014915053503798,0.0616056869114588,0.2423000258849545,-0.1718974735589964,-0.0651180029428904,0.0801344245794333,-0.0885179010878745,0.0134461897614687,-0.0405137484687002,0.084311483779046,-0.0641579516494307,0.0274428547563308,-0.1062156360613359,0.1955819164198334,0.1326222619877611,-0.0620736631717087,-0.0286463081506523,-0.0154448401232844,2.4635488494034457,-0.0780448969216354,0.0083420001523024,0.647235024980785,-0.0018068438838248,0.1043299473657881,-0.1978120193045855,0.1360365336454315,-0.0647784023728218,-0.4847929966202886,0.0649040754512115,-0.0023522767452555,-0.2903471309521593,-0.6917274783204675,-0.0410118803712895,-0.3367087401349074,0.3783036640497391,-0.2134714549597476,-0.2173547360498783,-0.649760158461141,0.038932862063828,-0.1367207271300541,0.0155121635218427,-0.1980549502083129,-0.2143538035131026,0.128860348062237,-0.1130489060323726,-0.1027446823599977,-0.0012273527434932,-0.0429705476829506,0.0890888011013795,0.0,0.2052796668844879,-0.9814700607839776,-0.5288445804728606,0.0,0.0974874033501457,-0.1868394028368087,0.0,NORMAL_B,96.75
case03,11,W3_b01,fit_only_clip,1024,1280,2.0313370748665625,0.1161025041533443,8.762652877124774,3.2207593884444026,0.8382208655155681,0.1030772535858347,0.1830950199727321,0.0556327446201612,0.2695148937048238,0.208403776772273,-0.5889538498798166,0.0622718108041686,-0.1544727075048511,-0.1070750960091186,0.3974595069531891,0.0168566401957439,-0.0296820419640642,0.003022299344566,-0.1381172042805196,0.21534375470968,0.4834403203449489,-0.1134132468571462,-0.0001082664434489,0.0947266286537866,2.5308493509837806,-0.007556220579236,0.0903203650294325,0.790725697750546,0.4215105028557933,0.6629101723542736,-0.2705592448103411,0.1968710695680361,0.1894924267778492,0.0654909584829878,-0.3702336922743471,-0.1031866638442256,-0.0350877400214873,-0.0736238714299358,0.1588005572931707,0.1273762792172357,-0.6953046861147493,-0.1197603410642321,-0.039560910217868,-0.2748958380578228,-0.2209562008648218,-0.1982057680940948,0.2584328007614229,0.1223888342440946,0.2982943627554468,-0.1588107863084358,0.1795201562443031,-0.0561133335235263,-0.0026810467531895,-0.5422517620763957,0.0438639062706043,0.0,0.2120097221645377,-0.4375126454090951,-0.2594680443966863,0.0,0.3133390787086947,-0.5182314060089458,0.0,NORMAL_B,83.95
case03,11,W3_b01,fit_only_clip,1152,1408,2.013269995631459,0.1180411759420669,8.712488510358448,3.4776037937405944,0.7866309762302389,0.1091004215166378,0.1810122278198198,0.056672548092193,0.2539947196768973,0.1209132796304409,-0.226132456917789,0.168167107395908,-0.2390002100454973,-0.1075155599444191,0.3494920172396087,-0.0786723483162883,-0.0915408577126899,-0.0077648843070083,-0.1530584218454515,0.0732380159560579,0.4221532660291412,-0.0970879689682262,-0.0603419441570293,0.0779782936521167,2.536560014598068,-0.0569541768508272,0.1865020706285299,0.9715964647537282,0.3799260508926991,0.6028938530208452,-0.3686274835115538,0.2279809307452426,0.2259806255725263,-0.1671922308790603,-0.192812997011856,-0.0788277704238622,-0.1228442340397253,-0.3489052377947362,0.2311207371372891,-0.0532736419180495,-0.3353600091035689,-0.1296979532161176,-0.0363536068188735,-0.5705009985294489,-0.1267917626545545,-0.2711610202826657,0.1389766959439266,0.1649899667636526,0.0669314362506783,-0.0131023591282186,0.0982046591821165,0.2501064234341235,-0.2296696115278855,-0.1335469374293688,-0.1481669618249116,0.0,0.0901598133089238,-0.6627582527791694,-0.3045766485792504,0.0,0.5208019102154242,-0.5393835111324247,0.0,NORMAL_B,90.35000000000001
case03,11,W3_b01,fit_only_clip,1280,1536,2.003553796925926,0.1163028687546239,8.657544478149564,3.539504122443696,0.7106911428040164,0.1041431934354066,0.1938470481897986,0.0613618923463964,0.2470482074408142,0.2566905237843418,-0.3678644138116117,0.0390411038815525,-0.1557328111548162,-0.0690425404567252,0.2838413173789403,-0.0398298322169948,-0.1040230383597096,-0.0525951110521222,-0.1510758670809619,0.470001562528401,0.1638026796058103,-0.171781048952151,-0.0445917619593125,0.0966864518233857,2.5289662984830685,-0.0828609538376768,0.145562908402235,0.3993078471398661,0.3792384280012953,0.0309268990495959,-0.2323206907578361,0.1009701445088546,0.0433111801328632,-0.2756855081428433,-0.176772404339486,-0.1828837423175804,-0.1822645650284267,-0.9002087516911035,-0.0473595497189804,-0.1197123172821561,-0.008864556017857,-0.3670263123291066,-0.1368018959811586,-0.8749112439890001,-0.4031996204585659,-0.2796411834453367,0.2646373101921403,0.0959014813761248,-0.2050508721319299,0.1486137681065501,0.1093905845797668,-0.3804915686220743,0.3292232142523557,-0.3013229308482002,0.1317939604233089,0.0,0.5093035688739495,-0.8824380376415156,-0.6396990780988733,0.0,0.3543195886516213,-0.5513226700525306,0.0,NORMAL_B,96.75
case03,11,W1,fit_only_no_clip,1024,1280,2.071781954577336,0.1200910330742957,11.368829397714768,3.8138920605015016,1.3556551889683883,0.10584257242871,0.1661348105521506,0.0542140264846052,0.2502233083214321,-0.1289743755672475,-0.0922155981978409,0.0789409427525763,-0.1079808430321343,-0.133614660170248,0.2399945322275161,0.1090147089556947,0.1215386857886491,0.0163149521205139,-0.0113551696245995,0.3241149099297555,0.3832414835997276,0.1057346336538295,0.0721941264281039,-0.0817360832542111,2.9650879433902064,0.0174411198801427,0.1715818007298296,1.3232112524679605,0.0909674005008947,0.8058737576634506,-0.1110194732843294,0.1572040713813891,0.1204056812516184,-0.2236532051220807,-0.1090158194088038,-0.2558581773516798,-0.2434443692206463,0.2331352728673119,-0.0200048667899609,-0.1208994081907402,-0.3665110463885723,-0.087277303137746,-0.0798713778481775,-0.0964102296465624,0.1701520320865075,-0.1784101862897669,0.0141510196886213,-0.1063192802098506,-0.0272116198610597,-0.3261675021735789,0.014877412624491,0.0934721561868704,-0.2309010145406553,-0.0795156560133376,-0.168805714114658,0.0,0.3132804466801537,-0.4842206816068054,0.1035157556916335,0.0,-0.0234390685446901,-0.3270970300737721,0.0,NORMAL_B,83.95
case03,11,W1,fit_only_no_clip,1152,1408,2.056816761414525,0.115522965041943,11.215486086155984,4.096178646315027,1.2183250734114377,0.1072840898004077,0.1639784685098602,0.0551870559982187,0.252245332571531,-0.0892640729733581,0.4116898989891536,0.1707262685288793,-0.1356433871851829,-0.116303133254725,0.1721324714581968,-0.0399329443472962,0.0145338647674206,0.0542159598197896,-0.0267098771169963,0.132547862623431,0.2857850993811945,0.0274430720820281,-0.0274910943532478,-0.0371847214317783,2.9940505241420188,-0.0871755212992667,0.3094996564488836,1.5406263214702114,-0.015660092697088,0.7451200091040129,-0.2039004222270456,0.2105737597590217,0.2143975913655776,-0.4879475156759242,0.0691546986038806,-0.2629697480679838,-0.2894842182623852,-0.1346910117820368,0.0878792821448314,-0.2765616788978687,0.0337153676937978,-0.0945377008521067,-0.0588822983897036,-0.44914922436046,0.2761999791857442,-0.2311888708067084,-0.150998675732842,0.0406191033168631,-0.320195558318075,-0.1718262546962261,-0.1356043572417817,0.5894967038532325,-0.5777655926738964,0.4949843093941746,-0.407363261942641,0.0,0.1280527806976757,-0.7959953420188934,0.0651024118154665,0.0,0.2129343600218038,-0.3398807495412389,0.0,NORMAL_B,90.35000000000001
case03,11,W1,fit_only_no_clip,1280,1536,2.0506764114891145,0.1152942598303795,11.180814502511762,4.2714780511955,1.1399226085313747,0.0991693351695335,0.1677739277256534,0.0574995989552952,0.2413238809772772,-0.1089303958145921,0.2675641075967191,-0.0018186870702784,-0.0788212602675483,-0.0281824350269629,-0.0053087554476314,-0.0360965558719564,0.0482469902508972,0.0098643581789718,-0.0138671971513815,0.5788195815221513,0.0328502445829823,0.0094278834592961,0.0579178490663006,-0.0771258217544632,3.0176625543054403,-0.0314183073194917,0.2346075654867773,0.8430318831825259,0.0300932717739507,0.1666049951450439,-0.2066949885743783,0.0538140360783352,-0.1800815514007777,-0.5748943383869634,0.0703822448615223,-0.2702736849270743,-0.3955518645718155,-0.7859092086863014,-0.1746844420524718,-0.3525382965650956,0.4682420088697203,-0.2884473241842248,-0.2235705716934187,-0.7438775904742913,0.0274928374375106,-0.1927258884342844,-0.0072911669600957,-0.1474802144392379,-0.7212322235245721,0.0607980043718177,-0.0364104501304218,-0.141245437056472,0.0437821184394306,0.3244528521163184,-0.0656034767139395,0.0,0.6090493791976798,-1.02851478297353,-0.3832022143432362,0.0,0.1596963864643037,-0.3557664213202842,0.0,NORMAL_B,96.75
case03,11,W2_f0995,fit_only_no_clip,1024,1280,2.045534737964162,0.1246330236911243,8.397358144731488,3.054100905553508,0.7556276270094308,0.1021507860447999,0.1899012505141828,0.0546745045090434,0.2801173503231088,0.0583686452517348,-0.3257370256186163,0.0901495557571281,-0.0971045984653453,-0.0101950148023371,0.0879052384749119,0.1582058516819015,0.0359623365089499,0.0897628595511018,-0.0877461223325716,0.1043546406191039,0.4835516564997767,0.0179014581815611,0.0581855453394639,-0.0349833956230152,2.485487374989724,0.0234694290921548,-0.0671646668038568,1.0536058861295745,0.0385036476721979,0.7497800238421986,-0.2175642651974327,0.2721847366974168,0.0507416506178046,-0.1199127648980194,-0.1243300351362165,0.0231135324150617,-0.1043702469665341,0.0910959512759156,0.1410208243825069,-0.0896242844976907,-0.2574997967869213,0.0117826501801561,-0.1170950820325436,-0.0622939830829736,0.2120517086445429,-0.0849877172223084,-0.0245509678579814,-0.1953723560031606,0.2247634810381187,-0.1189169790273978,-0.0360719909393267,0.1817710656170115,-0.3051091534989321,-0.3171638884489391,0.0316763932136538,0.0,0.0808328146449246,-0.6078674472738087,-0.2041906891035497,0.0,0.0685742436826826,-0.1702428951178911,0.0,NORMAL_B,83.95
case03,11,W2_f0995,fit_only_no_clip,1152,1408,2.037106432562507,0.1228457524218517,8.362674072837994,3.3026413277049813,0.728089174533381,0.1098293113462878,0.1939055863968866,0.0563059011753423,0.2657222370570417,0.0686927617961973,0.0343358562336716,0.1807352732126849,-0.1662674257552373,-0.0237466166765453,0.0303493696578345,0.0727844838489282,-0.0018940651454046,0.0728483835131864,-0.0966239270308309,-0.0455112746620234,0.419653045415063,0.028361401735532,0.0163365965990915,-0.0653793445803555,2.481897397095732,-0.0103945645474296,0.0287836429235076,1.2215085118790778,-0.0097088783529537,0.6941664705528853,-0.3236020201496221,0.2959873972934354,0.10058974240639,-0.3657892712610522,0.0383923319998725,0.0698565081347511,-0.1936558683085091,-0.1500245679956264,0.2135078333707872,-0.2481294303495238,0.0662505800642475,-0.0145716572957306,-0.1317979468338963,-0.3268842794090832,0.3127327592309804,-0.1349198713311219,-0.1203121526326022,-0.1474015655258063,-0.0154816943669178,0.044327338564088,-0.1182376939877616,0.4377573969626424,-0.4881484111404446,0.0810958494072191,-0.1647222882277594,0.0,-0.0525111026495311,-0.7970640136599976,-0.2453312147317866,0.0,0.2655042371114281,-0.1897058086481518,0.0,NORMAL_B,90.35000000000001
case03,11,W2_f0995,fit_only_no_clip,1280,1536,2.0150654396162357,0.1154505360875247,8.292623058276924,3.346339096528042,0.6649174360046283,0.1050526272822669,0.2014915053503798,0.0616056869114588,0.2423000258849545,-0.1718974735589964,-0.0651180029428904,0.0801344245794333,-0.0885179010878745,0.0134461897614687,-0.0405137484687002,0.084311483779046,-0.0641579516494307,0.0274428547563308,-0.1062156360613359,0.1955819164198334,0.1326222619877611,-0.0620736631717087,-0.0286463081506523,-0.0154448401232844,2.4635488494034457,-0.0780448969216354,0.0083420001523024,0.647235024980785,-0.0018068438838248,0.1043299473657881,-0.1978120193045855,0.1360365336454315,-0.0647784023728218,-0.4847929966202886,0.0649040754512115,-0.0023522767452555,-0.2903471309521593,-0.6917274783204675,-0.0410118803712895,-0.3367087401349074,0.3783036640497391,-0.2134714549597476,-0.2173547360498783,-0.649760158461141,0.038932862063828,-0.1367207271300541,0.0155121635218427,-0.1980549502083129,-0.2143538035131026,0.128860348062237,-0.1130489060323726,-0.1027446823599977,-0.0012273527434932,-0.0429705476829506,0.0890888011013795,0.0,0.2052796668844879,-0.9814700607839776,-0.5288445804728606,0.0,0.0974874033501457,-0.1868394028368087,0.0,NORMAL_B,96.75
case03,11,W3_b01,fit_only_no_clip,1024,1280,2.0313370748665625,0.1161025041533443,8.762652877124774,3.2207593884444026,0.8382208655155681,0.1030772535858347,0.1830950199727321,0.0556327446201612,0.2695148937048238,0.208403776772273,-0.5889538498798166,0.0622718108041686,-0.1544727075048511,-0.1070750960091186,0.3974595069531891,0.0168566401957439,-0.0296820419640642,0.003022299344566,-0.1381172042805196,0.21534375470968,0.4834403203449489,-0.1134132468571462,-0.0001082664434489,0.0947266286537866,2.5308493509837806,-0.007556220579236,0.0903203650294325,0.790725697750546,0.4215105028557933,0.6629101723542736,-0.2705592448103411,0.1968710695680361,0.1894924267778492,0.0654909584829878,-0.3702336922743471,-0.1031866638442256,-0.0350877400214873,-0.0736238714299358,0.1588005572931707,0.1273762792172357,-0.6953046861147493,-0.1197603410642321,-0.039560910217868,-0.2748958380578228,-0.2209562008648218,-0.1982057680940948,0.2584328007614229,0.1223888342440946,0.2982943627554468,-0.1588107863084358,0.1795201562443031,-0.0561133335235263,-0.0026810467531895,-0.5422517620763957,0.0438639062706043,0.0,0.2120097221645377,-0.4375126454090951,-0.2594680443966863,0.0,0.3133390787086947,-0.5182314060089458,0.0,NORMAL_B,83.95
case03,11,W3_b01,fit_only_no_clip,1152,1408,2.013269995631459,0.1180411759420669,8.712488510358448,3.4776037937405944,0.7866309762302389,0.1091004215166378,0.1810122278198198,0.056672548092193,0.2539947196768973,0.1209132796304409,-0.226132456917789,0.168167107395908,-0.2390002100454973,-0.1075155599444191,0.3494920172396087,-0.0786723483162883,-0.0915408577126899,-0.0077648843070083,-0.1530584218454515,0.0732380159560579,0.4221532660291412,-0.0970879689682262,-0.0603419441570293,0.0779782936521167,2.536560014598068,-0.0569541768508272,0.1865020706285299,0.9715964647537282,0.3799260508926991,0.6028938530208452,-0.3686274835115538,0.2279809307452426,0.2259806255725263,-0.1671922308790603,-0.192812997011856,-0.0788277704238622,-0.1228442340397253,-0.3489052377947362,0.2311207371372891,-0.0532736419180495,-0.3353600091035689,-0.1296979532161176,-0.0363536068188735,-0.5705009985294489,-0.1267917626545545,-0.2711610202826657,0.1389766959439266,0.1649899667636526,0.0669314362506783,-0.0131023591282186,0.0982046591821165,0.2501064234341235,-0.2296696115278855,-0.1335469374293688,-0.1481669618249116,0.0,0.0901598133089238,-0.6627582527791694,-0.3045766485792504,0.0,0.5208019102154242,-0.5393835111324247,0.0,NORMAL_B,90.35000000000001
case03,11,W3_b01,fit_only_no_clip,1280,1536,2.003553796925926,0.1163028687546239,8.657544478149564,3.539504122443696,0.7106911428040164,0.1041431934354066,0.1938470481897986,0.0613618923463964,0.2470482074408142,0.2566905237843418,-0.3678644138116117,0.0390411038815525,-0.1557328111548162,-0.0690425404567252,0.2838413173789403,-0.0398298322169948,-0.1040230383597096,-0.0525951110521222,-0.1510758670809619,0.470001562528401,0.1638026796058103,-0.171781048952151,-0.0445917619593125,0.0966864518233857,2.5289662984830685,-0.0828609538376768,0.145562908402235,0.3993078471398661,0.3792384280012953,0.0309268990495959,-0.2323206907578361,0.1009701445088546,0.0433111801328632,-0.2756855081428433,-0.176772404339486,-0.1828837423175804,-0.1822645650284267,-0.9002087516911035,-0.0473595497189804,-0.1197123172821561,-0.008864556017857,-0.3670263123291066,-0.1368018959811586,-0.8749112439890001,-0.4031996204585659,-0.2796411834453367,0.2646373101921403,0.0959014813761248,-0.2050508721319299,0.1486137681065501,0.1093905845797668,-0.3804915686220743,0.3292232142523557,-0.3013229308482002,0.1317939604233089,0.0,0.5093035688739495,-0.8824380376415156,-0.6396990780988733,0.0,0.3543195886516213,-0.5513226700525306,0.0,NORMAL_B,96.75
case03,22,W1,step2e_regression_clip,1024,1280,2.0492313488333407,0.1134746523068173,11.342357370355746,3.4774703749689344,1.3602905198538502,0.0965167429640005,0.1720611307311136,0.0575017044046305,0.2387825218620625,0.0417628830216819,-0.318734636190898,0.002043767792745,-0.0234934402890591,0.0194583739853125,-0.0208387520128078,0.2498640990036606,0.3052326607808483,0.0186198590464219,-0.0851981210568278,0.6878963358571838,0.2709848717791602,-0.011131677870408,0.3250327276513044,-0.0309871307782245,2.706423231771279,0.2603979754622575,-0.0541506508622709,1.2009986203102183,-0.0679737573607154,0.7372903184481175,-0.2051103131179426,0.1754714929447243,-0.045175369772259,-0.097359611558668,0.0973742401666422,-0.2693345680570124,-0.0283126611980605,0.1179831832191106,0.0541709893694875,-0.0892196101087575,-0.1730152753581221,-0.0146763952399499,-0.025709885495803,-0.2542765834788083,0.0580646554353349,-0.037808329444254,0.0299039160143588,-0.0273775377310853,0.0210643605153236,-0.1012530005820606,-0.1840755524428408,-0.0561318077853164,-0.0825395998613575,-0.3488077593340021,0.0843086131167392,0.0,0.6383058197513322,-0.7860126451889397,-0.2046094708627061,0.0,0.0200199781065928,-0.0401392913982976,0.0,NORMAL_B,83.95
case03,22,W1,step2e_regression_clip,1152,1408,2.044683754413128,0.1141390834909603,11.342173138936175,3.919122647159584,1.262134065012758,0.1009552379590102,0.1716194278419761,0.0562078383881864,0.2359991220362403,0.0194532243260944,0.1276472870066215,0.0438148096645849,-0.0988766341115061,-0.0176875326009806,-0.0444106821128853,0.136580743441614,0.2500403449205921,0.0364241987737585,-0.0283426690421357,0.5602801284250116,0.2946478899467717,-0.0623157825688094,0.300013878198241,-0.0695977744357016,2.7437499077885783,0.2192407845065502,0.0012571102939916,1.527599087231254,-0.0430974168317324,0.6626983707469359,-0.2387733871851362,0.2130934954329428,-0.0052620190828894,-0.339470138429176,0.3484397815858131,-0.2545856237013854,-0.1919459551023452,-0.2484069351787977,0.0619768960625024,-0.3236818708808011,0.2395033159004946,-0.0907965217497418,-0.0853017241737127,-0.5919917426781117,0.057759052897477,-0.0890166127598871,-0.1326192441690082,-0.0218125391482778,-0.3048717887614941,0.1006770686812349,-0.3218631449018377,0.2540779160764517,-0.2724620251730411,0.2207950397833144,-0.2801894356302229,0.0,0.5412360515339595,-1.2546700325585445,-0.2443932673717377,0.0,0.279731876787876,-0.1163754081232866,0.0,NORMAL_B,90.35000000000001
case03,22,W1,step2e_regression_clip,1280,1536,2.0393939042638665,0.1255580580964172,11.243435692621585,4.03764578020368,1.1905972702289995,0.0996849573724653,0.175387026066567,0.0618800959043471,0.2310650557072616,0.2509720583322606,-0.0214806044982103,0.0226248036996988,0.0058718054456006,0.0505149409501799,-0.1014052691977206,0.2130546608160881,0.3084147300995765,-0.0090991068804282,-0.017094504357439,0.8601903116516331,-0.0209994828794711,-0.0964247807353904,0.3638213030389708,0.0311096410298963,2.7520179049456845,0.3037940811891468,-0.0557093140956713,0.6782479206603496,-0.071916554762596,0.0736533063404481,-0.3060433682882583,0.0321045617315519,-0.2719216487801322,-0.4151429606818419,0.3209062635303741,-0.1702964198299587,-0.355750163488621,-0.9184229382562112,-0.1204863402861499,-0.2982445787559347,0.4512763213175065,-0.3002340545148488,-0.3008947559919596,-0.9163805929970912,-0.320227738843255,-0.0397644158174091,-0.0039329034664269,-0.1154457303595803,-0.7221808005990737,0.2071334327416004,-0.2425542470954718,-0.4442214557952795,0.3476631962652604,-0.024897217999348,0.2204428309457679,0.0,0.9003506173404169,-1.2960287400789965,-0.593088674658415,0.0,0.2022397388921296,-0.0939199055487806,0.0,NORMAL_B,96.75
case03,22,W2_f0995,step2e_regression_clip,1024,1280,2.033099806739333,0.1221084420307342,8.396259925525712,3.0529258271759026,0.7304204176421552,0.1021973135483743,0.1958229640608729,0.0560096157453573,0.2675846290447942,0.0279751354751823,-0.3366807213420619,0.0883202750585641,-0.092918440828407,0.001987913751624,0.0810851714324586,0.1644138478022021,0.036337491023309,0.0894280570640669,-0.0905212462492273,0.1166350307817115,0.4866446425020213,0.0113935422093492,0.0630163699618666,-0.0347652023638915,2.483332734096824,0.0257574589837182,-0.0755379636643837,1.056973350752687,0.0325790063097667,0.7423434479487515,-0.2193674050661465,0.2732686027025456,0.0552643065275822,-0.1191310833784833,-0.1233612693511491,0.0258174058717633,-0.1009191076683752,0.0824822161031014,0.1438794077648434,-0.0918407923057442,-0.2507274219729569,0.0174331050683045,-0.1217379013829555,-0.0649439656294535,0.2099663711225264,-0.0827426061541339,-0.0224220667163375,-0.1968295704197119,0.2256215289009912,-0.1116414772791506,-0.043009259411867,0.1773763784546551,-0.3014124032026029,-0.3296538966434822,0.0442845128508573,0.0,0.094070774794642,-0.6166056584181959,-0.2112071088469835,0.0,0.0670429010725922,-0.1632988583143585,0.0,NORMAL_B,83.95
case03,22,W2_f0995,step2e_regression_clip,1152,1408,2.02494897447163,0.1206026235354342,8.361471821604749,3.302089035107867,0.715364374045822,0.1100125133810082,0.1993194814529192,0.0575983855354742,0.2557990156564715,0.0200258082154526,0.0227903160176683,0.1772750960556303,-0.16153896804581,-0.0121110376711449,0.022825732746699,0.0802972547001112,0.0006395438891869,0.0717727169069603,-0.098275204488732,-0.0303268497428353,0.4240647092440958,0.0213818197352927,0.0231337978022495,-0.0661150894913166,2.4794528774994733,-0.0064055431072809,0.0202877659925618,1.2258334897408385,-0.0167085836966673,0.6874903224326225,-0.3244245793841006,0.2974864552169754,0.1051758082254618,-0.3653363881835771,0.0402594193839343,0.0713897046711114,-0.189960496655861,-0.1588421068459133,0.215016171829756,-0.2504584030795893,0.0719993030309904,-0.0097647997520649,-0.1366707389408832,-0.3290939944214537,0.3100742377928078,-0.1326670518406874,-0.1181783573565319,-0.1482472742581108,-0.015858042022044,0.0524860402927269,-0.1261277922399655,0.43229325019532,-0.48261857026911,0.0677047120948142,-0.153550763477146,0.0,-0.036400060550062,-0.8047533839021205,-0.2523553049977597,0.0,0.2630579942478048,-0.1836444411317572,0.0,NORMAL_B,90.35000000000001
case03,22,W2_f0995,step2e_regression_clip,1280,1536,2.0063965243427795,0.1155170234078601,8.291073343927478,3.3471052958381358,0.6644405663994281,0.1051396192954195,0.2053639522245633,0.0626537204880902,0.244597591863699,-0.1908445975565877,-0.0779726007644855,0.0783066506327733,-0.0841981283565095,0.025111682605005,-0.0481219444827583,0.0909579899291243,-0.064588475846655,0.0261657826962585,-0.108316968363858,0.2056090836206877,0.1335774918048866,-0.0705329888273931,-0.025347904534815,-0.0156709074086221,2.460742903387145,-0.0765421040552405,-0.0004435711153992,0.6489692812317334,-0.0070283496016569,0.0958853306480788,-0.2001797864882773,0.1347664008903814,-0.059860315518125,-0.4850143647854519,0.0671813423516702,0.0015734136337401,-0.2894339892705884,-0.7023972005460499,-0.0389743443113351,-0.3396923612152647,0.384306316683182,-0.2065256448374993,-0.223290232059279,-0.6514566144223264,0.0351227850128148,-0.1347585394290022,0.0193791007328703,-0.2004877972584821,-0.2119042760367658,0.1347623310355377,-0.121542635693587,-0.1092497423753719,0.0048962816134563,-0.0578302628423388,0.1021157470046673,0.0,0.2163995306589371,-0.9882364054153118,-0.535270722699276,0.0,0.0946692728930688,-0.1798321573625129,0.0,NORMAL_B,96.75
case03,22,W3_b01,step2e_regression_clip,1024,1280,2.015053639980125,0.1169876586892478,8.722652546086774,3.144557575273538,0.8071001615774266,0.1037210416855159,0.1862226477901056,0.0561652048614493,0.2590068258365785,0.2658298659007294,-0.596546553176152,0.1414668810183282,-0.2065397762635331,-0.093726057481091,0.3849116218457365,0.0413831297228052,-0.2701769738750104,-0.0286394502825896,-0.1652352798926976,0.1164715162982768,0.4078880852635862,-0.2225206032772541,-0.1904904891479004,0.1250725068406365,2.483582866068094,-0.1942960781860115,0.0193811795954064,0.8323353413188009,0.4791157063906434,0.5432250177278101,-0.2842322807871307,0.1561436720928546,0.1840520854459097,0.0415880701840089,-0.336645425097705,-0.0490346232539675,-0.0413109922526138,-0.1836247712759025,0.2119238825227166,0.0652786990283116,-0.6532747334307587,-0.1233472952510583,-0.0558159101524238,-0.3159674715582762,-0.205519430159657,-0.2175784273844448,0.2051497934433132,0.1405863310318609,0.4337202058173794,-0.1724987883251486,0.1223824882528834,0.0359090763327402,-0.1044469873262263,-0.5573186498239364,0.0868612703979468,0.0,0.1185442875404849,-0.5159646627052661,-0.2964244503762452,0.0,0.2771107969273115,-0.4660808109372916,0.0,NORMAL_B,83.95
case03,22,W3_b01,step2e_regression_clip,1152,1408,1.999480589692863,0.1170955027740037,8.676769851734331,3.420889124955838,0.7700494454385023,0.110572315931798,0.1845180009103868,0.0570100747582912,0.2440876516410386,0.1826466347164676,-0.2349319303203512,0.2245091264204633,-0.2864282603630328,-0.1151086651374938,0.3219236128939687,-0.0344709297199524,-0.3121478056023087,-0.0499840614552322,-0.1707236092086559,0.0206110493190543,0.3629486644223428,-0.2151724111868887,-0.2342406490587129,0.0909663633939514,2.4866707388460574,-0.228101865262072,0.1152289642805476,1.0194052932230748,0.430277669811788,0.4759519092868608,-0.3712785003623463,0.1875768265709138,0.2188072493071794,-0.1913667240282987,-0.1494482699112936,-0.0409178717496254,-0.1240780836520659,-0.4648821677150236,0.2659586682369986,-0.1112060915919214,-0.3032719587631156,-0.153016249639073,-0.0558769500499036,-0.6130152497622864,-0.1142658472208236,-0.2902552763974229,0.0964047277067036,0.1902157196073839,0.1829632088471931,-0.0391821862996142,0.0346553148166345,0.3298248591199391,-0.3116540875389801,-0.1538440586830538,-0.1327623083104033,0.0,0.0433114379712917,-0.7258386197070735,-0.3374954407993643,0.0,0.4719340871722328,-0.4942403905360836,0.0,NORMAL_B,90.35000000000001
case03,22,W3_b01,step2e_regression_clip,1280,1536,1.990821279815556,0.1151492170786523,8.615812519163306,3.490896804427867,0.7052025501352761,0.1059356916446747,0.1904176010645077,0.0618510897148104,0.2462958804103363,0.2991762635756355,-0.3647839875227832,0.1040831171570309,-0.2022804808609315,-0.0687840267060674,0.2647510233340028,-0.0069302619155113,-0.3321351128163907,-0.0994562520484008,-0.1732069334981867,0.3303530079832605,0.0621826725842621,-0.3077100580541425,-0.2388024632852493,0.1102282583552707,2.465977281821888,-0.2561400049938948,0.077937382471286,0.4023832313676944,0.4324542322434366,-0.0965612725627157,-0.2605161843800974,0.0366827037275921,0.037566495538824,-0.3124403288473016,-0.1234657287954959,-0.1213829031127784,-0.242654204676364,-1.0186025010751814,0.002816150367436,-0.1689575371340227,0.0102806692359697,-0.3539793399806175,-0.1669814776694561,-0.8931354284535046,-0.3959860640028962,-0.2819230567328621,0.2357077477066135,0.108276098168243,-0.0728518084054349,0.1108037823144842,0.0599220044835299,-0.3126975640355408,0.2527513522699885,-0.313695467476174,0.1698634505763519,0.0,0.3795331630928951,-0.913619368826984,-0.6760009971469905,0.0,0.2956025597747196,-0.4796764335133401,0.0,NORMAL_B,96.75
case03,22,W1,fit_only_clip,1024,1280,2.058482567764366,0.1152502094273119,11.227777820109926,3.405496165576641,1.3571167582957635,0.0957561388590073,0.1687386230594004,0.0564036187299375,0.2483911910673883,0.0431706993212271,-0.3366939819976914,-0.0040669119452384,-0.0252137191721196,0.0220485353452685,-0.0100116203562612,0.2487992844920457,0.2701457422199649,0.016384691194526,-0.0877931688745872,0.697877175738904,0.2354574983711899,0.0074534395764926,0.2842951617351933,-0.0222523710108389,2.672320200018824,0.2227925515275015,-0.0407187562351581,1.1358663392426915,-0.0808415799279392,0.7146969630364247,-0.2302313743628054,0.1567283786540162,-0.0310275046107941,-0.0771022304673208,0.0681032822443714,-0.2663526111773635,-0.0396130868280331,0.133776619957678,0.0594047551931105,-0.0925632392749591,-0.2096934852325164,0.0025558595692905,-0.0519856075935676,-0.2507768550744835,0.0413953067528408,-0.0396497574622902,0.0392771830161079,0.0090634703665941,-0.0003798904584038,-0.1560061410325505,-0.1586824982225928,0.0496723881204692,-0.15427302255208,-0.3657782883531622,0.0868615611517858,0.0,0.650850099461649,-0.6942417364165022,-0.1810644183287479,0.0,0.0268201194865421,-0.0373316919781178,0.0,NORMAL_B,83.95
case03,22,W1,fit_only_clip,1152,1408,2.0536548665351253,0.1155367079243719,11.215934536377258,3.846841401520495,1.245196408846626,0.1000674104001444,0.1685220677583591,0.0554919233484721,0.2445758439819534,0.0257370011463532,0.125727821818646,0.0606480401403859,-0.0856747974937428,-0.0069507656769264,-0.0322503816038306,0.1229240948765543,0.2402902901626743,0.0314454531831829,-0.0369875870079203,0.5912322597076494,0.2648267323175586,-0.0576411313491821,0.2758745710425833,-0.0898930906618836,2.72014710714518,0.2025680130946942,0.0036115052963613,1.4555854693256047,-0.0447314878076051,0.6340555941805576,-0.280550144116189,0.1828505469472689,0.0161587793600073,-0.3008473191261248,0.3216351286844908,-0.2582595457321416,-0.1846655640086405,-0.209656895416948,0.064005139668087,-0.3233629470509334,0.2197212951025861,-0.0820639953706939,-0.0947519147355492,-0.5787719736570621,0.0542202504791504,-0.0783611924082527,-0.1280963219533555,0.0259616735196041,-0.308340897301031,0.0432350022109637,-0.2830586904274563,0.364354960669825,-0.3475754046821911,0.2151982801730349,-0.2480985222612368,0.0,0.572253832323522,-1.1276478588259629,-0.2285630830357593,0.0,0.2943284185586003,-0.1333646618420945,0.0,NORMAL_B,90.35000000000001
case03,22,W1,fit_only_clip,1280,1536,2.048307913085076,0.12404869659729,11.117701091334288,3.940394604985096,1.176115462498475,0.0990972675867268,0.1722384247322918,0.060899852614847,0.2343102660096854,0.2709925159341532,0.0042967396412328,0.0237260442599914,0.0250549165390774,0.0572048079869979,-0.0974141768732497,0.1915814065942174,0.2895726352324047,-0.0258773621564141,-0.0119334481448697,0.8901826826803536,-0.030029470023742,-0.1087908554651407,0.3349103201245608,0.0189497200533671,2.7288416893952308,0.2730857710038751,-0.0660520698037794,0.6753224647253854,-0.072532364505142,0.0599932550561831,-0.3251741160974951,-0.0027354321823987,-0.2745227699598744,-0.4027166235535926,0.306984250405687,-0.1777528812532408,-0.3446566411546692,-0.9125273836190794,-0.1358370654898922,-0.2882574177882085,0.4238994660589515,-0.2960536419430071,-0.3003469609275357,-0.8862397568955295,-0.3096275456947351,-0.0346381053228901,-0.0123169513408932,-0.1017476834920867,-0.7362813054804063,0.1827194566213885,-0.2250981819458271,-0.3740580212237147,0.3068793716050748,-0.0059749957181647,0.2130350209308063,0.0,0.9232407505946192,-1.193081044232097,-0.5754797632292221,0.0,0.2046030165632317,-0.1099167610902903,0.0,NORMAL_B,96.75
case03,22,W2_f0995,fit_only_clip,1024,1280,2.0455820596207634,0.1243761315872028,8.396527782040994,3.0529826262803668,0.7557776122863542,0.1021902199327526,0.1899190968019117,0.0546200953697275,0.2804156890450056,0.051248470955362,-0.3360003176181426,0.0887562657932507,-0.093420630558458,0.0014964509085857,0.0814149580339431,0.1647697271179793,0.0360937198066176,0.0893071515872336,-0.0899534279658179,0.1163071052498449,0.4859156189509785,0.0117112749100672,0.062761310439228,-0.0343287534765127,2.4833529839134183,0.0256739742127835,-0.0754964543911226,1.0562162749495616,0.0331787946468594,0.7419036401702837,-0.2203317653868957,0.2726463328346691,0.0546684788811713,-0.1186545614579693,-0.1232548980811324,0.026475054694151,-0.1003778910635544,0.082443046519124,0.1440102938595058,-0.0923134476923288,-0.2504755882818868,0.0177160381751043,-0.1215921773889363,-0.0656462971435015,0.2100989985197643,-0.0828414375635074,-0.0220074857118426,-0.1963658688175628,0.2259977351438889,-0.1129134375464758,-0.0432996876428602,0.1794782759224504,-0.302983574868462,-0.3290916894792315,0.0444235449534302,0.0,0.0937427623038742,-0.6153097623287667,-0.2103106337950823,0.0,0.0678784219044791,-0.1630770355142616,0.0,NORMAL_B,83.95
case03,22,W2_f0995,fit_only_clip,1152,1408,2.036986019598907,0.1226605362358213,8.361763684469025,3.3022007192812817,0.7285318169133066,0.1100068523132052,0.1936644081225147,0.056225200361835,0.265813364669347,0.0426674809382205,0.0237032269537351,0.1777999914930964,-0.1621783707100879,-0.0126626322781205,0.0232196005928337,0.080734881076677,0.000322729947651,0.0716110218038194,-0.0976492623743129,-0.0307458627756287,0.4231370261466497,0.0217412013575561,0.0227918524624347,-0.0656762515113672,2.4794614684945167,-0.0065460320244132,0.020341488823703,1.225023948724291,-0.0160283782988425,0.6871100614645443,-0.3257137558287633,0.2967701402582446,0.1044374277310956,-0.3647636791609135,0.0403606968940728,0.0722873514113094,-0.1893950702108686,-0.1588698412534812,0.2152740238295732,-0.2509224752373977,0.0722738474797385,-0.009339617746005,-0.1366932699948348,-0.3298173057347806,0.3103490062625856,-0.1327424690590884,-0.1176013523968752,-0.1477042411729823,-0.0155405800072633,0.0511666283304751,-0.1264414046473315,0.4348588763380887,-0.4845741754922494,0.068493032421579,-0.1533890439728706,0.0,-0.036831327238351,-0.8030583806745939,-0.2512513351721265,0.0,0.2640622563726733,-0.1833054571634605,0.0,NORMAL_B,90.35000000000001
case03,22,W2_f0995,fit_only_clip,1280,1536,2.015133620424826,0.1153117084102837,8.29119698812013,3.346959331354685,0.6641393878644135,0.1051173371394302,0.2013375931737656,0.0615816213199611,0.2420604599593564,-0.1753176385095777,-0.077082092764787,0.0784606213874212,-0.0847460630128651,0.0246129386047921,-0.0475526545418532,0.0912951212825674,-0.0647306637198038,0.0260377526873001,-0.1077197409227338,0.2058460317600186,0.1328483792068772,-0.070266757812041,-0.0254627754623727,-0.0152182428297026,2.460847355189243,-0.0765487260215652,-0.0003495956710549,0.648320501622641,-0.0064935072726886,0.0956205296603429,-0.2008811373685445,0.1340627210438994,-0.0605754072010441,-0.4844738582831139,0.0672053578262608,0.0018554731831734,-0.2889149865450767,-0.7023304053329112,-0.0388782249872492,-0.3398820765532105,0.3843716018510552,-0.2063788260488561,-0.2229513040527836,-0.6521453144483967,0.035140439048047,-0.1349765748554682,0.0197871400527167,-0.1996188117057868,-0.2120686142046471,0.1337538381174222,-0.121576559435906,-0.1074393789237633,0.0036076139974009,-0.0570364692492725,0.1021275631797878,0.0,0.2166522873420112,-0.9867423676490216,-0.5342241835436458,0.0,0.0953914721296386,-0.1796299233066844,0.0,NORMAL_B,96.75
case03,22,W3_b01,fit_only_clip,1024,1280,2.0273814388838822,0.1186458439969511,8.729777585759809,3.155439895338957,0.8376747709443213,0.1040267523240275,0.1813988795694023,0.0549808227397334,0.2678213974484149,0.2443268815989734,-0.5905042442516492,0.1410542315523966,-0.2094141964622291,-0.096002394398354,0.3926190641082898,0.0458946377907931,-0.2675772797154774,-0.0319049158201368,-0.1653653835410349,0.129209583793203,0.412223839654523,-0.2192195529996281,-0.1886145067469591,0.1276485373010149,2.4842276503195606,-0.1924795031371403,0.0189320407924829,0.8430049986983349,0.4800136896619196,0.5566425662093586,-0.291453718383946,0.1609244907560985,0.184991847463077,0.0443192648141118,-0.3388091825956362,-0.0462467726615013,-0.0414630318735416,-0.1822919334090527,0.2138902301885954,0.0604022433668975,-0.64959268971443,-0.1176153485237714,-0.0621531409126761,-0.3199191015378913,-0.2030854927412314,-0.2181278578909013,0.2043300077430302,0.1441225153246353,0.4303383359462693,-0.1673516679244535,0.1225535200972989,0.0482581184813127,-0.1129861706196312,-0.5510710296795412,0.0848419307280935,0.0,0.1307205728279503,-0.5135475490957864,-0.2976563462585567,0.0,0.2813803747729079,-0.4671787614083496,0.0,NORMAL_B,83.95
case03,22,W3_b01,fit_only_clip,1152,1408,2.0117795692958853,0.1189951902196979,8.685940250552523,3.4369295878761585,0.7856945349659893,0.1106355015730126,0.1803629997870203,0.0558549779953846,0.2515747063898232,0.1600321997132562,-0.2278944640137403,0.2236020147154069,-0.2901482553600009,-0.1175006715535786,0.3310664222744622,-0.0289839652263825,-0.3105963366137553,-0.0543145811608502,-0.1700908003345902,0.033085195585975,0.3671201593268195,-0.212468332794315,-0.2334604720930569,0.0934525657899233,2.488830583982063,-0.2271136677894301,0.1141700948862516,1.032335767198122,0.4315571150348312,0.4917864472437073,-0.3815060718201059,0.192250924865259,0.2186712266357433,-0.188060936542307,-0.1528392474163862,-0.0365387414139933,-0.1242410633231829,-0.4630304349707693,0.2698631772746312,-0.115670645959871,-0.3008306442251613,-0.1464881460129236,-0.0633926755711655,-0.6161730573487272,-0.1106734228503543,-0.2900631175187169,0.0966256253461682,0.1938701193308787,0.178040973461553,-0.0306660595238353,0.0358995843188072,0.3439238155432201,-0.321611026335812,-0.1463510109707005,-0.1340333945601473,0.0,0.0552297677790801,-0.719846877457692,-0.3373282086912101,0.0,0.4773489404802966,-0.4947571628684821,0.0,NORMAL_B,90.35000000000001
case03,22,W3_b01,fit_only_clip,1280,1536,2.000631245783887,0.1153657729355207,8.624560027840918,3.5065744867002437,0.7055336759421779,0.1057717388604119,0.187542981102598,0.0609356945610107,0.2489849777733795,0.2853215846465122,-0.359196481992784,0.1000115287931331,-0.2066643265368078,-0.0712293072212991,0.275108653799275,-0.0028591369503507,-0.3314368822054251,-0.1028675452422659,-0.1738940981249078,0.3552116392366828,0.0703591658624072,-0.3066825120459462,-0.237421618116633,0.1136128059610257,2.470914132055385,-0.256152505685282,0.07632869814468,0.4240190629190329,0.433470111162322,-0.0777681732187802,-0.2659170341476453,0.0424815606353084,0.03653970030342,-0.3113062315844692,-0.1280902284549755,-0.1241247693572479,-0.2426671682098691,-1.0199773701782548,0.0060154513141152,-0.1714666288923179,0.0119418047045978,-0.3507348321022758,-0.1716605171140466,-0.8990948132875797,-0.3937231651881953,-0.2846927893882916,0.23825312697111,0.1126443699314476,-0.0836973575314439,0.116135094386215,0.0622846376430892,-0.3062436472322203,0.2473462950801735,-0.3077407676262511,0.1695719452393214,0.0,0.4042262881067893,-0.9161192585669884,-0.6768141018961439,0.0,0.3004991997319426,-0.4826647040039552,0.0,NORMAL_B,96.75
case03,22,W1,fit_only_no_clip,1024,1280,2.058482567764366,0.1152502094273119,11.227777820109926,3.405496165576641,1.3571167582957635,0.0957561388590073,0.1687386230594004,0.0564036187299375,0.2483911910673883,0.0431706993212271,-0.3366939819976914,-0.0040669119452384,-0.0252137191721196,0.0220485353452685,-0.0100116203562612,0.2487992844920457,0.2701457422199649,0.016384691194526,-0.0877931688745872,0.697877175738904,0.2354574983711899,0.0074534395764926,0.2842951617351933,-0.0222523710108389,2.672320200018824,0.2227925515275015,-0.0407187562351581,1.1358663392426915,-0.0808415799279392,0.7146969630364247,-0.2302313743628054,0.1567283786540162,-0.0310275046107941,-0.0771022304673208,0.0681032822443714,-0.2663526111773635,-0.0396130868280331,0.133776619957678,0.0594047551931105,-0.0925632392749591,-0.2096934852325164,0.0025558595692905,-0.0519856075935676,-0.2507768550744835,0.0413953067528408,-0.0396497574622902,0.0392771830161079,0.0090634703665941,-0.0003798904584038,-0.1560061410325505,-0.1586824982225928,0.0496723881204692,-0.15427302255208,-0.3657782883531622,0.0868615611517858,0.0,0.650850099461649,-0.6942417364165022,-0.1810644183287479,0.0,0.0268201194865421,-0.0373316919781178,0.0,NORMAL_B,83.95
case03,22,W1,fit_only_no_clip,1152,1408,2.0536548665351253,0.1155367079243719,11.215934536377258,3.846841401520495,1.245196408846626,0.1000674104001444,0.1685220677583591,0.0554919233484721,0.2445758439819534,0.0257370011463532,0.125727821818646,0.0606480401403859,-0.0856747974937428,-0.0069507656769264,-0.0322503816038306,0.1229240948765543,0.2402902901626743,0.0314454531831829,-0.0369875870079203,0.5912322597076494,0.2648267323175586,-0.0576411313491821,0.2758745710425833,-0.0898930906618836,2.72014710714518,0.2025680130946942,0.0036115052963613,1.4555854693256047,-0.0447314878076051,0.6340555941805576,-0.280550144116189,0.1828505469472689,0.0161587793600073,-0.3008473191261248,0.3216351286844908,-0.2582595457321416,-0.1846655640086405,-0.209656895416948,0.064005139668087,-0.3233629470509334,0.2197212951025861,-0.0820639953706939,-0.0947519147355492,-0.5787719736570621,0.0542202504791504,-0.0783611924082527,-0.1280963219533555,0.0259616735196041,-0.308340897301031,0.0432350022109637,-0.2830586904274563,0.364354960669825,-0.3475754046821911,0.2151982801730349,-0.2480985222612368,0.0,0.572253832323522,-1.1276478588259629,-0.2285630830357593,0.0,0.2943284185586003,-0.1333646618420945,0.0,NORMAL_B,90.35000000000001
case03,22,W1,fit_only_no_clip,1280,1536,2.048307913085076,0.12404869659729,11.117701091334288,3.940394604985096,1.176115462498475,0.0990972675867268,0.1722384247322918,0.060899852614847,0.2343102660096854,0.2709925159341532,0.0042967396412328,0.0237260442599914,0.0250549165390774,0.0572048079869979,-0.0974141768732497,0.1915814065942174,0.2895726352324047,-0.0258773621564141,-0.0119334481448697,0.8901826826803536,-0.030029470023742,-0.1087908554651407,0.3349103201245608,0.0189497200533671,2.7288416893952308,0.2730857710038751,-0.0660520698037794,0.6753224647253854,-0.072532364505142,0.0599932550561831,-0.3251741160974951,-0.0027354321823987,-0.2745227699598744,-0.4027166235535926,0.306984250405687,-0.1777528812532408,-0.3446566411546692,-0.9125273836190794,-0.1358370654898922,-0.2882574177882085,0.4238994660589515,-0.2960536419430071,-0.3003469609275357,-0.8862397568955295,-0.3096275456947351,-0.0346381053228901,-0.0123169513408932,-0.1017476834920867,-0.7362813054804063,0.1827194566213885,-0.2250981819458271,-0.3740580212237147,0.3068793716050748,-0.0059749957181647,0.2130350209308063,0.0,0.9232407505946192,-1.193081044232097,-0.5754797632292221,0.0,0.2046030165632317,-0.1099167610902903,0.0,NORMAL_B,96.75
case03,22,W2_f0995,fit_only_no_clip,1024,1280,2.0455820596207634,0.1243761315872028,8.396527782040994,3.0529826262803668,0.7557776122863542,0.1021902199327526,0.1899190968019117,0.0546200953697275,0.2804156890450056,0.051248470955362,-0.3360003176181426,0.0887562657932507,-0.093420630558458,0.0014964509085857,0.0814149580339431,0.1647697271179793,0.0360937198066176,0.0893071515872336,-0.0899534279658179,0.1163071052498449,0.4859156189509785,0.0117112749100672,0.062761310439228,-0.0343287534765127,2.4833529839134183,0.0256739742127835,-0.0754964543911226,1.0562162749495616,0.0331787946468594,0.7419036401702837,-0.2203317653868957,0.2726463328346691,0.0546684788811713,-0.1186545614579693,-0.1232548980811324,0.026475054694151,-0.1003778910635544,0.082443046519124,0.1440102938595058,-0.0923134476923288,-0.2504755882818868,0.0177160381751043,-0.1215921773889363,-0.0656462971435015,0.2100989985197643,-0.0828414375635074,-0.0220074857118426,-0.1963658688175628,0.2259977351438889,-0.1129134375464758,-0.0432996876428602,0.1794782759224504,-0.302983574868462,-0.3290916894792315,0.0444235449534302,0.0,0.0937427623038742,-0.6153097623287667,-0.2103106337950823,0.0,0.0678784219044791,-0.1630770355142616,0.0,NORMAL_B,83.95
case03,22,W2_f0995,fit_only_no_clip,1152,1408,2.036986019598907,0.1226605362358213,8.361763684469025,3.3022007192812817,0.7285318169133066,0.1100068523132052,0.1936644081225147,0.056225200361835,0.265813364669347,0.0426674809382205,0.0237032269537351,0.1777999914930964,-0.1621783707100879,-0.0126626322781205,0.0232196005928337,0.080734881076677,0.000322729947651,0.0716110218038194,-0.0976492623743129,-0.0307458627756287,0.4231370261466497,0.0217412013575561,0.0227918524624347,-0.0656762515113672,2.4794614684945167,-0.0065460320244132,0.020341488823703,1.225023948724291,-0.0160283782988425,0.6871100614645443,-0.3257137558287633,0.2967701402582446,0.1044374277310956,-0.3647636791609135,0.0403606968940728,0.0722873514113094,-0.1893950702108686,-0.1588698412534812,0.2152740238295732,-0.2509224752373977,0.0722738474797385,-0.009339617746005,-0.1366932699948348,-0.3298173057347806,0.3103490062625856,-0.1327424690590884,-0.1176013523968752,-0.1477042411729823,-0.0155405800072633,0.0511666283304751,-0.1264414046473315,0.4348588763380887,-0.4845741754922494,0.068493032421579,-0.1533890439728706,0.0,-0.036831327238351,-0.8030583806745939,-0.2512513351721265,0.0,0.2640622563726733,-0.1833054571634605,0.0,NORMAL_B,90.35000000000001
case03,22,W2_f0995,fit_only_no_clip,1280,1536,2.015133620424826,0.1153117084102837,8.29119698812013,3.346959331354685,0.6641393878644135,0.1051173371394302,0.2013375931737656,0.0615816213199611,0.2420604599593564,-0.1753176385095777,-0.077082092764787,0.0784606213874212,-0.0847460630128651,0.0246129386047921,-0.0475526545418532,0.0912951212825674,-0.0647306637198038,0.0260377526873001,-0.1077197409227338,0.2058460317600186,0.1328483792068772,-0.070266757812041,-0.0254627754623727,-0.0152182428297026,2.460847355189243,-0.0765487260215652,-0.0003495956710549,0.648320501622641,-0.0064935072726886,0.0956205296603429,-0.2008811373685445,0.1340627210438994,-0.0605754072010441,-0.4844738582831139,0.0672053578262608,0.0018554731831734,-0.2889149865450767,-0.7023304053329112,-0.0388782249872492,-0.3398820765532105,0.3843716018510552,-0.2063788260488561,-0.2229513040527836,-0.6521453144483967,0.035140439048047,-0.1349765748554682,0.0197871400527167,-0.1996188117057868,-0.2120686142046471,0.1337538381174222,-0.121576559435906,-0.1074393789237633,0.0036076139974009,-0.0570364692492725,0.1021275631797878,0.0,0.2166522873420112,-0.9867423676490216,-0.5342241835436458,0.0,0.0953914721296386,-0.1796299233066844,0.0,NORMAL_B,96.75
case03,22,W3_b01,fit_only_no_clip,1024,1280,2.0273814388838822,0.1186458439969511,8.729777585759809,3.155439895338957,0.8376747709443213,0.1040267523240275,0.1813988795694023,0.0549808227397334,0.2678213974484149,0.2443268815989734,-0.5905042442516492,0.1410542315523966,-0.2094141964622291,-0.096002394398354,0.3926190641082898,0.0458946377907931,-0.2675772797154774,-0.0319049158201368,-0.1653653835410349,0.129209583793203,0.412223839654523,-0.2192195529996281,-0.1886145067469591,0.1276485373010149,2.4842276503195606,-0.1924795031371403,0.0189320407924829,0.8430049986983349,0.4800136896619196,0.5566425662093586,-0.291453718383946,0.1609244907560985,0.184991847463077,0.0443192648141118,-0.3388091825956362,-0.0462467726615013,-0.0414630318735416,-0.1822919334090527,0.2138902301885954,0.0604022433668975,-0.64959268971443,-0.1176153485237714,-0.0621531409126761,-0.3199191015378913,-0.2030854927412314,-0.2181278578909013,0.2043300077430302,0.1441225153246353,0.4303383359462693,-0.1673516679244535,0.1225535200972989,0.0482581184813127,-0.1129861706196312,-0.5510710296795412,0.0848419307280935,0.0,0.1307205728279503,-0.5135475490957864,-0.2976563462585567,0.0,0.2813803747729079,-0.4671787614083496,0.0,NORMAL_B,83.95
case03,22,W3_b01,fit_only_no_clip,1152,1408,2.0117795692958853,0.1189951902196979,8.685940250552523,3.4369295878761585,0.7856945349659893,0.1106355015730126,0.1803629997870203,0.0558549779953846,0.2515747063898232,0.1600321997132562,-0.2278944640137403,0.2236020147154069,-0.2901482553600009,-0.1175006715535786,0.3310664222744622,-0.0289839652263825,-0.3105963366137553,-0.0543145811608502,-0.1700908003345902,0.033085195585975,0.3671201593268195,-0.212468332794315,-0.2334604720930569,0.0934525657899233,2.488830583982063,-0.2271136677894301,0.1141700948862516,1.032335767198122,0.4315571150348312,0.4917864472437073,-0.3815060718201059,0.192250924865259,0.2186712266357433,-0.188060936542307,-0.1528392474163862,-0.0365387414139933,-0.1242410633231829,-0.4630304349707693,0.2698631772746312,-0.115670645959871,-0.3008306442251613,-0.1464881460129236,-0.0633926755711655,-0.6161730573487272,-0.1106734228503543,-0.2900631175187169,0.0966256253461682,0.1938701193308787,0.178040973461553,-0.0306660595238353,0.0358995843188072,0.3439238155432201,-0.321611026335812,-0.1463510109707005,-0.1340333945601473,0.0,0.0552297677790801,-0.719846877457692,-0.3373282086912101,0.0,0.4773489404802966,-0.4947571628684821,0.0,NORMAL_B,90.35000000000001
case03,22,W3_b01,fit_only_no_clip,1280,1536,2.000631245783887,0.1153657729355207,8.624560027840918,3.5065744867002437,0.7055336759421779,0.1057717388604119,0.187542981102598,0.0609356945610107,0.2489849777733795,0.2853215846465122,-0.359196481992784,0.1000115287931331,-0.2066643265368078,-0.0712293072212991,0.275108653799275,-0.0028591369503507,-0.3314368822054251,-0.1028675452422659,-0.1738940981249078,0.3552116392366828,0.0703591658624072,-0.3066825120459462,-0.237421618116633,0.1136128059610257,2.470914132055385,-0.256152505685282,0.07632869814468,0.4240190629190329,0.433470111162322,-0.0777681732187802,-0.2659170341476453,0.0424815606353084,0.03653970030342,-0.3113062315844692,-0.1280902284549755,-0.1241247693572479,-0.2426671682098691,-1.0199773701782548,0.0060154513141152,-0.1714666288923179,0.0119418047045978,-0.3507348321022758,-0.1716605171140466,-0.8990948132875797,-0.3937231651881953,-0.2846927893882916,0.23825312697111,0.1126443699314476,-0.0836973575314439,0.116135094386215,0.0622846376430892,-0.3062436472322203,0.2473462950801735,-0.3077407676262511,0.1695719452393214,0.0,0.4042262881067893,-0.9161192585669884,-0.6768141018961439,0.0,0.3004991997319426,-0.4826647040039552,0.0,NORMAL_B,96.75
case03,33,W1,step2e_regression_clip,1024,1280,2.060876006879245,0.1182917711612008,11.340432953599564,3.604969489858069,1.2774128260361757,0.0971165522414273,0.1751140815485616,0.059115445151543,0.2408473577928793,0.103135082846679,-0.6790213666485476,0.1779291708311165,-0.089312600143515,0.1205459103325825,0.1568762850630932,0.1631357015958502,0.0477933722392668,0.0443178291293038,-0.2261372283099672,0.3646702729778853,0.4969720415800923,0.1378588714073189,0.1820845962411487,0.109576689315786,2.9113710885125306,0.1036832199039733,-0.0673120384510858,1.2577091644632257,0.0326805952600857,0.6303556161869204,-0.3230721471291409,0.2284858091723189,-0.2487227207380809,-0.1678635780748681,-0.3037531132831719,-0.0434695974968903,-0.1109591498555148,0.2011624855407834,0.3740858872788156,-0.0497586384374508,-0.138886707162453,0.1591709550822013,0.02249597627257,-0.0516342417383584,0.2916068769264114,0.0183348307586401,-0.0108108778667834,-0.1990231754514039,0.2617009250922673,-0.3415074378052377,0.1404823524491415,0.2177732475852159,-0.3315638523180922,-0.7213169999150728,0.2108468003961156,0.0,0.3322881165940853,-0.6385090258677463,-0.0026606253228235,0.0,0.0574339838324071,-0.064499364531365,0.0,NORMAL_B,83.95
case03,33,W1,step2e_regression_clip,1152,1408,2.0547616579831685,0.1158705120253904,11.268212867933215,3.7677634160146,1.2976171752568202,0.1054780796862783,0.1829822899753156,0.0598661242754904,0.238524381515579,0.0406152665185805,-0.2471761284726961,0.2274342475235155,-0.2146903429508863,0.1596952701408638,0.0440708781694048,0.0681993475280283,0.0750380370845221,0.0313741968509678,-0.2651650809328099,0.2631296147913702,0.3701082301033773,0.1268355464078281,0.1958037308748231,0.0485338118051103,2.938433983347349,0.1181493852025241,0.0399998891654235,1.4492311615821225,-0.0011821654170464,0.6540095622953992,-0.3937165306344777,0.2036541838929313,-0.2132925960248035,-0.3991943380028825,-0.11574765520924,-0.0433913210010679,-0.1901762236090285,-0.1279293880434874,0.4197669605780602,-0.3101324460258886,0.1951590074334316,0.0815913088015588,0.0802906379320473,-0.3119699738030068,0.3223872389636498,-0.1100174027668092,-0.0750025393432364,-0.1335853522141987,-0.2043668229537883,-0.1718728187175263,0.0271504285071555,0.5664045830270089,-0.5469839681209236,-0.1978275440341097,-0.0127287974361706,0.0,0.2625686796830134,-0.89491316813343,-0.1049791635860495,0.0,0.1983816010456043,-0.0723552813593853,0.0,NORMAL_B,90.35000000000001
case03,33,W1,step2e_regression_clip,1280,1536,2.052997930789576,0.1171704577244797,11.217382898301192,3.880016658252077,1.2907208885240846,0.104848589355803,0.1885463870647624,0.0601234374623429,0.2373060329241455,0.2295515064809742,-0.4286377952828138,0.1572502324428003,-0.0543178320960629,0.2821170712699816,-0.0500187818705898,0.1101247424415103,0.1255039932010825,-0.1291697344426969,-0.179998317041981,0.6143894279212533,0.0532874596063771,-0.0294953631319865,0.2355424868867539,0.0951542472160724,2.92863412058444,0.1446073559170456,-0.0006569295664557,0.6952120828773444,0.009915117172233,0.0637207424527942,-0.3544260592501347,0.1398177867202669,-0.3874710281489324,-0.5635179318625797,-0.0750916390350757,-0.024960299285383,-0.3396025052551533,-0.8068274263113594,0.0773742371677479,-0.3781352231869319,0.5644407143808441,-0.2313299090631954,-0.1642488564385018,-0.5980996092726395,0.0307959129568448,-0.0615260694996362,0.099084371474906,-0.1991041899217612,-0.5928590072876736,0.0997805313131918,-0.0782862075268729,-0.2701998569814742,0.1950624582730471,-0.4133114727941691,0.4228357557745271,0.0,0.6573503935937659,-1.174152965017047,-0.5365557771610661,0.0,0.100184509917667,-0.0933093449749147,0.0,NORMAL_B,96.75
case03,33,W2_f0995,step2e_regression_clip,1024,1280,2.033783947423501,0.1224432652281957,8.392497818851233,3.0527899190355927,0.7289408985682202,0.1020508815902827,0.1960903900894127,0.0560056326246299,0.2676969891261747,0.0521944982686897,-0.3434229716478277,0.0946067395202145,-0.0928476493137316,0.0043050946496538,0.0819403108876132,0.1628711561663898,0.0278288176677827,0.0908239324082899,-0.0938082295031662,0.1085005718912245,0.4874940643617453,0.0156226330804297,0.054990015524204,-0.0371119496702986,2.4862548647788936,0.0184238252374584,-0.0741978433386542,1.057310346466263,0.0358548857190815,0.7423564671781647,-0.2182703677614649,0.2775193981383304,0.0485458677125402,-0.1167857984217805,-0.1284213648730865,0.0300421484783561,-0.104707266954439,0.0828457437752616,0.1510695984292997,-0.0923196113938683,-0.2506474673130123,0.0177844916239984,-0.1214622114555401,-0.062249343436642,0.2131628853233853,-0.0827039233562117,-0.0221674706800071,-0.2016488114129766,0.2315336806857724,-0.1158959401402381,-0.0362022530894031,0.1801239888530677,-0.305140329633626,-0.3363365670343539,0.0475256468670005,0.0,0.084736879345623,-0.6181245947188164,-0.2067226223309259,0.0,0.0661493967067559,-0.1622813057184961,0.0,NORMAL_B,83.95
case03,33,W2_f0995,step2e_regression_clip,1152,1408,2.025969505991729,0.1207877136510927,8.35845349090293,3.300492229540245,0.7158763042867924,0.1099293207252943,0.1999818759475827,0.0576527830574828,0.2561428968660518,0.0425000880546912,0.0145310874283053,0.1840528145495316,-0.1613002527452285,-0.0086908040590989,0.0243430145131076,0.0778614206372325,-0.0051520226041249,0.0740629325980192,-0.1028143022891969,-0.0378007343359572,0.4236908837621302,0.025529164171598,0.0179080374789534,-0.0687425487320116,2.482326622596481,-0.0107642893792092,0.0215701287558099,1.2239289654090098,-0.0135661245326788,0.6893181211168399,-0.3233462752263261,0.3024344493200438,0.0981340845854661,-0.3616605609304562,0.0350504292488971,0.0743121545482337,-0.1934453238155139,-0.1580687765381519,0.2231955683765054,-0.2496853579453412,0.0718759028034149,-0.0092900823843231,-0.135305854802702,-0.3261666948410076,0.3120255040637545,-0.1336687434688924,-0.117224351765275,-0.1519712155735219,-0.0105443769620905,0.0463489347071384,-0.1180238684133695,0.4330334247436788,-0.4848292273720047,0.0593327807671556,-0.1483923024611644,0.0,-0.0449476680124453,-0.8045980842022646,-0.2481644216991916,0.0,0.263087684916564,-0.181736459324989,0.0,NORMAL_B,90.35000000000001
case03,33,W2_f0995,step2e_regression_clip,1280,1536,2.00749175670698,0.1155389206160674,8.288550061671874,3.3458993143891806,0.6659751523941003,0.1051979190966618,0.2061586066070959,0.0626281319142086,0.245568361520867,-0.1705268369257324,-0.088396164580405,0.0855315390391368,-0.0832963085814691,0.0294683125937028,-0.0475896051314709,0.0877713418324221,-0.0726645449763415,0.0272244592507497,-0.1117900426778196,0.1949673798342046,0.1353576173352567,-0.0681260911614039,-0.032814446426179,-0.0166809177924537,2.465019791359549,-0.0832709611363579,0.0018211900914341,0.6509441116569161,-0.004064049941625,0.0960056039070111,-0.1982547652933742,0.1400838737080978,-0.0659363941275688,-0.4827233529851032,0.0608612958547535,0.0051437638469002,-0.2935636772397992,-0.70151338640964,-0.0305337640439079,-0.3411194345046483,0.3848285997718618,-0.2068381629331026,-0.2218227654378791,-0.6482968109501017,0.038552469802869,-0.1348890096016125,0.0187440952368021,-0.2070605173679719,-0.2043718052725514,0.1298913951833975,-0.1134906020748792,-0.1070474726948466,0.0015550302695839,-0.0683270392238788,0.1082877956003967,0.0,0.2046099406731758,-0.9913405024038432,-0.5298583397061702,0.0,0.0937464348682504,-0.1779645395369634,0.0,NORMAL_B,96.75
case03,33,W3_b01,step2e_regression_clip,1024,1280,2.0185017399703984,0.1197153727999495,8.668691949689544,3.142316718230938,0.791259330861481,0.1007837915607166,0.185427832253744,0.0569745074559682,0.2598507253570759,0.2618493573829198,-0.6534041607749188,0.154552902825489,-0.1838385962349863,-0.0510811437283833,0.3908199069099509,0.0498004572637957,-0.229128723267454,-0.0373244523491665,-0.2240700767277308,0.0670311631050143,0.4419052911956411,-0.1837611514206453,-0.1388780392896295,0.1060421612437036,2.4954055348343145,-0.145258007357811,-0.0465342950754521,0.7475903492484968,0.5037751004884806,0.5495187919021983,-0.3630627858136673,0.2031722459158748,0.2137222231305188,0.0645711821496811,-0.4008560917150581,0.0281144500641205,-0.0341781944671942,-0.1583321870322228,0.2298205158767865,-0.0086218222081286,-0.6164915132874758,-0.0421772879675654,-0.0758738820286846,-0.2836695262947166,-0.1943369379732473,-0.2270921208899693,0.2483435541863396,0.0804735998689681,0.4438199045537777,-0.1986918598352214,0.1016378229541914,0.1067700088166515,-0.1455250562409882,-0.616664927011529,0.1429413004872687,0.0,0.0492139912849981,-0.4961936726803487,-0.2969757561348861,0.0,0.3010906640486948,-0.4334408717169398,0.0,NORMAL_B,83.95
case03,33,W3_b01,step2e_regression_clip,1152,1408,2.006225563890575,0.1188767908552854,8.638856962390445,3.402881048945281,0.7802317573804303,0.1095594335780153,0.1896703659194879,0.0588880247087713,0.2443611880583196,0.1852130941483794,-0.3293965941517396,0.2512142127429871,-0.2549298263464136,-0.043040053042352,0.3433202549468892,-0.037337905971027,-0.2317513643935395,-0.0499208174433295,-0.2475959788150117,-0.0040740717335764,0.3907617539010454,-0.1898633532329055,-0.1382335517482243,0.0714626477125682,2.498808898188655,-0.1327984650559466,0.0442088191235089,0.9154393986427278,0.4613051222236843,0.5168590384367377,-0.4540577658869889,0.2512383205948169,0.2459755625749541,-0.1523963437943608,-0.209604797148921,0.0057828040645503,-0.1111997649163082,-0.4352467586889064,0.2987216967906884,-0.1750529966791853,-0.2695782392820358,-0.0598607013253114,-0.0593235220899073,-0.5872944348418754,-0.1210255914183231,-0.3184680629465299,0.1406665345333118,0.1316381316899749,0.1933547053172619,-0.076259850828572,0.0372738549105809,0.3687840735817799,-0.3299555086598578,-0.2519801959834973,-0.0342602957721515,0.0,0.0025404063806732,-0.6932472345706683,-0.3576193904813778,0.0,0.512119143948523,-0.4537074194066403,0.0,NORMAL_B,90.35000000000001
case03,33,W3_b01,step2e_regression_clip,1280,1536,1.997851047447868,0.1164413814314822,8.57923916725653,3.4711967205294374,0.7183847084906356,0.1062200763229377,0.1969564555942614,0.0630274983980734,0.2473576722928295,0.306074924996163,-0.4812475795541145,0.153474361460608,-0.1756954827161231,0.0161958326983412,0.2753169925877374,-0.0190011751701341,-0.2833262879435818,-0.1240342516451291,-0.2265826865411455,0.2263021862809879,0.1025357948893301,-0.3114404377567739,-0.1740365459439024,0.1217936163299761,2.487856998429176,-0.1941035328758896,0.0303671006161165,0.3267796985673479,0.4674410093194827,-0.1029235461893188,-0.3416843551136994,0.0946426999640597,0.0749132144099262,-0.2872091357170718,-0.1926981930533596,-0.0512380671782917,-0.2445419721482228,-0.9830534681639042,0.0285030694463051,-0.2700210623791699,0.0493422416144838,-0.2718965579837824,-0.1699644541962166,-0.8699646256854838,-0.3908259665938021,-0.316499126998726,0.2583005079639193,0.0353411822849879,-0.0336224976571068,0.0824130013909734,0.062386889107423,-0.2500464054751686,0.2259575731670413,-0.4323699407711919,0.2868687410448235,0.0,0.2585566646233643,-0.917968835424338,-0.6587146841870148,0.0,0.333766402699943,-0.4421695063966277,0.0,NORMAL_B,96.75
case03,33,W1,fit_only_clip,1024,1280,2.069603208907403,0.1209661462875592,11.315471002040578,3.562375324049321,1.2922985791033303,0.0973016245079633,0.1713693364673014,0.057206247250804,0.2461974122314931,0.0481063054172932,-0.7116103950580374,0.19996820513821,-0.1067565011225333,0.1321383039512471,0.1531689657280551,0.1320816221366864,0.0877876808550836,0.0617333095771545,-0.2044625735258481,0.4276355774681994,0.492049291819603,0.1391632873959967,0.2220482136253199,0.1003491187971763,2.8691995350038395,0.1399632674184299,-0.0790290721078176,1.1598126924154493,0.0391290078919276,0.6179218393347669,-0.3294256067324422,0.2401101304460779,-0.2561407699137702,-0.1677650202864697,-0.2688799866240117,-0.0724317010963645,-0.06427726993916,0.2208932960218697,0.3793418316669503,-0.0561839408677253,-0.1347542014144941,0.183042561610595,0.0779274112807083,-0.081338496641574,0.2494924402048482,0.0118858433829424,-0.045318711822475,-0.1897462282867163,0.2794211556671092,-0.3874509325689582,0.1419241975322143,0.3001115980164823,-0.4000617990962135,-0.7491616263743491,0.2824006970100363,0.0,0.3929372651336359,-0.5885091335632283,0.0139409979540833,0.0,0.0613618502112126,-0.0478457706585783,0.0,NORMAL_B,83.95
case03,33,W1,fit_only_clip,1152,1408,2.0623879803491776,0.1159224041304024,11.222138800712532,3.702879133706272,1.288033888030194,0.1050610093726737,0.1786818939692595,0.0584422129729037,0.2427309763342686,-0.0161814884588639,-0.2295029641761745,0.2386298567347037,-0.2557270834378997,0.157808442979113,0.0720757574748018,0.0337585495267046,0.1106619442769982,0.0330428033689917,-0.2593348799939844,0.3058001867609303,0.3498678724811356,0.1307426801627825,0.2432334266503426,0.0460451918073793,2.8863446298696407,0.1618806676229182,0.0202572960969446,1.3495133751066526,0.0090827915717282,0.6256822592048253,-0.4197892404847899,0.2085603928406468,-0.2231881363394507,-0.3692951556406131,-0.0785551864192747,-0.0557200850387945,-0.146457808381056,-0.0764973868897585,0.434064977892142,-0.3092573517144819,0.2177051008896569,0.1026436662452338,0.1000526340959114,-0.3392998351362497,0.26982257456506,-0.1207247968418451,-0.1357232077409926,-0.1138698604627514,-0.1940997603447479,-0.2041651724781245,0.0361087797386628,0.6425070076064849,-0.6059494581195715,-0.1792916958685404,0.0419641328669258,0.0,0.302608273157909,-0.8220567587331101,-0.1098514835529596,0.0,0.2194553131986464,-0.0826580831006059,0.0,NORMAL_B,90.35000000000001
case03,33,W1,fit_only_clip,1280,1536,2.060178290291444,0.114627602904925,11.202033116958503,3.8829288333056606,1.2685785383474446,0.1045104796573129,0.1846721125268773,0.059299531870124,0.2378382841532412,0.1831561703211218,-0.3794455037035436,0.1684384841772668,-0.1218288849430865,0.2698985702399766,-0.0221210194852995,0.0855760143717259,0.1356546045644577,-0.1108600310671378,-0.1633361113315473,0.607221497243884,0.0362316687312779,-0.0118744839068563,0.2575425186489841,0.0877952931514565,2.8968894462744954,0.1632364893484058,0.0150660768585413,0.650341548042829,0.0263481162858113,0.0651305009786769,-0.3764846692024967,0.1307936013656659,-0.4336498867401604,-0.5263418298969965,-0.0806320400586081,-0.0064305544442667,-0.3232585331433334,-0.7565176567963963,0.113578939228702,-0.3908607678839421,0.5762649562603941,-0.2346781981936644,-0.1459242066851684,-0.5955101710943145,0.0099064614884151,-0.0916853883916129,0.0608125922046636,-0.1568939404867964,-0.5659118021434476,0.0538510972476445,-0.0872891739688143,-0.1965313881837412,0.1409767668737642,-0.3666410677863647,0.4405183088216342,0.0,0.6472513573014673,-1.1006770127124013,-0.5114718594064626,0.0,0.100497832096222,-0.1161587486751359,0.0,NORMAL_B,96.75
case03,33,W2_f0995,fit_only_clip,1024,1280,2.04612668126428,0.1246405583498114,8.392531585542432,3.0525271625601382,0.7540352433806212,0.102038272517545,0.190124516291481,0.0546146577658351,0.2804407599388707,0.0746108732938031,-0.3428761359885075,0.0951785663491808,-0.0938263043756968,0.0042813717729414,0.08239562665893,0.1629873716838476,0.0291603412659831,0.0910051480201626,-0.0935266880605497,0.1088328368208255,0.4866202035611511,0.0158192353139062,0.0563486876263707,-0.0372772644818477,2.4855379014317127,0.0198556086754664,-0.0739187943166663,1.05544431678133,0.0360115606783969,0.7424269090112343,-0.2186446062996958,0.2775517412973546,0.0480683328068484,-0.1162829561738043,-0.1282491728439883,0.0303694224708397,-0.1042560699720665,0.0830703226242611,0.1509133019370296,-0.092002669988553,-0.2504563701849069,0.0181771035996476,-0.1210540688606777,-0.0623510250936453,0.2125512786645971,-0.0834540253598095,-0.0214946959682502,-0.2001912827809823,0.2311691509331818,-0.1176042770900159,-0.0363050930545485,0.1814411604611143,-0.3061638789072562,-0.335867789515854,0.0482622307448141,0.0,0.0850615853131073,-0.6168017706989181,-0.2065736845961815,0.0,0.0666388859884707,-0.1622467535239782,0.0,NORMAL_B,83.95
case03,33,W2_f0995,fit_only_clip,1152,1408,2.037823857905081,0.1227702832991538,8.358513231246633,3.300191525340987,0.7288697671833704,0.1099180980824979,0.1942447873887478,0.0562829868747653,0.2656464276541243,0.0625988724217989,0.0151834470520509,0.1846234531691849,-0.1623561675566721,-0.0087169174067397,0.0248583391527516,0.0780553336543564,-0.0038443407240904,0.0742410039116864,-0.1025342373136691,-0.0374913659370763,0.4227710890712663,0.0257378563208102,0.0192159972596584,-0.0688567789461379,2.4815334708104277,-0.0093849461495524,0.0218287338581969,1.2220617309768051,-0.0133839577414879,0.6893783184535981,-0.3239089131211678,0.3024043266274063,0.0976516621239816,-0.361085594715787,0.0352069903137092,0.0748758563033955,-0.1929412231546572,-0.1577474904638404,0.2230900942873899,-0.24937141055199,0.0721070182684135,-0.0087949155569972,-0.1350357889712039,-0.3261560139144391,0.3114780519741795,-0.1343306823120745,-0.1164646334428631,-0.1504600740865096,-0.0109656583128453,0.0446360443771095,-0.1181025220483947,0.434623821275942,-0.4861072949837391,0.0598975441542539,-0.1475692688391302,0.0,-0.0446418712813808,-0.8030914951105377,-0.2479632232519534,0.0,0.2636479999897462,-0.1817046522880454,0.0,NORMAL_B,90.35000000000001
case03,33,W2_f0995,fit_only_clip,1280,1536,2.0161162206924987,0.1153211420343319,8.288663686675687,3.3457136793910824,0.6655914560469115,0.1051783211612953,0.2020942240517245,0.0615666539382191,0.2426120200842635,-0.1578015448383606,-0.0879907882500568,0.0858489430632008,-0.0841085033750775,0.0294020854824702,-0.0471705558349107,0.087893227706997,-0.0715585209343272,0.0273558537118167,-0.1115908876931502,0.195379496415582,0.1348080855989238,-0.0680250068814115,-0.0316507668302906,-0.0168068555687821,2.464496286891928,-0.0821189404760945,0.0020310469808657,0.6494662259007383,-0.0040118271204907,0.0961153923552281,-0.1985433397392876,0.1401613323443131,-0.0662832999951192,-0.4823006747017188,0.0608641987270151,0.0052771954250399,-0.293068218907741,-0.7011952723234075,-0.0307108487154204,-0.3407378942845708,0.384974931415612,-0.2065401797258305,-0.2214967308932273,-0.6483329237749793,0.0380022677574063,-0.1353855364410878,0.0193567935450313,-0.20576234077533,-0.2048246934342149,0.1284675025027576,-0.1133840840152188,-0.1059804882219988,0.0006830387737395,-0.0679773719457398,0.1089661466154676,0.0,0.2050384278643293,-0.9903679122851504,-0.529719593406623,0.0,0.0941395367550802,-0.1780022920461685,0.0,NORMAL_B,96.75
case03,33,W3_b01,fit_only_clip,1024,1280,2.030002299919201,0.1210838091601646,8.670374593978574,3.1451508666526657,0.8208705944838469,0.1008375009734949,0.1798469681545862,0.0556951227728398,0.2681388065265889,0.2432650328515285,-0.6406877128424264,0.1557294815995865,-0.1896856539518634,-0.0522759933046034,0.3982874821342054,0.0521976155426194,-0.2291093593734319,-0.0339979873684689,-0.2247723652451819,0.0857885982909248,0.44753576165899,-0.1807254112514157,-0.1372939728378973,0.1095867210330902,2.4907762943849963,-0.1452188089216407,-0.0471887311475806,0.7560368558683098,0.5057606830122562,0.5654690828001384,-0.3668517370447939,0.2118481723247741,0.2152126761317245,0.0634153868154033,-0.4012450110299919,0.0321436139314379,-0.0307549604255324,-0.1600964275335305,0.2318945529433526,-0.0159946867576035,-0.6117200345650033,-0.0422315083683417,-0.0756793280754976,-0.2898712465816396,-0.1940666759379199,-0.2311878502375779,0.2519717203605057,0.0886172731732222,0.4369900443584835,-0.2021858775759558,0.099262822033207,0.1111106437122285,-0.1510700312476799,-0.6040255359736597,0.1490764792000192,0.0,0.0677603513648416,-0.4961233610792721,-0.2976853198755713,0.0,0.3012611390680493,-0.4381480194140297,0.0,NORMAL_B,83.95
case03,33,W3_b01,fit_only_clip,1152,1408,2.017163407255964,0.1203409542457143,8.641150336549988,3.404142332908884,0.7957315170216556,0.1095614567889768,0.1845171397001405,0.0576843722809321,0.2508553121813581,0.1652548147931554,-0.317133172660913,0.2513974993541658,-0.2611660265785709,-0.0436037333573177,0.3518841471919524,-0.0336796641431251,-0.2329872625806499,-0.0465794070504952,-0.2484612259528725,0.0131224203994705,0.3957966733508635,-0.1878362215313001,-0.1384568159892675,0.0760279494027242,2.493627142961818,-0.1346117026999283,0.0432620611996128,0.9208323853600052,0.463752579900605,0.5306096300431222,-0.4586685405110293,0.2581582709110372,0.2487616897173392,-0.1515252995343991,-0.2112283217502651,0.0139974114429742,-0.1063482010025901,-0.4344833740668192,0.301356178686847,-0.1814857447755185,-0.2663203356845146,-0.0585137156645995,-0.0604332468564624,-0.5901817973230491,-0.1208257077548415,-0.3204585886421131,0.1447091914605066,0.1409526332559498,0.1872449058259349,-0.0779727009532893,0.0352279046466881,0.3759975560237502,-0.3378373259274697,-0.2396788011189925,-0.0266475489448968,0.0,0.0196552311597439,-0.688028090111907,-0.3573951151986226,0.0,0.5123087320913664,-0.4593557474664211,0.0,NORMAL_B,90.35000000000001
case03,33,W3_b01,fit_only_clip,1280,1536,2.006684725980376,0.11647388797463,8.581924544797577,3.4725871695017703,0.7179621882719972,0.1060267908744683,0.1933908935294844,0.0620540036043177,0.2472990314277508,0.2969917461557826,-0.4754424352579432,0.1516782648444927,-0.1807042614428171,0.0150591803010041,0.2807862724270625,-0.0177118067707157,-0.2890378312911875,-0.1216874929458617,-0.2289753877215799,0.2409261937830439,0.1115206261281195,-0.3109653739317766,-0.177574570503819,0.1261944242153311,2.486204220149156,-0.2004366478228101,0.0276884216669012,0.340879903110593,0.4692435699270599,-0.0899658469603019,-0.3450908704922301,0.1016172556565371,0.07795504670435,-0.2898145691651473,-0.1967540841503848,-0.0472554428288998,-0.2392645325890013,-0.9841658445326822,0.030028028436053,-0.276284026747412,0.0525778030830956,-0.2731528149803778,-0.1722964366326263,-0.8746253053283867,-0.3898864045117045,-0.317093689924691,0.2625880018715327,0.0395373667902921,-0.0392762819270055,0.0798384384069494,0.0621639150868819,-0.2477148520085702,0.2205154837470202,-0.426286500709383,0.2943534869238441,0.0,0.2734668962601249,-0.9246567888127804,-0.6612832407451792,0.0,0.3330511328075623,-0.4481609229019198,0.0,NORMAL_B,96.75
case03,33,W1,fit_only_no_clip,1024,1280,2.069603208907403,0.1209661462875592,11.315471002040578,3.562375324049321,1.2922985791033303,0.0973016245079633,0.1713693364673014,0.057206247250804,0.2461974122314931,0.0481063054172932,-0.7116103950580374,0.19996820513821,-0.1067565011225333,0.1321383039512471,0.1531689657280551,0.1320816221366864,0.0877876808550836,0.0617333095771545,-0.2044625735258481,0.4276355774681994,0.492049291819603,0.1391632873959967,0.2220482136253199,0.1003491187971763,2.8691995350038395,0.1399632674184299,-0.0790290721078176,1.1598126924154493,0.0391290078919276,0.6179218393347669,-0.3294256067324422,0.2401101304460779,-0.2561407699137702,-0.1677650202864697,-0.2688799866240117,-0.0724317010963645,-0.06427726993916,0.2208932960218697,0.3793418316669503,-0.0561839408677253,-0.1347542014144941,0.183042561610595,0.0779274112807083,-0.081338496641574,0.2494924402048482,0.0118858433829424,-0.045318711822475,-0.1897462282867163,0.2794211556671092,-0.3874509325689582,0.1419241975322143,0.3001115980164823,-0.4000617990962135,-0.7491616263743491,0.2824006970100363,0.0,0.3929372651336359,-0.5885091335632283,0.0139409979540833,0.0,0.0613618502112126,-0.0478457706585783,0.0,NORMAL_B,83.95
case03,33,W1,fit_only_no_clip,1152,1408,2.0623879803491776,0.1159224041304024,11.222138800712532,3.702879133706272,1.288033888030194,0.1050610093726737,0.1786818939692595,0.0584422129729037,0.2427309763342686,-0.0161814884588639,-0.2295029641761745,0.2386298567347037,-0.2557270834378997,0.157808442979113,0.0720757574748018,0.0337585495267046,0.1106619442769982,0.0330428033689917,-0.2593348799939844,0.3058001867609303,0.3498678724811356,0.1307426801627825,0.2432334266503426,0.0460451918073793,2.8863446298696407,0.1618806676229182,0.0202572960969446,1.3495133751066526,0.0090827915717282,0.6256822592048253,-0.4197892404847899,0.2085603928406468,-0.2231881363394507,-0.3692951556406131,-0.0785551864192747,-0.0557200850387945,-0.146457808381056,-0.0764973868897585,0.434064977892142,-0.3092573517144819,0.2177051008896569,0.1026436662452338,0.1000526340959114,-0.3392998351362497,0.26982257456506,-0.1207247968418451,-0.1357232077409926,-0.1138698604627514,-0.1940997603447479,-0.2041651724781245,0.0361087797386628,0.6425070076064849,-0.6059494581195715,-0.1792916958685404,0.0419641328669258,0.0,0.302608273157909,-0.8220567587331101,-0.1098514835529596,0.0,0.2194553131986464,-0.0826580831006059,0.0,NORMAL_B,90.35000000000001
case03,33,W1,fit_only_no_clip,1280,1536,2.060178290291444,0.114627602904925,11.202033116958503,3.8829288333056606,1.2685785383474446,0.1045104796573129,0.1846721125268773,0.059299531870124,0.2378382841532412,0.1831561703211218,-0.3794455037035436,0.1684384841772668,-0.1218288849430865,0.2698985702399766,-0.0221210194852995,0.0855760143717259,0.1356546045644577,-0.1108600310671378,-0.1633361113315473,0.607221497243884,0.0362316687312779,-0.0118744839068563,0.2575425186489841,0.0877952931514565,2.8968894462744954,0.1632364893484058,0.0150660768585413,0.650341548042829,0.0263481162858113,0.0651305009786769,-0.3764846692024967,0.1307936013656659,-0.4336498867401604,-0.5263418298969965,-0.0806320400586081,-0.0064305544442667,-0.3232585331433334,-0.7565176567963963,0.113578939228702,-0.3908607678839421,0.5762649562603941,-0.2346781981936644,-0.1459242066851684,-0.5955101710943145,0.0099064614884151,-0.0916853883916129,0.0608125922046636,-0.1568939404867964,-0.5659118021434476,0.0538510972476445,-0.0872891739688143,-0.1965313881837412,0.1409767668737642,-0.3666410677863647,0.4405183088216342,0.0,0.6472513573014673,-1.1006770127124013,-0.5114718594064626,0.0,0.100497832096222,-0.1161587486751359,0.0,NORMAL_B,96.75
case03,33,W2_f0995,fit_only_no_clip,1024,1280,2.04612668126428,0.1246405583498114,8.392531585542432,3.0525271625601382,0.7540352433806212,0.102038272517545,0.190124516291481,0.0546146577658351,0.2804407599388707,0.0746108732938031,-0.3428761359885075,0.0951785663491808,-0.0938263043756968,0.0042813717729414,0.08239562665893,0.1629873716838476,0.0291603412659831,0.0910051480201626,-0.0935266880605497,0.1088328368208255,0.4866202035611511,0.0158192353139062,0.0563486876263707,-0.0372772644818477,2.4855379014317127,0.0198556086754664,-0.0739187943166663,1.05544431678133,0.0360115606783969,0.7424269090112343,-0.2186446062996958,0.2775517412973546,0.0480683328068484,-0.1162829561738043,-0.1282491728439883,0.0303694224708397,-0.1042560699720665,0.0830703226242611,0.1509133019370296,-0.092002669988553,-0.2504563701849069,0.0181771035996476,-0.1210540688606777,-0.0623510250936453,0.2125512786645971,-0.0834540253598095,-0.0214946959682502,-0.2001912827809823,0.2311691509331818,-0.1176042770900159,-0.0363050930545485,0.1814411604611143,-0.3061638789072562,-0.335867789515854,0.0482622307448141,0.0,0.0850615853131073,-0.6168017706989181,-0.2065736845961815,0.0,0.0666388859884707,-0.1622467535239782,0.0,NORMAL_B,83.95
case03,33,W2_f0995,fit_only_no_clip,1152,1408,2.037823857905081,0.1227702832991538,8.358513231246633,3.300191525340987,0.7288697671833704,0.1099180980824979,0.1942447873887478,0.0562829868747653,0.2656464276541243,0.0625988724217989,0.0151834470520509,0.1846234531691849,-0.1623561675566721,-0.0087169174067397,0.0248583391527516,0.0780553336543564,-0.0038443407240904,0.0742410039116864,-0.1025342373136691,-0.0374913659370763,0.4227710890712663,0.0257378563208102,0.0192159972596584,-0.0688567789461379,2.4815334708104277,-0.0093849461495524,0.0218287338581969,1.2220617309768051,-0.0133839577414879,0.6893783184535981,-0.3239089131211678,0.3024043266274063,0.0976516621239816,-0.361085594715787,0.0352069903137092,0.0748758563033955,-0.1929412231546572,-0.1577474904638404,0.2230900942873899,-0.24937141055199,0.0721070182684135,-0.0087949155569972,-0.1350357889712039,-0.3261560139144391,0.3114780519741795,-0.1343306823120745,-0.1164646334428631,-0.1504600740865096,-0.0109656583128453,0.0446360443771095,-0.1181025220483947,0.434623821275942,-0.4861072949837391,0.0598975441542539,-0.1475692688391302,0.0,-0.0446418712813808,-0.8030914951105377,-0.2479632232519534,0.0,0.2636479999897462,-0.1817046522880454,0.0,NORMAL_B,90.35000000000001
case03,33,W2_f0995,fit_only_no_clip,1280,1536,2.0161162206924987,0.1153211420343319,8.288663686675687,3.3457136793910824,0.6655914560469115,0.1051783211612953,0.2020942240517245,0.0615666539382191,0.2426120200842635,-0.1578015448383606,-0.0879907882500568,0.0858489430632008,-0.0841085033750775,0.0294020854824702,-0.0471705558349107,0.087893227706997,-0.0715585209343272,0.0273558537118167,-0.1115908876931502,0.195379496415582,0.1348080855989238,-0.0680250068814115,-0.0316507668302906,-0.0168068555687821,2.464496286891928,-0.0821189404760945,0.0020310469808657,0.6494662259007383,-0.0040118271204907,0.0961153923552281,-0.1985433397392876,0.1401613323443131,-0.0662832999951192,-0.4823006747017188,0.0608641987270151,0.0052771954250399,-0.293068218907741,-0.7011952723234075,-0.0307108487154204,-0.3407378942845708,0.384974931415612,-0.2065401797258305,-0.2214967308932273,-0.6483329237749793,0.0380022677574063,-0.1353855364410878,0.0193567935450313,-0.20576234077533,-0.2048246934342149,0.1284675025027576,-0.1133840840152188,-0.1059804882219988,0.0006830387737395,-0.0679773719457398,0.1089661466154676,0.0,0.2050384278643293,-0.9903679122851504,-0.529719593406623,0.0,0.0941395367550802,-0.1780022920461685,0.0,NORMAL_B,96.75
case03,33,W3_b01,fit_only_no_clip,1024,1280,2.030002299919201,0.1210838091601646,8.670374593978574,3.1451508666526657,0.8208705944838469,0.1008375009734949,0.1798469681545862,0.0556951227728398,0.2681388065265889,0.2432650328515285,-0.6406877128424264,0.1557294815995865,-0.1896856539518634,-0.0522759933046034,0.3982874821342054,0.0521976155426194,-0.2291093593734319,-0.0339979873684689,-0.2247723652451819,0.0857885982909248,0.44753576165899,-0.1807254112514157,-0.1372939728378973,0.1095867210330902,2.4907762943849963,-0.1452188089216407,-0.0471887311475806,0.7560368558683098,0.5057606830122562,0.5654690828001384,-0.3668517370447939,0.2118481723247741,0.2152126761317245,0.0634153868154033,-0.4012450110299919,0.0321436139314379,-0.0307549604255324,-0.1600964275335305,0.2318945529433526,-0.0159946867576035,-0.6117200345650033,-0.0422315083683417,-0.0756793280754976,-0.2898712465816396,-0.1940666759379199,-0.2311878502375779,0.2519717203605057,0.0886172731732222,0.4369900443584835,-0.2021858775759558,0.099262822033207,0.1111106437122285,-0.1510700312476799,-0.6040255359736597,0.1490764792000192,0.0,0.0677603513648416,-0.4961233610792721,-0.2976853198755713,0.0,0.3012611390680493,-0.4381480194140297,0.0,NORMAL_B,83.95
case03,33,W3_b01,fit_only_no_clip,1152,1408,2.017163407255964,0.1203409542457143,8.641150336549988,3.404142332908884,0.7957315170216556,0.1095614567889768,0.1845171397001405,0.0576843722809321,0.2508553121813581,0.1652548147931554,-0.317133172660913,0.2513974993541658,-0.2611660265785709,-0.0436037333573177,0.3518841471919524,-0.0336796641431251,-0.2329872625806499,-0.0465794070504952,-0.2484612259528725,0.0131224203994705,0.3957966733508635,-0.1878362215313001,-0.1384568159892675,0.0760279494027242,2.493627142961818,-0.1346117026999283,0.0432620611996128,0.9208323853600052,0.463752579900605,0.5306096300431222,-0.4586685405110293,0.2581582709110372,0.2487616897173392,-0.1515252995343991,-0.2112283217502651,0.0139974114429742,-0.1063482010025901,-0.4344833740668192,0.301356178686847,-0.1814857447755185,-0.2663203356845146,-0.0585137156645995,-0.0604332468564624,-0.5901817973230491,-0.1208257077548415,-0.3204585886421131,0.1447091914605066,0.1409526332559498,0.1872449058259349,-0.0779727009532893,0.0352279046466881,0.3759975560237502,-0.3378373259274697,-0.2396788011189925,-0.0266475489448968,0.0,0.0196552311597439,-0.688028090111907,-0.3573951151986226,0.0,0.5123087320913664,-0.4593557474664211,0.0,NORMAL_B,90.35000000000001
case03,33,W3_b01,fit_only_no_clip,1280,1536,2.006684725980376,0.11647388797463,8.581924544797577,3.4725871695017703,0.7179621882719972,0.1060267908744683,0.1933908935294844,0.0620540036043177,0.2472990314277508,0.2969917461557826,-0.4754424352579432,0.1516782648444927,-0.1807042614428171,0.0150591803010041,0.2807862724270625,-0.0177118067707157,-0.2890378312911875,-0.1216874929458617,-0.2289753877215799,0.2409261937830439,0.1115206261281195,-0.3109653739317766,-0.177574570503819,0.1261944242153311,2.486204220149156,-0.2004366478228101,0.0276884216669012,0.340879903110593,0.4692435699270599,-0.0899658469603019,-0.3450908704922301,0.1016172556565371,0.07795504670435,-0.2898145691651473,-0.1967540841503848,-0.0472554428288998,-0.2392645325890013,-0.9841658445326822,0.030028028436053,-0.276284026747412,0.0525778030830956,-0.2731528149803778,-0.1722964366326263,-0.8746253053283867,-0.3898864045117045,-0.317093689924691,0.2625880018715327,0.0395373667902921,-0.0392762819270055,0.0798384384069494,0.0621639150868819,-0.2477148520085702,0.2205154837470202,-0.426286500709383,0.2943534869238441,0.0,0.2734668962601249,-0.9246567888127804,-0.6612832407451792,0.0,0.3330511328075623,-0.4481609229019198,0.0,NORMAL_B,96.75
case04,11,W1,step2e_regression_clip,1024,1280,3.6596256826894793,0.0113774529173529,214.1375424403996,213.9045412313611,1.1308538999024849,0.1092981179557296,0.5340674152327227,0.2674113725433166,0.9541176625330208,0.4689171419910746,135.11472295328477,-0.5543389818323491,-0.0739076906143476,-11.96590785438078,0.1157806105868164,-0.1384160429259854,0.017376787775781,-0.765380210653218,0.166374918704255,-1.7239633102285137,1.121891403992897,0.8154185711146527,-0.0591868384015516,-0.6276894459405555,0.1505636666471897,-0.3814244787323143,-0.3670150845006653,28.607537744064693,0.7449084975432733,-1.0787711003765657,1.3761993825660188,-0.0558917061558452,-0.4078780503149825,0.027609139112299,-0.5123947144124615,-0.4833141283564089,-0.2281586731174205,2.871484736075442,0.1497386856269993,-1.026160157792891,0.2527052338364354,-0.3816339603165284,0.6697575895872713,3.6161199964224418,0.3467074081698854,0.3625485544282021,-0.2578975227555753,3.580854671852063,1.7061263247155865,-0.4488998152516746,0.3350030917012206,-1.4903116251849309,-0.4894209916172992,30.432857547198605,-25.87449735103815,0.0,-1.723701660968321,-3.6537452409293008,-2.8292398468406987,0.0,-1.106897544833671,-0.1072490235027895,0.0,FAULT,83.95
case04,11,W1,step2e_regression_clip,1152,1408,3.670040950165504,0.0154039537633738,214.66315700333644,214.40157215157964,1.482379433442347,0.1126132760920873,0.5264530246642586,0.2618099387119221,0.9512912026420328,0.4698251961451145,135.0902829402913,-0.3499233114061864,-0.1861548558026927,-12.046009619762652,0.4898409102011958,-0.0505417248388695,0.1048145278296608,-0.6271782814812565,0.1612134612274955,-0.8919711199541451,1.851337371587884,0.703024755731668,-0.0450489199095701,-0.5297710211263552,0.1572439208901449,-0.3409812459084654,-0.3887291994420329,30.730860278383584,0.6141213924965595,0.0105445336822239,0.92149389200038,0.4662690716217106,-0.4108195818114044,-0.208342466519439,-0.6854011119371196,-0.4894075199479977,-0.1595099541018589,2.495627515566945,0.5797638821443438,-1.484311819924524,0.2618286414366189,-0.5559403366417882,0.4936247845474311,3.37846565448563,0.8507340990672936,0.3117678017521657,-0.1342207213371483,3.5104025812029045,1.8376213106759476,-0.3967891463344715,0.308542719342218,-0.8765313991245905,-1.1880017167506625,30.400711888769507,-25.963659831918346,0.0,-0.8687571547473629,-4.79969975027855,-3.059442694644586,0.0,-1.065795065712894,-0.0852780540834786,0.0,FAULT,90.35000000000001
case04,11,W1,step2e_regression_clip,1280,1536,3.678005252879128,0.0132153329494401,214.99861172556376,214.74660308274392,1.3705712022516052,0.1050178606075955,0.5204574914511864,0.2575317309331512,0.9500256420752836,0.4720572017230368,135.09525941168982,-0.3495057396570089,-0.2248479539646192,-12.053031109537224,0.6603372160333129,0.0985202956666592,0.2183531259376589,-0.4073177414261743,0.099871817679215,-1.3375655415883174,2.397429977375768,0.7165709003346518,0.0208426024221059,-0.5769417999181369,0.2752070580633659,-0.2630057670623265,-0.390837002626754,32.53418060254465,0.4090097771543098,1.525263908816714,0.7126710310548963,0.9333705205858088,-0.2042998569197737,-0.2932949366387573,-0.769039067444883,-0.4556379671674349,-0.1598380594534653,2.429273859252993,1.144691468161727,-1.6772871657090185,0.0375901544463835,-0.3480030202658299,0.3246580611526974,3.025858884698048,1.032866642932983,0.3980489004412386,-0.0579505497119719,3.2173933471635525,1.9174019437732348,-0.347427501724132,0.295897966461063,-0.7556169023486321,-1.223306092951144,30.393282923087305,-26.028722817995508,0.0,-1.3671676146285947,-5.222841006144819,-3.0677531139549266,0.0,-0.993439451821884,-0.0742323316455575,0.0,FAULT,96.75
case04,11,W2_f0995,step2e_regression_clip,1024,1280,3.671552534638929,0.0104808554937037,144.89472431726546,144.70926929629053,0.6078263968793325,0.1068956855685097,0.5289115981825132,0.262859389756386,0.954827377164976,-0.1022608892789804,84.62961781403168,-0.030024188228138,-0.1084720110033769,-10.968727011500414,-0.0370508908593394,-0.1518322219105213,0.0069295419228743,-0.1539018987563157,-0.0457669789049121,-1.495991937905616,1.0198845630318567,0.1997498341569426,0.0229891501568958,-0.3114226568243022,-0.1279652322400139,-0.2117562342944266,0.0528131381165085,13.54610033179688,-0.1206070007892056,-0.4084402255765292,0.7858878386389986,0.1866076893630117,-0.1024751477019803,-0.3007697025035873,0.0304326291505294,-0.1304721670832115,0.1493715092497282,2.5988668471508385,-0.0840581784190982,-0.6601731271279763,-0.0597676281604136,-0.1107478654419047,-7.47613340416312e-05,3.184400070150945,0.1329134508377454,0.2076674043734089,0.2701036912809528,2.0012203855331085,0.8281946776603165,-0.0979872361504858,-0.1257350638695072,-0.7353329117175966,-0.3143091155507054,19.38904769124644,-19.729333299657025,0.0,-1.4735673087859384,-2.586459745325885,-1.599545873686096,0.0,-0.3648928332652896,-0.054376357023244,0.0,FAULT,83.95
case04,11,W2_f0995,step2e_regression_clip,1152,1408,3.682852409759425,0.0156395356506653,145.11006501731816,144.9077778235544,0.7439834503841393,0.1065488850342595,0.5203570651011176,0.2567441990097645,0.9505505369834472,-0.1484826315568395,84.62979302550355,0.1128249554333113,-0.3101791688191117,-10.922171244153049,0.1478475256737011,-0.0384159730123059,0.0160151180284481,-0.06029235639504,0.019691932353151,-1.1859469449943498,1.7628578664619885,0.1026077960307727,0.0023887489403701,-0.3073116293466811,-0.0948810797110336,-0.2615633901863504,0.0085796962948862,14.718654820283843,-0.14855477775527,0.4633969889302904,0.3295234139287093,0.7595273662441966,-0.0395832148717682,-0.4895695411674346,0.0349740638185633,-0.1297671023266394,0.0607640890273285,2.215116694675295,0.1270849765539675,-0.9663606592908216,0.0914039363368612,-0.2291402570656555,-0.1945323614644378,2.895545769660309,0.4281936584165205,0.2193354616174481,0.2329694634262707,1.7516814043366324,0.7952804012442088,-0.1061925893614487,-0.1239608371493099,-0.2725236803054853,-0.8483861825100132,19.38949154376534,-19.730048869998654,0.0,-1.1913209099220992,-3.439212555178518,-1.759177898002154,0.0,-0.1237946668407073,-0.0894391177600337,0.0,FAULT,90.35000000000001
case04,11,W2_f0995,step2e_regression_clip,1280,1536,3.691333626656225,0.0138362072578344,145.13247743213802,144.9324588296952,0.6636843858495959,0.1060773864121766,0.513357025512805,0.2523218416352925,0.947787593902364,-0.1774023677259228,84.62927077438276,0.0769366694593174,-0.4075906555769388,-10.890903416597856,0.2365590133061098,0.0697201861530957,0.1089402833903477,0.1148903584069551,-0.0515617821703778,-1.450156540810825,2.2665773134042744,0.1337034486432217,0.0558187022269621,-0.3718237936695414,0.0602982204268135,-0.2181425050279302,-0.0005768254049315,15.630427300548398,-0.263466216133472,1.5437544831644894,0.144031481854974,1.1935260129661909,0.1520002459954797,-0.5446166579552189,-0.012839496568155,-0.104486675917851,0.0233798308134247,2.121837648354667,0.5342081236633761,-1.099816588202937,-0.0216321447064872,-0.0868567152161558,-0.3562719730988971,2.603036603991056,0.57392153130956,0.3040412797025333,0.2350424498626385,1.4873963602142617,0.8366378960345197,-0.0715980978965273,-0.1403013973967089,-0.1987147515741014,-0.8778633421372943,19.38918630600045,-19.730294236388477,0.0,-1.4777521264712083,-3.725878452626993,-1.8115555489926496,0.0,-0.0009227712613816,-0.1051497251712552,0.0,FAULT,96.75
case04,11,W3_b01,step2e_regression_clip,1024,1280,3.6681389956230137,0.0103265005161319,156.34193204423988,156.152045540514,0.675977962649875,0.11030304197983,0.5336661208268775,0.2648555915793345,0.9539303047452564,-0.0807090892460815,92.38187347453002,0.2287616757494698,-0.1933818449242998,-11.364791724116891,-0.1945763845969339,-0.2602314303973767,-0.0533336046129919,-0.1302346517585304,0.1004135059314136,-1.7400502967220983,0.6100847686906045,0.2757740998117019,-0.0706577558480951,-0.4396375439808396,-0.258813483651338,-0.3024400006243477,0.121079111903334,13.895848710672142,-0.0618502989175888,-0.8706892397080518,0.9641535402218562,-0.1340834590261271,-0.432899932429246,-0.2400005010401241,0.3544200455299479,0.0011519816260497,0.1939395561107366,2.9354778262051124,-0.387667744586912,-0.4609565179132108,-0.2113141982423586,0.2008815883560778,0.1065905773177046,3.4263523494077144,0.2979075057008305,-0.0775900275949694,-0.0942302581436548,2.4020186182822933,0.9049670088095813,-0.1132931749799291,-0.4726383310594361,-0.6076922208556539,-0.4113653621504809,21.03824229721229,-20.857219301066294,0.0,-1.7655094887093152,-2.3955895508995613,-1.7182451562934058,0.0,-0.6240492222082133,0.0361216123177771,0.0,FAULT,83.95
case04,11,W3_b01,step2e_regression_clip,1152,1408,3.678361146441679,0.014855456926172,156.55602770247907,156.34859606205745,0.8796466486265161,0.115435767386172,0.5262353842786118,0.2593115363224682,0.9512696721068964,-0.1268187908311005,92.39928624379596,0.3807024221229453,-0.4111658685532813,-11.314497503383931,-0.0057245257243432,-0.1469760626870084,-0.0247245089404206,-0.0298842708852355,0.1716685614061337,-1.325459482254803,1.379797202709113,0.1737237609287554,-0.0753477640845857,-0.4305790473079276,-0.2251713271703176,-0.3421619148668045,0.0778333254930591,15.16116109284817,-0.0972113961372957,0.0190210108081854,0.4560798510030202,0.453217917557096,-0.3757519978571157,-0.4348104932913711,0.3553305130851276,-0.007764552496323,0.1038497364428766,2.544245121149763,-0.1695726014062421,-0.774808528623283,-0.0531073837546374,0.0815198044782283,-0.0964751368692235,3.1335185511611323,0.6009867086575122,-0.0585000732324825,-0.1396136205773006,2.1400409805811056,0.8737703657975538,-0.1392711843534353,-0.470988321234461,-0.0839373566043958,-1.0075775493611496,21.05681901926893,-20.853978740081185,0.0,-1.3823362011226676,-3.315013102338705,-1.8825330010857804,0.0,-0.3636980698701678,-0.000639001479873,0.0,FAULT,90.35000000000001
case04,11,W3_b01,step2e_regression_clip,1280,1536,3.6859075518221087,0.0133698178386313,156.58510526955922,156.37817824947706,0.7861030970516999,0.1104402871436986,0.5201399447326808,0.2553099405310844,0.9499497833755446,-0.1577557842817017,92.40936094655264,0.3468451628854088,-0.5222877234808221,-11.280770053557283,0.0830098394302165,-0.0380554231320015,0.0831498961369435,0.1505726766495997,0.1008557411318769,-1.6714017250043771,1.9022848435685535,0.2016278106434791,-0.0127036593437894,-0.4969953344516966,-0.0646532295059978,-0.2914874084960768,0.070554879276203,16.147983371961512,-0.2232200706078282,1.1208704612422469,0.250103403865469,0.8983285636175046,-0.1804135264641696,-0.4950495419696062,0.3058304850817745,0.0124296588211855,0.062504505296455,2.4512195596069004,0.2563412673540047,-0.9119869047493778,-0.1704478421943059,0.236205611148032,-0.2634094797195813,2.831228199248592,0.7529908871434328,0.033554480912997,-0.1441031829974838,1.8601699559412808,0.9167208357318194,-0.1157100226537265,-0.4912409947131815,0.0055182362165872,-1.0471791517906597,21.0684703356913,-20.853172353336426,0.0,-1.763812623474258,-3.625027129607968,-1.9319157960619908,0.0,-0.2314710561056093,-0.0213985930117477,0.0,FAULT,96.75
case04,11,W1,fit_only_clip,1024,1280,3.663689002915906,0.0115153712162619,213.43910254693157,213.20061473154735,1.2138524955261711,0.1078445545062823,0.5269073201202711,0.2650115963072647,0.9527267211361378,0.4050070396414696,135.15564237684018,-0.6424022741099802,0.0561787074254446,-11.77310795427084,0.1308242010157019,-0.1001905043674463,0.0842838858823968,-0.6896171043582497,0.2071809725393491,-1.6271535678209768,0.9381523311088834,0.702756327661094,0.0270068656244187,-0.673697103649372,0.0818213601347196,-0.267325847289693,-0.4430472518884035,28.771357215257645,0.7061245855445499,-1.2835934222706018,1.5201102038929948,-0.17862565172171,-0.3441658120589551,0.0388277652490895,-0.5984109917485867,-0.5313657125010393,-0.1508602583429552,2.8925539294518785,0.138765231641582,-1.0528938316757308,0.2405289525893021,-0.4563722994179352,0.7843967016004012,3.795710375048361,0.3055832945163588,0.2976426637263884,-0.1388094441762671,3.856698689804994,1.9014897201655565,-0.3995504608771051,0.2286876623553001,-1.7301563614850992,-0.3452993025975846,31.302699861658045,-26.075928318650405,0.0,-1.6419009019485162,-3.442045893830718,-2.745298723512214,0.0,-1.168954473838783,0.0758150746798159,0.0,FAULT,83.95
case04,11,W1,fit_only_clip,1152,1408,3.674726218263756,0.0155193335343905,214.060513958206,213.7904724081324,1.5894813472127294,0.114063890436627,0.5187908704635443,0.2590259191296546,0.9502298808983936,0.4039279325921026,135.11988198302453,-0.3955129716652495,-0.0520928529181589,-11.85365586603331,0.4803320917701973,0.0040794501602532,0.1261851486511846,-0.5761487413367699,0.1829150925258469,-0.7286753132094441,1.6711811933155971,0.5590943083545401,0.0060481411768193,-0.5873865058949066,0.0723795328871875,-0.2756603752037126,-0.4111385275085991,30.897016041971256,0.5796958297727709,-0.1762112059812669,1.082777893317257,0.3821800020440709,-0.4001422540986901,-0.2166582471486779,-0.7346882989803125,-0.4858698621570781,-0.0816298085180161,2.62428129316496,0.5633722031937105,-1.4773617780471324,0.2223271289543599,-0.6172565849532946,0.606906951569062,3.6033086780172554,0.7647689215116771,0.26423539094198,0.028780186671939,3.8202819918909214,2.004145249427939,-0.3519819647026242,0.1873529816196923,-1.0609721304178423,-1.0837225929148675,31.250530040301392,-26.18168916097747,0.0,-0.6940826971972512,-4.5837105395973134,-2.9306190274324813,0.0,-1.0689593192989597,0.1352683028576649,0.0,FAULT,90.35000000000001
case04,11,W1,fit_only_clip,1280,1536,3.6832096617074814,0.0131040607315928,214.3901962862131,214.1305692578103,1.4520475862003777,0.1043180434014432,0.5128843018134996,0.2545362680993746,0.9495276129802184,0.4034376550972564,135.11635203205233,-0.352282774717237,-0.078608681689937,-11.878897918888931,0.7041603704154161,0.1360465483881937,0.271353285606436,-0.3444571786819282,0.1244337815679931,-1.12950238563469,2.187534868210159,0.5559135055302232,0.0752500380473622,-0.6104889183347187,0.1818172594923382,-0.1647237049336758,-0.373405194237709,32.65104004817253,0.33547836737277,1.361325149234291,0.8835877311564759,0.8588100866212292,-0.2158067583859401,-0.3144389733926795,-0.8567334901218011,-0.4522876245575157,-0.0514852422086423,2.585980671440151,1.1506044843859586,-1.6842093796601758,-0.0618181028367529,-0.3948229336456263,0.443627949825244,3.261843818585623,0.9456118787793256,0.3477948358684422,0.1385499144623052,3.6211446511952015,2.1174205327813493,-0.3175862298348102,0.1791631355669731,-0.9447783914819106,-1.1232535646735151,31.24010380152378,-26.275402030112502,0.0,-1.145708604280715,-4.961043182250152,-2.9373991831364217,0.0,-1.0423611391163836,0.1102048205874014,0.0,FAULT,96.75
case04,11,W2_f0995,fit_only_clip,1024,1280,3.6770384736337896,0.0106981620239733,144.0298055496479,143.8431900513084,0.607296250721442,0.1064760953123168,0.5214812577319666,0.2599270601984109,0.95362753774137,-0.1183231299337368,84.6049652677709,-0.0299669211043382,-0.1080961052805287,-10.9703838741386,-0.0388867863491718,-0.1537334061892866,0.010077338981095,-0.153148335386526,-0.0468763480513911,-1.4918980742920356,1.017367658358724,0.1994428188045688,0.0255107027214145,-0.3109127956143724,-0.1268833245511958,-0.2087540374834577,0.0523797607630069,13.575465337463338,-0.1219389729451936,-0.4117013791618651,0.791135518520858,0.1849084882646883,-0.1023234171524763,-0.2979509960627055,0.0294987387994045,-0.1304626992411009,0.1514135067634465,2.602264727451792,-0.0845865157298313,-0.6568423872903723,-0.0632857664348144,-0.1105526555012241,-0.0003488993161497,3.189105086501206,0.1330706507077036,0.20744398340462,0.2717182658066021,2.008251825260383,0.8308507003420238,-0.0987256284114962,-0.1250318682151059,-0.7388485450965908,-0.3121906595349707,19.921353807764277,-20.0058384991624,0.0,-1.469424607909959,-2.586666531511673,-1.5975795531805796,0.0,-0.3650134880914021,-0.0541608319545962,0.0,FAULT,83.95
case04,11,W2_f0995,fit_only_clip,1152,1408,3.689797847691571,0.0169334701846546,144.24709388019926,144.04351430671807,0.7841003795411106,0.1082747235537985,0.5120071920407641,0.2531292479559155,0.9490337696418428,-0.1663223932180168,84.60534760751992,0.1130220541669514,-0.3097532175378076,-10.923987585722635,0.1458847746834219,-0.0405150160342716,0.0194695834033189,-0.0593116358240741,0.0184745469133458,-1.181537181639775,1.7604957132910524,0.1022986656699138,0.0052547887287436,-0.3066621258684401,-0.0937253142038638,-0.258228488255452,0.0080436245293641,14.750318716027074,-0.149990897925148,0.4608036310077567,0.3348972275772999,0.7578000522319481,-0.0393675522162789,-0.4864366599649452,0.0339547170998118,-0.1299317863642577,0.0629050630441904,2.2187033760164585,0.1263679687384306,-0.9627034675861372,0.0876255694792869,-0.2290925203578448,-0.194734653283548,2.9003581535004352,0.4283135612791407,0.2191884672924057,0.234646920987628,1.7591412464953642,0.7981221079823485,-0.1072357920521097,-0.1231680224936717,-0.2757491780064058,-0.8465750379908574,19.92202294379669,-20.00669338800678,0.0,-1.1867768809922985,-3.4403998853099838,-1.757128351408047,0.0,-0.1238719894056016,-0.0891424272517157,0.0,FAULT,90.35000000000001
case04,11,W2_f0995,fit_only_clip,1280,1536,3.699206226782539,0.0146123907739276,144.2691461809967,144.06787048207343,0.6624850211572826,0.1064883997107613,0.504212223980145,0.2483138529635286,0.9463826534841704,-0.1970724242017929,84.60510774293535,0.0771994006367026,-0.4071494683394863,-10.892850786617185,0.2345416486646918,0.0675044358400959,0.1127415265299891,0.1160875152084865,-0.0528422422608603,-1.445620084999745,2.264271522239668,0.1333731299491143,0.059053939470706,-0.3710706730194488,0.0615081762290706,-0.2144376734555935,-0.0011433684205148,15.663874727023572,-0.2649870847149146,1.542260713029484,0.1494894978623115,1.1917422970048634,0.1522157018035106,-0.541177746343265,-0.0139118186577647,-0.1047649049849288,0.0256222119355476,2.1256327474713257,0.5333589468080951,-1.0958337916833352,-0.0257223811510374,-0.0869168138568167,-0.3564845168845735,2.6079690538650184,0.5740176390872517,0.3039402947394124,0.2367666061991239,1.4950697831206563,0.8395809071062728,-0.0728055646560402,-0.1394064847568625,-0.2020087610674896,-0.8759274809218089,19.922002329990747,-20.007075069607087,0.0,-1.4730869471079144,-3.727064470323645,-1.8094824345417275,0.0,-0.0008910010518674,-0.1048131500627032,0.0,FAULT,96.75
case04,11,W3_b01,fit_only_clip,1024,1280,3.6742576529555633,0.010563060639683,155.2043408998509,155.0126718115943,0.6816225860509477,0.1096252058161285,0.5266067991686514,0.2616391668014651,0.9527909040262372,-0.1028354118158026,92.16255715945933,0.2062992501347937,-0.1353736489088556,-11.410353185175747,-0.1924881857630004,-0.2638280684111073,-0.0488834048098376,-0.1127349696483908,0.101139148962492,-1.7253572409725304,0.6483068996748167,0.2847692955463066,-0.0690121441784926,-0.4456840490646526,-0.2757220052815939,-0.3063489400408506,0.1105136240540732,14.048572843782404,-0.072342471398946,-0.7690139718778829,1.0173323360238482,-0.09350917697977,-0.4011527499640759,-0.2773477252333773,0.3615590027013495,-0.0167966046695684,0.1958868695741736,2.9235742725478104,-0.361477076531313,-0.5144044170998304,-0.1971215777607843,0.1896480179090717,0.0941962551245754,3.3745975723993853,0.3001877215812393,-0.0464313245929127,-0.0741942425705869,2.3822526830069526,0.8881263266012874,-0.098400508037283,-0.4815959944723125,-0.7785924052711134,-0.2777552317071038,21.576377320388406,-21.19811371981392,0.0,-1.753818874686994,-2.4872743341674277,-1.7621392864291463,0.0,-0.6416058287905834,0.0333871467599497,0.0,FAULT,83.95
case04,11,W3_b01,fit_only_clip,1152,1408,3.6859720623673087,0.0161285815020616,155.42007900712667,155.210532761697,0.9343699601342051,0.1166362741848055,0.5181215808704777,0.2553897498645011,0.949763408708373,-0.1505669535972808,92.18144573840443,0.3596871027541097,-0.3530467553984773,-11.361318816253892,-0.0040586769498953,-0.1518885982984942,-0.0188873940608791,-0.0106205880330881,0.1724810341206189,-1.3092699715139842,1.4182204096772333,0.1827864292930697,-0.0719591595747027,-0.43589475618265,-0.2422350281884204,-0.3445189814183284,0.0668666400665227,15.3170782875664,-0.1082462005455556,0.1204065153315119,0.5078150084355295,0.4934175871037164,-0.3435950225319832,-0.4711765634641565,0.3622460945588053,-0.0277989797077705,0.1055644213939541,2.5336507748836112,-0.1449778774195312,-0.8271568030486772,-0.0394074606551287,0.0694344949528541,-0.1092296470138598,3.081756601080314,0.6036250514609885,-0.0258547458386874,-0.1204869514837159,2.122460179464804,0.8569992223971097,-0.1282430789926981,-0.4795806409858523,-0.2490432770398981,-0.8814367727053255,21.596585626659017,-21.195443945771828,0.0,-1.3680292987904537,-3.4090722273318583,-1.92769325846663,0.0,-0.3808770238210061,-0.0032279985764588,0.0,FAULT,90.35000000000001
case04,11,W3_b01,fit_only_clip,1280,1536,3.694514106744719,0.0141751719677176,155.44684418526086,155.23792131183913,0.7900062749378391,0.1097309079206946,0.5111570719945658,0.2509612477047374,0.948407295216094,-0.182992071304698,92.19322165923526,0.3267050757596018,-0.4644108760118158,-11.32858814020475,0.0843280740461779,-0.0436326971861465,0.0916850902364891,0.1713902628103203,0.1018507592568691,-1.65210926983839,1.939742189436085,0.2105323159823402,-0.0064880486921849,-0.5020104049747061,-0.0817291963640747,-0.290856610979332,0.0595481098771742,16.304388505388786,-0.2348129409676312,1.2213109629880488,0.30108971430476,0.9373849098641864,-0.1488448161121394,-0.5297875486866618,0.3124321712037524,-0.0090648311965588,0.0644840348880915,2.4424537456949915,0.2793678228553413,-0.9625373317012572,-0.158548197983553,0.2236533827865419,-0.276383370736198,2.780459047647778,0.7559127565981288,0.0667935872046964,-0.1259901365013124,1.8447434746642808,0.9005135877650766,-0.1068091513129556,-0.4996689227576923,-0.1592175873188852,-0.9208351254512774,21.60996507031016,-21.19476700724637,0.0,-1.7468815448445687,-3.7174390068866616,-1.978040653025137,0.0,-0.2480028260175119,-0.0238758194773977,0.0,FAULT,96.75
case04,11,W1,fit_only_no_clip,1024,1280,4.809353182777401,0.011779027699769,211.8748789793804,211.63521458421724,1.2560058315052045,0.1063078551254075,0.9351782697095772,0.0425628618997083,0.9950284731718828,0.2868278177307891,171.08637865907608,-0.6510256162161422,0.017243402695886,-12.006000486248498,0.5580415678990992,-0.293197540853005,-0.0939067622345117,-0.7012110680010805,0.0312606169778646,-3.053905417938172,1.298251208165989,1.2619284047712396,0.0318642844994981,-0.0242359320607583,0.279990596105526,-0.2739761613459663,0.0065779826110346,30.055346151752563,0.2264497939329107,-0.8532207966474468,1.3341872164256718,0.0077997505492775,-0.2563460314447172,-0.0749430325374456,-0.0017479248997405,-0.4987371469407247,-0.5873560171210023,3.0561170846493866,0.7286853458262325,-1.2445794327832087,0.6076907781785539,-0.1586595519301646,0.2182521743077401,3.72016797667725,0.893855905620635,0.0752807199708986,-1.0786712805851282,2.123883709432985,0.5198340190893437,-0.3099757811972934,0.9999049355911364,-1.6813104947130673,-0.3624510966843161,180.5648305392864,-48.220169017486576,0.0,-3.24949359891322,-3.75465663082742,-3.1593742226544053,0.0,-1.4371042219567618,-0.2810750187643163,0.0,FAULT,83.95
case04,11,W1,fit_only_no_clip,1152,1408,4.813173534952791,0.0119898991509682,212.92881371295624,212.64659640112703,1.915091431916961,0.1182742759032554,0.933122334217494,0.0424395050754958,0.9944781059643524,0.2888106882027921,171.52010000965396,-0.4840864564727076,-0.1589797701543953,-11.9938706480627,0.7933525576607625,-0.1847556566684371,-0.218899538254684,-0.5381437781911718,0.156610952296215,-2.376236784777445,2.2554115479665717,1.0530734845181502,-0.1139875724683517,-0.0991016183156845,0.2843560070881369,-0.5256617813829699,0.0217313053690815,32.555212361800145,0.2868988310869462,0.388787209475401,0.748265493832108,0.6788285582154777,-0.1004043756194612,-0.2000024108934747,-0.0840243695058618,-0.5168161872881439,-0.599949311314917,2.558055853514749,0.9888000097969424,-1.6286787533495235,0.7949926972419794,-0.4077406112688045,0.1089436697322304,3.466314780697118,1.1981407160736608,0.0323069586003217,-1.0706574690397823,1.7730080385799818,0.379208269398313,-0.3750772103115733,0.916801344032725,-0.7856168614684312,-1.3109607134119114,181.0613183811096,-48.26480785464787,0.0,-2.5698898802872483,-5.195128257404937,-3.361772745886932,0.0,-1.143655495559433,-0.2660254202886512,0.0,FAULT,90.35000000000001
case04,11,W1,fit_only_no_clip,1280,1536,4.8130177263244605,0.0126490592030662,212.57143341018224,212.30096474395637,1.648841540286199,0.1039529220752998,0.9314290195722288,0.0422882094353705,0.994104081819856,0.2910351444977527,171.19845888065566,-0.5233434450923674,-0.2326607774914722,-11.985157178087585,0.9113102592214491,-0.0753830901941335,-0.1698316367918251,-0.301177738751139,0.1201927749884189,-2.927420337276591,2.903039701599365,1.0159091523205446,-0.111599789022701,-0.2289183622681689,0.4329731887050061,-0.5703724459639891,0.0511847523533336,34.501193596929745,0.2191448582145439,1.96907273893362,0.5207704743283514,1.1853250454483797,0.1919800496665605,-0.195178181305096,-0.2104732573670682,-0.498886515673921,-0.5793306740396635,2.4391193842970806,1.5184839997620547,-1.7883881298741728,0.6418545466984774,-0.2853488981260441,-0.0015471019465523,3.1631493856817845,1.3257569303351835,0.0999573805450644,-1.0225464793199126,1.3840660307605896,0.3739326546293907,-0.3594390788461121,0.8343785231898954,-0.6254489191318178,-1.3794705159201783,180.74623718417408,-48.47200248149126,0.0,-3.20082031217944,-5.659815469156441,-3.4249871202207527,0.0,-0.9911645405831208,-0.2429039650674088,0.0,FAULT,96.75
case04,11,W2_f0995,fit_only_no_clip,1024,1280,4.811396194993956,0.0118330862591014,130.58433836885126,130.3742753847692,0.5947578688743905,0.1059117577993874,0.9348633181367174,0.0424746579658095,0.9951787220725544,-0.0635170458462111,106.67966212757445,-0.0373063819183156,-0.1222474540717189,-10.966505961222092,-0.0324105657364804,-0.1600195148004997,-0.0259836921952472,-0.1523577482601296,-0.0367566246254257,-1.5162206706744736,1.041616809204939,0.2081259086906638,-0.0103502821706554,-0.2980926527836831,-0.1277222384706268,-0.2456386740793208,0.0556501694332237,13.606831218476966,-0.1111678062295596,-0.4108527969400904,0.78205825877198,0.1981496299516408,-0.103079408727299,-0.3008710913804801,0.0270851799174118,-0.1210403913440267,0.1450122958174587,2.592282564565537,-0.101702067829925,-0.6775401593584075,-0.0378393853858702,-0.115278885206176,0.001969889598871,3.195703848277426,0.1329416263553617,0.2298924817733678,0.2726509303207514,1.9905046516295144,0.8108454988594707,-0.1068354367416029,-0.1142579747594058,-0.7351315023893344,-0.3244653886425439,112.8550591872742,-37.36482024407759,0.0,-1.4945357770430512,-2.6097370182991733,-1.6253332969211458,0.0,-0.3720886549349185,-0.057611252455064,0.0,FAULT,83.95
case04,11,W2_f0995,fit_only_no_clip,1152,1408,4.815109994823471,0.0120304059725467,131.2522422053832,131.024528366285,0.7889030222621332,0.1033770727457941,0.9328029090378503,0.0423750277409882,0.994591458548754,-0.0793781117412143,106.98021954559393,0.1047217832789146,-0.3235969802996619,-10.919995861375938,0.1535025731357031,-0.0449343758058108,-0.0186573343151097,-0.0593071784772081,0.0283651774043379,-1.206214417000803,1.7896588736113284,0.1112579918442835,-0.0324120677957392,-0.2951593087637837,-0.094408812216396,-0.2971056080170302,0.0115346652506015,14.790824153268009,-0.1385554679648186,0.4687453254470552,0.3227346859235271,0.77482253067881,-0.0383129856217695,-0.4922838299166299,0.0319816529548312,-0.1198764375170745,0.053980602520662,2.205734166067089,0.111078048723632,-0.987025105725956,0.1158041481910182,-0.2341869167368398,-0.1951168065240211,2.902225955001325,0.4286032289602999,0.2422660785451219,0.2337545864173228,1.7354966304831223,0.776047195026056,-0.1142321601930669,-0.112310879346757,-0.2713468652708089,-0.8602605374896348,113.18127538095764,-37.291879285949385,0.0,-1.2123628672821196,-3.4710046556028806,-1.7855760492838757,0.0,-0.1310150403648406,-0.0930943899817632,0.0,FAULT,90.35000000000001
case04,11,W2_f0995,fit_only_no_clip,1280,1536,4.81489168555018,0.0127316391129753,130.87834024599337,130.65278392573302,0.6802124043370977,0.1030641694337767,0.931083911279597,0.0422420552466636,0.9941951573293706,-0.0898680000715157,106.80212985033796,0.0681032077592513,-0.4203488032008989,-10.88876498658104,0.2431438448885593,0.064345238471835,0.0739346449796825,0.1157197040139585,-0.0429937111388877,-1.470717444379503,2.296968092642944,0.142735042378693,0.0209281393567727,-0.3603438708127521,0.0607806014489547,-0.2538406988256688,0.0025328118903062,15.71098497840801,-0.2531335166390313,1.5555338465099342,0.1346909001746568,1.2115007388957428,0.1545667055011404,-0.5490683618983873,-0.015704609576468,-0.0942048998662539,0.0149963426101326,2.110643572077754,0.5193130070879459,-1.1226060978202628,0.0044101242671535,-0.0926384605270647,-0.3590875597877248,2.60667037288714,0.5744706550087302,0.3275573396179949,0.2345055899669997,1.4670527461804028,0.8159862356384953,-0.0791063428763566,-0.1281344725949827,-0.1973393153298673,-0.8904519456947809,112.99674989297004,-37.37660113344658,0.0,-1.4991785020788186,-3.762953711549542,-1.8386051194291075,0.0,-0.0081391102809384,-0.1087518539649876,0.0,FAULT,96.75
case04,11,W3_b01,fit_only_no_clip,1024,1280,4.810677062102553,0.0118340868921929,142.15544087541906,141.94126988373233,0.6851921767174693,0.1084857789567328,0.9353885021004816,0.0424842984853333,0.9949691203944292,-0.0359871456361966,116.08618662864002,0.1660966911064742,-0.2670806923754724,-11.372327739845602,-0.1644514115315149,-0.3044512517243999,-0.3019786745736942,-0.0829366228439007,0.1091731103102088,-2.0233713500362995,0.799559021977037,0.3296799202414154,-0.3257378322683169,-0.3487620929099788,-0.2437237899526974,-0.577318045528094,0.1221738822612665,14.280392000277145,-0.0120890293652099,-0.7840950192150383,0.9556722803093683,0.0107696941550917,-0.4357138987881475,-0.3145180071838708,0.3455794752076995,0.0434795708545884,0.1603075162597179,2.848129268500108,-0.4597134111566834,-0.6718347038645315,-0.0004652610284825,0.1483954796826989,0.0758708428005563,3.4300764784958773,0.253358118668429,0.1935353138022113,-0.0036039422081893,2.222280263061524,0.7487695325243228,-0.1724240047608245,-0.3896018646104639,-0.7380867728824068,-0.4058515448280325,122.09273414821556,-39.48784767964377,0.0,-2.06359823758706,-2.6965167144312683,-1.912735836252897,0.0,-0.6249481148714334,-0.0230957178461749,0.0,FAULT,83.95
case04,11,W3_b01,fit_only_no_clip,1152,1408,4.81433385168754,0.0120362705219493,142.80250292931578,142.5694090820891,0.9533119378535052,0.1051163818558909,0.9334960171197204,0.0423920511622254,0.9945062460618144,-0.0515941124368747,116.41888765099542,0.3145712790311834,-0.4787060507889261,-11.324411116952346,0.025998493116005,-0.1878056533120883,-0.2876776338288456,0.0144412649650479,0.1773701399298302,-1.6139592706856996,1.572244640110687,0.2308612272122413,-0.345287551333313,-0.3445562904526059,-0.2090586113210565,-0.6320612019476799,0.077859503797863,15.562084509869573,-0.0434082873051851,0.1107547056398365,0.4526561529492057,0.6007562273923461,-0.3719519400876865,-0.510830507049172,0.3492649370103565,0.0410555820690673,0.0671730305602061,2.45092302059116,-0.2379416062787352,-0.9914729009918894,0.1599173379598522,0.0272141764872569,-0.1249321184236479,3.1305091018872946,0.5598328859637739,0.208246395616973,-0.0469794662347321,1.949761463191091,0.7143736693433664,-0.1860741660161123,-0.3894648433714996,-0.2096738977271404,-1.006763574401604,122.45161891721968,-39.41085639012216,0.0,-1.6848057855057657,-3.628884045153984,-2.0805934793914718,0.0,-0.3685487761006987,-0.0595106933298952,0.0,FAULT,90.35000000000001
case04,11,W3_b01,fit_only_no_clip,1280,1536,4.814051353100998,0.0127351839780805,142.3665599217256,142.1337320019314,0.8290546577143131,0.1018525507291347,0.9319455989578376,0.0422649475732974,0.9942379052443464,-0.0625978278128667,116.22861202606256,0.2767851816890227,-0.5820271718728648,-11.292129332869626,0.1173523973844143,-0.0760745225418065,-0.1782728811201647,0.194349120072431,0.1059083231629872,-1.961626243857404,2.0959442673208835,0.2624386623892875,-0.2809624080440651,-0.4124412127276465,-0.0495627233191457,-0.5790228484049614,0.069885195314104,16.558009795072334,-0.1654412680698137,1.2165687308781268,0.2460419964116711,1.0473213342032266,-0.1722568263240041,-0.5699092979977628,0.2993829749415749,0.0658466865373392,0.0260400910090538,2.354544330960409,0.1892481037928718,-1.1306681389906077,0.0417665235083425,0.1763212739226473,-0.2915664225854741,2.8270213670955164,0.7118239398487841,0.2971783550289999,-0.0495895400419511,1.6621145646421385,0.7562696300943934,-0.1537090888409153,-0.4079926179742109,-0.1228510901107691,-1.0428405901614926,122.25585692726922,-39.49993004997072,0.0,-2.068609041177145,-3.943887381903093,-2.135100114323388,0.0,-0.237998241240314,-0.0765296247113867,0.0,FAULT,96.75
case04,22,W1,step2e_regression_clip,1024,1280,3.6579080707997815,0.0121543833745614,212.2648011119906,212.03934115192484,1.08753490971576,0.1057699521135306,0.5240300921140488,0.266751692744442,0.951142424101833,0.0308441797143049,137.33785312168197,0.0740399265776659,-0.5144770960572174,-12.11824767140477,0.3095547550875193,-0.2810422955658743,-0.669809751109787,0.0144968412358543,-0.9805857050261264,-2.2618119479009784,1.401176650290517,0.404254270873018,-0.7731453749117525,-0.4261475699965954,-0.0181037424580519,-1.290522755479385,-0.0167981055777543,26.822607977815927,0.8159620944572251,-0.8085089244289777,1.1382716050322157,0.4615857500200025,0.4507449375060258,-0.0710225758637971,0.5044659837998442,0.1549680079432341,0.2067594937240709,2.8151213794253294,-0.3521533118792141,-1.6138520241290342,0.643536707064471,-0.4913440846077819,0.4108897456408651,3.444038630690936,0.3608151042987498,0.9157886712666128,-0.4710802079677095,2.0679044533582087,1.590956769578067,-0.0596911836700233,-0.3128479521097905,-2.170797309770524,0.463593908295049,32.23896868946069,-25.875495381684598,0.0,-2.5844027559457547,-5.030855763082377,-2.2511614979732557,0.0,-0.0819356055899921,-0.2099897684781813,0.0,FAULT,83.95
case04,22,W1,step2e_regression_clip,1152,1408,3.668733566307492,0.016089288796624,212.63100751442167,212.37656064882344,1.4915735526655578,0.1146856084482796,0.517768225991078,0.2609004178387326,0.9470433053479004,0.0470678228772362,137.34741645985193,0.3343669623267309,-0.6783863122963506,-12.061197108026118,0.6404393069556592,-0.1017255731682401,-0.8146755142492221,0.0601314179968163,-0.6581900262118224,-1.4985843952432922,2.0742878658927464,0.1598231137330618,-0.8762792762848806,-0.6378165620132785,0.0626356264072089,-1.502706985726525,-0.0549093487071068,28.583657138481897,0.7954303352762757,0.0585100545377473,0.7478341717335114,1.0111548737673308,0.473987328537256,-0.1254790540699596,0.4464656074949911,0.1800485612324044,0.067547002209084,2.6202329540713496,-0.0121174506959063,-1.932336233946373,0.6879672535768633,-0.5354395738119736,0.2738552925955012,3.257131595488377,0.7205657164790886,0.8644337269118004,-0.3452877884719566,1.9893055084595013,1.7921065435286676,-0.2714614216897311,-0.3763714268225612,-1.0994654070636152,-0.6450926346554302,32.25052154759226,-26.034432739834696,0.0,-1.764047990334599,-5.721361108264735,-2.410103518772829,0.0,0.1382671807219941,-0.3051102133649136,0.0,FAULT,90.35000000000001
case04,22,W1,step2e_regression_clip,1280,1536,3.676139613371907,0.015905228293373,212.83912836365175,212.5861559063092,1.3132663928023591,0.1078146100548607,0.5129184633239013,0.2571071706461266,0.9458537127860108,0.0567599693864967,137.36789250229756,0.4031202293583637,-0.7241745071175756,-12.002651898186768,0.8452801746916115,0.0733264611792494,-0.9048842295057062,0.1600923669942792,-0.4763369621752119,-1.961091786983629,2.5175460632458613,0.083262077138633,-0.9397135515579736,-0.9411740820091262,0.2696091446184543,-1.632325041545743,-0.0377801010190516,29.924338721038712,0.6845674572814107,1.239469519532279,0.711621683975683,1.425546470773226,0.6956844123692307,-0.0520880186062129,0.3147574772609933,0.2254173603496871,0.0176305849072939,2.776281535808913,0.5917706258512934,-2.032498731919796,0.4192624653847611,-0.2616219525320279,0.2149392216108321,3.0652999754330086,0.8672620063602967,0.9002544419342675,-0.1824217780359383,1.87305091217303,2.038366413273329,-0.3598338947545511,-0.5084440520698789,-0.640737040972542,-0.9692591935346988,32.26665256494654,-26.17779276608084,0.0,-2.207497552618814,-5.553512556856956,-2.408647536229368,0.0,0.2332323661292806,-0.379202748704626,0.0,FAULT,96.75
case04,22,W2_f0995,step2e_regression_clip,1024,1280,3.671358276216107,0.0104939451995312,144.6379499677641,144.45240573148035,0.6082029038409821,0.1119705028955348,0.5288238261666274,0.2629506902460425,0.954924343091082,-0.1206552071367601,84.46585339030311,-0.0184777475338668,-0.1134557663877515,-10.970735118134735,-0.0310607164722839,-0.1619975015675447,0.0063199746054568,-0.132647048430242,-0.0462943011589818,-1.4838934733996092,1.0167762671458054,0.1849876696821835,0.0226510772822258,-0.3137029312135311,-0.0965576955020006,-0.2172904864031502,0.0597001452253006,13.376239780533956,-0.125277114500102,-0.4136317518349808,0.7925852464230473,0.1848761145970263,-0.085045220263192,-0.2871841237223491,0.0184688412850048,-0.1297923572270586,0.1645563163862946,2.5886037020125188,-0.1074572369683239,-0.6437887365653159,-0.0666621135701995,-0.1142501804529779,-0.0042102883471124,3.164914472742395,0.125301370956217,0.2092998713739394,0.2835990386677429,1.9990876932862207,0.8334070724633583,-0.1033661657404638,-0.1288090825867459,-0.7420704845589171,-0.3124390363196598,19.35290049626412,-19.709773899422693,0.0,-1.4609733280198776,-2.54997035623019,-1.5895616363101053,0.0,-0.355004364644764,-0.0658643555298076,0.0,FAULT,83.95
case04,22,W2_f0995,step2e_regression_clip,1152,1408,3.68273079062557,0.015713765599817,144.85174297197432,144.64939531811228,0.739186453196426,0.1166569182516212,0.5202469926399724,0.2567912281345121,0.9506427775544988,-0.1671960055627544,84.46653869223557,0.124176981667554,-0.3138496402344647,-10.924421730418636,0.154363754461535,-0.0475718661268189,0.0126427885707895,-0.0399997738367887,0.0191804510693174,-1.1756450070812126,1.7603019364862664,0.088934538206971,-0.0004838825105322,-0.310606515691179,-0.0628182976933388,-0.2698122040630108,0.0153555516324931,14.5403427533917,-0.1522626926462905,0.4607924545102987,0.3364303829038976,0.7588970692733777,-0.0206108817861725,-0.4769505793624299,0.0227829583730923,-0.1288627630748471,0.0750880547403514,2.2035439789352886,0.1043512448878556,-0.9515820606514804,0.0858575286610385,-0.2324824835399181,-0.2006187233297608,2.873909395873861,0.4210638009964262,0.222037317233471,0.2461979194432608,1.7477928644647247,0.798505477066895,-0.110658094379535,-0.1266057595091805,-0.2796757724189244,-0.8464098408770816,19.353713819999196,-19.711710683022908,0.0,-1.1804373464713822,-3.39700080604576,-1.7492885134300449,0.0,-0.1150948677111109,-0.1011187699310001,0.0,FAULT,90.35000000000001
case04,22,W2_f0995,step2e_regression_clip,1280,1536,3.6912672357563743,0.0139112168319106,144.87375859049482,144.67364501723094,0.6608272885423173,0.1113565882140773,0.513242759205798,0.2523430525180802,0.9478668123881144,-0.1962449468308414,84.46699195064866,0.0886459419534091,-0.4102716770849882,-10.892947189803012,0.2438921530902389,0.0604996863279515,0.1034670405312531,0.1344883174859281,-0.0516119463414477,-1.4397491736377137,2.2640414227401524,0.1208325015188781,0.0510438549598122,-0.3760411409090629,0.0924168019498345,-0.2284296251256224,0.0060313341616014,15.444537623621391,-0.2662047197288076,1.54200855062703,0.1501195592908324,1.19344801415993,0.1717166228082213,-0.5323218166347832,-0.0253210447444295,-0.1032841381549343,0.0376198470708322,2.109366130651877,0.5114238911114428,-1.0860982565821964,-0.0254017319095888,-0.08989692879391,-0.3633989285618969,2.580657788728813,0.5663965056685757,0.3077053105124478,0.2478289084344338,1.482653254122324,0.8388186710958513,-0.0750282610594898,-0.142344401578811,-0.2060325828796266,-0.8758853052382105,19.3542971583722,-19.71256207871688,0.0,-1.466618451744717,-3.6825931729207286,-1.8019707731971537,0.0,0.0071834114914097,-0.1169213707958582,0.0,FAULT,96.75
case04,22,W3_b01,step2e_regression_clip,1024,1280,3.666191101208261,0.0102213679493981,154.28129579946858,154.09006623414055,0.667020785567242,0.1136284036090933,0.5332950985649123,0.2659975641183897,0.954342204619722,-0.0805316431952225,91.3938707509636,0.2814655917048694,-0.3483566651909604,-11.293916875604268,-0.1995453595276549,-0.2737843769061826,-0.0504308392987175,0.128058265006523,0.0261763038543216,-1.6625134173542009,0.600786295181995,0.1605078782237905,-0.0656573036286966,-0.4879696265138327,-0.0365409979529815,-0.3144490750250938,0.2780854064154213,13.36923477802624,-0.0935925580773683,-0.9747844883057192,0.9364113401584536,-0.2249999696352595,-0.2658990333234755,-0.1459887078515815,0.2965883132249216,-0.0455100035086401,0.2960413621836952,2.8861772607337253,-0.5761529419317619,-0.4119802250497121,-0.2529665248937474,0.1526086638121972,0.0930286812247731,3.3236801013186064,0.2427913620459772,0.0282912195641826,0.0550638245936906,2.467276738475973,1.0663677113941905,-0.191249838053034,-0.5140468923886066,-0.5320987269993329,-0.5046662551664016,20.948901561173763,-20.479540164957683,0.0,-1.6957361821825343,-2.19181504659536,-1.598393926815488,0.0,-0.4555877949115934,-0.0947466215047377,0.0,FAULT,83.95
case04,22,W3_b01,step2e_regression_clip,1152,1408,3.676570311053645,0.0149430383572359,154.48923206676517,154.28018571593827,0.8505651456371947,0.1181679996790121,0.5260790482609833,0.2603205309600596,0.9517543767988504,-0.1264087543558339,91.41082733987616,0.4367553393223879,-0.5524186883568423,-11.247952563160604,-0.0100145420791991,-0.1596187807011669,-0.0437151865356181,0.2236443398954093,0.0973042740939218,-1.2624546628667273,1.374503996326596,0.0703279974417216,-0.0922145683618811,-0.4843779220042192,-0.0006568041078288,-0.3785579683067305,0.2327285302344506,14.601369096215205,-0.1189765749982386,-0.0769722153998664,0.4445922367619714,0.3615319455645264,-0.2034118718173634,-0.3380460377614124,0.2915348733181548,-0.0536785590588629,0.2130476708516959,2.4920713347217824,-0.3618868401280416,-0.7325459165926319,-0.0904450739050335,0.0343532963461697,-0.1176808829434994,3.027201982573211,0.5466446873321569,0.0447115877556724,0.0142242751153355,2.209362263408792,1.0200740044220176,-0.211915460253783,-0.5091910220674462,-0.0101935174492601,-1.095245788052298,20.96566421920802,-20.48944193816037,0.0,-1.3267405942848831,-3.059809496007288,-1.765818241984284,0.0,-0.2057296017809069,-0.1298345063512951,0.0,FAULT,90.35000000000001
case04,22,W3_b01,step2e_regression_clip,1280,1536,3.684190518635673,0.0133837553853583,154.5268231124046,154.3179243867745,0.7708830948262547,0.1107358048764946,0.5201733085754623,0.2562937910461553,0.9504992569489852,-0.1570566958677959,91.42559796836908,0.4114030951803174,-0.6535005430215981,-11.21469892805088,0.0827338357679999,-0.0537295190847287,0.0535701212771413,0.4009538828969567,0.0316792522551617,-1.6174631235605097,1.8982288178667188,0.1050000532895239,-0.0401299557827272,-0.5561658216341298,0.1569806695227536,-0.3399691359535979,0.221446107006593,15.5587257286093,-0.2334383744015307,1.0372785096142396,0.2389248910593192,0.8074506940133227,-0.0047482520108745,-0.3936117100173608,0.2356007001874972,-0.0324169092282849,0.1820048396124078,2.3973452699366917,0.0562541262598602,-0.872603259606355,-0.2017109866615869,0.1911140333024125,-0.2893759493644042,2.72564456038542,0.6929205206590977,0.1367878929793584,0.0110016852202767,1.9371971957049008,1.0585251948146328,-0.181290489032329,-0.5258010161306816,0.0754797688843988,-1.12941453117326,20.98071044881558,-20.493454074599445,0.0,-1.7161314697887364,-3.349346548041031,-1.820262633105096,0.0,-0.0772035818966173,-0.1509823728609744,0.0,FAULT,96.75
case04,22,W1,fit_only_clip,1024,1280,3.663502790118774,0.0127671708174659,213.96767226167103,213.73833582014788,1.135551607249947,0.1065483668886104,0.5169114213013737,0.2637322863233192,0.9503319063618628,0.0327837915446525,138.9964506228742,0.0860659491367181,-0.5168053507304747,-11.908271378432104,0.2954530548366622,-0.1761594707492606,-0.6672423830561919,-0.0244235445755968,-0.8765290131191916,-2.391054588842639,1.346408551915296,0.4351981866915731,-0.7939118929720174,-0.4314133358577794,-0.0061045534159232,-1.2717478207950503,-0.0120499533322202,27.444519255546147,0.705501648523427,-0.9084354375680608,1.1682764872028926,0.5055922477784587,0.4255070815963227,-0.0666651680836108,0.4621249852405363,0.1541488310246068,0.2947679191633399,2.8112800289730826,-0.3706291318226175,-1.6551761653208763,0.5939407192754108,-0.3841869085401425,0.5423421810100926,3.4821769751721545,0.2728008048669584,0.918604295162762,-0.353176388081427,2.198947172965416,1.518869697491119,-0.0266482372639312,-0.2763842630408178,-2.0844955965362924,0.2715690327915303,33.46703806763102,-26.62059832735193,0.0,-2.6417048110471044,-5.072191195666511,-2.2701693585249414,0.0,0.0204734201446796,-0.182911348706069,0.0,FAULT,83.95
case04,22,W1,fit_only_clip,1152,1408,3.675521827444097,0.0170498538051546,214.34746309147465,214.08984927382477,1.5890561620851826,0.1136457423763715,0.5106176449312917,0.2574060647606325,0.9469735502455794,0.0387403927154091,139.0443239297028,0.3673477208316225,-0.6582935509003353,-11.908132520006037,0.5935663704567231,-0.0194933527756726,-0.7881590651838352,0.0037892848600294,-0.5389072216747341,-1.6244515238481434,1.9774052034556544,0.1705308583924614,-0.8728024749126746,-0.6110119024701378,0.1191276672912611,-1.4683568510261196,-0.0601996271279419,29.15923903631751,0.6021451479819775,-0.0970353922105499,0.8303484178152216,1.0130827545059122,0.4676462021341072,-0.1386783725387654,0.4111991786450273,0.1913175473811066,0.1551774783805371,2.697205743858213,-0.0500066069482909,-1.9315333247820703,0.6080987960171841,-0.390803599061837,0.420310850980349,3.26483535612438,0.560285453875799,0.833751683574056,-0.1170558649152901,2.1715219115272086,1.687136753843607,-0.187369678882859,-0.3555165687357904,-0.9232105162370372,-0.8952822989970938,33.53196096637786,-26.811494945609944,0.0,-1.8008002854448868,-5.650019298017624,-2.398733971518483,0.0,0.2718116235634831,-0.2271743209203625,0.0,FAULT,90.35000000000001
case04,22,W1,fit_only_clip,1280,1536,3.6831382207263177,0.0167026117272727,214.5552236113596,214.3006309200721,1.3408819782348125,0.1055095220310554,0.505223651310618,0.2535063698918346,0.9463862454717022,0.0440268386099571,139.03756673757673,0.4248998803566374,-0.732912119955458,-11.881283730429368,0.7757170046726416,0.1303668486234375,-0.8483473581933388,0.1059017610824687,-0.384739906034897,-2.0242835597262387,2.386277581112389,0.1037615535333818,-0.9214685486149125,-0.8957135162540351,0.3683849464129697,-1.5824461445837912,-0.059464695327895,30.492797946565226,0.4649088254002556,1.0790402552529212,0.8269308142644269,1.4130581761649814,0.6700033287386792,-0.0489042216520865,0.2847348549163668,0.2474043928290792,0.1050318962444864,2.844349349522201,0.5665063322639917,-2.0171530585894075,0.3462805147360249,-0.1183684406450168,0.3346033352609912,3.06907832897889,0.6899438353116174,0.8647721991402761,0.0674144267443489,2.0590447438760897,1.928735483997692,-0.3048168810683257,-0.4650618629292519,-0.4773632480296369,-1.2050582694925491,33.53170118904538,-26.96353069175399,0.0,-2.1756612728335583,-5.450665941200694,-2.408403145370994,0.0,0.3506360653696857,-0.2560186634431881,0.0,FAULT,96.75
case04,22,W2_f0995,fit_only_clip,1024,1280,3.6768249131684665,0.0107130697721807,143.8110965644838,143.62440373781993,0.6082091768412882,0.1124150399097855,0.5213803743571529,0.2600199598916741,0.9537270978837292,-0.1348393727765718,84.47066129800835,-0.0175503319369225,-0.113048483212742,-10.971882582573093,-0.0314917772750108,-0.1630772173419869,0.0074007743374261,-0.1334360256957449,-0.046924277849574,-1.486975959842599,1.0145967786475327,0.184161195245459,0.0231792243860635,-0.3139885220682354,-0.0977076051073038,-0.2164229949253741,0.0596774208389742,13.398459660316792,-0.1259361273035817,-0.4163603161603857,0.7933873129558972,0.1825443770636819,-0.0844276335892662,-0.2863720437637607,0.0187467539230937,-0.1307741137902404,0.1649539007991362,2.589349894133927,-0.1074485788779643,-0.643302000366988,-0.0670845118658265,-0.1140080032520445,-0.0038262660483465,3.1678463311117504,0.1253099920186699,0.2075448538688968,0.2845209587018866,2.0020981312409045,0.8337048611924168,-0.102606126975127,-0.1299750517728634,-0.7417950981632808,-0.3146110550554004,19.890272645893223,-19.98649096868256,0.0,-1.4644478749319094,-2.5517404275984177,-1.588810055787642,0.0,-0.3546882128359502,-0.0652895652970936,0.0,FAULT,83.95
case04,22,W2_f0995,fit_only_clip,1152,1408,3.6896674204867215,0.0170199629923932,144.02651617793214,143.822895088451,0.7791003266394723,0.117081772205027,0.5118715664117812,0.2531732340706775,0.9491161778679263,-0.1832877280662575,84.47129828283717,0.1250708288896934,-0.3133913687456862,-10.925675199581216,0.15378388339982,-0.0488382381783682,0.0138986103975528,-0.0406807190463766,0.0185160722579046,-1.1778906988329478,1.758347882251668,0.0881887426248202,0.0002064515888809,-0.3107081306196144,-0.0639563370198138,-0.2687710978172877,0.0152064095758037,14.564182908420696,-0.1530173963950677,0.4590140974705289,0.3372607832271882,0.7566361584955871,-0.0200034897816501,-0.4759635747465144,0.0229078442019888,-0.129944040060342,0.0756784261388416,2.204387157176681,0.1044566930077832,-0.951065819862134,0.0852224970783855,-0.2323984812669834,-0.2001652913612562,2.8768891559542977,0.421019681843467,0.2203664412304014,0.2473361590986994,1.7510865783488934,0.7990829926763208,-0.1100661500702556,-0.1276997948342482,-0.2786870242819309,-0.8491946415634941,19.89106040312033,-19.98848537009349,0.0,-1.1830177607602703,-3.3994950796682626,-1.748388607348538,0.0,-0.1149323527984957,-0.1004809053357183,0.0,FAULT,90.35000000000001
case04,22,W2_f0995,fit_only_clip,1280,1536,3.699132520040835,0.0147003991120783,144.04798045785822,143.8466209889007,0.6598716433730527,0.1108974174088926,0.504066132817577,0.2483316180090069,0.9464452031852018,-0.2141466916880975,84.47177682176402,0.0895105949537906,-0.4099037618398555,-10.894196921541017,0.2432349981692889,0.0590444133183371,0.1048175991408292,0.1338347588000687,-0.0522715953250039,-1.4423377040149896,2.26207538884918,0.1201370618842016,0.0517862756518409,-0.3760630594047726,0.0912315976076115,-0.2273015604826139,0.0058123037923555,15.46948836780484,-0.2669762904748248,1.5414695423367808,0.1509602737420867,1.1911298489531796,0.1722166833150424,-0.5311012650099276,-0.0252862375387352,-0.1044177103679327,0.0383821388497814,2.110302651663744,0.5115953166325544,-1.085512374317903,-0.0262261500071376,-0.0897993892658984,-0.3628238462693868,2.5838034499330136,0.5663387082530648,0.3060281074612534,0.2491406280191438,1.486004202119834,0.8395989843645326,-0.0743627439639717,-0.1433792035291128,-0.2048740992436827,-0.8786156123108121,19.891680359437814,-19.989320955547285,0.0,-1.469601648867065,-3.685042590801412,-1.8009565449375018,0.0,0.0073799383448319,-0.1162550682359053,0.0,FAULT,96.75
case04,22,W3_b01,fit_only_clip,1024,1280,3.671715722311122,0.0104188461344678,153.65787735022735,153.46509901192576,0.674243541555419,0.1134469868876715,0.526305654750874,0.2630542960079759,0.953321218435383,-0.1035427429777678,91.58418521532548,0.2686551529274856,-0.2920631778354349,-11.325155174569971,-0.1834092915836623,-0.2696184963091814,-0.0199516237032215,0.1305524965062063,0.0238714350676932,-1.684460419784901,0.6233328640481739,0.163350261070225,-0.0385326985172964,-0.4978498906275191,-0.0613186964617289,-0.2923769913484608,0.2720812475928398,13.449841531489652,-0.1120371346639999,-0.8843669989322441,0.9571862780404038,-0.2084764182916542,-0.2265382734189671,-0.180496910218703,0.3046856224306092,-0.0750835650527584,0.2858984137227334,2.86587973861733,-0.549064539670531,-0.4725819705076224,-0.228697746421034,0.1341056045467197,0.0882174961365226,3.2748372438915103,0.2374121542584791,0.040789308666969,0.0764881925452777,2.439446489677242,1.0437120225473144,-0.1543501902120156,-0.536245378065034,-0.6669873151928667,-0.4046416323998033,21.579748295564613,-20.81743261579859,0.0,-1.7277279999166768,-2.256977645643715,-1.6465900508913107,0.0,-0.4591801150809282,-0.0940304544513997,0.0,FAULT,83.95
case04,22,W3_b01,fit_only_clip,1152,1408,3.6835527449970464,0.0161799212407712,153.86596782161743,153.65504210386985,0.9023821893692504,0.1183682213058894,0.518058580363719,0.2566844126173223,0.9503485333701212,-0.1513065902193119,91.60103329416307,0.4245120278097816,-0.496370474135783,-11.279554783861714,0.0050143905608817,-0.157085947698358,-0.014034620379278,0.2273733161119082,0.0951822316504592,-1.2760919821595704,1.397580796957004,0.0740594567788389,-0.0656937634668314,-0.4933852994724351,-0.0257831004378469,-0.3573396068182958,0.2259630253244443,14.680984030372665,-0.1374885674668712,0.0128893247383754,0.4636344039571734,0.3775706755390642,-0.1644101178492236,-0.3726045481056272,0.2982483777984437,-0.0842094692917599,0.2042626592905259,2.471823767843912,-0.3348610912429561,-0.7938001123137418,-0.066254072584171,0.0150513025009948,-0.123050588362343,2.978118159644624,0.5404983775281531,0.058250902474868,0.0360837187506,2.182964621183061,0.9980240462904074,-0.1792191963926185,-0.5304215165950847,-0.1349675234122711,-1.004787803306707,21.59642896250468,-20.82713122682661,0.0,-1.3495996331319622,-3.1247859597394454,-1.8136844606004408,0.0,-0.2098906311783892,-0.1290323421172063,0.0,FAULT,90.35000000000001
case04,22,W3_b01,fit_only_clip,1280,1536,3.692112486824623,0.0141455012586243,153.90412177517112,153.69341653149826,0.7739271977734723,0.1099702482606558,0.5113056506787491,0.2522545711061743,0.949078049435985,-0.1835325617249439,91.61668312708932,0.3996999056304309,-0.5985915493480297,-11.24608786343246,0.0970369557278361,-0.0528029800502168,0.0833796435828951,0.4055816863018434,0.0296880672095903,-1.6339119539104674,1.9195076325622005,0.1094200937562211,-0.0136990077313225,-0.5656225302287228,0.1313769969860197,-0.318617021584674,0.2142410377701435,15.634574387020177,-0.2516230301499169,1.1257738033974234,0.2569152641721319,0.8216632202402869,0.0327909978113844,-0.4269391063628429,0.2415374461630212,-0.063407635945611,0.1743464738913988,2.3775996813583165,0.0822774696152171,-0.9336727505902168,-0.1775803734748986,0.1722738252436302,-0.2944394612579538,2.6780083414039746,0.686521433989422,0.1502177630674699,0.0328172045269572,1.91200754450138,1.0380023909280591,-0.1492022950679563,-0.5472448909190499,-0.0465226023771709,-1.03961994600488,21.612334800971063,-20.830339080235603,0.0,-1.7430200482193918,-3.411793771828198,-1.8677623964732832,0.0,-0.0806245080062482,-0.1503043421938574,0.0,FAULT,96.75
case04,22,W1,fit_only_no_clip,1024,1280,4.801113513727379,0.0119323447082102,222.2950108996787,222.0744971451388,1.1695611636582022,0.1054840779103941,0.934547591196718,0.0426455715113309,0.9947177395078798,-0.0399431444749272,174.71729648137986,-0.320317892314928,0.005412739716887,-11.60740936624108,-0.1541588144249901,-0.0996926880129542,-0.5771986405818735,-0.1452326064447813,-1.1472579101085036,-0.7180404579852517,1.4112445926045407,0.5069099569630333,-0.7316396019311423,-0.7228647404877531,-0.0679341371700209,-1.0841093033856994,0.2693310023717495,28.367242325086284,0.6314404022243452,-0.4381376803252347,1.7048803535391477,0.7784073034217386,0.2222651409375545,-0.6188083605059179,0.1446984301712248,-0.3430482218462243,0.7358685497430029,2.119611482167492,0.3525899683494391,-1.984632286703038,0.4276623931647486,-0.3891336312194168,-0.2066374255343321,4.026692735576912,-0.1287375655156075,0.918786511509223,-0.9407220670197916,1.6423998359787444,1.2602037315251955,-0.0348009643031404,-0.2147844949874896,-2.435597488241477,0.4160142201383459,193.8551872736436,-49.17286536756324,0.0,-0.780132635323848,-5.895757350455749,-2.7717285783013894,0.0,0.1234338995062545,-0.0235518016752173,0.0,FAULT,83.95
case04,22,W1,fit_only_no_clip,1152,1408,4.805493194794631,0.0122542030087092,223.5838234289472,223.33384912419064,1.7223458192706085,0.1139765694689732,0.9323362608948212,0.0425326298767969,0.9939803205276778,-0.0361715649172616,175.3138068336486,-0.1191170318497071,-0.3701680996250853,-11.696422623906075,0.0634859768715067,0.0615258837338375,-0.5798822449205004,-0.0392542483083944,-1.0447047018949656,-0.0284961357650604,2.2157588124572225,0.4224474929144075,-0.8015324565451535,-0.754763230320322,-0.049594935385511,-1.2356716168538886,0.0180455381441858,30.519642603470995,0.5563709640924756,0.7383284081070299,1.2174054966047896,1.3861078739566537,0.3637623259678837,-0.7101465552273513,0.1348697951152873,-0.2638737229195126,0.5889115492593736,1.67727629817323,0.6355349918941475,-2.367734927695788,0.6301104727385635,-0.5511675381082667,-0.4669115282126811,3.585546835315343,0.2342808282279558,0.9728883238599388,-0.8869992839667431,1.36276560009587,1.318385777638769,-0.0992117112020944,-0.2448765637801066,-1.5810420405478234,-0.4765678949979204,194.51095456318973,-49.14577615025924,0.0,-0.1566327114260849,-7.128323924673726,-2.91562033169183,0.0,0.3137437598530602,-0.0535041662854726,0.0,FAULT,90.35000000000001
case04,22,W1,fit_only_no_clip,1280,1536,4.805890812471455,0.0130666800365389,223.50372496787696,223.2559004461394,1.5215855884385596,0.1039555267365155,0.9305157823543108,0.0423947498861094,0.9935865498263098,-0.0331336196151243,175.13528978482262,-0.1061165229815193,-0.6602736796389711,-11.809070338745755,0.1669143525865354,0.2125282172499651,-0.5192016908192232,0.1441338862247819,-1.087195599305943,-0.585460041736689,2.745547049849,0.5000069488123974,-0.8349892289853734,-0.8577183772327983,0.1146248826500956,-1.3204270346237337,-0.1889798861981181,32.14809076042852,0.3628183701687967,2.2006354499148286,1.0928277803373267,1.8530801294335109,0.7010608668398042,-0.6441444648594173,0.0918508036165309,-0.1500971224671675,0.517707041027149,1.594320698805508,1.2083748331820865,-2.526682166152181,0.5221053498272922,-0.3603937236851888,-0.6409594415805137,3.1069945776518457,0.3730085596261358,1.1395131008351114,-0.76605382400631,1.0517875097842548,1.4161956429799138,-0.0828989827713851,-0.3052042529103315,-1.3695414236119126,-0.5636104113030305,194.298248523752,-49.32621748696172,0.0,-0.7929134683866688,-7.410219845237688,-2.8982363805753306,0.0,0.429168573878361,-0.0435262182982064,0.0,FAULT,96.75
case04,22,W2_f0995,fit_only_no_clip,1024,1280,4.811388134551244,0.0118336828687452,130.34882747097737,130.13858247600453,0.5963165924735312,0.1062648096956115,0.934894781718852,0.0424827898615814,0.9952040133886132,-0.0780772647657274,106.52450911196136,-0.0274162233332613,-0.1102484950813245,-10.963665575620528,-0.0390481435563055,-0.1605205244961627,-0.0004429557628843,-0.1377548473658214,-0.0488805299331784,-1.49127038567825,1.023520099669648,0.1948548916841523,0.0140734410740486,-0.3074011379693203,-0.1020631465997297,-0.2241071800013808,0.0597125227856466,13.41532675334136,-0.1267514169834688,-0.4135165905622429,0.8034831517956597,0.1898795946740697,-0.0793489227316035,-0.2910998309108393,0.0200012113906993,-0.1228589369687573,0.1615155655104741,2.5862095291157217,-0.1059481024164187,-0.6491993556834076,-0.0623764599524153,-0.1256338135294907,-0.0085814372369147,3.1701328754112947,0.1354703556476122,0.212738224912297,0.3000816183615565,1.9996254865150396,0.8339861283874411,-0.105958204664781,-0.1228051090766908,-0.7418566016066812,-0.318742999205215,112.71759754932737,-37.32778902475118,0.0,-1.467807969329503,-2.5625449229968105,-1.595026027836009,0.0,-0.3508714755391067,-0.0640886411617527,0.0,FAULT,83.95
case04,22,W2_f0995,fit_only_no_clip,1152,1408,4.815098636091116,0.0120302148154073,131.01812121248986,130.79030581472205,0.7827550392994284,0.1034713673655071,0.9328364187118676,0.0423815859598979,0.994621159647045,-0.0940611383393991,106.82445581678796,0.1145650236624409,-0.3111852180641434,-10.917271717948076,0.1471385677524788,-0.0449900558703265,0.006078811954649,-0.0450262853773645,0.0163504206416152,-1.1821789642944385,1.7701064550010428,0.0983880170426462,-0.0086919809062442,-0.3048297232169347,-0.0687002646127899,-0.276187640401615,0.0155324808988706,14.586240146531264,-0.1536396338823869,0.4668878226027322,0.3442100470487677,0.7665969488541313,-0.0142128032953126,-0.4829007632223067,0.0250021893404716,-0.1214936684924363,0.0702138133562601,2.1992420789224,0.1065772382351148,-0.9590560375028406,0.0918208235973162,-0.2447225491239038,-0.2062770999130959,2.8762322621141267,0.4313330576552014,0.2256471041939591,0.2607429001381647,1.744946917039079,0.7985009857259777,-0.1130411840102496,-0.1206370887540717,-0.2774330250893125,-0.854919220481248,113.04317635410396,-37.254848271921695,0.0,-1.1864964429601383,-3.41526952044343,-1.7555311590799492,0.0,-0.1103054199246238,-0.099518401476992,0.0,FAULT,90.35000000000001
case04,22,W2_f0995,fit_only_no_clip,1280,1536,4.814877755477209,0.0127338599719112,130.64888927034673,130.42318180361133,0.6775768242994115,0.1034935510529155,0.9311179285438752,0.0422479038947975,0.9942255155549928,-0.1046039407352855,106.6465049029273,0.078317434285154,-0.4076825894420817,-10.886049922001256,0.2371982633140834,0.0643381992638226,0.0977749203668928,0.1298379666848836,-0.0547468830768201,-1.4460636427214424,2.2760334391240606,0.1302814829499715,0.0439331835291826,-0.3701959477286777,0.0864849357649039,-0.2337056788842427,0.0064502777318484,15.495349883499278,-0.2675608498806315,1.553371751888043,0.1559151699361246,1.2028782318663835,0.1786876196771713,-0.5396866090401787,-0.0226873129758828,-0.0958088695000904,0.0314100107550394,2.1039049962333665,0.5141156069003223,-1.09485199067134,-0.0187868060018133,-0.1030305043752334,-0.3703981475125076,2.581111863708549,0.5771452550609653,0.3113209405029912,0.2611264561418082,1.4775125435089151,0.8382221849936508,-0.0774591015504456,-0.1363761908221262,-0.2034627297246127,-0.8849550846995959,112.85867720566768,-37.33946644445681,0.0,-1.4725953613621363,-3.704346323920519,-1.8089987491577055,0.0,0.0123756552061482,-0.1150829218034994,0.0,FAULT,96.75
case04,22,W3_b01,fit_only_no_clip,1024,1280,4.809948665198545,0.0118426290666795,139.39042932405766,139.17223375146446,0.6799917070914346,0.1070502754935235,0.9358014790184228,0.0425630511372398,0.9951154619949188,-0.0165227122917281,115.3434277405354,0.1846164521490682,-0.2728537984127653,-11.231452205887688,-0.250196626664923,-0.3000696733041068,-0.1426790170450657,0.0755302769783818,-0.0220559151458253,-1.750157112294145,0.6370209228755062,0.2696101445502397,-0.1821696796566647,-0.4496151122634368,-0.0795287034952751,-0.4237138484080419,0.236064978868532,13.54685675913444,-0.1223361485396236,-0.9454957152531692,1.089326508006187,-0.1733207316709861,-0.2785698124876347,-0.2166682241618185,0.3417296153945957,0.0116751373683886,0.2580114121648569,2.835389930508532,-0.5528388998980873,-0.5544546283594465,-0.1533557815118147,0.0436078851306882,0.0995986629685678,3.2731419218688065,0.2776986972612784,0.1288113353873745,0.1999097623361037,2.375707802155042,1.0786968054902923,-0.1857964519650314,-0.4747042531731233,-0.6845007736644623,-0.4282938965693322,122.05904191380068,-38.82922223917736,0.0,-1.7870440564967691,-2.3834956843427992,-1.7364651948528915,0.0,-0.4394767833146945,-0.0801318627621964,0.0,FAULT,83.95
case04,22,W3_b01,fit_only_no_clip,1152,1408,4.8135715256840514,0.0120320467712621,140.0508102966552,139.81307729762216,0.930047438456832,0.1036764555253974,0.9339806654716106,0.0424637215303988,0.994707504582236,-0.032095727519455,115.67454523622382,0.3334078262463552,-0.4795166947927192,-11.18526720212802,-0.0587742044553826,-0.1816658639291753,-0.1311952788773196,0.1715086288456707,0.0462373471534823,-1.3408430757309209,1.416455421223988,0.1730543613437957,-0.2052173788372494,-0.4478472611978716,-0.0452728317614192,-0.4814974791907536,0.1907303683997581,14.787902930794967,-0.1500409260205257,-0.0366143908175144,0.5904698391340544,0.4183424127185127,-0.2112421861104581,-0.413170995928512,0.345757449143461,0.0100502907356675,0.1672502197722716,2.436786964237018,-0.335461616226911,-0.8758822875381811,0.0073491832861263,-0.0796220101691486,-0.1068338733991196,2.973114476040685,0.5859717911192409,0.143964261262538,0.1568297032673972,2.113700367508722,1.0391043951487415,-0.1986005888241157,-0.4715852979067484,-0.1457477522219807,-1.0320657978593029,122.4175463944004,-38.75449815814977,0.0,-1.4082088332486016,-3.2587398949743607,-1.9045341142532253,0.0,-0.187407456713447,-0.1160547090472158,0.0,FAULT,90.35000000000001
case04,22,W3_b01,fit_only_no_clip,1280,1536,4.813266670167724,0.0127285383900633,139.70354571933055,139.46596624569816,0.8140734081806731,0.1021691841420672,0.9324806997128856,0.0423339795977845,0.994481278541956,-0.0430979681306286,115.48774249824692,0.3002038850608333,-0.5794502717431622,-11.153429067049538,0.0352973064274067,-0.0690537616598008,-0.0237282953250388,0.350807085489772,-0.0235908829355976,-1.69068310128689,1.9449846904726065,0.2070904258385363,-0.1427317200070709,-0.5170118458265685,0.1135137653875056,-0.4314598534969438,0.1816350557646443,15.751748327833344,-0.2663783823317711,1.0870826197939345,0.3824758670898715,0.8666801429020968,-0.0094789426128394,-0.4712707126912575,0.2957960721895726,0.0347154953454647,0.1294053104150713,2.339173863673524,0.085593108746072,-1.016971802147734,-0.1079072936353221,0.0694273986071979,-0.2781012442327653,2.6706552622106075,0.7376604760362974,0.2344024043737869,0.1538267764910008,1.837008726405267,1.0800723650486508,-0.163705022939969,-0.4892656790896053,-0.0591207307157859,-1.0659043184242665,122.22314926033135,-38.842670386545656,0.0,-1.793697969078714,-3.555282494274825,-1.960944404232865,0.0,-0.0572855065036923,-0.1329024140006138,0.0,FAULT,96.75
case04,33,W1,step2e_regression_clip,1024,1280,3.645325129219319,0.0118531132920355,212.32510271377024,212.0897879563226,1.0683780679238075,0.1045805953514705,0.5171426766079541,0.2769496437909328,0.9410956363070478,0.0455836430420443,130.9565781579356,0.0017887058444929,0.4064750865696663,-12.683689711630008,-0.5415404890680474,-0.4405788519513515,0.5624365328226149,-0.2362450469452912,-1.2043620450770902,-1.4265779566333152,0.0684626088031911,0.7399450011609621,0.8141629563637988,0.3897318860990295,-0.2648889460781709,0.6612675377700532,-0.0730043960658321,26.82091119921385,0.3453137497871449,-2.0814253824142064,2.630135402324105,-0.883515505942906,-0.8558387253717217,0.0930128896903821,0.4527999620159325,-0.2459596267361406,0.6169906112333728,4.470701709442385,-0.077303976289181,-0.4854113710614612,0.0620561608368513,-0.3446086846300094,0.6952504867234397,5.6651149772998926,-0.9540489701033138,0.9511675624218614,0.7205724105969589,4.298974045740568,2.3680787422734046,-0.2780353446163868,0.4418478974618551,-2.274564692964828,0.1827336169506267,29.294244627101296,-24.8964016882278,0.0,-1.3388172369721,-2.6407662640811584,-2.8904436381940117,0.0,0.5044838276547448,0.8854960744633071,0.0,FAULT,83.95
case04,33,W1,step2e_regression_clip,1152,1408,3.653432894944761,0.0137662075631189,212.88368074681432,212.6021907764946,1.6179019084055912,0.1168844472599781,0.5112754716616458,0.2717493205291552,0.9420060354794758,0.0438898599371574,130.94826475774897,0.1454771071295822,0.1972778088941647,-12.631256064672652,-0.3234137527428804,-0.2819327187332284,0.6433165462473707,-0.1352888616468572,-1.1056354653471618,-0.7040884956565246,0.9486943428507112,0.6505367260994831,0.8374088463068862,0.4040778806313531,-0.235567268940527,0.6565544662668196,-0.1039478094792171,29.455356189447325,0.2653321389778512,-0.7333842353985565,1.9595413798314596,-0.2818410771542416,-0.7708176575323225,-0.1026336732903438,0.4554690897026245,-0.2100349370655456,0.4793897249877291,4.012425615047455,0.193774827114727,-0.8869689480265732,0.2278244176778908,-0.5086313321316633,0.4210120964037132,5.267296339553657,-0.5568850116534891,0.9415651021715143,0.6825419810967721,3.897411633436704,2.320653912516207,-0.2733659295301956,0.4692969109569788,-1.4105597448272489,-0.7700121577573577,29.286622421419,-24.891372352252912,0.0,-0.6480496264914759,-4.221257164128471,-3.0932161861885548,0.0,0.7753201834031372,0.8467423784858502,0.0,FAULT,90.35000000000001
case04,33,W1,step2e_regression_clip,1280,1536,3.659079610108196,0.013006954010706,213.15264878410545,212.88340787777688,1.3771917770998174,0.1063796542005693,0.5065153809706483,0.2682194326245566,0.9435871544867556,0.0483332240249624,130.94446601454604,0.1192412306797235,0.0727849102613445,-12.57766758386254,-0.2480811779235845,-0.1864160081796402,0.7606325389144054,0.0481602164332946,-1.192904961009741,-1.283642341952605,1.550338214574676,0.6795382848069199,0.891594028506809,0.3542030239292387,-0.0514166863908197,0.697305849231885,-0.1100476998027996,31.48053360976044,0.1488870708894216,0.9205803192917922,1.7042074291031246,0.2026489856898655,-0.4841685982441416,-0.1472049785461535,0.4075876117282315,-0.1606156121776505,0.4378869819480044,3.8874912592675424,0.7035583487455717,-1.0760969622968268,0.0554230031682511,-0.3531287016714656,0.220210892944023,4.82883084053115,-0.3619442916126875,1.0342478469031895,0.7144975827044174,3.508739014293498,2.3881556043891674,-0.2479347849869151,0.4388949280224634,-1.2231064249321624,-0.8621812234500399,29.2862049803362,-24.887096498634637,0.0,-1.2928334383751714,-4.747315633770631,-3.1300140976244903,0.0,0.9006773067881844,0.8149138246018125,0.0,FAULT,96.75
case04,33,W2_f0995,step2e_regression_clip,1024,1280,3.6713554427835664,0.010470404951077,144.64769065235708,144.46211883525882,0.6062937816126446,0.1049073910616531,0.5292415367110138,0.2630286236160412,0.9548337434370612,-0.1098652440527745,84.45160787966573,-0.0357301798111139,-0.1051986831029342,-10.978274534798604,-0.0548827939482441,-0.1629367297375447,0.0374467418297891,-0.1339570743094218,-0.0610193049468178,-1.472006183316195,0.9913615327056756,0.2010673222300055,0.054733423478154,-0.289279807484922,-0.103738353061682,-0.182601458976614,0.0474821857668949,13.514151706260934,-0.1473268751413137,-0.4432097168381915,0.8397032613637927,0.1669048229072961,-0.0859071162643389,-0.2720793185524862,0.030512928825381,-0.1394044522137975,0.1713676036899153,2.599858384589858,-0.1065788623089973,-0.6340996433448364,-0.0815331713588789,-0.1058567372044061,-0.0050846348201592,3.225619652774758,0.1259362438636754,0.2063330794312844,0.2884640290386002,2.051660671566746,0.8505861381673679,-0.1043422587295697,-0.1090288988621122,-0.7628032325889769,-0.2899069236232344,19.35024601880992,-19.733464953825603,0.0,-1.4454129419631598,-2.524197311551298,-1.5893232640061556,0.0,-0.3696256963101464,-0.0674027923579523,0.0,FAULT,83.95
case04,33,W2_f0995,step2e_regression_clip,1152,1408,3.6825703607367615,0.0155719882370685,144.86590955579146,144.6633584456884,0.7471988954861326,0.1062251450662001,0.5206928272086396,0.2569210150749025,0.9507484917425272,-0.1564878876712439,84.45159259573282,0.105823475198133,-0.3057680072073017,-10.932355663285634,0.1301124783165906,-0.0475179335678962,0.0463073384591213,-0.0413491584490337,0.0040161395623002,-1.161456700063808,1.7382393497991686,0.1046490382447317,0.0340986964519722,-0.2860313055442266,-0.0701406723573456,-0.2323494478581372,0.0033312938849787,14.69467597062448,-0.1747737409899903,0.4353686126255121,0.3821922712964136,0.7426197719545478,-0.0210830354058371,-0.4626440520355002,0.0349023022938065,-0.1378552322321859,0.0809339668939023,2.213884362450089,0.1056108921668624,-0.9424093270646412,0.0707537349736867,-0.2246721710576034,-0.2018486183689776,2.932738753910332,0.4212090844249103,0.218242702442778,0.2500820457690718,1.798812618725529,0.8168008625729082,-0.1113112528556914,-0.1064319863290951,-0.3004407904322883,-0.8246136112603973,19.35028024291871,-19.733957223155755,0.0,-1.1626212391158357,-3.382628911701057,-1.749146891917609,0.0,-0.1295558554635175,-0.1025835867821623,0.0,FAULT,90.35000000000001
case04,33,W2_f0995,step2e_regression_clip,1280,1536,3.690998241393931,0.0138032883199065,144.8892018599832,144.68903772060443,0.6621026641162137,0.1066328226291553,0.513703408298924,0.2525050701921172,0.9480774439615922,-0.1855236302517952,84.4510127355309,0.0696196235174414,-0.4022398119592452,-10.900935980872193,0.2192661756022266,0.0614608587446581,0.1387659263060716,0.133337820072928,-0.0674088008666025,-1.4228804102526469,2.244388361445486,0.1365035880618678,0.0871545064524293,-0.3509222971439911,0.0850604836879444,-0.1892572770179886,-0.0060007059403276,15.611830568884614,-0.289027769678187,1.520550072929783,0.1953167101864162,1.1782454710779289,0.171406448169336,-0.5185642653101464,-0.013076283260068,-0.1116982029567195,0.0426117089872567,2.1195329090714217,0.5129221569521506,-1.077230255216162,-0.0415639314330542,-0.0830967711618469,-0.3649455257065726,2.638093169008184,0.5665131269750036,0.3035594618560362,0.2513031679146015,1.532371233167136,0.857481518517704,-0.0761393437862421,-0.1216255845988159,-0.2264660807691661,-0.8546731965680591,19.34968230137085,-19.733781595229107,0.0,-1.4460546494564828,-3.672229504502976,-1.8016996682735027,0.0,-0.0072822606991324,-0.1176440811934505,0.0,FAULT,96.75
case04,33,W3_b01,step2e_regression_clip,1024,1280,3.667765638649949,0.0102247228066005,153.35493099395495,153.16370918156676,0.6650399920238971,0.107071567090703,0.5354340741794168,0.2660602593748883,0.9524055854629396,-0.0282935254379121,90.46220224587292,0.3033126906970105,-0.3181941235966101,-11.403486311548903,-0.422259121106652,-0.3293719754621707,-0.0408255814705861,0.098674666371133,-0.0830262180239206,-1.5048939885997434,0.3495293036486477,0.262877273100554,0.0110450493609314,-0.3809413612528584,-0.0244545342481489,-0.2617100693182876,0.0537207604068699,13.753063761659096,-0.3116481713153856,-1.181772429487167,1.361423392642414,-0.3608332735982458,-0.4025988832144807,-0.1506850154940217,0.4540562876937883,-0.1767128541397782,0.3547054324474431,2.9501353688007703,-0.6693470086040976,-0.3850709560042975,-0.1511671382081236,0.3570123262827364,0.1945069805100786,3.6063592608780977,0.3518713090402479,0.0285198099759441,-0.073473001635511,2.769203476494846,1.180029384349606,-0.3329569725556346,-0.5031157942668829,-0.7199723201700458,-0.3576835545450255,20.69893088914756,-20.86824779958928,0.0,-1.5146870291738004,-2.016680965146972,-1.674327864416227,0.0,-0.6294123430067479,-0.147708847513822,0.0,FAULT,83.95
case04,33,W3_b01,step2e_regression_clip,1152,1408,3.676901104467318,0.0139358501231745,153.5871947280564,153.3769589070419,0.8862012124547425,0.1097462191751967,0.5284376063677068,0.2608083535202198,0.9512310063553372,-0.0739621050643414,90.46810681637297,0.4454510660361032,-0.524520995966547,-11.360566812045358,-0.238383039629187,-0.2119454372489636,-0.013396389760266,0.1929263462807209,-0.0158597356811956,-1.0605023068690802,1.1299647775216644,0.1670034343811986,0.0048175604408447,-0.3775218504936193,0.0111849879366353,-0.3019823978427279,0.0094568913833395,15.044137857493682,-0.344779872377338,-0.2740691815870862,0.8707188870620599,0.2307536204184944,-0.3339057089956173,-0.3457868002442994,0.4490451568269071,-0.1728799684118384,0.2635336703966867,2.550050146887612,-0.4527021197474313,-0.7032721465861393,0.0028686998874977,0.2377631408602989,-0.0118100458897891,3.300829385600126,0.6487836334876139,0.0403782185961614,-0.1181694587717969,2.5078991867684963,1.1500337701771834,-0.3496369665543444,-0.4896922094805154,-0.1988713160565122,-0.9571542309545592,20.703835387807043,-20.866575965655944,0.0,-1.1004244370992795,-2.9410431641346486,-1.840183914700156,0.0,-0.3839324523062703,-0.1817171848929894,0.0,FAULT,90.35000000000001
case04,33,W3_b01,step2e_regression_clip,1280,1536,3.6836111126161937,0.0128391212517165,153.61126746228237,153.4023960973628,0.7735805910097976,0.1040136470318712,0.5226886256754917,0.2570665985596748,0.950883742338959,-0.104045739986846,90.47080824823723,0.4110275899835589,-0.6283468811318714,-11.325637729346472,-0.1483572176391734,-0.1039436170624607,0.0889869901669179,0.370094682259539,-0.0900756215354203,-1.3708764939764695,1.6612866345881043,0.2009448628981786,0.0614051557404613,-0.4472977068643514,0.1711610240825893,-0.2576724425413114,-0.0028192282615618,16.052721444200824,-0.4644823008127612,0.8454789919566744,0.6681108337446051,0.6799454240418152,-0.1316338804357331,-0.4052426925481551,0.3943285621526125,-0.1407018324813223,0.223181829066117,2.455579418980648,-0.0287017073366986,-0.8450878282747719,-0.1190256883374028,0.3889344615851918,-0.1815136068677259,2.9945879565147195,0.7928300045641923,0.1311356519036122,-0.1208416292748178,2.229369227887986,1.1911237298707842,-0.3196143863222254,-0.4994448943700179,-0.1069050872117712,-0.9999115928220244,20.704934944134266,-20.863622954920228,0.0,-1.4426205563944514,-3.251954166707368,-1.8892865027956025,0.0,-0.2576062713934511,-0.1942488110992478,0.0,FAULT,96.75
case04,33,W1,fit_only_clip,1024,1280,3.650655281592349,0.0121761835452268,213.954193303524,213.7157098883172,1.157181141612435,0.1047460441750543,0.5116305914188508,0.2739031517339463,0.9399603808965832,-0.0113675220478713,133.54684003547982,0.0316734172784229,0.3933638880473104,-12.32199470752706,-0.5664202462204148,-0.4783480553325298,0.5403136310766211,-0.2120458474021075,-1.1672773253199742,-1.4765889088479995,0.1073976310077256,0.6990661957657622,0.8211376936008313,0.3604858406278321,-0.2493059934960024,0.6267388680618805,-0.0865126662822839,27.74069007654848,0.3551942025958946,-2.098229146829357,2.669088233375266,-0.8069575885793239,-0.8471909460925023,0.0242094640888623,0.4293137485814423,-0.2959264536704151,0.6628373091258082,4.41909266920985,-0.0797426086817656,-0.5497400490243497,0.1102233268559633,-0.2756473640993746,0.7041242718247921,5.655117317934393,-0.9041263545324212,0.9615005831041712,0.6748035685143986,4.23229153742242,2.438663240328495,-0.3076457700803975,0.4156815027935701,-2.310283418035592,0.1418843145416362,30.526198174629084,-25.291142878561416,0.0,-1.3995127725139511,-2.7866173180785543,-2.874318378562152,0.0,0.5020627514465776,0.8847491402297456,0.0,FAULT,83.95
case04,33,W1,fit_only_clip,1152,1408,3.659619082636653,0.0145113403439325,214.4900165832327,214.20253579284767,1.8039891295431127,0.116558308084988,0.5051355571348461,0.2683529514917654,0.9411055898519496,-0.0174564008829824,133.54033510892103,0.1932241758479817,0.171027716208414,-12.2439260158878,-0.3561427372815237,-0.3596744838369326,0.5828672903980534,-0.1215286143159294,-1.10822805176802,-0.6841912669016627,0.9748220430994756,0.6061378668557179,0.8016172450721217,0.3964258042970391,-0.2003515288748479,0.5740958556168902,-0.1292790708829218,30.420872422518972,0.308505372330958,-0.7498662888167474,2.0321111754888057,-0.2065257163929796,-0.7240864983407532,-0.1668246705482781,0.4506898585756487,-0.2727040579699629,0.5413668359919899,3.936154229088044,0.1974146758372422,-0.9773597393946049,0.2833912025688027,-0.4650089409861082,0.4439844565382287,5.228255195391499,-0.5224023983653537,0.9603885879098298,0.6631321348332158,3.860404707682624,2.408696848306589,-0.3131869376002346,0.425142714750683,-1.3784124088355951,-0.8557644591405253,30.524174419003216,-25.284183912213976,0.0,-0.6329705971492696,-4.376570476997894,-3.054875682550275,0.0,0.757793741098999,0.8171717373901126,0.0,FAULT,90.35000000000001
case04,33,W1,fit_only_clip,1280,1536,3.665808801893045,0.0136191670959614,214.7512618773845,214.47541971605085,1.4992151479482845,0.1070251373320132,0.4995228988161168,0.2646044789805898,0.9428689744546708,-0.013565881313708,133.535560766311,0.1507798908929614,0.0494852024383051,-12.17649650838049,-0.2850675787453477,-0.2624024295818186,0.6971437643476283,0.0468657180402903,-1.2129292784945684,-1.267018173697235,1.5677526382393592,0.6428978810093046,0.8466335181999975,0.3572173392052358,-0.0130814202049959,0.610914631466341,-0.1226977088252797,32.494716378219564,0.1917852509959874,0.913561569987812,1.7870396352772118,0.2564889777014812,-0.4237097936359817,-0.198049735149656,0.4196031449822147,-0.2143630370842734,0.5006217635095465,3.831337918597353,0.7091454890595229,-1.161649788181331,0.0958835504729543,-0.3246908763712881,0.2370970764470318,4.801566153962547,-0.348584311039353,1.0554213175345275,0.7101119675400964,3.485335109010303,2.479818306047308,-0.2815333267159183,0.387703773881378,-1.1772575313371556,-0.9487180328437596,30.52465543974818,-25.26384036325281,0.0,-1.2876254368012054,-4.893988865200578,-3.076419212343772,0.0,0.8880843894210161,0.7674491963416725,0.0,FAULT,96.75
case04,33,W2_f0995,fit_only_clip,1024,1280,3.6768318410716208,0.0106915026403901,143.78406100512592,143.59732699516158,0.6061318095329656,0.1055873415323379,0.5218014577849451,0.2600922469696871,0.953622340383652,-0.1254780831607022,84.42764057186776,-0.0351562213851341,-0.1051882055488621,-10.98079694363444,-0.0553131495443299,-0.1628507504458166,0.0367037904741998,-0.1335066264217555,-0.0616760018669023,-1.4727704102035355,0.992541856383058,0.2001369499070688,0.0543002582729934,-0.2885931470070049,-0.1032888529723914,-0.1832347059391206,0.0478392938270011,13.534406064698832,-0.1473823014669312,-0.443817709726198,0.8408882065207538,0.1675430504588515,-0.0846670715721941,-0.2725552742278657,0.029667644795951,-0.1400133958668636,0.1713067490609714,2.6007475063392462,-0.1055406008929142,-0.6335940833787306,-0.0820986517110257,-0.1057280461664393,-0.0057174694369719,3.22655425933454,0.1262356643008822,0.2066729666494091,0.2882532754420945,2.053616361940398,0.8494284131820503,-0.105975543506133,-0.1093551631484373,-0.7645490898233476,-0.2903614474522039,19.8803021379786,-20.0076905230688,0.0,-1.4461435308988613,-2.5279201030455107,-1.5882775545339558,0.0,-0.3702305278064973,-0.0679749217626059,0.0,FAULT,83.95
case04,33,W2_f0995,fit_only_clip,1152,1408,3.689523904780468,0.016881687209638,144.00399239555912,143.80015451939212,0.7887946310634772,0.107100912312033,0.5123077500124588,0.2532935683251684,0.9492086490428076,-0.1740644037926051,84.42772212116118,0.1064910917168766,-0.305800318654052,-10.934863440212393,0.1296651199473314,-0.0475196635455198,0.0454172091356037,-0.040889308132616,0.0033693004961164,-1.1617810492893714,1.739940881965866,0.1036848361400644,0.0335244895524968,-0.285375449730455,-0.069685253348797,-0.2331199090006186,0.0036464642191752,14.716697767437536,-0.1748788727571319,0.4358621205626305,0.3830503228904512,0.7435388551956263,-0.0197315357869322,-0.4631624096011237,0.033923235506874,-0.1384728006213543,0.0808531901208081,2.2147926197548227,0.1067450947271294,-0.9420101219073248,0.0702298586530997,-0.2246693412915839,-0.2024604143391045,2.933483154031394,0.4215088623186912,0.2186624171068393,0.2499302465964644,1.800616754486535,0.8155394840287432,-0.1130371433299196,-0.1067332863266632,-0.3014337079221926,-0.8257267214078425,19.8804338791667,-20.00820420973374,0.0,-1.1629096727715644,-3.387513954112221,-1.7480116889553667,0.0,-0.1301371969519173,-0.1031032116070866,0.0,FAULT,90.35000000000001
case04,33,W2_f0995,fit_only_clip,1280,1536,3.6988860215448,0.0145958452862052,144.02651250339147,143.82509098269986,0.6612582751042946,0.1070849825062227,0.5045117306316133,0.248480465000412,0.9466436111237744,-0.2049661297952738,84.42723000900433,0.0703405445842121,-0.4023074037909712,-10.90344286077517,0.2187964952923728,0.0613934401475344,0.1377891422608954,0.1338008407134868,-0.0680140601745934,-1.423438025304259,2.2463192400754,0.135501212931293,0.0864855748396059,-0.350322553591857,0.0855364473457677,-0.1901182545507614,-0.0056954290962469,15.63502131658226,-0.2891570632750245,1.522276546774383,0.1960144631243891,1.1792673702179342,0.1727838213369677,-0.5190359567982792,-0.014145250885872,-0.1123251690345548,0.0425635659554353,2.1205087091214287,0.5140647375519579,-1.0767996541804283,-0.0421611946711615,-0.0831344974580498,-0.3654795630708366,2.638758717864955,0.5668227131614051,0.3039787379655929,0.2512322595360733,1.5340919430238622,0.8561334503829829,-0.0778697895085737,-0.1219202234315286,-0.2272594568691399,-0.8558928728964418,19.879915896502453,-20.00804588130268,0.0,-1.446621218063659,-3.677391849629464,-1.8005017773223773,0.0,-0.0078119126203077,-0.1181393064932066,0.0,FAULT,96.75
case04,33,W3_b01,fit_only_clip,1024,1280,3.6731796832396144,0.0104347835853121,152.36623331799763,152.17327781495604,0.6733746072700482,0.107033020326096,0.5285315671752031,0.2631546185926567,0.9511300308630056,-0.0509782721011324,90.34570828716984,0.2842283602293293,-0.2752719123180667,-11.46453911064037,-0.4128432617332733,-0.3208509497031995,-0.0336246841678288,0.1147316859373811,-0.0830875048773294,-1.5417911568029896,0.3779603401484348,0.2630976594927948,0.0233575362964944,-0.3739616322503526,-0.0374439805797099,-0.2554532028007923,0.0558284789157309,13.820136095098889,-0.3151638413278236,-1.1082468123148066,1.3928645185974444,-0.3333290160825501,-0.3743747784027404,-0.1796264927594805,0.4555589781306989,-0.2066033138579111,0.3538184771748229,2.9384242810194623,-0.6442412857715175,-0.4231062687882237,-0.1363481937473493,0.3462045032115496,0.1878237938164761,3.5704885414006777,0.3584744256660752,0.0577788793644512,-0.0595760899122208,2.75835949080406,1.1658334996562705,-0.3330312721732534,-0.5193766264448485,-0.8547330435696453,-0.2585779323172187,21.230151690774903,-21.16222614274323,0.0,-1.5535973876644704,-2.0921711568394272,-1.716524039987789,0.0,-0.645739307209874,-0.1692576773315541,0.0,FAULT,83.95
case04,33,W3_b01,fit_only_clip,1152,1408,3.683726325734685,0.0151037032368121,152.599370201942,152.38708108913897,0.9469128421656066,0.110152798243937,0.5205108094690752,0.2572253144389904,0.949684523268822,-0.0985195054133892,90.35232622904368,0.4276051705608398,-0.4822843443089961,-11.421878954790502,-0.2297394560688199,-0.2051361097862913,-0.0080670889718132,0.2094562683920855,-0.015397570526575,-1.0911621043193265,1.1590870145721055,0.1671885043918376,0.015406628453046,-0.370706823081839,-0.0017794960971876,-0.2974402846718106,0.0111810418907061,15.10944112212173,-0.3490257951723824,-0.2013575311282222,0.9000125115985601,0.2582501585509016,-0.3046628179330544,-0.3748155598874136,0.4490152881690381,-0.2030883950647631,0.263533093007759,2.5395689351187998,-0.4278931300586384,-0.7411125031878922,0.0175320833856522,0.2265183074882376,-0.0176164879310393,3.264942980873411,0.6555271546777695,0.0703577867500842,-0.1035275843712238,2.49790920137846,1.135114052987878,-0.351590007359873,-0.5059356026374671,-0.3264555827759891,-0.8650368058835638,21.235766724089288,-21.16078801851068,0.0,-1.1327674447361806,-3.018569780607788,-1.8819565208004116,0.0,-0.4001928032292525,-0.2029399591867438,0.0,FAULT,90.35000000000001
case04,33,W3_b01,fit_only_clip,1280,1536,3.691374478519496,0.0135659906648943,152.6188708442208,152.40800629803022,0.7809669898851361,0.1036098127054815,0.5139359816260232,0.2530718229922619,0.9493933810384548,-0.1304302104222152,90.35622700998248,0.3938885166136165,-0.58641650735461,-11.387154373736646,-0.1401700688751281,-0.0983181516213489,0.0936049605503557,0.3871339096222472,-0.0890668041156231,-1.4043352895290089,1.6899939350211437,0.201100491187958,0.0712764605558157,-0.4412222108401014,0.1582478298255738,-0.2538956958744019,-0.0014123491854981,16.11553626544088,-0.4690906319916008,0.9178679343806664,0.6961028156363368,0.70692722023315,-0.1022313444455009,-0.4340073878230014,0.3934938785304332,-0.1712370337998992,0.2240047184948782,2.446015566216709,-0.0048433235529622,-0.8826195979893197,-0.1045498722888003,0.3781293189087811,-0.1864224018082044,2.958750074515517,0.7998097120000193,0.1613988246025485,-0.1057743612447597,2.2199533506603584,1.1756706587306835,-0.3220866232936955,-0.5159909846164177,-0.2331941351454267,-0.9081200881061876,21.237947600651506,-21.157898109288503,0.0,-1.478648112492784,-3.3291106660385306,-1.9311201177424104,0.0,-0.2733491977311245,-0.21538628220196,0.0,FAULT,96.75
case04,33,W1,fit_only_no_clip,1024,1280,4.806330478693768,0.0119631237790047,214.4644402646865,214.21792271523412,1.2738793949950205,0.1054551765482165,0.9349267127125028,0.0427789429664539,0.9938726001707482,-0.0387345817406824,168.6082412927707,0.1344963382607628,0.1363409615571772,-12.55287915671655,-0.3578383587098309,0.5263948621403459,0.1946338364443027,0.7759170421288771,-0.0095641767742327,-3.802750045049536,0.1486998165351863,0.3916728532418551,0.3835416273130105,-0.4216658078173717,0.1560796706562288,0.1968563669527303,-0.1322627792678837,29.05792621267328,-0.0194134294485241,-1.5132136956859086,2.525628485187649,-0.2739699631397019,-1.2921488761163873,-1.1064216675009797,-0.5243788220466488,-0.4996928504699092,0.0903404133987727,4.146036561056903,-0.3512670834310566,-0.8739912246420632,0.2085312556954024,-0.1343090075107808,0.8135210806422716,5.762390617190157,0.5380348421772115,0.5071394812195916,0.4797280122969907,3.6930985394229863,2.021943704658366,0.8357219767901187,0.407994316467252,-2.810945520150472,0.991698323988776,177.17216896818758,-48.90070448549597,0.0,-3.711992857756517,-3.896201407799897,-3.159985454888229,0.0,-0.0062294732266452,-0.1819698301975918,0.0,FAULT,83.95
case04,33,W1,fit_only_no_clip,1152,1408,4.810005906374045,0.012200714320727,215.44141988195744,215.15349266945725,1.820100729542823,0.11439996899283,0.933555521130501,0.042671516565582,0.993726638314772,-0.0418450023177258,169.16350981299988,0.1951292535330974,-0.1766003934195376,-12.458880902174927,-0.0535956241185049,0.6380313070547545,0.2174454372904927,0.767040731408038,-0.100977845141556,-3.2540209867271925,0.9566523382646318,0.3952189843675375,0.366608597404688,-0.3878888931284333,0.2092586952879848,0.1561365431622525,-0.1566837806815991,31.389472739773783,0.0281911784208565,-0.3959913493487499,1.879866816410433,0.3091877439154614,-1.236964241165702,-1.18433610628435,-0.6831758908807098,-0.5902730226841094,0.1452324191267503,3.612996499684851,-0.0801214621206999,-1.0531776151285213,0.5104578477851641,-0.3083506318268117,0.6599400635381594,5.650250055340388,0.8070606841985245,0.5108439207232194,0.4661340656063424,3.340509482090671,1.9478681952592043,0.9132492635326848,0.3352089527515638,-1.7334683226836205,-0.0873465546064584,177.7496098060968,-48.852487939106176,0.0,-3.3072038084482083,-5.280174967166214,-3.295002128108842,0.0,0.3924438549550229,-0.0785755715080544,0.0,FAULT,90.35000000000001
case04,33,W1,fit_only_no_clip,1280,1536,4.809757829247694,0.0128961756806113,214.90587070850464,214.627786139274,1.5552283067549262,0.1050359490923788,0.9324335892191972,0.0425528397986519,0.9936435387644252,-0.041112627976123,168.9725465704471,0.0545213066699437,-0.3634988734482248,-12.338660123275965,0.0513145368997064,0.7087730469982327,0.3867303774217476,0.8201261778248354,-0.3147855823292212,-3.9095381494562353,1.5472394367544464,0.492459709290266,0.5055279667824927,-0.4024753188276092,0.3635178076448555,0.3087928752946571,-0.1454799720809588,33.23334504893001,-0.0059812787839858,1.086559910781143,1.623640339492912,0.7986417400704308,-0.9807955135341436,-1.1543414058037231,-0.8589315976659561,-0.6686000176083351,0.2252514754466036,3.4654324327984978,0.4998717462903985,-1.0310013288463835,0.4378253048562546,-0.1560461395377086,0.5774107994024246,5.480118675989597,0.9028334526320656,0.6133121245315081,0.4242549508451939,2.9258329060006045,2.007219287301706,0.9481079062319332,0.2543393062939941,-1.4997446129280754,-0.1837954746819526,177.53032362043115,-48.955521421843535,0.0,-4.117992325795339,-5.649906207455246,-3.267136048831129,0.0,0.6206091644347544,0.049710327835272,0.0,FAULT,96.75
case04,33,W2_f0995,fit_only_no_clip,1024,1280,4.811501192450367,0.0118327290628961,130.34936320940577,130.1391493052684,0.5938419168371303,0.1057354194169558,0.9349393149058544,0.0424848107213588,0.9951924241217572,-0.0713879982666325,106.4766291898453,-0.0391948518800781,-0.1049732317306276,-10.981220687176275,-0.0515336412533078,-0.1518832194222026,0.0283477775754531,-0.1345106278877045,-0.0573079293320572,-1.5022827228415352,1.0021576858775594,0.2023007155373755,0.0445203820464641,-0.2907848168615483,-0.1025092084222067,-0.1911932159154358,0.0549085878863222,13.551366903154156,-0.1391958267153662,-0.4384920084113827,0.8381481386126792,0.1731377311410564,-0.0906719909110512,-0.2796325717995274,0.035294654526663,-0.1366343932075885,0.166333096296733,2.590682744774308,-0.1012547756509788,-0.6441312640123379,-0.0756429451437759,-0.1117393211166526,-0.0034152960248987,3.227462707817649,0.1386822642470872,0.2132351480756774,0.292159605824915,2.0384274170257592,0.8442947471251372,-0.0906367143946326,-0.1142264482742207,-0.7712023219893192,-0.2824777669076185,112.62619425174934,-37.35154337558185,0.0,-1.475367075277351,-2.546714452735765,-1.59293641347256,0.0,-0.3636433047944041,-0.0767970240989482,0.0,FAULT,83.95
case04,33,W2_f0995,fit_only_no_clip,1152,1408,4.815192516517039,0.0120271365556521,131.0229053766411,130.79497211485292,0.7908405873530575,0.103492913223185,0.9328981794540224,0.0423828432349717,0.9946321035927886,-0.0873673015049061,106.77599264696578,0.1024619856606837,-0.3058788331568295,-10.934768562411374,0.134237878141034,-0.0361645548231854,0.0354987176188759,-0.0420193891708149,0.0077925193912938,-1.192457851889099,1.751932461248095,0.1056966755382282,0.0223558655373526,-0.288041856402956,-0.0692036432472174,-0.2426094753964283,0.0107818926965663,14.737812910279663,-0.1662755277173076,0.4441064764717624,0.3780171044307423,0.7508375502345469,-0.0253325166911718,-0.4716141590573191,0.0400994136673302,-0.1350159545469751,0.0746906582736779,2.203525927036849,0.111371463873112,-0.9543403824074738,0.0785965265399003,-0.2308013835244948,-0.2011638391465706,2.9327401050402218,0.4342536698528039,0.2257821626367175,0.2528928863490604,1.7828706331870356,0.8092620615152739,-0.0976668187030393,-0.1118356559608783,-0.3070057472753967,-0.8190866648812761,112.951061828517,-37.27828001957257,0.0,-1.1933982012674258,-3.4101179097232235,-1.7532404133797388,0.0,-0.1232818523533437,-0.1122356370858741,0.0,FAULT,90.35000000000001
case04,33,W2_f0995,fit_only_no_clip,1280,1536,4.814961489305518,0.0127296431100824,130.65240366322536,130.42672526955366,0.6789695853413293,0.102983277772741,0.9311917306380082,0.0422488942504339,0.9942467537066249,-0.0978673811928092,106.59783546550536,0.0658481174041941,-0.4023546946744574,-10.903420704766624,0.2238707324690252,0.0732433145287152,0.1277194350703914,0.1326897389552661,-0.0635745455707122,-1.4549321088990457,2.260185319482834,0.1375016292177166,0.0753430706212374,-0.3531235534779539,0.0858197451255896,-0.1996099145372947,0.0015936587702709,15.65933504235461,-0.2804808629415792,1.533337228025213,0.1895847539392132,1.1879845283463268,0.1676574576230847,-0.528468412446373,-0.0076526591652416,-0.1089961674980599,0.0354741439015638,2.108183008972703,0.5190071863414587,-1.090333344512126,-0.0325865986524788,-0.0894297072492346,-0.3654730041603064,2.63676322248195,0.57989496444997,0.3113993011528792,0.2534495146508635,1.5144469690066529,0.8491818366365266,-0.0623672182338176,-0.1270908993025198,-0.2328715258138375,-0.8494717867800793,112.76647271812958,-37.36277382348059,0.0,-1.4779544557786972,-3.702766981384789,-1.8063880069045872,0.0,-0.0008982867027351,-0.1276326598251437,0.0,FAULT,96.75
case04,33,W3_b01,fit_only_no_clip,1024,1280,4.810871421016887,0.011828478969062,138.22535728273508,138.0071277398609,0.6790578513960278,0.1070437987171603,0.9358825180317984,0.0425956034615069,0.9948546247283208,0.0122696389610648,113.82834145360376,0.2582948828745201,-0.2160065150515284,-11.467830476601112,-0.3953338725079185,-0.1997586443362944,-0.0325608528406249,0.1378621990510473,-0.0587861774381449,-1.931185034181024,0.3994098486254527,0.3005504149035211,-0.003676183191034,-0.3871906272678065,-0.0172715270710181,-0.2502004342237282,0.1127577085319416,13.892772370513146,-0.2403706765480861,-1.146889951080463,1.4352559886114065,-0.3117393715702816,-0.5228854030607674,-0.2387366306450395,0.5377804365987857,-0.1870561286277931,0.3207780512686642,2.851740823058095,-0.5844101747981786,-0.5174874934790865,-0.1319660899664767,0.2638525871987893,0.2314899581680455,3.610557134251871,0.5029360508179539,0.1701177996786084,-0.0068246230601221,2.6115319738153597,1.1762325876929625,-0.1649586707714434,-0.5575224432754482,-1.0521637666093573,-0.0355649859663157,119.80580425283368,-39.315833807719855,0.0,-1.9428460880439224,-2.2529654495705578,-1.7322919062741715,0.0,-0.5602344038391841,-0.2605906442582403,0.0,FAULT,83.95
case04,33,W3_b01,fit_only_no_clip,1152,1408,4.814338310030404,0.0120124870261008,138.8891158923289,138.650213134504,0.9738122391524248,0.1076370434843824,0.9341888251771338,0.0424888557585585,0.9946242518738748,-0.0030627028583949,114.1502391270633,0.4033234882890324,-0.4243020042561358,-11.421067443398623,-0.2076551953720855,-0.0818777677590901,-0.0172020349012827,0.2317419520811285,0.008200517095969,-1.507390994965021,1.185364173814622,0.2022094857989521,-0.0220075512740155,-0.3845180971073964,0.0166920138720962,-0.3026898863644397,0.0679363135290473,15.19296731437699,-0.2711501055235247,-0.2349376688692601,0.9314804477569704,0.2808313408911781,-0.4537783926883586,-0.435718265255661,0.53904164920379,-0.1844698029880703,0.2267819729593705,2.451509390853962,-0.3659509582029474,-0.8381674537686904,0.0289057614424586,0.1428848318634769,0.0278523895922246,3.3093622832325087,0.8067818886896181,0.1830442940870792,-0.0499435250766332,2.3443400664273697,1.142283138487551,-0.1772024644021941,-0.5509579644326682,-0.5147346603190267,-0.6478313434128252,120.15276702247417,-39.23780015582754,0.0,-1.5503217501192093,-3.1912564984297997,-1.8994775453069903,0.0,-0.3127378427599634,-0.2966922944125361,0.0,FAULT,90.35000000000001
case04,33,W3_b01,fit_only_no_clip,1280,1536,4.813937333408755,0.0127157839822097,138.46351216847327,138.22598862927003,0.8226851415116028,0.1013351088731078,0.932787038223348,0.0423574746712782,0.9944832348218668,-0.013663075963828,113.96143795271026,0.3664978508800781,-0.5263011941099551,-11.388378234268387,-0.117065197219705,0.0281316122689729,0.0895341569076972,0.4091310446597246,-0.0647039798793033,-1.8337797450663509,1.7189538054199327,0.2348660822974694,0.038999249287491,-0.4521696394146324,0.1744343844325252,-0.2524906082131081,0.0570451752582768,16.20411910682352,-0.3908522264445069,0.8903444325222951,0.724952744925269,0.7294707481814091,-0.2512894038221758,-0.4940194745826912,0.4871936052107608,-0.1557621113199656,0.1854256452708074,2.3546783449526725,0.0566793748079955,-0.9794953382621814,-0.090337144465044,0.2914510575437879,-0.1408042845455958,3.0074157445883656,0.9555953576639864,0.2732361478225957,-0.0517875647084404,2.062804101599397,1.1848769370856582,-0.1438380422328568,-0.564587165010987,-0.4257582235628899,-0.6858731538618603,119.95770044315296,-39.32611269139566,0.0,-1.9098046978811167,-3.50705777088784,-1.9532695250468115,0.0,-0.1872890664227684,-0.3118052520755091,0.0,FAULT,96.75
case05,11,W1,step2e_regression_clip,1024,1280,3.8554882463954177,0.016922233937266,108.8621875443129,108.3678418011414,1.5759805510563545,0.1182351837102543,0.32174070207704,0.0599792393067254,0.6500757057658484,0.0001409906817475,10.017031768674617,1.0585569334296114,2.938837447616673,1.7262420415821802,1.8753425385657332,2.88166812850639,0.5949885635600183,-0.2928044282871068,0.4260777442379324,40.71414271831529,9.969366018917087,0.4505015622378486,0.5173688735962038,-4.523504982291762,0.1819290444549849,0.9475051142248344,-0.7172069822208035,29.496569307713735,-0.2725977881783051,13.60562860330838,-8.006646672229992,6.463260597183399,0.0276170737447793,15.331852521408132,0.2609042874839099,-0.0277145862284525,-0.4642588789884739,-28.56385502393656,-2.6490747235607066,20.877934086114287,0.9567569723898356,-1.6090116867946187,0.0442943913963425,-26.23310078714476,3.383896727643423,2.4552624282559825,-1.0089919231859767,-5.388944905831082,-8.741205466479638,-0.9307650550456608,-0.0971802112757694,7.452092680273935,14.686297323258326,10.611200590607387,11.563468313089034,0.0,42.18249008706061,-33.438067428561986,-10.548918589549189,0.0,2.175294032454372,0.0143325018908687,0.0,FAULT,83.95
case05,11,W1,step2e_regression_clip,1152,1408,3.8556729178617024,0.0167136293857707,108.7921843586016,108.31568561591637,1.3446743669306378,0.1099260503213157,0.3167210838646876,0.0591873951336316,0.6509615658001302,0.0020872228568585,10.419606034002957,1.1509649108513178,2.976198971540316,1.6644190276987023,1.8313764767718577,2.713446136138565,0.4934884560369685,-0.1489558334817032,0.4530148156788507,40.38043461212803,10.02260417377823,0.5731837606931329,0.3686237312458146,-4.536377099110359,0.2331981145597732,0.8190134223642228,-0.7243514681954898,29.85717816020914,-0.2215052149154912,13.587270755038576,-7.934489840533836,6.497089121651597,0.0143525682028482,15.629723154239468,0.2673765312808578,-0.0527612424249515,-0.4972403043168202,-28.59549146105563,-2.6390608290795137,21.23618697732606,0.9740293395455152,-1.3189415884756526,-0.0650563143504592,-26.204731746453124,3.3760263052226387,2.35343043441478,-1.1027438210605809,-5.389920378377017,-8.895818884781043,-0.8214897426405506,-0.1645263718028139,7.466484639327653,14.55628070614079,11.016055833407687,11.259861632416046,0.0,41.88764111145642,-33.422022449685386,-10.130297786223196,0.0,2.175996700694615,0.0059612112100049,0.0,FAULT,90.35000000000001
case05,11,W1,step2e_regression_clip,1280,1536,3.8514200726917234,0.0144314422653914,108.23780416769704,107.77960052985848,1.1691774128187264,0.1094904057411891,0.3163158575211734,0.0581005185695347,0.659397279439236,0.0016178082710282,10.22531340813884,1.127625182786466,2.937175425763288,1.6031258154256265,1.710211723772762,2.4788523688851303,0.5343709527199326,-0.1020525240535905,0.3998176521123334,40.444353674286624,9.648525964620864,0.6252746440994266,0.3670745103530687,-4.425660756156874,0.2335514945229044,0.8185175030631434,-0.778768288585727,28.840663567376986,-0.2296499933766312,12.574120727430074,-7.690228922780164,6.180016849433131,-0.0809968150919013,15.81726196978028,0.343574640647643,-0.1025104897358238,-0.4769919880451215,-28.601465040190103,-2.7810165837119127,21.65566905367422,1.1065394236764374,-1.296050996459734,0.1244581509631894,-26.25290405114805,3.060897790055683,2.3269397939087373,-0.9724760535441744,-5.216029221743157,-8.484164573548611,-0.8002306975959845,0.196001828345574,7.567244597846564,14.26965422331108,10.77881093508802,11.243762459207073,0.0,42.01510783146779,-33.062049416762044,-10.209190256569356,0.0,2.083756989060274,0.0288907398944884,0.0,FAULT,96.75
case05,11,W2_f0995,step2e_regression_clip,1024,1280,3.8763076150286055,0.0181233566786796,65.28100920811906,64.88863107221587,0.8113707847513407,0.1332433275687734,0.3322671579533233,0.0599329438613982,0.6382378417526933,-0.375688078062364,5.811976787342043,0.5622805528846918,2.5109390532352416,1.9928594828189208,1.3970280920957148,2.070941505317058,0.0265410946153685,-0.1669043241198262,-0.0143198201430731,16.442020600223408,6.919926879615996,-0.0771118284977426,0.0691106557234941,-3.72664026743425,-0.0220676769804881,0.1852064650953034,0.157895290469523,9.90348780805314,-0.2346730190110806,6.242414651554617,-6.09997102057858,6.442877368057102,-0.1361514021920729,10.985186664806657,-0.0573306035750593,-0.3956091824525217,-0.1907359562303618,-21.085296694977917,-0.5473789122491122,13.642525293788347,0.3627878325052796,-0.2825653262291313,-0.3836570774571604,-19.819232770770807,3.606531603431537,2.0406234443534523,-0.2841271538876482,-3.1622507923819567,-6.334726811249572,-0.1399476698343703,-0.248686961036792,2.923914823215556,8.503287925059327,5.893250342777033,7.51332998901889,0.0,16.419148765729574,-14.134857116296867,-7.4533752252632945,0.0,2.673026995696119,-0.2653835485953169,0.0,FAULT,83.95
case05,11,W2_f0995,step2e_regression_clip,1152,1408,3.8762935701230807,0.0172654756255081,65.3320433694488,64.95085222163102,0.6896834764569958,0.1240418152845326,0.327673858945067,0.0592676585544132,0.638954635533958,-0.3743646165593653,6.046965584064481,0.6494983496864141,2.531668889772192,1.9371086274059688,1.322500060819789,1.9343551079939392,0.015183156119574,-0.0340760630904375,0.0367155247320288,16.322400798255288,6.972286683068891,-0.0077185699859395,0.0363995621753669,-3.7038038106227753,0.0501357703762682,0.1598897530543536,0.1523236620664419,10.005202333981885,-0.1892965600084843,6.2400839961878445,-6.041763757542539,6.491190278326157,-0.1439024843691135,11.166680364925142,-0.0414854698029239,-0.401666642245222,-0.252345387767608,-21.086135553961714,-0.5308515278204784,13.8670232472077,0.3984823939146997,-0.0668840345069259,-0.4417177564872561,-19.819639670279468,3.5546034343773054,1.951625748759996,-0.3391593637492633,-3.1504556062262643,-6.468477910201657,-0.0373380675053389,-0.2875284624014774,2.9052538052279564,8.452255663028566,6.120396692888155,7.3208325213006065,0.0,16.31642071813393,-14.12544929335839,-7.165517536539973,0.0,2.6970145683900184,-0.2687948090120722,0.0,FAULT,90.35000000000001
case05,11,W2_f0995,step2e_regression_clip,1280,1536,3.871514288330575,0.0140911055927629,65.29608030389156,64.93222317488298,0.6574981830348714,0.1223163892796337,0.3279970826110535,0.0585532681213071,0.6473958893203945,-0.3601497444597414,5.915385802712938,0.6418672584862477,2.48369149412902,1.8931067468271012,1.2539351369881,1.7393156951574982,0.0772741442507414,-0.0464915698668221,-0.0291757604982381,16.39068588109931,6.746231043244869,0.022513331849143,0.0750985325882077,-3.583896309356192,0.0351200441879522,0.1905031927250376,0.1057960500015674,9.6803234630901,-0.2243770322807128,5.830388595129324,-5.850223046134253,6.257708670715863,-0.2197298245554023,11.338484116631584,0.028948823610901,-0.4151991860683827,-0.2282606567190793,-21.08707871007335,-0.6139034852575995,14.140880343910906,0.4914359025153884,-0.0524605297761218,-0.2745753250334967,-19.821072130314622,3.2919797900934005,1.9431874996506973,-0.2587823173658404,-3.077015445404097,-6.180469095566338,-0.0241831555823666,-0.0655659175651246,2.9495416407779578,8.307545820982398,5.975071357255636,7.307425847558388,0.0,16.406995353374306,-13.96555625462232,-7.235440236290222,0.0,2.626449671528391,-0.2509360633929951,0.0,FAULT,96.75
case05,11,W3_b01,step2e_regression_clip,1024,1280,3.881474593775832,0.0183693539417607,70.34463565399393,69.93706234167836,0.9299067813392292,0.1314505069431258,0.3429693162212934,0.0618009411029229,0.6312870027696843,-0.0776742992738068,6.771943573814789,0.6436574831285803,2.6284494525678297,2.188333739672227,1.3664101061307774,2.058455641217782,0.4214489524569063,-0.3437565227518634,0.0718699303857777,24.083134990981588,7.182798636198836,-0.3794764666934327,0.4769649355853385,-3.9070063421124153,0.2109217981470032,0.6096888944479637,0.2885324450682663,10.456702575331498,-0.3511639848119797,6.332041001478627,-6.694646763655072,6.580326653405125,-0.3576012774097651,11.601556709820162,-0.3505132947284276,-0.1384347912892244,-0.1083444774892299,-21.95158559917896,-0.6704519236930747,13.999269365883086,0.1871969157810326,-0.2131763094554629,-0.2597598755331368,-20.426265186464928,3.510238069033988,2.072018880924765,-0.2545317677492923,-3.060115507712012,-6.658622868639205,0.0653498455157373,0.1499545030729704,2.973279290869728,9.403160268044866,6.866226590523229,8.315617355664111,0.0,24.368587645502053,-14.927729637151437,-8.240795030999783,0.0,2.811014551501004,-0.1156921006642772,0.0,FAULT,83.95
case05,11,W3_b01,step2e_regression_clip,1152,1408,3.8814890012150434,0.017402399411759,70.35175793840828,69.95900149419732,0.771925685438614,0.1223194508180017,0.338406011275739,0.0611523774650068,0.6320458204321525,-0.0781972930102372,7.028391978831719,0.7388710450329894,2.6465969679244328,2.1292775992138435,1.287281707148053,1.9169644672904809,0.3973135547875344,-0.2063628933455147,0.1221607997012612,23.91744300222943,7.233570100939573,-0.3079697129595596,0.4272883168658751,-3.887180367930714,0.2825534287639191,0.567996920301096,0.2814966442176868,10.56324349856434,-0.3071849686564768,6.326219929133265,-6.630958483541061,6.626944099515082,-0.3678836200932869,11.796016581182933,-0.3270297142687534,-0.1487766327775059,-0.1711299758829508,-21.95752060878185,-0.6557934286558976,14.228181817072594,0.2258347091634707,0.0160908266104588,-0.3202522099516538,-20.426561552904623,3.454598309256852,1.9804720926476824,-0.3132961923740884,-3.0465265358738103,-6.797561051667841,0.1714800859448385,0.1115149687870881,2.95935889935163,9.343107968383247,7.115100054971535,8.103277076357674,0.0,24.225447750346827,-14.91493745835249,-7.933133673287138,0.0,2.835614893383355,-0.1193362846170883,0.0,FAULT,90.35000000000001
case05,11,W3_b01,step2e_regression_clip,1280,1536,3.8768120701137976,0.0140218459116572,70.32430245891442,69.95422697949876,0.679281400202475,0.1191793109769361,0.3387541530491704,0.0604208391464047,0.6403718189929242,-0.0680827292260613,6.8819660923729975,0.7273208208823694,2.5991585973075453,2.0808720471274564,1.2159806801164048,1.7153021778617157,0.4811617445279585,-0.2187802639599507,0.0506214045008811,24.00967866835945,7.003816143153716,-0.273827361091717,0.4805196547768266,-3.763764414253036,0.2655890816994706,0.6133894003355382,0.2338362952552372,10.21997392377484,-0.3453486383980056,5.91783030191538,-6.4255201664115145,6.390081482511139,-0.4417264773838478,11.97627465361878,-0.254347337792061,-0.1657384285224409,-0.146694193649526,-21.958731043875325,-0.7388295698891547,14.50937193915824,0.3204081492639349,0.0295229774439931,-0.1486026109068612,-20.43310611061269,3.1802381665897586,1.9708475394344191,-0.2327028758892123,-2.9682377492191248,-6.495018379875552,0.1901610974310613,0.3478216357159946,3.005698007061532,9.190611884968352,6.953264979336779,8.08840793779114,0.0,24.35151369404928,-14.750702323003951,-8.009583313872216,0.0,2.7602760901243864,-0.0992874299551485,0.0,FAULT,96.75
case05,11,W1,fit_only_clip,1024,1280,3.832564540804,0.0157412485846206,104.98267852422042,104.477421079321,1.5056370444076266,0.1195849406530183,0.3021911978183214,0.0627828681239782,0.6521440205335866,-0.0084364417186543,9.986805247091452,0.9432739798007962,3.050567811739891,1.8364737828198732,1.8985133144424209,2.771445712235165,0.4809372288731115,-0.402894448275266,0.4736928372327261,38.93152639036614,10.177420424280305,0.40127431386887,0.4868967446841968,-4.454972904721828,0.015441134554827,0.824795230596818,-0.6998129548080815,28.88899635055788,-0.2522457873393682,12.979545141604182,-7.894936648319498,6.48069319304441,-0.1127851197678306,15.819565623669131,0.3768475453131006,0.1075720559679901,-0.4271691122884279,-26.790437939412755,-2.575486658963135,20.799233033213397,0.81204399985879,-1.4488607584630482,-0.0135322208855061,-26.86847878920185,3.5518798158597957,2.424307770098092,-0.9790601072457268,-5.089464804861377,-8.86447102264249,-0.7333932615098533,-0.1287174452990435,6.958951147924492,14.605970094382526,10.56720694694538,11.589992859211014,0.0,40.28887042388083,-33.14426623409533,-10.871813168486009,0.0,2.1616477262562275,0.0692271799727336,0.0,FAULT,83.95
case05,11,W1,fit_only_clip,1152,1408,3.832748961572311,0.0160262801559273,104.9101325862734,104.42461778269532,1.3059302170747422,0.1109680354330764,0.2973775845107956,0.0619938777073358,0.6530143609253795,-0.0085282580564143,10.345582434764786,1.043835037615989,3.1022041863764835,1.794416722026117,1.8507569782336173,2.602772321832638,0.411123513913767,-0.2622095719921466,0.5078218046049485,38.62855892469754,10.244328797812727,0.5313646735901382,0.3651807381162836,-4.461364565386614,0.0778880878001575,0.7231537098423373,-0.7072919922957304,29.242587548940044,-0.2020216861844106,12.971680231345369,-7.826027490641468,6.528362667790084,-0.1249793136328454,16.110851206224716,0.3575876385066814,0.0895533157903166,-0.4413147857756584,-26.790529031905123,-2.55975623388945,21.131047592360236,0.8394867414241906,-1.1722430698652555,-0.1128881102906866,-26.863900017488728,3.546155643459674,2.3389602388494453,-1.0864607308113257,-5.099099678401272,-9.01251647559256,-0.6072629116616284,-0.1751971870381998,6.944203924760956,14.509956174358988,10.929005014778596,11.312337198854088,0.0,40.01939304699114,-33.107235614548344,-10.439707739817791,0.0,2.129511097522184,0.0646836745937424,0.0,FAULT,90.35000000000001
case05,11,W1,fit_only_clip,1280,1536,3.82905162928332,0.0138883025579565,104.38890503582368,103.92588761900744,1.130481126624927,0.1084335304530455,0.2964056582933331,0.0609423165555347,0.6611648981588096,-0.0088635392338265,10.167652097593646,1.0340317073560603,3.0613085284379817,1.7324356974415605,1.7120752557617254,2.3762403295818206,0.4936570557158559,-0.204203313411104,0.4694578997639507,38.69534253327934,9.883457930099222,0.5559633567750237,0.403924801581363,-4.355069891808093,0.1047123695409041,0.7672084901775669,-0.7435616405443235,28.2406533827466,-0.2118897758807227,12.013482520076533,-7.613493205447149,6.220875501459474,-0.227052287614162,16.297648609254598,0.4552086527852368,0.0325955922062972,-0.4340865636213574,-26.798188566044026,-2.6944052704267016,21.56398343501612,0.9974403180739913,-1.1697690992688177,0.0897608037676313,-26.909790525956083,3.1901111112627776,2.319547941456964,-0.9515341839800266,-4.94527015742188,-8.591563920501402,-0.5926334893963283,0.179258458943168,7.06164050944886,14.21086500291194,10.709514335995578,11.286276614459178,0.0,40.14302219467245,-32.743903644748414,-10.501202236075905,0.0,2.0680340888518183,0.0905353358086886,0.0,FAULT,96.75
case05,11,W2_f0995,fit_only_clip,1024,1280,3.849179540868199,0.0173774560294792,64.81731299843634,64.42234766049229,0.8083966465540445,0.1335655811096652,0.3102571984424341,0.0633203673239851,0.6414724172691008,-0.3584960360238705,5.806158353946593,0.5614888142828084,2.5124939212866493,1.9935225066060744,1.3965017405968472,2.0709348024735985,0.0243117269269456,-0.1676681627615387,-0.0151505784835128,16.40954553591343,6.911306726872168,-0.0789866046155054,0.0664269624059571,-3.728232089624135,-0.0221775288939031,0.1824314674144213,0.1571163085294737,9.874978796468808,-0.2343027671530897,6.233345973651302,-6.097507537977841,6.440776252420122,-0.1351860018277495,10.977882155968556,-0.056718772938303,-0.3981026997095619,-0.1926326933321662,-19.80016989386097,-0.5429620503349447,13.622353411578189,0.360010449568104,-0.2802507520499847,-0.385312360372317,-19.9783966646802,3.607123431898141,2.0408464788268232,-0.2828623472768983,-3.1625791323826515,-6.33614648800202,-0.1380828385645745,-0.2483105156795638,2.91904242339042,8.505423153935961,5.887120112899475,7.513092837777552,0.0,16.38582921684778,-14.093751993950455,-7.452546826247694,0.0,2.672503188496285,-0.2652817969630447,0.0,FAULT,83.95
case05,11,W2_f0995,fit_only_clip,1152,1408,3.849274867209796,0.0167211678985435,64.86758573660677,64.48387274531916,0.6853929427623883,0.1241392606054162,0.3057706065095698,0.0626033122952875,0.6423962280659054,-0.3569019815594364,6.041026967225526,0.6486802641657083,2.533215359195708,1.9377668626503843,1.32197921238351,1.9343733236232168,0.012976558985854,-0.0348256505985415,0.0358857521478523,16.290182278814886,6.96353610966368,-0.0095912120198535,0.0337707370688525,-3.7053816916726015,0.0500267540592152,0.1571627815236767,0.1515595821226906,9.976296919121156,-0.1889224691810053,6.231014162527375,-6.039308690217154,6.489014458585605,-0.1429481342482589,11.159287582406234,-0.0408943562591722,-0.4041567826033835,-0.2542290332960249,-19.801007111101523,-0.526429248254368,13.846647369178068,0.3956812488815549,-0.0645900490857184,-0.4433461740736215,-19.978770762986112,3.555250355592189,1.9518571139226173,-0.3378920986029293,-3.150786072562202,-6.469846661725617,-0.0354888101789251,-0.2871721072368789,2.900377950524365,8.454387065864722,6.114149086366777,7.320604955343065,0.0,16.28332228302689,-14.08437915761796,-7.164938375084673,0.0,2.6964919887469865,-0.2686927863771882,0.0,FAULT,90.35000000000001
case05,11,W2_f0995,fit_only_clip,1280,1536,3.8450080467028154,0.0136670577025689,64.82959639901392,64.46327790783121,0.6576482684424625,0.1220616923321866,0.3056099227271878,0.0617852176166836,0.6504467730279486,-0.3429537637987461,5.909563083595964,0.6410534540982543,2.4852321867322176,1.893786759298961,1.2533554911390656,1.7393241190589572,0.0749390290225097,-0.0472323547445984,-0.0299949642849747,16.358292687034595,6.737876208325951,0.0206363363569645,0.0723764005971963,-3.5854219896291686,0.0350144655890928,0.1876940784591088,0.1050299564275763,9.652500309140652,-0.2239872259247579,5.8222508153974735,-5.847751478330255,6.255701339495175,-0.2188041241258903,11.331026487375873,0.0295665200178951,-0.4177271494938736,-0.2300732544837338,-19.80191687405365,-0.6094735540304953,14.120301911572522,0.4886189058980704,-0.0501615354531899,-0.2761910705904649,-19.980181523279388,3.292742184168776,1.9434703065453367,-0.2575211351512828,-3.077283717977749,-6.181900789892832,-0.0223888657729844,-0.065311647787903,2.944641333579085,8.309714881193203,5.96895555742373,7.307192592041385,0.0,16.373666298181853,-13.924905339630635,-7.23474617350727,0.0,2.625910754229505,-0.2508455860220296,0.0,FAULT,96.75
case05,11,W3_b01,fit_only_clip,1024,1280,3.8531862813949416,0.01764229630598,69.7105497322118,69.30091882796614,0.919296094322344,0.1313701475660629,0.3205920125875798,0.0654296575126589,0.6338917023866456,-0.0834393423073202,6.736358126109455,0.6415494185201667,2.640696379046261,2.167908020198664,1.366253165964422,2.0488884976375954,0.3869734716502183,-0.3360043826813569,0.0613093028516107,23.65563407767968,7.175669461762708,-0.3737837005918336,0.4438491675038208,-3.910506786423309,0.201038341242576,0.5690533231603773,0.2715657413729068,10.406643346640353,-0.3372543423215842,6.339655098585331,-6.683143770956704,6.58626966589683,-0.3560542483136232,11.593655182461353,-0.3231752083244275,-0.1593869154549574,-0.1229462646626467,-20.620385574549093,-0.6914541953051176,13.941815913992478,0.1543485813313391,-0.2165320778671942,-0.2822411128882904,-20.58552261660358,3.512646737116293,2.0557691747099818,-0.2807588389856674,-3.079763565894596,-6.657236855165967,0.0382035527964143,0.1562122820530423,3.016164393984856,9.384780424120262,6.834158701306648,8.295858721693973,0.0,23.9087191751704,-14.828143164318256,-8.245191854367718,0.0,2.799479071447476,-0.1201909528206016,0.0,FAULT,83.95
case05,11,W3_b01,fit_only_clip,1152,1408,3.8533156710739336,0.0168856001793501,69.71896273998931,69.3239766686274,0.7624454676857402,0.1220983100584571,0.3161155885724608,0.0647269790168635,0.6348580457291857,-0.0837574069723628,6.992532928807491,0.7364832205343063,2.658778368149042,2.108900241944041,1.2871055905528856,1.907543724619712,0.3633365502456649,-0.1984041789879972,0.1116548679004785,23.49300947714545,7.226354438388692,-0.3022994874471921,0.3949326682353013,-3.89045579399299,0.2727126710175548,0.5281348501884561,0.2647765178901318,10.51241451450012,-0.293318193968837,6.333903670744085,-6.619284121000573,6.632866928030313,-0.366251590403491,11.787780720905529,-0.3000037628289346,-0.1697553797826945,-0.1858383202018322,-20.626349775296376,-0.6764024356114241,14.170314473372692,0.1927908139348806,0.0128512871180719,-0.3424709175074265,-20.585733871081665,3.457438198058309,1.9643186784987412,-0.3394418860581593,-3.065995530533391,-6.796223459976471,0.1442586926925969,0.1173889146849737,3.001752440882447,9.324950774621373,7.082748075380882,8.083372265894184,0.0,23.76841161510471,-14.815689998029692,-7.938419845716741,0.0,2.824060002776355,-0.1238408438570733,0.0,FAULT,90.35000000000001
case05,11,W3_b01,fit_only_clip,1280,1536,3.849126373371501,0.0136357629025172,69.68653088073224,69.31393949031116,0.6792741669026763,0.1189797197374681,0.3159871066761001,0.063889435092085,0.6428268482988555,-0.0742038410407129,6.84729251501091,0.7251628364954362,2.6109039481375205,2.060904404141674,1.2153397796682723,1.7058896553841574,0.4458029364492358,-0.210800992100703,0.0403980769143965,23.583676569142582,6.996915797647964,-0.2684456562642212,0.4472391521859697,-3.7665187779244658,0.2559129644544025,0.5726069921182915,0.2171799012587097,10.171204890961214,-0.3314091462097302,5.92581773516272,-6.413938507008437,6.395740585642038,-0.4404430095477609,11.967798236642205,-0.2273301734978146,-0.1869762678548233,-0.161113756677923,-20.62738479840365,-0.7594307513619982,14.451275023107293,0.2870969784828677,0.0264539894387783,-0.170454017604786,-20.592126037417387,3.183447266253266,1.955069548779689,-0.2586478821622163,-2.9870318932680404,-6.493891687076792,0.1622181592219018,0.3523525900270548,3.0482840398900573,9.171947966960902,6.92214967497455,8.06848461036635,0.0,23.892187653194,-14.652062887028714,-8.014271138597291,0.0,2.7488976045830977,-0.103867718201624,0.0,FAULT,96.75
case05,11,W1,fit_only_no_clip,1024,1280,4.445136877230268,0.0121991953517607,156.41347190967747,156.06779068009033,1.5390881690708356,0.1102664486526043,0.0905046384120013,0.0187583366772841,0.8928611432068758,-0.0834186760961456,11.724852119091704,0.6453343765878451,3.2328693663740657,1.6151656279275173,1.6470347858204466,2.143280492472333,-0.9025370823702794,-0.6455889868829116,-0.0926948324684132,39.599117017011245,10.9370945286381,0.2295865285056419,-0.6944480996876521,-4.760804923714121,0.0779687096462582,-0.5513413125440029,-0.2664041317001462,30.359586322417687,-0.566770457342309,13.076585124114716,-7.698469111708282,7.008448563866411,-1.1272999431164648,16.89846223117866,0.773362819782495,-0.2165859857156814,-0.8021768684927808,-67.28214053769598,-1.845077437158188,21.003604001970736,0.6727725969388796,-0.1572908233081151,-0.5261573314128578,-79.65016565447394,4.059340369174614,2.324319942733013,-1.071813084637116,-4.515426348344224,-9.103126715320276,-0.3626832035820831,-0.8718209779870435,6.615582225048265,14.68338135233742,12.301466571695544,10.496657772369067,0.0,40.975744218446025,-33.76410915489208,-10.410769860519896,0.0,2.712078176976556,0.1974536587318697,0.0,FAULT,83.95
case05,11,W1,fit_only_no_clip,1152,1408,4.448153939698558,0.010618207623263,156.66823063330594,156.33463477479407,1.2674000906454004,0.1021319999468412,0.0888569461655396,0.0184436503810103,0.8934594912531322,-0.0839463310404882,12.030430313315188,0.6897863505284513,3.246299648553788,1.5594612348272376,1.6087471999853775,1.9945692271913045,-0.95533472745968,-0.5187979173698266,-0.0444851978304499,39.344165883357135,11.013070072148144,0.364707063431266,-0.7939630270099082,-4.757334008005629,0.1784031459172423,-0.6286360546563439,-0.2959827051618703,30.72992207831049,-0.4901491859778338,13.08673828323177,-7.613202133639294,7.057115575043337,-1.1029911436667204,17.144971149425924,0.8182090583680252,-0.2782520576236943,-0.8471520777657269,-67.57591095807965,-1.7775072514671126,21.32821376769563,0.7149773034691872,0.1477297116217392,-0.6220066400627581,-79.87154576433291,4.026416067169789,2.204038902437706,-1.1536635749015158,-4.456519732172252,-9.301759186713092,-0.1955945401450371,-0.8955163369026921,6.515090913805892,14.6377292118654,12.607957768824203,10.26726975817198,0.0,40.76139108208645,-33.72810434381874,-10.030114725206271,0.0,2.7141060685661107,0.1857569626122151,0.0,FAULT,90.35000000000001
case05,11,W1,fit_only_no_clip,1280,1536,4.445162141191852,0.0107539100636472,156.24021182419077,155.9230185772598,1.1026843991420765,0.1018385320076892,0.0886522951710862,0.0181919683851439,0.8956578211779455,-0.0846126992665209,11.92389119856481,0.7493221946112549,3.2337276633383056,1.5066152664804346,1.5242305156867495,1.7740341676274638,-0.8094738240641643,-0.5304670749356716,-0.1456588395118868,39.45977090543578,10.734578647099177,0.3779624073163281,-0.693765506718185,-4.639736854276875,0.165224690773133,-0.531884625963469,-0.3107804121681779,29.896352252204547,-0.5734750304216557,12.19823214933542,-7.412260246052537,6.78829218604893,-1.2487400740134436,17.331803161672553,0.8976244885733292,-0.3054989946201231,-0.8021271006333178,-67.48042742393751,-1.853129113054787,21.74599596244021,0.9118252154164548,0.101689600296662,-0.409301763667594,-79.61184778258756,3.640989233449115,2.2624012264960403,-1.0815052101994669,-4.410519859489218,-8.865874652015982,-0.1301421985671222,-0.616933889972576,6.525204275268194,14.424055025386734,12.467278808315532,10.188053780409652,0.0,40.92038021950914,-33.41591913781675,-10.10359587178296,0.0,2.6544920595293298,0.2089884866360237,0.0,FAULT,96.75
case05,11,W2_f0995,fit_only_no_clip,1024,1280,4.449547816574697,0.0122462760216018,109.5055271923853,109.26495241945769,0.8048946527026464,0.1263896724158733,0.0935603739459558,0.0190937589530117,0.8918877650885695,-0.3230862809838098,5.811750065921707,0.5673807933484312,2.5093455551821173,2.0024522469891157,1.3936350089260834,2.0627997807259915,0.0108973927360451,-0.1705627067820195,-0.0179521347715115,16.430635579845582,6.927141812614782,-0.0870417269361045,0.0539355106470609,-3.733901390954273,-0.0240968887344695,0.1687599387130342,0.1529108343414149,9.891644663033292,-0.2407643321157335,6.242610802951137,-6.098140254313834,6.456214948096975,-0.1372253063377856,10.97868250077086,-0.056718140894754,-0.4085692107373566,-0.1937342965163034,-49.81144968806258,-0.5366175138061791,13.62076599594806,0.35048363817511,-0.2701541951416434,-0.3946551256298121,-58.861239983152224,3.613090788959168,2.040011035986563,-0.2765857168451552,-3.16764656921052,-6.332615299670628,-0.1346688801589405,-0.2469597559570146,2.9213095136749128,8.500892733823198,5.891857643083617,7.517251118814796,0.0,16.408116514953996,-14.104889589433649,-7.460554759571171,0.0,2.677854654190454,-0.2594964683018282,0.0,FAULT,83.95
case05,11,W2_f0995,fit_only_no_clip,1152,1408,4.452058417817438,0.0106519775704498,109.80060593910132,109.5662642033042,0.6791156432701855,0.1185711358947117,0.0917598400623257,0.0187858843390696,0.892688998242629,-0.3220666333868868,6.0471607691669975,0.6545316655235598,2.5301583319106777,1.94659173095005,1.319152165926394,1.9262832614474945,-0.0001697533846299,-0.0377945061758448,0.0332599628791278,16.310716143186035,6.979058546572621,-0.0176337752135678,0.021575932897795,-3.7108202952674794,0.048412689714965,0.143773020705767,0.1474924744272904,9.992491416266756,-0.1954081469701519,6.239835056054538,-6.039990446677755,6.504159683379409,-0.1450497824358216,11.160200410826391,-0.0412039756305353,-0.4143468646631019,-0.2552848273694766,-50.02608279362104,-0.5201864855755308,13.84552869532945,0.3861732478495894,-0.0547804738732413,-0.4523864593634155,-58.989823482322,3.5610033341991247,1.9509311227146748,-0.3316597193474533,-3.155636532871537,-6.466371509062197,-0.0320810756391568,-0.2859859598855501,2.902708802660363,8.449807895332372,6.119433217385916,7.324606797613495,0.0,16.3050437019252,-14.095074096713429,-7.17228444193684,0.0,2.701865535351418,-0.2627929955522085,0.0,FAULT,90.35000000000001
case05,11,W2_f0995,fit_only_no_clip,1280,1536,4.448940602538763,0.0105462202834239,109.66569870681496,109.44295314067948,0.6482725336058468,0.1180423866516133,0.0914850410392377,0.0184959265929671,0.8953692226252703,-0.3142026337741688,5.91618268515965,0.6472898096419447,2.4820679183592973,1.902639144064612,1.2503225106886084,1.7308854847185031,0.0616945691329508,-0.0501947244857472,-0.0324757390510369,16.379081805247782,6.7518572119027445,0.0124920687024184,0.0600999320329123,-3.5904013368449377,0.0337906623542569,0.174179003566499,0.1010671734282327,9.66669704297696,-0.2305643736775674,5.829152042385704,-5.847874110100908,6.269754737831077,-0.2216552904983679,11.332697856845446,0.0292054607454567,-0.4275370635818493,-0.23053534953143,-49.97042239273139,-0.6043484393806192,14.120416254534431,0.4794715832259034,-0.0403435056636279,-0.2846433098517771,-58.80976412838705,3.297762050562528,1.9426543051342533,-0.2513114958800174,-3.0809935793104057,-6.178019705764572,-0.0192386068290709,-0.0642788347231426,2.9475083297015887,8.3049341646746,5.974673456955665,7.31111101412512,0.0,16.395654758945092,-13.933450131084353,-7.241103348528003,0.0,2.63120550022823,-0.2450308470951343,0.0,FAULT,96.75
case05,11,W3_b01,fit_only_no_clip,1024,1280,4.448605458764821,0.0122766677687198,115.83600175652592,115.5805862610386,0.9360167154161178,0.1309422423563062,0.098044721666223,0.0198728918741481,0.8880455392284184,-0.2313688425070823,6.716817913599731,0.6892171491891255,2.618329923817726,2.250420443039197,1.344108706610417,1.979337587570296,0.1845198664569417,-0.3271230153611633,0.0107233324656583,23.71423629320448,7.237294645028529,-0.4232118293079489,0.2603616947011903,-3.933742927599455,0.145752077032285,0.3638655463049235,0.23966413813813,10.51873728672552,-0.4286523875657645,6.358158166488454,-6.6324773897757145,6.665992849530953,-0.3303660573425083,11.599993610782892,-0.2704949286443152,-0.2854362380368191,-0.122474285703841,-52.03777502621095,-0.6462256801325288,13.919468530215898,0.1122111010945582,-0.1147472446831348,-0.3403913574950209,-61.644419737028194,3.589508181820129,2.028540717950181,-0.2552724040692425,-3.1308731885019805,-6.591389339359253,0.0658465783393744,0.1446726523864092,3.0204697024284326,9.385533863637692,6.809568840729251,8.274347148833568,0.0,23.98080362443575,-14.913900736419714,-8.2844682661222,0.0,2.845809345958994,-0.0725934072196106,0.0,FAULT,83.95
case05,11,W3_b01,fit_only_no_clip,1152,1408,4.451125488942352,0.0106827414578229,116.109456948024,115.86281185163976,0.7663644310922495,0.121688082006827,0.0962052647665893,0.0195595066899717,0.8888658698370875,-0.231810092641761,6.971732355930682,0.7815906413691194,2.638242596458383,2.1918437404324917,1.2666444815807354,1.839332328486086,0.1665588125914963,-0.189776378931346,0.0621067676096499,23.547725202109916,7.288797888354725,-0.3514577094811017,0.2167021920699803,-3.911300335429551,0.2185258342086364,0.3286356717548161,0.233196253140132,10.624769616133278,-0.3830484727178225,6.353932953822442,-6.569240482857113,6.713142076317151,-0.3388178457971569,11.792447248123064,-0.2516213875390884,-0.2936858732913852,-0.1852007170150585,-52.26462498039656,-0.6297656159174126,14.148664284871227,0.1498818145847104,0.1122867483544562,-0.4005764779924617,-61.78051044590958,3.534758090769557,1.9367141454382708,-0.3131428480118755,-3.1186177568240083,-6.730763422968726,0.1721254232912587,0.1034438253900298,3.002014961247867,9.328365190162042,7.056973031122549,8.064047701562114,0.0,23.836441710671377,-14.902604850290516,-7.975612063041695,0.0,2.87051743498472,-0.0760949179451658,0.0,FAULT,90.35000000000001
case05,11,W3_b01,fit_only_no_clip,1280,1536,4.448020195190105,0.0105368168973382,115.9701739841354,115.73881438434776,0.6731294960305624,0.1184407592460789,0.0959460207403758,0.019267317927215,0.89155481167026,-0.2263299826394318,6.828969174374453,0.7717502683915132,2.589754363553725,2.145059592223766,1.1955205981892107,1.638455060200937,0.2463064008630416,-0.2020249034773617,-0.0073370329124133,23.642440683969674,7.05903656571874,-0.3197110839928676,0.2664610666326674,-3.786263911594148,0.2034136814385967,0.3698965513151017,0.1856913772087992,10.282569290394516,-0.4194233097404927,5.944251498259965,-6.362528910152899,6.476851985669646,-0.4159059580999958,11.972764425255876,-0.1794082241440939,-0.3092595085082669,-0.1595551683770383,-52.205622904375545,-0.7142609207447069,14.429792198713052,0.2444437031152193,0.1271197114709873,-0.2281190287201164,-61.59351315233585,3.2598153313877454,1.9287031015855265,-0.231138476181727,-3.0400202384557717,-6.429075804604839,0.1875533281000819,0.3386312073319623,3.0486043940066403,9.173814744456983,6.898657962594081,8.04986437687627,0.0,23.96411318589149,-14.736180337479642,-8.04965815700662,0.0,2.7959896541000195,-0.0574297609898087,0.0,FAULT,96.75
case05,22,W1,step2e_regression_clip,1024,1280,3.8598225138202,0.0188327042826051,104.85397784789244,104.30949396540976,1.926639957810906,0.1214200947351416,0.323068823042212,0.058312625278407,0.6461653053800589,-0.0627387600363094,10.13631858963966,1.6234882383148006,3.046133805056173,2.4080906751047797,2.0555021295619387,2.574908306204898,0.919992145801844,-0.1405426103827877,-0.5127584101832473,37.86669500224301,9.094025895284124,0.6662191616983358,0.7333200120860109,-4.04464347358716,0.0336091967273845,0.9483606306478352,-0.0563282475270191,28.096500794335856,-0.0836814977621565,13.147982761538412,-8.352424184769351,7.683060030132187,0.1062213457742559,14.58064391835086,-1.1540240838768154,0.1336285812833682,1.00236663060886,-28.77695161300538,-0.9530136044731476,20.305105919408987,0.4234770247551113,-1.3390804836292562,0.6049768115226936,-27.26533643678936,4.41162446723585,2.9326946272723813,-0.9842377830167724,-5.324979362411166,-8.335669894529223,-0.1242587406078482,0.2561651322865572,5.949311381638728,17.54958130586291,10.718593796403717,11.668205263856596,0.0,39.35358040361371,-31.35486169645119,-11.74708178051205,0.0,1.5711323768440986,-1.0130627518630355,0.0,FAULT,83.95
case05,22,W1,step2e_regression_clip,1152,1408,3.8597755779260665,0.0179188997376773,104.7445689582178,104.23656810688246,1.553929698735031,0.1125132047965926,0.3182814301294879,0.0575857501585354,0.6474787457740903,-0.0656309438808164,10.536754860149449,1.759854914367475,3.0652249369112563,2.329863992273585,1.999717100385508,2.41207010158301,0.8967912607234503,0.0232936680619702,-0.4340821721764253,37.620562503788086,9.190424507674985,0.748054737464956,0.6623224592563123,-4.036867685402901,0.095993344773198,0.8922408258146507,-0.0705850180335177,28.410953175027004,-0.0391850131610671,13.15988290990623,-8.275763498947697,7.785218014882704,0.0771469810568788,14.785707272617676,-1.140090198826041,0.159122201756193,0.9295125709943196,-28.786500991596505,-0.9900484508639832,20.625319572141382,0.5067537162877652,-1.1068904601088012,0.5470604723623244,-27.273808466113977,4.309503871204347,2.835141287091912,-1.0770483413044296,-5.347396368362828,-8.453247961304259,-0.0217645455964715,0.2290508016012995,5.957565506254708,17.412636084331695,11.114212149041771,11.37744987858184,0.0,39.14429617837038,-31.31475260235345,-11.337449028591056,0.0,1.5845471647314562,-1.0291319558445384,0.0,FAULT,90.35000000000001
case05,22,W1,step2e_regression_clip,1280,1536,3.855602376952702,0.0142339955304318,104.25897786648083,103.79183545908566,1.2341012598077374,0.1050816073621527,0.3184420442788671,0.0569699327280394,0.6553514707202405,-0.0692990439683538,10.281389386663122,1.7155956079972623,3.026111536187909,2.272139084951455,1.9196606964135607,2.167026408628821,1.056907852483833,0.0138259170644976,-0.4738875183172312,37.78108631795462,8.859923879038478,0.7890449888183028,0.7823755248629696,-3.864579084747111,0.0871502437608955,1.0131315627929374,-0.0768881886085752,27.372164880568757,-0.0786028331290168,12.27097960524496,-8.080746839130171,7.509374081670256,-0.0638687534001681,15.009806124593153,-0.9919114803139488,0.1185618497190788,0.9375673820633486,-28.760040330235245,-1.1301967433843505,21.037000464754065,0.6398775143128473,-1.0781260363925491,0.7764497403156315,-27.27676838619037,3.987184471012754,2.7930504976544275,-0.933833879429782,-5.220548318734128,-8.03479799761339,0.0470632536753311,0.5990974956797825,6.0603475476308,17.125666134330835,10.826914634806467,11.415914294949465,0.0,39.35989498129873,-30.983684032702453,-11.436160993960756,0.0,1.513333760580322,-0.999989210190824,0.0,FAULT,96.75
case05,22,W2_f0995,step2e_regression_clip,1024,1280,3.8769213505571134,0.0180839741313554,65.23197398965576,64.83890697751636,0.812554798662564,0.1314630743934573,0.3324261809690743,0.0598762591724082,0.6383331340094135,-0.3702008671908055,5.809900141999312,0.5681957949529115,2.5184102704003566,2.021701955606795,1.389340253191616,2.081371258550023,0.0499556885285398,-0.1625612452374462,-0.0220010246108406,16.476669622258573,6.9186182081002485,-0.0687304314494947,0.0910974754730935,-3.731341445421387,-0.0366714532796927,0.2089593501480335,0.1623366410388962,9.86720274742389,-0.2176891777218648,6.275949073672514,-6.1218087106378745,6.471762376668099,-0.1327280325048833,10.933050466124126,-0.0712402741419234,-0.4080382376959903,-0.1680780383029782,-21.091713059995545,-0.5418676182881087,13.66214872403534,0.3406885503405931,-0.2843303838317841,-0.3738219525156736,-19.802973239711918,3.611784486864072,2.042407722109524,-0.2747788395457776,-3.198004710681689,-6.32176661814599,-0.1340810352938813,-0.2395538855260393,2.9189973602185213,8.557933570591203,5.894732952695546,7.543176206630476,0.0,16.448361957995022,-14.081238789816828,-7.508642258170056,0.0,2.6662316302675344,-0.2834519105904742,0.0,FAULT,83.95
case05,22,W2_f0995,step2e_regression_clip,1152,1408,3.8769065017077526,0.0172332056202717,65.28146113351391,64.89962013748831,0.691348551385695,0.1262724209220714,0.3278330690940622,0.0592122530590382,0.6390604998119865,-0.3692011776482511,6.046122020262462,0.6551011509985459,2.539344696069552,1.9658603926521487,1.3150126332051577,1.945040350368585,0.0387438693940485,-0.0298786870132118,0.0292367711385065,16.357347188698178,6.97164843876358,0.0005840661158765,0.0584559392987691,-3.708323150017485,0.0357278439029481,0.1837202653973821,0.1566870050823229,9.969210539845156,-0.1722221133574138,6.274300209251098,-6.063090962544642,6.520916552646699,-0.1399724351041817,11.1135941482494,-0.0557749859113777,-0.4139816252351978,-0.2299772739927744,-21.09236990588146,-0.5247087720851097,13.886615245071216,0.3763614273623616,-0.0690687121481171,-0.4326292401421444,-19.803842194053747,3.560158477433468,1.9535085989975336,-0.329683913528899,-3.1865683232276165,-6.45562091929938,-0.0315058840311907,-0.278469528517123,2.8998279352082843,8.506887940237116,6.123066877146685,7.350836473063397,0.0,16.345967120136404,-14.072323869155152,-7.219878475452756,0.0,2.69029299714221,-0.2868708766204376,0.0,FAULT,90.35000000000001
case05,22,W2_f0995,step2e_regression_clip,1280,1536,3.8721216722908753,0.0140692827796597,65.24403380554315,64.87967013418898,0.6590451177139369,0.1276701923975269,0.3281616352713995,0.0585021272571949,0.647494361454038,-0.354872858611071,5.913724755532438,0.6475921062400324,2.491148968469145,1.92240790862926,1.2462420226870463,1.7502578713189771,0.1007651983456436,-0.042416150153795,-0.0363900643146398,16.425657198490203,6.745663043349467,0.0306433745280187,0.0971908833980345,-3.5882591999978763,0.020678740570746,0.2142579797676151,0.1102327807659063,9.645523149195876,-0.2071004741656802,5.862865274094021,-5.871417816209104,6.286749925607516,-0.2160551525049049,11.284857599394122,0.0146330589206191,-0.4272932945729317,-0.2058199138083613,-21.093270111883097,-0.607632258248217,14.161433464133472,0.4690763152107283,-0.0547696629601478,-0.2650086692835459,-19.80488836354678,3.2980329644528608,1.9447008124903555,-0.2492038030711646,-3.1129420366063183,-6.168301451115839,-0.0187822360716211,-0.056766703131026,2.9446393104283857,8.361034403847015,5.976832863404084,7.337704664022391,0.0,16.43657621686409,-13.913075684306971,-7.290101700202493,0.0,2.6199813299407926,-0.2690789261434311,0.0,FAULT,96.75
case05,22,W3_b01,step2e_regression_clip,1024,1280,3.883023347737388,0.0182658127913339,69.44794981190402,69.02843242424825,0.9467844247206062,0.1322123995579594,0.344771165242585,0.0620421456702998,0.6347679903672887,-0.0365166405942007,6.674521548790288,0.7231354600434623,2.638837991598261,2.385757495688603,1.257499718402704,2.1063908628273813,0.7312436035752482,-0.3408217137150834,0.0051155091736936,23.937240607269803,7.128700459415033,-0.2115990261059679,0.8078158069970979,-3.926380891409009,0.1085904298416416,0.9520413460218788,0.291390207027154,10.293436341460437,-0.157789039339697,6.46612277726006,-6.881002998311457,6.74836823467165,-0.4689920210235569,11.127075888514485,-0.4116174885890977,-0.1953861119293929,0.0879946248605557,-21.93961609119105,-0.7477219132295727,14.397884068520383,-0.0431294885353225,-0.1706530946928764,-0.0758128785091484,-19.978765664755084,3.519565487234036,2.017104396573865,-0.1141743025720566,-3.292178589398626,-6.392991424362954,-0.0272668641143065,0.1178560353588244,3.117474547314582,9.656216684868436,6.805714519435164,8.595486471295654,0.0,24.102201108676287,-14.691970577644645,-8.576676392582025,0.0,2.731749063528106,-0.2699297663867392,0.0,FAULT,83.95
case05,22,W3_b01,step2e_regression_clip,1152,1408,3.8829279473255087,0.0173500893915345,69.43149626298694,69.02768565047498,0.7828975838820499,0.1261568386681676,0.3402132268878186,0.0613903879643564,0.6356688139900837,-0.0380562719147784,6.932415654632913,0.8147231064479843,2.659989115182332,2.329229212006932,1.1790809565582088,1.9662876048682236,0.711567472916159,-0.2052639179743103,0.0577160694474383,23.778544897157172,7.181389046879788,-0.1414788036820526,0.7600187710982877,-3.902477020734232,0.1825029873673273,0.9136478767921355,0.2834939647525499,10.399583686010796,-0.1125429935330359,6.460203781392589,-6.814001076800535,6.798786143106305,-0.4785957569742757,11.312581511978362,-0.3929249403728977,-0.2010308948420001,0.025541318369999,-21.94160969581668,-0.7336677274867626,14.631404592380363,-0.0045075626592914,0.0541815900986141,-0.1422463532150796,-19.979509736785552,3.463654299055246,1.9255230891568216,-0.1727127967443968,-3.277041244288517,-6.530315099994267,0.0766670606286662,0.0799562419993196,3.0995420102289746,9.596523147626796,7.055728093103319,8.389952404974267,0.0,23.966597348304838,-14.678742388223752,-8.262503180766117,0.0,2.7576336731444147,-0.2742753570869061,0.0,FAULT,90.35000000000001
case05,22,W3_b01,step2e_regression_clip,1280,1536,3.878433542869399,0.0139180966205373,69.38850599095906,69.01043171649731,0.6823213119581187,0.1219195787723254,0.3404968256506949,0.0606752357573804,0.643817009982362,-0.0274795672260714,6.777034943587056,0.8018862976799047,2.60957878854321,2.285872140288901,1.1072245565273118,1.7689413350294785,0.7955472908266239,-0.2195974338014554,-0.0105456772801804,23.866763874867956,6.948900803522242,-0.1085320472178043,0.8138432898154584,-3.77812915291612,0.1646718418311994,0.957703423875924,0.2365378188400519,10.056984587929856,-0.1468705252846713,6.037413304767725,-6.610926633218002,6.555524199081633,-0.5517881190273655,11.486546850645354,-0.3192372806445461,-0.2143205415967815,0.048150410630723,-21.945016507580057,-0.8150621224255621,14.918452161521287,0.0881314692545819,0.0660209554594985,0.0322580604832338,-19.983647440867177,3.1953346550537085,1.9113809435015785,-0.0894813104702052,-3.1998887279276165,-6.233876763946117,0.0903666905984571,0.3113781061325665,3.151245211245313,9.433538436257514,6.8844566146474575,8.378655819212504,0.0,24.087391274579737,-14.518544605233853,-8.342292563136489,0.0,2.6851060847112427,-0.2549598371615739,0.0,FAULT,96.75
case05,22,W1,fit_only_clip,1024,1280,3.8342148628155055,0.0181425198801847,102.16635555081538,101.62524060345714,1.8244941744378156,0.1210140892046444,0.3009812732714526,0.0614330578709977,0.648324673154703,-0.0350997923861965,9.85940714233826,1.634102355720129,3.058718216744264,2.476196059273846,1.9660863830323865,2.613857575677612,0.8922871632704786,-0.1915968996860745,-0.5305386669505815,35.01086540154486,9.1394461875834,0.6779666581609735,0.6887355761244421,-4.049014853405282,0.0345933466836278,0.9072354018671576,-0.0886268808979664,26.85069012866093,-0.0699964904491568,12.94677159769547,-8.376429022978977,7.593828069390614,0.1188176759562177,14.45583320621486,-1.2109612205615354,0.1678795613397198,1.037157864586259,-26.74097284951208,-1.0061738768366342,19.89782705569425,0.3783878922265788,-1.378228767933844,0.6295421885878261,-27.08855224733625,4.360292867807682,2.950171810021001,-0.995529383715726,-5.215270184945108,-8.35819596413453,-0.2227718819774377,0.1548437104401367,5.699662566207376,17.187825826601717,10.3479968957121,11.262421950179014,0.0,36.21771145043845,-29.6684467185057,-11.575541432003453,0.0,1.6325874570083143,-1.0080308715176602,0.0,FAULT,83.95
case05,22,W1,fit_only_clip,1152,1408,3.834098022921166,0.0173251767962151,102.064901880331,101.55918580247612,1.472936968760516,0.1120493011021525,0.2961931414403501,0.0606307083412145,0.6498941735148787,-0.0374281188988818,10.276917975348807,1.7635313808546322,3.075865941086519,2.407035563438973,1.899449817765288,2.459843571693769,0.8602052016555731,-0.0321478193445939,-0.4671679561287117,34.76381179785575,9.229647059791851,0.7590509339041396,0.6154896946598604,-4.037977956375968,0.1007880030213546,0.8438107226523667,-0.1094565890202412,27.157330570790347,-0.0225457603800471,12.951888964119837,-8.295231684591322,7.676519622864666,0.1034368602843616,14.673871659056353,-1.2008815189314122,0.1796021618420831,0.9718249432771072,-26.754427644226805,-1.016422425766306,20.21279455561854,0.4461530488814582,-1.136492272063938,0.5660870198698009,-27.088484223602904,4.262236042267008,2.8560663501227337,-1.0883117328259475,-5.218511671915375,-8.501507548951773,-0.1152914952912837,0.1127384232275748,5.694954964540831,17.063755667779304,10.759779995822718,10.969123436746774,0.0,36.00437491576082,-29.630291724498548,-11.147501289650624,0.0,1.6526007322293057,-1.0215701646529984,0.0,FAULT,90.35000000000001
case05,22,W1,fit_only_clip,1280,1536,3.83022947750453,0.0139599930716058,101.58510415069073,101.11697185064725,1.1795074178234923,0.1069509544218478,0.2957297386860096,0.0599515870285133,0.6572131472978288,-0.0417452163102746,9.992732088771271,1.731378481371184,3.05520742514952,2.3641691459811742,1.797076050793747,2.2365394855923704,1.008599777933423,-0.0555909283376182,-0.5123554772244119,34.92356323735658,8.908807864182657,0.8043039741720226,0.7183822833359188,-3.877548053703731,0.0747180557980621,0.9473769907185212,-0.1249499746848974,26.18338002127868,-0.056194556623367,12.074839780119142,-8.103143587786107,7.407479472993199,-0.0380311161599279,14.899320938694393,-1.0780784023825114,0.1404584036019753,1.0052458459819982,-26.7403412171542,-1.1809073208792538,20.61387538027824,0.5673860415491457,-1.1238111290352957,0.8188103409361496,-27.05941901749842,3.919700681866981,2.833427044066119,-0.9482270040230796,-5.106664203729079,-8.05344995151016,-0.0862739884174535,0.4580842151322474,5.820911404950965,16.760188938291225,10.447915617352804,10.984909340049116,0.0,36.21474272292132,-29.286274842989087,-11.244483507165734,0.0,1.6018184332997063,-0.9923428526597324,0.0,FAULT,96.75
case05,22,W2_f0995,fit_only_clip,1024,1280,3.84981450647128,0.0173484877324776,64.76300340513318,64.36740803956795,0.80964037423088,0.1319120361851266,0.3104396518467971,0.0632576552712912,0.6415699390591747,-0.3546153907865342,5.801655860164219,0.5669177315326237,2.51893202730821,2.022705740339881,1.3885893040980504,2.081469465231174,0.0486839145772614,-0.1640273296550723,-0.0217953829521525,16.429891005313713,6.907899312022559,-0.0706968468311681,0.089697619611991,-3.731580752868085,-0.0368240524677151,0.2072851795958962,0.1607000911684036,9.834974026147348,-0.2177232744844411,6.259115523502718,-6.115345658088509,6.467274031991331,-0.13128881524167,10.924471399374928,-0.0709596450080118,-0.4102293592111137,-0.169791840984004,-19.805217141756906,-0.536767825682448,13.639622425977455,0.337416138090214,-0.2816623891353142,-0.3770254762612306,-19.96108448783542,3.612233664074401,2.043623281139339,-0.2732086076087634,-3.195336029696349,-6.322855699808108,-0.1326135067550774,-0.2384654545187715,2.911047372981728,8.55545448287068,5.886132117086278,7.542623283568006,0.0,16.401097067829102,-14.037187567289118,-7.504640171823734,0.0,2.6653496486602464,-0.282608182416602,0.0,FAULT,83.95
case05,22,W2_f0995,fit_only_clip,1152,1408,3.849904900633833,0.0166967190089553,64.81188929214886,64.4275810360001,0.6870814722192372,0.1266200772712807,0.3059521503565107,0.062542187600778,0.6425053311794274,-0.35332220281987,6.037622162962639,0.6538119163276631,2.539855900456591,1.966863993662079,1.3142718499945052,1.9451744145068623,0.0375058543469119,-0.031333748871566,0.0294471227577332,16.3108266957768,6.960745370831613,-0.0013865087478193,0.0571240128704486,-3.708551659663931,0.0355675102374454,0.182106815310134,0.1550616477873214,9.936508259275362,-0.1722645311921802,6.257433450481167,-6.056727371684963,6.516296470873999,-0.1385408155380838,11.10494361564322,-0.0554954985056449,-0.4161651364213897,-0.2316609832940787,-19.80583376650056,-0.5196335622169773,13.863853916858565,0.3730769818479287,-0.0664693855937952,-0.4357752286370271,-19.961921102465546,3.560642278118137,1.9546974028045685,-0.328106163532452,-3.183881064416694,-6.456662503297825,-0.030049858537763,-0.2773880003076338,2.8919236532677863,8.504415726374882,6.114217683067327,7.350331773481008,0.0,16.298907192679767,-14.028285721312498,-7.216243095180983,0.0,2.6894149422080997,-0.2860197432258466,0.0,FAULT,90.35000000000001
case05,22,W2_f0995,fit_only_clip,1280,1536,3.84563186161151,0.0136483021766928,64.77267090153768,64.40588997931876,0.659193328798377,0.1278217435980365,0.305796695182903,0.0617291078460229,0.6505494186704329,-0.3392772110643906,5.905405894524455,0.6463075745212632,2.491666006070602,1.9233968895605211,1.2454988679922754,1.750368752576656,0.0994559565355633,-0.0438675198089679,-0.036168491979941,16.37897274546299,6.73519889110723,0.0286720178472463,0.0958203346622393,-3.5884708103301017,0.0205473632254437,0.2126170773358851,0.1085896589197542,9.61393641583974,-0.2071824636444804,5.84736507272522,-5.865107643039093,6.282403233954147,-0.2146446108039812,11.276213288712531,0.0149406763294227,-0.4294608505800392,-0.2074601953817559,-19.80668998546189,-0.6025704377615242,14.13842850392973,0.4658287112327605,-0.0521837349691206,-0.2682056382781327,-19.962917525010205,3.2985927270295123,1.945913044342749,-0.2476809295705594,-3.110251230983979,-6.169376626669254,-0.0173394529750143,-0.0557708877974049,2.9367314295672493,8.358672728069795,5.968181911466818,7.337180078742111,0.0,16.389279731505773,-13.869386628586089,-7.286295485067936,0.0,2.619094264971977,-0.2682209153187614,0.0,FAULT,96.75
case05,22,W3_b01,fit_only_clip,1024,1280,3.85529765984109,0.0175540568892335,68.799723339933,68.37871952653418,0.9352367965934222,0.1322675742936118,0.3223307347468064,0.0656339883014998,0.6370458529347213,-0.0420007008587018,6.6437483843256695,0.7151543153015888,2.6437024627145496,2.36955792640906,1.251316299603641,2.0929541061094032,0.705233884418746,-0.3412789462857664,0.0041707090729131,23.39012648796984,7.121611274829642,-0.2087807499185085,0.7851265671123586,-3.917350722211003,0.0986677448264195,0.9211324276813948,0.2666931318158719,10.239284746225566,-0.1491870790873613,6.443944774621584,-6.8527835300949125,6.742946026972734,-0.4592122215546845,11.105708462931224,-0.3949760247076343,-0.2120784641048955,0.0752115304783961,-20.605946255155462,-0.7577682509477267,14.359260715508778,-0.0814992813148147,-0.1741669966465575,-0.1151364328042826,-20.14290946902573,3.5235120434864458,2.0108300241779937,-0.1383217833269797,-3.3022043202253526,-6.39161638937553,-0.0608727284254415,0.130439355824011,3.147993597736219,9.625990804607516,6.778969749959211,8.573355751346561,0.0,23.53534435127706,-14.589929223199704,-8.576581145231142,0.0,2.716547924705705,-0.2669348667442271,0.0,FAULT,83.95
case05,22,W3_b01,fit_only_clip,1152,1408,3.855310970441927,0.016844409266318,68.78696245727991,68.3814615307976,0.7733949943983961,0.1262531949346902,0.3178526930861523,0.0649288304342622,0.6381489823759755,-0.043314947360395,6.901029844007044,0.8065194709672885,2.664720752991481,2.313169060312537,1.1729623037712391,1.9530313182838277,0.6859570342144573,-0.205647127894072,0.056715865796771,23.234601085974028,7.174202056074668,-0.1387000778389147,0.737993283353619,-3.893409107813125,0.172524176806643,0.8833977310420125,0.2588408074924944,10.344685028080262,-0.1040875052828064,6.438280857413648,-6.786197400463444,6.793250776270039,-0.468563556492915,11.29098236598989,-0.3762746296749472,-0.2178190249542926,0.0127460651854909,-20.607984402000525,-0.7432425279171554,14.592298067321895,-0.042809560025707,0.0505227529036378,-0.1813268219037926,-20.14382607290343,3.467930263714881,1.91915990982326,-0.1967049017382899,-3.2870649677799544,-6.529034752048186,0.0433330730565928,0.09247173231378,3.129726685267464,9.56649447299857,7.028363441609866,8.368118869709495,0.0,23.40245067393701,-14.577200992323876,-8.263826547226541,0.0,2.7425300396209664,-0.2712694390617399,0.0,FAULT,90.35000000000001
case05,22,W3_b01,fit_only_clip,1280,1536,3.851305008826418,0.0135474023087451,68.73990321183,68.35961489755023,0.6831890052989309,0.1220092862467203,0.3176716646948229,0.0641121240638209,0.6459410046475873,-0.0333649698319643,6.746435112502439,0.7936648297481272,2.6141978820518967,2.269792376420416,1.1012185268525498,1.755451509982044,0.7689971491146168,-0.2198689468614514,-0.0113865982677219,23.32145825823866,6.942517751785708,-0.105982989133032,0.7911422296302734,-3.769120537891364,0.1548678577634636,0.9268790330424336,0.211728195204287,10.004509426496382,-0.1387842341243825,6.01786747294864,-6.58336430331384,6.550623426589028,-0.5419298040042492,11.465094568605668,-0.3023307166157601,-0.2311543087464913,0.0352712552525602,-20.611294133217115,-0.8246349688969076,14.878917967887602,0.050113389922393,0.0623888650598519,-0.0072741023941441,-20.14787817128145,3.1999766367293123,1.9051038757724816,-0.1134956389105541,-3.209949503730151,-6.232724242039293,0.0569534284099468,0.3229486119073451,3.181639364116334,9.40325819782157,6.857871542519824,8.356573577012075,0.0,23.521077483128195,-14.417478533921892,-8.342975814266065,0.0,2.6702324438519325,-0.2517636352657116,0.0,FAULT,96.75
case05,22,W1,fit_only_no_clip,1024,1280,4.446105783929406,0.0117959377291523,152.3911736763862,152.02610482655058,1.6634440539773496,0.1194495444690262,0.0893615594934118,0.0182978540610756,0.8956659804070697,0.0224744764588105,9.836270727282718,1.627526949349885,3.1056775023100536,2.43758944005642,1.901642343590848,2.9700731393763635,0.675202354238402,-0.0230436524670515,-0.4307442470442779,35.49496008413297,9.633343396231185,0.903683490209328,0.456095482398232,-4.271258965760343,-0.4943869810265215,0.7092136987383224,-0.1547865600762059,27.294008015913448,-0.2228208500783509,12.970810086919862,-8.419059274103375,7.634620812810985,-0.3712772926708637,14.08665247071346,-0.7895316428578592,-0.0782236302029552,0.879599235816437,-68.06316382639493,-1.691317080671025,19.95503061090393,0.3063108803131601,-1.3528932316448226,0.5932997795493107,-78.94238597305971,4.291253527558198,3.110844526921009,-0.9445362637182676,-5.790187874089998,-7.668074193482273,-0.7132010287025383,0.4031925386648697,6.21127385761719,16.732976972321417,10.40919420768659,11.107178853451597,0.0,36.72500257375468,-29.66723749469505,-12.006181120264824,0.0,1.9629401627411875,-0.8712949387715733,0.0,FAULT,83.95
case05,22,W1,fit_only_no_clip,1152,1408,4.448745546834712,0.0102914012496851,152.59709152216158,152.25042873706792,1.3321170490110696,0.1080021305519407,0.0875536672811461,0.0179487224689898,0.8967407848874831,0.0213970213560826,10.259323334967068,1.6990262585469789,3.126839505021626,2.352411180912375,1.8405205941892444,2.8198052731226237,0.6513897886069544,0.1479213767159692,-0.3630873258876596,35.206195628075186,9.724328537862384,0.9833271300927984,0.4023405341863068,-4.233833297341428,-0.4165109638610862,0.6685591389417808,-0.1690974897340093,27.627925247686058,-0.1602275328097359,12.973535468141757,-8.341995122817432,7.680818229299432,-0.3492216565246384,14.300064532664477,-0.743987795591022,-0.1027730874202359,0.8299116717516589,-68.35562528092316,-1.6360329543913252,20.27504381162171,0.3607010960711097,-1.085274516766659,0.5229219239053245,-79.15196953737741,4.235442488650112,3.0106943779074538,-1.033428284810744,-5.757261528052495,-7.840481912100338,-0.5360229957617385,0.3808263460254682,6.103127442678835,16.698721899029287,10.836101692567748,10.835055082567884,0.0,36.46333155690848,-29.665130840157747,-11.566444090334892,0.0,1.9788617533942288,-0.8859549802630422,0.0,FAULT,90.35000000000001
case05,22,W1,fit_only_no_clip,1280,1536,4.446273817964826,0.0105613254777277,152.20725473967514,151.88299539604293,1.166302553781322,0.1039193219100186,0.087760390407758,0.0177513171156794,0.8987438483225437,0.0196286105971781,10.016739362895612,1.5613793185127067,3.1274444366798995,2.293668104570666,1.7031772259071645,2.5740788858944117,0.8479044033568912,0.1417996992858547,-0.3693056962495012,35.414694405265834,9.42663317054207,1.0769130916931815,0.5791340066967476,-4.107568133887584,-0.4564093480952538,0.8630721193494916,-0.1299427824812422,26.716780371255297,-0.1939919482908049,12.0533340042347,-8.133095965767746,7.381167198627327,-0.4958469653561266,14.501753718782052,-0.5452225417229357,-0.1992288256080167,0.8355166511434453,-68.29207085829105,-1.83710448532003,20.73219363516914,0.4705911250750015,-1.0453025392096975,0.7734546452576391,-78.90337106008015,4.057393202217591,2.929605958479608,-0.9651071621296436,-5.660398166544962,-7.434344637484198,-0.3952963517517537,0.7428019495067735,6.1168617609937135,16.467599541612678,10.58376844093685,10.922343957903337,0.0,36.72170987197476,-29.370017102648266,-11.763730043872622,0.0,1.91306457252484,-0.8049762937819482,0.0,FAULT,96.75
case05,22,W2_f0995,fit_only_no_clip,1024,1280,4.449847642765493,0.0122473071916129,109.39613635040618,109.15520217989554,0.8054855485120995,0.1263382078611819,0.09367400250864,0.0190822135750684,0.8918693554897696,-0.316226316760282,5.814569286221548,0.5680184726103548,2.520374047526148,2.025061268379944,1.3851329292496852,2.079718466727483,0.05373087243163,-0.1749144318801173,-0.0245455372442249,16.450795610999553,6.920730117080915,-0.0772630364253163,0.0957219285381077,-3.737050048198769,-0.0326973020018496,0.2114862274871911,0.1579276813482104,9.842330503376568,-0.2242280791124673,6.264783962430916,-6.111820350964375,6.480120924978219,-0.1341769757812767,10.926360451595391,-0.0693929777732028,-0.406588496313462,-0.1732017450441836,-49.78750283187263,-0.5328725202215598,13.63523387624215,0.3342164362045092,-0.2731125558514284,-0.3809342875086765,-58.77711327894934,3.611762180674995,2.0432100485537443,-0.2751525448767596,-3.2007966966462496,-6.318231050217807,-0.1229464826044404,-0.2331668462657242,2.902108203027466,8.562748400639325,5.8983714927086215,7.544695236393697,0.0,16.42244351559638,-14.042450812725791,-7.51170040101036,0.0,2.668614577306946,-0.2759326939799496,0.0,FAULT,83.95
case05,22,W2_f0995,fit_only_no_clip,1152,1408,4.452356755111673,0.0106555470078416,109.68985726115304,109.45517205349807,0.680766857298307,0.1187838388591941,0.0918704880843001,0.0187745908089315,0.8926760766147391,-0.3153655227626584,6.051098201928331,0.6549144712875448,2.541288313893882,1.969249031529428,1.3107811078441476,1.943353821693288,0.0427244890674003,-0.0422398389655914,0.026824461814879,16.33082737651625,6.972994602062515,-0.0078841659228733,0.0633988602755378,-3.71390414146193,0.0399182707078024,0.1865468341483389,0.1524838727536895,9.943144548789268,-0.1788110819115645,6.26246172682688,-6.053435153386497,6.528577517917058,-0.1417588857926517,11.107100115280542,-0.054020253567247,-0.4123078394488298,-0.2348875643590693,-50.00188373074169,-0.5161153953093084,13.860091061537672,0.3698820902809745,-0.0581305538959287,-0.439061277507258,-58.90581528221916,3.5600118274811354,1.9541513551525849,-0.330127410334777,-3.188951614375264,-6.4520571708871,-0.0203914396003667,-0.2722066273312294,2.883261699123079,8.511550990582943,6.127049363248619,7.352348472693632,0.0,16.319361572699602,-14.033043899122662,-7.222486147032179,0.0,2.692606089869535,-0.2792693901287882,0.0,FAULT,90.35000000000001
case05,22,W2_f0995,fit_only_no_clip,1280,1536,4.449244978612465,0.0105437553237149,109.55525284479124,109.33224191365484,0.6497739145533481,0.1181317494442652,0.0915969834887943,0.0184857890824954,0.8953510936032288,-0.3074754753518319,5.918886845635469,0.6476296522333624,2.4930297400772665,1.9256651088151409,1.2420129089434513,1.7482867020832618,0.1047201347948626,-0.0545973177068166,-0.0388055058516176,16.399055358780934,6.746405767041216,0.0223283916214393,0.1021600493201799,-3.5936079881078813,0.0250223529112268,0.2171200717227613,0.106040758482276,9.619319021530403,-0.2138593396616949,5.851338450898761,-5.861460474574848,6.293992597928194,-0.2182004677673582,11.278904347627526,0.0163404348077794,-0.4254221545925112,-0.2103789265659955,-49.946561258831096,-0.599859849816007,14.135278211427302,0.4630487622091899,-0.0439716528014774,-0.2711181503752809,-58.72616159174336,3.297542883761005,1.945547577091831,-0.2497921701690215,-3.114686731398025,-6.164511622872358,-0.0077391316095852,-0.0507401390247708,2.9284675600060623,8.3657147823747,5.980994594981679,7.339110146276914,0.0,16.4098239362923,-13.872878816304944,-7.291975894021074,0.0,2.622194697997203,-0.2615159969291405,0.0,FAULT,96.75
case05,22,W3_b01,fit_only_no_clip,1024,1280,4.450561383868772,0.0122837965533312,114.18854677736589,113.92633187607396,0.9485926316985602,0.1307019270335236,0.0987432997702318,0.0199716124189444,0.8886658983091205,-0.2037494688450438,6.6225432147045815,0.6988946522071181,2.671642836303433,2.362399257085529,1.2346266163348358,2.109653033737507,0.7216191991875075,-0.3807974592875348,-0.0441346271012891,23.448367606159582,7.235140298609532,-0.2082760636884387,0.8036161853129624,-3.939867957372952,0.1143329059041289,0.925438147329796,0.2635376219401533,10.350890742846422,-0.2237787727720042,6.532601862392508,-6.784998204521624,6.860145878015173,-0.3649358823333598,11.053994233784344,-0.3558540402136042,-0.2202612236062595,0.0168709476146615,-51.86083875226512,-0.6715175855292681,14.258727652989064,-0.0378084658675513,-0.1159350105593461,-0.1631968060635386,-60.304215140519965,3.5690024837514875,2.026086891287104,-0.1747473216863817,-3.4298751956364044,-6.389676347702552,0.0178041485068231,0.1282151711512838,3.0099058553932347,9.760699083200542,6.759509649400613,8.54518575507941,0.0,23.58743178004847,-14.683776044611578,-8.621602608761973,0.0,2.7309847548769803,-0.2361835625578653,0.0,FAULT,83.95
case05,22,W3_b01,fit_only_no_clip,1152,1408,4.453035871663836,0.0107036209220698,114.44182398635806,114.18886997189372,0.776405835304221,0.1231824843645702,0.096876732276918,0.0196552231199898,0.8895458414151655,-0.2047766634463296,6.8818415843797816,0.7889427131598548,2.69292405501357,2.305793525086182,1.15762180879836,1.9701334404008175,0.7055789340096482,-0.2452055906482944,0.0090712800327716,23.285405423488232,7.288095312723505,-0.1375198638538205,0.7603923583554036,-3.915915688466412,0.18851826407699,0.891663212462986,0.2569078326887507,10.456606373611494,-0.1777925104432718,6.528591996335886,-6.720542867622963,6.910283781581496,-0.3739969098048202,11.239114205498195,-0.3385698345150285,-0.2257962726673413,-0.0460641970435023,-52.084724964777074,-0.6557161493780094,14.492623691547818,-0.000126597020128,0.1067703710074512,-0.2263719310822009,-60.43745419051065,3.515130115741402,1.9338037004019744,-0.2326408653630541,-3.415961227719831,-6.528552849600574,0.1229336531904455,0.088178764041388,2.9898235426478394,9.702561195123671,7.011329716383306,8.340675204075328,0.0,23.44710164153212,-14.672652891018185,-8.305490606434304,0.0,2.7558481448121013,-0.2401786796248444,0.0,FAULT,90.35000000000001
case05,22,W3_b01,fit_only_no_clip,1280,1536,4.449973272196292,0.0105185630245516,114.30263652682362,114.06674003762105,0.6747393548263231,0.1177297830937455,0.0966178862370747,0.0193718046747464,0.8921748068576567,-0.1990874902177938,6.73041121139506,0.7785226815688576,2.642255118730597,2.261693092285069,1.0867509646561757,1.7713393505459818,0.787446564611034,-0.2579738381778773,-0.0588648025690183,23.37635118160716,7.054099822292115,-0.1050514168969157,0.8125626485635167,-3.7914404680379934,0.1717503404183914,0.9340993143919426,0.209428724353763,10.11354437089908,-0.2129302680968509,6.105954308310771,-6.516082223862212,6.666395617002336,-0.4505722700013466,11.414880529585137,-0.2656647815951585,-0.2390802735561438,-0.0220212188702251,-52.02805713602928,-0.740294747323649,14.779916671897022,0.0945406573956678,0.118540232168296,-0.0507615360585326,-60.253171562844834,3.2455300542772223,1.9221946295280536,-0.1489560282225209,-3.3370572340698432,-6.231747221202604,0.136773388084492,0.3189589491614675,3.0427832844198117,9.538561658260225,6.843848696435769,8.32837948883645,0.0,23.56982147842676,-14.50893950748467,-8.382670229060244,0.0,2.6833491807663963,-0.2211056118092441,0.0,FAULT,96.75
case05,33,W1,step2e_regression_clip,1024,1280,3.856045427188325,0.0190342281411089,115.08606374821215,114.55462570285862,1.884298986852181,0.1325603324378838,0.3239960361121141,0.0577421156757199,0.6359275302108985,-0.1757224147528986,11.690984228845714,0.2322235378797298,2.9392688661689523,1.82024468850858,1.3202643383176695,3.2601221551127346,1.690932194108982,0.1264200076249689,0.0842057032883636,41.57861974535639,10.293663637784672,-0.1804352512213283,1.675051819872609,-4.067649149320813,0.1840400652214094,2.14893086567374,-0.3564522751435164,30.80853310315682,-0.0089453209376981,13.443125163981668,-8.34306779842464,7.713673375119409,0.2618928901344972,14.449369176204712,-0.8849722138544814,0.1321989264617143,-0.8214961653468015,-27.864349812085333,-1.1092228368269768,21.775435329238764,1.1888676219947862,-1.0666042831741795,-0.7320470203507551,-26.65565044136272,4.529825496691727,1.8988794440874424,-0.0827557228840126,-5.040496704972802,-10.552956179867955,0.5174911966620075,0.3477333565059463,6.594971779274503,18.78281842653985,12.154107051485196,12.427862047045542,0.0,45.17763235453334,-35.02688531657652,-11.213263264858616,0.0,3.0260836941222427,-0.3295606504798343,0.0,FAULT,83.95
case05,33,W1,step2e_regression_clip,1152,1408,3.856167900782167,0.0181576785441693,115.0406645924572,114.55175145084168,1.4924747651369237,0.1178088952164262,0.3192968173752425,0.0573769953907674,0.6365105031035295,-0.1748536091019854,12.0443747731233,0.3117235924136616,2.9186677712526867,1.7223826287281212,1.2889478889445216,3.1014921182640998,1.6749670168167026,0.2502190273512896,0.0867130552858273,41.34996772682122,10.34364333177932,-0.0646692492367526,1.6005420130309949,-4.039714824503098,0.2273714009874329,2.0882354055072065,-0.3675116181178904,31.160739497299545,0.0901600201906152,13.475874825050644,-8.298313814043533,7.761572874370565,0.2800302852513601,14.782447114670749,-0.8781510007882807,0.0949675847158642,-0.8578932885231765,-27.870766744710814,-1.0471276459082646,22.132267203821275,1.238375227413696,-0.7594620755720448,-0.8552713711054795,-26.603475048601045,4.514450011762845,1.7857694811914575,-0.2192985184277106,-5.076657210214362,-10.745942473633477,0.6397294430827121,0.2712772829624386,6.575220831211324,18.69075483633825,12.523274998246698,12.143213941460672,0.0,44.9769495404779,-34.94652739349595,-10.790523164741892,0.0,3.03205041348053,-0.3293412261371586,0.0,FAULT,90.35000000000001
case05,33,W1,step2e_regression_clip,1280,1536,3.85116871339034,0.0149443922643693,114.41799702508156,113.96367384286415,1.2303771629849611,0.1073067816906463,0.3182917255661078,0.05644396535855,0.6450483748198892,-0.172746920567924,11.775137319001596,0.2716956026452042,2.8636168553478214,1.6415050158152735,1.1924961706572563,2.965059764049188,1.7192150383246316,0.2165724672418663,0.0297493302348359,41.32795362102348,10.004587273818643,-0.0071757294821551,1.6078615274035113,-3.920471028829254,0.1733745372969243,2.0835245918882563,-0.480000587019079,30.10853550159181,0.0653091723158495,12.559448697444246,-8.082056031448415,7.437420538056818,0.2460918826409022,14.97287310563081,-0.8980686006656518,0.0803867827826801,-0.8598835145246587,-27.92716580685828,-1.216881353307265,22.55204033678317,1.3748225231709137,-0.7753298460653747,-0.6351444680488197,-26.62562373827802,4.120151973490278,1.7352989870200477,-0.1077508411139528,-4.948508889386308,-10.336504263151424,0.6767546183619831,0.7159607569004436,6.722625435883397,18.34380463729192,12.236382313224128,12.127299742475994,0.0,45.0028079851392,-34.51436909754964,-10.90844664732806,0.0,2.953972627141167,-0.3297842484219922,0.0,FAULT,96.75
case05,33,W2_f0995,step2e_regression_clip,1024,1280,3.875855668732159,0.0181534688436263,65.17836419333389,64.78559619035336,0.8118345906338263,0.1330776083147306,0.3322838148334477,0.0598246057465182,0.6382752107377972,-0.370137222599614,5.8018016215738015,0.5547774229023404,2.521655166019213,2.006923569511041,1.401989655972753,2.071275130482312,0.0416046178705967,-0.1507307650082837,-0.0076679458220989,16.378593509238343,6.91813444583578,-0.0783373487404154,0.0859805421213504,-3.712414724640434,-0.0250006877928194,0.2015384628535776,0.1649361115207498,9.91441054660855,-0.2235692353559299,6.231934610656264,-6.093330739688837,6.440767642876763,-0.1371748140084958,10.953549403844882,-0.0668179174972829,-0.3957352091413028,-0.1741487395070148,-21.04385500662942,-0.5510384471849198,13.651255974285457,0.3641465979761478,-0.2888002388914882,-0.3861623669212315,-19.78800977125381,3.6018467291464886,2.035469799108084,-0.262502888086751,-3.1587026477893234,-6.321644550849308,-0.1287668945471771,-0.2488898586040741,2.9137968604251445,8.54075600032277,5.883488733497504,7.551727062222318,0.0,16.36543549502453,-14.09064431809942,-7.431423901794941,0.0,2.674990011015352,-0.2765385641629316,0.0,FAULT,83.95
case05,33,W2_f0995,step2e_regression_clip,1152,1408,3.875818207512352,0.0172996222364926,65.22997811251822,64.84843827958636,0.6893912057437585,0.1239903558021657,0.3276830743219309,0.0591604938166693,0.6390093212343793,-0.3689522549977849,6.037312369713896,0.6418387708871365,2.542696629280645,1.9513324889657533,1.3277366064956828,1.9346239664499731,0.0314860405167199,-0.0181575007783362,0.0434853225868057,16.259415196235654,6.969962827926696,-0.008757436945157,0.054546093918674,-3.689147490896624,0.0475241081465092,0.1775180669721883,0.1596930575207944,10.015504059608778,-0.1779282274705672,6.229205881405773,-6.034853380397107,6.488857283319907,-0.1451063925398267,11.134874327204855,-0.05137082040419,-0.4012898065481367,-0.2357742492185466,-21.044140722080893,-0.5346840845044962,13.876140879225463,0.4000845541383371,-0.0738195180591158,-0.444052214285286,-19.788128816045884,3.549715198780494,1.9463335696922952,-0.3175750006613711,-3.146601647379393,-6.455139005916884,-0.0260593702651246,-0.2880515887606212,2.8947425907076005,8.490049797488316,6.111112065348937,7.359650756301402,0.0,16.263053946035647,-14.080404133631228,-7.143811382826852,0.0,2.69880372389117,-0.2798407746586852,0.0,FAULT,90.35000000000001
case05,33,W2_f0995,step2e_regression_clip,1280,1536,3.871011935319494,0.0141127948162561,65.1931434232402,64.82891540471111,0.6578346483528127,0.1240586995974718,0.3279852782660095,0.0584443725395077,0.647457804490636,-0.3546159584839123,5.905773891497685,0.6345142176165472,2.4946613280153582,1.9072881503963195,1.2590301104506767,1.7396669781915204,0.0923427904729808,-0.0304170681031325,-0.0219625039347951,16.326798630200788,6.742740824905423,0.0211640464653345,0.0921620049590014,-3.568927404083282,0.0325836496275493,0.2070064451221802,0.1129848164315752,9.688774945540215,-0.2130631305343813,5.8183156421557785,-5.843087821284118,6.254811873447861,-0.221327633369993,11.306673119986344,0.0189915786614517,-0.4147671626241973,-0.2114056520618033,-21.044642366488507,-0.6183335957081335,14.150789724582204,0.4935421815285712,-0.059229956838514,-0.276538806097933,-19.789200620395157,3.286680630625201,1.938124651147325,-0.2370036611161382,-3.0725147310157777,-6.167488909241765,-0.0131615665133045,-0.0660037138045819,2.93947084815343,8.344888498284822,5.965817080385135,7.345758160601569,0.0,16.35265467166006,-13.919678920828892,-7.212784828212417,0.0,2.6283551978305275,-0.2621689997240788,0.0,FAULT,96.75
case05,33,W3_b01,step2e_regression_clip,1024,1280,3.8781426188822734,0.0186174754635385,68.85123518947475,68.43664369793886,0.940028949424127,0.1441472351006457,0.3452971268862565,0.0608686287121203,0.6293387001562274,-0.0801152991183172,6.605784069851063,0.6032889488952515,2.7701496022581256,2.312759319975063,1.4047093673766349,2.088747040990956,0.6425147271014391,-0.2453335218089977,0.1058300433193694,22.588076360685506,7.270680364295403,-0.382626822653238,0.7325160441638773,-3.743180307327039,0.1474522471096299,0.8380091952297288,0.2785658429329748,10.621405366922508,-0.268741180658882,6.264342162831469,-6.722047252693355,6.599445933568136,-0.4244993346930373,11.349795400664444,-0.5036205001154614,-0.1217700479599361,0.0444317119819754,-21.427816975546467,-0.7633039269335472,13.99160015394968,0.1731707254165202,-0.179348334513365,-0.269333723388065,-19.87428171412673,3.3511046002109923,1.9852541548815847,0.0311449111646529,-3.0896632085321434,-6.385273072074157,0.1765650410117981,0.2620987720907008,2.8218290989681094,9.952469369898653,6.698122047634699,8.79500909574119,0.0,23.096166218927618,-14.663537080353723,-8.053451923428872,0.0,2.78225294979268,-0.2148220885353736,0.0,FAULT,83.95
case05,33,W3_b01,step2e_regression_clip,1152,1408,3.878077504674067,0.0177119046505623,68.86387143245706,68.46510712136697,0.7758309851284505,0.131438456958089,0.3407281812164666,0.0602231980437552,0.6301992460537585,-0.0805130334631696,6.858873884955441,0.6954004074651299,2.792721235153342,2.2569766786054477,1.3295612816158655,1.947752753461672,0.6336707282605565,-0.111031306396633,0.1572619655373615,22.437995161613944,7.32127377946983,-0.3104793900202295,0.6972040502954105,-3.7183056453508576,0.2220586028810346,0.8118937077784079,0.2742636847182003,10.727433405533436,-0.2200686199770687,6.260163430785111,-6.654689139869042,6.647743052598603,-0.4361013473844829,11.540536057543289,-0.4837863448974871,-0.1273308629559088,-0.0194409123512656,-21.4292989202213,-0.7489173259297824,14.219170034424485,0.2133821244408228,0.0440837965687016,-0.3310153541951601,-19.87280767923751,3.2948827337209643,1.8913835205656275,-0.027609690227266,-3.075999302067187,-6.520969481975225,0.2837242785493206,0.2206047397386234,2.798132611147057,9.898370693512184,6.94307864057893,8.59102944402782,0.0,22.966619880926416,-14.648736913190683,-7.754910158402451,0.0,2.805878420904372,-0.2179279358798385,0.0,FAULT,90.35000000000001
case05,33,W3_b01,step2e_regression_clip,1280,1536,3.873313777961744,0.0142670117062847,68.83155161873364,68.45594001476238,0.684869143509571,0.1241651928678386,0.3409195270424038,0.0594822390381714,0.6383759010324354,-0.0704801914629029,6.712998208048423,0.6861350677129547,2.744606335322372,2.209476101993731,1.2592165759641505,1.7494686895982616,0.7071422276829841,-0.1226563401287741,0.0906350761654724,22.515488908736256,7.084647231850268,-0.2793766653863269,0.7420635075845768,-3.5940023881822336,0.2050110250442591,0.8476941071992521,0.2225412100286092,10.373232879764446,-0.25670503513121,5.849806914475195,-6.451611962369691,6.410376176204542,-0.5118143144772545,11.719038900586805,-0.4141036653400082,-0.1421000738064095,0.0068088649969593,-21.428270895491607,-0.8336539124619229,14.500368271450569,0.3121840894794205,0.0578402139862516,-0.159707893587686,-19.87532076809926,3.0187142665454587,1.8830086740882104,0.0560005589510279,-2.9994468251005344,-6.224402818056992,0.3010540989365046,0.4624481063621476,2.847547988165241,9.7398845280482,6.782322943153835,8.575392000019184,0.0,23.075860858252877,-14.483194998776396,-7.825657557444713,0.0,2.7330486264776965,-0.1995788764221182,0.0,FAULT,96.75
case05,33,W1,fit_only_clip,1024,1280,3.830125732466606,0.0184312506868698,111.33379633701436,110.7974731181408,1.8483241101860608,0.1336942657104898,0.3030415674269455,0.06055558534206,0.6403816918916131,-0.1366710103751639,11.571074131975276,0.2643992693107652,2.975537371165753,1.8390030748479649,1.2520195102407117,3.232659303528321,1.6530394854589268,0.1382109395205718,0.1938881268337489,38.72871759398834,10.276795907658329,-0.2757754319774679,1.6273885885552823,-4.102220287823239,0.2623103868098962,2.082167511043656,-0.3420683306070639,29.943312835106447,-0.0491456429417427,13.377730364007174,-8.338550349351008,7.656421686155442,0.2157624998024365,14.214873927819022,-0.8773568685862546,0.163860436650974,-0.8701812941694362,-26.371310053786495,-1.1665431824248749,21.697301245595384,1.182270137247542,-1.1582738934452144,-0.6448645942888346,-27.12648421627133,4.413285133746444,1.9258671412338897,0.0092624480197055,-4.987582277383753,-10.609331566071871,0.5403511047250884,0.3819525887969123,6.448908882671827,18.49121282569451,11.965404772574646,12.39097345606511,0.0,41.91866822596061,-33.8137771750879,-11.085521298001485,0.0,3.059284524974126,-0.3308619132657427,0.0,FAULT,83.95
case05,33,W1,fit_only_clip,1152,1408,3.830336721782949,0.0176319593097672,111.2994662342709,110.80342527081388,1.4680767205731846,0.1197444113944818,0.2987153088007372,0.0601090817544594,0.6411915078887671,-0.1356119598112661,11.928940941289682,0.3392358259480634,2.9700022284680103,1.7543552456717977,1.2173094442378896,3.072321979145648,1.6484104405153566,0.2692062646720123,0.1942170999322117,38.530821217985,10.322603603310505,-0.1682545817051904,1.5709165737873805,-4.058456192043326,0.3091931200413353,2.0373135477665936,-0.3612721554932221,30.266029122168877,0.0479846016699672,13.408561528920773,-8.273258525354557,7.702563127672408,0.2219129179725053,14.52881459315534,-0.8587246235348274,0.134321343585682,-0.9136256285521188,-26.373688650949276,-1.10381488433315,22.043537608129192,1.2172298664969154,-0.8504489507561783,-0.7656297602378811,-27.07545164646512,4.4095571796133415,1.8224647355797068,-0.1130098016709127,-5.01595678945609,-10.814337623542908,0.6727188274541379,0.2959125486004595,6.4100766932267605,18.409027479679565,12.332895815788662,12.11687278131593,0.0,41.75488560479602,-33.75326809592777,-10.672412523290124,0.0,3.0636375369111417,-0.329687160185606,0.0,FAULT,90.35000000000001
case05,33,W1,fit_only_clip,1280,1536,3.825969643775073,0.0142439792752258,110.69984596993922,110.23596747559702,1.2189563068708538,0.1075129172652341,0.2970831385925374,0.0589917005799103,0.6494071066759978,-0.1337422794862137,11.673594266677148,0.2968885363585417,2.92776577844182,1.6671976829604147,1.1209570385860743,2.9305173949048817,1.6752386062178286,0.2261634736888459,0.1510674752721087,38.47784455084805,9.980694832458136,-0.1070457253352572,1.56591643824993,-3.9448270382739152,0.2624755680816049,2.0183881850261227,-0.4643813163317112,29.241419530369964,0.0079430043859736,12.486080313470502,-8.068598109451301,7.386243717256992,0.1953067266798148,14.72707421419127,-0.8893695901517521,0.1174485814276171,-0.9164572795826528,-26.43293238094984,-1.280152960535671,22.465104620318492,1.3644807540201245,-0.865051394871468,-0.5376834608017279,-27.100689749689412,3.999889065236369,1.7743768773723885,0.0135958444078042,-4.867168328816822,-10.383126025677129,0.7094590288976734,0.7409403961470429,6.569104941127708,18.055887306065344,12.063723396170577,12.087638370270186,0.0,41.7405137387211,-33.34322372320645,-10.781573187225003,0.0,3.004503114627463,-0.3364773310771612,0.0,FAULT,96.75
case05,33,W2_f0995,fit_only_clip,1024,1280,3.84877745918995,0.0174026079132812,64.7100804766007,64.31476247375858,0.8091086290883743,0.133353901331173,0.3102780142447174,0.0631942156894455,0.6414798252328026,-0.3538399022387068,5.796886283991691,0.5530176348404521,2.5222762325650234,2.0075937641228925,1.4022435378226157,2.0715247041399545,0.0396229573515058,-0.1512669151969681,-0.0076230886955034,16.347549693520563,6.902771932427705,-0.0807334560007456,0.0838718732514184,-3.7130584767223502,-0.0248985845684114,0.1992895651077031,0.1640556999310333,9.868064568869986,-0.2228525761801089,6.214077415633357,-6.089532694041519,6.435753040119665,-0.1349340200244977,10.945280280060214,-0.067189163386086,-0.3969638689428891,-0.1766207407302524,-19.75742420243161,-0.5446719603501743,13.629688139738468,0.3606636847438808,-0.2862164578029634,-0.3880839685930436,-19.94569536960036,3.602998174686425,2.0356942386350765,-0.2599612403961687,-3.1572668502892207,-6.322874182827461,-0.1266531950240541,-0.2472909841928498,2.9073700926373065,8.5363105965848,5.878330455791607,7.551553625946023,0.0,16.33308455312968,-14.039061989271124,-7.4297350323907185,0.0,2.674522422547191,-0.276617366576015,0.0,FAULT,83.95
case05,33,W2_f0995,fit_only_clip,1152,1408,3.8488511800848695,0.0167500193925513,64.76097315473517,64.3769430140507,0.6857044350970716,0.1243018599270548,0.305783484750055,0.0624782917904172,0.6424184752963074,-0.3523780604547401,6.032221424915671,0.6400587596260294,2.5433241883200126,1.9520063972609392,1.3280048408075131,1.9349280303448293,0.0295072325361691,-0.0186940955871613,0.0435362426626829,16.228538734986323,6.954448147750768,-0.0111632311710492,0.0524714963421709,-3.689795638101403,0.0476116829133395,0.1752925979526988,0.1588175506168208,9.968617070448657,-0.1772159821876936,6.211386251564975,-6.031132730449562,6.483777742383165,-0.1428554055514916,11.126527644549574,-0.0517628912059582,-0.4025228913719014,-0.2382274784775686,-19.75768581560105,-0.5283280804147145,13.8543114117999,0.3965973989191162,-0.0712770904424454,-0.4459612163971251,-19.945816723999886,3.5509216372570567,1.9465376713088731,-0.3150034875781834,-3.1451985344873123,-6.456319808373386,-0.0239293221561046,-0.2864271527500101,2.8883288672635747,8.485634813606218,6.105782307812336,7.359497311393613,0.0,16.230838480160365,-14.028914608444516,-7.142405410126459,0.0,2.698353398397742,-0.2799155691226135,0.0,FAULT,90.35000000000001
case05,33,W2_f0995,fit_only_clip,1280,1536,3.8445594522841096,0.0136855456107784,64.7223722216498,64.35572091095412,0.6582812981150334,0.1238998662604342,0.3056039217445206,0.0616588637258501,0.6504771001388244,-0.3383131936063962,5.9007761268029295,0.6327720028066466,2.495289016871057,1.9079611311280864,1.2592642800866878,1.7399525551574884,0.0903400421351094,-0.0309596871707895,-0.0219384919231662,16.295956349860486,6.727857437194556,0.0187694621482137,0.0900787718801049,-3.56956875750656,0.0327090136709733,0.2047843684751867,0.1120887906649802,9.643535585879308,-0.2123674590465694,5.802077669164197,-5.839391510940444,6.250027514691951,-0.2191110844925952,11.298316085183757,0.0186216322482157,-0.4159661346676215,-0.2137987855417429,-19.758172015409237,-0.6119545583015076,14.128680845066418,0.490049466514703,-0.0566779973046823,-0.2784628458003705,-19.94684447669319,3.288039955151925,1.9383652379125107,-0.2344945372457928,-3.0711416705988928,-6.16874113653048,-0.0110621168074825,-0.0644565688168672,2.933028716135901,8.340610289339393,5.960589792143768,7.345636093383521,0.0,16.320423313833107,-13.868670205662532,-7.21129025656148,0.0,2.627874589799251,-0.2622476125865142,0.0,FAULT,96.75
case05,33,W3_b01,fit_only_clip,1024,1280,3.850000323805364,0.0178835215253705,68.30730777481642,67.89129808804127,0.9301627269113224,0.1439019130245345,0.3230660984254869,0.0643481227804571,0.6319131688501887,-0.0858335338756283,6.5873731441220125,0.5918180990771736,2.7764660053676358,2.2906009550565,1.407107979548002,2.0758863734934554,0.6061744120497132,-0.2333452168049857,0.1012136490544299,22.35420068897081,7.240764682614674,-0.3814926220723844,0.699771534136744,-3.742716462431614,0.1404893906902735,0.7996229142149754,0.2594384092901858,10.50266744579169,-0.2471767888986486,6.247315266788809,-6.700785137882517,6.595487115268728,-0.4095006549217689,11.334336401644,-0.4890930869901918,-0.1265551572089255,0.032852094388359,-20.098419124102843,-0.7716847062942581,13.956307698464888,0.1395102335694835,-0.1804794863538343,-0.2931135953357728,-20.02277171025915,3.3602839858291613,1.9705446374065556,0.0124993229722105,-3.102873679086312,-6.38382964810754,0.1514994846328347,0.2793627852048898,2.855950162980867,9.896695539467078,6.68484358581562,8.783276032547453,0.0,22.83090675981318,-14.54989681571326,-8.051320650268329,0.0,2.7667557203384288,-0.2254388612532416,0.0,FAULT,83.95
case05,33,W3_b01,fit_only_clip,1152,1408,3.850044993898815,0.017183608610557,68.32158666341711,67.9212113666318,0.7682353650469337,0.1312711288876725,0.3185751795314405,0.0636490361938035,0.6329692211044383,-0.0860509826647929,6.840056343855257,0.6837137557632516,2.799148512069606,2.2348258524626274,1.3320111675812878,1.935138101620017,0.5975893522460298,-0.0990674714846284,0.1526380089070361,22.204878516119763,7.291116963079816,-0.3093558935570478,0.6650246079448497,-3.717755159577221,0.2150088921233391,0.7739857407575025,0.2552225146358149,10.60731810142154,-0.198548374908854,6.243265235384555,-6.633704453369328,6.643867080663536,-0.4209432271086214,11.524955570531093,-0.4695363762941835,-0.1321947454259218,-0.0310050658042013,-20.099783334902625,-0.7572493549778221,14.18349559029946,0.1799386403745042,0.0428192516276438,-0.3546632277369652,-20.021443658326884,3.304394290917934,1.8764735169475644,-0.0459381426308661,-3.089305528268617,-6.519511941863926,0.2591507887674729,0.2381551837200136,2.831965179452255,9.843051676416268,6.929404159356431,8.579006688096447,0.0,22.70201812646719,-14.535553585767849,-7.75381530544858,0.0,2.7904973951117165,-0.228573467389336,0.0,FAULT,90.35000000000001
case05,33,W3_b01,fit_only_clip,1280,1536,3.8457916254227658,0.0138542289457729,68.2849704472504,67.90746831236783,0.6851084541547765,0.1237564243943598,0.3183094946307862,0.0628054107127932,0.6408028327361959,-0.0765873276967572,6.6947422993988,0.6748946251635691,2.7507536591072737,2.1875016346740925,1.261441822522814,1.7367729644750178,0.6702236806284756,-0.1107366701501198,0.0859192134285343,22.283673153003352,7.055775184843503,-0.2783334140856598,0.7091711512758028,-3.593594348886892,0.1985172015623424,0.8091593688494488,0.2033603384470413,10.257625306360904,-0.2355836898044115,5.834848685441759,-6.430828285203988,6.406656684120918,-0.4969626651240525,11.703430003683168,-0.399461019257957,-0.1467286782034355,-0.0045665780002053,-20.09909956097549,-0.8419238095821961,14.463981891340554,0.2786940769409158,0.056802506083624,-0.1834901896951982,-20.023936116111784,3.0289746714708654,1.868516033352487,0.0371959296066553,-3.0128472004837907,-6.223137780550883,0.2759056083215718,0.4790898767473275,2.8813771706887734,9.684763056206531,6.769176130548837,8.563539526921526,0.0,22.812226468762653,-14.37082958539246,-7.824378849821963,0.0,2.717718102506148,-0.2101150557733826,0.0,FAULT,96.75
case05,33,W1,fit_only_no_clip,1024,1280,4.437089796476884,0.0125422232442175,164.07635034506663,163.70114203703483,1.907134034300004,0.1264647034087492,0.093703471421444,0.0184332112307735,0.8956344862514547,-0.1160447059620003,11.021732006248854,0.273261161150018,2.803106760444612,2.342654625893,1.5992805839466184,2.0239249231816165,1.018612619887412,-0.5842106619200551,0.04066685553577,41.40114780859477,9.94245466969177,-0.2770550693028117,1.0951197175177467,-3.713845125901572,0.3502069693514174,1.4776842663493883,-0.2403019216873302,29.853613527711317,-0.1438730282796,12.62796755719286,-7.509315673038108,7.586034369583491,-0.5040067710277238,14.033953223037273,0.1303664068425046,-0.2837119221944704,-0.1938693924108442,-67.5201542681145,-0.7703051540191115,21.16789461935647,0.4302932673759035,-1.1084572876040384,-0.8223338129101555,-78.79781960643955,5.113795993743078,2.443705975003769,0.3583652297428966,-5.425845560612557,-10.036475974846327,-0.2688192324973714,-0.1991075188765081,6.918775899967062,18.125555431128586,11.330780626324252,11.760309180774875,0.0,44.97179527627654,-33.63381131711848,-11.93398007762326,0.0,2.900364648568124,-0.3015693169649719,0.0,FAULT,83.95
case05,33,W1,fit_only_no_clip,1152,1408,4.439527443687767,0.0109445895500418,164.3335662447629,163.98403262140138,1.5046819965853695,0.113255140295163,0.0918958985606309,0.0181490121463016,0.8965458741119215,-0.1156958481737391,11.45297598444112,0.3670503565550818,2.837968839745152,2.3044080845991384,1.521815629753746,1.843450438450127,0.9886687263517926,-0.4613300515649199,0.0874974032199782,41.15850814398121,10.013933445819331,-0.18084596769436,1.0330149986279236,-3.6911844387327215,0.428079564567442,1.4277665695429125,-0.2217622271429709,30.19018656122385,-0.1030516509119821,12.604597552018378,-7.423955738060142,7.6432570103190525,-0.527697211156512,14.29142124521906,0.1764004249255196,-0.306215146030829,-0.2654986445592417,-67.80226785868516,-0.740583997145017,21.512777954463942,0.4795665878573929,-0.8274206844068459,-0.9174437255334964,-78.96253053828255,5.063012221884399,2.3302216383623144,0.260344346784975,-5.426221382706378,-10.207950640251036,-0.1299335870111354,-0.2725286337815935,6.888818914781701,18.0100549938229,11.761600323740314,11.472553560674724,0.0,44.752385576885366,-33.59691336994848,-11.4977938212517,0.0,2.9243183916023487,-0.3080315680918621,0.0,FAULT,90.35000000000001
case05,33,W1,fit_only_no_clip,1280,1536,4.436427393930931,0.0107033305854211,163.79204216288903,163.4709960986867,1.1887679913857985,0.1043633189761316,0.0916685006348839,0.0178672651759106,0.8990638363867232,-0.1135821912611987,11.217850965541237,0.3562024717917048,2.782419298659541,2.256485790358913,1.4355478573041975,1.6368287119320193,1.0903051737066842,-0.4554421631587435,0.0101241919721437,41.34288667416371,9.657157192760012,-0.1552128012928682,1.0994226902096438,-3.5511862294268908,0.4099775358340835,1.4739386981343128,-0.2853272232242042,29.10488243877464,-0.1279019875774004,11.721633862275286,-7.163707827603515,7.363260125496676,-0.6374453285113194,14.511583326855494,0.2848211019088927,-0.304631807421453,-0.2283111309474587,-67.72038072673594,-0.863348130814533,21.938487375938152,0.6023466147092745,-0.8037411757694232,-0.6823907593724264,-78.70621900006827,4.690810148630704,2.3177795234946443,0.3983132811374576,-5.263557962927904,-9.773131544945644,-0.0934905657598036,0.0803026726759324,6.96903867689897,17.71840396239133,11.489889462298558,11.455455674874756,0.0,45.01868534636554,-33.19434583555618,-11.5933403415937,0.0,2.8512225040727315,-0.2931972382186411,0.0,FAULT,96.75
case05,33,W2_f0995,fit_only_no_clip,1024,1280,4.4493347413546935,0.0122543911875189,109.35287576505138,109.11223803722254,0.8045535753829132,0.1265414906298641,0.0935679986973108,0.0190601589285508,0.8920436561987315,-0.319030584966808,5.797919598638414,0.5533222885041852,2.522563131206044,2.0150420731579506,1.3998316892018,2.065126099437588,0.0406697826367917,-0.157518913455266,-0.0079114766760235,16.388450333691953,6.907884795876789,-0.0864109609051093,0.0851181277190176,-3.708673908175373,-0.0108827129786878,0.1990306410350232,0.1573398994681962,9.867932564314597,-0.2221476400980041,6.212911550888881,-6.0791745060385285,6.437917860923536,-0.1396467657513062,10.9415648830641,-0.0681226364702467,-0.3972911203184239,-0.1718072959462361,-49.72287044365203,-0.5479152562605417,13.629765134599104,0.3490769145443836,-0.2776693338689964,-0.3811665808403381,-58.75850638216136,3.606122261871056,2.0338162443107786,-0.2549726105615914,-3.152535878509205,-6.322755763850961,-0.1275103424268299,-0.2395768338783342,2.903466635043364,8.536106853077849,5.878602139921089,7.559919870363589,0.0,16.37460793889222,-14.035961672568952,-7.440710792026149,0.0,2.670715338272318,-0.2755568225561599,0.0,FAULT,83.95
case05,33,W2_f0995,fit_only_no_clip,1152,1408,4.45184051414989,0.0106655726528086,109.64838271964632,109.4139857279728,0.6792377172380677,0.1186352358073144,0.091764426726947,0.0187528134768533,0.8928507526378013,-0.3180985888355239,6.03382165340034,0.6403112348052313,2.543572376547444,1.95933837232056,1.325508435798909,1.9285364771755087,0.0302353982828848,-0.0249464948577274,0.043361772198523,16.269078886768334,6.95957296281545,-0.0169503272331181,0.053438838754334,-3.685347596354984,0.0618585583861847,0.1747178522029836,0.152100665916929,9.968474943019883,-0.1766177913646115,6.210029673556198,-6.020884108464246,6.48578977481539,-0.1475889809435261,11.12275581921457,-0.0527297097185646,-0.4027946470379405,-0.2333541889071299,-49.93692710830207,-0.5316166106705883,13.854610663673688,0.3848380380600848,-0.0627728417058985,-0.4388150178513328,-58.886749659404046,3.554003638784422,1.9446210464977367,-0.3100092690910921,-3.140348374945229,-6.456387333047483,-0.0248864386171115,-0.2786805394009017,2.884622891051388,8.485181442016756,6.10663610198113,7.367607380156177,0.0,16.271993575950304,-14.025822446697251,-7.153082649168352,0.0,2.6945962356101707,-0.2788352565014439,0.0,FAULT,90.35000000000001
case05,33,W2_f0995,fit_only_no_clip,1280,1536,4.448727814822436,0.0105526587384743,109.5139701544904,109.2911424008468,0.6489945257609372,0.1181885065886077,0.0914864605207518,0.0184630148664375,0.895524511548967,-0.3101999944427858,5.902297931618891,0.6331966105495204,2.4954924116895083,1.915394073900789,1.2567209768040504,1.7333304823771152,0.0914033784731365,-0.0372815608652037,-0.0222370869128941,16.33695981896556,6.732200749861377,0.013105983956434,0.091379837369935,-3.564951151239668,0.0471052539447411,0.2045249913679585,0.1054438293452593,9.642343665578988,-0.2118118792659398,5.799881124473905,-5.828857951584047,6.251536655280194,-0.224110624056699,11.29492286693046,0.0176938249162732,-0.4160158825727912,-0.2086148988460666,-49.88145223017859,-0.6157903450994358,14.12946925459708,0.4783331912639765,-0.0482695955773462,-0.2710307318907791,-58.70709078365799,3.290844186816968,1.9364300616105812,-0.2296025789446295,-3.0658406982336577,-6.168485514116143,-0.0121814952978357,-0.0568271772991216,2.9295916935082698,8.340075778111391,5.961329099231128,7.353934838326314,0.0,16.362076228513647,-13.864580951862733,-7.221711778324107,0.0,2.62403233559132,-0.2611906220552065,0.0,FAULT,96.75
case05,33,W3_b01,fit_only_no_clip,1024,1280,4.448676364744963,0.0123143488490948,113.78843761307716,113.53033653420428,0.9384581468489828,0.1337337489122763,0.0986396560739216,0.0196701494345267,0.8885184411070202,-0.2389159768595398,6.485235317990837,0.581159125729789,2.752760742902026,2.3117964084725267,1.385399951876024,2.043347258833063,0.4306448845365064,-0.2679903845903587,0.0823606197735944,22.6606634503356,7.337300554038467,-0.3717942302750692,0.5333042083547244,-3.7528773620075495,0.2132119935461553,0.6204367740991005,0.1664251969133202,10.630437185306542,-0.218170964584923,6.290430216570986,-6.613084914478976,6.640685946256574,-0.3449423937263632,11.222271246677968,-0.392129392058953,-0.2054789084785028,0.0477428937488168,-51.111545430632496,-0.7130016347240858,13.84243175740961,0.0824455983614712,-0.0992589539597037,-0.2952635491398758,-60.14100383662142,3.470880083006048,1.969932530192808,-0.0351301267344862,-3.165085256770544,-6.399214985091305,0.0461087476416274,0.2982553195147562,2.905560036144557,9.80272561601501,6.582663957115991,8.724646444619534,0.0,23.142503111604075,-14.631911219891808,-8.156507120202345,0.0,2.7632413632620274,-0.2354190131237011,0.0,FAULT,83.95
case05,33,W3_b01,fit_only_no_clip,1152,1408,4.451160941346328,0.010739841908478,114.06471738607344,113.81587995420104,0.769354729824545,0.1239919574045871,0.0967768961007193,0.0193601254627205,0.889391329173781,-0.2393138127990533,6.739839468006202,0.6717642268708055,2.7748006381011114,2.255218496409733,1.30968759505598,1.903064678360143,0.4189316716332437,-0.1330758836908172,0.1344021778362472,22.50607661856227,7.389604084541865,-0.3000125338095839,0.4957070286100582,-3.728016750924674,0.2884669835890592,0.5916750357839651,0.1615459428992632,10.737400178184494,-0.1703610837498809,6.287323939809763,-6.548277924063112,6.689169893818846,-0.3543047956205407,11.411366753706805,-0.373726356578664,-0.211218521971934,-0.0157448764349063,-51.33331245639365,-0.6972359189464838,14.070050419709329,0.1205333727762066,0.1230937426893736,-0.3559060487173423,-60.27309753898715,3.416064561787608,1.8763254920223464,-0.0931143034166336,-3.152270926120796,-6.536845324647979,0.1525830064753808,0.2567179210351772,2.883270877503149,9.746536161616268,6.829367295806214,8.5185865502155,0.0,23.00799607951169,-14.620096023095524,-7.858335903594677,0.0,2.787473712464687,-0.2389783096791529,0.0,FAULT,90.35000000000001
case05,33,W3_b01,fit_only_no_clip,1280,1536,4.4480551018441465,0.0105564773092676,113.93395260915932,113.70064139958566,0.6773791948554263,0.1208042450530046,0.0964969320547548,0.0190705188168111,0.892036777956306,-0.23391554280812,6.595117726563358,0.6640509460674885,2.725855197405246,2.209100654467621,1.2392659366146634,1.704080302514474,0.4928244172547424,-0.1457798587785578,0.0668144373313747,22.59270350936248,7.153376031434781,-0.268881591524361,0.5409974991636287,-3.604034088398324,0.2729435743474949,0.6277109685819082,0.1109642110327314,10.385930851129189,-0.206907015274465,5.877580231232154,-6.343752036657172,6.451961042667795,-0.4313897819006725,11.590812507413627,-0.3017460130504354,-0.224997383539439,0.0109356211903696,-51.27612791465034,-0.7833005887236156,14.350543093308262,0.21767193594287,0.1374015152280863,-0.1835998604542626,-60.08891524170624,3.140728091229101,1.8684973208037263,-0.0103357413493464,-3.075765662063213,-6.239504850809101,0.1667644423469031,0.4956602096134195,2.934285840589628,9.586025639611597,6.6694331575973775,8.504191168885582,0.0,23.12671339704308,-14.45368141880041,-7.929239311581479,0.0,2.7145408209566875,-0.2209219064194052,0.0,FAULT,96.75
