view,seed,op,feature,fault_case,benign_case,fault_median,benign_median,fault_greater_at_matched_ages,direction
fit_only_clip,11,W1,log_score,case04,case01,3.674726218263756,4.271601629916539,0.0,fault_low
fit_only_clip,11,W1,log_score,case04,case02,3.674726218263756,4.26603621219471,0.0,fault_low
fit_only_clip,11,W1,log_score,case04,case03,3.674726218263756,2.056816761414525,1.0,fault_high
fit_only_clip,11,W1,log_score,case05,case01,3.832564540804,4.271601629916539,0.0,fault_low
fit_only_clip,11,W1,log_score,case05,case02,3.832564540804,4.26603621219471,0.0,fault_low
fit_only_clip,11,W1,log_score,case05,case03,3.832564540804,2.056816761414525,1.0,fault_high
fit_only_clip,11,W1,cv,case04,case01,0.0131040607315928,0.0104129924670178,1.0,fault_high
fit_only_clip,11,W1,cv,case04,case02,0.0131040607315928,0.0100742183867351,1.0,fault_high
fit_only_clip,11,W1,cv,case04,case03,0.0131040607315928,0.115522965041943,0.0,fault_low
fit_only_clip,11,W1,cv,case05,case01,0.0157412485846206,0.0104129924670178,1.0,fault_high
fit_only_clip,11,W1,cv,case05,case02,0.0157412485846206,0.0100742183867351,1.0,fault_high
fit_only_clip,11,W1,cv,case05,case03,0.0157412485846206,0.115522965041943,0.0,fault_low
fit_only_clip,11,W1,maha_mean,case04,case01,214.060513958206,140.40377200553763,1.0,fault_high
fit_only_clip,11,W1,maha_mean,case04,case02,214.060513958206,139.0305653577761,1.0,fault_high
fit_only_clip,11,W1,maha_mean,case04,case03,214.060513958206,11.215486086155984,1.0,fault_high
fit_only_clip,11,W1,maha_mean,case05,case01,104.9101325862734,140.40377200553763,0.0,fault_low
fit_only_clip,11,W1,maha_mean,case05,case02,104.9101325862734,139.0305653577761,0.0,fault_low
fit_only_clip,11,W1,maha_mean,case05,case03,104.9101325862734,11.215486086155984,1.0,fault_high
fit_only_clip,11,W1,maha_centroid,case04,case01,213.7904724081324,140.06158683963042,1.0,fault_high
fit_only_clip,11,W1,maha_centroid,case04,case02,213.7904724081324,138.7059023514459,1.0,fault_high
fit_only_clip,11,W1,maha_centroid,case04,case03,213.7904724081324,4.096178646315027,1.0,fault_high
fit_only_clip,11,W1,maha_centroid,case05,case01,104.42461778269532,140.06158683963042,0.0,fault_low
fit_only_clip,11,W1,maha_centroid,case05,case02,104.42461778269532,138.7059023514459,0.0,fault_low
fit_only_clip,11,W1,maha_centroid,case05,case03,104.42461778269532,4.096178646315027,1.0,fault_high
fit_only_clip,11,W1,cov_distance,case04,case01,1.4520475862003777,1.2132746642792864,1.0,fault_high
fit_only_clip,11,W1,cov_distance,case04,case02,1.4520475862003777,0.9716627930127524,1.0,fault_high
fit_only_clip,11,W1,cov_distance,case04,case03,1.4520475862003777,1.2183250734114377,0.6666666666666666,fault_high
fit_only_clip,11,W1,cov_distance,case05,case01,1.3059302170747422,1.2132746642792864,0.6666666666666666,fault_high
fit_only_clip,11,W1,cov_distance,case05,case02,1.3059302170747422,0.9716627930127524,1.0,fault_high
fit_only_clip,11,W1,cov_distance,case05,case03,1.3059302170747422,1.2183250734114377,0.6666666666666666,fault_high
fit_only_clip,11,W1,corr_distance,case04,case01,0.1078445545062823,0.1512049055837376,0.0,fault_low
fit_only_clip,11,W1,corr_distance,case04,case02,0.1078445545062823,0.136699203717213,0.0,fault_low
fit_only_clip,11,W1,corr_distance,case04,case03,0.1078445545062823,0.10584257242871,1.0,fault_high
fit_only_clip,11,W1,corr_distance,case05,case01,0.1109680354330764,0.1512049055837376,0.0,fault_low
fit_only_clip,11,W1,corr_distance,case05,case02,0.1109680354330764,0.136699203717213,0.0,fault_low
fit_only_clip,11,W1,corr_distance,case05,case03,0.1109680354330764,0.10584257242871,1.0,fault_high
fit_only_clip,11,W1,manip_energy,case04,case01,0.5187908704635443,0.4648749440744761,1.0,fault_high
fit_only_clip,11,W1,manip_energy,case04,case02,0.5187908704635443,0.4671609957665635,1.0,fault_high
fit_only_clip,11,W1,manip_energy,case04,case03,0.5187908704635443,0.1661348105521506,1.0,fault_high
fit_only_clip,11,W1,manip_energy,case05,case01,0.2973775845107956,0.4648749440744761,0.0,fault_low
fit_only_clip,11,W1,manip_energy,case05,case02,0.2973775845107956,0.4671609957665635,0.0,fault_low
fit_only_clip,11,W1,manip_energy,case05,case03,0.2973775845107956,0.1661348105521506,1.0,fault_high
fit_only_clip,11,W1,near_constant_energy,case04,case01,0.2590259191296546,0.1590799198750516,1.0,fault_high
fit_only_clip,11,W1,near_constant_energy,case04,case02,0.2590259191296546,0.1671328710077322,1.0,fault_high
fit_only_clip,11,W1,near_constant_energy,case04,case03,0.2590259191296546,0.0551870559982187,1.0,fault_high
fit_only_clip,11,W1,near_constant_energy,case05,case01,0.0619938777073358,0.1590799198750516,0.0,fault_low
fit_only_clip,11,W1,near_constant_energy,case05,case02,0.0619938777073358,0.1671328710077322,0.0,fault_low
fit_only_clip,11,W1,near_constant_energy,case05,case03,0.0619938777073358,0.0551870559982187,1.0,fault_high
fit_only_clip,11,W1,top5_energy,case04,case01,0.9502298808983936,0.3963155346212906,1.0,fault_high
fit_only_clip,11,W1,top5_energy,case04,case02,0.9502298808983936,0.3964140095994268,1.0,fault_high
fit_only_clip,11,W1,top5_energy,case04,case03,0.9502298808983936,0.2502233083214321,1.0,fault_high
fit_only_clip,11,W1,top5_energy,case05,case01,0.6530143609253795,0.3963155346212906,1.0,fault_high
fit_only_clip,11,W1,top5_energy,case05,case02,0.6530143609253795,0.3964140095994268,1.0,fault_high
fit_only_clip,11,W1,top5_energy,case05,case03,0.6530143609253795,0.2502233083214321,1.0,fault_high
fit_only_clip,11,W1,direction_cosine,case04,case01,0.4039279325921026,-0.1306361541250605,1.0,fault_high
fit_only_clip,11,W1,direction_cosine,case04,case02,0.4039279325921026,0.1152531452960442,1.0,fault_high
fit_only_clip,11,W1,direction_cosine,case04,case03,0.4039279325921026,-0.1089303958145921,1.0,fault_high
fit_only_clip,11,W1,direction_cosine,case05,case01,-0.0085282580564143,-0.1306361541250605,1.0,fault_high
fit_only_clip,11,W1,direction_cosine,case05,case02,-0.0085282580564143,0.1152531452960442,0.0,fault_low
fit_only_clip,11,W1,direction_cosine,case05,case03,-0.0085282580564143,-0.1089303958145921,1.0,fault_high
fit_only_clip,11,W2_f0995,log_score,case04,case01,3.689797847691571,4.2744087718223245,0.0,fault_low
fit_only_clip,11,W2_f0995,log_score,case04,case02,3.689797847691571,4.2757145147818,0.0,fault_low
fit_only_clip,11,W2_f0995,log_score,case04,case03,3.689797847691571,2.037106432562507,1.0,fault_high
fit_only_clip,11,W2_f0995,log_score,case05,case01,3.849179540868199,4.2744087718223245,0.0,fault_low
fit_only_clip,11,W2_f0995,log_score,case05,case02,3.849179540868199,4.2757145147818,0.0,fault_low
fit_only_clip,11,W2_f0995,log_score,case05,case03,3.849179540868199,2.037106432562507,1.0,fault_high
fit_only_clip,11,W2_f0995,cv,case04,case01,0.0146123907739276,0.009742164635046,1.0,fault_high
fit_only_clip,11,W2_f0995,cv,case04,case02,0.0146123907739276,0.0091485007294953,1.0,fault_high
fit_only_clip,11,W2_f0995,cv,case04,case03,0.0146123907739276,0.1228457524218517,0.0,fault_low
fit_only_clip,11,W2_f0995,cv,case05,case01,0.0167211678985435,0.009742164635046,1.0,fault_high
fit_only_clip,11,W2_f0995,cv,case05,case02,0.0167211678985435,0.0091485007294953,1.0,fault_high
fit_only_clip,11,W2_f0995,cv,case05,case03,0.0167211678985435,0.1228457524218517,0.0,fault_low
fit_only_clip,11,W2_f0995,maha_mean,case04,case01,144.24709388019926,94.8844293933671,1.0,fault_high
fit_only_clip,11,W2_f0995,maha_mean,case04,case02,144.24709388019926,94.11462760684694,1.0,fault_high
fit_only_clip,11,W2_f0995,maha_mean,case04,case03,144.24709388019926,8.362674072837994,1.0,fault_high
fit_only_clip,11,W2_f0995,maha_mean,case05,case01,64.82959639901392,94.8844293933671,0.0,fault_low
fit_only_clip,11,W2_f0995,maha_mean,case05,case02,64.82959639901392,94.11462760684694,0.0,fault_low
fit_only_clip,11,W2_f0995,maha_mean,case05,case03,64.82959639901392,8.362674072837994,1.0,fault_high
fit_only_clip,11,W2_f0995,maha_centroid,case04,case01,144.04351430671807,94.59296947545587,1.0,fault_high
fit_only_clip,11,W2_f0995,maha_centroid,case04,case02,144.04351430671807,93.85280720194052,1.0,fault_high
fit_only_clip,11,W2_f0995,maha_centroid,case04,case03,144.04351430671807,3.3026413277049813,1.0,fault_high
fit_only_clip,11,W2_f0995,maha_centroid,case05,case01,64.46327790783121,94.59296947545587,0.0,fault_low
fit_only_clip,11,W2_f0995,maha_centroid,case05,case02,64.46327790783121,93.85280720194052,0.0,fault_low
fit_only_clip,11,W2_f0995,maha_centroid,case05,case03,64.46327790783121,3.3026413277049813,1.0,fault_high
fit_only_clip,11,W2_f0995,cov_distance,case04,case01,0.6624850211572826,0.8543558892436176,0.0,fault_low
fit_only_clip,11,W2_f0995,cov_distance,case04,case02,0.6624850211572826,0.7155278030172271,0.3333333333333333,fault_low
fit_only_clip,11,W2_f0995,cov_distance,case04,case03,0.6624850211572826,0.728089174533381,0.3333333333333333,fault_low
fit_only_clip,11,W2_f0995,cov_distance,case05,case01,0.6853929427623883,0.8543558892436176,0.3333333333333333,fault_low
fit_only_clip,11,W2_f0995,cov_distance,case05,case02,0.6853929427623883,0.7155278030172271,0.3333333333333333,fault_low
fit_only_clip,11,W2_f0995,cov_distance,case05,case03,0.6853929427623883,0.728089174533381,0.3333333333333333,fault_low
fit_only_clip,11,W2_f0995,corr_distance,case04,case01,0.1064883997107613,0.1541016576900503,0.0,fault_low
fit_only_clip,11,W2_f0995,corr_distance,case04,case02,0.1064883997107613,0.131841693729647,0.0,fault_low
fit_only_clip,11,W2_f0995,corr_distance,case04,case03,0.1064883997107613,0.1050526272822669,0.6666666666666666,fault_high
fit_only_clip,11,W2_f0995,corr_distance,case05,case01,0.1241392606054162,0.1541016576900503,0.0,fault_low
fit_only_clip,11,W2_f0995,corr_distance,case05,case02,0.1241392606054162,0.131841693729647,0.3333333333333333,fault_low
fit_only_clip,11,W2_f0995,corr_distance,case05,case03,0.1241392606054162,0.1050526272822669,1.0,fault_high
fit_only_clip,11,W2_f0995,manip_energy,case04,case01,0.5120071920407641,0.4678062181942988,1.0,fault_high
fit_only_clip,11,W2_f0995,manip_energy,case04,case02,0.5120071920407641,0.4654943570714253,1.0,fault_high
fit_only_clip,11,W2_f0995,manip_energy,case04,case03,0.5120071920407641,0.1939055863968866,1.0,fault_high
fit_only_clip,11,W2_f0995,manip_energy,case05,case01,0.3057706065095698,0.4678062181942988,0.0,fault_low
fit_only_clip,11,W2_f0995,manip_energy,case05,case02,0.3057706065095698,0.4654943570714253,0.0,fault_low
fit_only_clip,11,W2_f0995,manip_energy,case05,case03,0.3057706065095698,0.1939055863968866,1.0,fault_high
fit_only_clip,11,W2_f0995,near_constant_energy,case04,case01,0.2531292479559155,0.1616659098149429,1.0,fault_high
fit_only_clip,11,W2_f0995,near_constant_energy,case04,case02,0.2531292479559155,0.1602459330668284,1.0,fault_high
fit_only_clip,11,W2_f0995,near_constant_energy,case04,case03,0.2531292479559155,0.0563059011753423,1.0,fault_high
fit_only_clip,11,W2_f0995,near_constant_energy,case05,case01,0.0626033122952875,0.1616659098149429,0.0,fault_low
fit_only_clip,11,W2_f0995,near_constant_energy,case05,case02,0.0626033122952875,0.1602459330668284,0.0,fault_low
fit_only_clip,11,W2_f0995,near_constant_energy,case05,case03,0.0626033122952875,0.0563059011753423,1.0,fault_high
fit_only_clip,11,W2_f0995,top5_energy,case04,case01,0.9490337696418428,0.3879361793702249,1.0,fault_high
fit_only_clip,11,W2_f0995,top5_energy,case04,case02,0.9490337696418428,0.3868447451874411,1.0,fault_high
fit_only_clip,11,W2_f0995,top5_energy,case04,case03,0.9490337696418428,0.2657222370570417,1.0,fault_high
fit_only_clip,11,W2_f0995,top5_energy,case05,case01,0.6423962280659054,0.3879361793702249,1.0,fault_high
fit_only_clip,11,W2_f0995,top5_energy,case05,case02,0.6423962280659054,0.3868447451874411,1.0,fault_high
fit_only_clip,11,W2_f0995,top5_energy,case05,case03,0.6423962280659054,0.2657222370570417,1.0,fault_high
fit_only_clip,11,W2_f0995,direction_cosine,case04,case01,-0.1663223932180168,-0.2337297641111111,1.0,fault_high
fit_only_clip,11,W2_f0995,direction_cosine,case04,case02,-0.1663223932180168,0.2394228674398631,0.0,fault_low
fit_only_clip,11,W2_f0995,direction_cosine,case04,case03,-0.1663223932180168,0.0583686452517348,0.0,fault_low
fit_only_clip,11,W2_f0995,direction_cosine,case05,case01,-0.3569019815594364,-0.2337297641111111,0.0,fault_low
fit_only_clip,11,W2_f0995,direction_cosine,case05,case02,-0.3569019815594364,0.2394228674398631,0.0,fault_low
fit_only_clip,11,W2_f0995,direction_cosine,case05,case03,-0.3569019815594364,0.0583686452517348,0.0,fault_low
fit_only_clip,11,W3_b01,log_score,case04,case01,3.6859720623673087,4.275564578900988,0.0,fault_low
fit_only_clip,11,W3_b01,log_score,case04,case02,3.6859720623673087,4.2708480001201,0.0,fault_low
fit_only_clip,11,W3_b01,log_score,case04,case03,3.6859720623673087,2.013269995631459,1.0,fault_high
fit_only_clip,11,W3_b01,log_score,case05,case01,3.8531862813949416,4.275564578900988,0.0,fault_low
fit_only_clip,11,W3_b01,log_score,case05,case02,3.8531862813949416,4.2708480001201,0.0,fault_low
fit_only_clip,11,W3_b01,log_score,case05,case03,3.8531862813949416,2.013269995631459,1.0,fault_high
fit_only_clip,11,W3_b01,cv,case04,case01,0.0141751719677176,0.0098583119154426,1.0,fault_high
fit_only_clip,11,W3_b01,cv,case04,case02,0.0141751719677176,0.0091891920464183,1.0,fault_high
fit_only_clip,11,W3_b01,cv,case04,case03,0.0141751719677176,0.1163028687546239,0.0,fault_low
fit_only_clip,11,W3_b01,cv,case05,case01,0.0168856001793501,0.0098583119154426,1.0,fault_high
fit_only_clip,11,W3_b01,cv,case05,case02,0.0168856001793501,0.0091891920464183,1.0,fault_high
fit_only_clip,11,W3_b01,cv,case05,case03,0.0168856001793501,0.1163028687546239,0.0,fault_low
fit_only_clip,11,W3_b01,maha_mean,case04,case01,155.42007900712667,101.83692758532509,1.0,fault_high
fit_only_clip,11,W3_b01,maha_mean,case04,case02,155.42007900712667,101.27929957856962,1.0,fault_high
fit_only_clip,11,W3_b01,maha_mean,case04,case03,155.42007900712667,8.712488510358448,1.0,fault_high
fit_only_clip,11,W3_b01,maha_mean,case05,case01,69.7105497322118,101.83692758532509,0.0,fault_low
fit_only_clip,11,W3_b01,maha_mean,case05,case02,69.7105497322118,101.27929957856962,0.0,fault_low
fit_only_clip,11,W3_b01,maha_mean,case05,case03,69.7105497322118,8.712488510358448,1.0,fault_high
fit_only_clip,11,W3_b01,maha_centroid,case04,case01,155.210532761697,101.5367559276438,1.0,fault_high
fit_only_clip,11,W3_b01,maha_centroid,case04,case02,155.210532761697,101.00887802536862,1.0,fault_high
fit_only_clip,11,W3_b01,maha_centroid,case04,case03,155.210532761697,3.4776037937405944,1.0,fault_high
fit_only_clip,11,W3_b01,maha_centroid,case05,case01,69.31393949031116,101.5367559276438,0.0,fault_low
fit_only_clip,11,W3_b01,maha_centroid,case05,case02,69.31393949031116,101.00887802536862,0.0,fault_low
fit_only_clip,11,W3_b01,maha_centroid,case05,case03,69.31393949031116,3.4776037937405944,1.0,fault_high
fit_only_clip,11,W3_b01,cov_distance,case04,case01,0.7900062749378391,0.9164478439378206,0.3333333333333333,fault_low
fit_only_clip,11,W3_b01,cov_distance,case04,case02,0.7900062749378391,0.7526445912212403,0.6666666666666666,fault_high
fit_only_clip,11,W3_b01,cov_distance,case04,case03,0.7900062749378391,0.7866309762302389,0.6666666666666666,fault_high
fit_only_clip,11,W3_b01,cov_distance,case05,case01,0.7624454676857402,0.9164478439378206,0.3333333333333333,fault_low
fit_only_clip,11,W3_b01,cov_distance,case05,case02,0.7624454676857402,0.7526445912212403,0.3333333333333333,fault_high
fit_only_clip,11,W3_b01,cov_distance,case05,case03,0.7624454676857402,0.7866309762302389,0.3333333333333333,fault_low
fit_only_clip,11,W3_b01,corr_distance,case04,case01,0.1097309079206946,0.1464468308740583,0.0,fault_low
fit_only_clip,11,W3_b01,corr_distance,case04,case02,0.1097309079206946,0.1367710245036738,0.0,fault_low
fit_only_clip,11,W3_b01,corr_distance,case04,case03,0.1097309079206946,0.1041431934354066,1.0,fault_high
fit_only_clip,11,W3_b01,corr_distance,case05,case01,0.1220983100584571,0.1464468308740583,0.0,fault_low
fit_only_clip,11,W3_b01,corr_distance,case05,case02,0.1220983100584571,0.1367710245036738,0.0,fault_low
fit_only_clip,11,W3_b01,corr_distance,case05,case03,0.1220983100584571,0.1041431934354066,1.0,fault_high
fit_only_clip,11,W3_b01,manip_energy,case04,case01,0.5181215808704777,0.4632439130043959,1.0,fault_high
fit_only_clip,11,W3_b01,manip_energy,case04,case02,0.5181215808704777,0.4640840321078561,1.0,fault_high
fit_only_clip,11,W3_b01,manip_energy,case04,case03,0.5181215808704777,0.1830950199727321,1.0,fault_high
fit_only_clip,11,W3_b01,manip_energy,case05,case01,0.3161155885724608,0.4632439130043959,0.0,fault_low
fit_only_clip,11,W3_b01,manip_energy,case05,case02,0.3161155885724608,0.4640840321078561,0.0,fault_low
fit_only_clip,11,W3_b01,manip_energy,case05,case03,0.3161155885724608,0.1830950199727321,1.0,fault_high
fit_only_clip,11,W3_b01,near_constant_energy,case04,case01,0.2553897498645011,0.1591387612895763,1.0,fault_high
fit_only_clip,11,W3_b01,near_constant_energy,case04,case02,0.2553897498645011,0.1597438113788993,1.0,fault_high
fit_only_clip,11,W3_b01,near_constant_energy,case04,case03,0.2553897498645011,0.056672548092193,1.0,fault_high
fit_only_clip,11,W3_b01,near_constant_energy,case05,case01,0.0647269790168635,0.1591387612895763,0.0,fault_low
fit_only_clip,11,W3_b01,near_constant_energy,case05,case02,0.0647269790168635,0.1597438113788993,0.0,fault_low
fit_only_clip,11,W3_b01,near_constant_energy,case05,case03,0.0647269790168635,0.056672548092193,1.0,fault_high
fit_only_clip,11,W3_b01,top5_energy,case04,case01,0.949763408708373,0.3898823711889991,1.0,fault_high
fit_only_clip,11,W3_b01,top5_energy,case04,case02,0.949763408708373,0.388167751509455,1.0,fault_high
fit_only_clip,11,W3_b01,top5_energy,case04,case03,0.949763408708373,0.2539947196768973,1.0,fault_high
fit_only_clip,11,W3_b01,top5_energy,case05,case01,0.6348580457291857,0.3898823711889991,1.0,fault_high
fit_only_clip,11,W3_b01,top5_energy,case05,case02,0.6348580457291857,0.388167751509455,1.0,fault_high
fit_only_clip,11,W3_b01,top5_energy,case05,case03,0.6348580457291857,0.2539947196768973,1.0,fault_high
fit_only_clip,11,W3_b01,direction_cosine,case04,case01,-0.1505669535972808,0.2311285301651867,0.0,fault_low
fit_only_clip,11,W3_b01,direction_cosine,case04,case02,-0.1505669535972808,-0.2135874002758051,1.0,fault_high
fit_only_clip,11,W3_b01,direction_cosine,case04,case03,-0.1505669535972808,0.208403776772273,0.0,fault_low
fit_only_clip,11,W3_b01,direction_cosine,case05,case01,-0.0834393423073202,0.2311285301651867,0.0,fault_low
fit_only_clip,11,W3_b01,direction_cosine,case05,case02,-0.0834393423073202,-0.2135874002758051,1.0,fault_high
fit_only_clip,11,W3_b01,direction_cosine,case05,case03,-0.0834393423073202,0.208403776772273,0.0,fault_low
fit_only_clip,22,W1,log_score,case04,case01,3.675521827444097,4.272095530536724,0.0,fault_low
fit_only_clip,22,W1,log_score,case04,case02,3.675521827444097,4.263782869318614,0.0,fault_low
fit_only_clip,22,W1,log_score,case04,case03,3.675521827444097,2.0536548665351253,1.0,fault_high
fit_only_clip,22,W1,log_score,case05,case01,3.834098022921166,4.272095530536724,0.0,fault_low
fit_only_clip,22,W1,log_score,case05,case02,3.834098022921166,4.263782869318614,0.0,fault_low
fit_only_clip,22,W1,log_score,case05,case03,3.834098022921166,2.0536548665351253,1.0,fault_high
fit_only_clip,22,W1,cv,case04,case01,0.0167026117272727,0.0100414027929566,1.0,fault_high
fit_only_clip,22,W1,cv,case04,case02,0.0167026117272727,0.0091951702223551,1.0,fault_high
fit_only_clip,22,W1,cv,case04,case03,0.0167026117272727,0.1155367079243719,0.0,fault_low
fit_only_clip,22,W1,cv,case05,case01,0.0173251767962151,0.0100414027929566,1.0,fault_high
fit_only_clip,22,W1,cv,case05,case02,0.0173251767962151,0.0091951702223551,1.0,fault_high
fit_only_clip,22,W1,cv,case05,case03,0.0173251767962151,0.1155367079243719,0.0,fault_low
fit_only_clip,22,W1,maha_mean,case04,case01,214.34746309147465,148.5193322299827,1.0,fault_high
fit_only_clip,22,W1,maha_mean,case04,case02,214.34746309147465,147.31502215861354,1.0,fault_high
fit_only_clip,22,W1,maha_mean,case04,case03,214.34746309147465,11.215934536377258,1.0,fault_high
fit_only_clip,22,W1,maha_mean,case05,case01,102.064901880331,148.5193322299827,0.0,fault_low
fit_only_clip,22,W1,maha_mean,case05,case02,102.064901880331,147.31502215861354,0.0,fault_low
fit_only_clip,22,W1,maha_mean,case05,case03,102.064901880331,11.215934536377258,1.0,fault_high
fit_only_clip,22,W1,maha_centroid,case04,case01,214.08984927382477,148.1862488146169,1.0,fault_high
fit_only_clip,22,W1,maha_centroid,case04,case02,214.08984927382477,147.0173607248454,1.0,fault_high
fit_only_clip,22,W1,maha_centroid,case04,case03,214.08984927382477,3.846841401520495,1.0,fault_high
fit_only_clip,22,W1,maha_centroid,case05,case01,101.55918580247612,148.1862488146169,0.0,fault_low
fit_only_clip,22,W1,maha_centroid,case05,case02,101.55918580247612,147.0173607248454,0.0,fault_low
fit_only_clip,22,W1,maha_centroid,case05,case03,101.55918580247612,3.846841401520495,1.0,fault_high
fit_only_clip,22,W1,cov_distance,case04,case01,1.3408819782348125,1.264087231902137,1.0,fault_high
fit_only_clip,22,W1,cov_distance,case04,case02,1.3408819782348125,0.9770539825410336,1.0,fault_high
fit_only_clip,22,W1,cov_distance,case04,case03,1.3408819782348125,1.245196408846626,0.6666666666666666,fault_high
fit_only_clip,22,W1,cov_distance,case05,case01,1.472936968760516,1.264087231902137,0.6666666666666666,fault_high
fit_only_clip,22,W1,cov_distance,case05,case02,1.472936968760516,0.9770539825410336,1.0,fault_high
fit_only_clip,22,W1,cov_distance,case05,case03,1.472936968760516,1.245196408846626,1.0,fault_high
fit_only_clip,22,W1,corr_distance,case04,case01,0.1065483668886104,0.1539170056381461,0.0,fault_low
fit_only_clip,22,W1,corr_distance,case04,case02,0.1065483668886104,0.1594963752289371,0.0,fault_low
fit_only_clip,22,W1,corr_distance,case04,case03,0.1065483668886104,0.0990972675867268,1.0,fault_high
fit_only_clip,22,W1,corr_distance,case05,case01,0.1120493011021525,0.1539170056381461,0.0,fault_low
fit_only_clip,22,W1,corr_distance,case05,case02,0.1120493011021525,0.1594963752289371,0.0,fault_low
fit_only_clip,22,W1,corr_distance,case05,case03,0.1120493011021525,0.0990972675867268,1.0,fault_high
fit_only_clip,22,W1,manip_energy,case04,case01,0.5106176449312917,0.4671464791823524,1.0,fault_high
fit_only_clip,22,W1,manip_energy,case04,case02,0.5106176449312917,0.4598884529246788,1.0,fault_high
fit_only_clip,22,W1,manip_energy,case04,case03,0.5106176449312917,0.1687386230594004,1.0,fault_high
fit_only_clip,22,W1,manip_energy,case05,case01,0.2961931414403501,0.4671464791823524,0.0,fault_low
fit_only_clip,22,W1,manip_energy,case05,case02,0.2961931414403501,0.4598884529246788,0.0,fault_low
fit_only_clip,22,W1,manip_energy,case05,case03,0.2961931414403501,0.1687386230594004,1.0,fault_high
fit_only_clip,22,W1,near_constant_energy,case04,case01,0.2574060647606325,0.1591721639553091,1.0,fault_high
fit_only_clip,22,W1,near_constant_energy,case04,case02,0.2574060647606325,0.157085518964486,1.0,fault_high
fit_only_clip,22,W1,near_constant_energy,case04,case03,0.2574060647606325,0.0564036187299375,1.0,fault_high
fit_only_clip,22,W1,near_constant_energy,case05,case01,0.0606307083412145,0.1591721639553091,0.0,fault_low
fit_only_clip,22,W1,near_constant_energy,case05,case02,0.0606307083412145,0.157085518964486,0.0,fault_low
fit_only_clip,22,W1,near_constant_energy,case05,case03,0.0606307083412145,0.0564036187299375,0.6666666666666666,fault_high
fit_only_clip,22,W1,top5_energy,case04,case01,0.9469735502455794,0.3940403964790388,1.0,fault_high
fit_only_clip,22,W1,top5_energy,case04,case02,0.9469735502455794,0.3925842160624381,1.0,fault_high
fit_only_clip,22,W1,top5_energy,case04,case03,0.9469735502455794,0.2445758439819534,1.0,fault_high
fit_only_clip,22,W1,top5_energy,case05,case01,0.6498941735148787,0.3940403964790388,1.0,fault_high
fit_only_clip,22,W1,top5_energy,case05,case02,0.6498941735148787,0.3925842160624381,1.0,fault_high
fit_only_clip,22,W1,top5_energy,case05,case03,0.6498941735148787,0.2445758439819534,1.0,fault_high
fit_only_clip,22,W1,direction_cosine,case04,case01,0.0387403927154091,0.0418908687948484,0.0,fault_low
fit_only_clip,22,W1,direction_cosine,case04,case02,0.0387403927154091,-0.053443374467743,1.0,fault_high
fit_only_clip,22,W1,direction_cosine,case04,case03,0.0387403927154091,0.0431706993212271,0.3333333333333333,fault_low
fit_only_clip,22,W1,direction_cosine,case05,case01,-0.0374281188988818,0.0418908687948484,0.0,fault_low
fit_only_clip,22,W1,direction_cosine,case05,case02,-0.0374281188988818,-0.053443374467743,1.0,fault_high
fit_only_clip,22,W1,direction_cosine,case05,case03,-0.0374281188988818,0.0431706993212271,0.0,fault_low
fit_only_clip,22,W2_f0995,log_score,case04,case01,3.6896674204867215,4.274414067614283,0.0,fault_low
fit_only_clip,22,W2_f0995,log_score,case04,case02,3.6896674204867215,4.275897203440555,0.0,fault_low
fit_only_clip,22,W2_f0995,log_score,case04,case03,3.6896674204867215,2.036986019598907,1.0,fault_high
fit_only_clip,22,W2_f0995,log_score,case05,case01,3.84981450647128,4.274414067614283,0.0,fault_low
fit_only_clip,22,W2_f0995,log_score,case05,case02,3.84981450647128,4.275897203440555,0.0,fault_low
fit_only_clip,22,W2_f0995,log_score,case05,case03,3.84981450647128,2.036986019598907,1.0,fault_high
fit_only_clip,22,W2_f0995,cv,case04,case01,0.0147003991120783,0.0097270037539047,1.0,fault_high
fit_only_clip,22,W2_f0995,cv,case04,case02,0.0147003991120783,0.0091489653624769,1.0,fault_high
fit_only_clip,22,W2_f0995,cv,case04,case03,0.0147003991120783,0.1226605362358213,0.0,fault_low
fit_only_clip,22,W2_f0995,cv,case05,case01,0.0166967190089553,0.0097270037539047,1.0,fault_high
fit_only_clip,22,W2_f0995,cv,case05,case02,0.0166967190089553,0.0091489653624769,1.0,fault_high
fit_only_clip,22,W2_f0995,cv,case05,case03,0.0166967190089553,0.1226605362358213,0.0,fault_low
fit_only_clip,22,W2_f0995,maha_mean,case04,case01,144.02651617793214,95.20307167400844,1.0,fault_high
fit_only_clip,22,W2_f0995,maha_mean,case04,case02,144.02651617793214,94.44711644067417,1.0,fault_high
fit_only_clip,22,W2_f0995,maha_mean,case04,case03,144.02651617793214,8.361763684469025,1.0,fault_high
fit_only_clip,22,W2_f0995,maha_mean,case05,case01,64.77267090153768,95.20307167400844,0.0,fault_low
fit_only_clip,22,W2_f0995,maha_mean,case05,case02,64.77267090153768,94.44711644067417,0.0,fault_low
fit_only_clip,22,W2_f0995,maha_mean,case05,case03,64.77267090153768,8.361763684469025,1.0,fault_high
fit_only_clip,22,W2_f0995,maha_centroid,case04,case01,143.822895088451,94.913979009418,1.0,fault_high
fit_only_clip,22,W2_f0995,maha_centroid,case04,case02,143.822895088451,94.18552758168424,1.0,fault_high
fit_only_clip,22,W2_f0995,maha_centroid,case04,case03,143.822895088451,3.3022007192812817,1.0,fault_high
fit_only_clip,22,W2_f0995,maha_centroid,case05,case01,64.40588997931876,94.913979009418,0.0,fault_low
fit_only_clip,22,W2_f0995,maha_centroid,case05,case02,64.40588997931876,94.18552758168424,0.0,fault_low
fit_only_clip,22,W2_f0995,maha_centroid,case05,case03,64.40588997931876,3.3022007192812817,1.0,fault_high
fit_only_clip,22,W2_f0995,cov_distance,case04,case01,0.6598716433730527,0.853158710036822,0.0,fault_low
fit_only_clip,22,W2_f0995,cov_distance,case04,case02,0.6598716433730527,0.7139913641072153,0.3333333333333333,fault_low
fit_only_clip,22,W2_f0995,cov_distance,case04,case03,0.6598716433730527,0.7285318169133066,0.3333333333333333,fault_low
fit_only_clip,22,W2_f0995,cov_distance,case05,case01,0.6870814722192372,0.853158710036822,0.3333333333333333,fault_low
fit_only_clip,22,W2_f0995,cov_distance,case05,case02,0.6870814722192372,0.7139913641072153,0.3333333333333333,fault_low
fit_only_clip,22,W2_f0995,cov_distance,case05,case03,0.6870814722192372,0.7285318169133066,0.3333333333333333,fault_low
fit_only_clip,22,W2_f0995,corr_distance,case04,case01,0.1124150399097855,0.1524988170134377,0.0,fault_low
fit_only_clip,22,W2_f0995,corr_distance,case04,case02,0.1124150399097855,0.1427250123064883,0.0,fault_low
fit_only_clip,22,W2_f0995,corr_distance,case04,case03,0.1124150399097855,0.1051173371394302,1.0,fault_high
fit_only_clip,22,W2_f0995,corr_distance,case05,case01,0.1278217435980365,0.1524988170134377,0.0,fault_low
fit_only_clip,22,W2_f0995,corr_distance,case05,case02,0.1278217435980365,0.1427250123064883,0.0,fault_low
fit_only_clip,22,W2_f0995,corr_distance,case05,case03,0.1278217435980365,0.1051173371394302,1.0,fault_high
fit_only_clip,22,W2_f0995,manip_energy,case04,case01,0.5118715664117812,0.4678211534492178,1.0,fault_high
fit_only_clip,22,W2_f0995,manip_energy,case04,case02,0.5118715664117812,0.4653798089987306,1.0,fault_high
fit_only_clip,22,W2_f0995,manip_energy,case04,case03,0.5118715664117812,0.1936644081225147,1.0,fault_high
fit_only_clip,22,W2_f0995,manip_energy,case05,case01,0.3059521503565107,0.4678211534492178,0.0,fault_low
fit_only_clip,22,W2_f0995,manip_energy,case05,case02,0.3059521503565107,0.4653798089987306,0.0,fault_low
fit_only_clip,22,W2_f0995,manip_energy,case05,case03,0.3059521503565107,0.1936644081225147,1.0,fault_high
fit_only_clip,22,W2_f0995,near_constant_energy,case04,case01,0.2531732340706775,0.161593747735787,1.0,fault_high
fit_only_clip,22,W2_f0995,near_constant_energy,case04,case02,0.2531732340706775,0.1599985863611125,1.0,fault_high
fit_only_clip,22,W2_f0995,near_constant_energy,case04,case03,0.2531732340706775,0.056225200361835,1.0,fault_high
fit_only_clip,22,W2_f0995,near_constant_energy,case05,case01,0.062542187600778,0.161593747735787,0.0,fault_low
fit_only_clip,22,W2_f0995,near_constant_energy,case05,case02,0.062542187600778,0.1599985863611125,0.0,fault_low
fit_only_clip,22,W2_f0995,near_constant_energy,case05,case03,0.062542187600778,0.056225200361835,1.0,fault_high
fit_only_clip,22,W2_f0995,top5_energy,case04,case01,0.9491161778679263,0.3879786736071823,1.0,fault_high
fit_only_clip,22,W2_f0995,top5_energy,case04,case02,0.9491161778679263,0.3871463368390235,1.0,fault_high
fit_only_clip,22,W2_f0995,top5_energy,case04,case03,0.9491161778679263,0.265813364669347,1.0,fault_high
fit_only_clip,22,W2_f0995,top5_energy,case05,case01,0.6425053311794274,0.3879786736071823,1.0,fault_high
fit_only_clip,22,W2_f0995,top5_energy,case05,case02,0.6425053311794274,0.3871463368390235,1.0,fault_high
fit_only_clip,22,W2_f0995,top5_energy,case05,case03,0.6425053311794274,0.265813364669347,1.0,fault_high
fit_only_clip,22,W2_f0995,direction_cosine,case04,case01,-0.1832877280662575,-0.2228394108084987,1.0,fault_high
fit_only_clip,22,W2_f0995,direction_cosine,case04,case02,-0.1832877280662575,0.227333697843641,0.0,fault_low
fit_only_clip,22,W2_f0995,direction_cosine,case04,case03,-0.1832877280662575,0.0426674809382205,0.0,fault_low
fit_only_clip,22,W2_f0995,direction_cosine,case05,case01,-0.35332220281987,-0.2228394108084987,0.0,fault_low
fit_only_clip,22,W2_f0995,direction_cosine,case05,case02,-0.35332220281987,0.227333697843641,0.0,fault_low
fit_only_clip,22,W2_f0995,direction_cosine,case05,case03,-0.35332220281987,0.0426674809382205,0.0,fault_low
fit_only_clip,22,W3_b01,log_score,case04,case01,3.6835527449970464,4.274864474138724,0.0,fault_low
fit_only_clip,22,W3_b01,log_score,case04,case02,3.6835527449970464,4.2732891617181,0.0,fault_low
fit_only_clip,22,W3_b01,log_score,case04,case03,3.6835527449970464,2.0117795692958853,1.0,fault_high
fit_only_clip,22,W3_b01,log_score,case05,case01,3.85529765984109,4.274864474138724,0.0,fault_low
fit_only_clip,22,W3_b01,log_score,case05,case02,3.85529765984109,4.2732891617181,0.0,fault_low
fit_only_clip,22,W3_b01,log_score,case05,case03,3.85529765984109,2.0117795692958853,1.0,fault_high
fit_only_clip,22,W3_b01,cv,case04,case01,0.0141455012586243,0.0097136860598521,1.0,fault_high
fit_only_clip,22,W3_b01,cv,case04,case02,0.0141455012586243,0.0092050508542826,1.0,fault_high
fit_only_clip,22,W3_b01,cv,case04,case03,0.0141455012586243,0.1186458439969511,0.0,fault_low
fit_only_clip,22,W3_b01,cv,case05,case01,0.016844409266318,0.0097136860598521,1.0,fault_high
fit_only_clip,22,W3_b01,cv,case05,case02,0.016844409266318,0.0092050508542826,1.0,fault_high
fit_only_clip,22,W3_b01,cv,case05,case03,0.016844409266318,0.1186458439969511,0.0,fault_low
fit_only_clip,22,W3_b01,maha_mean,case04,case01,153.86596782161743,106.1779410964914,1.0,fault_high
fit_only_clip,22,W3_b01,maha_mean,case04,case02,153.86596782161743,105.6665489120009,1.0,fault_high
fit_only_clip,22,W3_b01,maha_mean,case04,case03,153.86596782161743,8.685940250552523,1.0,fault_high
fit_only_clip,22,W3_b01,maha_mean,case05,case01,68.78696245727991,106.1779410964914,0.0,fault_low
fit_only_clip,22,W3_b01,maha_mean,case05,case02,68.78696245727991,105.6665489120009,0.0,fault_low
fit_only_clip,22,W3_b01,maha_mean,case05,case03,68.78696245727991,8.685940250552523,1.0,fault_high
fit_only_clip,22,W3_b01,maha_centroid,case04,case01,153.65504210386985,105.89181081270044,1.0,fault_high
fit_only_clip,22,W3_b01,maha_centroid,case04,case02,153.65504210386985,105.40641750978536,1.0,fault_high
fit_only_clip,22,W3_b01,maha_centroid,case04,case03,153.65504210386985,3.4369295878761585,1.0,fault_high
fit_only_clip,22,W3_b01,maha_centroid,case05,case01,68.37871952653418,105.89181081270044,0.0,fault_low
fit_only_clip,22,W3_b01,maha_centroid,case05,case02,68.37871952653418,105.40641750978536,0.0,fault_low
fit_only_clip,22,W3_b01,maha_centroid,case05,case03,68.37871952653418,3.4369295878761585,1.0,fault_high
fit_only_clip,22,W3_b01,cov_distance,case04,case01,0.7739271977734723,0.9021586932485062,0.3333333333333333,fault_low
fit_only_clip,22,W3_b01,cov_distance,case04,case02,0.7739271977734723,0.7386553153502161,0.6666666666666666,fault_high
fit_only_clip,22,W3_b01,cov_distance,case04,case03,0.7739271977734723,0.7856945349659893,0.6666666666666666,fault_low
fit_only_clip,22,W3_b01,cov_distance,case05,case01,0.7733949943983961,0.9021586932485062,0.3333333333333333,fault_low
fit_only_clip,22,W3_b01,cov_distance,case05,case02,0.7733949943983961,0.7386553153502161,0.6666666666666666,fault_high
fit_only_clip,22,W3_b01,cov_distance,case05,case03,0.7733949943983961,0.7856945349659893,0.3333333333333333,fault_low
fit_only_clip,22,W3_b01,corr_distance,case04,case01,0.1134469868876715,0.1483758819876335,0.0,fault_low
fit_only_clip,22,W3_b01,corr_distance,case04,case02,0.1134469868876715,0.1392142828503461,0.0,fault_low
fit_only_clip,22,W3_b01,corr_distance,case04,case03,0.1134469868876715,0.1057717388604119,1.0,fault_high
fit_only_clip,22,W3_b01,corr_distance,case05,case01,0.1262531949346902,0.1483758819876335,0.0,fault_low
fit_only_clip,22,W3_b01,corr_distance,case05,case02,0.1262531949346902,0.1392142828503461,0.0,fault_low
fit_only_clip,22,W3_b01,corr_distance,case05,case03,0.1262531949346902,0.1057717388604119,1.0,fault_high
fit_only_clip,22,W3_b01,manip_energy,case04,case01,0.518058580363719,0.4634457813944344,1.0,fault_high
fit_only_clip,22,W3_b01,manip_energy,case04,case02,0.518058580363719,0.4645174074733313,1.0,fault_high
fit_only_clip,22,W3_b01,manip_energy,case04,case03,0.518058580363719,0.1813988795694023,1.0,fault_high
fit_only_clip,22,W3_b01,manip_energy,case05,case01,0.3178526930861523,0.4634457813944344,0.0,fault_low
fit_only_clip,22,W3_b01,manip_energy,case05,case02,0.3178526930861523,0.4645174074733313,0.0,fault_low
fit_only_clip,22,W3_b01,manip_energy,case05,case03,0.3178526930861523,0.1813988795694023,1.0,fault_high
fit_only_clip,22,W3_b01,near_constant_energy,case04,case01,0.2566844126173223,0.1581707913791324,1.0,fault_high
fit_only_clip,22,W3_b01,near_constant_energy,case04,case02,0.2566844126173223,0.1589323593003853,1.0,fault_high
fit_only_clip,22,W3_b01,near_constant_energy,case04,case03,0.2566844126173223,0.0558549779953846,1.0,fault_high
fit_only_clip,22,W3_b01,near_constant_energy,case05,case01,0.0649288304342622,0.1581707913791324,0.0,fault_low
fit_only_clip,22,W3_b01,near_constant_energy,case05,case02,0.0649288304342622,0.1589323593003853,0.0,fault_low
fit_only_clip,22,W3_b01,near_constant_energy,case05,case03,0.0649288304342622,0.0558549779953846,1.0,fault_high
fit_only_clip,22,W3_b01,top5_energy,case04,case01,0.9503485333701212,0.3928968999287738,1.0,fault_high
fit_only_clip,22,W3_b01,top5_energy,case04,case02,0.9503485333701212,0.3870699103687624,1.0,fault_high
fit_only_clip,22,W3_b01,top5_energy,case04,case03,0.9503485333701212,0.2515747063898232,1.0,fault_high
fit_only_clip,22,W3_b01,top5_energy,case05,case01,0.6381489823759755,0.3928968999287738,1.0,fault_high
fit_only_clip,22,W3_b01,top5_energy,case05,case02,0.6381489823759755,0.3870699103687624,1.0,fault_high
fit_only_clip,22,W3_b01,top5_energy,case05,case03,0.6381489823759755,0.2515747063898232,1.0,fault_high
fit_only_clip,22,W3_b01,direction_cosine,case04,case01,-0.1513065902193119,0.2284662295577969,0.0,fault_low
fit_only_clip,22,W3_b01,direction_cosine,case04,case02,-0.1513065902193119,-0.2107913242866596,1.0,fault_high
fit_only_clip,22,W3_b01,direction_cosine,case04,case03,-0.1513065902193119,0.2443268815989734,0.0,fault_low
fit_only_clip,22,W3_b01,direction_cosine,case05,case01,-0.0420007008587018,0.2284662295577969,0.0,fault_low
fit_only_clip,22,W3_b01,direction_cosine,case05,case02,-0.0420007008587018,-0.2107913242866596,1.0,fault_high
fit_only_clip,22,W3_b01,direction_cosine,case05,case03,-0.0420007008587018,0.2443268815989734,0.0,fault_low
fit_only_clip,33,W1,log_score,case04,case01,3.659619082636653,4.266083335878151,0.0,fault_low
fit_only_clip,33,W1,log_score,case04,case02,3.659619082636653,4.267885208730958,0.0,fault_low
fit_only_clip,33,W1,log_score,case04,case03,3.659619082636653,2.0623879803491776,1.0,fault_high
fit_only_clip,33,W1,log_score,case05,case01,3.830125732466606,4.266083335878151,0.0,fault_low
fit_only_clip,33,W1,log_score,case05,case02,3.830125732466606,4.267885208730958,0.0,fault_low
fit_only_clip,33,W1,log_score,case05,case03,3.830125732466606,2.0623879803491776,1.0,fault_high
fit_only_clip,33,W1,cv,case04,case01,0.0136191670959614,0.0097405061400151,1.0,fault_high
fit_only_clip,33,W1,cv,case04,case02,0.0136191670959614,0.0094623385287265,1.0,fault_high
fit_only_clip,33,W1,cv,case04,case03,0.0136191670959614,0.1159224041304024,0.0,fault_low
fit_only_clip,33,W1,cv,case05,case01,0.0176319593097672,0.0097405061400151,1.0,fault_high
fit_only_clip,33,W1,cv,case05,case02,0.0176319593097672,0.0094623385287265,1.0,fault_high
fit_only_clip,33,W1,cv,case05,case03,0.0176319593097672,0.1159224041304024,0.0,fault_low
fit_only_clip,33,W1,maha_mean,case04,case01,214.4900165832327,147.29018062114326,1.0,fault_high
fit_only_clip,33,W1,maha_mean,case04,case02,214.4900165832327,145.93508223952196,1.0,fault_high
fit_only_clip,33,W1,maha_mean,case04,case03,214.4900165832327,11.222138800712532,1.0,fault_high
fit_only_clip,33,W1,maha_mean,case05,case01,111.2994662342709,147.29018062114326,0.0,fault_low
fit_only_clip,33,W1,maha_mean,case05,case02,111.2994662342709,145.93508223952196,0.0,fault_low
fit_only_clip,33,W1,maha_mean,case05,case03,111.2994662342709,11.222138800712532,1.0,fault_high
fit_only_clip,33,W1,maha_centroid,case04,case01,214.20253579284767,146.95849842393025,1.0,fault_high
fit_only_clip,33,W1,maha_centroid,case04,case02,214.20253579284767,145.6374664709091,1.0,fault_high
fit_only_clip,33,W1,maha_centroid,case04,case03,214.20253579284767,3.702879133706272,1.0,fault_high
fit_only_clip,33,W1,maha_centroid,case05,case01,110.7974731181408,146.95849842393025,0.0,fault_low
fit_only_clip,33,W1,maha_centroid,case05,case02,110.7974731181408,145.6374664709091,0.0,fault_low
fit_only_clip,33,W1,maha_centroid,case05,case03,110.7974731181408,3.702879133706272,1.0,fault_high
fit_only_clip,33,W1,cov_distance,case04,case01,1.4992151479482845,1.2179868564935128,1.0,fault_high
fit_only_clip,33,W1,cov_distance,case04,case02,1.4992151479482845,0.9576561930759616,1.0,fault_high
fit_only_clip,33,W1,cov_distance,case04,case03,1.4992151479482845,1.288033888030194,0.6666666666666666,fault_high
fit_only_clip,33,W1,cov_distance,case05,case01,1.4680767205731846,1.2179868564935128,0.6666666666666666,fault_high
fit_only_clip,33,W1,cov_distance,case05,case02,1.4680767205731846,0.9576561930759616,1.0,fault_high
fit_only_clip,33,W1,cov_distance,case05,case03,1.4680767205731846,1.288033888030194,0.6666666666666666,fault_high
fit_only_clip,33,W1,corr_distance,case04,case01,0.1070251373320132,0.1774730627031297,0.0,fault_low
fit_only_clip,33,W1,corr_distance,case04,case02,0.1070251373320132,0.1420425949178534,0.0,fault_low
fit_only_clip,33,W1,corr_distance,case04,case03,0.1070251373320132,0.1045104796573129,1.0,fault_high
fit_only_clip,33,W1,corr_distance,case05,case01,0.1197444113944818,0.1774730627031297,0.0,fault_low
fit_only_clip,33,W1,corr_distance,case05,case02,0.1197444113944818,0.1420425949178534,0.0,fault_low
fit_only_clip,33,W1,corr_distance,case05,case03,0.1197444113944818,0.1045104796573129,1.0,fault_high
fit_only_clip,33,W1,manip_energy,case04,case01,0.5051355571348461,0.4646007683927949,1.0,fault_high
fit_only_clip,33,W1,manip_energy,case04,case02,0.5051355571348461,0.4690033766226711,1.0,fault_high
fit_only_clip,33,W1,manip_energy,case04,case03,0.5051355571348461,0.1786818939692595,1.0,fault_high
fit_only_clip,33,W1,manip_energy,case05,case01,0.2987153088007372,0.4646007683927949,0.0,fault_low
fit_only_clip,33,W1,manip_energy,case05,case02,0.2987153088007372,0.4690033766226711,0.0,fault_low
fit_only_clip,33,W1,manip_energy,case05,case03,0.2987153088007372,0.1786818939692595,1.0,fault_high
fit_only_clip,33,W1,near_constant_energy,case04,case01,0.2683529514917654,0.1595529095024307,1.0,fault_high
fit_only_clip,33,W1,near_constant_energy,case04,case02,0.2683529514917654,0.1721295238818835,1.0,fault_high
fit_only_clip,33,W1,near_constant_energy,case04,case03,0.2683529514917654,0.0584422129729037,1.0,fault_high
fit_only_clip,33,W1,near_constant_energy,case05,case01,0.0601090817544594,0.1595529095024307,0.0,fault_low
fit_only_clip,33,W1,near_constant_energy,case05,case02,0.0601090817544594,0.1721295238818835,0.0,fault_low
fit_only_clip,33,W1,near_constant_energy,case05,case03,0.0601090817544594,0.0584422129729037,0.6666666666666666,fault_high
fit_only_clip,33,W1,top5_energy,case04,case01,0.9411055898519496,0.3918098939452209,1.0,fault_high
fit_only_clip,33,W1,top5_energy,case04,case02,0.9411055898519496,0.4010581089923332,1.0,fault_high
fit_only_clip,33,W1,top5_energy,case04,case03,0.9411055898519496,0.2427309763342686,1.0,fault_high
fit_only_clip,33,W1,top5_energy,case05,case01,0.6411915078887671,0.3918098939452209,1.0,fault_high
fit_only_clip,33,W1,top5_energy,case05,case02,0.6411915078887671,0.4010581089923332,1.0,fault_high
fit_only_clip,33,W1,top5_energy,case05,case03,0.6411915078887671,0.2427309763342686,1.0,fault_high
fit_only_clip,33,W1,direction_cosine,case04,case01,-0.013565881313708,-0.1661645485563923,1.0,fault_high
fit_only_clip,33,W1,direction_cosine,case04,case02,-0.013565881313708,0.1667002193139434,0.0,fault_low
fit_only_clip,33,W1,direction_cosine,case04,case03,-0.013565881313708,0.0481063054172932,0.0,fault_low
fit_only_clip,33,W1,direction_cosine,case05,case01,-0.1356119598112661,-0.1661645485563923,1.0,fault_high
fit_only_clip,33,W1,direction_cosine,case05,case02,-0.1356119598112661,0.1667002193139434,0.0,fault_low
fit_only_clip,33,W1,direction_cosine,case05,case03,-0.1356119598112661,0.0481063054172932,0.0,fault_low
fit_only_clip,33,W2_f0995,log_score,case04,case01,3.689523904780468,4.274325755978077,0.0,fault_low
fit_only_clip,33,W2_f0995,log_score,case04,case02,3.689523904780468,4.276082146241637,0.0,fault_low
fit_only_clip,33,W2_f0995,log_score,case04,case03,3.689523904780468,2.037823857905081,1.0,fault_high
fit_only_clip,33,W2_f0995,log_score,case05,case01,3.84877745918995,4.274325755978077,0.0,fault_low
fit_only_clip,33,W2_f0995,log_score,case05,case02,3.84877745918995,4.276082146241637,0.0,fault_low
fit_only_clip,33,W2_f0995,log_score,case05,case03,3.84877745918995,2.037823857905081,1.0,fault_high
fit_only_clip,33,W2_f0995,cv,case04,case01,0.0145958452862052,0.0097467075090141,1.0,fault_high
fit_only_clip,33,W2_f0995,cv,case04,case02,0.0145958452862052,0.0091455395441354,1.0,fault_high
fit_only_clip,33,W2_f0995,cv,case04,case03,0.0145958452862052,0.1227702832991538,0.0,fault_low
fit_only_clip,33,W2_f0995,cv,case05,case01,0.0167500193925513,0.0097467075090141,1.0,fault_high
fit_only_clip,33,W2_f0995,cv,case05,case02,0.0167500193925513,0.0091455395441354,1.0,fault_high
fit_only_clip,33,W2_f0995,cv,case05,case03,0.0167500193925513,0.1227702832991538,0.0,fault_low
fit_only_clip,33,W2_f0995,maha_mean,case04,case01,144.00399239555912,94.8677509652267,1.0,fault_high
fit_only_clip,33,W2_f0995,maha_mean,case04,case02,144.00399239555912,94.11925388222632,1.0,fault_high
fit_only_clip,33,W2_f0995,maha_mean,case04,case03,144.00399239555912,8.358513231246633,1.0,fault_high
fit_only_clip,33,W2_f0995,maha_mean,case05,case01,64.7223722216498,94.8677509652267,0.0,fault_low
fit_only_clip,33,W2_f0995,maha_mean,case05,case02,64.7223722216498,94.11925388222632,0.0,fault_low
fit_only_clip,33,W2_f0995,maha_mean,case05,case03,64.7223722216498,8.358513231246633,1.0,fault_high
fit_only_clip,33,W2_f0995,maha_centroid,case04,case01,143.80015451939212,94.5788943845981,1.0,fault_high
fit_only_clip,33,W2_f0995,maha_centroid,case04,case02,143.80015451939212,93.85695900972648,1.0,fault_high
fit_only_clip,33,W2_f0995,maha_centroid,case04,case03,143.80015451939212,3.300191525340987,1.0,fault_high
fit_only_clip,33,W2_f0995,maha_centroid,case05,case01,64.35572091095412,94.5788943845981,0.0,fault_low
fit_only_clip,33,W2_f0995,maha_centroid,case05,case02,64.35572091095412,93.85695900972648,0.0,fault_low
fit_only_clip,33,W2_f0995,maha_centroid,case05,case03,64.35572091095412,3.300191525340987,1.0,fault_high
fit_only_clip,33,W2_f0995,cov_distance,case04,case01,0.6612582751042946,0.8534322093189686,0.0,fault_low
fit_only_clip,33,W2_f0995,cov_distance,case04,case02,0.6612582751042946,0.7149706853637717,0.3333333333333333,fault_low
fit_only_clip,33,W2_f0995,cov_distance,case04,case03,0.6612582751042946,0.7288697671833704,0.3333333333333333,fault_low
fit_only_clip,33,W2_f0995,cov_distance,case05,case01,0.6857044350970716,0.8534322093189686,0.3333333333333333,fault_low
fit_only_clip,33,W2_f0995,cov_distance,case05,case02,0.6857044350970716,0.7149706853637717,0.3333333333333333,fault_low
fit_only_clip,33,W2_f0995,cov_distance,case05,case03,0.6857044350970716,0.7288697671833704,0.3333333333333333,fault_low
fit_only_clip,33,W2_f0995,corr_distance,case04,case01,0.1070849825062227,0.1438911160975297,0.0,fault_low
fit_only_clip,33,W2_f0995,corr_distance,case04,case02,0.1070849825062227,0.1410331615114808,0.0,fault_low
fit_only_clip,33,W2_f0995,corr_distance,case04,case03,0.1070849825062227,0.1051783211612953,0.6666666666666666,fault_high
fit_only_clip,33,W2_f0995,corr_distance,case05,case01,0.1243018599270548,0.1438911160975297,0.0,fault_low
fit_only_clip,33,W2_f0995,corr_distance,case05,case02,0.1243018599270548,0.1410331615114808,0.3333333333333333,fault_low
fit_only_clip,33,W2_f0995,corr_distance,case05,case03,0.1243018599270548,0.1051783211612953,1.0,fault_high
fit_only_clip,33,W2_f0995,manip_energy,case04,case01,0.5123077500124588,0.4677559538045235,1.0,fault_high
fit_only_clip,33,W2_f0995,manip_energy,case04,case02,0.5123077500124588,0.4652644076681297,1.0,fault_high
fit_only_clip,33,W2_f0995,manip_energy,case04,case03,0.5123077500124588,0.1942447873887478,1.0,fault_high
fit_only_clip,33,W2_f0995,manip_energy,case05,case01,0.305783484750055,0.4677559538045235,0.0,fault_low
fit_only_clip,33,W2_f0995,manip_energy,case05,case02,0.305783484750055,0.4652644076681297,0.0,fault_low
fit_only_clip,33,W2_f0995,manip_energy,case05,case03,0.305783484750055,0.1942447873887478,1.0,fault_high
fit_only_clip,33,W2_f0995,near_constant_energy,case04,case01,0.2532935683251684,0.1617057814296081,1.0,fault_high
fit_only_clip,33,W2_f0995,near_constant_energy,case04,case02,0.2532935683251684,0.1601850688818812,1.0,fault_high
fit_only_clip,33,W2_f0995,near_constant_energy,case04,case03,0.2532935683251684,0.0562829868747653,1.0,fault_high
fit_only_clip,33,W2_f0995,near_constant_energy,case05,case01,0.0624782917904172,0.1617057814296081,0.0,fault_low
fit_only_clip,33,W2_f0995,near_constant_energy,case05,case02,0.0624782917904172,0.1601850688818812,0.0,fault_low
fit_only_clip,33,W2_f0995,near_constant_energy,case05,case03,0.0624782917904172,0.0562829868747653,1.0,fault_high
fit_only_clip,33,W2_f0995,top5_energy,case04,case01,0.9492086490428076,0.3874887850739864,1.0,fault_high
fit_only_clip,33,W2_f0995,top5_energy,case04,case02,0.9492086490428076,0.3869476461528991,1.0,fault_high
fit_only_clip,33,W2_f0995,top5_energy,case04,case03,0.9492086490428076,0.2656464276541243,1.0,fault_high
fit_only_clip,33,W2_f0995,top5_energy,case05,case01,0.6424184752963074,0.3874887850739864,1.0,fault_high
fit_only_clip,33,W2_f0995,top5_energy,case05,case02,0.6424184752963074,0.3869476461528991,1.0,fault_high
fit_only_clip,33,W2_f0995,top5_energy,case05,case03,0.6424184752963074,0.2656464276541243,1.0,fault_high
fit_only_clip,33,W2_f0995,direction_cosine,case04,case01,-0.1740644037926051,-0.2394716893269593,1.0,fault_high
fit_only_clip,33,W2_f0995,direction_cosine,case04,case02,-0.1740644037926051,0.2440943162048532,0.0,fault_low
fit_only_clip,33,W2_f0995,direction_cosine,case04,case03,-0.1740644037926051,0.0625988724217989,0.0,fault_low
fit_only_clip,33,W2_f0995,direction_cosine,case05,case01,-0.3523780604547401,-0.2394716893269593,0.0,fault_low
fit_only_clip,33,W2_f0995,direction_cosine,case05,case02,-0.3523780604547401,0.2440943162048532,0.0,fault_low
fit_only_clip,33,W2_f0995,direction_cosine,case05,case03,-0.3523780604547401,0.0625988724217989,0.0,fault_low
fit_only_clip,33,W3_b01,log_score,case04,case01,3.683726325734685,4.276616120318892,0.0,fault_low
fit_only_clip,33,W3_b01,log_score,case04,case02,3.683726325734685,4.272490919527489,0.0,fault_low
fit_only_clip,33,W3_b01,log_score,case04,case03,3.683726325734685,2.017163407255964,1.0,fault_high
fit_only_clip,33,W3_b01,log_score,case05,case01,3.850000323805364,4.276616120318892,0.0,fault_low
fit_only_clip,33,W3_b01,log_score,case05,case02,3.850000323805364,4.272490919527489,0.0,fault_low
fit_only_clip,33,W3_b01,log_score,case05,case03,3.850000323805364,2.017163407255964,1.0,fault_high
fit_only_clip,33,W3_b01,cv,case04,case01,0.0135659906648943,0.0098472264413685,1.0,fault_high
fit_only_clip,33,W3_b01,cv,case04,case02,0.0135659906648943,0.0092197231162926,1.0,fault_high
fit_only_clip,33,W3_b01,cv,case04,case03,0.0135659906648943,0.1203409542457143,0.0,fault_low
fit_only_clip,33,W3_b01,cv,case05,case01,0.017183608610557,0.0098472264413685,1.0,fault_high
fit_only_clip,33,W3_b01,cv,case05,case02,0.017183608610557,0.0092197231162926,1.0,fault_high
fit_only_clip,33,W3_b01,cv,case05,case03,0.017183608610557,0.1203409542457143,0.0,fault_low
fit_only_clip,33,W3_b01,maha_mean,case04,case01,152.599370201942,101.94346935665422,1.0,fault_high
fit_only_clip,33,W3_b01,maha_mean,case04,case02,152.599370201942,101.38697203724458,1.0,fault_high
fit_only_clip,33,W3_b01,maha_mean,case04,case03,152.599370201942,8.641150336549988,1.0,fault_high
fit_only_clip,33,W3_b01,maha_mean,case05,case01,68.30730777481642,101.94346935665422,0.0,fault_low
fit_only_clip,33,W3_b01,maha_mean,case05,case02,68.30730777481642,101.38697203724458,0.0,fault_low
fit_only_clip,33,W3_b01,maha_mean,case05,case03,68.30730777481642,8.641150336549988,1.0,fault_high
fit_only_clip,33,W3_b01,maha_centroid,case04,case01,152.38708108913897,101.6476806923608,1.0,fault_high
fit_only_clip,33,W3_b01,maha_centroid,case04,case02,152.38708108913897,101.11753651206216,1.0,fault_high
fit_only_clip,33,W3_b01,maha_centroid,case04,case03,152.38708108913897,3.404142332908884,1.0,fault_high
fit_only_clip,33,W3_b01,maha_centroid,case05,case01,67.90746831236783,101.6476806923608,0.0,fault_low
fit_only_clip,33,W3_b01,maha_centroid,case05,case02,67.90746831236783,101.11753651206216,0.0,fault_low
fit_only_clip,33,W3_b01,maha_centroid,case05,case03,67.90746831236783,3.404142332908884,1.0,fault_high
fit_only_clip,33,W3_b01,cov_distance,case04,case01,0.7809669898851361,0.9108179123693732,0.3333333333333333,fault_low
fit_only_clip,33,W3_b01,cov_distance,case04,case02,0.7809669898851361,0.7517036529435944,0.6666666666666666,fault_high
fit_only_clip,33,W3_b01,cov_distance,case04,case03,0.7809669898851361,0.7957315170216556,0.6666666666666666,fault_low
fit_only_clip,33,W3_b01,cov_distance,case05,case01,0.7682353650469337,0.9108179123693732,0.3333333333333333,fault_low
fit_only_clip,33,W3_b01,cov_distance,case05,case02,0.7682353650469337,0.7517036529435944,0.3333333333333333,fault_high
fit_only_clip,33,W3_b01,cov_distance,case05,case03,0.7682353650469337,0.7957315170216556,0.3333333333333333,fault_low
fit_only_clip,33,W3_b01,corr_distance,case04,case01,0.107033020326096,0.145938304820065,0.0,fault_low
fit_only_clip,33,W3_b01,corr_distance,case04,case02,0.107033020326096,0.1398785104374832,0.0,fault_low
fit_only_clip,33,W3_b01,corr_distance,case04,case03,0.107033020326096,0.1060267908744683,0.6666666666666666,fault_high
fit_only_clip,33,W3_b01,corr_distance,case05,case01,0.1312711288876725,0.145938304820065,0.3333333333333333,fault_low
fit_only_clip,33,W3_b01,corr_distance,case05,case02,0.1312711288876725,0.1398785104374832,0.3333333333333333,fault_low
fit_only_clip,33,W3_b01,corr_distance,case05,case03,0.1312711288876725,0.1060267908744683,1.0,fault_high
fit_only_clip,33,W3_b01,manip_energy,case04,case01,0.5205108094690752,0.4638088986567448,1.0,fault_high
fit_only_clip,33,W3_b01,manip_energy,case04,case02,0.5205108094690752,0.4622120092119532,1.0,fault_high
fit_only_clip,33,W3_b01,manip_energy,case04,case03,0.5205108094690752,0.1845171397001405,1.0,fault_high
fit_only_clip,33,W3_b01,manip_energy,case05,case01,0.3185751795314405,0.4638088986567448,0.0,fault_low
fit_only_clip,33,W3_b01,manip_energy,case05,case02,0.3185751795314405,0.4622120092119532,0.0,fault_low
fit_only_clip,33,W3_b01,manip_energy,case05,case03,0.3185751795314405,0.1845171397001405,1.0,fault_high
fit_only_clip,33,W3_b01,near_constant_energy,case04,case01,0.2572253144389904,0.160090420660474,1.0,fault_high
fit_only_clip,33,W3_b01,near_constant_energy,case04,case02,0.2572253144389904,0.1600943922043825,1.0,fault_high
fit_only_clip,33,W3_b01,near_constant_energy,case04,case03,0.2572253144389904,0.0576843722809321,1.0,fault_high
fit_only_clip,33,W3_b01,near_constant_energy,case05,case01,0.0636490361938035,0.160090420660474,0.0,fault_low
fit_only_clip,33,W3_b01,near_constant_energy,case05,case02,0.0636490361938035,0.1600943922043825,0.0,fault_low
fit_only_clip,33,W3_b01,near_constant_energy,case05,case03,0.0636490361938035,0.0576843722809321,1.0,fault_high
fit_only_clip,33,W3_b01,top5_energy,case04,case01,0.949684523268822,0.3879837774067867,1.0,fault_high
fit_only_clip,33,W3_b01,top5_energy,case04,case02,0.949684523268822,0.3883425062047236,1.0,fault_high
fit_only_clip,33,W3_b01,top5_energy,case04,case03,0.949684523268822,0.2508553121813581,1.0,fault_high
fit_only_clip,33,W3_b01,top5_energy,case05,case01,0.6329692211044383,0.3879837774067867,1.0,fault_high
fit_only_clip,33,W3_b01,top5_energy,case05,case02,0.6329692211044383,0.3883425062047236,1.0,fault_high
fit_only_clip,33,W3_b01,top5_energy,case05,case03,0.6329692211044383,0.2508553121813581,1.0,fault_high
fit_only_clip,33,W3_b01,direction_cosine,case04,case01,-0.0985195054133892,0.2542752709282211,0.0,fault_low
fit_only_clip,33,W3_b01,direction_cosine,case04,case02,-0.0985195054133892,-0.2337984855561188,1.0,fault_high
fit_only_clip,33,W3_b01,direction_cosine,case04,case03,-0.0985195054133892,0.2432650328515285,0.0,fault_low
fit_only_clip,33,W3_b01,direction_cosine,case05,case01,-0.0858335338756283,0.2542752709282211,0.0,fault_low
fit_only_clip,33,W3_b01,direction_cosine,case05,case02,-0.0858335338756283,-0.2337984855561188,1.0,fault_high
fit_only_clip,33,W3_b01,direction_cosine,case05,case03,-0.0858335338756283,0.2432650328515285,0.0,fault_low
fit_only_no_clip,11,W1,log_score,case04,case01,4.8130177263244605,5.293924828213076,0.0,fault_low
fit_only_no_clip,11,W1,log_score,case04,case02,4.8130177263244605,5.290369353874247,0.0,fault_low
fit_only_no_clip,11,W1,log_score,case04,case03,4.8130177263244605,2.056816761414525,1.0,fault_high
fit_only_no_clip,11,W1,log_score,case05,case01,4.445162141191852,5.293924828213076,0.0,fault_low
fit_only_no_clip,11,W1,log_score,case05,case02,4.445162141191852,5.290369353874247,0.0,fault_low
fit_only_no_clip,11,W1,log_score,case05,case03,4.445162141191852,2.056816761414525,1.0,fault_high
fit_only_no_clip,11,W1,cv,case04,case01,0.0119898991509682,0.0098639052088579,1.0,fault_high
fit_only_no_clip,11,W1,cv,case04,case02,0.0119898991509682,0.0060496804555159,1.0,fault_high
fit_only_no_clip,11,W1,cv,case04,case03,0.0119898991509682,0.115522965041943,0.0,fault_low
fit_only_no_clip,11,W1,cv,case05,case01,0.0107539100636472,0.0098639052088579,1.0,fault_high
fit_only_no_clip,11,W1,cv,case05,case02,0.0107539100636472,0.0060496804555159,1.0,fault_high
fit_only_no_clip,11,W1,cv,case05,case03,0.0107539100636472,0.115522965041943,0.0,fault_low
fit_only_no_clip,11,W1,maha_mean,case04,case01,212.57143341018224,345.4273807740036,0.0,fault_low
fit_only_no_clip,11,W1,maha_mean,case04,case02,212.57143341018224,342.74212927224926,0.0,fault_low
fit_only_no_clip,11,W1,maha_mean,case04,case03,212.57143341018224,11.215486086155984,1.0,fault_high
fit_only_no_clip,11,W1,maha_mean,case05,case01,156.41347190967747,345.4273807740036,0.0,fault_low
fit_only_no_clip,11,W1,maha_mean,case05,case02,156.41347190967747,342.74212927224926,0.0,fault_low
fit_only_no_clip,11,W1,maha_mean,case05,case03,156.41347190967747,11.215486086155984,1.0,fault_high
fit_only_no_clip,11,W1,maha_centroid,case04,case01,212.30096474395637,345.2727034012137,0.0,fault_low
fit_only_no_clip,11,W1,maha_centroid,case04,case02,212.30096474395637,342.59122420295654,0.0,fault_low
fit_only_no_clip,11,W1,maha_centroid,case04,case03,212.30096474395637,4.096178646315027,1.0,fault_high
fit_only_no_clip,11,W1,maha_centroid,case05,case01,156.06779068009033,345.2727034012137,0.0,fault_low
fit_only_no_clip,11,W1,maha_centroid,case05,case02,156.06779068009033,342.59122420295654,0.0,fault_low
fit_only_no_clip,11,W1,maha_centroid,case05,case03,156.06779068009033,4.096178646315027,1.0,fault_high
fit_only_no_clip,11,W1,cov_distance,case04,case01,1.648841540286199,1.9761320303985292,0.0,fault_low
fit_only_no_clip,11,W1,cov_distance,case04,case02,1.648841540286199,1.1285821404301042,1.0,fault_high
fit_only_no_clip,11,W1,cov_distance,case04,case03,1.648841540286199,1.2183250734114377,0.6666666666666666,fault_high
fit_only_no_clip,11,W1,cov_distance,case05,case01,1.2674000906454004,1.9761320303985292,0.0,fault_low
fit_only_no_clip,11,W1,cov_distance,case05,case02,1.2674000906454004,1.1285821404301042,1.0,fault_high
fit_only_no_clip,11,W1,cov_distance,case05,case03,1.2674000906454004,1.2183250734114377,0.6666666666666666,fault_high
fit_only_no_clip,11,W1,corr_distance,case04,case01,0.1063078551254075,0.1336673006366205,0.0,fault_low
fit_only_no_clip,11,W1,corr_distance,case04,case02,0.1063078551254075,0.106894806385477,0.6666666666666666,fault_low
fit_only_no_clip,11,W1,corr_distance,case04,case03,0.1063078551254075,0.10584257242871,1.0,fault_high
fit_only_no_clip,11,W1,corr_distance,case05,case01,0.1021319999468412,0.1336673006366205,0.0,fault_low
fit_only_no_clip,11,W1,corr_distance,case05,case02,0.1021319999468412,0.106894806385477,0.3333333333333333,fault_low
fit_only_no_clip,11,W1,corr_distance,case05,case03,0.1021319999468412,0.10584257242871,0.6666666666666666,fault_low
fit_only_no_clip,11,W1,manip_energy,case04,case01,0.933122334217494,0.7323176881432549,1.0,fault_high
fit_only_no_clip,11,W1,manip_energy,case04,case02,0.933122334217494,0.7359597901655367,1.0,fault_high
fit_only_no_clip,11,W1,manip_energy,case04,case03,0.933122334217494,0.1661348105521506,1.0,fault_high
fit_only_no_clip,11,W1,manip_energy,case05,case01,0.0888569461655396,0.7323176881432549,0.0,fault_low
fit_only_no_clip,11,W1,manip_energy,case05,case02,0.0888569461655396,0.7359597901655367,0.0,fault_low
fit_only_no_clip,11,W1,manip_energy,case05,case03,0.0888569461655396,0.1661348105521506,0.0,fault_low
fit_only_no_clip,11,W1,near_constant_energy,case04,case01,0.0424395050754958,0.4395879728519852,0.0,fault_low
fit_only_no_clip,11,W1,near_constant_energy,case04,case02,0.0424395050754958,0.4456887081497488,0.0,fault_low
fit_only_no_clip,11,W1,near_constant_energy,case04,case03,0.0424395050754958,0.0551870559982187,0.0,fault_low
fit_only_no_clip,11,W1,near_constant_energy,case05,case01,0.0184436503810103,0.4395879728519852,0.0,fault_low
fit_only_no_clip,11,W1,near_constant_energy,case05,case02,0.0184436503810103,0.4456887081497488,0.0,fault_low
fit_only_no_clip,11,W1,near_constant_energy,case05,case03,0.0184436503810103,0.0551870559982187,0.0,fault_low
fit_only_no_clip,11,W1,top5_energy,case04,case01,0.9944781059643524,0.8434055285786735,1.0,fault_high
fit_only_no_clip,11,W1,top5_energy,case04,case02,0.9944781059643524,0.8435295836055776,1.0,fault_high
fit_only_no_clip,11,W1,top5_energy,case04,case03,0.9944781059643524,0.2502233083214321,1.0,fault_high
fit_only_no_clip,11,W1,top5_energy,case05,case01,0.8934594912531322,0.8434055285786735,1.0,fault_high
fit_only_no_clip,11,W1,top5_energy,case05,case02,0.8934594912531322,0.8435295836055776,1.0,fault_high
fit_only_no_clip,11,W1,top5_energy,case05,case03,0.8934594912531322,0.2502233083214321,1.0,fault_high
fit_only_no_clip,11,W1,direction_cosine,case04,case01,0.2888106882027921,-0.174370995137183,1.0,fault_high
fit_only_no_clip,11,W1,direction_cosine,case04,case02,0.2888106882027921,0.16135498024944,1.0,fault_high
fit_only_no_clip,11,W1,direction_cosine,case04,case03,0.2888106882027921,-0.1089303958145921,1.0,fault_high
fit_only_no_clip,11,W1,direction_cosine,case05,case01,-0.0839463310404882,-0.174370995137183,1.0,fault_high
fit_only_no_clip,11,W1,direction_cosine,case05,case02,-0.0839463310404882,0.16135498024944,0.0,fault_low
fit_only_no_clip,11,W1,direction_cosine,case05,case03,-0.0839463310404882,-0.1089303958145921,1.0,fault_high
fit_only_no_clip,11,W2_f0995,log_score,case04,case01,4.81489168555018,5.298689229154848,0.0,fault_low
fit_only_no_clip,11,W2_f0995,log_score,case04,case02,4.81489168555018,5.290625660228101,0.0,fault_low
fit_only_no_clip,11,W2_f0995,log_score,case04,case03,4.81489168555018,2.037106432562507,1.0,fault_high
fit_only_no_clip,11,W2_f0995,log_score,case05,case01,4.449547816574697,5.298689229154848,0.0,fault_low
fit_only_no_clip,11,W2_f0995,log_score,case05,case02,4.449547816574697,5.290625660228101,0.0,fault_low
fit_only_no_clip,11,W2_f0995,log_score,case05,case03,4.449547816574697,2.037106432562507,1.0,fault_high
fit_only_no_clip,11,W2_f0995,cv,case04,case01,0.0120304059725467,0.0099378599099102,1.0,fault_high
fit_only_no_clip,11,W2_f0995,cv,case04,case02,0.0120304059725467,0.0060529115550353,1.0,fault_high
fit_only_no_clip,11,W2_f0995,cv,case04,case03,0.0120304059725467,0.1228457524218517,0.0,fault_low
fit_only_no_clip,11,W2_f0995,cv,case05,case01,0.0106519775704498,0.0099378599099102,1.0,fault_high
fit_only_no_clip,11,W2_f0995,cv,case05,case02,0.0106519775704498,0.0060529115550353,1.0,fault_high
fit_only_no_clip,11,W2_f0995,cv,case05,case03,0.0106519775704498,0.1228457524218517,0.0,fault_low
fit_only_no_clip,11,W2_f0995,maha_mean,case04,case01,130.87834024599337,237.89823697038048,0.0,fault_low
fit_only_no_clip,11,W2_f0995,maha_mean,case04,case02,130.87834024599337,235.09904247814944,0.0,fault_low
fit_only_no_clip,11,W2_f0995,maha_mean,case04,case03,130.87834024599337,8.362674072837994,1.0,fault_high
fit_only_no_clip,11,W2_f0995,maha_mean,case05,case01,109.66569870681496,237.89823697038048,0.0,fault_low
fit_only_no_clip,11,W2_f0995,maha_mean,case05,case02,109.66569870681496,235.09904247814944,0.0,fault_low
fit_only_no_clip,11,W2_f0995,maha_mean,case05,case03,109.66569870681496,8.362674072837994,1.0,fault_high
fit_only_no_clip,11,W2_f0995,maha_centroid,case04,case01,130.65278392573302,237.7720613655121,0.0,fault_low
fit_only_no_clip,11,W2_f0995,maha_centroid,case04,case02,130.65278392573302,234.9731818413101,0.0,fault_low
fit_only_no_clip,11,W2_f0995,maha_centroid,case04,case03,130.65278392573302,3.3026413277049813,1.0,fault_high
fit_only_no_clip,11,W2_f0995,maha_centroid,case05,case01,109.44295314067948,237.7720613655121,0.0,fault_low
fit_only_no_clip,11,W2_f0995,maha_centroid,case05,case02,109.44295314067948,234.9731818413101,0.0,fault_low
fit_only_no_clip,11,W2_f0995,maha_centroid,case05,case03,109.44295314067948,3.3026413277049813,1.0,fault_high
fit_only_no_clip,11,W2_f0995,cov_distance,case04,case01,0.6802124043370977,1.1243007323953145,0.0,fault_low
fit_only_no_clip,11,W2_f0995,cov_distance,case04,case02,0.6802124043370977,0.6042902816934003,0.6666666666666666,fault_high
fit_only_no_clip,11,W2_f0995,cov_distance,case04,case03,0.6802124043370977,0.728089174533381,0.6666666666666666,fault_low
fit_only_no_clip,11,W2_f0995,cov_distance,case05,case01,0.6791156432701855,1.1243007323953145,0.0,fault_low
fit_only_no_clip,11,W2_f0995,cov_distance,case05,case02,0.6791156432701855,0.6042902816934003,1.0,fault_high
fit_only_no_clip,11,W2_f0995,cov_distance,case05,case03,0.6791156432701855,0.728089174533381,0.3333333333333333,fault_low
fit_only_no_clip,11,W2_f0995,corr_distance,case04,case01,0.1033770727457941,0.1225639040932231,0.0,fault_low
fit_only_no_clip,11,W2_f0995,corr_distance,case04,case02,0.1033770727457941,0.0993734843940097,0.6666666666666666,fault_high
fit_only_no_clip,11,W2_f0995,corr_distance,case04,case03,0.1033770727457941,0.1050526272822669,0.3333333333333333,fault_low
fit_only_no_clip,11,W2_f0995,corr_distance,case05,case01,0.1185711358947117,0.1225639040932231,0.3333333333333333,fault_low
fit_only_no_clip,11,W2_f0995,corr_distance,case05,case02,0.1185711358947117,0.0993734843940097,1.0,fault_high
fit_only_no_clip,11,W2_f0995,corr_distance,case05,case03,0.1185711358947117,0.1050526272822669,1.0,fault_high
fit_only_no_clip,11,W2_f0995,manip_energy,case04,case01,0.9328029090378503,0.7314355670482214,1.0,fault_high
fit_only_no_clip,11,W2_f0995,manip_energy,case04,case02,0.9328029090378503,0.7349762767595865,1.0,fault_high
fit_only_no_clip,11,W2_f0995,manip_energy,case04,case03,0.9328029090378503,0.1939055863968866,1.0,fault_high
fit_only_no_clip,11,W2_f0995,manip_energy,case05,case01,0.0917598400623257,0.7314355670482214,0.0,fault_low
fit_only_no_clip,11,W2_f0995,manip_energy,case05,case02,0.0917598400623257,0.7349762767595865,0.0,fault_low
fit_only_no_clip,11,W2_f0995,manip_energy,case05,case03,0.0917598400623257,0.1939055863968866,0.0,fault_low
fit_only_no_clip,11,W2_f0995,near_constant_energy,case04,case01,0.0423750277409882,0.4382353038757178,0.0,fault_low
fit_only_no_clip,11,W2_f0995,near_constant_energy,case04,case02,0.0423750277409882,0.4413670999094342,0.0,fault_low
fit_only_no_clip,11,W2_f0995,near_constant_energy,case04,case03,0.0423750277409882,0.0563059011753423,0.0,fault_low
fit_only_no_clip,11,W2_f0995,near_constant_energy,case05,case01,0.0187858843390696,0.4382353038757178,0.0,fault_low
fit_only_no_clip,11,W2_f0995,near_constant_energy,case05,case02,0.0187858843390696,0.4413670999094342,0.0,fault_low
fit_only_no_clip,11,W2_f0995,near_constant_energy,case05,case03,0.0187858843390696,0.0563059011753423,0.0,fault_low
fit_only_no_clip,11,W2_f0995,top5_energy,case04,case01,0.994591458548754,0.8443494020444774,1.0,fault_high
fit_only_no_clip,11,W2_f0995,top5_energy,case04,case02,0.994591458548754,0.8457452656890617,1.0,fault_high
fit_only_no_clip,11,W2_f0995,top5_energy,case04,case03,0.994591458548754,0.2657222370570417,1.0,fault_high
fit_only_no_clip,11,W2_f0995,top5_energy,case05,case01,0.892688998242629,0.8443494020444774,1.0,fault_high
fit_only_no_clip,11,W2_f0995,top5_energy,case05,case02,0.892688998242629,0.8457452656890617,1.0,fault_high
fit_only_no_clip,11,W2_f0995,top5_energy,case05,case03,0.892688998242629,0.2657222370570417,1.0,fault_high
fit_only_no_clip,11,W2_f0995,direction_cosine,case04,case01,-0.0793781117412143,-0.2588917804877451,1.0,fault_high
fit_only_no_clip,11,W2_f0995,direction_cosine,case04,case02,-0.0793781117412143,0.2559879794036917,0.0,fault_low
fit_only_no_clip,11,W2_f0995,direction_cosine,case04,case03,-0.0793781117412143,0.0583686452517348,0.3333333333333333,fault_low
fit_only_no_clip,11,W2_f0995,direction_cosine,case05,case01,-0.3220666333868868,-0.2588917804877451,0.0,fault_low
fit_only_no_clip,11,W2_f0995,direction_cosine,case05,case02,-0.3220666333868868,0.2559879794036917,0.0,fault_low
fit_only_no_clip,11,W2_f0995,direction_cosine,case05,case03,-0.3220666333868868,0.0583686452517348,0.0,fault_low
fit_only_no_clip,11,W3_b01,log_score,case04,case01,4.814051353100998,5.297642138713528,0.0,fault_low
fit_only_no_clip,11,W3_b01,log_score,case04,case02,4.814051353100998,5.288889782714126,0.0,fault_low
fit_only_no_clip,11,W3_b01,log_score,case04,case03,4.814051353100998,2.013269995631459,1.0,fault_high
fit_only_no_clip,11,W3_b01,log_score,case05,case01,4.448605458764821,5.297642138713528,0.0,fault_low
fit_only_no_clip,11,W3_b01,log_score,case05,case02,4.448605458764821,5.288889782714126,0.0,fault_low
fit_only_no_clip,11,W3_b01,log_score,case05,case03,4.448605458764821,2.013269995631459,1.0,fault_high
fit_only_no_clip,11,W3_b01,cv,case04,case01,0.0120362705219493,0.0099179685798336,1.0,fault_high
fit_only_no_clip,11,W3_b01,cv,case04,case02,0.0120362705219493,0.0060528077882975,1.0,fault_high
fit_only_no_clip,11,W3_b01,cv,case04,case03,0.0120362705219493,0.1163028687546239,0.0,fault_low
fit_only_no_clip,11,W3_b01,cv,case05,case01,0.0106827414578229,0.0099179685798336,1.0,fault_high
fit_only_no_clip,11,W3_b01,cv,case05,case02,0.0106827414578229,0.0060528077882975,1.0,fault_high
fit_only_no_clip,11,W3_b01,cv,case05,case03,0.0106827414578229,0.1163028687546239,0.0,fault_low
fit_only_no_clip,11,W3_b01,maha_mean,case04,case01,142.3665599217256,256.0201031045227,0.0,fault_low
fit_only_no_clip,11,W3_b01,maha_mean,case04,case02,142.3665599217256,253.3373588712549,0.0,fault_low
fit_only_no_clip,11,W3_b01,maha_mean,case04,case03,142.3665599217256,8.712488510358448,1.0,fault_high
fit_only_no_clip,11,W3_b01,maha_mean,case05,case01,115.9701739841354,256.0201031045227,0.0,fault_low
fit_only_no_clip,11,W3_b01,maha_mean,case05,case02,115.9701739841354,253.3373588712549,0.0,fault_low
fit_only_no_clip,11,W3_b01,maha_mean,case05,case03,115.9701739841354,8.712488510358448,1.0,fault_high
fit_only_no_clip,11,W3_b01,maha_centroid,case04,case01,142.1337320019314,255.88956617092904,0.0,fault_low
fit_only_no_clip,11,W3_b01,maha_centroid,case04,case02,142.1337320019314,253.2066784099409,0.0,fault_low
fit_only_no_clip,11,W3_b01,maha_centroid,case04,case03,142.1337320019314,3.4776037937405944,1.0,fault_high
fit_only_no_clip,11,W3_b01,maha_centroid,case05,case01,115.73881438434776,255.88956617092904,0.0,fault_low
fit_only_no_clip,11,W3_b01,maha_centroid,case05,case02,115.73881438434776,253.2066784099409,0.0,fault_low
fit_only_no_clip,11,W3_b01,maha_centroid,case05,case03,115.73881438434776,3.4776037937405944,1.0,fault_high
fit_only_no_clip,11,W3_b01,cov_distance,case04,case01,0.8290546577143131,1.3188420658478166,0.0,fault_low
fit_only_no_clip,11,W3_b01,cov_distance,case04,case02,0.8290546577143131,0.7012633931677259,0.6666666666666666,fault_high
fit_only_no_clip,11,W3_b01,cov_distance,case04,case03,0.8290546577143131,0.7866309762302389,0.6666666666666666,fault_high
fit_only_no_clip,11,W3_b01,cov_distance,case05,case01,0.7663644310922495,1.3188420658478166,0.0,fault_low
fit_only_no_clip,11,W3_b01,cov_distance,case05,case02,0.7663644310922495,0.7012633931677259,1.0,fault_high
fit_only_no_clip,11,W3_b01,cov_distance,case05,case03,0.7663644310922495,0.7866309762302389,0.3333333333333333,fault_low
fit_only_no_clip,11,W3_b01,corr_distance,case04,case01,0.1051163818558909,0.1211187340277763,0.0,fault_low
fit_only_no_clip,11,W3_b01,corr_distance,case04,case02,0.1051163818558909,0.0981239652336376,1.0,fault_high
fit_only_no_clip,11,W3_b01,corr_distance,case04,case03,0.1051163818558909,0.1041431934354066,0.3333333333333333,fault_high
fit_only_no_clip,11,W3_b01,corr_distance,case05,case01,0.121688082006827,0.1211187340277763,0.3333333333333333,fault_high
fit_only_no_clip,11,W3_b01,corr_distance,case05,case02,0.121688082006827,0.0981239652336376,1.0,fault_high
fit_only_no_clip,11,W3_b01,corr_distance,case05,case03,0.121688082006827,0.1041431934354066,1.0,fault_high
fit_only_no_clip,11,W3_b01,manip_energy,case04,case01,0.9334960171197204,0.7290737970074556,1.0,fault_high
fit_only_no_clip,11,W3_b01,manip_energy,case04,case02,0.9334960171197204,0.7340283779442388,1.0,fault_high
fit_only_no_clip,11,W3_b01,manip_energy,case04,case03,0.9334960171197204,0.1830950199727321,1.0,fault_high
fit_only_no_clip,11,W3_b01,manip_energy,case05,case01,0.0962052647665893,0.7290737970074556,0.0,fault_low
fit_only_no_clip,11,W3_b01,manip_energy,case05,case02,0.0962052647665893,0.7340283779442388,0.0,fault_low
fit_only_no_clip,11,W3_b01,manip_energy,case05,case03,0.0962052647665893,0.1830950199727321,0.0,fault_low
fit_only_no_clip,11,W3_b01,near_constant_energy,case04,case01,0.0423920511622254,0.4369811537638189,0.0,fault_low
fit_only_no_clip,11,W3_b01,near_constant_energy,case04,case02,0.0423920511622254,0.441153441060063,0.0,fault_low
fit_only_no_clip,11,W3_b01,near_constant_energy,case04,case03,0.0423920511622254,0.056672548092193,0.0,fault_low
fit_only_no_clip,11,W3_b01,near_constant_energy,case05,case01,0.0195595066899717,0.4369811537638189,0.0,fault_low
fit_only_no_clip,11,W3_b01,near_constant_energy,case05,case02,0.0195595066899717,0.441153441060063,0.0,fault_low
fit_only_no_clip,11,W3_b01,near_constant_energy,case05,case03,0.0195595066899717,0.056672548092193,0.0,fault_low
fit_only_no_clip,11,W3_b01,top5_energy,case04,case01,0.9945062460618144,0.8424171021196795,1.0,fault_high
fit_only_no_clip,11,W3_b01,top5_energy,case04,case02,0.9945062460618144,0.8453122136109992,1.0,fault_high
fit_only_no_clip,11,W3_b01,top5_energy,case04,case03,0.9945062460618144,0.2539947196768973,1.0,fault_high
fit_only_no_clip,11,W3_b01,top5_energy,case05,case01,0.8888658698370875,0.8424171021196795,1.0,fault_high
fit_only_no_clip,11,W3_b01,top5_energy,case05,case02,0.8888658698370875,0.8453122136109992,1.0,fault_high
fit_only_no_clip,11,W3_b01,top5_energy,case05,case03,0.8888658698370875,0.2539947196768973,1.0,fault_high
fit_only_no_clip,11,W3_b01,direction_cosine,case04,case01,-0.0515941124368747,0.0757551926891595,0.0,fault_low
fit_only_no_clip,11,W3_b01,direction_cosine,case04,case02,-0.0515941124368747,-0.0660180492838929,1.0,fault_high
fit_only_no_clip,11,W3_b01,direction_cosine,case04,case03,-0.0515941124368747,0.208403776772273,0.0,fault_low
fit_only_no_clip,11,W3_b01,direction_cosine,case05,case01,-0.2313688425070823,0.0757551926891595,0.0,fault_low
fit_only_no_clip,11,W3_b01,direction_cosine,case05,case02,-0.2313688425070823,-0.0660180492838929,0.0,fault_low
fit_only_no_clip,11,W3_b01,direction_cosine,case05,case03,-0.2313688425070823,0.208403776772273,0.0,fault_low
fit_only_no_clip,22,W1,log_score,case04,case01,4.805493194794631,5.297702105950312,0.0,fault_low
fit_only_no_clip,22,W1,log_score,case04,case02,4.805493194794631,5.28535151418586,0.0,fault_low
fit_only_no_clip,22,W1,log_score,case04,case03,4.805493194794631,2.0536548665351253,1.0,fault_high
fit_only_no_clip,22,W1,log_score,case05,case01,4.446273817964826,5.297702105950312,0.0,fault_low
fit_only_no_clip,22,W1,log_score,case05,case02,4.446273817964826,5.28535151418586,0.0,fault_low
fit_only_no_clip,22,W1,log_score,case05,case03,4.446273817964826,2.0536548665351253,1.0,fault_high
fit_only_no_clip,22,W1,cv,case04,case01,0.0122542030087092,0.0099976802425307,1.0,fault_high
fit_only_no_clip,22,W1,cv,case04,case02,0.0122542030087092,0.0060727398407641,1.0,fault_high
fit_only_no_clip,22,W1,cv,case04,case03,0.0122542030087092,0.1155367079243719,0.0,fault_low
fit_only_no_clip,22,W1,cv,case05,case01,0.0105613254777277,0.0099976802425307,0.6666666666666666,fault_high
fit_only_no_clip,22,W1,cv,case05,case02,0.0105613254777277,0.0060727398407641,1.0,fault_high
fit_only_no_clip,22,W1,cv,case05,case03,0.0105613254777277,0.1155367079243719,0.0,fault_low
fit_only_no_clip,22,W1,maha_mean,case04,case01,223.50372496787696,352.8836792761624,0.0,fault_low
fit_only_no_clip,22,W1,maha_mean,case04,case02,223.50372496787696,349.0938993400263,0.0,fault_low
fit_only_no_clip,22,W1,maha_mean,case04,case03,223.50372496787696,11.215934536377258,1.0,fault_high
fit_only_no_clip,22,W1,maha_mean,case05,case01,152.3911736763862,352.8836792761624,0.0,fault_low
fit_only_no_clip,22,W1,maha_mean,case05,case02,152.3911736763862,349.0938993400263,0.0,fault_low
fit_only_no_clip,22,W1,maha_mean,case05,case03,152.3911736763862,11.215934536377258,1.0,fault_high
fit_only_no_clip,22,W1,maha_centroid,case04,case01,223.2559004461394,352.73037448448605,0.0,fault_low
fit_only_no_clip,22,W1,maha_centroid,case04,case02,223.2559004461394,348.9396098018391,0.0,fault_low
fit_only_no_clip,22,W1,maha_centroid,case04,case03,223.2559004461394,3.846841401520495,1.0,fault_high
fit_only_no_clip,22,W1,maha_centroid,case05,case01,152.02610482655058,352.73037448448605,0.0,fault_low
fit_only_no_clip,22,W1,maha_centroid,case05,case02,152.02610482655058,348.9396098018391,0.0,fault_low
fit_only_no_clip,22,W1,maha_centroid,case05,case03,152.02610482655058,3.846841401520495,1.0,fault_high
fit_only_no_clip,22,W1,cov_distance,case04,case01,1.5215855884385596,2.099520150294438,0.0,fault_low
fit_only_no_clip,22,W1,cov_distance,case04,case02,1.5215855884385596,1.2034324639568703,0.6666666666666666,fault_high
fit_only_no_clip,22,W1,cov_distance,case04,case03,1.5215855884385596,1.245196408846626,0.6666666666666666,fault_high
fit_only_no_clip,22,W1,cov_distance,case05,case01,1.3321170490110696,2.099520150294438,0.0,fault_low
fit_only_no_clip,22,W1,cov_distance,case05,case02,1.3321170490110696,1.2034324639568703,1.0,fault_high
fit_only_no_clip,22,W1,cov_distance,case05,case03,1.3321170490110696,1.245196408846626,0.6666666666666666,fault_high
fit_only_no_clip,22,W1,corr_distance,case04,case01,0.1054840779103941,0.1295512433930152,0.0,fault_low
fit_only_no_clip,22,W1,corr_distance,case04,case02,0.1054840779103941,0.1068860855535537,0.6666666666666666,fault_low
fit_only_no_clip,22,W1,corr_distance,case04,case03,0.1054840779103941,0.0990972675867268,1.0,fault_high
fit_only_no_clip,22,W1,corr_distance,case05,case01,0.1080021305519407,0.1295512433930152,0.3333333333333333,fault_low
fit_only_no_clip,22,W1,corr_distance,case05,case02,0.1080021305519407,0.1068860855535537,0.3333333333333333,fault_high
fit_only_no_clip,22,W1,corr_distance,case05,case03,0.1080021305519407,0.0990972675867268,1.0,fault_high
fit_only_no_clip,22,W1,manip_energy,case04,case01,0.9323362608948212,0.7274407710802294,1.0,fault_high
fit_only_no_clip,22,W1,manip_energy,case04,case02,0.9323362608948212,0.7344335473940131,1.0,fault_high
fit_only_no_clip,22,W1,manip_energy,case04,case03,0.9323362608948212,0.1687386230594004,1.0,fault_high
fit_only_no_clip,22,W1,manip_energy,case05,case01,0.087760390407758,0.7274407710802294,0.0,fault_low
fit_only_no_clip,22,W1,manip_energy,case05,case02,0.087760390407758,0.7344335473940131,0.0,fault_low
fit_only_no_clip,22,W1,manip_energy,case05,case03,0.087760390407758,0.1687386230594004,0.0,fault_low
fit_only_no_clip,22,W1,near_constant_energy,case04,case01,0.0425326298767969,0.4355117202417877,0.0,fault_low
fit_only_no_clip,22,W1,near_constant_energy,case04,case02,0.0425326298767969,0.4413005001495126,0.0,fault_low
fit_only_no_clip,22,W1,near_constant_energy,case04,case03,0.0425326298767969,0.0564036187299375,0.0,fault_low
fit_only_no_clip,22,W1,near_constant_energy,case05,case01,0.0179487224689898,0.4355117202417877,0.0,fault_low
fit_only_no_clip,22,W1,near_constant_energy,case05,case02,0.0179487224689898,0.4413005001495126,0.0,fault_low
fit_only_no_clip,22,W1,near_constant_energy,case05,case03,0.0179487224689898,0.0564036187299375,0.0,fault_low
fit_only_no_clip,22,W1,top5_energy,case04,case01,0.9939803205276778,0.8431555446853016,1.0,fault_high
fit_only_no_clip,22,W1,top5_energy,case04,case02,0.9939803205276778,0.8453891515241997,1.0,fault_high
fit_only_no_clip,22,W1,top5_energy,case04,case03,0.9939803205276778,0.2445758439819534,1.0,fault_high
fit_only_no_clip,22,W1,top5_energy,case05,case01,0.8967407848874831,0.8431555446853016,1.0,fault_high
fit_only_no_clip,22,W1,top5_energy,case05,case02,0.8967407848874831,0.8453891515241997,1.0,fault_high
fit_only_no_clip,22,W1,top5_energy,case05,case03,0.8967407848874831,0.2445758439819534,1.0,fault_high
fit_only_no_clip,22,W1,direction_cosine,case04,case01,-0.0361715649172616,-0.1271292601743863,1.0,fault_high
fit_only_no_clip,22,W1,direction_cosine,case04,case02,-0.0361715649172616,0.1229059599058903,0.0,fault_low
fit_only_no_clip,22,W1,direction_cosine,case04,case03,-0.0361715649172616,0.0431706993212271,0.0,fault_low
fit_only_no_clip,22,W1,direction_cosine,case05,case01,0.0213970213560826,-0.1271292601743863,1.0,fault_high
fit_only_no_clip,22,W1,direction_cosine,case05,case02,0.0213970213560826,0.1229059599058903,0.0,fault_low
fit_only_no_clip,22,W1,direction_cosine,case05,case03,0.0213970213560826,0.0431706993212271,0.0,fault_low
fit_only_no_clip,22,W2_f0995,log_score,case04,case01,4.814877755477209,5.298824099978215,0.0,fault_low
fit_only_no_clip,22,W2_f0995,log_score,case04,case02,4.814877755477209,5.290772123594941,0.0,fault_low
fit_only_no_clip,22,W2_f0995,log_score,case04,case03,4.814877755477209,2.036986019598907,1.0,fault_high
fit_only_no_clip,22,W2_f0995,log_score,case05,case01,4.449847642765493,5.298824099978215,0.0,fault_low
fit_only_no_clip,22,W2_f0995,log_score,case05,case02,4.449847642765493,5.290772123594941,0.0,fault_low
fit_only_no_clip,22,W2_f0995,log_score,case05,case03,4.449847642765493,2.036986019598907,1.0,fault_high
fit_only_no_clip,22,W2_f0995,cv,case04,case01,0.0120302148154073,0.0099390102069341,1.0,fault_high
fit_only_no_clip,22,W2_f0995,cv,case04,case02,0.0120302148154073,0.0060518903560388,1.0,fault_high
fit_only_no_clip,22,W2_f0995,cv,case04,case03,0.0120302148154073,0.1226605362358213,0.0,fault_low
fit_only_no_clip,22,W2_f0995,cv,case05,case01,0.0106555470078416,0.0099390102069341,1.0,fault_high
fit_only_no_clip,22,W2_f0995,cv,case05,case02,0.0106555470078416,0.0060518903560388,1.0,fault_high
fit_only_no_clip,22,W2_f0995,cv,case05,case03,0.0106555470078416,0.1226605362358213,0.0,fault_low
fit_only_no_clip,22,W2_f0995,maha_mean,case04,case01,130.64888927034673,238.13414068480336,0.0,fault_low
fit_only_no_clip,22,W2_f0995,maha_mean,case04,case02,130.64888927034673,235.33878526516585,0.0,fault_low
fit_only_no_clip,22,W2_f0995,maha_mean,case04,case03,130.64888927034673,8.361763684469025,1.0,fault_high
fit_only_no_clip,22,W2_f0995,maha_mean,case05,case01,109.55525284479124,238.13414068480336,0.0,fault_low
fit_only_no_clip,22,W2_f0995,maha_mean,case05,case02,109.55525284479124,235.33878526516585,0.0,fault_low
fit_only_no_clip,22,W2_f0995,maha_mean,case05,case03,109.55525284479124,8.361763684469025,1.0,fault_high
fit_only_no_clip,22,W2_f0995,maha_centroid,case04,case01,130.42318180361133,238.0080928152892,0.0,fault_low
fit_only_no_clip,22,W2_f0995,maha_centroid,case04,case02,130.42318180361133,235.2130791529024,0.0,fault_low
fit_only_no_clip,22,W2_f0995,maha_centroid,case04,case03,130.42318180361133,3.3022007192812817,1.0,fault_high
fit_only_no_clip,22,W2_f0995,maha_centroid,case05,case01,109.33224191365484,238.0080928152892,0.0,fault_low
fit_only_no_clip,22,W2_f0995,maha_centroid,case05,case02,109.33224191365484,235.2130791529024,0.0,fault_low
fit_only_no_clip,22,W2_f0995,maha_centroid,case05,case03,109.33224191365484,3.3022007192812817,1.0,fault_high
fit_only_no_clip,22,W2_f0995,cov_distance,case04,case01,0.6775768242994115,1.1242566289324651,0.0,fault_low
fit_only_no_clip,22,W2_f0995,cov_distance,case04,case02,0.6775768242994115,0.6056161883428689,0.6666666666666666,fault_high
fit_only_no_clip,22,W2_f0995,cov_distance,case04,case03,0.6775768242994115,0.7285318169133066,0.6666666666666666,fault_low
fit_only_no_clip,22,W2_f0995,cov_distance,case05,case01,0.680766857298307,1.1242566289324651,0.0,fault_low
fit_only_no_clip,22,W2_f0995,cov_distance,case05,case02,0.680766857298307,0.6056161883428689,1.0,fault_high
fit_only_no_clip,22,W2_f0995,cov_distance,case05,case03,0.680766857298307,0.7285318169133066,0.3333333333333333,fault_low
fit_only_no_clip,22,W2_f0995,corr_distance,case04,case01,0.1034935510529155,0.1226765670635624,0.0,fault_low
fit_only_no_clip,22,W2_f0995,corr_distance,case04,case02,0.1034935510529155,0.0995142445089854,0.6666666666666666,fault_high
fit_only_no_clip,22,W2_f0995,corr_distance,case04,case03,0.1034935510529155,0.1051173371394302,0.3333333333333333,fault_low
fit_only_no_clip,22,W2_f0995,corr_distance,case05,case01,0.1187838388591941,0.1226765670635624,0.3333333333333333,fault_low
fit_only_no_clip,22,W2_f0995,corr_distance,case05,case02,0.1187838388591941,0.0995142445089854,1.0,fault_high
fit_only_no_clip,22,W2_f0995,corr_distance,case05,case03,0.1187838388591941,0.1051173371394302,1.0,fault_high
fit_only_no_clip,22,W2_f0995,manip_energy,case04,case01,0.9328364187118676,0.7312863850291561,1.0,fault_high
fit_only_no_clip,22,W2_f0995,manip_energy,case04,case02,0.9328364187118676,0.7350093149298526,1.0,fault_high
fit_only_no_clip,22,W2_f0995,manip_energy,case04,case03,0.9328364187118676,0.1936644081225147,1.0,fault_high
fit_only_no_clip,22,W2_f0995,manip_energy,case05,case01,0.0918704880843001,0.7312863850291561,0.0,fault_low
fit_only_no_clip,22,W2_f0995,manip_energy,case05,case02,0.0918704880843001,0.7350093149298526,0.0,fault_low
fit_only_no_clip,22,W2_f0995,manip_energy,case05,case03,0.0918704880843001,0.1936644081225147,0.0,fault_low
fit_only_no_clip,22,W2_f0995,near_constant_energy,case04,case01,0.0423815859598979,0.4380505086884815,0.0,fault_low
fit_only_no_clip,22,W2_f0995,near_constant_energy,case04,case02,0.0423815859598979,0.4413189799160165,0.0,fault_low
fit_only_no_clip,22,W2_f0995,near_constant_energy,case04,case03,0.0423815859598979,0.056225200361835,0.0,fault_low
fit_only_no_clip,22,W2_f0995,near_constant_energy,case05,case01,0.0187745908089315,0.4380505086884815,0.0,fault_low
fit_only_no_clip,22,W2_f0995,near_constant_energy,case05,case02,0.0187745908089315,0.4413189799160165,0.0,fault_low
fit_only_no_clip,22,W2_f0995,near_constant_energy,case05,case03,0.0187745908089315,0.056225200361835,0.0,fault_low
fit_only_no_clip,22,W2_f0995,top5_energy,case04,case01,0.994621159647045,0.8443529405840807,1.0,fault_high
fit_only_no_clip,22,W2_f0995,top5_energy,case04,case02,0.994621159647045,0.8456865538692205,1.0,fault_high
fit_only_no_clip,22,W2_f0995,top5_energy,case04,case03,0.994621159647045,0.265813364669347,1.0,fault_high
fit_only_no_clip,22,W2_f0995,top5_energy,case05,case01,0.8926760766147391,0.8443529405840807,1.0,fault_high
fit_only_no_clip,22,W2_f0995,top5_energy,case05,case02,0.8926760766147391,0.8456865538692205,1.0,fault_high
fit_only_no_clip,22,W2_f0995,top5_energy,case05,case03,0.8926760766147391,0.265813364669347,1.0,fault_high
fit_only_no_clip,22,W2_f0995,direction_cosine,case04,case01,-0.0940611383393991,-0.2664501661983893,1.0,fault_high
fit_only_no_clip,22,W2_f0995,direction_cosine,case04,case02,-0.0940611383393991,0.2634757114695632,0.0,fault_low
fit_only_no_clip,22,W2_f0995,direction_cosine,case04,case03,-0.0940611383393991,0.0426674809382205,0.3333333333333333,fault_low
fit_only_no_clip,22,W2_f0995,direction_cosine,case05,case01,-0.3153655227626584,-0.2664501661983893,0.0,fault_low
fit_only_no_clip,22,W2_f0995,direction_cosine,case05,case02,-0.3153655227626584,0.2634757114695632,0.0,fault_low
fit_only_no_clip,22,W2_f0995,direction_cosine,case05,case03,-0.3153655227626584,0.0426674809382205,0.0,fault_low
fit_only_no_clip,22,W3_b01,log_score,case04,case01,4.813266670167724,5.299215161398798,0.0,fault_low
fit_only_no_clip,22,W3_b01,log_score,case04,case02,4.813266670167724,5.290157553632827,0.0,fault_low
fit_only_no_clip,22,W3_b01,log_score,case04,case03,4.813266670167724,2.0117795692958853,1.0,fault_high
fit_only_no_clip,22,W3_b01,log_score,case05,case01,4.450561383868772,5.299215161398798,0.0,fault_low
fit_only_no_clip,22,W3_b01,log_score,case05,case02,4.450561383868772,5.290157553632827,0.0,fault_low
fit_only_no_clip,22,W3_b01,log_score,case05,case03,4.450561383868772,2.0117795692958853,1.0,fault_high
fit_only_no_clip,22,W3_b01,cv,case04,case01,0.0120320467712621,0.0099104927141906,1.0,fault_high
fit_only_no_clip,22,W3_b01,cv,case04,case02,0.0120320467712621,0.0060561334989961,1.0,fault_high
fit_only_no_clip,22,W3_b01,cv,case04,case03,0.0120320467712621,0.1186458439969511,0.0,fault_low
fit_only_no_clip,22,W3_b01,cv,case05,case01,0.0107036209220698,0.0099104927141906,1.0,fault_high
fit_only_no_clip,22,W3_b01,cv,case05,case02,0.0107036209220698,0.0060561334989961,1.0,fault_high
fit_only_no_clip,22,W3_b01,cv,case05,case03,0.0107036209220698,0.1186458439969511,0.0,fault_low
fit_only_no_clip,22,W3_b01,maha_mean,case04,case01,139.70354571933055,259.0969255693633,0.0,fault_low
fit_only_no_clip,22,W3_b01,maha_mean,case04,case02,139.70354571933055,256.224381732889,0.0,fault_low
fit_only_no_clip,22,W3_b01,maha_mean,case04,case03,139.70354571933055,8.685940250552523,1.0,fault_high
fit_only_no_clip,22,W3_b01,maha_mean,case05,case01,114.30263652682362,259.0969255693633,0.0,fault_low
fit_only_no_clip,22,W3_b01,maha_mean,case05,case02,114.30263652682362,256.224381732889,0.0,fault_low
fit_only_no_clip,22,W3_b01,maha_mean,case05,case03,114.30263652682362,8.685940250552523,1.0,fault_high
fit_only_no_clip,22,W3_b01,maha_centroid,case04,case01,139.46596624569816,258.9674955161619,0.0,fault_low
fit_only_no_clip,22,W3_b01,maha_centroid,case04,case02,139.46596624569816,256.09519897569254,0.0,fault_low
fit_only_no_clip,22,W3_b01,maha_centroid,case04,case03,139.46596624569816,3.4369295878761585,1.0,fault_high
fit_only_no_clip,22,W3_b01,maha_centroid,case05,case01,114.06674003762105,258.9674955161619,0.0,fault_low
fit_only_no_clip,22,W3_b01,maha_centroid,case05,case02,114.06674003762105,256.09519897569254,0.0,fault_low
fit_only_no_clip,22,W3_b01,maha_centroid,case05,case03,114.06674003762105,3.4369295878761585,1.0,fault_high
fit_only_no_clip,22,W3_b01,cov_distance,case04,case01,0.8140734081806731,1.317004973428258,0.0,fault_low
fit_only_no_clip,22,W3_b01,cov_distance,case04,case02,0.8140734081806731,0.7098418038862698,0.6666666666666666,fault_high
fit_only_no_clip,22,W3_b01,cov_distance,case04,case03,0.8140734081806731,0.7856945349659893,0.6666666666666666,fault_high
fit_only_no_clip,22,W3_b01,cov_distance,case05,case01,0.776405835304221,1.317004973428258,0.0,fault_low
fit_only_no_clip,22,W3_b01,cov_distance,case05,case02,0.776405835304221,0.7098418038862698,1.0,fault_high
fit_only_no_clip,22,W3_b01,cov_distance,case05,case03,0.776405835304221,0.7856945349659893,0.3333333333333333,fault_low
fit_only_no_clip,22,W3_b01,corr_distance,case04,case01,0.1036764555253974,0.1213643642980084,0.0,fault_low
fit_only_no_clip,22,W3_b01,corr_distance,case04,case02,0.1036764555253974,0.0989358372475942,1.0,fault_high
fit_only_no_clip,22,W3_b01,corr_distance,case04,case03,0.1036764555253974,0.1057717388604119,0.3333333333333333,fault_low
fit_only_no_clip,22,W3_b01,corr_distance,case05,case01,0.1231824843645702,0.1213643642980084,0.3333333333333333,fault_high
fit_only_no_clip,22,W3_b01,corr_distance,case05,case02,0.1231824843645702,0.0989358372475942,1.0,fault_high
fit_only_no_clip,22,W3_b01,corr_distance,case05,case03,0.1231824843645702,0.1057717388604119,1.0,fault_high
fit_only_no_clip,22,W3_b01,manip_energy,case04,case01,0.9339806654716106,0.7284422769106017,1.0,fault_high
fit_only_no_clip,22,W3_b01,manip_energy,case04,case02,0.9339806654716106,0.7347407713135603,1.0,fault_high
fit_only_no_clip,22,W3_b01,manip_energy,case04,case03,0.9339806654716106,0.1813988795694023,1.0,fault_high
fit_only_no_clip,22,W3_b01,manip_energy,case05,case01,0.096876732276918,0.7284422769106017,0.0,fault_low
fit_only_no_clip,22,W3_b01,manip_energy,case05,case02,0.096876732276918,0.7347407713135603,0.0,fault_low
fit_only_no_clip,22,W3_b01,manip_energy,case05,case03,0.096876732276918,0.1813988795694023,0.0,fault_low
fit_only_no_clip,22,W3_b01,near_constant_energy,case04,case01,0.0424637215303988,0.4353705580978956,0.0,fault_low
fit_only_no_clip,22,W3_b01,near_constant_energy,case04,case02,0.0424637215303988,0.4410836482703529,0.0,fault_low
fit_only_no_clip,22,W3_b01,near_constant_energy,case04,case03,0.0424637215303988,0.0558549779953846,0.0,fault_low
fit_only_no_clip,22,W3_b01,near_constant_energy,case05,case01,0.0196552231199898,0.4353705580978956,0.0,fault_low
fit_only_no_clip,22,W3_b01,near_constant_energy,case05,case02,0.0196552231199898,0.4410836482703529,0.0,fault_low
fit_only_no_clip,22,W3_b01,near_constant_energy,case05,case03,0.0196552231199898,0.0558549779953846,0.0,fault_low
fit_only_no_clip,22,W3_b01,top5_energy,case04,case01,0.994707504582236,0.8432071111183235,1.0,fault_high
fit_only_no_clip,22,W3_b01,top5_energy,case04,case02,0.994707504582236,0.8453866649277981,1.0,fault_high
fit_only_no_clip,22,W3_b01,top5_energy,case04,case03,0.994707504582236,0.2515747063898232,1.0,fault_high
fit_only_no_clip,22,W3_b01,top5_energy,case05,case01,0.8895458414151655,0.8432071111183235,1.0,fault_high
fit_only_no_clip,22,W3_b01,top5_energy,case05,case02,0.8895458414151655,0.8453866649277981,1.0,fault_high
fit_only_no_clip,22,W3_b01,top5_energy,case05,case03,0.8895458414151655,0.2515747063898232,1.0,fault_high
fit_only_no_clip,22,W3_b01,direction_cosine,case04,case01,-0.032095727519455,0.0780829070781558,0.0,fault_low
fit_only_no_clip,22,W3_b01,direction_cosine,case04,case02,-0.032095727519455,-0.0693540562491401,1.0,fault_high
fit_only_no_clip,22,W3_b01,direction_cosine,case04,case03,-0.032095727519455,0.2443268815989734,0.0,fault_low
fit_only_no_clip,22,W3_b01,direction_cosine,case05,case01,-0.2037494688450438,0.0780829070781558,0.0,fault_low
fit_only_no_clip,22,W3_b01,direction_cosine,case05,case02,-0.2037494688450438,-0.0693540562491401,0.0,fault_low
fit_only_no_clip,22,W3_b01,direction_cosine,case05,case03,-0.2037494688450438,0.2443268815989734,0.0,fault_low
fit_only_no_clip,33,W1,log_score,case04,case01,4.809757829247694,5.2963458178777385,0.0,fault_low
fit_only_no_clip,33,W1,log_score,case04,case02,4.809757829247694,5.284973288266399,0.0,fault_low
fit_only_no_clip,33,W1,log_score,case04,case03,4.809757829247694,2.0623879803491776,1.0,fault_high
fit_only_no_clip,33,W1,log_score,case05,case01,4.437089796476884,5.2963458178777385,0.0,fault_low
fit_only_no_clip,33,W1,log_score,case05,case02,4.437089796476884,5.284973288266399,0.0,fault_low
fit_only_no_clip,33,W1,log_score,case05,case03,4.437089796476884,2.0623879803491776,1.0,fault_high
fit_only_no_clip,33,W1,cv,case04,case01,0.012200714320727,0.0099321519037463,1.0,fault_high
fit_only_no_clip,33,W1,cv,case04,case02,0.012200714320727,0.0060826134160809,1.0,fault_high
fit_only_no_clip,33,W1,cv,case04,case03,0.012200714320727,0.1159224041304024,0.0,fault_low
fit_only_no_clip,33,W1,cv,case05,case01,0.0109445895500418,0.0099321519037463,1.0,fault_high
fit_only_no_clip,33,W1,cv,case05,case02,0.0109445895500418,0.0060826134160809,1.0,fault_high
fit_only_no_clip,33,W1,cv,case05,case03,0.0109445895500418,0.1159224041304024,0.0,fault_low
fit_only_no_clip,33,W1,maha_mean,case04,case01,214.90587070850464,346.8695158508976,0.0,fault_low
fit_only_no_clip,33,W1,maha_mean,case04,case02,214.90587070850464,342.3875296753852,0.0,fault_low
fit_only_no_clip,33,W1,maha_mean,case04,case03,214.90587070850464,11.222138800712532,1.0,fault_high
fit_only_no_clip,33,W1,maha_mean,case05,case01,164.07635034506663,346.8695158508976,0.0,fault_low
fit_only_no_clip,33,W1,maha_mean,case05,case02,164.07635034506663,342.3875296753852,0.0,fault_low
fit_only_no_clip,33,W1,maha_mean,case05,case03,164.07635034506663,11.222138800712532,1.0,fault_high
fit_only_no_clip,33,W1,maha_centroid,case04,case01,214.627786139274,346.715875487923,0.0,fault_low
fit_only_no_clip,33,W1,maha_centroid,case04,case02,214.627786139274,342.2330246261356,0.0,fault_low
fit_only_no_clip,33,W1,maha_centroid,case04,case03,214.627786139274,3.702879133706272,1.0,fault_high
fit_only_no_clip,33,W1,maha_centroid,case05,case01,163.70114203703483,346.715875487923,0.0,fault_low
fit_only_no_clip,33,W1,maha_centroid,case05,case02,163.70114203703483,342.2330246261356,0.0,fault_low
fit_only_no_clip,33,W1,maha_centroid,case05,case03,163.70114203703483,3.702879133706272,1.0,fault_high
fit_only_no_clip,33,W1,cov_distance,case04,case01,1.5552283067549262,2.0142212420870527,0.0,fault_low
fit_only_no_clip,33,W1,cov_distance,case04,case02,1.5552283067549262,1.147473739952359,1.0,fault_high
fit_only_no_clip,33,W1,cov_distance,case04,case03,1.5552283067549262,1.288033888030194,0.6666666666666666,fault_high
fit_only_no_clip,33,W1,cov_distance,case05,case01,1.5046819965853695,2.0142212420870527,0.3333333333333333,fault_low
fit_only_no_clip,33,W1,cov_distance,case05,case02,1.5046819965853695,1.147473739952359,1.0,fault_high
fit_only_no_clip,33,W1,cov_distance,case05,case03,1.5046819965853695,1.288033888030194,0.6666666666666666,fault_high
fit_only_no_clip,33,W1,corr_distance,case04,case01,0.1054551765482165,0.1312299276675496,0.0,fault_low
fit_only_no_clip,33,W1,corr_distance,case04,case02,0.1054551765482165,0.1073878538849687,0.6666666666666666,fault_low
fit_only_no_clip,33,W1,corr_distance,case04,case03,0.1054551765482165,0.1045104796573129,1.0,fault_high
fit_only_no_clip,33,W1,corr_distance,case05,case01,0.113255140295163,0.1312299276675496,0.3333333333333333,fault_low
fit_only_no_clip,33,W1,corr_distance,case05,case02,0.113255140295163,0.1073878538849687,0.6666666666666666,fault_high
fit_only_no_clip,33,W1,corr_distance,case05,case03,0.113255140295163,0.1045104796573129,0.6666666666666666,fault_high
fit_only_no_clip,33,W1,manip_energy,case04,case01,0.933555521130501,0.732074906254535,1.0,fault_high
fit_only_no_clip,33,W1,manip_energy,case04,case02,0.933555521130501,0.7391519173956835,1.0,fault_high
fit_only_no_clip,33,W1,manip_energy,case04,case03,0.933555521130501,0.1786818939692595,1.0,fault_high
fit_only_no_clip,33,W1,manip_energy,case05,case01,0.0918958985606309,0.732074906254535,0.0,fault_low
fit_only_no_clip,33,W1,manip_energy,case05,case02,0.0918958985606309,0.7391519173956835,0.0,fault_low
fit_only_no_clip,33,W1,manip_energy,case05,case03,0.0918958985606309,0.1786818939692595,0.0,fault_low
fit_only_no_clip,33,W1,near_constant_energy,case04,case01,0.042671516565582,0.4417985301573587,0.0,fault_low
fit_only_no_clip,33,W1,near_constant_energy,case04,case02,0.042671516565582,0.4457740861004716,0.0,fault_low
fit_only_no_clip,33,W1,near_constant_energy,case04,case03,0.042671516565582,0.0584422129729037,0.0,fault_low
fit_only_no_clip,33,W1,near_constant_energy,case05,case01,0.0181490121463016,0.4417985301573587,0.0,fault_low
fit_only_no_clip,33,W1,near_constant_energy,case05,case02,0.0181490121463016,0.4457740861004716,0.0,fault_low
fit_only_no_clip,33,W1,near_constant_energy,case05,case03,0.0181490121463016,0.0584422129729037,0.0,fault_low
fit_only_no_clip,33,W1,top5_energy,case04,case01,0.993726638314772,0.8432787701744957,1.0,fault_high
fit_only_no_clip,33,W1,top5_energy,case04,case02,0.993726638314772,0.8474213240084463,1.0,fault_high
fit_only_no_clip,33,W1,top5_energy,case04,case03,0.993726638314772,0.2427309763342686,1.0,fault_high
fit_only_no_clip,33,W1,top5_energy,case05,case01,0.8965458741119215,0.8432787701744957,1.0,fault_high
fit_only_no_clip,33,W1,top5_energy,case05,case02,0.8965458741119215,0.8474213240084463,1.0,fault_high
fit_only_no_clip,33,W1,top5_energy,case05,case03,0.8965458741119215,0.2427309763342686,1.0,fault_high
fit_only_no_clip,33,W1,direction_cosine,case04,case01,-0.041112627976123,-0.2116348076618265,1.0,fault_high
fit_only_no_clip,33,W1,direction_cosine,case04,case02,-0.041112627976123,0.2172266077775409,0.0,fault_low
fit_only_no_clip,33,W1,direction_cosine,case04,case03,-0.041112627976123,0.0481063054172932,0.0,fault_low
fit_only_no_clip,33,W1,direction_cosine,case05,case01,-0.1156958481737391,-0.2116348076618265,1.0,fault_high
fit_only_no_clip,33,W1,direction_cosine,case05,case02,-0.1156958481737391,0.2172266077775409,0.0,fault_low
fit_only_no_clip,33,W1,direction_cosine,case05,case03,-0.1156958481737391,0.0481063054172932,0.0,fault_low
fit_only_no_clip,33,W2_f0995,log_score,case04,case01,4.814961489305518,5.298579316543391,0.0,fault_low
fit_only_no_clip,33,W2_f0995,log_score,case04,case02,4.814961489305518,5.290820942503061,0.0,fault_low
fit_only_no_clip,33,W2_f0995,log_score,case04,case03,4.814961489305518,2.037823857905081,1.0,fault_high
fit_only_no_clip,33,W2_f0995,log_score,case05,case01,4.4493347413546935,5.298579316543391,0.0,fault_low
fit_only_no_clip,33,W2_f0995,log_score,case05,case02,4.4493347413546935,5.290820942503061,0.0,fault_low
fit_only_no_clip,33,W2_f0995,log_score,case05,case03,4.4493347413546935,2.037823857905081,1.0,fault_high
fit_only_no_clip,33,W2_f0995,cv,case04,case01,0.0120271365556521,0.0099408923148691,1.0,fault_high
fit_only_no_clip,33,W2_f0995,cv,case04,case02,0.0120271365556521,0.0060514167613806,1.0,fault_high
fit_only_no_clip,33,W2_f0995,cv,case04,case03,0.0120271365556521,0.1227702832991538,0.0,fault_low
fit_only_no_clip,33,W2_f0995,cv,case05,case01,0.0106655726528086,0.0099408923148691,1.0,fault_high
fit_only_no_clip,33,W2_f0995,cv,case05,case02,0.0106655726528086,0.0060514167613806,1.0,fault_high
fit_only_no_clip,33,W2_f0995,cv,case05,case03,0.0106655726528086,0.1227702832991538,0.0,fault_low
fit_only_no_clip,33,W2_f0995,maha_mean,case04,case01,130.65240366322536,237.58027600756557,0.0,fault_low
fit_only_no_clip,33,W2_f0995,maha_mean,case04,case02,130.65240366322536,234.81584211897336,0.0,fault_low
fit_only_no_clip,33,W2_f0995,maha_mean,case04,case03,130.65240366322536,8.358513231246633,1.0,fault_high
fit_only_no_clip,33,W2_f0995,maha_mean,case05,case01,109.5139701544904,237.58027600756557,0.0,fault_low
fit_only_no_clip,33,W2_f0995,maha_mean,case05,case02,109.5139701544904,234.81584211897336,0.0,fault_low
fit_only_no_clip,33,W2_f0995,maha_mean,case05,case03,109.5139701544904,8.358513231246633,1.0,fault_high
fit_only_no_clip,33,W2_f0995,maha_centroid,case04,case01,130.42672526955366,237.45414735562295,0.0,fault_low
fit_only_no_clip,33,W2_f0995,maha_centroid,case04,case02,130.42672526955366,234.69003085328129,0.0,fault_low
fit_only_no_clip,33,W2_f0995,maha_centroid,case04,case03,130.42672526955366,3.300191525340987,1.0,fault_high
fit_only_no_clip,33,W2_f0995,maha_centroid,case05,case01,109.2911424008468,237.45414735562295,0.0,fault_low
fit_only_no_clip,33,W2_f0995,maha_centroid,case05,case02,109.2911424008468,234.69003085328129,0.0,fault_low
fit_only_no_clip,33,W2_f0995,maha_centroid,case05,case03,109.2911424008468,3.300191525340987,1.0,fault_high
fit_only_no_clip,33,W2_f0995,cov_distance,case04,case01,0.6789695853413293,1.1219371819033797,0.0,fault_low
fit_only_no_clip,33,W2_f0995,cov_distance,case04,case02,0.6789695853413293,0.6036303042670446,0.6666666666666666,fault_high
fit_only_no_clip,33,W2_f0995,cov_distance,case04,case03,0.6789695853413293,0.7288697671833704,0.6666666666666666,fault_low
fit_only_no_clip,33,W2_f0995,cov_distance,case05,case01,0.6792377172380677,1.1219371819033797,0.0,fault_low
fit_only_no_clip,33,W2_f0995,cov_distance,case05,case02,0.6792377172380677,0.6036303042670446,1.0,fault_high
fit_only_no_clip,33,W2_f0995,cov_distance,case05,case03,0.6792377172380677,0.7288697671833704,0.3333333333333333,fault_low
fit_only_no_clip,33,W2_f0995,corr_distance,case04,case01,0.103492913223185,0.1225802597355975,0.0,fault_low
fit_only_no_clip,33,W2_f0995,corr_distance,case04,case02,0.103492913223185,0.0994833334460218,0.6666666666666666,fault_high
fit_only_no_clip,33,W2_f0995,corr_distance,case04,case03,0.103492913223185,0.1051783211612953,0.3333333333333333,fault_low
fit_only_no_clip,33,W2_f0995,corr_distance,case05,case01,0.1186352358073144,0.1225802597355975,0.3333333333333333,fault_low
fit_only_no_clip,33,W2_f0995,corr_distance,case05,case02,0.1186352358073144,0.0994833334460218,1.0,fault_high
fit_only_no_clip,33,W2_f0995,corr_distance,case05,case03,0.1186352358073144,0.1051783211612953,1.0,fault_high
fit_only_no_clip,33,W2_f0995,manip_energy,case04,case01,0.9328981794540224,0.7315196673868648,1.0,fault_high
fit_only_no_clip,33,W2_f0995,manip_energy,case04,case02,0.9328981794540224,0.7350805459997407,1.0,fault_high
fit_only_no_clip,33,W2_f0995,manip_energy,case04,case03,0.9328981794540224,0.1942447873887478,1.0,fault_high
fit_only_no_clip,33,W2_f0995,manip_energy,case05,case01,0.091764426726947,0.7315196673868648,0.0,fault_low
fit_only_no_clip,33,W2_f0995,manip_energy,case05,case02,0.091764426726947,0.7350805459997407,0.0,fault_low
fit_only_no_clip,33,W2_f0995,manip_energy,case05,case03,0.091764426726947,0.1942447873887478,0.0,fault_low
fit_only_no_clip,33,W2_f0995,near_constant_energy,case04,case01,0.0423828432349717,0.4383664497247792,0.0,fault_low
fit_only_no_clip,33,W2_f0995,near_constant_energy,case04,case02,0.0423828432349717,0.4414022681739282,0.0,fault_low
fit_only_no_clip,33,W2_f0995,near_constant_energy,case04,case03,0.0423828432349717,0.0562829868747653,0.0,fault_low
fit_only_no_clip,33,W2_f0995,near_constant_energy,case05,case01,0.0187528134768533,0.4383664497247792,0.0,fault_low
fit_only_no_clip,33,W2_f0995,near_constant_energy,case05,case02,0.0187528134768533,0.4414022681739282,0.0,fault_low
fit_only_no_clip,33,W2_f0995,near_constant_energy,case05,case03,0.0187528134768533,0.0562829868747653,0.0,fault_low
fit_only_no_clip,33,W2_f0995,top5_energy,case04,case01,0.9946321035927886,0.8442951297219864,1.0,fault_high
fit_only_no_clip,33,W2_f0995,top5_energy,case04,case02,0.9946321035927886,0.8457889583692578,1.0,fault_high
fit_only_no_clip,33,W2_f0995,top5_energy,case04,case03,0.9946321035927886,0.2656464276541243,1.0,fault_high
fit_only_no_clip,33,W2_f0995,top5_energy,case05,case01,0.8928507526378013,0.8442951297219864,1.0,fault_high
fit_only_no_clip,33,W2_f0995,top5_energy,case05,case02,0.8928507526378013,0.8457889583692578,1.0,fault_high
fit_only_no_clip,33,W2_f0995,top5_energy,case05,case03,0.8928507526378013,0.2656464276541243,1.0,fault_high
fit_only_no_clip,33,W2_f0995,direction_cosine,case04,case01,-0.0873673015049061,-0.2745619434069865,1.0,fault_high
fit_only_no_clip,33,W2_f0995,direction_cosine,case04,case02,-0.0873673015049061,0.2715753745842841,0.0,fault_low
fit_only_no_clip,33,W2_f0995,direction_cosine,case04,case03,-0.0873673015049061,0.0625988724217989,0.3333333333333333,fault_low
fit_only_no_clip,33,W2_f0995,direction_cosine,case05,case01,-0.3180985888355239,-0.2745619434069865,0.0,fault_low
fit_only_no_clip,33,W2_f0995,direction_cosine,case05,case02,-0.3180985888355239,0.2715753745842841,0.0,fault_low
fit_only_no_clip,33,W2_f0995,direction_cosine,case05,case03,-0.3180985888355239,0.0625988724217989,0.0,fault_low
fit_only_no_clip,33,W3_b01,log_score,case04,case01,4.813937333408755,5.298621865733831,0.0,fault_low
fit_only_no_clip,33,W3_b01,log_score,case04,case02,4.813937333408755,5.288955975682413,0.0,fault_low
fit_only_no_clip,33,W3_b01,log_score,case04,case03,4.813937333408755,2.017163407255964,1.0,fault_high
fit_only_no_clip,33,W3_b01,log_score,case05,case01,4.448676364744963,5.298621865733831,0.0,fault_low
fit_only_no_clip,33,W3_b01,log_score,case05,case02,4.448676364744963,5.288955975682413,0.0,fault_low
fit_only_no_clip,33,W3_b01,log_score,case05,case03,4.448676364744963,2.017163407255964,1.0,fault_high
fit_only_no_clip,33,W3_b01,cv,case04,case01,0.0120124870261008,0.0099372654002578,1.0,fault_high
fit_only_no_clip,33,W3_b01,cv,case04,case02,0.0120124870261008,0.0060544229372863,1.0,fault_high
fit_only_no_clip,33,W3_b01,cv,case04,case03,0.0120124870261008,0.1203409542457143,0.0,fault_low
fit_only_no_clip,33,W3_b01,cv,case05,case01,0.010739841908478,0.0099372654002578,1.0,fault_high
fit_only_no_clip,33,W3_b01,cv,case05,case02,0.010739841908478,0.0060544229372863,1.0,fault_high
fit_only_no_clip,33,W3_b01,cv,case05,case03,0.010739841908478,0.1203409542457143,0.0,fault_low
fit_only_no_clip,33,W3_b01,maha_mean,case04,case01,138.46351216847327,252.56965547824387,0.0,fault_low
fit_only_no_clip,33,W3_b01,maha_mean,case04,case02,138.46351216847327,249.72215165756452,0.0,fault_low
fit_only_no_clip,33,W3_b01,maha_mean,case04,case03,138.46351216847327,8.641150336549988,1.0,fault_high
fit_only_no_clip,33,W3_b01,maha_mean,case05,case01,113.93395260915932,252.56965547824387,0.0,fault_low
fit_only_no_clip,33,W3_b01,maha_mean,case05,case02,113.93395260915932,249.72215165756452,0.0,fault_low
fit_only_no_clip,33,W3_b01,maha_mean,case05,case03,113.93395260915932,8.641150336549988,1.0,fault_high
fit_only_no_clip,33,W3_b01,maha_centroid,case04,case01,138.22598862927003,252.43961548244977,0.0,fault_low
fit_only_no_clip,33,W3_b01,maha_centroid,case04,case02,138.22598862927003,249.591675925817,0.0,fault_low
fit_only_no_clip,33,W3_b01,maha_centroid,case04,case03,138.22598862927003,3.404142332908884,1.0,fault_high
fit_only_no_clip,33,W3_b01,maha_centroid,case05,case01,113.70064139958566,252.43961548244977,0.0,fault_low
fit_only_no_clip,33,W3_b01,maha_centroid,case05,case02,113.70064139958566,249.591675925817,0.0,fault_low
fit_only_no_clip,33,W3_b01,maha_centroid,case05,case03,113.70064139958566,3.404142332908884,1.0,fault_high
fit_only_no_clip,33,W3_b01,cov_distance,case04,case01,0.8226851415116028,1.304177953505745,0.0,fault_low
fit_only_no_clip,33,W3_b01,cov_distance,case04,case02,0.8226851415116028,0.6933684241610106,0.6666666666666666,fault_high
fit_only_no_clip,33,W3_b01,cov_distance,case04,case03,0.8226851415116028,0.7957315170216556,0.6666666666666666,fault_high
fit_only_no_clip,33,W3_b01,cov_distance,case05,case01,0.769354729824545,1.304177953505745,0.0,fault_low
fit_only_no_clip,33,W3_b01,cov_distance,case05,case02,0.769354729824545,0.6933684241610106,1.0,fault_high
fit_only_no_clip,33,W3_b01,cov_distance,case05,case03,0.769354729824545,0.7957315170216556,0.3333333333333333,fault_low
fit_only_no_clip,33,W3_b01,corr_distance,case04,case01,0.1070437987171603,0.1207639211232914,0.0,fault_low
fit_only_no_clip,33,W3_b01,corr_distance,case04,case02,0.1070437987171603,0.0987932614788343,1.0,fault_high
fit_only_no_clip,33,W3_b01,corr_distance,case04,case03,0.1070437987171603,0.1060267908744683,0.3333333333333333,fault_high
fit_only_no_clip,33,W3_b01,corr_distance,case05,case01,0.1239919574045871,0.1207639211232914,0.6666666666666666,fault_high
fit_only_no_clip,33,W3_b01,corr_distance,case05,case02,0.1239919574045871,0.0987932614788343,1.0,fault_high
fit_only_no_clip,33,W3_b01,corr_distance,case05,case03,0.1239919574045871,0.1060267908744683,1.0,fault_high
fit_only_no_clip,33,W3_b01,manip_energy,case04,case01,0.9341888251771338,0.7300486505552394,1.0,fault_high
fit_only_no_clip,33,W3_b01,manip_energy,case04,case02,0.9341888251771338,0.7349013237421214,1.0,fault_high
fit_only_no_clip,33,W3_b01,manip_energy,case04,case03,0.9341888251771338,0.1845171397001405,1.0,fault_high
fit_only_no_clip,33,W3_b01,manip_energy,case05,case01,0.0967768961007193,0.7300486505552394,0.0,fault_low
fit_only_no_clip,33,W3_b01,manip_energy,case05,case02,0.0967768961007193,0.7349013237421214,0.0,fault_low
fit_only_no_clip,33,W3_b01,manip_energy,case05,case03,0.0967768961007193,0.1845171397001405,0.0,fault_low
fit_only_no_clip,33,W3_b01,near_constant_energy,case04,case01,0.0424888557585585,0.4379058960558491,0.0,fault_low
fit_only_no_clip,33,W3_b01,near_constant_energy,case04,case02,0.0424888557585585,0.4421769300156851,0.0,fault_low
fit_only_no_clip,33,W3_b01,near_constant_energy,case04,case03,0.0424888557585585,0.0576843722809321,0.0,fault_low
fit_only_no_clip,33,W3_b01,near_constant_energy,case05,case01,0.0193601254627205,0.4379058960558491,0.0,fault_low
fit_only_no_clip,33,W3_b01,near_constant_energy,case05,case02,0.0193601254627205,0.4421769300156851,0.0,fault_low
fit_only_no_clip,33,W3_b01,near_constant_energy,case05,case03,0.0193601254627205,0.0576843722809321,0.0,fault_low
fit_only_no_clip,33,W3_b01,top5_energy,case04,case01,0.9946242518738748,0.8430801173667174,1.0,fault_high
fit_only_no_clip,33,W3_b01,top5_energy,case04,case02,0.9946242518738748,0.8454002778494045,1.0,fault_high
fit_only_no_clip,33,W3_b01,top5_energy,case04,case03,0.9946242518738748,0.2508553121813581,1.0,fault_high
fit_only_no_clip,33,W3_b01,top5_energy,case05,case01,0.889391329173781,0.8430801173667174,1.0,fault_high
fit_only_no_clip,33,W3_b01,top5_energy,case05,case02,0.889391329173781,0.8454002778494045,1.0,fault_high
fit_only_no_clip,33,W3_b01,top5_energy,case05,case03,0.889391329173781,0.2508553121813581,1.0,fault_high
fit_only_no_clip,33,W3_b01,direction_cosine,case04,case01,-0.0030627028583949,0.1050788763412527,0.0,fault_low
fit_only_no_clip,33,W3_b01,direction_cosine,case04,case02,-0.0030627028583949,-0.0955379951484182,1.0,fault_high
fit_only_no_clip,33,W3_b01,direction_cosine,case04,case03,-0.0030627028583949,0.2432650328515285,0.0,fault_low
fit_only_no_clip,33,W3_b01,direction_cosine,case05,case01,-0.2389159768595398,0.1050788763412527,0.0,fault_low
fit_only_no_clip,33,W3_b01,direction_cosine,case05,case02,-0.2389159768595398,-0.0955379951484182,0.0,fault_low
fit_only_no_clip,33,W3_b01,direction_cosine,case05,case03,-0.2389159768595398,0.2432650328515285,0.0,fault_low
step2e_regression_clip,11,W1,log_score,case04,case01,3.670040950165504,4.269781971247699,0.0,fault_low
step2e_regression_clip,11,W1,log_score,case04,case02,3.670040950165504,4.2612545632971965,0.0,fault_low
step2e_regression_clip,11,W1,log_score,case04,case03,3.670040950165504,2.0449856913122715,1.0,fault_high
step2e_regression_clip,11,W1,log_score,case05,case01,3.8554882463954177,4.269781971247699,0.0,fault_low
step2e_regression_clip,11,W1,log_score,case05,case02,3.8554882463954177,4.2612545632971965,0.0,fault_low
step2e_regression_clip,11,W1,log_score,case05,case03,3.8554882463954177,2.0449856913122715,1.0,fault_high
step2e_regression_clip,11,W1,cv,case04,case01,0.0132153329494401,0.010396904904831,1.0,fault_high
step2e_regression_clip,11,W1,cv,case04,case02,0.0132153329494401,0.009819751902276,1.0,fault_high
step2e_regression_clip,11,W1,cv,case04,case03,0.0132153329494401,0.1162541641013011,0.0,fault_low
step2e_regression_clip,11,W1,cv,case05,case01,0.0167136293857707,0.010396904904831,1.0,fault_high
step2e_regression_clip,11,W1,cv,case05,case02,0.0167136293857707,0.009819751902276,1.0,fault_high
step2e_regression_clip,11,W1,cv,case05,case03,0.0167136293857707,0.1162541641013011,0.0,fault_low
step2e_regression_clip,11,W1,maha_mean,case04,case01,214.66315700333644,138.7882977025042,1.0,fault_high
step2e_regression_clip,11,W1,maha_mean,case04,case02,214.66315700333644,137.8455773848044,1.0,fault_high
step2e_regression_clip,11,W1,maha_mean,case04,case03,214.66315700333644,11.176347328021874,1.0,fault_high
step2e_regression_clip,11,W1,maha_mean,case05,case01,108.7921843586016,138.7882977025042,0.0,fault_low
step2e_regression_clip,11,W1,maha_mean,case05,case02,108.7921843586016,137.8455773848044,0.0,fault_low
step2e_regression_clip,11,W1,maha_mean,case05,case03,108.7921843586016,11.176347328021874,1.0,fault_high
step2e_regression_clip,11,W1,maha_centroid,case04,case01,214.40157215157964,138.4402876701239,1.0,fault_high
step2e_regression_clip,11,W1,maha_centroid,case04,case02,214.40157215157964,137.52250979848753,1.0,fault_high
step2e_regression_clip,11,W1,maha_centroid,case04,case03,214.40157215157964,4.085192957875157,1.0,fault_high
step2e_regression_clip,11,W1,maha_centroid,case05,case01,108.31568561591637,138.4402876701239,0.0,fault_low
step2e_regression_clip,11,W1,maha_centroid,case05,case02,108.31568561591637,137.52250979848753,0.0,fault_low
step2e_regression_clip,11,W1,maha_centroid,case05,case03,108.31568561591637,4.085192957875157,1.0,fault_high
step2e_regression_clip,11,W1,cov_distance,case04,case01,1.3705712022516052,1.191253089426733,1.0,fault_high
step2e_regression_clip,11,W1,cov_distance,case04,case02,1.3705712022516052,0.9603637729439444,1.0,fault_high
step2e_regression_clip,11,W1,cov_distance,case04,case03,1.3705712022516052,1.1835841782832075,0.6666666666666666,fault_high
step2e_regression_clip,11,W1,cov_distance,case05,case01,1.3446743669306378,1.191253089426733,0.6666666666666666,fault_high
step2e_regression_clip,11,W1,cov_distance,case05,case02,1.3446743669306378,0.9603637729439444,1.0,fault_high
step2e_regression_clip,11,W1,cov_distance,case05,case03,1.3446743669306378,1.1835841782832075,1.0,fault_high
step2e_regression_clip,11,W1,corr_distance,case04,case01,0.1092981179557296,0.1536287936318056,0.0,fault_low
step2e_regression_clip,11,W1,corr_distance,case04,case02,0.1092981179557296,0.1377904226184407,0.0,fault_low
step2e_regression_clip,11,W1,corr_distance,case04,case03,0.1092981179557296,0.1052192715498732,1.0,fault_high
step2e_regression_clip,11,W1,corr_distance,case05,case01,0.1099260503213157,0.1536287936318056,0.0,fault_low
step2e_regression_clip,11,W1,corr_distance,case05,case02,0.1099260503213157,0.1377904226184407,0.0,fault_low
step2e_regression_clip,11,W1,corr_distance,case05,case03,0.1099260503213157,0.1052192715498732,1.0,fault_high
step2e_regression_clip,11,W1,manip_energy,case04,case01,0.5264530246642586,0.4688769589893135,1.0,fault_high
step2e_regression_clip,11,W1,manip_energy,case04,case02,0.5264530246642586,0.471397546944573,1.0,fault_high
step2e_regression_clip,11,W1,manip_energy,case04,case03,0.5264530246642586,0.1693884833604295,1.0,fault_high
step2e_regression_clip,11,W1,manip_energy,case05,case01,0.3167210838646876,0.4688769589893135,0.0,fault_low
step2e_regression_clip,11,W1,manip_energy,case05,case02,0.3167210838646876,0.471397546944573,0.0,fault_low
step2e_regression_clip,11,W1,manip_energy,case05,case03,0.3167210838646876,0.1693884833604295,1.0,fault_high
step2e_regression_clip,11,W1,near_constant_energy,case04,case01,0.2618099387119221,0.1621092982739206,1.0,fault_high
step2e_regression_clip,11,W1,near_constant_energy,case04,case02,0.2618099387119221,0.1679557097608328,1.0,fault_high
step2e_regression_clip,11,W1,near_constant_energy,case04,case03,0.2618099387119221,0.0564703219339517,1.0,fault_high
step2e_regression_clip,11,W1,near_constant_energy,case05,case01,0.0591873951336316,0.1621092982739206,0.0,fault_low
step2e_regression_clip,11,W1,near_constant_energy,case05,case02,0.0591873951336316,0.1679557097608328,0.0,fault_low
step2e_regression_clip,11,W1,near_constant_energy,case05,case03,0.0591873951336316,0.0564703219339517,0.6666666666666666,fault_high
step2e_regression_clip,11,W1,top5_energy,case04,case01,0.9512912026420328,0.4022454674653238,1.0,fault_high
step2e_regression_clip,11,W1,top5_energy,case04,case02,0.9512912026420328,0.3983288818819168,1.0,fault_high
step2e_regression_clip,11,W1,top5_energy,case04,case03,0.9512912026420328,0.2387593959561418,1.0,fault_high
step2e_regression_clip,11,W1,top5_energy,case05,case01,0.6509615658001302,0.4022454674653238,1.0,fault_high
step2e_regression_clip,11,W1,top5_energy,case05,case02,0.6509615658001302,0.3983288818819168,1.0,fault_high
step2e_regression_clip,11,W1,top5_energy,case05,case03,0.6509615658001302,0.2387593959561418,1.0,fault_high
step2e_regression_clip,11,W1,direction_cosine,case04,case01,0.4698251961451145,-0.170225674582692,1.0,fault_high
step2e_regression_clip,11,W1,direction_cosine,case04,case02,0.4698251961451145,0.161202983000368,1.0,fault_high
step2e_regression_clip,11,W1,direction_cosine,case04,case03,0.4698251961451145,-0.0899263035792484,1.0,fault_high
step2e_regression_clip,11,W1,direction_cosine,case05,case01,0.0016178082710282,-0.170225674582692,1.0,fault_high
step2e_regression_clip,11,W1,direction_cosine,case05,case02,0.0016178082710282,0.161202983000368,0.0,fault_low
step2e_regression_clip,11,W1,direction_cosine,case05,case03,0.0016178082710282,-0.0899263035792484,1.0,fault_high
step2e_regression_clip,11,W2_f0995,log_score,case04,case01,3.682852409759425,4.268262143563683,0.0,fault_low
step2e_regression_clip,11,W2_f0995,log_score,case04,case02,3.682852409759425,4.273292019138118,0.0,fault_low
step2e_regression_clip,11,W2_f0995,log_score,case04,case03,3.682852409759425,2.0252415339285585,1.0,fault_high
step2e_regression_clip,11,W2_f0995,log_score,case05,case01,3.8762935701230807,4.268262143563683,0.0,fault_low
step2e_regression_clip,11,W2_f0995,log_score,case05,case02,3.8762935701230807,4.273292019138118,0.0,fault_low
step2e_regression_clip,11,W2_f0995,log_score,case05,case03,3.8762935701230807,2.0252415339285585,1.0,fault_high
step2e_regression_clip,11,W2_f0995,cv,case04,case01,0.0138362072578344,0.0093662276737459,1.0,fault_high
step2e_regression_clip,11,W2_f0995,cv,case04,case02,0.0138362072578344,0.0088605519574235,1.0,fault_high
step2e_regression_clip,11,W2_f0995,cv,case04,case03,0.0138362072578344,0.120882256849732,0.0,fault_low
step2e_regression_clip,11,W2_f0995,cv,case05,case01,0.0172654756255081,0.0093662276737459,1.0,fault_high
step2e_regression_clip,11,W2_f0995,cv,case05,case02,0.0172654756255081,0.0088605519574235,1.0,fault_high
step2e_regression_clip,11,W2_f0995,cv,case05,case03,0.0172654756255081,0.120882256849732,0.0,fault_low
step2e_regression_clip,11,W2_f0995,maha_mean,case04,case01,145.11006501731816,93.74539886665671,1.0,fault_high
step2e_regression_clip,11,W2_f0995,maha_mean,case04,case02,145.11006501731816,93.14441467791885,1.0,fault_high
step2e_regression_clip,11,W2_f0995,maha_mean,case04,case03,145.11006501731816,8.361987490592263,1.0,fault_high
step2e_regression_clip,11,W2_f0995,maha_mean,case05,case01,65.29608030389156,93.74539886665671,0.0,fault_low
step2e_regression_clip,11,W2_f0995,maha_mean,case05,case02,65.29608030389156,93.14441467791885,0.0,fault_low
step2e_regression_clip,11,W2_f0995,maha_mean,case05,case03,65.29608030389156,8.361987490592263,1.0,fault_high
step2e_regression_clip,11,W2_f0995,maha_centroid,case04,case01,144.9077778235544,93.45271087334172,1.0,fault_high
step2e_regression_clip,11,W2_f0995,maha_centroid,case04,case02,144.9077778235544,92.87838364174648,1.0,fault_high
step2e_regression_clip,11,W2_f0995,maha_centroid,case04,case03,144.9077778235544,3.302616185120218,1.0,fault_high
step2e_regression_clip,11,W2_f0995,maha_centroid,case05,case01,64.93222317488298,93.45271087334172,0.0,fault_low
step2e_regression_clip,11,W2_f0995,maha_centroid,case05,case02,64.93222317488298,92.87838364174648,0.0,fault_low
step2e_regression_clip,11,W2_f0995,maha_centroid,case05,case03,64.93222317488298,3.302616185120218,1.0,fault_high
step2e_regression_clip,11,W2_f0995,cov_distance,case04,case01,0.6636843858495959,0.8413871502825123,0.0,fault_low
step2e_regression_clip,11,W2_f0995,cov_distance,case04,case02,0.6636843858495959,0.7121902814282138,0.3333333333333333,fault_low
step2e_regression_clip,11,W2_f0995,cov_distance,case04,case03,0.6636843858495959,0.7149556068136703,0.3333333333333333,fault_low
step2e_regression_clip,11,W2_f0995,cov_distance,case05,case01,0.6896834764569958,0.8413871502825123,0.3333333333333333,fault_low
step2e_regression_clip,11,W2_f0995,cov_distance,case05,case02,0.6896834764569958,0.7121902814282138,0.3333333333333333,fault_low
step2e_regression_clip,11,W2_f0995,cov_distance,case05,case03,0.6896834764569958,0.7149556068136703,0.3333333333333333,fault_low
step2e_regression_clip,11,W2_f0995,corr_distance,case04,case01,0.1065488850342595,0.1537983001780533,0.0,fault_low
step2e_regression_clip,11,W2_f0995,corr_distance,case04,case02,0.1065488850342595,0.1321888915902832,0.0,fault_low
step2e_regression_clip,11,W2_f0995,corr_distance,case04,case03,0.1065488850342595,0.1050721085782883,0.6666666666666666,fault_high
step2e_regression_clip,11,W2_f0995,corr_distance,case05,case01,0.1240418152845326,0.1537983001780533,0.0,fault_low
step2e_regression_clip,11,W2_f0995,corr_distance,case05,case02,0.1240418152845326,0.1321888915902832,0.3333333333333333,fault_low
step2e_regression_clip,11,W2_f0995,corr_distance,case05,case03,0.1240418152845326,0.1050721085782883,1.0,fault_high
step2e_regression_clip,11,W2_f0995,manip_energy,case04,case01,0.5203570651011176,0.4717367336227194,1.0,fault_high
step2e_regression_clip,11,W2_f0995,manip_energy,case04,case02,0.5203570651011176,0.4699380222346755,1.0,fault_high
step2e_regression_clip,11,W2_f0995,manip_energy,case04,case03,0.5203570651011176,0.1996934717369175,1.0,fault_high
step2e_regression_clip,11,W2_f0995,manip_energy,case05,case01,0.3279970826110535,0.4717367336227194,0.0,fault_low
step2e_regression_clip,11,W2_f0995,manip_energy,case05,case02,0.3279970826110535,0.4699380222346755,0.0,fault_low
step2e_regression_clip,11,W2_f0995,manip_energy,case05,case03,0.3279970826110535,0.1996934717369175,1.0,fault_high
step2e_regression_clip,11,W2_f0995,near_constant_energy,case04,case01,0.2567441990097645,0.1636970435356153,1.0,fault_high
step2e_regression_clip,11,W2_f0995,near_constant_energy,case04,case02,0.2567441990097645,0.1609994366325227,1.0,fault_high
step2e_regression_clip,11,W2_f0995,near_constant_energy,case04,case03,0.2567441990097645,0.0576812027310973,1.0,fault_high
step2e_regression_clip,11,W2_f0995,near_constant_energy,case05,case01,0.0592676585544132,0.1636970435356153,0.0,fault_low
step2e_regression_clip,11,W2_f0995,near_constant_energy,case05,case02,0.0592676585544132,0.1609994366325227,0.0,fault_low
step2e_regression_clip,11,W2_f0995,near_constant_energy,case05,case03,0.0592676585544132,0.0576812027310973,0.6666666666666666,fault_high
step2e_regression_clip,11,W2_f0995,top5_energy,case04,case01,0.9505505369834472,0.3931743315093351,1.0,fault_high
step2e_regression_clip,11,W2_f0995,top5_energy,case04,case02,0.9505505369834472,0.3928350728334403,1.0,fault_high
step2e_regression_clip,11,W2_f0995,top5_energy,case04,case03,0.9505505369834472,0.2560287022969081,1.0,fault_high
step2e_regression_clip,11,W2_f0995,top5_energy,case05,case01,0.638954635533958,0.3931743315093351,1.0,fault_high
step2e_regression_clip,11,W2_f0995,top5_energy,case05,case02,0.638954635533958,0.3928350728334403,1.0,fault_high
step2e_regression_clip,11,W2_f0995,top5_energy,case05,case03,0.638954635533958,0.2560287022969081,1.0,fault_high
step2e_regression_clip,11,W2_f0995,direction_cosine,case04,case01,-0.1484826315568395,-0.2232903593086317,1.0,fault_high
step2e_regression_clip,11,W2_f0995,direction_cosine,case04,case02,-0.1484826315568395,0.2299046781861314,0.0,fault_low
step2e_regression_clip,11,W2_f0995,direction_cosine,case04,case03,-0.1484826315568395,0.0364480465816502,0.3333333333333333,fault_low
step2e_regression_clip,11,W2_f0995,direction_cosine,case05,case01,-0.3743646165593653,-0.2232903593086317,0.0,fault_low
step2e_regression_clip,11,W2_f0995,direction_cosine,case05,case02,-0.3743646165593653,0.2299046781861314,0.0,fault_low
step2e_regression_clip,11,W2_f0995,direction_cosine,case05,case03,-0.3743646165593653,0.0364480465816502,0.0,fault_low
step2e_regression_clip,11,W3_b01,log_score,case04,case01,3.678361146441679,4.270639666974694,0.0,fault_low
step2e_regression_clip,11,W3_b01,log_score,case04,case02,3.678361146441679,4.266810432070882,0.0,fault_low
step2e_regression_clip,11,W3_b01,log_score,case04,case03,3.678361146441679,2.0018035266065786,1.0,fault_high
step2e_regression_clip,11,W3_b01,log_score,case05,case01,3.881474593775832,4.270639666974694,0.0,fault_low
step2e_regression_clip,11,W3_b01,log_score,case05,case02,3.881474593775832,4.266810432070882,0.0,fault_low
step2e_regression_clip,11,W3_b01,log_score,case05,case03,3.881474593775832,2.0018035266065786,1.0,fault_high
step2e_regression_clip,11,W3_b01,cv,case04,case01,0.0133698178386313,0.0094667381914852,1.0,fault_high
step2e_regression_clip,11,W3_b01,cv,case04,case02,0.0133698178386313,0.0088952976027562,1.0,fault_high
step2e_regression_clip,11,W3_b01,cv,case04,case03,0.0133698178386313,0.1164724368056402,0.0,fault_low
step2e_regression_clip,11,W3_b01,cv,case05,case01,0.017402399411759,0.0094667381914852,1.0,fault_high
step2e_regression_clip,11,W3_b01,cv,case05,case02,0.017402399411759,0.0088952976027562,1.0,fault_high
step2e_regression_clip,11,W3_b01,cv,case05,case03,0.017402399411759,0.1164724368056402,0.0,fault_low
step2e_regression_clip,11,W3_b01,maha_mean,case04,case01,156.55602770247907,100.4720621803302,1.0,fault_high
step2e_regression_clip,11,W3_b01,maha_mean,case04,case02,156.55602770247907,100.07337413622196,1.0,fault_high
step2e_regression_clip,11,W3_b01,maha_mean,case04,case03,156.55602770247907,8.697067240462026,1.0,fault_high
step2e_regression_clip,11,W3_b01,maha_mean,case05,case01,70.34463565399393,100.4720621803302,0.0,fault_low
step2e_regression_clip,11,W3_b01,maha_mean,case05,case02,70.34463565399393,100.07337413622196,0.0,fault_low
step2e_regression_clip,11,W3_b01,maha_mean,case05,case03,70.34463565399393,8.697067240462026,1.0,fault_high
step2e_regression_clip,11,W3_b01,maha_centroid,case04,case01,156.34859606205745,100.16826154205168,1.0,fault_high
step2e_regression_clip,11,W3_b01,maha_centroid,case04,case02,156.34859606205745,99.79942525550504,1.0,fault_high
step2e_regression_clip,11,W3_b01,maha_centroid,case04,case03,156.34859606205745,3.4567252748092825,1.0,fault_high
step2e_regression_clip,11,W3_b01,maha_centroid,case05,case01,69.95422697949876,100.16826154205168,0.0,fault_low
step2e_regression_clip,11,W3_b01,maha_centroid,case05,case02,69.95422697949876,99.79942525550504,0.0,fault_low
step2e_regression_clip,11,W3_b01,maha_centroid,case05,case03,69.95422697949876,3.4567252748092825,1.0,fault_high
step2e_regression_clip,11,W3_b01,cov_distance,case04,case01,0.7861030970516999,0.9000776647118274,0.0,fault_low
step2e_regression_clip,11,W3_b01,cov_distance,case04,case02,0.7861030970516999,0.7503579355587843,0.6666666666666666,fault_high
step2e_regression_clip,11,W3_b01,cov_distance,case04,case03,0.7861030970516999,0.7714152917966735,0.6666666666666666,fault_high
step2e_regression_clip,11,W3_b01,cov_distance,case05,case01,0.771925685438614,0.9000776647118274,0.3333333333333333,fault_low
step2e_regression_clip,11,W3_b01,cov_distance,case05,case02,0.771925685438614,0.7503579355587843,0.6666666666666666,fault_high
step2e_regression_clip,11,W3_b01,cov_distance,case05,case03,0.771925685438614,0.7714152917966735,0.6666666666666666,fault_high
step2e_regression_clip,11,W3_b01,corr_distance,case04,case01,0.1104402871436986,0.1446010928566855,0.0,fault_low
step2e_regression_clip,11,W3_b01,corr_distance,case04,case02,0.1104402871436986,0.1368583440446499,0.0,fault_low
step2e_regression_clip,11,W3_b01,corr_distance,case04,case03,0.1104402871436986,0.1042953715102368,1.0,fault_high
step2e_regression_clip,11,W3_b01,corr_distance,case05,case01,0.1223194508180017,0.1446010928566855,0.0,fault_low
step2e_regression_clip,11,W3_b01,corr_distance,case05,case02,0.1223194508180017,0.1368583440446499,0.0,fault_low
step2e_regression_clip,11,W3_b01,corr_distance,case05,case03,0.1223194508180017,0.1042953715102368,1.0,fault_high
step2e_regression_clip,11,W3_b01,manip_energy,case04,case01,0.5262353842786118,0.4671098375242518,1.0,fault_high
step2e_regression_clip,11,W3_b01,manip_energy,case04,case02,0.5262353842786118,0.4692859489175843,1.0,fault_high
step2e_regression_clip,11,W3_b01,manip_energy,case04,case03,0.5262353842786118,0.1890240765282161,1.0,fault_high
step2e_regression_clip,11,W3_b01,manip_energy,case05,case01,0.3387541530491704,0.4671098375242518,0.0,fault_low
step2e_regression_clip,11,W3_b01,manip_energy,case05,case02,0.3387541530491704,0.4692859489175843,0.0,fault_low
step2e_regression_clip,11,W3_b01,manip_energy,case05,case03,0.3387541530491704,0.1890240765282161,1.0,fault_high
step2e_regression_clip,11,W3_b01,near_constant_energy,case04,case01,0.2593115363224682,0.1609238977052806,1.0,fault_high
step2e_regression_clip,11,W3_b01,near_constant_energy,case04,case02,0.2593115363224682,0.1609930249248037,1.0,fault_high
step2e_regression_clip,11,W3_b01,near_constant_energy,case04,case03,0.2593115363224682,0.0578631906009415,1.0,fault_high
step2e_regression_clip,11,W3_b01,near_constant_energy,case05,case01,0.0611523774650068,0.1609238977052806,0.0,fault_low
step2e_regression_clip,11,W3_b01,near_constant_energy,case05,case02,0.0611523774650068,0.1609930249248037,0.0,fault_low
step2e_regression_clip,11,W3_b01,near_constant_energy,case05,case03,0.0611523774650068,0.0578631906009415,0.6666666666666666,fault_high
step2e_regression_clip,11,W3_b01,top5_energy,case04,case01,0.9512696721068964,0.3935604404320363,1.0,fault_high
step2e_regression_clip,11,W3_b01,top5_energy,case04,case02,0.9512696721068964,0.3924826976435515,1.0,fault_high
step2e_regression_clip,11,W3_b01,top5_energy,case04,case03,0.9512696721068964,0.2477515375949281,1.0,fault_high
step2e_regression_clip,11,W3_b01,top5_energy,case05,case01,0.6320458204321525,0.3935604404320363,1.0,fault_high
step2e_regression_clip,11,W3_b01,top5_energy,case05,case02,0.6320458204321525,0.3924826976435515,1.0,fault_high
step2e_regression_clip,11,W3_b01,top5_energy,case05,case03,0.6320458204321525,0.2477515375949281,1.0,fault_high
step2e_regression_clip,11,W3_b01,direction_cosine,case04,case01,-0.1268187908311005,0.2265916539345059,0.0,fault_low
step2e_regression_clip,11,W3_b01,direction_cosine,case04,case02,-0.1268187908311005,-0.2077651666362079,1.0,fault_high
step2e_regression_clip,11,W3_b01,direction_cosine,case04,case03,-0.1268187908311005,0.2331999137708359,0.0,fault_low
step2e_regression_clip,11,W3_b01,direction_cosine,case05,case01,-0.0776742992738068,0.2265916539345059,0.0,fault_low
step2e_regression_clip,11,W3_b01,direction_cosine,case05,case02,-0.0776742992738068,-0.2077651666362079,1.0,fault_high
step2e_regression_clip,11,W3_b01,direction_cosine,case05,case03,-0.0776742992738068,0.2331999137708359,0.0,fault_low
step2e_regression_clip,22,W1,log_score,case04,case01,3.668733566307492,4.266950491018798,0.0,fault_low
step2e_regression_clip,22,W1,log_score,case04,case02,3.668733566307492,4.262300506035059,0.0,fault_low
step2e_regression_clip,22,W1,log_score,case04,case03,3.668733566307492,2.044683754413128,1.0,fault_high
step2e_regression_clip,22,W1,log_score,case05,case01,3.8597755779260665,4.266950491018798,0.0,fault_low
step2e_regression_clip,22,W1,log_score,case05,case02,3.8597755779260665,4.262300506035059,0.0,fault_low
step2e_regression_clip,22,W1,log_score,case05,case03,3.8597755779260665,2.044683754413128,1.0,fault_high
step2e_regression_clip,22,W1,cv,case04,case01,0.015905228293373,0.0095301490626903,1.0,fault_high
step2e_regression_clip,22,W1,cv,case04,case02,0.015905228293373,0.0089984873295941,1.0,fault_high
step2e_regression_clip,22,W1,cv,case04,case03,0.015905228293373,0.1141390834909603,0.0,fault_low
step2e_regression_clip,22,W1,cv,case05,case01,0.0179188997376773,0.0095301490626903,1.0,fault_high
step2e_regression_clip,22,W1,cv,case05,case02,0.0179188997376773,0.0089984873295941,1.0,fault_high
step2e_regression_clip,22,W1,cv,case05,case03,0.0179188997376773,0.1141390834909603,0.0,fault_low
step2e_regression_clip,22,W1,maha_mean,case04,case01,212.63100751442167,148.66056061351298,1.0,fault_high
step2e_regression_clip,22,W1,maha_mean,case04,case02,212.63100751442167,147.7140097472399,1.0,fault_high
step2e_regression_clip,22,W1,maha_mean,case04,case03,212.63100751442167,11.342173138936175,1.0,fault_high
step2e_regression_clip,22,W1,maha_mean,case05,case01,104.7445689582178,148.66056061351298,0.0,fault_low
step2e_regression_clip,22,W1,maha_mean,case05,case02,104.7445689582178,147.7140097472399,0.0,fault_low
step2e_regression_clip,22,W1,maha_mean,case05,case03,104.7445689582178,11.342173138936175,1.0,fault_high
step2e_regression_clip,22,W1,maha_centroid,case04,case01,212.37656064882344,148.32252410704274,1.0,fault_high
step2e_regression_clip,22,W1,maha_centroid,case04,case02,212.37656064882344,147.40973368277176,1.0,fault_high
step2e_regression_clip,22,W1,maha_centroid,case04,case03,212.37656064882344,3.919122647159584,1.0,fault_high
step2e_regression_clip,22,W1,maha_centroid,case05,case01,104.23656810688246,148.32252410704274,0.0,fault_low
step2e_regression_clip,22,W1,maha_centroid,case05,case02,104.23656810688246,147.40973368277176,0.0,fault_low
step2e_regression_clip,22,W1,maha_centroid,case05,case03,104.23656810688246,3.919122647159584,1.0,fault_high
step2e_regression_clip,22,W1,cov_distance,case04,case01,1.3132663928023591,1.2573545947784042,0.3333333333333333,fault_high
step2e_regression_clip,22,W1,cov_distance,case04,case02,1.3132663928023591,0.986980470732828,1.0,fault_high
step2e_regression_clip,22,W1,cov_distance,case04,case03,1.3132663928023591,1.262134065012758,0.6666666666666666,fault_high
step2e_regression_clip,22,W1,cov_distance,case05,case01,1.553929698735031,1.2573545947784042,0.6666666666666666,fault_high
step2e_regression_clip,22,W1,cov_distance,case05,case02,1.553929698735031,0.986980470732828,1.0,fault_high
step2e_regression_clip,22,W1,cov_distance,case05,case03,1.553929698735031,1.262134065012758,1.0,fault_high
step2e_regression_clip,22,W1,corr_distance,case04,case01,0.1078146100548607,0.1491371871424351,0.0,fault_low
step2e_regression_clip,22,W1,corr_distance,case04,case02,0.1078146100548607,0.1501767242995332,0.0,fault_low
step2e_regression_clip,22,W1,corr_distance,case04,case03,0.1078146100548607,0.0996849573724653,1.0,fault_high
step2e_regression_clip,22,W1,corr_distance,case05,case01,0.1125132047965926,0.1491371871424351,0.0,fault_low
step2e_regression_clip,22,W1,corr_distance,case05,case02,0.1125132047965926,0.1501767242995332,0.0,fault_low
step2e_regression_clip,22,W1,corr_distance,case05,case03,0.1125132047965926,0.0996849573724653,1.0,fault_high
step2e_regression_clip,22,W1,manip_energy,case04,case01,0.517768225991078,0.4705031352201835,1.0,fault_high
step2e_regression_clip,22,W1,manip_energy,case04,case02,0.517768225991078,0.4637799762145601,1.0,fault_high
step2e_regression_clip,22,W1,manip_energy,case04,case03,0.517768225991078,0.1720611307311136,1.0,fault_high
step2e_regression_clip,22,W1,manip_energy,case05,case01,0.3184420442788671,0.4705031352201835,0.0,fault_low
step2e_regression_clip,22,W1,manip_energy,case05,case02,0.3184420442788671,0.4637799762145601,0.0,fault_low
step2e_regression_clip,22,W1,manip_energy,case05,case03,0.3184420442788671,0.1720611307311136,1.0,fault_high
step2e_regression_clip,22,W1,near_constant_energy,case04,case01,0.2609004178387326,0.1604499711317857,1.0,fault_high
step2e_regression_clip,22,W1,near_constant_energy,case04,case02,0.2609004178387326,0.1578910328511427,1.0,fault_high
step2e_regression_clip,22,W1,near_constant_energy,case04,case03,0.2609004178387326,0.0575017044046305,1.0,fault_high
step2e_regression_clip,22,W1,near_constant_energy,case05,case01,0.0575857501585354,0.1604499711317857,0.0,fault_low
step2e_regression_clip,22,W1,near_constant_energy,case05,case02,0.0575857501585354,0.1578910328511427,0.0,fault_low
step2e_regression_clip,22,W1,near_constant_energy,case05,case03,0.0575857501585354,0.0575017044046305,0.6666666666666666,fault_high
step2e_regression_clip,22,W1,top5_energy,case04,case01,0.9470433053479004,0.3985141395193731,1.0,fault_high
step2e_regression_clip,22,W1,top5_energy,case04,case02,0.9470433053479004,0.3957864651467582,1.0,fault_high
step2e_regression_clip,22,W1,top5_energy,case04,case03,0.9470433053479004,0.2359991220362403,1.0,fault_high
step2e_regression_clip,22,W1,top5_energy,case05,case01,0.6474787457740903,0.3985141395193731,1.0,fault_high
step2e_regression_clip,22,W1,top5_energy,case05,case02,0.6474787457740903,0.3957864651467582,1.0,fault_high
step2e_regression_clip,22,W1,top5_energy,case05,case03,0.6474787457740903,0.2359991220362403,1.0,fault_high
step2e_regression_clip,22,W1,direction_cosine,case04,case01,0.0470678228772362,0.0258493985891673,1.0,fault_high
step2e_regression_clip,22,W1,direction_cosine,case04,case02,0.0470678228772362,-0.0352590110259112,1.0,fault_high
step2e_regression_clip,22,W1,direction_cosine,case04,case03,0.0470678228772362,0.0417628830216819,0.3333333333333333,fault_high
step2e_regression_clip,22,W1,direction_cosine,case05,case01,-0.0656309438808164,0.0258493985891673,0.0,fault_low
step2e_regression_clip,22,W1,direction_cosine,case05,case02,-0.0656309438808164,-0.0352590110259112,0.0,fault_low
step2e_regression_clip,22,W1,direction_cosine,case05,case03,-0.0656309438808164,0.0417628830216819,0.0,fault_low
step2e_regression_clip,22,W2_f0995,log_score,case04,case01,3.68273079062557,4.268274470713967,0.0,fault_low
step2e_regression_clip,22,W2_f0995,log_score,case04,case02,3.68273079062557,4.273400311929638,0.0,fault_low
step2e_regression_clip,22,W2_f0995,log_score,case04,case03,3.68273079062557,2.02494897447163,1.0,fault_high
step2e_regression_clip,22,W2_f0995,log_score,case05,case01,3.8769065017077526,4.268274470713967,0.0,fault_low
step2e_regression_clip,22,W2_f0995,log_score,case05,case02,3.8769065017077526,4.273400311929638,0.0,fault_low
step2e_regression_clip,22,W2_f0995,log_score,case05,case03,3.8769065017077526,2.02494897447163,1.0,fault_high
step2e_regression_clip,22,W2_f0995,cv,case04,case01,0.0139112168319106,0.0093532888373957,1.0,fault_high
step2e_regression_clip,22,W2_f0995,cv,case04,case02,0.0139112168319106,0.0088612685482216,1.0,fault_high
step2e_regression_clip,22,W2_f0995,cv,case04,case03,0.0139112168319106,0.1206026235354342,0.0,fault_low
step2e_regression_clip,22,W2_f0995,cv,case05,case01,0.0172332056202717,0.0093532888373957,1.0,fault_high
step2e_regression_clip,22,W2_f0995,cv,case05,case02,0.0172332056202717,0.0088612685482216,1.0,fault_high
step2e_regression_clip,22,W2_f0995,cv,case05,case03,0.0172332056202717,0.1206026235354342,0.0,fault_low
step2e_regression_clip,22,W2_f0995,maha_mean,case04,case01,144.85174297197432,94.08160538176124,1.0,fault_high
step2e_regression_clip,22,W2_f0995,maha_mean,case04,case02,144.85174297197432,93.4887461842654,1.0,fault_high
step2e_regression_clip,22,W2_f0995,maha_mean,case04,case03,144.85174297197432,8.361471821604749,1.0,fault_high
step2e_regression_clip,22,W2_f0995,maha_mean,case05,case01,65.24403380554315,94.08160538176124,0.0,fault_low
step2e_regression_clip,22,W2_f0995,maha_mean,case05,case02,65.24403380554315,93.4887461842654,0.0,fault_low
step2e_regression_clip,22,W2_f0995,maha_mean,case05,case03,65.24403380554315,8.361471821604749,1.0,fault_high
step2e_regression_clip,22,W2_f0995,maha_centroid,case04,case01,144.64939531811228,93.79009137588493,1.0,fault_high
step2e_regression_clip,22,W2_f0995,maha_centroid,case04,case02,144.64939531811228,93.22382191691104,1.0,fault_high
step2e_regression_clip,22,W2_f0995,maha_centroid,case04,case03,144.64939531811228,3.302089035107867,1.0,fault_high
step2e_regression_clip,22,W2_f0995,maha_centroid,case05,case01,64.87967013418898,93.79009137588493,0.0,fault_low
step2e_regression_clip,22,W2_f0995,maha_centroid,case05,case02,64.87967013418898,93.22382191691104,0.0,fault_low
step2e_regression_clip,22,W2_f0995,maha_centroid,case05,case03,64.87967013418898,3.302089035107867,1.0,fault_high
step2e_regression_clip,22,W2_f0995,cov_distance,case04,case01,0.6608272885423173,0.8401640026612438,0.0,fault_low
step2e_regression_clip,22,W2_f0995,cov_distance,case04,case02,0.6608272885423173,0.7103553389472507,0.3333333333333333,fault_low
step2e_regression_clip,22,W2_f0995,cov_distance,case04,case03,0.6608272885423173,0.715364374045822,0.3333333333333333,fault_low
step2e_regression_clip,22,W2_f0995,cov_distance,case05,case01,0.691348551385695,0.8401640026612438,0.3333333333333333,fault_low
step2e_regression_clip,22,W2_f0995,cov_distance,case05,case02,0.691348551385695,0.7103553389472507,0.3333333333333333,fault_low
step2e_regression_clip,22,W2_f0995,cov_distance,case05,case03,0.691348551385695,0.715364374045822,0.3333333333333333,fault_low
step2e_regression_clip,22,W2_f0995,corr_distance,case04,case01,0.1119705028955348,0.1530891457605165,0.0,fault_low
step2e_regression_clip,22,W2_f0995,corr_distance,case04,case02,0.1119705028955348,0.1431181020284748,0.0,fault_low
step2e_regression_clip,22,W2_f0995,corr_distance,case04,case03,0.1119705028955348,0.1051396192954195,1.0,fault_high
step2e_regression_clip,22,W2_f0995,corr_distance,case05,case01,0.1276701923975269,0.1530891457605165,0.0,fault_low
step2e_regression_clip,22,W2_f0995,corr_distance,case05,case02,0.1276701923975269,0.1431181020284748,0.0,fault_low
step2e_regression_clip,22,W2_f0995,corr_distance,case05,case03,0.1276701923975269,0.1051396192954195,1.0,fault_high
step2e_regression_clip,22,W2_f0995,manip_energy,case04,case01,0.5202469926399724,0.4717464280606697,1.0,fault_high
step2e_regression_clip,22,W2_f0995,manip_energy,case04,case02,0.5202469926399724,0.4698279656823603,1.0,fault_high
step2e_regression_clip,22,W2_f0995,manip_energy,case04,case03,0.5202469926399724,0.1993194814529192,1.0,fault_high
step2e_regression_clip,22,W2_f0995,manip_energy,case05,case01,0.3281616352713995,0.4717464280606697,0.0,fault_low
step2e_regression_clip,22,W2_f0995,manip_energy,case05,case02,0.3281616352713995,0.4698279656823603,0.0,fault_low
step2e_regression_clip,22,W2_f0995,manip_energy,case05,case03,0.3281616352713995,0.1993194814529192,1.0,fault_high
step2e_regression_clip,22,W2_f0995,near_constant_energy,case04,case01,0.2567912281345121,0.1636237506284078,1.0,fault_high
step2e_regression_clip,22,W2_f0995,near_constant_energy,case04,case02,0.2567912281345121,0.1607508912995447,1.0,fault_high
step2e_regression_clip,22,W2_f0995,near_constant_energy,case04,case03,0.2567912281345121,0.0575983855354742,1.0,fault_high
step2e_regression_clip,22,W2_f0995,near_constant_energy,case05,case01,0.0592122530590382,0.1636237506284078,0.0,fault_low
step2e_regression_clip,22,W2_f0995,near_constant_energy,case05,case02,0.0592122530590382,0.1607508912995447,0.0,fault_low
step2e_regression_clip,22,W2_f0995,near_constant_energy,case05,case03,0.0592122530590382,0.0575983855354742,0.6666666666666666,fault_high
step2e_regression_clip,22,W2_f0995,top5_energy,case04,case01,0.9506427775544988,0.3933365248342311,1.0,fault_high
step2e_regression_clip,22,W2_f0995,top5_energy,case04,case02,0.9506427775544988,0.3934413849257033,1.0,fault_high
step2e_regression_clip,22,W2_f0995,top5_energy,case04,case03,0.9506427775544988,0.2557990156564715,1.0,fault_high
step2e_regression_clip,22,W2_f0995,top5_energy,case05,case01,0.6390604998119865,0.3933365248342311,1.0,fault_high
step2e_regression_clip,22,W2_f0995,top5_energy,case05,case02,0.6390604998119865,0.3934413849257033,1.0,fault_high
step2e_regression_clip,22,W2_f0995,top5_energy,case05,case03,0.6390604998119865,0.2557990156564715,1.0,fault_high
step2e_regression_clip,22,W2_f0995,direction_cosine,case04,case01,-0.1671960055627544,-0.2124692872025482,1.0,fault_high
step2e_regression_clip,22,W2_f0995,direction_cosine,case04,case02,-0.1671960055627544,0.2181663808694104,0.0,fault_low
step2e_regression_clip,22,W2_f0995,direction_cosine,case04,case03,-0.1671960055627544,0.0200258082154526,0.0,fault_low
step2e_regression_clip,22,W2_f0995,direction_cosine,case05,case01,-0.3692011776482511,-0.2124692872025482,0.0,fault_low
step2e_regression_clip,22,W2_f0995,direction_cosine,case05,case02,-0.3692011776482511,0.2181663808694104,0.0,fault_low
step2e_regression_clip,22,W2_f0995,direction_cosine,case05,case03,-0.3692011776482511,0.0200258082154526,0.0,fault_low
step2e_regression_clip,22,W3_b01,log_score,case04,case01,3.676570311053645,4.269680536883888,0.0,fault_low
step2e_regression_clip,22,W3_b01,log_score,case04,case02,3.676570311053645,4.269072070036292,0.0,fault_low
step2e_regression_clip,22,W3_b01,log_score,case04,case03,3.676570311053645,1.999480589692863,1.0,fault_high
step2e_regression_clip,22,W3_b01,log_score,case05,case01,3.8829279473255087,4.269680536883888,0.0,fault_low
step2e_regression_clip,22,W3_b01,log_score,case05,case02,3.8829279473255087,4.269072070036292,0.0,fault_low
step2e_regression_clip,22,W3_b01,log_score,case05,case03,3.8829279473255087,1.999480589692863,1.0,fault_high
step2e_regression_clip,22,W3_b01,cv,case04,case01,0.0133837553853583,0.0093447061854107,1.0,fault_high
step2e_regression_clip,22,W3_b01,cv,case04,case02,0.0133837553853583,0.0089195444127765,1.0,fault_high
step2e_regression_clip,22,W3_b01,cv,case04,case03,0.0133837553853583,0.1169876586892478,0.0,fault_low
step2e_regression_clip,22,W3_b01,cv,case05,case01,0.0173500893915345,0.0093447061854107,1.0,fault_high
step2e_regression_clip,22,W3_b01,cv,case05,case02,0.0173500893915345,0.0089195444127765,1.0,fault_high
step2e_regression_clip,22,W3_b01,cv,case05,case03,0.0173500893915345,0.1169876586892478,0.0,fault_low
step2e_regression_clip,22,W3_b01,maha_mean,case04,case01,154.48923206676517,104.97924663491575,1.0,fault_high
step2e_regression_clip,22,W3_b01,maha_mean,case04,case02,154.48923206676517,104.58906198576348,1.0,fault_high
step2e_regression_clip,22,W3_b01,maha_mean,case04,case03,154.48923206676517,8.676769851734331,1.0,fault_high
step2e_regression_clip,22,W3_b01,maha_mean,case05,case01,69.43149626298694,104.97924663491575,0.0,fault_low
step2e_regression_clip,22,W3_b01,maha_mean,case05,case02,69.43149626298694,104.58906198576348,0.0,fault_low
step2e_regression_clip,22,W3_b01,maha_mean,case05,case03,69.43149626298694,8.676769851734331,1.0,fault_high
step2e_regression_clip,22,W3_b01,maha_centroid,case04,case01,154.28018571593827,104.6899454225094,1.0,fault_high
step2e_regression_clip,22,W3_b01,maha_centroid,case04,case02,154.28018571593827,104.32284837970664,1.0,fault_high
step2e_regression_clip,22,W3_b01,maha_centroid,case04,case03,154.28018571593827,3.420889124955838,1.0,fault_high
step2e_regression_clip,22,W3_b01,maha_centroid,case05,case01,69.02768565047498,104.6899454225094,0.0,fault_low
step2e_regression_clip,22,W3_b01,maha_centroid,case05,case02,69.02768565047498,104.32284837970664,0.0,fault_low
step2e_regression_clip,22,W3_b01,maha_centroid,case05,case03,69.02768565047498,3.420889124955838,1.0,fault_high
step2e_regression_clip,22,W3_b01,cov_distance,case04,case01,0.7708830948262547,0.8864259631981217,0.0,fault_low
step2e_regression_clip,22,W3_b01,cov_distance,case04,case02,0.7708830948262547,0.7352068070615017,0.6666666666666666,fault_high
step2e_regression_clip,22,W3_b01,cov_distance,case04,case03,0.7708830948262547,0.7700494454385023,0.6666666666666666,fault_high
step2e_regression_clip,22,W3_b01,cov_distance,case05,case01,0.7828975838820499,0.8864259631981217,0.3333333333333333,fault_low
step2e_regression_clip,22,W3_b01,cov_distance,case05,case02,0.7828975838820499,0.7352068070615017,0.6666666666666666,fault_high
step2e_regression_clip,22,W3_b01,cov_distance,case05,case03,0.7828975838820499,0.7700494454385023,0.6666666666666666,fault_high
step2e_regression_clip,22,W3_b01,corr_distance,case04,case01,0.1136284036090933,0.1487144314860451,0.0,fault_low
step2e_regression_clip,22,W3_b01,corr_distance,case04,case02,0.1136284036090933,0.1396513981882032,0.0,fault_low
step2e_regression_clip,22,W3_b01,corr_distance,case04,case03,0.1136284036090933,0.1059356916446747,1.0,fault_high
step2e_regression_clip,22,W3_b01,corr_distance,case05,case01,0.1261568386681676,0.1487144314860451,0.0,fault_low
step2e_regression_clip,22,W3_b01,corr_distance,case05,case02,0.1261568386681676,0.1396513981882032,0.0,fault_low
step2e_regression_clip,22,W3_b01,corr_distance,case05,case03,0.1261568386681676,0.1059356916446747,1.0,fault_high
step2e_regression_clip,22,W3_b01,manip_energy,case04,case01,0.5260790482609833,0.4673241847425989,1.0,fault_high
step2e_regression_clip,22,W3_b01,manip_energy,case04,case02,0.5260790482609833,0.4695879783524837,1.0,fault_high
step2e_regression_clip,22,W3_b01,manip_energy,case04,case03,0.5260790482609833,0.1862226477901056,1.0,fault_high
step2e_regression_clip,22,W3_b01,manip_energy,case05,case01,0.3404968256506949,0.4673241847425989,0.0,fault_low
step2e_regression_clip,22,W3_b01,manip_energy,case05,case02,0.3404968256506949,0.4695879783524837,0.0,fault_low
step2e_regression_clip,22,W3_b01,manip_energy,case05,case03,0.3404968256506949,0.1862226477901056,1.0,fault_high
step2e_regression_clip,22,W3_b01,near_constant_energy,case04,case01,0.2603205309600596,0.1599940205688348,1.0,fault_high
step2e_regression_clip,22,W3_b01,near_constant_energy,case04,case02,0.2603205309600596,0.1601394603731693,1.0,fault_high
step2e_regression_clip,22,W3_b01,near_constant_energy,case04,case03,0.2603205309600596,0.0570100747582912,1.0,fault_high
step2e_regression_clip,22,W3_b01,near_constant_energy,case05,case01,0.0613903879643564,0.1599940205688348,0.0,fault_low
step2e_regression_clip,22,W3_b01,near_constant_energy,case05,case02,0.0613903879643564,0.1601394603731693,0.0,fault_low
step2e_regression_clip,22,W3_b01,near_constant_energy,case05,case03,0.0613903879643564,0.0570100747582912,0.6666666666666666,fault_high
step2e_regression_clip,22,W3_b01,top5_energy,case04,case01,0.9517543767988504,0.3961470069906773,1.0,fault_high
step2e_regression_clip,22,W3_b01,top5_energy,case04,case02,0.9517543767988504,0.3920508783976077,1.0,fault_high
step2e_regression_clip,22,W3_b01,top5_energy,case04,case03,0.9517543767988504,0.2462958804103363,1.0,fault_high
step2e_regression_clip,22,W3_b01,top5_energy,case05,case01,0.6356688139900837,0.3961470069906773,1.0,fault_high
step2e_regression_clip,22,W3_b01,top5_energy,case05,case02,0.6356688139900837,0.3920508783976077,1.0,fault_high
step2e_regression_clip,22,W3_b01,top5_energy,case05,case03,0.6356688139900837,0.2462958804103363,1.0,fault_high
step2e_regression_clip,22,W3_b01,direction_cosine,case04,case01,-0.1264087543558339,0.21933843099541,0.0,fault_low
step2e_regression_clip,22,W3_b01,direction_cosine,case04,case02,-0.1264087543558339,-0.1998775018859058,1.0,fault_high
step2e_regression_clip,22,W3_b01,direction_cosine,case04,case03,-0.1264087543558339,0.2658298659007294,0.0,fault_low
step2e_regression_clip,22,W3_b01,direction_cosine,case05,case01,-0.0365166405942007,0.21933843099541,0.0,fault_low
step2e_regression_clip,22,W3_b01,direction_cosine,case05,case02,-0.0365166405942007,-0.1998775018859058,1.0,fault_high
step2e_regression_clip,22,W3_b01,direction_cosine,case05,case03,-0.0365166405942007,0.2658298659007294,0.0,fault_low
step2e_regression_clip,33,W1,log_score,case04,case01,3.653432894944761,4.259361206547641,0.0,fault_low
step2e_regression_clip,33,W1,log_score,case04,case02,3.653432894944761,4.267310077662913,0.0,fault_low
step2e_regression_clip,33,W1,log_score,case04,case03,3.653432894944761,2.0547616579831685,1.0,fault_high
step2e_regression_clip,33,W1,log_score,case05,case01,3.856045427188325,4.259361206547641,0.0,fault_low
step2e_regression_clip,33,W1,log_score,case05,case02,3.856045427188325,4.267310077662913,0.0,fault_low
step2e_regression_clip,33,W1,log_score,case05,case03,3.856045427188325,2.0547616579831685,1.0,fault_high
step2e_regression_clip,33,W1,cv,case04,case01,0.013006954010706,0.0094337794334339,1.0,fault_high
step2e_regression_clip,33,W1,cv,case04,case02,0.013006954010706,0.0092935123890412,1.0,fault_high
step2e_regression_clip,33,W1,cv,case04,case03,0.013006954010706,0.1171704577244797,0.0,fault_low
step2e_regression_clip,33,W1,cv,case05,case01,0.0181576785441693,0.0094337794334339,1.0,fault_high
step2e_regression_clip,33,W1,cv,case05,case02,0.0181576785441693,0.0092935123890412,1.0,fault_high
step2e_regression_clip,33,W1,cv,case05,case03,0.0181576785441693,0.1171704577244797,0.0,fault_low
step2e_regression_clip,33,W1,maha_mean,case04,case01,212.88368074681432,145.07856646124955,1.0,fault_high
step2e_regression_clip,33,W1,maha_mean,case04,case02,212.88368074681432,144.13963070400038,1.0,fault_high
step2e_regression_clip,33,W1,maha_mean,case04,case03,212.88368074681432,11.268212867933215,1.0,fault_high
step2e_regression_clip,33,W1,maha_mean,case05,case01,115.0406645924572,145.07856646124955,0.0,fault_low
step2e_regression_clip,33,W1,maha_mean,case05,case02,115.0406645924572,144.13963070400038,0.0,fault_low
step2e_regression_clip,33,W1,maha_mean,case05,case03,115.0406645924572,11.268212867933215,1.0,fault_high
step2e_regression_clip,33,W1,maha_centroid,case04,case01,212.6021907764946,144.7457894681672,1.0,fault_high
step2e_regression_clip,33,W1,maha_centroid,case04,case02,212.6021907764946,143.83413336574418,1.0,fault_high
step2e_regression_clip,33,W1,maha_centroid,case04,case03,212.6021907764946,3.7677634160146,1.0,fault_high
step2e_regression_clip,33,W1,maha_centroid,case05,case01,114.55175145084168,144.7457894681672,0.0,fault_low
step2e_regression_clip,33,W1,maha_centroid,case05,case02,114.55175145084168,143.83413336574418,0.0,fault_low
step2e_regression_clip,33,W1,maha_centroid,case05,case03,114.55175145084168,3.7677634160146,1.0,fault_high
step2e_regression_clip,33,W1,cov_distance,case04,case01,1.3771917770998174,1.1900297015497423,1.0,fault_high
step2e_regression_clip,33,W1,cov_distance,case04,case02,1.3771917770998174,0.9554212974231552,1.0,fault_high
step2e_regression_clip,33,W1,cov_distance,case04,case03,1.3771917770998174,1.2907208885240846,0.6666666666666666,fault_high
step2e_regression_clip,33,W1,cov_distance,case05,case01,1.4924747651369237,1.1900297015497423,0.6666666666666666,fault_high
step2e_regression_clip,33,W1,cov_distance,case05,case02,1.4924747651369237,0.9554212974231552,1.0,fault_high
step2e_regression_clip,33,W1,cov_distance,case05,case03,1.4924747651369237,1.2907208885240846,0.6666666666666666,fault_high
step2e_regression_clip,33,W1,corr_distance,case04,case01,0.1063796542005693,0.1668353769612527,0.0,fault_low
step2e_regression_clip,33,W1,corr_distance,case04,case02,0.1063796542005693,0.1459056523930184,0.0,fault_low
step2e_regression_clip,33,W1,corr_distance,case04,case03,0.1063796542005693,0.104848589355803,1.0,fault_high
step2e_regression_clip,33,W1,corr_distance,case05,case01,0.1178088952164262,0.1668353769612527,0.0,fault_low
step2e_regression_clip,33,W1,corr_distance,case05,case02,0.1178088952164262,0.1459056523930184,0.0,fault_low
step2e_regression_clip,33,W1,corr_distance,case05,case03,0.1178088952164262,0.104848589355803,1.0,fault_high
step2e_regression_clip,33,W1,manip_energy,case04,case01,0.5112754716616458,0.4685710612851907,1.0,fault_high
step2e_regression_clip,33,W1,manip_energy,case04,case02,0.5112754716616458,0.4714777923186951,1.0,fault_high
step2e_regression_clip,33,W1,manip_energy,case04,case03,0.5112754716616458,0.1829822899753156,1.0,fault_high
step2e_regression_clip,33,W1,manip_energy,case05,case01,0.3192968173752425,0.4685710612851907,0.0,fault_low
step2e_regression_clip,33,W1,manip_energy,case05,case02,0.3192968173752425,0.4714777923186951,0.0,fault_low
step2e_regression_clip,33,W1,manip_energy,case05,case03,0.3192968173752425,0.1829822899753156,1.0,fault_high
step2e_regression_clip,33,W1,near_constant_energy,case04,case01,0.2717493205291552,0.1622184910753609,1.0,fault_high
step2e_regression_clip,33,W1,near_constant_energy,case04,case02,0.2717493205291552,0.1719803942785751,1.0,fault_high
step2e_regression_clip,33,W1,near_constant_energy,case04,case03,0.2717493205291552,0.0598661242754904,1.0,fault_high
step2e_regression_clip,33,W1,near_constant_energy,case05,case01,0.0573769953907674,0.1622184910753609,0.0,fault_low
step2e_regression_clip,33,W1,near_constant_energy,case05,case02,0.0573769953907674,0.1719803942785751,0.0,fault_low
step2e_regression_clip,33,W1,near_constant_energy,case05,case03,0.0573769953907674,0.0598661242754904,0.0,fault_low
step2e_regression_clip,33,W1,top5_energy,case04,case01,0.9420060354794758,0.3946954093793899,1.0,fault_high
step2e_regression_clip,33,W1,top5_energy,case04,case02,0.9420060354794758,0.4005192971915692,1.0,fault_high
step2e_regression_clip,33,W1,top5_energy,case04,case03,0.9420060354794758,0.238524381515579,1.0,fault_high
step2e_regression_clip,33,W1,top5_energy,case05,case01,0.6365105031035295,0.3946954093793899,1.0,fault_high
step2e_regression_clip,33,W1,top5_energy,case05,case02,0.6365105031035295,0.4005192971915692,1.0,fault_high
step2e_regression_clip,33,W1,top5_energy,case05,case03,0.6365105031035295,0.238524381515579,1.0,fault_high
step2e_regression_clip,33,W1,direction_cosine,case04,case01,0.0455836430420443,-0.2017251669592343,1.0,fault_high
step2e_regression_clip,33,W1,direction_cosine,case04,case02,0.0455836430420443,0.2046845836981592,0.0,fault_low
step2e_regression_clip,33,W1,direction_cosine,case04,case03,0.0455836430420443,0.103135082846679,0.3333333333333333,fault_low
step2e_regression_clip,33,W1,direction_cosine,case05,case01,-0.1748536091019854,-0.2017251669592343,1.0,fault_high
step2e_regression_clip,33,W1,direction_cosine,case05,case02,-0.1748536091019854,0.2046845836981592,0.0,fault_low
step2e_regression_clip,33,W1,direction_cosine,case05,case03,-0.1748536091019854,0.103135082846679,0.0,fault_low
step2e_regression_clip,33,W2_f0995,log_score,case04,case01,3.6825703607367615,4.26823024264985,0.0,fault_low
step2e_regression_clip,33,W2_f0995,log_score,case04,case02,3.6825703607367615,4.273621294897806,0.0,fault_low
step2e_regression_clip,33,W2_f0995,log_score,case04,case03,3.6825703607367615,2.025969505991729,1.0,fault_high
step2e_regression_clip,33,W2_f0995,log_score,case05,case01,3.875818207512352,4.26823024264985,0.0,fault_low
step2e_regression_clip,33,W2_f0995,log_score,case05,case02,3.875818207512352,4.273621294897806,0.0,fault_low
step2e_regression_clip,33,W2_f0995,log_score,case05,case03,3.875818207512352,2.025969505991729,1.0,fault_high
step2e_regression_clip,33,W2_f0995,cv,case04,case01,0.0138032883199065,0.0093702742367177,1.0,fault_high
step2e_regression_clip,33,W2_f0995,cv,case04,case02,0.0138032883199065,0.0088579849608378,1.0,fault_high
step2e_regression_clip,33,W2_f0995,cv,case04,case03,0.0138032883199065,0.1207877136510927,0.0,fault_low
step2e_regression_clip,33,W2_f0995,cv,case05,case01,0.0172996222364926,0.0093702742367177,1.0,fault_high
step2e_regression_clip,33,W2_f0995,cv,case05,case02,0.0172996222364926,0.0088579849608378,1.0,fault_high
step2e_regression_clip,33,W2_f0995,cv,case05,case03,0.0172996222364926,0.1207877136510927,0.0,fault_low
step2e_regression_clip,33,W2_f0995,maha_mean,case04,case01,144.86590955579146,93.75051217431226,1.0,fault_high
step2e_regression_clip,33,W2_f0995,maha_mean,case04,case02,144.86590955579146,93.16533204603076,1.0,fault_high
step2e_regression_clip,33,W2_f0995,maha_mean,case04,case03,144.86590955579146,8.35845349090293,1.0,fault_high
step2e_regression_clip,33,W2_f0995,maha_mean,case05,case01,65.1931434232402,93.75051217431226,0.0,fault_low
step2e_regression_clip,33,W2_f0995,maha_mean,case05,case02,65.1931434232402,93.16533204603076,0.0,fault_low
step2e_regression_clip,33,W2_f0995,maha_mean,case05,case03,65.1931434232402,8.35845349090293,1.0,fault_high
step2e_regression_clip,33,W2_f0995,maha_centroid,case04,case01,144.6633584456884,93.45826240814048,1.0,fault_high
step2e_regression_clip,33,W2_f0995,maha_centroid,case04,case02,144.6633584456884,92.89969121955843,1.0,fault_high
step2e_regression_clip,33,W2_f0995,maha_centroid,case04,case03,144.6633584456884,3.300492229540245,1.0,fault_high
step2e_regression_clip,33,W2_f0995,maha_centroid,case05,case01,64.82891540471111,93.45826240814048,0.0,fault_low
step2e_regression_clip,33,W2_f0995,maha_centroid,case05,case02,64.82891540471111,92.89969121955843,0.0,fault_low
step2e_regression_clip,33,W2_f0995,maha_centroid,case05,case03,64.82891540471111,3.300492229540245,1.0,fault_high
step2e_regression_clip,33,W2_f0995,cov_distance,case04,case01,0.6621026641162137,0.8404993282506453,0.0,fault_low
step2e_regression_clip,33,W2_f0995,cov_distance,case04,case02,0.6621026641162137,0.7115615071639801,0.3333333333333333,fault_low
step2e_regression_clip,33,W2_f0995,cov_distance,case04,case03,0.6621026641162137,0.7158763042867924,0.3333333333333333,fault_low
step2e_regression_clip,33,W2_f0995,cov_distance,case05,case01,0.6893912057437585,0.8404993282506453,0.3333333333333333,fault_low
step2e_regression_clip,33,W2_f0995,cov_distance,case05,case02,0.6893912057437585,0.7115615071639801,0.3333333333333333,fault_low
step2e_regression_clip,33,W2_f0995,cov_distance,case05,case03,0.6893912057437585,0.7158763042867924,0.3333333333333333,fault_low
step2e_regression_clip,33,W2_f0995,corr_distance,case04,case01,0.1062251450662001,0.1447985857883441,0.0,fault_low
step2e_regression_clip,33,W2_f0995,corr_distance,case04,case02,0.1062251450662001,0.1412407532401885,0.0,fault_low
step2e_regression_clip,33,W2_f0995,corr_distance,case04,case03,0.1062251450662001,0.1051979190966618,0.6666666666666666,fault_high
step2e_regression_clip,33,W2_f0995,corr_distance,case05,case01,0.1240586995974718,0.1447985857883441,0.0,fault_low
step2e_regression_clip,33,W2_f0995,corr_distance,case05,case02,0.1240586995974718,0.1412407532401885,0.3333333333333333,fault_low
step2e_regression_clip,33,W2_f0995,corr_distance,case05,case03,0.1240586995974718,0.1051979190966618,1.0,fault_high
step2e_regression_clip,33,W2_f0995,manip_energy,case04,case01,0.5206928272086396,0.4716798477456105,1.0,fault_high
step2e_regression_clip,33,W2_f0995,manip_energy,case04,case02,0.5206928272086396,0.4697211652116437,1.0,fault_high
step2e_regression_clip,33,W2_f0995,manip_energy,case04,case03,0.5206928272086396,0.1999818759475827,1.0,fault_high
step2e_regression_clip,33,W2_f0995,manip_energy,case05,case01,0.3279852782660095,0.4716798477456105,0.0,fault_low
step2e_regression_clip,33,W2_f0995,manip_energy,case05,case02,0.3279852782660095,0.4697211652116437,0.0,fault_low
step2e_regression_clip,33,W2_f0995,manip_energy,case05,case03,0.3279852782660095,0.1999818759475827,1.0,fault_high
step2e_regression_clip,33,W2_f0995,near_constant_energy,case04,case01,0.2569210150749025,0.1637212842702768,1.0,fault_high
step2e_regression_clip,33,W2_f0995,near_constant_energy,case04,case02,0.2569210150749025,0.1609551242083602,1.0,fault_high
step2e_regression_clip,33,W2_f0995,near_constant_energy,case04,case03,0.2569210150749025,0.0576527830574828,1.0,fault_high
step2e_regression_clip,33,W2_f0995,near_constant_energy,case05,case01,0.0591604938166693,0.1637212842702768,0.0,fault_low
step2e_regression_clip,33,W2_f0995,near_constant_energy,case05,case02,0.0591604938166693,0.1609551242083602,0.0,fault_low
step2e_regression_clip,33,W2_f0995,near_constant_energy,case05,case03,0.0591604938166693,0.0576527830574828,0.6666666666666666,fault_high
step2e_regression_clip,33,W2_f0995,top5_energy,case04,case01,0.9507484917425272,0.3929341064395374,1.0,fault_high
step2e_regression_clip,33,W2_f0995,top5_energy,case04,case02,0.9507484917425272,0.3933174835617251,1.0,fault_high
step2e_regression_clip,33,W2_f0995,top5_energy,case04,case03,0.9507484917425272,0.2561428968660518,1.0,fault_high
step2e_regression_clip,33,W2_f0995,top5_energy,case05,case01,0.6390093212343793,0.3929341064395374,1.0,fault_high
step2e_regression_clip,33,W2_f0995,top5_energy,case05,case02,0.6390093212343793,0.3933174835617251,1.0,fault_high
step2e_regression_clip,33,W2_f0995,top5_energy,case05,case03,0.6390093212343793,0.2561428968660518,1.0,fault_high
step2e_regression_clip,33,W2_f0995,direction_cosine,case04,case01,-0.1564878876712439,-0.2274425120325294,1.0,fault_high
step2e_regression_clip,33,W2_f0995,direction_cosine,case04,case02,-0.1564878876712439,0.2334047183975491,0.0,fault_low
step2e_regression_clip,33,W2_f0995,direction_cosine,case04,case03,-0.1564878876712439,0.0425000880546912,0.0,fault_low
step2e_regression_clip,33,W2_f0995,direction_cosine,case05,case01,-0.3689522549977849,-0.2274425120325294,0.0,fault_low
step2e_regression_clip,33,W2_f0995,direction_cosine,case05,case02,-0.3689522549977849,0.2334047183975491,0.0,fault_low
step2e_regression_clip,33,W2_f0995,direction_cosine,case05,case03,-0.3689522549977849,0.0425000880546912,0.0,fault_low
step2e_regression_clip,33,W3_b01,log_score,case04,case01,3.676901104467318,4.272065269817106,0.0,fault_low
step2e_regression_clip,33,W3_b01,log_score,case04,case02,3.676901104467318,4.268887394868639,0.0,fault_low
step2e_regression_clip,33,W3_b01,log_score,case04,case03,3.676901104467318,2.006225563890575,1.0,fault_high
step2e_regression_clip,33,W3_b01,log_score,case05,case01,3.878077504674067,4.272065269817106,0.0,fault_low
step2e_regression_clip,33,W3_b01,log_score,case05,case02,3.878077504674067,4.268887394868639,0.0,fault_low
step2e_regression_clip,33,W3_b01,log_score,case05,case03,3.878077504674067,2.006225563890575,1.0,fault_high
step2e_regression_clip,33,W3_b01,cv,case04,case01,0.0128391212517165,0.0094539645747507,1.0,fault_high
step2e_regression_clip,33,W3_b01,cv,case04,case02,0.0128391212517165,0.0089226812068101,1.0,fault_high
step2e_regression_clip,33,W3_b01,cv,case04,case03,0.0128391212517165,0.1188767908552854,0.0,fault_low
step2e_regression_clip,33,W3_b01,cv,case05,case01,0.0177119046505623,0.0094539645747507,1.0,fault_high
step2e_regression_clip,33,W3_b01,cv,case05,case02,0.0177119046505623,0.0089226812068101,1.0,fault_high
step2e_regression_clip,33,W3_b01,cv,case05,case03,0.0177119046505623,0.1188767908552854,0.0,fault_low
step2e_regression_clip,33,W3_b01,maha_mean,case04,case01,153.5871947280564,100.70000111961136,1.0,fault_high
step2e_regression_clip,33,W3_b01,maha_mean,case04,case02,153.5871947280564,100.29385948546847,1.0,fault_high
step2e_regression_clip,33,W3_b01,maha_mean,case04,case03,153.5871947280564,8.638856962390445,1.0,fault_high
step2e_regression_clip,33,W3_b01,maha_mean,case05,case01,68.85123518947475,100.70000111961136,0.0,fault_low
step2e_regression_clip,33,W3_b01,maha_mean,case05,case02,68.85123518947475,100.29385948546847,0.0,fault_low
step2e_regression_clip,33,W3_b01,maha_mean,case05,case03,68.85123518947475,8.638856962390445,1.0,fault_high
step2e_regression_clip,33,W3_b01,maha_centroid,case04,case01,153.3769589070419,100.40075725018268,1.0,fault_high
step2e_regression_clip,33,W3_b01,maha_centroid,case04,case02,153.3769589070419,100.02081068562808,1.0,fault_high
step2e_regression_clip,33,W3_b01,maha_centroid,case04,case03,153.3769589070419,3.402881048945281,1.0,fault_high
step2e_regression_clip,33,W3_b01,maha_centroid,case05,case01,68.45594001476238,100.40075725018268,0.0,fault_low
step2e_regression_clip,33,W3_b01,maha_centroid,case05,case02,68.45594001476238,100.02081068562808,0.0,fault_low
step2e_regression_clip,33,W3_b01,maha_centroid,case05,case03,68.45594001476238,3.402881048945281,1.0,fault_high
step2e_regression_clip,33,W3_b01,cov_distance,case04,case01,0.7735805910097976,0.8953134818515781,0.0,fault_low
step2e_regression_clip,33,W3_b01,cov_distance,case04,case02,0.7735805910097976,0.7501696370470627,0.6666666666666666,fault_high
step2e_regression_clip,33,W3_b01,cov_distance,case04,case03,0.7735805910097976,0.7802317573804303,0.6666666666666666,fault_low
step2e_regression_clip,33,W3_b01,cov_distance,case05,case01,0.7758309851284505,0.8953134818515781,0.3333333333333333,fault_low
step2e_regression_clip,33,W3_b01,cov_distance,case05,case02,0.7758309851284505,0.7501696370470627,0.6666666666666666,fault_high
step2e_regression_clip,33,W3_b01,cov_distance,case05,case03,0.7758309851284505,0.7802317573804303,0.3333333333333333,fault_low
step2e_regression_clip,33,W3_b01,corr_distance,case04,case01,0.107071567090703,0.1471703438189781,0.0,fault_low
step2e_regression_clip,33,W3_b01,corr_distance,case04,case02,0.107071567090703,0.1395942411544244,0.0,fault_low
step2e_regression_clip,33,W3_b01,corr_distance,case04,case03,0.107071567090703,0.1062200763229377,0.6666666666666666,fault_high
step2e_regression_clip,33,W3_b01,corr_distance,case05,case01,0.131438456958089,0.1471703438189781,0.3333333333333333,fault_low
step2e_regression_clip,33,W3_b01,corr_distance,case05,case02,0.131438456958089,0.1395942411544244,0.3333333333333333,fault_low
step2e_regression_clip,33,W3_b01,corr_distance,case05,case03,0.131438456958089,0.1062200763229377,1.0,fault_high
step2e_regression_clip,33,W3_b01,manip_energy,case04,case01,0.5284376063677068,0.4676660272911776,1.0,fault_high
step2e_regression_clip,33,W3_b01,manip_energy,case04,case02,0.5284376063677068,0.4673549651200679,1.0,fault_high
step2e_regression_clip,33,W3_b01,manip_energy,case04,case03,0.5284376063677068,0.1896703659194879,1.0,fault_high
step2e_regression_clip,33,W3_b01,manip_energy,case05,case01,0.3409195270424038,0.4676660272911776,0.0,fault_low
step2e_regression_clip,33,W3_b01,manip_energy,case05,case02,0.3409195270424038,0.4673549651200679,0.0,fault_low
step2e_regression_clip,33,W3_b01,manip_energy,case05,case03,0.3409195270424038,0.1896703659194879,1.0,fault_high
step2e_regression_clip,33,W3_b01,near_constant_energy,case04,case01,0.2608083535202198,0.1616835471842257,1.0,fault_high
step2e_regression_clip,33,W3_b01,near_constant_energy,case04,case02,0.2608083535202198,0.1613371060744214,1.0,fault_high
step2e_regression_clip,33,W3_b01,near_constant_energy,case04,case03,0.2608083535202198,0.0588880247087713,1.0,fault_high
step2e_regression_clip,33,W3_b01,near_constant_energy,case05,case01,0.0602231980437552,0.1616835471842257,0.0,fault_low
step2e_regression_clip,33,W3_b01,near_constant_energy,case05,case02,0.0602231980437552,0.1613371060744214,0.0,fault_low
step2e_regression_clip,33,W3_b01,near_constant_energy,case05,case03,0.0602231980437552,0.0588880247087713,0.6666666666666666,fault_high
step2e_regression_clip,33,W3_b01,top5_energy,case04,case01,0.9512310063553372,0.3911691760629029,1.0,fault_high
step2e_regression_clip,33,W3_b01,top5_energy,case04,case02,0.9512310063553372,0.3928930256497717,1.0,fault_high
step2e_regression_clip,33,W3_b01,top5_energy,case04,case03,0.9512310063553372,0.2473576722928295,1.0,fault_high
step2e_regression_clip,33,W3_b01,top5_energy,case05,case01,0.6301992460537585,0.3911691760629029,1.0,fault_high
step2e_regression_clip,33,W3_b01,top5_energy,case05,case02,0.6301992460537585,0.3928930256497717,1.0,fault_high
step2e_regression_clip,33,W3_b01,top5_energy,case05,case03,0.6301992460537585,0.2473576722928295,1.0,fault_high
step2e_regression_clip,33,W3_b01,direction_cosine,case04,case01,-0.0739621050643414,0.248958224307236,0.0,fault_low
step2e_regression_clip,33,W3_b01,direction_cosine,case04,case02,-0.0739621050643414,-0.227502427429115,1.0,fault_high
step2e_regression_clip,33,W3_b01,direction_cosine,case04,case03,-0.0739621050643414,0.2618493573829198,0.0,fault_low
step2e_regression_clip,33,W3_b01,direction_cosine,case05,case01,-0.0801152991183172,0.248958224307236,0.0,fault_low
step2e_regression_clip,33,W3_b01,direction_cosine,case05,case02,-0.0801152991183172,-0.227502427429115,1.0,fault_high
step2e_regression_clip,33,W3_b01,direction_cosine,case05,case03,-0.0801152991183172,0.2618493573829198,0.0,fault_low
