machine,phi_seed,op,policy,tau,file,n_test,n_initial,written_frac,mem_size_end,promotions,discards,quarantined_points,n_checks,runtime_s,arm,AP,AUROC,VUS_PR,VUS_ROC,normal_A_FPR,normal_B_FPR,transition_FPR,fault_recall,event_recall,fault_written_fraction,normal_B_written_fraction,transition_written_fraction,fault_false_promotions,first_fault_false_promotion_hours,transition_period_promotions,transition_touching_promotions,normal_B_safe_promotions,normal_B_decision_promotions,normal_B_promotion_rate,first_safe_promotion_hours,time_to_safe_promotion_after_70h,promotion_starvation_hours,starvation_right_censored,never_promote,normal_B_max_unwritten_hours,post_safe_promotion_FPR,mean_quarantine_hours
case01,11,W1,A_no_update,9.181082039322002,traces/case01__s11__W1__A_no_update.npz,1601,311,0.0,311,0,0,0,0,0.016083240509033203,setpoint,,,,,0.055,1.0,0.98875,,,,0.0,0.0,0,,0,0,0,0.0,0.0,,,30.049999999999997,True,True,30.05,,
case01,11,W1,B_always,9.181082039322002,traces/case01__s11__W1__B_always.npz,1601,311,1.0,1912,0,0,0,0,0.031768083572387695,setpoint,,,,,0.04,0.0016638935108153079,0.11,,,,1.0,1.0,0,,0,0,0,0.0,0.0,,,30.049999999999997,True,True,0.0,,
case01,11,W1,C_threshold,9.181082039322002,traces/case01__s11__W1__C_threshold.npz,1601,311,0.03997501561524047,375,0,0,0,0,0.008352518081665039,setpoint,,,,,0.06,1.0,0.98875,,,,0.0,0.0,0,,0,0,0,0.0,0.0,,,30.049999999999997,True,True,30.05,,
case01,11,W1,D_quarantine,9.181082039322002,traces/case01__s11__W1__D_quarantine.npz,1601,311,0.8900687070580887,1736,1,6,688,0,0.016781091690063477,setpoint,,,,,0.06,0.0016638935108153079,0.62125,,,,0.9733777038269551,0.96,0,,1,1,0,0.0,0.0,,,30.049999999999997,True,False,0.8,,5.600000000000001
case01,11,W1,D_trail512,9.181082039322002,traces/case01__s11__W1__D_trail512.npz,1601,311,0.750156152404747,1512,1,3,752,3,0.019887685775756836,setpoint,,,,,0.055,0.0016638935108153079,0.38625,,,,0.9733777038269551,0.77,0,,1,1,0,0.0,0.0,,,30.049999999999997,True,False,0.8,,10.000000000000002
case01,11,W1,DE_stab,9.181082039322002,traces/case01__s11__W1__DE_stab.npz,1601,311,0.670206121174266,1384,1,3,880,4,0.018665552139282227,setpoint,,,,,0.055,0.0016638935108153079,0.54625,,,,0.9733777038269551,0.61,0,,1,1,0,0.0,0.0,,,30.049999999999997,True,False,0.8,,11.600000000000001
case01,11,W1,DEph_cv,9.181082039322002,traces/case01__s11__W1__DEph_cv.npz,1601,311,0.670206121174266,1384,1,3,880,4,0.01853632926940918,setpoint,,,,,0.055,0.0016638935108153079,0.54625,,,,0.9733777038269551,0.61,0,,1,1,0,0.0,0.0,,,30.049999999999997,True,False,0.8,,11.600000000000001
case01,11,W1,H_hold,9.181082039322002,traces/case01__s11__W1__H_hold.npz,1601,311,0.0,311,0,0,1601,11,0.02309417724609375,setpoint,,,,,0.055,1.0,0.98875,,,,0.0,0.0,0,,0,0,0,0.0,0.0,,,30.049999999999997,True,True,30.05,,80.05000000000001
case01,11,W2_f0995,A_no_update,8.978587962094606,traces/case01__s11__W2_f0995__A_no_update.npz,1601,311,0.0,0,0,0,0,0,0.0013747215270996094,setpoint,,,,,0.06,1.0,0.99,,,,0.0,0.0,0,,0,0,0,0.0,0.0,,,30.049999999999997,True,True,30.05,,
case01,11,W2_f0995,B_always,8.978587962094606,traces/case01__s11__W2_f0995__B_always.npz,1601,311,1.0,1601,0,0,0,0,0.0032265186309814453,setpoint,,,,,0.055,0.0016638935108153079,0.5575,,,,1.0,1.0,0,,0,0,0,0.0,0.0,,,30.049999999999997,True,True,0.0,,
case01,11,W2_f0995,C_threshold,8.978587962094606,traces/case01__s11__W2_f0995__C_threshold.npz,1601,311,0.059962523422860715,96,0,0,0,0,0.0015420913696289062,setpoint,,,,,0.06,1.0,0.99125,,,,0.0,0.0,0,,0,0,0,0.0,0.0,,,30.049999999999997,True,True,30.05,,
case01,11,W2_f0995,D_quarantine,8.978587962094606,traces/case01__s11__W2_f0995__D_quarantine.npz,1601,311,0.830106183635228,1329,1,6,784,0,0.0028209686279296875,setpoint,,,,,0.06,0.004991680532445923,0.64625,,,,0.9467554076539102,0.82,0,,1,1,0,0.0,0.0,,,30.049999999999997,True,False,1.6,,6.285714285714286
case01,11,W2_f0995,D_trail512,8.978587962094606,traces/case01__s11__W2_f0995__D_trail512.npz,1601,311,0.6102435977514054,977,2,2,1200,6,0.006386280059814453,setpoint,,,,,0.06,0.31114808652246256,0.99125,,,,0.9467554076539102,0.41,0,,1,2,0,1.0,0.0,,,30.049999999999997,True,False,1.6,,15.4
case01,11,W2_f0995,DE_stab,8.978587962094606,traces/case01__s11__W2_f0995__DE_stab.npz,1601,311,0.04996876951905059,80,0,1,1553,10,0.008270025253295898,setpoint,,,,,0.06,1.0,0.99125,,,,0.0,0.0,0,,0,0,0,0.0,0.0,,,30.049999999999997,True,True,30.05,,39.225
case01,11,W2_f0995,DEph_cv,8.978587962094606,traces/case01__s11__W2_f0995__DEph_cv.npz,1601,311,0.04996876951905059,80,0,1,1553,10,0.00815272331237793,setpoint,,,,,0.06,1.0,0.99125,,,,0.0,0.0,0,,0,0,0,0.0,0.0,,,30.049999999999997,True,True,30.05,,39.225
case01,11,W2_f0995,H_hold,8.978587962094606,traces/case01__s11__W2_f0995__H_hold.npz,1601,311,0.04996876951905059,80,0,1,1553,10,0.008247852325439453,setpoint,,,,,0.06,1.0,0.99125,,,,0.0,0.0,0,,0,0,0,0.0,0.0,,,30.049999999999997,True,True,30.05,,39.225
case01,11,W3_b01,A_no_update,8.763416020852388,traces/case01__s11__W3_b01__A_no_update.npz,1601,311,0.0,0,0,0,0,0,0.0015711784362792969,setpoint,,,,,0.07,1.0,0.99,,,,0.0,0.0,0,,0,0,0,0.0,0.0,,,30.049999999999997,True,True,30.05,,
case01,11,W3_b01,B_always,8.763416020852388,traces/case01__s11__W3_b01__B_always.npz,1601,311,1.0,1601,0,0,0,0,0.014185190200805664,setpoint,,,,,0.015,0.0033277870216306157,0.165,,,,1.0,1.0,0,,0,0,0,0.0,0.0,,,30.049999999999997,True,True,0.0,,
case01,11,W3_b01,C_threshold,8.763416020852388,traces/case01__s11__W3_b01__C_threshold.npz,1601,311,0.06995627732667083,112,0,0,0,0,0.0022416114807128906,setpoint,,,,,0.03,1.0,0.99125,,,,0.0,0.0,0,,0,0,0,0.0,0.0,,,30.049999999999997,True,True,30.05,,
case01,11,W3_b01,D_quarantine,8.763416020852388,traces/case01__s11__W3_b01__D_quarantine.npz,1601,311,0.9400374765771393,1505,1,4,608,0,0.012902975082397461,setpoint,,,,,0.03,0.0033277870216306157,0.62125,,,,0.9733777038269551,1.0,0,,1,1,0,0.0,0.0,,,30.049999999999997,True,False,0.8,,6.720000000000001
case01,11,W3_b01,D_trail512,8.763416020852388,traces/case01__s11__W3_b01__D_trail512.npz,1601,311,0.830106183635228,1329,1,1,560,3,0.015819787979125977,setpoint,,,,,0.07,0.0033277870216306157,0.38,,,,0.9733777038269551,0.93,0,,1,1,0,0.0,0.0,,,30.049999999999997,True,False,0.8,,14.4
case01,11,W3_b01,DE_stab,8.763416020852388,traces/case01__s11__W3_b01__DE_stab.npz,1601,311,0.750156152404747,1201,1,1,688,4,0.016281843185424805,setpoint,,,,,0.07,0.0033277870216306157,0.54,,,,0.9733777038269551,0.77,0,,1,1,0,0.0,0.0,,,30.049999999999997,True,False,0.8,,17.6
case01,11,W3_b01,DEph_cv,8.763416020852388,traces/case01__s11__W3_b01__DEph_cv.npz,1601,311,0.750156152404747,1201,1,1,688,4,0.016243696212768555,setpoint,,,,,0.07,0.0033277870216306157,0.54,,,,0.9733777038269551,0.77,0,,1,1,0,0.0,0.0,,,30.049999999999997,True,False,0.8,,17.6
case01,11,W3_b01,H_hold,8.763416020852388,traces/case01__s11__W3_b01__H_hold.npz,1601,311,0.0,0,0,0,1601,11,0.018169403076171875,setpoint,,,,,0.07,1.0,0.99,,,,0.0,0.0,0,,0,0,0,0.0,0.0,,,30.049999999999997,True,True,30.05,,80.05000000000001
case01,22,W1,A_no_update,8.646351521614875,traces/case01__s22__W1__A_no_update.npz,1601,311,0.0,311,0,0,0,0,0.005712747573852539,setpoint,,,,,0.15,1.0,0.9925,,,,0.0,0.0,0,,0,0,0,0.0,0.0,,,30.049999999999997,True,True,30.05,,
case01,22,W1,B_always,8.646351521614875,traces/case01__s22__W1__B_always.npz,1601,311,1.0,1912,0,0,0,0,0.020000457763671875,setpoint,,,,,0.13,0.016638935108153077,0.13125,,,,1.0,1.0,0,,0,0,0,0.0,0.0,,,30.049999999999997,True,True,0.0,,
case01,22,W1,C_threshold,8.646351521614875,traces/case01__s22__W1__C_threshold.npz,1601,311,0.009993753903810118,327,0,0,0,0,0.007179737091064453,setpoint,,,,,0.145,1.0,0.9925,,,,0.0,0.0,0,,0,0,0,0.0,0.0,,,30.049999999999997,True,True,30.05,,
case01,22,W1,D_quarantine,8.646351521614875,traces/case01__s22__W1__D_quarantine.npz,1601,311,0.8101186758276078,1608,1,9,816,0,0.016716957092285156,setpoint,,,,,0.145,0.019966722129783693,0.53,,,,0.7337770382695508,0.94,0,,1,1,0,0.0,0.0,,,30.049999999999997,True,False,3.2,,4.800000000000001
case01,22,W1,D_trail512,8.646351521614875,traces/case01__s22__W1__D_trail512.npz,1601,311,0.5902560899437851,1256,2,2,1232,6,0.026044845581054688,setpoint,,,,,0.15,0.06156405990016639,0.53,,,,0.7603993344425957,0.61,0,,1,2,0,1.0,0.0,,,30.049999999999997,True,False,6.4,,15.8
case01,22,W1,DE_stab,8.646351521614875,traces/case01__s22__W1__DE_stab.npz,1601,311,0.33041848844472205,840,1,3,1424,6,0.0198974609375,setpoint,,,,,0.15,0.07653910149750416,0.565,,,,0.24126455906821964,0.48,0,,1,1,0,0.0,0.0,,,30.049999999999997,True,False,16.400000000000002,,18.400000000000002
case01,22,W1,DEph_cv,8.646351521614875,traces/case01__s22__W1__DEph_cv.npz,1601,311,0.33041848844472205,840,1,3,1424,6,0.01979994773864746,setpoint,,,,,0.15,0.07653910149750416,0.565,,,,0.24126455906821964,0.48,0,,1,1,0,0.0,0.0,,,30.049999999999997,True,False,16.400000000000002,,18.400000000000002
case01,22,W1,H_hold,8.646351521614875,traces/case01__s22__W1__H_hold.npz,1601,311,0.0,311,0,0,1601,11,0.020500659942626953,setpoint,,,,,0.15,1.0,0.9925,,,,0.0,0.0,0,,0,0,0,0.0,0.0,,,30.049999999999997,True,True,30.05,,80.05000000000001
case01,22,W2_f0995,A_no_update,8.99114950206245,traces/case01__s22__W2_f0995__A_no_update.npz,1601,311,0.0,0,0,0,0,0,0.00138092041015625,setpoint,,,,,0.06,1.0,0.99,,,,0.0,0.0,0,,0,0,0,0.0,0.0,,,30.049999999999997,True,True,30.05,,
case01,22,W2_f0995,B_always,8.99114950206245,traces/case01__s22__W2_f0995__B_always.npz,1601,311,1.0,1601,0,0,0,0,0.003200054168701172,setpoint,,,,,0.05,0.0016638935108153079,0.5575,,,,1.0,1.0,0,,0,0,0,0.0,0.0,,,30.049999999999997,True,True,0.0,,
case01,22,W2_f0995,C_threshold,8.99114950206245,traces/case01__s22__W2_f0995__C_threshold.npz,1601,311,0.059962523422860715,96,0,0,0,0,0.0015392303466796875,setpoint,,,,,0.06,1.0,0.99125,,,,0.0,0.0,0,,0,0,0,0.0,0.0,,,30.049999999999997,True,True,30.05,,
case01,22,W2_f0995,D_quarantine,8.99114950206245,traces/case01__s22__W2_f0995__D_quarantine.npz,1601,311,0.830106183635228,1329,1,6,784,0,0.0028154850006103516,setpoint,,,,,0.06,0.0033277870216306157,0.64625,,,,0.9467554076539102,0.82,0,,1,1,0,0.0,0.0,,,30.049999999999997,True,False,1.6,,6.285714285714286
case01,22,W2_f0995,D_trail512,8.99114950206245,traces/case01__s22__W2_f0995__D_trail512.npz,1601,311,0.6102435977514054,977,2,2,1200,6,0.006430625915527344,setpoint,,,,,0.06,0.31114808652246256,0.99125,,,,0.9467554076539102,0.41,0,,1,2,0,1.0,0.0,,,30.049999999999997,True,False,1.6,,15.4
case01,22,W2_f0995,DE_stab,8.99114950206245,traces/case01__s22__W2_f0995__DE_stab.npz,1601,311,0.04996876951905059,80,0,1,1553,10,0.008267879486083984,setpoint,,,,,0.06,1.0,0.99125,,,,0.0,0.0,0,,0,0,0,0.0,0.0,,,30.049999999999997,True,True,30.05,,39.225
case01,22,W2_f0995,DEph_cv,8.99114950206245,traces/case01__s22__W2_f0995__DEph_cv.npz,1601,311,0.04996876951905059,80,0,1,1553,10,0.008167505264282227,setpoint,,,,,0.06,1.0,0.99125,,,,0.0,0.0,0,,0,0,0,0.0,0.0,,,30.049999999999997,True,True,30.05,,39.225
case01,22,W2_f0995,H_hold,8.99114950206245,traces/case01__s22__W2_f0995__H_hold.npz,1601,311,0.04996876951905059,80,0,1,1553,10,0.008231878280639648,setpoint,,,,,0.06,1.0,0.99125,,,,0.0,0.0,0,,0,0,0,0.0,0.0,,,30.049999999999997,True,True,30.05,,39.225
case01,22,W3_b01,A_no_update,8.641903991279476,traces/case01__s22__W3_b01__A_no_update.npz,1601,311,0.0,0,0,0,0,0,0.001283884048461914,setpoint,,,,,0.07,1.0,0.99,,,,0.0,0.0,0,,0,0,0,0.0,0.0,,,30.049999999999997,True,True,30.05,,
case01,22,W3_b01,B_always,8.641903991279476,traces/case01__s22__W3_b01__B_always.npz,1601,311,1.0,1601,0,0,0,0,0.013560295104980469,setpoint,,,,,0.03,0.0066555740432612314,0.175,,,,1.0,1.0,0,,0,0,0,0.0,0.0,,,30.049999999999997,True,True,0.0,,
case01,22,W3_b01,C_threshold,8.641903991279476,traces/case01__s22__W3_b01__C_threshold.npz,1601,311,0.059962523422860715,96,0,0,0,0,0.002096414566040039,setpoint,,,,,0.04,1.0,0.99125,,,,0.0,0.0,0,,0,0,0,0.0,0.0,,,30.049999999999997,True,True,30.05,,
case01,22,W3_b01,D_quarantine,8.641903991279476,traces/case01__s22__W3_b01__D_quarantine.npz,1601,311,0.920049968769519,1473,1,6,640,0,0.012584447860717773,setpoint,,,,,0.04,0.004991680532445923,0.62125,,,,0.9467554076539102,1.0,0,,1,1,0,0.0,0.0,,,30.049999999999997,True,False,0.8,,5.257142857142858
case01,22,W3_b01,D_trail512,8.641903991279476,traces/case01__s22__W3_b01__D_trail512.npz,1601,311,0.8201124297314178,1313,1,2,608,3,0.015930652618408203,setpoint,,,,,0.07,0.004991680532445923,0.38,,,,0.9467554076539102,0.93,0,,1,1,0,0.0,0.0,,,30.049999999999997,True,False,0.8,,10.666666666666666
case01,22,W3_b01,DE_stab,8.641903991279476,traces/case01__s22__W3_b01__DE_stab.npz,1601,311,0.7401623985009369,1185,1,2,736,4,0.01633477210998535,setpoint,,,,,0.07,0.004991680532445923,0.54,,,,0.9467554076539102,0.77,0,,1,1,0,0.0,0.0,,,30.049999999999997,True,False,0.8,,12.800000000000002
case01,22,W3_b01,DEph_cv,8.641903991279476,traces/case01__s22__W3_b01__DEph_cv.npz,1601,311,0.7401623985009369,1185,1,2,736,4,0.01621270179748535,setpoint,,,,,0.07,0.004991680532445923,0.54,,,,0.9467554076539102,0.77,0,,1,1,0,0.0,0.0,,,30.049999999999997,True,False,0.8,,12.800000000000002
case01,22,W3_b01,H_hold,8.641903991279476,traces/case01__s22__W3_b01__H_hold.npz,1601,311,0.0,0,0,0,1601,11,0.018216848373413086,setpoint,,,,,0.07,1.0,0.99,,,,0.0,0.0,0,,0,0,0,0.0,0.0,,,30.049999999999997,True,True,30.05,,80.05000000000001
case01,33,W1,A_no_update,9.057067750958911,traces/case01__s33__W1__A_no_update.npz,1601,311,0.0,311,0,0,0,0,0.005820751190185547,setpoint,,,,,0.07,1.0,0.98875,,,,0.0,0.0,0,,0,0,0,0.0,0.0,,,30.049999999999997,True,True,30.05,,
case01,33,W1,B_always,9.057067750958911,traces/case01__s33__W1__B_always.npz,1601,311,1.0,1912,0,0,0,0,0.0208585262298584,setpoint,,,,,0.05,0.0016638935108153079,0.1125,,,,1.0,1.0,0,,0,0,0,0.0,0.0,,,30.049999999999997,True,True,0.0,,
case01,33,W1,C_threshold,9.057067750958911,traces/case01__s33__W1__C_threshold.npz,1601,311,0.06995627732667083,423,0,0,0,0,0.008949995040893555,setpoint,,,,,0.07,1.0,0.98875,,,,0.0,0.0,0,,0,0,0,0.0,0.0,,,30.049999999999997,True,True,30.05,,
case01,33,W1,D_quarantine,9.057067750958911,traces/case01__s33__W1__D_quarantine.npz,1601,311,0.9300437226733291,1800,1,4,624,0,0.01763129234313965,setpoint,,,,,0.07,0.0016638935108153079,0.62,,,,0.9733777038269551,0.98,0,,1,1,0,0.0,0.0,,,30.049999999999997,True,False,0.8,,6.880000000000001
case01,33,W1,D_trail512,9.057067750958911,traces/case01__s33__W1__D_trail512.npz,1601,311,0.7801374141161774,1560,1,3,704,3,0.01900792121887207,setpoint,,,,,0.07,0.0016638935108153079,0.58,,,,0.9733777038269551,0.71,0,,1,1,0,0.0,0.0,,,30.049999999999997,True,False,0.8,,9.400000000000002
case01,33,W1,DE_stab,9.057067750958911,traces/case01__s33__W1__DE_stab.npz,1601,311,0.7801374141161774,1560,1,3,704,3,0.018647193908691406,setpoint,,,,,0.07,0.0016638935108153079,0.58,,,,0.9733777038269551,0.71,0,,1,1,0,0.0,0.0,,,30.049999999999997,True,False,0.8,,9.400000000000002
case01,33,W1,DEph_cv,9.057067750958911,traces/case01__s33__W1__DEph_cv.npz,1601,311,0.7801374141161774,1560,1,3,704,3,0.01856374740600586,setpoint,,,,,0.07,0.0016638935108153079,0.58,,,,0.9733777038269551,0.71,0,,1,1,0,0.0,0.0,,,30.049999999999997,True,False,0.8,,9.400000000000002
case01,33,W1,H_hold,9.057067750958911,traces/case01__s33__W1__H_hold.npz,1601,311,0.059962523422860715,407,0,1,1537,10,0.02294778823852539,setpoint,,,,,0.07,1.0,0.98875,,,,0.0,0.0,0,,0,0,0,0.0,0.0,,,30.049999999999997,True,True,30.05,,38.824999999999996
case01,33,W2_f0995,A_no_update,8.998224139953752,traces/case01__s33__W2_f0995__A_no_update.npz,1601,311,0.0,0,0,0,0,0,0.0013134479522705078,setpoint,,,,,0.06,1.0,0.99,,,,0.0,0.0,0,,0,0,0,0.0,0.0,,,30.049999999999997,True,True,30.05,,
case01,33,W2_f0995,B_always,8.998224139953752,traces/case01__s33__W2_f0995__B_always.npz,1601,311,1.0,1601,0,0,0,0,0.0031061172485351562,setpoint,,,,,0.05,0.0016638935108153079,0.54625,,,,1.0,1.0,0,,0,0,0,0.0,0.0,,,30.049999999999997,True,True,0.0,,
case01,33,W2_f0995,C_threshold,8.998224139953752,traces/case01__s33__W2_f0995__C_threshold.npz,1601,311,0.059962523422860715,96,0,0,0,0,0.0014801025390625,setpoint,,,,,0.06,1.0,0.99125,,,,0.0,0.0,0,,0,0,0,0.0,0.0,,,30.049999999999997,True,True,30.05,,
case01,33,W2_f0995,D_quarantine,8.998224139953752,traces/case01__s33__W2_f0995__D_quarantine.npz,1601,311,0.830106183635228,1329,1,6,784,0,0.0027430057525634766,setpoint,,,,,0.06,0.0033277870216306157,0.64375,,,,0.9467554076539102,0.82,0,,1,1,0,0.0,0.0,,,30.049999999999997,True,False,1.6,,6.285714285714286
case01,33,W2_f0995,D_trail512,8.998224139953752,traces/case01__s33__W2_f0995__D_trail512.npz,1601,311,0.6102435977514054,977,2,2,1200,6,0.006089448928833008,setpoint,,,,,0.06,0.30449251247920134,0.9675,,,,0.9467554076539102,0.41,0,,1,2,0,1.0,0.0,,,30.049999999999997,True,False,1.6,,15.4
case01,33,W2_f0995,DE_stab,8.998224139953752,traces/case01__s33__W2_f0995__DE_stab.npz,1601,311,0.04996876951905059,80,0,1,1553,10,0.00798487663269043,setpoint,,,,,0.06,1.0,0.99125,,,,0.0,0.0,0,,0,0,0,0.0,0.0,,,30.049999999999997,True,True,30.05,,39.225
case01,33,W2_f0995,DEph_cv,8.998224139953752,traces/case01__s33__W2_f0995__DEph_cv.npz,1601,311,0.04996876951905059,80,0,1,1553,10,0.007948875427246094,setpoint,,,,,0.06,1.0,0.99125,,,,0.0,0.0,0,,0,0,0,0.0,0.0,,,30.049999999999997,True,True,30.05,,39.225
case01,33,W2_f0995,H_hold,8.998224139953752,traces/case01__s33__W2_f0995__H_hold.npz,1601,311,0.04996876951905059,80,0,1,1553,10,0.00794529914855957,setpoint,,,,,0.06,1.0,0.99125,,,,0.0,0.0,0,,0,0,0,0.0,0.0,,,30.049999999999997,True,True,30.05,,39.225
case01,33,W3_b01,A_no_update,8.825983929550738,traces/case01__s33__W3_b01__A_no_update.npz,1601,311,0.0,0,0,0,0,0,0.0013670921325683594,setpoint,,,,,0.045,1.0,0.99,,,,0.0,0.0,0,,0,0,0,0.0,0.0,,,30.049999999999997,True,True,30.05,,
case01,33,W3_b01,B_always,8.825983929550738,traces/case01__s33__W3_b01__B_always.npz,1601,311,1.0,1601,0,0,0,0,0.013825416564941406,setpoint,,,,,0.015,0.0033277870216306157,0.1625,,,,1.0,1.0,0,,0,0,0,0.0,0.0,,,30.049999999999997,True,True,0.0,,
case01,33,W3_b01,C_threshold,8.825983929550738,traces/case01__s33__W3_b01__C_threshold.npz,1601,311,0.08994378513429106,144,0,0,0,0,0.002360820770263672,setpoint,,,,,0.015,1.0,0.99125,,,,0.0,0.0,0,,0,0,0,0.0,0.0,,,30.049999999999997,True,True,30.05,,
case01,33,W3_b01,D_quarantine,8.825983929550738,traces/case01__s33__W3_b01__D_quarantine.npz,1601,311,0.9600249843847595,1537,1,4,576,0,0.012929201126098633,setpoint,,,,,0.015,0.0033277870216306157,0.62125,,,,0.9733777038269551,1.0,0,,1,1,0,0.0,0.0,,,30.049999999999997,True,False,0.8,,6.4
case01,33,W3_b01,D_trail512,8.825983929550738,traces/case01__s33__W3_b01__D_trail512.npz,1601,311,0.7701436602123672,1233,1,3,720,3,0.015148162841796875,setpoint,,,,,0.04,0.0033277870216306157,0.62125,,,,0.9733777038269551,0.69,0,,1,1,0,0.0,0.0,,,30.049999999999997,True,False,0.8,,9.600000000000001
case01,33,W3_b01,DE_stab,8.825983929550738,traces/case01__s33__W3_b01__DE_stab.npz,1601,311,0.6901936289818863,1105,1,3,848,4,0.015494823455810547,setpoint,,,,,0.04,0.0033277870216306157,0.78125,,,,0.9733777038269551,0.53,0,,1,1,0,0.0,0.0,,,30.049999999999997,True,False,0.8,,11.200000000000001
case01,33,W3_b01,DEph_cv,8.825983929550738,traces/case01__s33__W3_b01__DEph_cv.npz,1601,311,0.6901936289818863,1105,1,3,848,4,0.015390872955322266,setpoint,,,,,0.04,0.0033277870216306157,0.78125,,,,0.9733777038269551,0.53,0,,1,1,0,0.0,0.0,,,30.049999999999997,True,False,0.8,,11.200000000000001
case01,33,W3_b01,H_hold,8.825983929550738,traces/case01__s33__W3_b01__H_hold.npz,1601,311,0.059962523422860715,96,0,2,1569,10,0.01711750030517578,setpoint,,,,,0.04,1.0,0.99125,,,,0.0,0.0,0,,0,0,0,0.0,0.0,,,30.049999999999997,True,True,30.05,,26.683333333333337
case02,11,W1,A_no_update,9.181082039322002,traces/case02__s11__W1__A_no_update.npz,1601,311,0.0,311,0,0,0,0,0.006807565689086914,setpoint,,,,,0.055,1.0,0.9875,,,,0.0,0.0,0,,0,0,0,0.0,0.0,,,30.049999999999997,True,True,30.05,,
case02,11,W1,B_always,9.181082039322002,traces/case02__s11__W1__B_always.npz,1601,311,1.0,1912,0,0,0,0,0.020164966583251953,setpoint,,,,,0.04,0.0,0.09375,,,,1.0,1.0,0,,0,0,0,0.0,0.0,,,30.049999999999997,True,True,0.0,,
case02,11,W1,C_threshold,9.181082039322002,traces/case02__s11__W1__C_threshold.npz,1601,311,0.03997501561524047,375,0,0,0,0,0.005904674530029297,setpoint,,,,,0.06,1.0,0.9875,,,,0.0,0.0,0,,0,0,0,0.0,0.0,,,30.049999999999997,True,True,30.05,,
case02,11,W1,D_quarantine,9.181082039322002,traces/case02__s11__W1__D_quarantine.npz,1601,311,0.920049968769519,1784,1,3,640,0,0.01567220687866211,setpoint,,,,,0.06,0.0,0.6175,,,,1.0,1.0,0,,1,1,0,0.0,0.0,,,30.049999999999997,True,False,0.0,,8.600000000000001
case02,11,W1,D_trail512,9.181082039322002,traces/case02__s11__W1__D_trail512.npz,1601,311,0.8400999375390381,1656,1,0,512,3,0.019779205322265625,setpoint,,,,,0.055,0.0,0.3775,,,,1.0,0.93,0,,1,1,0,0.0,0.0,,,30.049999999999997,True,False,0.0,,25.6
case02,11,W1,DE_stab,9.181082039322002,traces/case02__s11__W1__DE_stab.npz,1601,311,0.7601499063085572,1528,1,0,640,4,0.019216537475585938,setpoint,,,,,0.055,0.0,0.5375,,,,1.0,0.77,0,,1,1,0,0.0,0.0,,,30.049999999999997,True,False,0.0,,32.0
case02,11,W1,DEph_cv,9.181082039322002,traces/case02__s11__W1__DEph_cv.npz,1601,311,0.7601499063085572,1528,1,0,640,4,0.019134044647216797,setpoint,,,,,0.055,0.0,0.5375,,,,1.0,0.77,0,,1,1,0,0.0,0.0,,,30.049999999999997,True,False,0.0,,32.0
case02,11,W1,H_hold,9.181082039322002,traces/case02__s11__W1__H_hold.npz,1601,311,0.0,311,0,0,1601,11,0.022595882415771484,setpoint,,,,,0.055,1.0,0.9875,,,,0.0,0.0,0,,0,0,0,0.0,0.0,,,30.049999999999997,True,True,30.05,,80.05000000000001
case02,11,W2_f0995,A_no_update,8.978587962094606,traces/case02__s11__W2_f0995__A_no_update.npz,1601,311,0.0,0,0,0,0,0,0.0013098716735839844,setpoint,,,,,0.06,1.0,0.98875,,,,0.0,0.0,0,,0,0,0,0.0,0.0,,,30.049999999999997,True,True,30.05,,
case02,11,W2_f0995,B_always,8.978587962094606,traces/case02__s11__W2_f0995__B_always.npz,1601,311,1.0,1601,0,0,0,0,0.0030977725982666016,setpoint,,,,,0.055,0.0,0.525,,,,1.0,1.0,0,,0,0,0,0.0,0.0,,,30.049999999999997,True,True,0.0,,
case02,11,W2_f0995,C_threshold,8.978587962094606,traces/case02__s11__W2_f0995__C_threshold.npz,1601,311,0.059962523422860715,96,0,0,0,0,0.0014796257019042969,setpoint,,,,,0.06,1.0,0.98875,,,,0.0,0.0,0,,0,0,0,0.0,0.0,,,30.049999999999997,True,True,30.05,,
case02,11,W2_f0995,D_quarantine,8.978587962094606,traces/case02__s11__W2_f0995__D_quarantine.npz,1601,311,0.9300437226733291,1489,1,3,624,0,0.0029418468475341797,setpoint,,,,,0.06,0.0,0.62,,,,1.0,0.98,0,,1,1,0,0.0,0.0,,,30.049999999999997,True,False,0.0,,8.4
case02,11,W2_f0995,D_trail512,8.978587962094606,traces/case02__s11__W2_f0995__D_trail512.npz,1601,311,0.6302311055590256,1009,2,1,1136,6,0.006095409393310547,setpoint,,,,,0.06,0.1281198003327787,0.79875,,,,1.0,0.41,0,,1,2,0,1.0,0.0,,,30.049999999999997,True,False,0.0,,19.2
case02,11,W2_f0995,DE_stab,8.978587962094606,traces/case02__s11__W2_f0995__DE_stab.npz,1601,311,0.04996876951905059,80,0,1,1553,10,0.007964372634887695,setpoint,,,,,0.06,1.0,0.9875,,,,0.0,0.0,0,,0,0,0,0.0,0.0,,,30.049999999999997,True,True,30.05,,39.225
case02,11,W2_f0995,DEph_cv,8.978587962094606,traces/case02__s11__W2_f0995__DEph_cv.npz,1601,311,0.04996876951905059,80,0,1,1553,10,0.00795435905456543,setpoint,,,,,0.06,1.0,0.9875,,,,0.0,0.0,0,,0,0,0,0.0,0.0,,,30.049999999999997,True,True,30.05,,39.225
case02,11,W2_f0995,H_hold,8.978587962094606,traces/case02__s11__W2_f0995__H_hold.npz,1601,311,0.04996876951905059,80,0,1,1553,10,0.007944107055664062,setpoint,,,,,0.06,1.0,0.9875,,,,0.0,0.0,0,,0,0,0,0.0,0.0,,,30.049999999999997,True,True,30.05,,39.225
case02,11,W3_b01,A_no_update,8.763416020852388,traces/case02__s11__W3_b01__A_no_update.npz,1601,311,0.0,0,0,0,0,0,0.0011801719665527344,setpoint,,,,,0.07,1.0,0.98875,,,,0.0,0.0,0,,0,0,0,0.0,0.0,,,30.049999999999997,True,True,30.05,,
case02,11,W3_b01,B_always,8.763416020852388,traces/case02__s11__W3_b01__B_always.npz,1601,311,1.0,1601,0,0,0,0,0.013318538665771484,setpoint,,,,,0.015,0.0016638935108153079,0.16125,,,,1.0,1.0,0,,0,0,0,0.0,0.0,,,30.049999999999997,True,True,0.0,,
case02,11,W3_b01,C_threshold,8.763416020852388,traces/case02__s11__W3_b01__C_threshold.npz,1601,311,0.07995003123048094,128,0,0,0,0,0.0022232532501220703,setpoint,,,,,0.03,1.0,0.98625,,,,0.0,0.01,0,,0,0,0,0.0,0.0,,,30.049999999999997,True,True,30.05,,
case02,11,W3_b01,D_quarantine,8.763416020852388,traces/case02__s11__W3_b01__D_quarantine.npz,1601,311,0.9300437226733291,1489,1,5,624,0,0.012427568435668945,setpoint,,,,,0.03,0.0016638935108153079,0.6375,,,,0.9733777038269551,0.98,0,,1,1,0,0.0,0.0,,,30.049999999999997,True,False,0.8,,5.866666666666667
case02,11,W3_b01,D_trail512,8.763416020852388,traces/case02__s11__W3_b01__D_trail512.npz,1601,311,0.8201124297314178,1313,1,2,608,3,0.015592813491821289,setpoint,,,,,0.07,0.0016638935108153079,0.38,,,,0.9733777038269551,0.91,0,,1,1,0,0.0,0.0,,,30.049999999999997,True,False,0.8,,10.666666666666666
case02,11,W3_b01,DE_stab,8.763416020852388,traces/case02__s11__W3_b01__DE_stab.npz,1601,311,0.660212367270456,1057,1,2,864,5,0.016582250595092773,setpoint,,,,,0.07,0.0016638935108153079,0.7,,,,0.9733777038269551,0.59,0,,1,1,0,0.0,0.0,,,30.049999999999997,True,False,0.8,,14.933333333333337
case02,11,W3_b01,DEph_cv,8.763416020852388,traces/case02__s11__W3_b01__DEph_cv.npz,1601,311,0.660212367270456,1057,1,2,864,5,0.01655125617980957,setpoint,,,,,0.07,0.0016638935108153079,0.7,,,,0.9733777038269551,0.59,0,,1,1,0,0.0,0.0,,,30.049999999999997,True,False,0.8,,14.933333333333337
case02,11,W3_b01,H_hold,8.763416020852388,traces/case02__s11__W3_b01__H_hold.npz,1601,311,0.0,0,0,0,1601,11,0.017861366271972656,setpoint,,,,,0.07,1.0,0.98875,,,,0.0,0.0,0,,0,0,0,0.0,0.0,,,30.049999999999997,True,True,30.05,,80.05000000000001
case02,22,W1,A_no_update,8.646351521614875,traces/case02__s22__W1__A_no_update.npz,1601,311,0.0,311,0,0,0,0,0.017258882522583008,setpoint,,,,,0.15,1.0,0.98875,,,,0.0,0.0,0,,0,0,0,0.0,0.0,,,30.049999999999997,True,True,30.05,,
case02,22,W1,B_always,8.646351521614875,traces/case02__s22__W1__B_always.npz,1601,311,1.0,1912,0,0,0,0,0.020710229873657227,setpoint,,,,,0.13,0.0016638935108153079,0.13625,,,,1.0,1.0,0,,0,0,0,0.0,0.0,,,30.049999999999997,True,True,0.0,,
case02,22,W1,C_threshold,8.646351521614875,traces/case02__s22__W1__C_threshold.npz,1601,311,0.009993753903810118,327,0,0,0,0,0.007041454315185547,setpoint,,,,,0.145,1.0,0.9875,,,,0.0,0.0,0,,0,0,0,0.0,0.0,,,30.049999999999997,True,True,30.05,,
case02,22,W1,D_quarantine,8.646351521614875,traces/case02__s22__W1__D_quarantine.npz,1601,311,0.910056214865709,1768,1,4,656,0,0.017318248748779297,setpoint,,,,,0.145,0.0016638935108153079,0.52,,,,0.9733777038269551,0.96,0,,1,1,0,0.0,0.0,,,30.049999999999997,True,False,0.8,,7.200000000000001
case02,22,W1,D_trail512,8.646351521614875,traces/case02__s22__W1__D_trail512.npz,1601,311,0.6801998750780762,1400,1,2,832,4,0.02028942108154297,setpoint,,,,,0.15,0.0016638935108153079,0.43125,,,,0.9733777038269551,0.63,0,,1,1,0,0.0,0.0,,,30.049999999999997,True,False,0.8,,14.4
case02,22,W1,DE_stab,8.646351521614875,traces/case02__s22__W1__DE_stab.npz,1601,311,0.5902560899437851,1256,1,1,944,6,0.02003955841064453,setpoint,,,,,0.15,0.0016638935108153079,0.85875,,,,0.9733777038269551,0.45,0,,1,1,0,0.0,0.0,,,30.049999999999997,True,False,0.8,,24.000000000000004
case02,22,W1,DEph_cv,8.646351521614875,traces/case02__s22__W1__DEph_cv.npz,1601,311,0.5902560899437851,1256,1,1,944,6,0.01992940902709961,setpoint,,,,,0.15,0.0016638935108153079,0.85875,,,,0.9733777038269551,0.45,0,,1,1,0,0.0,0.0,,,30.049999999999997,True,False,0.8,,24.000000000000004
case02,22,W1,H_hold,8.646351521614875,traces/case02__s22__W1__H_hold.npz,1601,311,0.0,311,0,0,1601,11,0.023162841796875,setpoint,,,,,0.15,1.0,0.98875,,,,0.0,0.0,0,,0,0,0,0.0,0.0,,,30.049999999999997,True,True,30.05,,80.05000000000001
case02,22,W2_f0995,A_no_update,8.99114950206245,traces/case02__s22__W2_f0995__A_no_update.npz,1601,311,0.0,0,0,0,0,0,0.001383066177368164,setpoint,,,,,0.06,1.0,0.98875,,,,0.0,0.0,0,,0,0,0,0.0,0.0,,,30.049999999999997,True,True,30.05,,
case02,22,W2_f0995,B_always,8.99114950206245,traces/case02__s22__W2_f0995__B_always.npz,1601,311,1.0,1601,0,0,0,0,0.003205537796020508,setpoint,,,,,0.05,0.0,0.53875,,,,1.0,1.0,0,,0,0,0,0.0,0.0,,,30.049999999999997,True,True,0.0,,
case02,22,W2_f0995,C_threshold,8.99114950206245,traces/case02__s22__W2_f0995__C_threshold.npz,1601,311,0.059962523422860715,96,0,0,0,0,0.0015239715576171875,setpoint,,,,,0.06,1.0,0.9875,,,,0.0,0.0,0,,0,0,0,0.0,0.0,,,30.049999999999997,True,True,30.05,,
case02,22,W2_f0995,D_quarantine,8.99114950206245,traces/case02__s22__W2_f0995__D_quarantine.npz,1601,311,0.9300437226733291,1489,1,3,624,0,0.0029866695404052734,setpoint,,,,,0.06,0.0,0.61875,,,,1.0,0.98,0,,1,1,0,0.0,0.0,,,30.049999999999997,True,False,0.0,,8.4
case02,22,W2_f0995,D_trail512,8.99114950206245,traces/case02__s22__W2_f0995__D_trail512.npz,1601,311,0.6302311055590256,1009,2,1,1136,6,0.0063800811767578125,setpoint,,,,,0.06,0.19966722129783693,0.88,,,,1.0,0.41,0,,1,2,0,1.0,0.0,,,30.049999999999997,True,False,0.0,,19.2
case02,22,W2_f0995,DE_stab,8.99114950206245,traces/case02__s22__W2_f0995__DE_stab.npz,1601,311,0.04996876951905059,80,0,1,1553,10,0.008194208145141602,setpoint,,,,,0.06,1.0,0.9875,,,,0.0,0.0,0,,0,0,0,0.0,0.0,,,30.049999999999997,True,True,30.05,,39.225
case02,22,W2_f0995,DEph_cv,8.99114950206245,traces/case02__s22__W2_f0995__DEph_cv.npz,1601,311,0.04996876951905059,80,0,1,1553,10,0.008157014846801758,setpoint,,,,,0.06,1.0,0.9875,,,,0.0,0.0,0,,0,0,0,0.0,0.0,,,30.049999999999997,True,True,30.05,,39.225
case02,22,W2_f0995,H_hold,8.99114950206245,traces/case02__s22__W2_f0995__H_hold.npz,1601,311,0.04996876951905059,80,0,1,1553,10,0.008168220520019531,setpoint,,,,,0.06,1.0,0.9875,,,,0.0,0.0,0,,0,0,0,0.0,0.0,,,30.049999999999997,True,True,30.05,,39.225
case02,22,W3_b01,A_no_update,8.641903991279476,traces/case02__s22__W3_b01__A_no_update.npz,1601,311,0.0,0,0,0,0,0,0.0013511180877685547,setpoint,,,,,0.07,1.0,0.9875,,,,0.0,0.0,0,,0,0,0,0.0,0.0,,,30.049999999999997,True,True,30.05,,
case02,22,W3_b01,B_always,8.641903991279476,traces/case02__s22__W3_b01__B_always.npz,1601,311,1.0,1601,0,0,0,0,0.014171361923217773,setpoint,,,,,0.03,0.0016638935108153079,0.1625,,,,1.0,1.0,0,,0,0,0,0.0,0.0,,,30.049999999999997,True,True,0.0,,
case02,22,W3_b01,C_threshold,8.641903991279476,traces/case02__s22__W3_b01__C_threshold.npz,1601,311,0.06995627732667083,112,0,0,0,0,0.0021910667419433594,setpoint,,,,,0.04,1.0,0.98625,,,,0.0,0.01,0,,0,0,0,0.0,0.0,,,30.049999999999997,True,True,30.05,,
case02,22,W3_b01,D_quarantine,8.641903991279476,traces/case02__s22__W3_b01__D_quarantine.npz,1601,311,0.9000624609618988,1441,1,7,672,0,0.012201070785522461,setpoint,,,,,0.04,0.004991680532445923,0.6375,,,,0.9201331114808652,0.98,0,,1,1,0,0.0,0.0,,,30.049999999999997,True,False,1.6,,4.9
case02,22,W3_b01,D_trail512,8.641903991279476,traces/case02__s22__W3_b01__D_trail512.npz,1601,311,0.8001249219237976,1281,1,3,672,3,0.015442609786987305,setpoint,,,,,0.07,0.004991680532445923,0.37875,,,,0.9201331114808652,0.91,0,,1,1,0,0.0,0.0,,,30.049999999999997,True,False,1.6,,9.0
case02,22,W3_b01,DE_stab,8.641903991279476,traces/case02__s22__W3_b01__DE_stab.npz,1601,311,0.5602748282323547,897,1,3,1056,6,0.0171964168548584,setpoint,,,,,0.07,0.004991680532445923,0.85875,,,,0.9201331114808652,0.43,0,,1,1,0,0.0,0.0,,,30.049999999999997,True,False,1.6,,13.800000000000002
case02,22,W3_b01,DEph_cv,8.641903991279476,traces/case02__s22__W3_b01__DEph_cv.npz,1601,311,0.5602748282323547,897,1,3,1056,6,0.01708054542541504,setpoint,,,,,0.07,0.004991680532445923,0.85875,,,,0.9201331114808652,0.43,0,,1,1,0,0.0,0.0,,,30.049999999999997,True,False,1.6,,13.800000000000002
case02,22,W3_b01,H_hold,8.641903991279476,traces/case02__s22__W3_b01__H_hold.npz,1601,311,0.0,0,0,0,1601,11,0.018265485763549805,setpoint,,,,,0.07,1.0,0.9875,,,,0.0,0.0,0,,0,0,0,0.0,0.0,,,30.049999999999997,True,True,30.05,,80.05000000000001
case02,33,W1,A_no_update,9.057067750958911,traces/case02__s33__W1__A_no_update.npz,1601,311,0.0,311,0,0,0,0,0.007028102874755859,setpoint,,,,,0.07,1.0,0.98625,,,,0.0,0.0,0,,0,0,0,0.0,0.0,,,30.049999999999997,True,True,30.05,,
case02,33,W1,B_always,9.057067750958911,traces/case02__s33__W1__B_always.npz,1601,311,1.0,1912,0,0,0,0,0.020157814025878906,setpoint,,,,,0.05,0.0,0.10875,,,,1.0,1.0,0,,0,0,0,0.0,0.0,,,30.049999999999997,True,True,0.0,,
case02,33,W1,C_threshold,9.057067750958911,traces/case02__s33__W1__C_threshold.npz,1601,311,0.06995627732667083,423,0,0,0,0,0.00720977783203125,setpoint,,,,,0.07,1.0,0.98875,,,,0.0,0.0,0,,0,0,0,0.0,0.0,,,30.049999999999997,True,True,30.05,,
case02,33,W1,D_quarantine,9.057067750958911,traces/case02__s33__W1__D_quarantine.npz,1601,311,0.9400374765771393,1816,1,3,608,0,0.016718149185180664,setpoint,,,,,0.07,0.0,0.62,,,,1.0,0.98,0,,1,1,0,0.0,0.0,,,30.049999999999997,True,False,0.0,,8.200000000000001
case02,33,W1,D_trail512,9.057067750958911,traces/case02__s33__W1__D_trail512.npz,1601,311,0.7901311680199875,1576,1,2,656,3,0.019857406616210938,setpoint,,,,,0.07,0.0,0.58,,,,1.0,0.71,0,,1,1,0,0.0,0.0,,,30.049999999999997,True,False,0.0,,11.466666666666669
case02,33,W1,DE_stab,9.057067750958911,traces/case02__s33__W1__DE_stab.npz,1601,311,0.7201748906933166,1464,1,1,736,4,0.020314693450927734,setpoint,,,,,0.07,0.0,0.73875,,,,1.0,0.57,0,,1,1,0,0.0,0.0,,,30.049999999999997,True,False,0.0,,18.8
case02,33,W1,DEph_cv,9.057067750958911,traces/case02__s33__W1__DEph_cv.npz,1601,311,0.7201748906933166,1464,1,1,736,4,0.020220279693603516,setpoint,,,,,0.07,0.0,0.73875,,,,1.0,0.57,0,,1,1,0,0.0,0.0,,,30.049999999999997,True,False,0.0,,18.8
case02,33,W1,H_hold,9.057067750958911,traces/case02__s33__W1__H_hold.npz,1601,311,0.059962523422860715,407,0,1,1537,10,0.02553701400756836,setpoint,,,,,0.07,1.0,0.98875,,,,0.0,0.0,0,,0,0,0,0.0,0.0,,,30.049999999999997,True,True,30.05,,38.824999999999996
case02,33,W2_f0995,A_no_update,8.998224139953752,traces/case02__s33__W2_f0995__A_no_update.npz,1601,311,0.0,0,0,0,0,0,0.001371145248413086,setpoint,,,,,0.06,1.0,0.98875,,,,0.0,0.0,0,,0,0,0,0.0,0.0,,,30.049999999999997,True,True,30.05,,
case02,33,W2_f0995,B_always,8.998224139953752,traces/case02__s33__W2_f0995__B_always.npz,1601,311,1.0,1601,0,0,0,0,0.003187417984008789,setpoint,,,,,0.05,0.0,0.57125,,,,1.0,1.0,0,,0,0,0,0.0,0.0,,,30.049999999999997,True,True,0.0,,
case02,33,W2_f0995,C_threshold,8.998224139953752,traces/case02__s33__W2_f0995__C_threshold.npz,1601,311,0.059962523422860715,96,0,0,0,0,0.00153350830078125,setpoint,,,,,0.06,1.0,0.98875,,,,0.0,0.0,0,,0,0,0,0.0,0.0,,,30.049999999999997,True,True,30.05,,
case02,33,W2_f0995,D_quarantine,8.998224139953752,traces/case02__s33__W2_f0995__D_quarantine.npz,1601,311,0.8900687070580887,1425,1,4,688,0,0.0029382705688476562,setpoint,,,,,0.06,0.0,0.63125,,,,1.0,0.9,0,,1,1,0,0.0,0.0,,,30.049999999999997,True,False,0.0,,7.5200000000000005
case02,33,W2_f0995,D_trail512,8.998224139953752,traces/case02__s33__W2_f0995__D_trail512.npz,1601,311,0.6302311055590256,1009,2,1,1136,6,0.006396770477294922,setpoint,,,,,0.06,0.30615640599001664,0.9875,,,,1.0,0.41,0,,1,2,0,1.0,0.0,,,30.049999999999997,True,False,0.0,,19.2
case02,33,W2_f0995,DE_stab,8.998224139953752,traces/case02__s33__W2_f0995__DE_stab.npz,1601,311,0.04996876951905059,80,0,1,1553,10,0.008189916610717773,setpoint,,,,,0.06,1.0,0.9875,,,,0.0,0.0,0,,0,0,0,0.0,0.0,,,30.049999999999997,True,True,30.05,,39.225
case02,33,W2_f0995,DEph_cv,8.998224139953752,traces/case02__s33__W2_f0995__DEph_cv.npz,1601,311,0.04996876951905059,80,0,1,1553,10,0.008168697357177734,setpoint,,,,,0.06,1.0,0.9875,,,,0.0,0.0,0,,0,0,0,0.0,0.0,,,30.049999999999997,True,True,30.05,,39.225
case02,33,W2_f0995,H_hold,8.998224139953752,traces/case02__s33__W2_f0995__H_hold.npz,1601,311,0.04996876951905059,80,0,1,1553,10,0.008148431777954102,setpoint,,,,,0.06,1.0,0.9875,,,,0.0,0.0,0,,0,0,0,0.0,0.0,,,30.049999999999997,True,True,30.05,,39.225
case02,33,W3_b01,A_no_update,8.825983929550738,traces/case02__s33__W3_b01__A_no_update.npz,1601,311,0.0,0,0,0,0,0,0.0012576580047607422,setpoint,,,,,0.045,1.0,0.98875,,,,0.0,0.0,0,,0,0,0,0.0,0.0,,,30.049999999999997,True,True,30.05,,
case02,33,W3_b01,B_always,8.825983929550738,traces/case02__s33__W3_b01__B_always.npz,1601,311,1.0,1601,0,0,0,0,0.013604164123535156,setpoint,,,,,0.015,0.0016638935108153079,0.14875,,,,1.0,1.0,0,,0,0,0,0.0,0.0,,,30.049999999999997,True,True,0.0,,
case02,33,W3_b01,C_threshold,8.825983929550738,traces/case02__s33__W3_b01__C_threshold.npz,1601,311,0.09993753903810118,160,0,0,0,0,0.0025670528411865234,setpoint,,,,,0.015,1.0,0.98625,,,,0.0,0.01,0,,0,0,0,0.0,0.0,,,30.049999999999997,True,True,30.05,,
case02,33,W3_b01,D_quarantine,8.825983929550738,traces/case02__s33__W3_b01__D_quarantine.npz,1601,311,0.9500312304809494,1521,1,5,592,0,0.012923717498779297,setpoint,,,,,0.015,0.0016638935108153079,0.6375,,,,0.9733777038269551,0.98,0,,1,1,0,0.0,0.0,,,30.049999999999997,True,False,0.8,,5.6000000000000005
case02,33,W3_b01,D_trail512,8.825983929550738,traces/case02__s33__W3_b01__D_trail512.npz,1601,311,0.7601499063085572,1217,1,4,768,3,0.015094757080078125,setpoint,,,,,0.04,0.0016638935108153079,0.6375,,,,0.9733777038269551,0.66,0,,1,1,0,0.0,0.0,,,30.049999999999997,True,False,0.8,,8.320000000000002
case02,33,W3_b01,DE_stab,8.825983929550738,traces/case02__s33__W3_b01__DE_stab.npz,1601,311,0.6801998750780762,1089,1,4,896,4,0.01569342613220215,setpoint,,,,,0.04,0.0016638935108153079,0.7975,,,,0.9733777038269551,0.5,0,,1,1,0,0.0,0.0,,,30.049999999999997,True,False,0.8,,9.600000000000001
case02,33,W3_b01,DEph_cv,8.825983929550738,traces/case02__s33__W3_b01__DEph_cv.npz,1601,311,0.6801998750780762,1089,1,4,896,4,0.015617609024047852,setpoint,,,,,0.04,0.0016638935108153079,0.7975,,,,0.9733777038269551,0.5,0,,1,1,0,0.0,0.0,,,30.049999999999997,True,False,0.8,,9.600000000000001
case02,33,W3_b01,H_hold,8.825983929550738,traces/case02__s33__W3_b01__H_hold.npz,1601,311,0.06995627732667083,112,0,2,1553,9,0.016061067581176758,setpoint,,,,,0.04,1.0,0.98625,,,,0.0,0.01,0,,0,0,0,0.0,0.0,,,30.049999999999997,True,True,30.05,,26.416666666666668
case03,11,W1,A_no_update,9.181082039322002,traces/case03__s11__W1__A_no_update.npz,1601,311,0.0,311,0,0,0,0,0.006838560104370117,setpoint,,,,,0.055,0.09151414309484193,0.1,,,,0.0,0.0,0,,0,0,0,0.0,0.0,,,30.049999999999997,True,True,30.05,,
case03,11,W1,B_always,9.181082039322002,traces/case03__s11__W1__B_always.npz,1601,311,1.0,1912,0,0,0,0,0.01999521255493164,setpoint,,,,,0.04,0.009983361064891847,0.02375,,,,1.0,1.0,0,,0,0,0,0.0,0.0,,,30.049999999999997,True,True,0.0,,
case03,11,W1,C_threshold,9.181082039322002,traces/case03__s11__W1__C_threshold.npz,1601,311,0.6302311055590256,1320,0,0,0,0,0.01449131965637207,setpoint,,,,,0.06,0.021630615640599003,0.03375,,,,0.7337770382695508,0.63,0,,0,0,0,0.0,0.0,,,30.049999999999997,True,True,1.6,,
case03,11,W1,D_quarantine,9.181082039322002,traces/case03__s11__W1__D_quarantine.npz,1601,311,0.6302311055590256,1320,0,21,592,0,0.014527320861816406,setpoint,,,,,0.06,0.021630615640599003,0.03375,,,,0.7337770382695508,0.63,0,,0,0,0,0.0,0.0,,,30.049999999999997,True,True,1.6,,2.2095238095238097
case03,11,W1,D_trail512,9.181082039322002,traces/case03__s11__W1__D_trail512.npz,1601,311,0.6096189881324172,1287,1,7,1105,3,0.018590927124023438,setpoint,,,,,0.055,0.019966722129783693,0.055,,,,0.6256239600665557,0.75,0,,1,1,0,0.0,0.0,,,30.049999999999997,True,False,5.6000000000000005,,6.761111111111112
case03,11,W1,DE_stab,9.181082039322002,traces/case03__s11__W1__DE_stab.npz,1601,311,0.14990630855715179,551,0,4,1489,6,0.017328977584838867,setpoint,,,,,0.055,0.051580698835274545,0.09625,,,,0.3194675540765391,0.06,0,,0,0,0,0.0,0.0,,,30.049999999999997,True,True,8.8,,15.529999999999998
case03,11,W1,DEph_cv,9.181082039322002,traces/case03__s11__W1__DEph_cv.npz,1601,311,0.14990630855715179,551,0,4,1489,6,0.0171964168548584,setpoint,,,,,0.055,0.051580698835274545,0.09625,,,,0.3194675540765391,0.06,0,,0,0,0,0.0,0.0,,,30.049999999999997,True,True,8.8,,15.529999999999998
case03,11,W1,H_hold,9.181082039322002,traces/case03__s11__W1__H_hold.npz,1601,311,0.14990630855715179,551,0,4,1489,6,0.01743483543395996,setpoint,,,,,0.055,0.051580698835274545,0.09625,,,,0.3194675540765391,0.06,0,,0,0,0,0.0,0.0,,,30.049999999999997,True,True,8.8,,15.529999999999998
case03,11,W2_f0995,A_no_update,8.978587962094606,traces/case03__s11__W2_f0995__A_no_update.npz,1601,311,0.0,0,0,0,0,0,0.0013842582702636719,setpoint,,,,,0.06,0.09151414309484193,0.125,,,,0.0,0.0,0,,0,0,0,0.0,0.0,,,30.049999999999997,True,True,30.05,,
case03,11,W2_f0995,B_always,8.978587962094606,traces/case03__s11__W2_f0995__B_always.npz,1601,311,1.0,1601,0,0,0,0,0.0032150745391845703,setpoint,,,,,0.055,0.02329450915141431,0.0325,,,,1.0,1.0,0,,0,0,0,0.0,0.0,,,30.049999999999997,True,True,0.0,,
case03,11,W2_f0995,C_threshold,8.978587962094606,traces/case03__s11__W2_f0995__C_threshold.npz,1601,311,0.6402248594628357,1025,0,0,0,0,0.0025691986083984375,setpoint,,,,,0.06,0.036605657237936774,0.05125,,,,0.6805324459234608,0.65,0,,0,0,0,0.0,0.0,,,30.049999999999997,True,True,2.4000000000000004,,
case03,11,W2_f0995,D_quarantine,8.978587962094606,traces/case03__s11__W2_f0995__D_quarantine.npz,1601,311,0.6402248594628357,1025,0,17,576,0,0.0025763511657714844,setpoint,,,,,0.06,0.036605657237936774,0.05125,,,,0.6805324459234608,0.65,0,,0,0,0,0.0,0.0,,,30.049999999999997,True,True,2.4000000000000004,,2.4941176470588236
case03,11,W2_f0995,D_trail512,8.978587962094606,traces/case03__s11__W2_f0995__D_trail512.npz,1601,311,0.4397251717676452,704,0,6,1089,1,0.0029137134552001953,setpoint,,,,,0.06,0.036605657237936774,0.06375,,,,0.4925124792013311,0.41,0,,0,0,0,0.0,0.0,,,30.049999999999997,True,True,8.0,,8.464285714285714
case03,11,W2_f0995,DE_stab,8.978587962094606,traces/case03__s11__W2_f0995__DE_stab.npz,1601,311,0.4397251717676452,704,0,6,1089,1,0.002839803695678711,setpoint,,,,,0.06,0.036605657237936774,0.06375,,,,0.4925124792013311,0.41,0,,0,0,0,0.0,0.0,,,30.049999999999997,True,True,8.0,,8.464285714285714
case03,11,W2_f0995,DEph_cv,8.978587962094606,traces/case03__s11__W2_f0995__DEph_cv.npz,1601,311,0.4397251717676452,704,0,6,1089,1,0.0027937889099121094,setpoint,,,,,0.06,0.036605657237936774,0.06375,,,,0.4925124792013311,0.41,0,,0,0,0,0.0,0.0,,,30.049999999999997,True,True,8.0,,8.464285714285714
case03,11,W2_f0995,H_hold,8.978587962094606,traces/case03__s11__W2_f0995__H_hold.npz,1601,311,0.4397251717676452,704,0,6,1089,1,0.00283050537109375,setpoint,,,,,0.06,0.036605657237936774,0.06375,,,,0.4925124792013311,0.41,0,,0,0,0,0.0,0.0,,,30.049999999999997,True,True,8.0,,8.464285714285714
case03,11,W3_b01,A_no_update,8.763416020852388,traces/case03__s11__W3_b01__A_no_update.npz,1601,311,0.0,0,0,0,0,0,0.0012826919555664062,setpoint,,,,,0.07,0.09317803660565724,0.14375,,,,0.0,0.0,0,,0,0,0,0.0,0.0,,,30.049999999999997,True,True,30.05,,
case03,11,W3_b01,B_always,8.763416020852388,traces/case03__s11__W3_b01__B_always.npz,1601,311,1.0,1601,0,0,0,0,0.013576030731201172,setpoint,,,,,0.015,0.009983361064891847,0.0075,,,,1.0,1.0,0,,0,0,0,0.0,0.0,,,30.049999999999997,True,True,0.0,,
case03,11,W3_b01,C_threshold,8.763416020852388,traces/case03__s11__W3_b01__C_threshold.npz,1601,311,0.8001249219237976,1281,0,0,0,0,0.011188268661499023,setpoint,,,,,0.03,0.013311148086522463,0.02125,,,,0.8402662229617305,0.82,0,,0,0,0,0.0,0.0,,,30.049999999999997,True,True,1.6,,
case03,11,W3_b01,D_quarantine,8.763416020852388,traces/case03__s11__W3_b01__D_quarantine.npz,1601,311,0.8001249219237976,1281,0,12,320,0,0.011238813400268555,setpoint,,,,,0.03,0.013311148086522463,0.02125,,,,0.8402662229617305,0.82,0,,0,0,0,0.0,0.0,,,30.049999999999997,True,True,1.6,,2.1333333333333333
case03,11,W3_b01,D_trail512,8.763416020852388,traces/case03__s11__W3_b01__D_trail512.npz,1601,311,0.6595877576514678,1056,1,6,1008,3,0.013803720474243164,setpoint,,,,,0.07,0.014975041597337771,0.07875,,,,0.8119800332778702,0.71,0,,1,1,0,0.0,0.0,,,30.049999999999997,True,False,1.6500000000000001,,7.778571428571429
case03,11,W3_b01,DE_stab,8.763416020852388,traces/case03__s11__W3_b01__DE_stab.npz,1601,311,0.13991255465334165,224,0,2,1441,9,0.016849279403686523,setpoint,,,,,0.07,0.03826955074875208,0.14375,,,,0.37271214642262895,0.0,0,,0,0,0,0.0,0.0,,,30.049999999999997,True,True,14.0,,24.55
case03,11,W3_b01,DEph_cv,8.763416020852388,traces/case03__s11__W3_b01__DEph_cv.npz,1601,311,0.13991255465334165,224,0,2,1441,9,0.016665935516357422,setpoint,,,,,0.07,0.03826955074875208,0.14375,,,,0.37271214642262895,0.0,0,,0,0,0,0.0,0.0,,,30.049999999999997,True,True,14.0,,24.55
case03,11,W3_b01,H_hold,8.763416020852388,traces/case03__s11__W3_b01__H_hold.npz,1601,311,0.13991255465334165,224,0,2,1441,9,0.016774654388427734,setpoint,,,,,0.07,0.03826955074875208,0.14375,,,,0.37271214642262895,0.0,0,,0,0,0,0.0,0.0,,,30.049999999999997,True,True,14.0,,24.55
case03,22,W1,A_no_update,8.646351521614875,traces/case03__s22__W1__A_no_update.npz,1601,311,0.0,311,0,0,0,0,0.006554126739501953,setpoint,,,,,0.15,0.18801996672212978,0.22125,,,,0.0,0.0,0,,0,0,0,0.0,0.0,,,30.049999999999997,True,True,30.05,,
case03,22,W1,B_always,8.646351521614875,traces/case03__s22__W1__B_always.npz,1601,311,1.0,1912,0,0,0,0,0.019481182098388672,setpoint,,,,,0.13,0.048252911813643926,0.06375,,,,1.0,1.0,0,,0,0,0,0.0,0.0,,,30.049999999999997,True,True,0.0,,
case03,22,W1,C_threshold,8.646351521614875,traces/case03__s22__W1__C_threshold.npz,1601,311,0.40037476577139286,952,0,0,0,0,0.011438608169555664,setpoint,,,,,0.145,0.0632279534109817,0.1,,,,0.49417637271214643,0.41,0,,0,0,0,0.0,0.0,,,30.049999999999997,True,True,2.4000000000000004,,
case03,22,W1,D_quarantine,8.646351521614875,traces/case03__s22__W1__D_quarantine.npz,1601,311,0.40037476577139286,952,0,21,960,0,0.011363983154296875,setpoint,,,,,0.145,0.0632279534109817,0.1,,,,0.49417637271214643,0.41,0,,0,0,0,0.0,0.0,,,30.049999999999997,True,True,2.4000000000000004,,3.0857142857142863
case03,22,W1,D_trail512,8.646351521614875,traces/case03__s22__W1__D_trail512.npz,1601,311,0.40974391005621486,967,2,3,1553,6,0.022387981414794922,setpoint,,,,,0.15,0.056572379367720464,0.15125,,,,0.2795341098169717,0.61,0,,1,2,0,1.0,0.0,,,30.049999999999997,True,False,8.8,,13.341666666666669
case03,22,W1,DE_stab,8.646351521614875,traces/case03__s22__W1__DE_stab.npz,1601,311,0.0,311,0,0,1601,11,0.023359298706054688,setpoint,,,,,0.15,0.18801996672212978,0.22125,,,,0.0,0.0,0,,0,0,0,0.0,0.0,,,30.049999999999997,True,True,30.05,,80.05000000000001
case03,22,W1,DEph_cv,8.646351521614875,traces/case03__s22__W1__DEph_cv.npz,1601,311,0.0,311,0,0,1601,11,0.02300405502319336,setpoint,,,,,0.15,0.18801996672212978,0.22125,,,,0.0,0.0,0,,0,0,0,0.0,0.0,,,30.049999999999997,True,True,30.05,,80.05000000000001
case03,22,W1,H_hold,8.646351521614875,traces/case03__s22__W1__H_hold.npz,1601,311,0.0,311,0,0,1601,11,0.02295398712158203,setpoint,,,,,0.15,0.18801996672212978,0.22125,,,,0.0,0.0,0,,0,0,0,0.0,0.0,,,30.049999999999997,True,True,30.05,,80.05000000000001
case03,22,W2_f0995,A_no_update,8.99114950206245,traces/case03__s22__W2_f0995__A_no_update.npz,1601,311,0.0,0,0,0,0,0,0.0013730525970458984,setpoint,,,,,0.06,0.09151414309484193,0.125,,,,0.0,0.0,0,,0,0,0,0.0,0.0,,,30.049999999999997,True,True,30.05,,
case03,22,W2_f0995,B_always,8.99114950206245,traces/case03__s22__W2_f0995__B_always.npz,1601,311,1.0,1601,0,0,0,0,0.0032265186309814453,setpoint,,,,,0.05,0.019966722129783693,0.03125,,,,1.0,1.0,0,,0,0,0,0.0,0.0,,,30.049999999999997,True,True,0.0,,
case03,22,W2_f0995,C_threshold,8.99114950206245,traces/case03__s22__W2_f0995__C_threshold.npz,1601,311,0.6402248594628357,1025,0,0,0,0,0.002579212188720703,setpoint,,,,,0.06,0.036605657237936774,0.05,,,,0.6805324459234608,0.65,0,,0,0,0,0.0,0.0,,,30.049999999999997,True,True,2.4000000000000004,,
case03,22,W2_f0995,D_quarantine,8.99114950206245,traces/case03__s22__W2_f0995__D_quarantine.npz,1601,311,0.6402248594628357,1025,0,17,576,0,0.0025827884674072266,setpoint,,,,,0.06,0.036605657237936774,0.05,,,,0.6805324459234608,0.65,0,,0,0,0,0.0,0.0,,,30.049999999999997,True,True,2.4000000000000004,,2.4941176470588236
case03,22,W2_f0995,D_trail512,8.99114950206245,traces/case03__s22__W2_f0995__D_trail512.npz,1601,311,0.4397251717676452,704,0,6,1089,1,0.002942800521850586,setpoint,,,,,0.06,0.036605657237936774,0.06,,,,0.4925124792013311,0.41,0,,0,0,0,0.0,0.0,,,30.049999999999997,True,True,8.0,,8.464285714285714
case03,22,W2_f0995,DE_stab,8.99114950206245,traces/case03__s22__W2_f0995__DE_stab.npz,1601,311,0.4397251717676452,704,0,6,1089,1,0.0028464794158935547,setpoint,,,,,0.06,0.036605657237936774,0.06,,,,0.4925124792013311,0.41,0,,0,0,0,0.0,0.0,,,30.049999999999997,True,True,8.0,,8.464285714285714
case03,22,W2_f0995,DEph_cv,8.99114950206245,traces/case03__s22__W2_f0995__DEph_cv.npz,1601,311,0.4397251717676452,704,0,6,1089,1,0.0027856826782226562,setpoint,,,,,0.06,0.036605657237936774,0.06,,,,0.4925124792013311,0.41,0,,0,0,0,0.0,0.0,,,30.049999999999997,True,True,8.0,,8.464285714285714
case03,22,W2_f0995,H_hold,8.99114950206245,traces/case03__s22__W2_f0995__H_hold.npz,1601,311,0.4397251717676452,704,0,6,1089,1,0.002847433090209961,setpoint,,,,,0.06,0.036605657237936774,0.06,,,,0.4925124792013311,0.41,0,,0,0,0,0.0,0.0,,,30.049999999999997,True,True,8.0,,8.464285714285714
case03,22,W3_b01,A_no_update,8.641903991279476,traces/case03__s22__W3_b01__A_no_update.npz,1601,311,0.0,0,0,0,0,0,0.0013012886047363281,setpoint,,,,,0.07,0.10981697171381032,0.1525,,,,0.0,0.0,0,,0,0,0,0.0,0.0,,,30.049999999999997,True,True,30.05,,
case03,22,W3_b01,B_always,8.641903991279476,traces/case03__s22__W3_b01__B_always.npz,1601,311,1.0,1601,0,0,0,0,0.013616561889648438,setpoint,,,,,0.03,0.0066555740432612314,0.01625,,,,1.0,1.0,0,,0,0,0,0.0,0.0,,,30.049999999999997,True,True,0.0,,
case03,22,W3_b01,C_threshold,8.641903991279476,traces/case03__s22__W3_b01__C_threshold.npz,1601,311,0.7801374141161774,1249,0,0,0,0,0.01093435287475586,setpoint,,,,,0.04,0.014975041597337771,0.025,,,,0.8668885191347754,0.78,0,,0,0,0,0.0,0.0,,,30.049999999999997,True,True,1.6,,
case03,22,W3_b01,D_quarantine,8.641903991279476,traces/case03__s22__W3_b01__D_quarantine.npz,1601,311,0.7801374141161774,1249,0,14,352,0,0.01096034049987793,setpoint,,,,,0.04,0.014975041597337771,0.025,,,,0.8668885191347754,0.78,0,,0,0,0,0.0,0.0,,,30.049999999999997,True,True,1.6,,2.0571428571428574
case03,22,W3_b01,D_trail512,8.641903991279476,traces/case03__s22__W3_b01__D_trail512.npz,1601,311,0.4797001873828857,768,1,5,1249,3,0.011686086654663086,setpoint,,,,,0.07,0.04326123128119801,0.09375,,,,0.5590682196339434,0.54,0,,1,1,0,0.0,0.0,,,30.049999999999997,True,False,5.65,,9.492857142857146
case03,22,W3_b01,DE_stab,8.641903991279476,traces/case03__s22__W3_b01__DE_stab.npz,1601,311,0.11992504684572143,192,0,2,1473,9,0.01656174659729004,setpoint,,,,,0.07,0.07820299500831947,0.1525,,,,0.3194675540765391,0.0,0,,0,0,0,0.0,0.0,,,30.049999999999997,True,True,14.0,,25.08333333333334
case03,22,W3_b01,DEph_cv,8.641903991279476,traces/case03__s22__W3_b01__DEph_cv.npz,1601,311,0.11992504684572143,192,0,2,1473,9,0.016535282135009766,setpoint,,,,,0.07,0.07820299500831947,0.1525,,,,0.3194675540765391,0.0,0,,0,0,0,0.0,0.0,,,30.049999999999997,True,True,14.0,,25.08333333333334
case03,22,W3_b01,H_hold,8.641903991279476,traces/case03__s22__W3_b01__H_hold.npz,1601,311,0.11992504684572143,192,0,2,1473,9,0.01650691032409668,setpoint,,,,,0.07,0.07820299500831947,0.1525,,,,0.3194675540765391,0.0,0,,0,0,0,0.0,0.0,,,30.049999999999997,True,True,14.0,,25.08333333333334
case03,33,W1,A_no_update,9.057067750958911,traces/case03__s33__W1__A_no_update.npz,1601,311,0.0,311,0,0,0,0,0.007417440414428711,setpoint,,,,,0.07,0.10149750415973377,0.12875,,,,0.0,0.0,0,,0,0,0,0.0,0.0,,,30.049999999999997,True,True,30.05,,
case03,33,W1,B_always,9.057067750958911,traces/case03__s33__W1__B_always.npz,1601,311,1.0,1912,0,0,0,0,0.02000117301940918,setpoint,,,,,0.05,0.014975041597337771,0.01875,,,,1.0,1.0,0,,0,0,0,0.0,0.0,,,30.049999999999997,True,True,0.0,,
case03,33,W1,C_threshold,9.057067750958911,traces/case03__s33__W1__C_threshold.npz,1601,311,0.6901936289818863,1416,0,0,0,0,0.015638351440429688,setpoint,,,,,0.07,0.018302828618968387,0.0275,,,,0.7603993344425957,0.67,0,,0,0,0,0.0,0.0,,,30.049999999999997,True,True,3.2,,
case03,33,W1,D_quarantine,9.057067750958911,traces/case03__s33__W1__D_quarantine.npz,1601,311,0.6901936289818863,1416,0,18,496,0,0.015652894973754883,setpoint,,,,,0.07,0.018302828618968387,0.0275,,,,0.7603993344425957,0.67,0,,0,0,0,0.0,0.0,,,30.049999999999997,True,True,3.2,,2.177777777777778
case03,33,W1,D_trail512,9.057067750958911,traces/case03__s33__W1__D_trail512.npz,1601,311,0.5496564647095565,1191,1,5,1137,3,0.01831221580505371,setpoint,,,,,0.07,0.026622296173044926,0.06,,,,0.5457570715474209,0.57,0,,1,1,0,0.0,0.0,,,30.049999999999997,True,False,10.4,,8.692857142857145
case03,33,W1,DE_stab,9.057067750958911,traces/case03__s33__W1__DE_stab.npz,1601,311,0.16989381636477202,583,0,3,1425,7,0.02144932746887207,setpoint,,,,,0.07,0.05324459234608985,0.0825,,,,0.2529118136439268,0.03,0,,0,0,0,0.0,0.0,,,30.049999999999997,True,True,18.400000000000002,,18.4125
case03,33,W1,DEph_cv,9.057067750958911,traces/case03__s33__W1__DEph_cv.npz,1601,311,0.16989381636477202,583,0,3,1425,7,0.021382808685302734,setpoint,,,,,0.07,0.05324459234608985,0.0825,,,,0.2529118136439268,0.03,0,,0,0,0,0.0,0.0,,,30.049999999999997,True,True,18.400000000000002,,18.4125
case03,33,W1,H_hold,9.057067750958911,traces/case03__s33__W1__H_hold.npz,1601,311,0.16989381636477202,583,0,3,1425,7,0.021433115005493164,setpoint,,,,,0.07,0.05324459234608985,0.0825,,,,0.2529118136439268,0.03,0,,0,0,0,0.0,0.0,,,30.049999999999997,True,True,18.400000000000002,,18.4125
case03,33,W2_f0995,A_no_update,8.998224139953752,traces/case03__s33__W2_f0995__A_no_update.npz,1601,311,0.0,0,0,0,0,0,0.0013172626495361328,setpoint,,,,,0.06,0.09151414309484193,0.12625,,,,0.0,0.0,0,,0,0,0,0.0,0.0,,,30.049999999999997,True,True,30.05,,
case03,33,W2_f0995,B_always,8.998224139953752,traces/case03__s33__W2_f0995__B_always.npz,1601,311,1.0,1601,0,0,0,0,0.0031239986419677734,setpoint,,,,,0.05,0.021630615640599003,0.03125,,,,1.0,1.0,0,,0,0,0,0.0,0.0,,,30.049999999999997,True,True,0.0,,
case03,33,W2_f0995,C_threshold,8.998224139953752,traces/case03__s33__W2_f0995__C_threshold.npz,1601,311,0.660212367270456,1057,0,0,0,0,0.002515077590942383,setpoint,,,,,0.06,0.03494176372712146,0.04875,,,,0.7071547420965059,0.67,0,,0,0,0,0.0,0.0,,,30.049999999999997,True,True,1.6,,
case03,33,W2_f0995,D_quarantine,8.998224139953752,traces/case03__s33__W2_f0995__D_quarantine.npz,1601,311,0.660212367270456,1057,0,16,544,0,0.0025322437286376953,setpoint,,,,,0.06,0.03494176372712146,0.04875,,,,0.7071547420965059,0.67,0,,0,0,0,0.0,0.0,,,30.049999999999997,True,True,1.6,,2.5
case03,33,W2_f0995,D_trail512,8.998224139953752,traces/case03__s33__W2_f0995__D_trail512.npz,1601,311,0.4397251717676452,704,0,6,1089,1,0.002735137939453125,setpoint,,,,,0.06,0.033277870216306155,0.06,,,,0.4925124792013311,0.41,0,,0,0,0,0.0,0.0,,,30.049999999999997,True,True,8.0,,8.464285714285714
case03,33,W2_f0995,DE_stab,8.998224139953752,traces/case03__s33__W2_f0995__DE_stab.npz,1601,311,0.4397251717676452,704,0,6,1089,1,0.0027055740356445312,setpoint,,,,,0.06,0.033277870216306155,0.06,,,,0.4925124792013311,0.41,0,,0,0,0,0.0,0.0,,,30.049999999999997,True,True,8.0,,8.464285714285714
case03,33,W2_f0995,DEph_cv,8.998224139953752,traces/case03__s33__W2_f0995__DEph_cv.npz,1601,311,0.4397251717676452,704,0,6,1089,1,0.002660989761352539,setpoint,,,,,0.06,0.033277870216306155,0.06,,,,0.4925124792013311,0.41,0,,0,0,0,0.0,0.0,,,30.049999999999997,True,True,8.0,,8.464285714285714
case03,33,W2_f0995,H_hold,8.998224139953752,traces/case03__s33__W2_f0995__H_hold.npz,1601,311,0.4397251717676452,704,0,6,1089,1,0.0026891231536865234,setpoint,,,,,0.06,0.033277870216306155,0.06,,,,0.4925124792013311,0.41,0,,0,0,0,0.0,0.0,,,30.049999999999997,True,True,8.0,,8.464285714285714
case03,33,W3_b01,A_no_update,8.825983929550738,traces/case03__s33__W3_b01__A_no_update.npz,1601,311,0.0,0,0,0,0,0,0.0011894702911376953,setpoint,,,,,0.045,0.09650582362728785,0.12875,,,,0.0,0.0,0,,0,0,0,0.0,0.0,,,30.049999999999997,True,True,30.05,,
case03,33,W3_b01,B_always,8.825983929550738,traces/case03__s33__W3_b01__B_always.npz,1601,311,1.0,1601,0,0,0,0,0.013251781463623047,setpoint,,,,,0.015,0.009983361064891847,0.0125,,,,1.0,1.0,0,,0,0,0,0.0,0.0,,,30.049999999999997,True,True,0.0,,
case03,33,W3_b01,C_threshold,8.825983929550738,traces/case03__s33__W3_b01__C_threshold.npz,1601,311,0.8201124297314178,1313,0,0,0,0,0.011139869689941406,setpoint,,,,,0.015,0.011647254575707155,0.01875,,,,0.8402662229617305,0.82,0,,0,0,0,0.0,0.0,,,30.049999999999997,True,True,1.6,,
case03,33,W3_b01,D_quarantine,8.825983929550738,traces/case03__s33__W3_b01__D_quarantine.npz,1601,311,0.8201124297314178,1313,0,12,288,0,0.011150598526000977,setpoint,,,,,0.015,0.011647254575707155,0.01875,,,,0.8402662229617305,0.82,0,,0,0,0,0.0,0.0,,,30.049999999999997,True,True,1.6,,2.0
case03,33,W3_b01,D_trail512,8.825983929550738,traces/case03__s33__W3_b01__D_trail512.npz,1601,311,0.5602748282323547,897,0,8,960,2,0.010888814926147461,setpoint,,,,,0.04,0.016638935108153077,0.08,,,,0.7603993344425957,0.42,0,,0,0,0,0.0,0.0,,,30.049999999999997,True,True,4.0,,6.800000000000001
case03,33,W3_b01,DE_stab,8.825983929550738,traces/case03__s33__W3_b01__DE_stab.npz,1601,311,0.5602748282323547,897,0,8,960,2,0.010837316513061523,setpoint,,,,,0.04,0.016638935108153077,0.08,,,,0.7603993344425957,0.42,0,,0,0,0,0.0,0.0,,,30.049999999999997,True,True,4.0,,6.800000000000001
case03,33,W3_b01,DEph_cv,8.825983929550738,traces/case03__s33__W3_b01__DEph_cv.npz,1601,311,0.5602748282323547,897,0,8,960,2,0.010795116424560547,setpoint,,,,,0.04,0.016638935108153077,0.08,,,,0.7603993344425957,0.42,0,,0,0,0,0.0,0.0,,,30.049999999999997,True,True,4.0,,6.800000000000001
case03,33,W3_b01,H_hold,8.825983929550738,traces/case03__s33__W3_b01__H_hold.npz,1601,311,0.5602748282323547,897,0,8,960,2,0.01085519790649414,setpoint,,,,,0.04,0.016638935108153077,0.08,,,,0.7603993344425957,0.42,0,,0,0,0,0.0,0.0,,,30.049999999999997,True,True,4.0,,6.800000000000001
case04,11,W1,A_no_update,8.698960352876588,traces/case04__s11__W1__A_no_update.npz,1601,312,0.0,312,0,0,0,0,0.006171703338623047,fault,0.9999884407808615,0.9999179157744469,0.9999910951233718,0.9999595780030575,0.015,,,0.9992862241256245,1.0,0.0,,,0,,0,0,0,,,,,,False,True,,,
case04,11,W1,B_always,8.698960352876588,traces/case04__s11__W1__B_always.npz,1601,312,1.0,1913,0,0,0,0,0.020588159561157227,fault,0.9269597256940822,0.6024589578872235,0.9376972574808721,0.6456839372827805,0.025,,,0.24553890078515347,1.0,1.0,,,0,,0,0,0,,,,,,False,True,,,
case04,11,W1,C_threshold,8.698960352876588,traces/case04__s11__W1__C_threshold.npz,1601,312,0.08994378513429106,456,0,0,0,0,0.008778572082519531,fault,0.9999929199839217,0.9999500356887937,0.999994430715829,0.9999762899297527,0.02,,,0.9992862241256245,1.0,0.0,,,0,,0,0,0,,,,,,False,True,,,
case04,11,W1,D_quarantine,8.698960352876588,traces/case04__s11__W1__D_quarantine.npz,1601,312,0.7701436602123672,1545,1,13,880,0,0.017781972885131836,fault,0.9489089602534493,0.694271948608137,0.9566256809869947,0.7302456468031688,0.02,,,0.39186295503211993,1.0,0.7601713062098501,,,1,54.35,0,0,0,,,,,,False,False,,,3.8321428571428577
case04,11,W1,D_trail512,8.698960352876588,traces/case04__s11__W1__D_trail512.npz,1601,312,0.509681449094316,1128,2,2,1361,7,0.02693343162536621,fault,0.9681197259160597,0.7984047109207708,0.9735232894213706,0.8267795842070516,0.02,,,0.46395431834404,1.0,0.49107780157030695,,,2,52.75,0,0,0,,,,,,False,False,,,13.930000000000001
case04,11,W1,DE_stab,8.698960352876588,traces/case04__s11__W1__DE_stab.npz,1601,312,0.4497189256714553,1032,1,4,1265,6,0.0204317569732666,fault,0.9687918780844069,0.7931477516059957,0.9735983577643489,0.8189943544908633,0.02,,,0.6088508208422555,1.0,0.4225553176302641,,,1,71.95,0,0,0,,,,,,False,False,,,11.075000000000001
case04,11,W1,DEph_cv,8.698960352876588,traces/case04__s11__W1__DEph_cv.npz,1601,312,0.4497189256714553,1032,1,4,1265,6,0.020350933074951172,fault,0.9687918780844069,0.7931477516059957,0.9735983577643489,0.8189943544908633,0.02,,,0.6088508208422555,1.0,0.4225553176302641,,,1,71.95,0,0,0,,,,,,False,False,,,11.075000000000001
case04,11,W1,H_hold,8.698960352876588,traces/case04__s11__W1__H_hold.npz,1601,312,0.07995003123048094,440,0,1,1505,10,0.024495601654052734,fault,0.9999924194789122,0.9999464668094219,0.999994430715829,0.9999762899297527,0.02,,,0.9992862241256245,1.0,0.0,,,0,,0,0,0,,,,,,False,True,,,38.025000000000006
case04,11,W2_f0995,A_no_update,8.31662530898524,traces/case04__s11__W2_f0995__A_no_update.npz,1601,312,0.0,0,0,0,0,0,0.0013184547424316406,fault,0.9999668261165369,0.9997573162027124,0.9999921413871021,0.9999616441718253,0.015,,,0.9992862241256245,1.0,0.0,,,0,,0,0,0,,,,,,False,True,,,
case04,11,W2_f0995,B_always,8.31662530898524,traces/case04__s11__W2_f0995__B_always.npz,1601,312,1.0,1601,0,0,0,0,0.0031447410583496094,fault,0.9470853356200117,0.6812062812276946,0.9555913912616248,0.7201449628879076,0.02,,,0.42326909350463954,1.0,1.0,,,0,,0,0,0,,,,,,False,True,,,
case04,11,W2_f0995,C_threshold,8.31662530898524,traces/case04__s11__W2_f0995__C_threshold.npz,1601,312,0.09993753903810118,160,0,0,0,0,0.001554727554321289,fault,0.9999753698220395,0.9998215560314061,0.999995597396078,0.9999775153230519,0.015,,,0.9992862241256245,1.0,0.0,,,0,,0,0,0,,,,,,False,True,,,
case04,11,W2_f0995,D_quarantine,8.31662530898524,traces/case04__s11__W2_f0995__D_quarantine.npz,1601,312,0.5902560899437851,945,1,10,1168,0,0.002342700958251953,fault,0.9703271549671453,0.8092541042112776,0.9758933710360067,0.8390554018488398,0.015,,,0.5253390435403283,1.0,0.5431834403997144,,,1,54.35,0,0,0,,,,,,False,False,,,5.968181818181819
case04,11,W2_f0995,D_trail512,8.31662530898524,traces/case04__s11__W2_f0995__D_trail512.npz,1601,312,0.5196752029981262,832,2,3,1377,6,0.0059049129486083984,fault,0.9799687385995376,0.8622626695217702,0.9836567615450679,0.8839053419598657,0.015,,,0.6802284082798001,1.0,0.4796573875802998,,,2,54.35,0,0,0,,,,,,False,False,,,11.875
case04,11,W2_f0995,DE_stab,8.31662530898524,traces/case04__s11__W2_f0995__DE_stab.npz,1601,312,0.09993753903810118,160,0,1,1473,10,0.00802469253540039,fault,0.9999748945255733,0.9998179871520343,0.999995597396078,0.9999775153230519,0.015,,,0.9992862241256245,1.0,0.0,,,0,,0,0,0,,,,,,False,True,,,37.225
case04,11,W2_f0995,DEph_cv,8.31662530898524,traces/case04__s11__W2_f0995__DEph_cv.npz,1601,312,0.09993753903810118,160,0,1,1473,10,0.008014202117919922,fault,0.9999748945255733,0.9998179871520343,0.999995597396078,0.9999775153230519,0.015,,,0.9992862241256245,1.0,0.0,,,0,,0,0,0,,,,,,False,True,,,37.225
case04,11,W2_f0995,H_hold,8.31662530898524,traces/case04__s11__W2_f0995__H_hold.npz,1601,312,0.09993753903810118,160,0,1,1473,10,0.008007049560546875,fault,0.9999748945255733,0.9998179871520343,0.999995597396078,0.9999775153230519,0.015,,,0.9992862241256245,1.0,0.0,,,0,,0,0,0,,,,,,False,True,,,37.225
case04,11,W3_b01,A_no_update,8.07010157294238,traces/case04__s11__W3_b01__A_no_update.npz,1601,312,0.0,0,0,0,0,0,0.0011854171752929688,fault,0.9999262938008708,0.9994396859386153,0.9999729936161615,0.9998386717286439,0.175,,,0.9992862241256245,1.0,0.0,,,0,,0,0,0,,,,,,False,True,,,
case04,11,W3_b01,B_always,8.07010157294238,traces/case04__s11__W3_b01__B_always.npz,1601,312,1.0,1601,0,0,0,0,0.013379812240600586,fault,0.94416652970361,0.6752498215560314,0.952118834305171,0.7104590838464764,0.05,,,0.3454675231977159,1.0,1.0,,,0,,0,0,0,,,,,,False,True,,,
case04,11,W3_b01,C_threshold,8.07010157294238,traces/case04__s11__W3_b01__C_threshold.npz,1601,312,0.019987507807620236,32,0,0,0,0,0.0014967918395996094,fault,0.9999555681684625,0.9996680942184153,0.9999831875741676,0.9998952246690538,0.08,,,0.9992862241256245,1.0,0.0,,,0,,0,0,0,,,,,,False,True,,,
case04,11,W3_b01,D_quarantine,8.07010157294238,traces/case04__s11__W3_b01__D_quarantine.npz,1601,312,0.670206121174266,1073,2,3,1552,0,0.009210348129272461,fault,0.987454501117554,0.9124054246966452,0.9889552250302966,0.9225524788708337,0.08,,,0.7994289793004996,1.0,0.7373304782298359,,,2,55.15,0,0,0,,,,,,False,False,,,15.85
case04,11,W3_b01,D_trail512,8.07010157294238,traces/case04__s11__W3_b01__D_trail512.npz,1601,312,0.4797001873828857,768,3,0,1601,9,0.02067112922668457,fault,0.9694191415364004,0.79593147751606,0.9723708356256118,0.8120835958694494,0.175,,,0.6795146324054246,1.0,0.5481798715203426,,,3,45.550000000000004,0,0,0,,,,,,False,False,,,20.012500000000003
case04,11,W3_b01,DE_stab,8.07010157294238,traces/case04__s11__W3_b01__DE_stab.npz,1601,312,0.23985009369144286,384,1,2,1537,9,0.017668724060058594,fault,0.9680934776578712,0.783690221270521,0.9712868197131349,0.8005547301887705,0.175,,,0.6973590292648109,1.0,0.2740899357601713,,,1,71.15,0,0,0,,,,,,False,False,,,19.612500000000004
case04,11,W3_b01,DEph_cv,8.07010157294238,traces/case04__s11__W3_b01__DEph_cv.npz,1601,312,0.23985009369144286,384,1,2,1537,9,0.017639875411987305,fault,0.9680934776578712,0.783690221270521,0.9712868197131349,0.8005547301887705,0.175,,,0.6973590292648109,1.0,0.2740899357601713,,,1,71.15,0,0,0,,,,,,False,False,,,19.612500000000004
case04,11,W3_b01,H_hold,8.07010157294238,traces/case04__s11__W3_b01__H_hold.npz,1601,312,0.0,0,0,0,1601,11,0.017887115478515625,fault,0.9999262938008708,0.9994396859386153,0.9999729936161615,0.9998386717286439,0.175,,,0.9992862241256245,1.0,0.0,,,0,,0,0,0,,,,,,False,True,,,80.05000000000001
case04,22,W1,A_no_update,8.712457863389938,traces/case04__s22__W1__A_no_update.npz,1601,312,0.0,312,0,0,0,0,0.007195234298706055,fault,0.9999640299177488,0.999739471805853,0.9999883372800525,0.9999388889861508,0.03,,,0.9985724482512491,1.0,0.0,,,0,,0,0,0,,,,,,False,True,,,
case04,22,W1,B_always,8.712457863389938,traces/case04__s22__W1__B_always.npz,1601,312,1.0,1913,0,0,0,0,0.019611835479736328,fault,0.9320874190576413,0.6263490364025697,0.9411520042949073,0.663787754711631,0.02,,,0.2569593147751606,1.0,1.0,,,0,,0,0,0,,,,,,False,True,,,
case04,22,W1,C_threshold,8.712457863389938,traces/case04__s22__W1__C_threshold.npz,1601,312,0.08994378513429106,456,0,0,0,0,0.009664535522460938,fault,0.9999730373124378,0.9998037116345467,0.9999940485060931,0.9999659049578006,0.02,,,0.9992862241256245,1.0,0.0,,,0,,0,0,0,,,,,,False,True,,,
case04,22,W1,D_quarantine,8.712457863389938,traces/case04__s22__W1__D_quarantine.npz,1601,312,0.6801998750780762,1401,1,9,1024,0,0.016055822372436523,fault,0.9567934377388637,0.7375802997858671,0.9630655066740299,0.7679381743217052,0.02,,,0.40827980014275517,1.0,0.6573875802997858,,,1,54.35,0,0,0,,,,,,False,False,,,5.765000000000001
case04,22,W1,D_trail512,8.712457863389938,traces/case04__s22__W1__D_trail512.npz,1601,312,0.509681449094316,1128,2,3,1393,7,0.027820587158203125,fault,0.9711054851045023,0.8163204853675946,0.9756974588731212,0.8407252613563895,0.02,,,0.476802284082798,1.0,0.4796573875802998,,,2,54.35,0,0,0,,,,,,False,False,,,12.008333333333333
case04,22,W1,DE_stab,8.712457863389938,traces/case04__s22__W1__DE_stab.npz,1601,312,0.419737663960025,984,1,4,1313,6,0.023052692413330078,fault,0.9727737187836512,0.8172662384011421,0.9766227893289198,0.8386213122040297,0.02,,,0.6374018558172734,1.0,0.37687366167023556,,,1,73.55,0,0,0,,,,,,False,False,,,11.475
case04,22,W1,DEph_cv,8.712457863389938,traces/case04__s22__W1__DEph_cv.npz,1601,312,0.419737663960025,984,1,4,1313,6,0.022930383682250977,fault,0.9727737187836512,0.8172662384011421,0.9766227893289198,0.8386213122040297,0.02,,,0.6374018558172734,1.0,0.37687366167023556,,,1,73.55,0,0,0,,,,,,False,False,,,11.475
case04,22,W1,H_hold,8.712457863389938,traces/case04__s22__W1__H_hold.npz,1601,312,0.08994378513429106,456,0,2,1521,10,0.02862238883972168,fault,0.9999735093489923,0.9998072805139187,0.9999940485060931,0.9999659049578007,0.02,,,0.9992862241256245,1.0,0.0,,,0,,0,0,0,,,,,,False,True,,,25.883333333333336
case04,22,W2_f0995,A_no_update,8.332914060285987,traces/case04__s22__W2_f0995__A_no_update.npz,1601,312,0.0,0,0,0,0,0,0.0013766288757324219,fault,0.9999654330704373,0.9997466095645966,0.9999918984580216,0.9999598397499894,0.015,,,0.9992862241256245,1.0,0.0,,,0,,0,0,0,,,,,,False,True,,,
case04,22,W2_f0995,B_always,8.332914060285987,traces/case04__s22__W2_f0995__B_always.npz,1601,312,1.0,1601,0,0,0,0,0.0032062530517578125,fault,0.9465865513269591,0.6787937187723055,0.955149011501047,0.7178540923621818,0.015,,,0.4197002141327623,1.0,1.0,,,0,,0,0,0,,,,,,False,True,,,
case04,22,W2_f0995,C_threshold,8.332914060285987,traces/case04__s22__W2_f0995__C_threshold.npz,1601,312,0.09993753903810118,160,0,0,0,0,0.0016028881072998047,fault,0.9999753698220395,0.9998215560314061,0.999995597396078,0.9999775153230519,0.015,,,0.9992862241256245,1.0,0.0,,,0,,0,0,0,,,,,,False,True,,,
case04,22,W2_f0995,D_quarantine,8.332914060285987,traces/case04__s22__W2_f0995__D_quarantine.npz,1601,312,0.5902560899437851,945,1,10,1168,0,0.0023648738861083984,fault,0.9703783022625319,0.8091506067094933,0.9758670248532567,0.8385066459243338,0.015,,,0.5267665952890792,1.0,0.5431834403997144,,,1,54.35,0,0,0,,,,,,False,False,,,5.968181818181819
case04,22,W2_f0995,D_trail512,8.332914060285987,traces/case04__s22__W2_f0995__D_trail512.npz,1601,312,0.5196752029981262,832,2,3,1377,6,0.006113290786743164,fault,0.9805436871712749,0.8656174161313346,0.9840992035953355,0.8865948108347894,0.015,,,0.6902212705210564,1.0,0.4796573875802998,,,2,54.35,0,0,0,,,,,,False,False,,,11.875
case04,22,W2_f0995,DE_stab,8.332914060285987,traces/case04__s22__W2_f0995__DE_stab.npz,1601,312,0.09993753903810118,160,0,1,1473,10,0.008241653442382812,fault,0.9999748945255733,0.9998179871520343,0.9999954896057092,0.9999768082028375,0.015,,,0.9992862241256245,1.0,0.0,,,0,,0,0,0,,,,,,False,True,,,37.225
case04,22,W2_f0995,DEph_cv,8.332914060285987,traces/case04__s22__W2_f0995__DEph_cv.npz,1601,312,0.09993753903810118,160,0,1,1473,10,0.008217334747314453,fault,0.9999748945255733,0.9998179871520343,0.9999954896057092,0.9999768082028375,0.015,,,0.9992862241256245,1.0,0.0,,,0,,0,0,0,,,,,,False,True,,,37.225
case04,22,W2_f0995,H_hold,8.332914060285987,traces/case04__s22__W2_f0995__H_hold.npz,1601,312,0.09993753903810118,160,0,1,1473,10,0.008207559585571289,fault,0.9999748945255733,0.9998179871520343,0.9999954896057092,0.9999768082028375,0.015,,,0.9992862241256245,1.0,0.0,,,0,,0,0,0,,,,,,False,True,,,37.225
case04,22,W3_b01,A_no_update,8.066596954794058,traces/case04__s22__W3_b01__A_no_update.npz,1601,312,0.0,0,0,0,0,0,0.0012636184692382812,fault,0.9999367941078452,0.9995253390435404,0.9999758767499051,0.9998612318591462,0.18,,,0.9992862241256245,1.0,0.0,,,0,,0,0,0,,,,,,False,True,,,
case04,22,W3_b01,B_always,8.066596954794058,traces/case04__s22__W3_b01__B_always.npz,1601,312,1.0,1601,0,0,0,0,0.013547182083129883,fault,0.9427832453281165,0.670842255531763,0.9510586344940911,0.7064606798629147,0.05,,,0.33547466095645967,1.0,1.0,,,0,,0,0,0,,,,,,False,True,,,
case04,22,W3_b01,C_threshold,8.066596954794058,traces/case04__s22__W3_b01__C_threshold.npz,1601,312,0.009993753903810118,16,0,0,0,0,0.0014884471893310547,fault,0.999951050644303,0.9996324054246967,0.9999833934553222,0.9998973753648382,0.095,,,0.9992862241256245,1.0,0.0,,,0,,0,0,0,,,,,,False,True,,,
case04,22,W3_b01,D_quarantine,8.066596954794058,traces/case04__s22__W3_b01__D_quarantine.npz,1601,312,0.670206121174266,1073,2,4,1552,0,0.00937032699584961,fault,0.9806207015215334,0.8659457530335475,0.9829336704016852,0.879945293568947,0.095,,,0.7366167023554604,1.0,0.6459671663097787,,,2,47.95,0,0,0,,,,,,False,False,,,13.341666666666669
case04,22,W3_b01,D_trail512,8.066596954794058,traces/case04__s22__W3_b01__D_trail512.npz,1601,312,0.49968769519050593,800,3,0,1569,9,0.0210568904876709,fault,0.9684310440251175,0.7902105638829408,0.9715506934555314,0.8070968132335654,0.18,,,0.6723768736616702,1.0,0.5710206995003569,,,3,45.550000000000004,0,0,0,,,,,,False,False,,,19.612500000000004
case04,22,W3_b01,DE_stab,8.066596954794058,traces/case04__s22__W3_b01__DE_stab.npz,1601,312,0.2798251093066833,448,1,3,1505,7,0.01524209976196289,fault,0.9611954971114007,0.7439614561027837,0.9651110365675971,0.7638103419740654,0.18,,,0.6395431834403997,1.0,0.31977159172019987,,,1,71.15,0,0,0,,,,,,False,False,,,15.530000000000001
case04,22,W3_b01,DEph_cv,8.066596954794058,traces/case04__s22__W3_b01__DEph_cv.npz,1601,312,0.2798251093066833,448,1,3,1505,7,0.015224933624267578,fault,0.9611954971114007,0.7439614561027837,0.9651110365675971,0.7638103419740654,0.18,,,0.6395431834403997,1.0,0.31977159172019987,,,1,71.15,0,0,0,,,,,,False,False,,,15.530000000000001
case04,22,W3_b01,H_hold,8.066596954794058,traces/case04__s22__W3_b01__H_hold.npz,1601,312,0.0,0,0,0,1601,11,0.018146514892578125,fault,0.9999367941078452,0.9995253390435404,0.9999758767499051,0.9998612318591462,0.18,,,0.9992862241256245,1.0,0.0,,,0,,0,0,0,,,,,,False,True,,,80.05000000000001
case04,33,W1,A_no_update,8.448028479968547,traces/case04__s33__W1__A_no_update.npz,1601,312,0.0,312,0,0,0,0,0.006412029266357422,fault,0.9999422361238017,0.999561027837259,0.9999820471392833,0.9999034554636407,0.035,,,0.9992862241256245,1.0,0.0,,,0,,0,0,0,,,,,,False,True,,,
case04,33,W1,B_always,8.448028479968547,traces/case04__s33__W1__B_always.npz,1601,312,1.0,1913,0,0,0,0,0.019706249237060547,fault,0.9272798445416928,0.5992326909350465,0.9356995544637207,0.6349690896665956,0.035,,,0.2826552462526767,1.0,1.0,,,0,,0,0,0,,,,,,False,True,,,
case04,33,W1,C_threshold,8.448028479968547,traces/case04__s33__W1__C_threshold.npz,1601,312,0.059962523422860715,408,0,0,0,0,0.007419586181640625,fault,0.9999643770504671,0.999739471805853,0.9999854531586104,0.9999279813179847,0.03,,,0.9985724482512491,1.0,0.0,,,0,,0,0,0,,,,,,False,True,,,
case04,33,W1,D_quarantine,8.448028479968547,traces/case04__s33__W1__D_quarantine.npz,1601,312,0.7901311680199875,1577,2,7,1360,0,0.014914512634277344,fault,0.9703006013549197,0.8065203426124197,0.9739458784726931,0.8266377149124087,0.03,,,0.5596002855103498,1.0,0.828693790149893,,,2,55.15,0,0,0,,,,,,False,False,,,8.177777777777777
case04,33,W1,D_trail512,8.448028479968547,traces/case04__s33__W1__D_trail512.npz,1601,312,0.3997501561524047,952,2,2,1537,8,0.028185367584228516,fault,0.9670527247620773,0.7822876516773734,0.9710653666047318,0.8038468841385572,0.035,,,0.6102783725910065,1.0,0.4568165596002855,,,2,45.550000000000004,0,0,0,,,,,,False,False,,,15.690000000000003
case04,33,W1,DE_stab,8.448028479968547,traces/case04__s33__W1__DE_stab.npz,1601,312,0.23985009369144286,696,1,2,1537,9,0.022365570068359375,fault,0.9672775657816063,0.7834653818700927,0.9712674439009963,0.8049366570440462,0.035,,,0.6145610278372591,1.0,0.2740899357601713,,,1,71.15,0,0,0,,,,,,False,False,,,19.612500000000004
case04,33,W1,DEph_cv,8.448028479968547,traces/case04__s33__W1__DEph_cv.npz,1601,312,0.23985009369144286,696,1,2,1537,9,0.0223085880279541,fault,0.9672775657816063,0.7834653818700927,0.9712674439009963,0.8049366570440462,0.035,,,0.6145610278372591,1.0,0.2740899357601713,,,1,71.15,0,0,0,,,,,,False,False,,,19.612500000000004
case04,33,W1,H_hold,8.448028479968547,traces/case04__s33__W1__H_hold.npz,1601,312,0.0,312,0,0,1601,11,0.021854162216186523,fault,0.9999422361238017,0.999561027837259,0.9999820471392833,0.9999034554636407,0.035,,,0.9992862241256245,1.0,0.0,,,0,,0,0,0,,,,,,False,True,,,80.05000000000001
case04,33,W2_f0995,A_no_update,8.331301077193283,traces/case04__s33__W2_f0995__A_no_update.npz,1601,312,0.0,0,0,0,0,0,0.0013744831085205078,fault,0.9999668261165369,0.9997573162027124,0.9999921413871021,0.9999616441718253,0.015,,,0.9992862241256245,1.0,0.0,,,0,,0,0,0,,,,,,False,True,,,
case04,33,W2_f0995,B_always,8.331301077193283,traces/case04__s33__W2_f0995__B_always.npz,1601,312,1.0,1601,0,0,0,0,0.003189563751220703,fault,0.9471253577032959,0.6812455389007852,0.9556296674991671,0.7202214830208387,0.015,,,0.4211277658815132,1.0,1.0,,,0,,0,0,0,,,,,,False,True,,,
case04,33,W2_f0995,C_threshold,8.331301077193283,traces/case04__s33__W2_f0995__C_threshold.npz,1601,312,0.09993753903810118,160,0,0,0,0,0.0016109943389892578,fault,0.9999748945255733,0.9998179871520343,0.999995597396078,0.9999775153230519,0.015,,,0.9992862241256245,1.0,0.0,,,0,,0,0,0,,,,,,False,True,,,
case04,33,W2_f0995,D_quarantine,8.331301077193283,traces/case04__s33__W2_f0995__D_quarantine.npz,1601,312,0.830106183635228,1329,2,4,1296,0,0.0027468204498291016,fault,0.9757534443882016,0.838026409707352,0.9802931174670826,0.8634768214236844,0.015,,,0.6002855103497502,1.0,0.8172733761598858,,,2,54.35,0,0,0,,,,,,False,False,,,11.208333333333334
case04,33,W2_f0995,D_trail512,8.331301077193283,traces/case04__s33__W2_f0995__D_trail512.npz,1601,312,0.5196752029981262,832,2,3,1377,6,0.006114006042480469,fault,0.9815952871706638,0.8717987152034262,0.9849570995263522,0.8918740829184393,0.015,,,0.7266238401142041,1.0,0.4796573875802998,,,2,54.35,0,0,0,,,,,,False,False,,,11.875
case04,33,W2_f0995,DE_stab,8.331301077193283,traces/case04__s33__W2_f0995__DE_stab.npz,1601,312,0.09993753903810118,160,0,1,1473,10,0.008227109909057617,fault,0.9999744198837854,0.9998144182726624,0.999995597396078,0.9999775153230519,0.015,,,0.9992862241256245,1.0,0.0,,,0,,0,0,0,,,,,,False,True,,,37.225
case04,33,W2_f0995,DEph_cv,8.331301077193283,traces/case04__s33__W2_f0995__DEph_cv.npz,1601,312,0.09993753903810118,160,0,1,1473,10,0.008190631866455078,fault,0.9999744198837854,0.9998144182726624,0.999995597396078,0.9999775153230519,0.015,,,0.9992862241256245,1.0,0.0,,,0,,0,0,0,,,,,,False,True,,,37.225
case04,33,W2_f0995,H_hold,8.331301077193283,traces/case04__s33__W2_f0995__H_hold.npz,1601,312,0.09993753903810118,160,0,1,1473,10,0.008197546005249023,fault,0.9999744198837854,0.9998144182726624,0.999995597396078,0.9999775153230519,0.015,,,0.9992862241256245,1.0,0.0,,,0,,0,0,0,,,,,,False,True,,,37.225
case04,33,W3_b01,A_no_update,8.141623206948065,traces/case04__s33__W3_b01__A_no_update.npz,1601,312,0.0,0,0,0,0,0,0.0012729167938232422,fault,0.9999486072395674,0.9996181299072091,0.9999833462826679,0.9999058761917646,0.15,,,0.9992862241256245,1.0,0.0,,,0,,0,0,0,,,,,,False,True,,,
case04,33,W3_b01,B_always,8.141623206948065,traces/case04__s33__W3_b01__B_always.npz,1601,312,1.0,1601,0,0,0,0,0.013668298721313477,fault,0.9379776650582137,0.6482441113490364,0.9474541937839475,0.6881147589448282,0.045,,,0.31263383297644537,1.0,1.0,,,0,,0,0,0,,,,,,False,True,,,
case04,33,W3_b01,C_threshold,8.141623206948065,traces/case04__s33__W3_b01__C_threshold.npz,1601,312,0.03997501561524047,64,0,0,0,0,0.0018677711486816406,fault,0.9999821183497025,0.9998715203426125,0.9999911248061721,0.9999548610190112,0.045,,,0.9992862241256245,1.0,0.0,,,0,,0,0,0,,,,,,False,True,,,
case04,33,W3_b01,D_quarantine,8.141623206948065,traces/case04__s33__W3_b01__D_quarantine.npz,1601,312,0.49031855090568394,785,1,11,1328,0,0.0073337554931640625,fault,0.9573404824954566,0.7351498929336189,0.9641431635158957,0.7687197060872275,0.045,,,0.49750178443968596,1.0,0.47466095645967166,,,1,52.75,0,0,0,,,,,,False,False,,,6.204166666666668
case04,33,W3_b01,D_trail512,8.141623206948065,traces/case04__s33__W3_b01__D_trail512.npz,1601,312,0.49968769519050593,800,3,0,1569,9,0.021054506301879883,fault,0.9685925771368006,0.7909635974304068,0.971977927993703,0.8093294136013912,0.15,,,0.6645253390435403,1.0,0.5710206995003569,,,3,45.550000000000004,0,0,0,,,,,,False,False,,,19.612500000000004
case04,33,W3_b01,DE_stab,8.141623206948065,traces/case04__s33__W3_b01__DE_stab.npz,1601,312,0.2798251093066833,448,1,3,1505,7,0.015236139297485352,fault,0.9619178413528439,0.7481548893647395,0.9660016198023723,0.7688929972155395,0.15,,,0.635260528194147,1.0,0.31977159172019987,,,1,71.15,0,0,0,,,,,,False,False,,,15.530000000000001
case04,33,W3_b01,DEph_cv,8.141623206948065,traces/case04__s33__W3_b01__DEph_cv.npz,1601,312,0.2798251093066833,448,1,3,1505,7,0.015244245529174805,fault,0.9619178413528439,0.7481548893647395,0.9660016198023723,0.7688929972155395,0.15,,,0.635260528194147,1.0,0.31977159172019987,,,1,71.15,0,0,0,,,,,,False,False,,,15.530000000000001
case04,33,W3_b01,H_hold,8.141623206948065,traces/case04__s33__W3_b01__H_hold.npz,1601,312,0.0,0,0,0,1601,11,0.01807403564453125,fault,0.9999486072395674,0.9996181299072091,0.9999833462826679,0.9999058761917646,0.15,,,0.9992862241256245,1.0,0.0,,,0,,0,0,0,,,,,,False,True,,,80.05000000000001
case05,11,W1,A_no_update,8.776910864122414,traces/case05__s11__W1__A_no_update.npz,1601,312,0.0,312,0,0,0,0,0.006678581237792969,fault,0.9997509281604174,0.9981227694503925,0.9998450228771623,0.9989402979576791,0.025,,,0.9957173447537473,1.0,0.0,,,0,,0,0,0,,,,,,False,True,,,
case05,11,W1,B_always,8.776910864122414,traces/case05__s11__W1__B_always.npz,1601,312,1.0,1913,0,0,0,0,0.0201265811920166,fault,0.8991504989915522,0.5289721627408993,0.9078561393407536,0.5632547509785659,0.025,,,0.07637401855817273,1.0,1.0,,,0,,0,0,0,,,,,,False,True,,,
case05,11,W1,C_threshold,8.776910864122414,traces/case05__s11__W1__C_threshold.npz,1601,312,0.07995003123048094,440,0,0,0,0,0.008435726165771484,fault,0.9998026270077717,0.9985224839400427,0.9998668133912231,0.9991146012665957,0.03,,,0.9957173447537473,1.0,0.0,,,0,,0,0,0,,,,,,False,True,,,
case05,11,W1,D_quarantine,8.776910864122414,traces/case05__s11__W1__D_quarantine.npz,1601,312,0.9000624609618988,1753,1,7,672,0,0.017149925231933594,fault,0.9370262309661982,0.6327480371163455,0.9426274858628488,0.6585234805524489,0.03,,,0.36045681655960027,1.0,0.9314775160599572,,,1,55.15,0,0,0,,,,,,False,False,,,4.9
case05,11,W1,D_trail512,8.776910864122414,traces/case05__s11__W1__D_trail512.npz,1601,312,0.7201748906933166,1465,1,5,864,3,0.018779277801513672,fault,0.9359792149448591,0.6273947180585295,0.9415219961503687,0.6528410410743717,0.025,,,0.36045681655960027,1.0,0.7544610992148465,,,1,55.15,0,0,0,,,,,,False,False,,,7.86666666666667
case05,11,W1,DE_stab,8.776910864122414,traces/case05__s11__W1__DE_stab.npz,1601,312,0.7201748906933166,1465,1,5,864,3,0.018694639205932617,fault,0.9359792149448591,0.6273947180585295,0.9415219961503687,0.6528410410743717,0.025,,,0.36045681655960027,1.0,0.7544610992148465,,,1,55.15,0,0,0,,,,,,False,False,,,7.86666666666667
case05,11,W1,DEph_cv,8.776910864122414,traces/case05__s11__W1__DEph_cv.npz,1601,312,0.7201748906933166,1465,1,5,864,3,0.01861858367919922,fault,0.9359792149448591,0.6273947180585295,0.9415219961503687,0.6528410410743717,0.025,,,0.36045681655960027,1.0,0.7544610992148465,,,1,55.15,0,0,0,,,,,,False,False,,,7.86666666666667
case05,11,W1,H_hold,8.776910864122414,traces/case05__s11__W1__H_hold.npz,1601,312,0.059962523422860715,408,0,1,1537,10,0.024750471115112305,fault,0.9997957394698948,0.9984689507494645,0.9998632155921201,0.9990893121758551,0.025,,,0.9957173447537473,1.0,0.0,,,0,,0,0,0,,,,,,False,True,,,38.825
case05,11,W2_f0995,A_no_update,8.155063324450882,traces/case05__s11__W2_f0995__A_no_update.npz,1601,312,0.0,0,0,0,0,0,0.0013654232025146484,fault,0.9998074566293924,0.9985617416131335,0.9998455516597908,0.9989362227454183,0.08,,,0.9971448965024983,1.0,0.0,,,0,,0,0,0,,,,,,False,True,,,
case05,11,W2_f0995,B_always,8.155063324450882,traces/case05__s11__W2_f0995__B_always.npz,1601,312,1.0,1601,0,0,0,0,0.003216981887817383,fault,0.9535954631582303,0.7230656673804425,0.9568972526994237,0.7400610596562778,0.045,,,0.41541755888650966,1.0,1.0,,,0,,0,0,0,,,,,,False,True,,,
case05,11,W2_f0995,C_threshold,8.155063324450882,traces/case05__s11__W2_f0995__C_threshold.npz,1601,312,0.059962523422860715,96,0,0,0,0,0.001516103744506836,fault,0.9998300669608744,0.9987401855817273,0.9998606550610729,0.9990544174768186,0.07,,,0.9971448965024983,1.0,0.0,,,0,,0,0,0,,,,,,False,True,,,
case05,11,W2_f0995,D_quarantine,8.155063324450882,traces/case05__s11__W2_f0995__D_quarantine.npz,1601,312,0.8500936914428482,1361,2,8,1264,0,0.002756834030151367,fault,0.9755238587014903,0.8373019271948607,0.9771167162330534,0.8469877934399935,0.07,,,0.668807994289793,1.0,0.8972162740899358,,,2,55.15,0,0,0,,,,,,False,False,,,6.960000000000001
case05,11,W2_f0995,D_trail512,8.155063324450882,traces/case05__s11__W2_f0995__D_trail512.npz,1601,312,0.45971267957526546,736,2,4,1505,6,0.0062558650970458984,fault,0.9779732241527537,0.8485724482512491,0.9794643251903211,0.8576213554700759,0.08,,,0.7316202712348323,1.0,0.49107780157030695,,,2,55.15,0,0,0,,,,,,False,False,,,11.207142857142857
case05,11,W2_f0995,DE_stab,8.155063324450882,traces/case05__s11__W2_f0995__DE_stab.npz,1601,312,0.029981261711430358,48,0,1,1585,10,0.008120059967041016,fault,0.9998088802517999,0.9985724482512491,0.9998439728779618,0.9989244932550435,0.08,,,0.9971448965024983,1.0,0.0,,,0,,0,0,0,,,,,,False,True,,,40.025000000000006
case05,11,W2_f0995,DEph_cv,8.155063324450882,traces/case05__s11__W2_f0995__DEph_cv.npz,1601,312,0.029981261711430358,48,0,1,1585,10,0.008082151412963867,fault,0.9998088802517999,0.9985724482512491,0.9998439728779618,0.9989244932550435,0.08,,,0.9971448965024983,1.0,0.0,,,0,,0,0,0,,,,,,False,True,,,40.025000000000006
case05,11,W2_f0995,H_hold,8.155063324450882,traces/case05__s11__W2_f0995__H_hold.npz,1601,312,0.029981261711430358,48,0,1,1585,10,0.00807046890258789,fault,0.9998088802517999,0.9985724482512491,0.9998439728779618,0.9989244932550435,0.08,,,0.9971448965024983,1.0,0.0,,,0,,0,0,0,,,,,,False,True,,,40.025000000000006
case05,11,W3_b01,A_no_update,8.303437610652914,traces/case05__s11__W3_b01__A_no_update.npz,1601,312,0.0,0,0,0,0,0,0.0012519359588623047,fault,0.9997783597451327,0.9983476088508209,0.9998221004335807,0.9987552375953707,0.1,,,0.9957173447537473,1.0,0.0,,,0,,0,0,0,,,,,,False,True,,,
case05,11,W3_b01,B_always,8.303437610652914,traces/case05__s11__W3_b01__B_always.npz,1601,312,1.0,1601,0,0,0,0,0.013535022735595703,fault,0.915389531272224,0.5779621698786581,0.9220099533405547,0.6054138430777456,0.025,,,0.13133476088508209,1.0,1.0,,,0,,0,0,0,,,,,,False,True,,,
case05,11,W3_b01,C_threshold,8.303437610652914,traces/case05__s11__W3_b01__C_threshold.npz,1601,312,0.08994378513429106,144,0,0,0,0,0.002439260482788086,fault,0.999816514968915,0.998633119200571,0.9998604261794146,0.9990467266662411,0.025,,,0.9957173447537473,1.0,0.0,,,0,,0,0,0,,,,,,False,True,,,
case05,11,W3_b01,D_quarantine,8.303437610652914,traces/case05__s11__W3_b01__D_quarantine.npz,1601,312,0.7701436602123672,1233,1,10,880,0,0.010766744613647461,fault,0.9448040082336667,0.6731156316916489,0.9486509270978066,0.6918876306195252,0.025,,,0.4068522483940043,1.0,0.7715917201998572,,,1,55.15,0,0,0,,,,,,False,False,,,4.7272727272727275
case05,11,W3_b01,D_trail512,8.303437610652914,traces/case05__s11__W3_b01__D_trail512.npz,1601,312,0.5596502186133666,896,2,2,1281,6,0.017284870147705078,fault,0.932237981390828,0.6173929336188437,0.936701907234031,0.6379645752307614,0.1,,,0.36045681655960027,1.0,0.6395431834403997,,,2,45.550000000000004,0,0,0,,,,,,False,False,,,13.13
case05,11,W3_b01,DE_stab,8.303437610652914,traces/case05__s11__W3_b01__DE_stab.npz,1601,312,0.2798251093066833,448,1,0,1409,9,0.018319129943847656,fault,0.9565425849369552,0.7327373304782299,0.9592845990721268,0.7471340669508925,0.1,,,0.5124910778015703,1.0,0.31977159172019987,,,1,51.95,0,0,0,,,,,,False,False,,,35.225
case05,11,W3_b01,DEph_cv,8.303437610652914,traces/case05__s11__W3_b01__DEph_cv.npz,1601,312,0.2798251093066833,448,1,0,1409,9,0.018221616744995117,fault,0.9565425849369552,0.7327373304782299,0.9592845990721268,0.7471340669508925,0.1,,,0.5124910778015703,1.0,0.31977159172019987,,,1,51.95,0,0,0,,,,,,False,False,,,35.225
case05,11,W3_b01,H_hold,8.303437610652914,traces/case05__s11__W3_b01__H_hold.npz,1601,312,0.0,0,0,0,1601,11,0.01796889305114746,fault,0.9997783597451327,0.9983476088508209,0.9998221004335807,0.9987552375953707,0.1,,,0.9957173447537473,1.0,0.0,,,0,,0,0,0,,,,,,False,True,,,80.05000000000001
case05,22,W1,A_no_update,8.643033937786807,traces/case05__s22__W1__A_no_update.npz,1601,312,0.0,312,0,0,0,0,0.006612062454223633,fault,0.999792673124653,0.9984368308351178,0.9998854402093333,0.9992359484790194,0.015,,,0.9950035688793719,1.0,0.0,,,0,,0,0,0,,,,,,False,True,,,
case05,22,W1,B_always,8.643033937786807,traces/case05__s22__W1__B_always.npz,1601,312,1.0,1913,0,0,0,0,0.02029728889465332,fault,0.9025862666295258,0.5306745182012848,0.9128022508007793,0.5697055868057712,0.015,,,0.09493219129193434,1.0,1.0,,,0,,0,0,0,,,,,,False,True,,,
case05,22,W1,C_threshold,8.643033937786807,traces/case05__s22__W1__C_threshold.npz,1601,312,0.08994378513429106,456,0,0,0,0,0.008182764053344727,fault,0.9998171441023356,0.9986188436830834,0.9999147026078781,0.9994389246478514,0.02,,,0.9950035688793719,1.0,0.0,,,0,,0,0,0,,,,,,False,True,,,
case05,22,W1,D_quarantine,8.643033937786807,traces/case05__s22__W1__D_quarantine.npz,1601,312,0.830106183635228,1641,1,10,784,0,0.017389774322509766,fault,0.941159051758903,0.653461812990721,0.9476326370289884,0.6833510380721914,0.02,,,0.371163454675232,1.0,0.8401142041399001,,,1,55.15,0,0,0,,,,,,False,False,,,4.222727272727273
case05,22,W1,D_trail512,8.643033937786807,traces/case05__s22__W1__D_trail512.npz,1601,312,0.6096189881324172,1288,1,6,1073,3,0.01862645149230957,fault,0.9406132289948186,0.6501213418986438,0.9470145411886389,0.679499973990817,0.02,,,0.37259100642398285,1.0,0.5938615274803711,,,1,55.15,0,0,0,,,,,,False,False,,,7.30625
case05,22,W1,DE_stab,8.643033937786807,traces/case05__s22__W1__DE_stab.npz,1601,312,0.6096189881324172,1288,1,6,1073,3,0.01848769187927246,fault,0.9406132289948186,0.6501213418986438,0.9470145411886389,0.679499973990817,0.02,,,0.37259100642398285,1.0,0.5938615274803711,,,1,55.15,0,0,0,,,,,,False,False,,,7.30625
case05,22,W1,DEph_cv,8.643033937786807,traces/case05__s22__W1__DEph_cv.npz,1601,312,0.6096189881324172,1288,1,6,1073,3,0.018430233001708984,fault,0.9406132289948186,0.6501213418986438,0.9470145411886389,0.679499973990817,0.02,,,0.37259100642398285,1.0,0.5938615274803711,,,1,55.15,0,0,0,,,,,,False,False,,,7.30625
case05,22,W1,H_hold,8.643033937786807,traces/case05__s22__W1__H_hold.npz,1601,312,0.08994378513429106,456,0,2,1521,10,0.024083375930786133,fault,0.9998119970860553,0.9985795860099929,0.999910248725273,0.9994099440479004,0.02,,,0.9950035688793719,1.0,0.0,,,0,,0,0,0,,,,,,False,True,,,25.883333333333336
case05,22,W2_f0995,A_no_update,8.137322987936912,traces/case05__s22__W2_f0995__A_no_update.npz,1601,312,0.0,0,0,0,0,0,0.0013434886932373047,fault,0.9998084197503796,0.9985688793718772,0.9998458055877667,0.9989385318179825,0.085,,,0.9971448965024983,1.0,0.0,,,0,,0,0,0,,,,,,False,True,,,
case05,22,W2_f0995,B_always,8.137322987936912,traces/case05__s22__W2_f0995__B_always.npz,1601,312,1.0,1601,0,0,0,0,0.0031757354736328125,fault,0.9537528529096257,0.7233975731620271,0.9570487767397986,0.7403784629647435,0.045,,,0.41755888650963596,1.0,1.0,,,0,,0,0,0,,,,,,False,True,,,
case05,22,W2_f0995,C_threshold,8.137322987936912,traces/case05__s22__W2_f0995__C_threshold.npz,1601,312,0.059962523422860715,96,0,0,0,0,0.0015113353729248047,fault,0.9998314719981288,0.998750892219843,0.999862480774066,0.9990645658398685,0.07,,,0.9971448965024983,1.0,0.0,,,0,,0,0,0,,,,,,False,True,,,
case05,22,W2_f0995,D_quarantine,8.137322987936912,traces/case05__s22__W2_f0995__D_quarantine.npz,1601,312,0.8500936914428482,1361,2,8,1264,0,0.002755880355834961,fault,0.9755916894824875,0.8375339043540329,0.977198099882421,0.8472848344891061,0.07,,,0.6738044254104212,1.0,0.8972162740899358,,,2,55.15,0,0,0,,,,,,False,False,,,6.960000000000001
case05,22,W2_f0995,D_trail512,8.137322987936912,traces/case05__s22__W2_f0995__D_trail512.npz,1601,312,0.45971267957526546,736,2,4,1505,6,0.005998849868774414,fault,0.9777917653394855,0.8475124910778016,0.9792962697907506,0.8566295881469761,0.085,,,0.7316202712348323,1.0,0.49107780157030695,,,2,55.15,0,0,0,,,,,,False,False,,,11.207142857142857
case05,22,W2_f0995,DE_stab,8.137322987936912,traces/case05__s22__W2_f0995__DE_stab.npz,1601,312,0.029981261711430358,48,0,1,1585,10,0.00803995132446289,fault,0.9998094371726005,0.9985760171306209,0.9998482533695722,0.9989537113820286,0.085,,,0.9971448965024983,1.0,0.0,,,0,,0,0,0,,,,,,False,True,,,40.025000000000006
case05,22,W2_f0995,DEph_cv,8.137322987936912,traces/case05__s22__W2_f0995__DEph_cv.npz,1601,312,0.029981261711430358,48,0,1,1585,10,0.007996320724487305,fault,0.9998094371726005,0.9985760171306209,0.9998482533695722,0.9989537113820286,0.085,,,0.9971448965024983,1.0,0.0,,,0,,0,0,0,,,,,,False,True,,,40.025000000000006
case05,22,W2_f0995,H_hold,8.137322987936912,traces/case05__s22__W2_f0995__H_hold.npz,1601,312,0.029981261711430358,48,0,1,1585,10,0.008035659790039062,fault,0.9998094371726005,0.9985760171306209,0.9998482533695722,0.9989537113820286,0.085,,,0.9971448965024983,1.0,0.0,,,0,,0,0,0,,,,,,False,True,,,40.025000000000006
case05,22,W3_b01,A_no_update,8.218218147970132,traces/case05__s22__W3_b01__A_no_update.npz,1601,312,0.0,0,0,0,0,0,0.0012326240539550781,fault,0.9997694430100676,0.9982655246252677,0.9998186991795348,0.9987192622751776,0.11,,,0.9971448965024983,1.0,0.0,,,0,,0,0,0,,,,,,False,True,,,
case05,22,W3_b01,B_always,8.218218147970132,traces/case05__s22__W3_b01__B_always.npz,1601,312,1.0,1601,0,0,0,0,0.013521909713745117,fault,0.9159591020138815,0.5768165596002855,0.9224910805854928,0.6042474130234193,0.02,,,0.139186295503212,1.0,1.0,,,0,,0,0,0,,,,,,False,True,,,
case05,22,W3_b01,C_threshold,8.218218147970132,traces/case05__s22__W3_b01__C_threshold.npz,1601,312,0.08994378513429106,144,0,0,0,0,0.002429485321044922,fault,0.9998053882785184,0.9985367594575303,0.9998522990552414,0.9989791485742346,0.025,,,0.9971448965024983,1.0,0.0,,,0,,0,0,0,,,,,,False,True,,,
case05,22,W3_b01,D_quarantine,8.218218147970132,traces/case05__s22__W3_b01__D_quarantine.npz,1601,312,0.7701436602123672,1233,1,10,880,0,0.010661602020263672,fault,0.9447285620231216,0.6715132048536759,0.9485177135937684,0.6900077777269754,0.025,,,0.4118486795146324,1.0,0.7715917201998572,,,1,55.15,0,0,0,,,,,,False,False,,,4.7272727272727275
case05,22,W3_b01,D_trail512,8.218218147970132,traces/case05__s22__W3_b01__D_trail512.npz,1601,312,0.4397251717676452,704,2,2,1473,6,0.015698671340942383,fault,0.9423383201401049,0.6610778015703069,0.9459418725487945,0.6784711904755693,0.11,,,0.44325481798715205,1.0,0.502498215560314,,,2,45.550000000000004,0,0,0,,,,,,False,False,,,15.05
case05,22,W3_b01,DE_stab,8.218218147970132,traces/case05__s22__W3_b01__DE_stab.npz,1601,312,0.2798251093066833,448,1,0,1409,9,0.018100976943969727,fault,0.9561793329606333,0.728515346181299,0.9588674476844398,0.7425672609672195,0.11,,,0.5410421127765882,1.0,0.31977159172019987,,,1,51.95,0,0,0,,,,,,False,False,,,35.225
case05,22,W3_b01,DEph_cv,8.218218147970132,traces/case05__s22__W3_b01__DEph_cv.npz,1601,312,0.2798251093066833,448,1,0,1409,9,0.01812267303466797,fault,0.9561793329606333,0.728515346181299,0.9588674476844398,0.7425672609672195,0.11,,,0.5410421127765882,1.0,0.31977159172019987,,,1,51.95,0,0,0,,,,,,False,False,,,35.225
case05,22,W3_b01,H_hold,8.218218147970132,traces/case05__s22__W3_b01__H_hold.npz,1601,312,0.0,0,0,0,1601,11,0.017843246459960938,fault,0.9997694430100676,0.9982655246252677,0.9998186991795348,0.9987192622751776,0.11,,,0.9971448965024983,1.0,0.0,,,0,,0,0,0,,,,,,False,True,,,80.05000000000001
case05,33,W1,A_no_update,8.325620411444534,traces/case05__s33__W1__A_no_update.npz,1601,312,0.0,312,0,0,0,0,0.006322145462036133,fault,0.9998952269421663,0.9992398286937901,0.9999330993437255,0.9995796478723383,0.02,,,0.9964311206281228,1.0,0.0,,,0,,0,0,0,,,,,,False,True,,,
case05,33,W1,B_always,8.325620411444534,traces/case05__s33__W1__B_always.npz,1601,312,1.0,1913,0,0,0,0,0.019837141036987305,fault,0.9010513268273985,0.5347501784439685,0.9127387179558003,0.5771833202573138,0.035,,,0.11634546752319772,1.0,1.0,,,0,,0,0,0,,,,,,False,True,,,
case05,33,W1,C_threshold,8.325620411444534,traces/case05__s33__W1__C_threshold.npz,1601,312,0.06995627732667083,424,0,0,0,0,0.007666349411010742,fault,0.999857598959759,0.9989543183440399,0.9999251233895858,0.9995169650359989,0.035,,,0.9971448965024983,1.0,0.0,,,0,,0,0,0,,,,,,False,True,,,
case05,33,W1,D_quarantine,8.325620411444534,traces/case05__s33__W1__D_quarantine.npz,1601,312,0.8101186758276078,1609,1,12,816,0,0.016420364379882812,fault,0.939532643153027,0.6460635260528195,0.9472611903692768,0.6809072008460251,0.035,,,0.377587437544611,1.0,0.8401142041399001,,,1,55.15,0,0,0,,,,,,False,False,,,3.8769230769230774
case05,33,W1,D_trail512,8.325620411444534,traces/case05__s33__W1__D_trail512.npz,1601,312,0.45971267957526546,1048,1,7,1360,5,0.020705223083496094,fault,0.950400242014975,0.7037901498929336,0.9567881472679106,0.7343386605867464,0.03,,,0.4068522483940043,1.0,0.44539614561027835,,,1,53.550000000000004,0,0,0,,,,,,False,False,,,9.10625
case05,33,W1,DE_stab,8.325620411444534,traces/case05__s33__W1__DE_stab.npz,1601,312,0.7295440349781387,1480,2,7,1184,4,0.0204317569732666,fault,0.9462159372872344,0.6809314775160599,0.9530965501779911,0.7130834045555128,0.03,,,0.396859386152748,1.0,0.7537473233404711,,,2,53.550000000000004,0,0,0,,,,,,False,False,,,7.116666666666668
case05,33,W1,DEph_cv,8.325620411444534,traces/case05__s33__W1__DEph_cv.npz,1601,312,0.45971267957526546,1048,1,7,1360,5,0.02053093910217285,fault,0.950400242014975,0.7037901498929336,0.9567881472679106,0.7343386605867464,0.03,,,0.4068522483940043,1.0,0.44539614561027835,,,1,53.550000000000004,0,0,0,,,,,,False,False,,,9.10625
case05,33,W1,H_hold,8.325620411444534,traces/case05__s33__W1__H_hold.npz,1601,312,0.06995627732667083,424,0,2,1553,10,0.023199796676635742,fault,0.9998917320144216,0.9992148465381869,0.9999336547988299,0.9995844584825415,0.03,,,0.9971448965024983,1.0,0.0,,,0,,0,0,0,,,,,,False,True,,,26.416666666666668
case05,33,W2_f0995,A_no_update,8.135346283190911,traces/case05__s33__W2_f0995__A_no_update.npz,1601,312,0.0,0,0,0,0,0,0.0013797283172607422,fault,0.9998128538893624,0.998604568165596,0.9998493753314633,0.998969930648124,0.085,,,0.9971448965024983,1.0,0.0,,,0,,0,0,0,,,,,,False,True,,,
case05,33,W2_f0995,B_always,8.135346283190911,traces/case05__s33__W2_f0995__B_always.npz,1601,312,1.0,1601,0,0,0,0,0.003197193145751953,fault,0.9539767670113225,0.7245574589578871,0.9572555902986999,0.7413560469149691,0.045,,,0.42041399000713775,1.0,1.0,,,0,,0,0,0,,,,,,False,True,,,
case05,33,W2_f0995,C_threshold,8.135346283190911,traces/case05__s33__W2_f0995__C_threshold.npz,1601,312,0.059962523422860715,96,0,0,0,0,0.0014884471893310547,fault,0.9998347211844785,0.998775874375446,0.9998638049416366,0.9990768391357971,0.07,,,0.9971448965024983,1.0,0.0,,,0,,0,0,0,,,,,,False,True,,,
case05,33,W2_f0995,D_quarantine,8.135346283190911,traces/case05__s33__W2_f0995__D_quarantine.npz,1601,312,0.8500936914428482,1361,2,8,1264,0,0.0027217864990234375,fault,0.9759265627948848,0.8392505353319059,0.9775362590953245,0.8489768538484158,0.07,,,0.6802284082798001,1.0,0.8972162740899358,,,2,55.15,0,0,0,,,,,,False,False,,,6.960000000000001
case05,33,W2_f0995,D_trail512,8.135346283190911,traces/case05__s33__W2_f0995__D_trail512.npz,1601,312,0.40974391005621486,656,2,3,1553,6,0.0058443546295166016,fault,0.9790992110685496,0.8556388294075661,0.9805027502333896,0.8642637830465716,0.085,,,0.7416131334760885,1.0,0.43397573162027125,,,2,55.15,0,0,0,,,,,,False,False,,,13.341666666666669
case05,33,W2_f0995,DE_stab,8.135346283190911,traces/case05__s33__W2_f0995__DE_stab.npz,1601,312,0.029981261711430358,48,0,1,1585,10,0.007919549942016602,fault,0.9998134334598424,0.9986081370449679,0.999849340164303,0.9989683312408743,0.085,,,0.9971448965024983,1.0,0.0,,,0,,0,0,0,,,,,,False,True,,,40.025000000000006
case05,33,W2_f0995,DEph_cv,8.135346283190911,traces/case05__s33__W2_f0995__DEph_cv.npz,1601,312,0.029981261711430358,48,0,1,1585,10,0.007904291152954102,fault,0.9998134334598424,0.9986081370449679,0.999849340164303,0.9989683312408743,0.085,,,0.9971448965024983,1.0,0.0,,,0,,0,0,0,,,,,,False,True,,,40.025000000000006
case05,33,W2_f0995,H_hold,8.135346283190911,traces/case05__s33__W2_f0995__H_hold.npz,1601,312,0.029981261711430358,48,0,1,1585,10,0.007894515991210938,fault,0.9998134334598424,0.9986081370449679,0.999849340164303,0.9989683312408743,0.085,,,0.9971448965024983,1.0,0.0,,,0,,0,0,0,,,,,,False,True,,,40.025000000000006
case05,33,W3_b01,A_no_update,8.215194545683369,traces/case05__s33__W3_b01__A_no_update.npz,1601,312,0.0,0,0,0,0,0,0.001207590103149414,fault,0.9998195266108493,0.9986688079942898,0.9998555787235319,0.9990143794562221,0.095,,,0.9964311206281228,1.0,0.0,,,0,,0,0,0,,,,,,False,True,,,
case05,33,W3_b01,B_always,8.215194545683369,traces/case05__s33__W3_b01__B_always.npz,1601,312,1.0,1601,0,0,0,0,0.013362646102905273,fault,0.9196256151565014,0.5941470378301215,0.926082305636616,0.6210122412833177,0.02,,,0.14061384725196288,1.0,1.0,,,0,,0,0,0,,,,,,False,True,,,
case05,33,W3_b01,C_threshold,8.215194545683369,traces/case05__s33__W3_b01__C_threshold.npz,1601,312,0.09993753903810118,160,0,0,0,0,0.002477884292602539,fault,0.9998438418955353,0.99884011420414,0.9998867486643931,0.9992420769338461,0.02,,,0.9957173447537473,1.0,0.0,,,0,,0,0,0,,,,,,False,True,,,
case05,33,W3_b01,D_quarantine,8.215194545683369,traces/case05__s33__W3_b01__D_quarantine.npz,1601,312,0.7701436602123672,1233,1,9,880,0,0.010472536087036133,fault,0.9485627642956279,0.6927444682369737,0.9523357568699791,0.7112568278692128,0.02,,,0.41399000713775874,1.0,0.7601713062098501,,,1,55.15,0,0,0,,,,,,False,False,,,5.045
case05,33,W3_b01,D_trail512,8.215194545683369,traces/case05__s33__W3_b01__D_trail512.npz,1601,312,0.5496564647095565,880,2,3,1329,6,0.01715564727783203,fault,0.9359212114483109,0.6332726623840114,0.9403313544798044,0.653648213110807,0.095,,,0.38329764453961457,1.0,0.6281227694503926,,,2,45.550000000000004,0,0,0,,,,,,False,False,,,11.475
case05,33,W3_b01,DE_stab,8.215194545683369,traces/case05__s33__W3_b01__DE_stab.npz,1601,312,0.2798251093066833,448,1,0,1409,9,0.018213748931884766,fault,0.959478241103538,0.7479014989293362,0.9621471698680897,0.7619988852994501,0.095,,,0.5374732334047109,1.0,0.31977159172019987,,,1,51.95,0,0,0,,,,,,False,False,,,35.225
case05,33,W3_b01,DEph_cv,8.215194545683369,traces/case05__s33__W3_b01__DEph_cv.npz,1601,312,0.2798251093066833,448,1,0,1409,9,0.01818227767944336,fault,0.959478241103538,0.7479014989293362,0.9621471698680897,0.7619988852994501,0.095,,,0.5374732334047109,1.0,0.31977159172019987,,,1,51.95,0,0,0,,,,,,False,False,,,35.225
case05,33,W3_b01,H_hold,8.215194545683369,traces/case05__s33__W3_b01__H_hold.npz,1601,312,0.0,0,0,0,1601,11,0.017714738845825195,fault,0.9998195266108493,0.9986688079942898,0.9998555787235319,0.9990143794562221,0.095,,,0.9964311206281228,1.0,0.0,,,0,,0,0,0,,,,,,False,True,,,80.05000000000001
