phi,machine,phi_seed,family,op,L,delay,rollback,fpr,TR_fpr,l128,TR_l128,l256,TR_l256,l128v,TR_l128v,res_num,res_den,info_num,par_num,par_den,w2n,n_removed,n_replayed,fpr_T,lift_128_identical_T,lift_256_identical_T,lift_128_variant_T,ratio_T,ratio_TR,TR_over_T,ratio256_TR,ratio128v_TR,residual,info_removed,residual_param,w2_vs_never,dFPR_TR,dFPR_T,lost_util
pca,machine-1-6,0,level,W1,30,0,R0,0.20418,0.13306,-2.64033,2.49337,-1.94979,2.0657,-2.00072,0.99893,130.33233,130.33233,0.0,0.0,0.0,0.0,0.0,0.0,0.13306,2.49337,2.0657,0.99893,-1.05894,-1.05894,1.0,-0.94389,-2.00286,1.0,0.0,,0.0,0.07113,0.07113,0.0
pca,machine-1-6,0,level,W1,30,0,R_all,0.07528,0.07528,1.48839,1.48839,1.57097,1.57097,0.41453,0.41453,0.0,130.33233,167.65341,0.0,0.0,0.0,30.0,0.0,0.13306,2.49337,2.0657,0.99893,0.59694,1.0,0.59694,1.0,1.0,0.0,1.28635,,0.0,0.0,-0.05778,-0.05778
pca,machine-1-6,0,level,W1,30,0,R_fault,0.07528,0.07528,1.48839,1.48839,1.57097,1.57097,0.41453,0.41453,0.0,130.33233,167.65341,0.0,0.0,0.0,30.0,0.0,0.13306,2.49337,2.0657,0.99893,0.59694,1.0,0.59694,1.0,1.0,0.0,1.28635,,0.0,0.0,-0.05778,-0.05778
pca,machine-1-6,0,level,W1,30,0,R_fault_rec,0.07528,0.07528,1.48839,1.48839,1.57097,1.57097,0.41453,0.41453,0.0,130.33233,167.65341,0.0,0.0,0.0,30.0,0.0,0.13306,2.49337,2.0657,0.99893,0.59694,1.0,0.59694,1.0,1.0,0.0,1.28635,,0.0,0.0,-0.05778,-0.05778
pca,machine-1-6,0,level,W1,30,64,R0,0.08765,0.08626,1.40782,3.28694,1.42153,2.83573,1.07099,1.44254,36.04981,36.04981,0.0,0.0,0.0,0.0,0.0,0.0,0.08626,3.28694,2.83573,1.44254,0.42831,0.42831,1.0,0.50129,0.74243,1.0,0.0,,0.0,0.00138,0.00138,0.0
pca,machine-1-6,0,level,W1,30,64,R_all,0.08732,0.08691,3.41981,3.30753,3.05342,2.88719,1.56198,1.46943,11.93804,36.04981,15.4635,0.0,0.0,0.0,30.0,0.0,0.08626,3.28694,2.83573,1.44254,1.04042,1.03395,1.00627,1.05757,1.06298,0.33115,0.42895,,0.0,0.00041,0.00106,0.00065
pca,machine-1-6,0,level,W1,30,64,R_fault,0.08732,0.08691,3.41981,3.30753,3.05342,2.88719,1.56198,1.46943,11.93804,36.04981,15.4635,0.0,0.0,0.0,30.0,0.0,0.08626,3.28694,2.83573,1.44254,1.04042,1.03395,1.00627,1.05757,1.06298,0.33115,0.42895,,0.0,0.00041,0.00106,0.00065
pca,machine-1-6,0,level,W1,30,64,R_fault_rec,0.0874,0.0874,3.28274,3.28274,2.86902,2.86902,1.45586,1.45586,0.0,36.04981,20.26925,0.0,0.0,0.0,38.0,0.0,0.08626,3.28694,2.83573,1.44254,0.99872,1.0,0.99872,1.0,1.0,0.0,0.56226,,0.0,0.0,0.00114,0.00114
pca,machine-1-6,0,level,W1,38,0,R0,0.1582,0.12801,-1.08334,2.632,-0.83574,2.13289,-0.92219,1.05291,96.35556,96.35556,0.0,0.0,0.0,0.0,0.0,0.0,0.12801,2.632,2.13289,1.05291,-0.4116,-0.4116,1.0,-0.39184,-0.87585,1.0,0.0,,0.0,0.03019,0.03019,0.0
pca,machine-1-6,0,level,W1,38,0,R_all,0.07528,0.07528,1.48839,1.48839,1.57097,1.57097,0.41453,0.41453,0.0,96.35556,167.22294,0.0,0.0,0.0,38.0,0.0,0.12801,2.632,2.13289,1.05291,0.5655,1.0,0.5655,1.0,1.0,0.0,1.73548,,0.0,0.0,-0.05273,-0.05273
pca,machine-1-6,0,level,W1,38,0,R_fault,0.09701,0.10881,2.51953,2.83302,2.12487,2.36453,1.00488,1.17893,28.18507,96.35556,46.81522,0.0,0.0,0.0,30.0,0.0,0.12801,2.632,2.13289,1.05291,0.95727,0.88934,1.07638,0.89865,0.85237,0.29251,0.48586,,0.0,-0.0118,-0.03101,-0.01921
pca,machine-1-6,0,level,W1,38,0,R_fault_rec,0.07528,0.07528,1.48839,1.48839,1.57097,1.57097,0.41453,0.41453,0.0,96.35556,167.22294,0.0,0.0,0.0,38.0,0.0,0.12801,2.632,2.13289,1.05291,0.5655,1.0,0.5655,1.0,1.0,0.0,1.73548,,0.0,0.0,-0.05273,-0.05273
pca,machine-1-6,0,level,W1,38,64,R0,0.08765,0.08667,1.4243,3.28315,1.43745,2.85458,1.05986,1.42344,35.01185,35.01185,0.0,0.0,0.0,0.0,0.0,0.0,0.08667,3.28315,2.85458,1.42344,0.43382,0.43382,1.0,0.50356,0.74458,1.0,0.0,,0.0,0.00098,0.00098,0.0
pca,machine-1-6,0,level,W1,38,64,R_all,0.08748,0.08748,3.26235,3.26235,2.87041,2.87041,1.40876,1.40876,0.0,35.01185,19.11116,0.0,0.0,0.0,38.0,0.0,0.08667,3.28315,2.85458,1.42344,0.99366,1.0,0.99366,1.0,1.0,0.0,0.54585,,0.0,0.0,0.00081,0.00081
pca,machine-1-6,0,level,W1,38,64,R_fault,0.0874,0.087,3.41585,3.28947,3.06859,2.89032,1.52962,1.43434,11.47577,35.01185,14.5242,0.0,0.0,0.0,30.0,0.0,0.08667,3.28315,2.85458,1.42344,1.04042,1.03842,1.00192,1.06168,1.06643,0.32777,0.41484,,0.0,0.00041,0.00073,0.00033
pca,machine-1-6,0,level,W1,38,64,R_fault_rec,0.08748,0.08748,3.26235,3.26235,2.87041,2.87041,1.40876,1.40876,0.0,35.01185,19.11116,0.0,0.0,0.0,38.0,0.0,0.08667,3.28315,2.85458,1.42344,0.99366,1.0,0.99366,1.0,1.0,0.0,0.54585,,0.0,0.0,0.00081,0.00081
pca,machine-1-6,0,level,W1,46,0,R0,0.11198,0.12109,0.30392,2.74201,0.45366,2.2202,0.30896,1.1188,63.43617,63.43617,0.0,0.0,0.0,0.0,0.0,0.0,0.12109,2.74201,2.2202,1.1188,0.11084,0.11084,1.0,0.20433,0.27615,1.0,0.0,,0.0,-0.00911,-0.00911,0.0
pca,machine-1-6,0,level,W1,46,0,R_all,0.07528,0.07528,1.48839,1.48839,1.57097,1.57097,0.41453,0.41453,0.0,63.43617,167.18018,0.0,0.0,0.0,46.0,0.0,0.12109,2.74201,2.2202,1.1188,0.54281,1.0,0.54281,1.0,1.0,0.0,2.63541,,0.0,0.0,-0.04582,-0.04582
pca,machine-1-6,0,level,W1,46,0,R_fault,0.09603,0.1062,2.87036,2.87893,2.50334,2.44635,1.28781,1.19694,21.12935,63.43617,34.97771,0.0,0.0,0.0,30.0,0.0,0.12109,2.74201,2.2202,1.1188,1.04681,0.99703,1.04993,1.0233,1.07592,0.33308,0.55138,,0.0,-0.01017,-0.02507,-0.01489
pca,machine-1-6,0,level,W1,46,0,R_fault_rec,0.09481,0.09481,3.02606,3.02606,2.47238,2.47238,1.25527,1.25527,0.0,63.43617,45.68705,0.0,0.0,0.0,38.0,0.0,0.12109,2.74201,2.2202,1.1188,1.10359,1.0,1.10359,1.0,1.0,0.0,0.72021,,0.0,0.0,-0.02629,-0.02629
pca,machine-1-6,0,level,W1,46,64,R0,0.08577,0.08512,1.55773,3.35472,1.4859,2.88089,1.14918,1.45841,33.47425,33.47425,0.0,0.0,0.0,0.0,0.0,0.0,0.08512,3.35472,2.88089,1.45841,0.46434,0.46434,1.0,0.51578,0.78797,1.0,0.0,,0.0,0.00065,0.00065,0.0
pca,machine-1-6,0,level,W1,46,64,R_all,0.08716,0.08716,3.32886,3.32886,2.87543,2.87543,1.44815,1.44815,0.0,33.47425,22.03323,0.0,0.0,0.0,46.0,0.0,0.08512,3.35472,2.88089,1.45841,0.99229,1.0,0.99229,1.0,1.0,0.0,0.65821,,0.0,0.0,0.00203,0.00203
pca,machine-1-6,0,level,W1,46,64,R_fault,0.08553,0.08504,3.53232,3.37078,3.10738,2.9154,1.61248,1.48483,11.0706,33.47425,13.20618,0.0,0.0,0.0,30.0,0.0,0.08512,3.35472,2.88089,1.45841,1.05294,1.04792,1.00479,1.06585,1.08597,0.33072,0.39452,,0.0,0.00049,0.00041,-8e-05
pca,machine-1-6,0,level,W1,46,64,R_fault_rec,0.08561,0.08561,3.34156,3.34156,2.8906,2.8906,1.45356,1.45356,0.0,33.47425,17.6259,0.0,0.0,0.0,38.0,0.0,0.08512,3.35472,2.88089,1.45841,0.99608,1.0,0.99608,1.0,1.0,0.0,0.52655,,0.0,0.0,0.00049,0.00049
pca,machine-1-6,0,level,W2p_split_f0995,30,0,R0,0.0188,0.01392,0.55578,1.89239,0.67609,1.89377,-0.21493,0.65558,31.75194,31.75194,0.0,4139.16288,4139.16288,0.0,0.0,0.0,0.01392,1.89239,1.89377,0.65558,0.29369,0.29369,1.0,0.35701,-0.32784,1.0,0.0,1.0,0.0,0.00488,0.00488,0.0
pca,machine-1-6,0,level,W2p_split_f0995,30,0,R_all,0.04224,0.04224,1.5201,1.5201,1.58522,1.58522,0.48747,0.48747,0.0,31.75194,43.40142,0.0,4139.16288,0.0,30.0,0.0,0.01392,1.89239,1.89377,0.65558,0.80327,1.0,0.80327,1.0,1.0,0.0,1.36689,0.0,0.0,0.0,0.02832,0.02832
pca,machine-1-6,0,level,W2p_split_f0995,30,0,R_fault,0.04224,0.04224,1.5201,1.5201,1.58522,1.58522,0.48747,0.48747,0.0,31.75194,43.40142,0.0,4139.16288,0.0,30.0,0.0,0.01392,1.89239,1.89377,0.65558,0.80327,1.0,0.80327,1.0,1.0,0.0,1.36689,0.0,0.0,0.0,0.02832,0.02832
pca,machine-1-6,0,level,W2p_split_f0995,30,0,R_fault_rec,0.04224,0.04224,1.5201,1.5201,1.58522,1.58522,0.48747,0.48747,0.0,31.75194,43.40142,0.0,4139.16288,0.0,30.0,0.0,0.01392,1.89239,1.89377,0.65558,0.80327,1.0,0.80327,1.0,1.0,0.0,1.36689,0.0,0.0,0.0,0.02832,0.02832
pca,machine-1-6,0,level,W2p_split_f0995,30,64,R0,0.02808,0.02791,1.67608,2.50161,1.61135,2.33074,0.39599,0.97114,18.48539,18.48539,0.0,3222.67334,3222.67334,0.0,0.0,0.0,0.02791,2.50161,2.33074,0.97114,0.67,0.67,1.0,0.69135,0.40776,1.0,0.0,1.0,0.0,0.00016,0.00016,0.0
pca,machine-1-6,0,level,W2p_split_f0995,30,64,R_all,0.02279,0.02295,2.39791,2.41908,2.28178,2.29381,0.91036,0.92529,0.59236,18.48539,14.80075,408.48325,3222.67334,6.4254,30.0,0.0,0.02791,2.50161,2.33074,0.97114,0.95855,0.99125,0.96701,0.99476,0.98386,0.03204,0.80067,0.12675,0.34759,-0.00016,-0.00513,-0.00496
pca,machine-1-6,0,level,W2p_split_f0995,30,64,R_fault,0.02279,0.02295,2.39791,2.41908,2.28178,2.29381,0.91036,0.92529,0.59236,18.48539,14.80075,408.48325,3222.67334,6.4254,30.0,0.0,0.02791,2.50161,2.33074,0.97114,0.95855,0.99125,0.96701,0.99476,0.98386,0.03204,0.80067,0.12675,0.34759,-0.00016,-0.00513,-0.00496
pca,machine-1-6,0,level,W2p_split_f0995,30,64,R_fault_rec,0.02148,0.02148,2.37874,2.37874,2.26962,2.26962,0.90427,0.90427,0.0,18.48539,19.71995,0.0,3222.67334,8.03899,38.0,0.0,0.02791,2.50161,2.33074,0.97114,0.95088,1.0,0.95088,1.0,1.0,0.0,1.06679,0.0,0.43488,0.0,-0.00643,-0.00643
pca,machine-1-6,0,level,W2p_split_f0995,38,0,R0,0.01619,0.01408,0.68401,1.97614,0.79639,1.95671,-0.1597,0.69485,29.84968,29.84968,0.0,4267.01103,4267.01103,0.0,0.0,0.0,0.01408,1.97614,1.95671,0.69485,0.34613,0.34613,1.0,0.40701,-0.22983,1.0,0.0,1.0,0.0,0.00212,0.00212,0.0
pca,machine-1-6,0,level,W2p_split_f0995,38,0,R_all,0.04224,0.04224,1.5201,1.5201,1.58522,1.58522,0.48747,0.48747,0.0,29.84968,52.16891,0.0,4267.01103,0.0,38.0,0.0,0.01408,1.97614,1.95671,0.69485,0.76923,1.0,0.76923,1.0,1.0,0.0,1.74772,0.0,0.0,0.0,0.02816,0.02816
pca,machine-1-6,0,level,W2p_split_f0995,38,0,R_fault,0.02547,0.02295,1.57277,1.67041,1.6386,1.71566,0.48589,0.55431,1.67297,29.84968,36.88298,540.8561,4267.01103,1.89654,30.0,0.0,0.01408,1.97614,1.95671,0.69485,0.79588,0.94155,0.84529,0.95508,0.87657,0.05605,1.23562,0.12675,0.06354,0.00252,0.01139,0.00887
pca,machine-1-6,0,level,W2p_split_f0995,38,0,R_fault_rec,0.04224,0.04224,1.5201,1.5201,1.58522,1.58522,0.48747,0.48747,0.0,29.84968,52.16891,0.0,4267.01103,0.0,38.0,0.0,0.01408,1.97614,1.95671,0.69485,0.76923,1.0,0.76923,1.0,1.0,0.0,1.74772,0.0,0.0,0.0,0.02816,0.02816
pca,machine-1-6,0,level,W2p_split_f0995,38,64,R0,0.0297,0.02913,1.78642,2.5673,1.69514,2.37347,0.46005,1.00833,17.38307,17.38307,0.0,3095.99986,3095.99986,0.0,0.0,0.0,0.02913,2.5673,2.37347,1.00833,0.69584,0.69584,1.0,0.7142,0.45625,1.0,0.0,1.0,0.0,0.00057,0.00057,0.0
pca,machine-1-6,0,level,W2p_split_f0995,38,64,R_all,0.02384,0.02384,2.46651,2.46651,2.32775,2.32775,0.95183,0.95183,0.0,17.38307,17.72121,0.0,3095.99986,8.15463,38.0,0.0,0.02913,2.5673,2.37347,1.00833,0.96074,1.0,0.96074,1.0,1.0,0.0,1.01945,0.0,0.46911,0.0,-0.00529,-0.00529
pca,machine-1-6,0,level,W2p_split_f0995,38,64,R_fault,0.02507,0.02531,2.48327,2.50042,2.33804,2.34713,0.95791,0.97002,0.52991,17.38307,13.37936,392.42701,3095.99986,6.45527,30.0,0.0,0.02913,2.5673,2.37347,1.00833,0.96727,0.99314,0.97395,0.99612,0.98751,0.03048,0.76968,0.12675,0.37135,-0.00024,-0.00407,-0.00382
pca,machine-1-6,0,level,W2p_split_f0995,38,64,R_fault_rec,0.02384,0.02384,2.46651,2.46651,2.32775,2.32775,0.95183,0.95183,0.0,17.38307,17.72121,0.0,3095.99986,8.15463,38.0,0.0,0.02913,2.5673,2.37347,1.00833,0.96074,1.0,0.96074,1.0,1.0,0.0,1.01945,0.0,0.46911,0.0,-0.00529,-0.00529
pca,machine-1-6,0,level,W2p_split_f0995,46,0,R0,0.01644,0.01546,0.85533,2.05786,0.94252,2.01665,-0.06525,0.73454,27.69571,27.69571,0.0,4099.28781,4099.28781,0.0,0.0,0.0,0.01546,2.05786,2.01665,0.73454,0.41564,0.41564,1.0,0.46737,-0.08882,1.0,0.0,1.0,0.0,0.00098,0.00098,0.0
pca,machine-1-6,0,level,W2p_split_f0995,46,0,R_all,0.04224,0.04224,1.5201,1.5201,1.58522,1.58522,0.48747,0.48747,0.0,27.69571,59.95962,0.0,4099.28781,0.0,46.0,0.0,0.01546,2.05786,2.01665,0.73454,0.73868,1.0,0.73868,1.0,1.0,0.0,2.16494,0.0,0.0,0.0,0.02677,0.02677
pca,machine-1-6,0,level,W2p_split_f0995,46,0,R_fault,0.01652,0.01619,1.72728,1.80497,1.76906,1.82823,0.5616,0.61595,1.40492,27.69571,31.68112,519.59669,4099.28781,3.3546,30.0,0.0,0.01546,2.05786,2.01665,0.73454,0.83936,0.95696,0.87711,0.96763,0.91177,0.05073,1.1439,0.12675,0.12112,0.00033,0.00106,0.00073
pca,machine-1-6,0,level,W2p_split_f0995,46,0,R_fault_rec,0.02189,0.02189,1.68388,1.68388,1.72768,1.72768,0.56152,0.56152,0.0,27.69571,44.31663,0.0,4099.28781,2.57109,38.0,0.0,0.01546,2.05786,2.01665,0.73454,0.81827,1.0,0.81827,1.0,1.0,0.0,1.60013,0.0,0.09283,0.0,0.00643,0.00643
pca,machine-1-6,0,level,W2p_split_f0995,46,64,R0,0.03198,0.03117,1.89364,2.63242,1.77646,2.41697,0.52327,1.04606,16.3607,16.3607,0.0,2974.30553,2974.30553,0.0,0.0,0.0,0.03117,2.63242,2.41697,1.04606,0.71935,0.71935,1.0,0.73499,0.50023,1.0,0.0,1.0,0.0,0.00081,0.00081,0.0
pca,machine-1-6,0,level,W2p_split_f0995,46,64,R_all,0.02458,0.02458,2.51284,2.51284,2.361,2.361,0.97838,0.97838,0.0,16.3607,20.27508,0.0,2974.30553,9.86855,46.0,0.0,0.03117,2.63242,2.41697,1.04606,0.95458,1.0,0.95458,1.0,1.0,0.0,1.23925,0.0,0.60319,0.0,-0.00659,-0.00659
pca,machine-1-6,0,level,W2p_split_f0995,46,64,R_fault,0.02759,0.02767,2.56507,2.57886,2.39232,2.39908,1.00463,1.0144,0.47689,16.3607,12.18288,377.0019,2974.30553,6.4145,30.0,0.0,0.03117,2.63242,2.41697,1.04606,0.97441,0.99465,0.97965,0.99718,0.99037,0.02915,0.74464,0.12675,0.39207,-8e-05,-0.00358,-0.0035
pca,machine-1-6,0,level,W2p_split_f0995,46,64,R_fault_rec,0.02637,0.02637,2.55049,2.55049,2.38358,2.38358,0.99872,0.99872,0.0,16.3607,16.04488,0.0,2974.30553,8.15863,38.0,0.0,0.03117,2.63242,2.41697,1.04606,0.96888,1.0,0.96888,1.0,1.0,0.0,0.9807,0.0,0.49867,0.0,-0.0048,-0.0048
pca,machine-1-6,0,level,W3_b01,30,0,R0,0.09229,0.04248,-1.92497,3.06464,-1.45637,2.78343,-1.66822,1.31626,92.42647,92.42647,0.0,152.64805,152.64805,0.0,0.0,30.0,0.04248,3.06464,2.78343,1.31626,-0.62812,-0.62812,1.0,-0.52323,-1.2674,1.0,0.0,1.0,0.0,0.0498,0.0498,0.0
pca,machine-1-6,0,level,W3_b01,30,0,R_all,0.1486,0.1486,1.71992,1.71992,1.75451,1.75451,0.5981,0.5981,0.0,92.42647,112.54609,0.0,152.64805,0.0,30.0,0.0,0.04248,3.06464,2.78343,1.31626,0.56121,1.0,0.56121,1.0,1.0,0.0,1.21768,0.0,0.0,0.0,0.10612,0.10612
pca,machine-1-6,0,level,W3_b01,30,0,R_fault,0.1486,0.1486,1.71992,1.71992,1.75451,1.75451,0.5981,0.5981,0.0,92.42647,112.54609,0.0,152.64805,0.0,30.0,0.0,0.04248,3.06464,2.78343,1.31626,0.56121,1.0,0.56121,1.0,1.0,0.0,1.21768,0.0,0.0,0.0,0.10612,0.10612
pca,machine-1-6,0,level,W3_b01,30,0,R_fault_rec,0.1486,0.1486,1.71992,1.71992,1.75451,1.75451,0.5981,0.5981,0.0,92.42647,112.54609,0.0,152.64805,0.0,30.0,0.0,0.04248,3.06464,2.78343,1.31626,0.56121,1.0,0.56121,1.0,1.0,0.0,1.21768,0.0,0.0,0.0,0.10612,0.10612
pca,machine-1-6,0,level,W3_b01,30,64,R0,0.04232,0.04427,2.46636,3.2984,2.33072,3.01899,1.10467,1.48055,13.19424,13.19424,0.0,96.41386,96.41386,0.0,0.0,94.0,0.04427,3.2984,3.01899,1.48055,0.74774,0.74774,1.0,0.77202,0.74612,1.0,0.0,1.0,0.0,-0.00195,-0.00195,0.0
pca,machine-1-6,0,level,W3_b01,30,64,R_all,0.04329,0.04411,3.18975,3.29155,2.94801,3.01425,1.45569,1.48018,5.09782,13.19424,3.37359,39.36761,96.41386,0.0,30.0,64.0,0.04427,3.2984,3.01899,1.48055,0.96706,0.96907,0.99792,0.97803,0.98345,0.38637,0.25569,0.40832,0.0,-0.00081,-0.00098,-0.00016
pca,machine-1-6,0,level,W3_b01,30,64,R_fault,0.04329,0.04411,3.18975,3.29155,2.94801,3.01425,1.45569,1.48018,5.09782,13.19424,3.37359,39.36761,96.41386,0.0,30.0,64.0,0.04427,3.2984,3.01899,1.48055,0.96706,0.96907,0.99792,0.97803,0.98345,0.38637,0.25569,0.40832,0.0,-0.00081,-0.00098,-0.00016
pca,machine-1-6,0,level,W3_b01,30,64,R_fault_rec,0.04378,0.04378,3.30436,3.30436,3.02143,3.02143,1.4888,1.4888,0.0,13.19424,4.14078,0.0,96.41386,0.0,38.0,56.0,0.04427,3.2984,3.01899,1.48055,1.00181,1.0,1.00181,1.0,1.0,0.0,0.31383,0.0,0.0,0.0,-0.00049,-0.00049
pca,machine-1-6,0,level,W3_b01,38,0,R0,0.04769,0.04199,0.12975,3.10109,0.32615,2.8138,-0.80905,1.33777,55.40278,55.40278,0.0,116.96417,116.96417,0.0,0.0,38.0,0.04199,3.10109,2.8138,1.33777,0.04184,0.04184,1.0,0.11591,-0.60478,1.0,0.0,1.0,0.0,0.0057,0.0057,0.0
pca,machine-1-6,0,level,W3_b01,38,0,R_all,0.1486,0.1486,1.71992,1.71992,1.75451,1.75451,0.5981,0.5981,0.0,55.40278,116.90021,0.0,116.96417,0.0,38.0,0.0,0.04199,3.10109,2.8138,1.33777,0.55462,1.0,0.55462,1.0,1.0,0.0,2.11001,0.0,0.0,0.0,0.10661,0.10661
pca,machine-1-6,0,level,W3_b01,38,0,R_fault,0.04289,0.04102,2.15062,2.6186,2.13897,2.51268,0.69019,1.05336,13.02622,55.40278,60.02246,42.49491,116.96417,0.0,30.0,8.0,0.04199,3.10109,2.8138,1.33777,0.6935,0.82129,0.84441,0.85127,0.65522,0.23512,1.08338,0.36332,0.0,0.00187,0.0009,-0.00098
pca,machine-1-6,0,level,W3_b01,38,0,R_fault_rec,0.1486,0.1486,1.71992,1.71992,1.75451,1.75451,0.5981,0.5981,0.0,55.40278,116.90021,0.0,116.96417,0.0,38.0,0.0,0.04199,3.10109,2.8138,1.33777,0.55462,1.0,0.55462,1.0,1.0,0.0,2.11001,0.0,0.0,0.0,0.10661,0.10661
pca,machine-1-6,0,level,W3_b01,38,64,R0,0.0424,0.04411,2.51949,3.34036,2.35281,3.02691,1.13941,1.49921,12.92053,12.92053,0.0,96.21219,96.21219,0.0,0.0,102.0,0.04411,3.34036,3.02691,1.49921,0.75426,0.75426,1.0,0.7773,0.76001,1.0,0.0,1.0,0.0,-0.00171,-0.00171,0.0
pca,machine-1-6,0,level,W3_b01,38,64,R_all,0.04403,0.04403,3.3407,3.3407,3.02324,3.02324,1.50378,1.50378,0.0,12.92053,3.68815,0.0,96.21219,0.0,38.0,64.0,0.04411,3.34036,3.02691,1.49921,1.0001,1.0,1.0001,1.0,1.0,0.0,0.28545,0.0,0.0,0.0,-8e-05,-8e-05
pca,machine-1-6,0,level,W3_b01,38,64,R_fault,0.0437,0.04419,3.23058,3.33054,2.95431,3.01898,1.47658,1.49701,4.98237,12.92053,3.19653,39.27137,96.21219,0.0,30.0,72.0,0.04411,3.34036,3.02691,1.49921,0.96714,0.96999,0.99706,0.97858,0.98635,0.38562,0.2474,0.40817,0.0,-0.00049,-0.00041,8e-05
pca,machine-1-6,0,level,W3_b01,38,64,R_fault_rec,0.04403,0.04403,3.3407,3.3407,3.02324,3.02324,1.50378,1.50378,0.0,12.92053,3.68815,0.0,96.21219,0.0,38.0,64.0,0.04411,3.34036,3.02691,1.49921,1.0001,1.0,1.0001,1.0,1.0,0.0,0.28545,0.0,0.0,0.0,-8e-05,-8e-05
pca,machine-1-6,0,level,W3_b01,46,0,R0,0.04126,0.04159,1.26868,3.14299,1.27773,2.84654,0.05199,1.35848,33.87728,33.87728,0.0,103.70974,103.70974,0.0,0.0,46.0,0.04159,3.14299,2.84654,1.35848,0.40365,0.40365,1.0,0.44887,0.03827,1.0,0.0,1.0,0.0,-0.00033,-0.00033,0.0
pca,machine-1-6,0,level,W3_b01,46,0,R_all,0.1486,0.1486,1.71992,1.71992,1.75451,1.75451,0.5981,0.5981,0.0,33.87728,120.07968,0.0,103.70974,0.0,46.0,0.0,0.04159,3.14299,2.84654,1.35848,0.54722,1.0,0.54722,1.0,1.0,0.0,3.54455,0.0,0.0,0.0,0.10701,0.10701
pca,machine-1-6,0,level,W3_b01,46,0,R_fault,0.03841,0.03882,2.75932,3.04446,2.61514,2.83165,1.0847,1.30219,8.64211,33.87728,33.19653,40.57936,103.70974,0.0,30.0,16.0,0.04159,3.14299,2.84654,1.35848,0.87793,0.90634,0.96865,0.92354,0.83298,0.2551,0.97991,0.39128,0.0,-0.00041,-0.00317,-0.00277
pca,machine-1-6,0,level,W3_b01,46,0,R_fault_rec,0.04077,0.04077,2.65484,2.65484,2.55055,2.55055,1.07274,1.07274,0.0,33.87728,63.43547,0.0,103.70974,0.0,38.0,8.0,0.04159,3.14299,2.84654,1.35848,0.84469,1.0,0.84469,1.0,1.0,0.0,1.87251,0.0,0.0,0.0,-0.00081,-0.00081
pca,machine-1-6,0,level,W3_b01,46,64,R0,0.04346,0.04468,2.58888,3.41629,2.40487,3.07538,1.18364,1.55175,12.59892,12.59892,0.0,96.06945,96.06945,0.0,0.0,110.0,0.04468,3.41629,3.07538,1.55175,0.7578,0.7578,1.0,0.78198,0.76278,1.0,0.0,1.0,0.0,-0.00122,-0.00122,0.0
pca,machine-1-6,0,level,W3_b01,46,64,R_all,0.04451,0.04451,3.41662,3.41662,3.0689,3.0689,1.55606,1.55606,0.0,12.59892,3.97394,0.0,96.06945,0.0,46.0,64.0,0.04468,3.41629,3.07538,1.55175,1.0001,1.0,1.0001,1.0,1.0,0.0,0.31542,0.0,0.0,0.0,-0.00016,-0.00016
pca,machine-1-6,0,level,W3_b01,46,64,R_fault,0.04443,0.04492,3.30255,3.40474,3.00199,3.06574,1.52566,1.54782,4.90394,12.59892,3.12203,39.20241,96.06945,0.0,30.0,80.0,0.04468,3.41629,3.07538,1.55175,0.96671,0.96998,0.99662,0.97921,0.98568,0.38924,0.2478,0.40806,0.0,-0.00049,-0.00024,0.00024
pca,machine-1-6,0,level,W3_b01,46,64,R_fault_rec,0.04484,0.04484,3.41192,3.41192,3.06731,3.06731,1.55216,1.55216,0.0,12.59892,3.50306,0.0,96.06945,0.0,38.0,72.0,0.04468,3.41629,3.07538,1.55175,0.99872,1.0,0.99872,1.0,1.0,0.0,0.27804,0.0,0.0,0.0,0.00016,0.00016
pca,machine-1-6,0,level,W3_b05,30,0,R0,0.17375,0.04036,-3.32149,3.11155,-2.64435,2.80151,-2.36305,1.38769,139.36208,139.36208,0.0,208.95874,208.95874,0.0,0.0,30.0,0.04036,3.11155,2.80151,1.38769,-1.06747,-1.06747,1.0,-0.9439,-1.70286,1.0,0.0,1.0,0.0,0.13338,0.13338,0.0
pca,machine-1-6,0,level,W3_b05,30,0,R_all,0.11271,0.11271,1.52528,1.52528,1.70623,1.70623,0.47823,0.47823,0.0,139.36208,160.06557,0.0,208.95874,0.0,30.0,0.0,0.04036,3.11155,2.80151,1.38769,0.4902,1.0,0.4902,1.0,1.0,0.0,1.14856,0.0,0.0,0.0,0.07235,0.07235
pca,machine-1-6,0,level,W3_b05,30,0,R_fault,0.11271,0.11271,1.52528,1.52528,1.70623,1.70623,0.47823,0.47823,0.0,139.36208,160.06557,0.0,208.95874,0.0,30.0,0.0,0.04036,3.11155,2.80151,1.38769,0.4902,1.0,0.4902,1.0,1.0,0.0,1.14856,0.0,0.0,0.0,0.07235,0.07235
pca,machine-1-6,0,level,W3_b05,30,0,R_fault_rec,0.11271,0.11271,1.52528,1.52528,1.70623,1.70623,0.47823,0.47823,0.0,139.36208,160.06557,0.0,208.95874,0.0,30.0,0.0,0.04036,3.11155,2.80151,1.38769,0.4902,1.0,0.4902,1.0,1.0,0.0,1.14856,0.0,0.0,0.0,0.07235,0.07235
pca,machine-1-6,0,level,W3_b05,30,64,R0,0.06144,0.06185,4.00123,3.39482,3.66097,3.07342,2.00916,1.6124,15.28699,15.28699,0.0,127.89355,127.89355,0.0,0.0,94.0,0.06185,3.39482,3.07342,1.6124,1.17863,1.17863,1.0,1.19117,1.24607,1.0,0.0,1.0,0.0,-0.00041,-0.00041,0.0
pca,machine-1-6,0,level,W3_b05,30,64,R_all,0.06128,0.06266,3.43237,3.36023,3.18931,3.06223,1.7703,1.59443,16.76971,15.28699,9.87279,120.61736,127.89355,0.0,30.0,64.0,0.06185,3.39482,3.07342,1.6124,1.01106,1.02147,0.98981,1.0415,1.1103,1.09699,0.64583,0.94311,0.0,-0.00138,-0.00057,0.00081
pca,machine-1-6,0,level,W3_b05,30,64,R_fault,0.06128,0.06266,3.43237,3.36023,3.18931,3.06223,1.7703,1.59443,16.76971,15.28699,9.87279,120.61736,127.89355,0.0,30.0,64.0,0.06185,3.39482,3.07342,1.6124,1.01106,1.02147,0.98981,1.0415,1.1103,1.09699,0.64583,0.94311,0.0,-0.00138,-0.00057,0.00081
pca,machine-1-6,0,level,W3_b05,30,64,R_fault_rec,0.06274,0.06274,3.35164,3.35164,3.04754,3.04754,1.58537,1.58537,0.0,15.28699,10.79383,0.0,127.89355,0.0,38.0,56.0,0.06185,3.39482,3.07342,1.6124,0.98728,1.0,0.98728,1.0,1.0,0.0,0.70608,0.0,0.0,0.0,0.0009,0.0009
pca,machine-1-6,0,level,W3_b05,38,0,R0,0.03711,0.0363,2.68759,3.11647,2.54009,2.80461,0.81495,1.407,40.54901,40.54901,0.0,142.31468,142.31468,0.0,0.0,38.0,0.0363,3.11647,2.80461,1.407,0.86238,0.86238,1.0,0.90568,0.57921,1.0,0.0,1.0,0.0,0.00081,0.00081,0.0
pca,machine-1-6,0,level,W3_b05,38,0,R_all,0.11271,0.11271,1.52528,1.52528,1.70623,1.70623,0.47823,0.47823,0.0,40.54901,159.30096,0.0,142.31468,0.0,38.0,0.0,0.0363,3.11647,2.80461,1.407,0.48943,1.0,0.48943,1.0,1.0,0.0,3.9286,0.0,0.0,0.0,0.07642,0.07642
pca,machine-1-6,0,level,W3_b05,38,0,R_fault,0.03328,0.03597,2.89681,3.1274,2.78595,2.83306,1.21229,1.41361,33.69234,40.54901,14.70921,129.65319,142.31468,0.0,30.0,8.0,0.0363,3.11647,2.80461,1.407,0.92952,0.92627,1.00351,0.98337,0.85759,0.8309,0.36275,0.91103,0.0,-0.00269,-0.00301,-0.00033
pca,machine-1-6,0,level,W3_b05,38,0,R_fault_rec,0.11271,0.11271,1.52528,1.52528,1.70623,1.70623,0.47823,0.47823,0.0,40.54901,159.30096,0.0,142.31468,0.0,38.0,0.0,0.0363,3.11647,2.80461,1.407,0.48943,1.0,0.48943,1.0,1.0,0.0,3.9286,0.0,0.0,0.0,0.07642,0.07642
pca,machine-1-6,0,level,W3_b05,38,64,R0,0.03898,0.03947,4.11331,3.48988,3.70348,3.08769,2.03079,1.60819,14.81859,14.81859,0.0,126.94884,126.94884,0.0,0.0,102.0,0.03947,3.48988,3.08769,1.60819,1.17864,1.17864,1.0,1.19943,1.26278,1.0,0.0,1.0,0.0,-0.00049,-0.00049,0.0
pca,machine-1-6,0,level,W3_b05,38,64,R_all,0.03947,0.03947,3.45567,3.45567,3.06623,3.06623,1.58673,1.58673,0.0,14.81859,10.23794,0.0,126.94884,0.0,38.0,64.0,0.03947,3.48988,3.08769,1.60819,0.9902,1.0,0.9902,1.0,1.0,0.0,0.69088,0.0,0.0,0.0,0.0,0.0
pca,machine-1-6,0,level,W3_b05,38,64,R_fault,0.03833,0.03963,3.52388,3.44183,3.22605,3.07244,1.77027,1.58216,16.0693,14.81859,9.16217,120.07061,126.94884,0.0,30.0,72.0,0.03947,3.48988,3.08769,1.60819,1.00974,1.02384,0.98623,1.05,1.11889,1.0844,0.61829,0.94582,0.0,-0.0013,-0.00114,0.00016
pca,machine-1-6,0,level,W3_b05,38,64,R_fault_rec,0.03947,0.03947,3.45567,3.45567,3.06623,3.06623,1.58673,1.58673,0.0,14.81859,10.23794,0.0,126.94884,0.0,38.0,64.0,0.03947,3.48988,3.08769,1.60819,0.9902,1.0,0.9902,1.0,1.0,0.0,0.69088,0.0,0.0,0.0,0.0,0.0
pca,machine-1-6,0,level,W3_b05,46,0,R0,0.03695,0.03703,3.71528,3.2035,3.44169,2.93155,1.70641,1.42044,16.33301,16.33301,0.0,134.02344,134.02344,0.0,0.0,46.0,0.03703,3.2035,2.93155,1.42044,1.15975,1.15975,1.0,1.17402,1.20132,1.0,0.0,1.0,0.0,-8e-05,-8e-05,0.0
pca,machine-1-6,0,level,W3_b05,46,0,R_all,0.11271,0.11271,1.52528,1.52528,1.70623,1.70623,0.47823,0.47823,0.0,16.33301,157.25111,0.0,134.02344,0.0,46.0,0.0,0.03703,3.2035,2.93155,1.42044,0.47613,1.0,0.47613,1.0,1.0,0.0,9.62781,0.0,0.0,0.0,0.07568,0.07568
pca,machine-1-6,0,level,W3_b05,46,0,R_fault,0.03589,0.03687,3.29774,3.19536,3.11001,2.95555,1.60021,1.41827,16.423,16.33301,12.19623,124.05163,134.02344,0.0,30.0,16.0,0.03703,3.2035,2.93155,1.42044,1.02942,1.03204,0.99746,1.05226,1.12829,1.00551,0.74672,0.9256,0.0,-0.00098,-0.00114,-0.00016
pca,machine-1-6,0,level,W3_b05,46,0,R_fault_rec,0.03687,0.03687,3.21463,3.21463,2.97532,2.97532,1.42189,1.42189,0.0,16.33301,15.92002,0.0,134.02344,0.0,38.0,8.0,0.03703,3.2035,2.93155,1.42044,1.00347,1.0,1.00347,1.0,1.0,0.0,0.97471,0.0,0.0,0.0,-0.00016,-0.00016
pca,machine-1-6,0,level,W3_b05,46,64,R0,0.04061,0.04093,4.27416,3.66148,3.82271,3.21971,2.13122,1.72364,14.18481,14.18481,0.0,126.00222,126.00222,0.0,0.0,110.0,0.04093,3.66148,3.21971,1.72364,1.16733,1.16733,1.0,1.18728,1.23647,1.0,0.0,1.0,0.0,-0.00033,-0.00033,0.0
pca,machine-1-6,0,level,W3_b05,46,64,R_all,0.04134,0.04134,3.63657,3.63657,3.21267,3.21267,1.71303,1.71303,0.0,14.18481,11.0535,0.0,126.00222,0.0,46.0,64.0,0.04093,3.66148,3.21971,1.72364,0.9932,1.0,0.9932,1.0,1.0,0.0,0.77925,0.0,0.0,0.0,0.00041,0.00041
pca,machine-1-6,0,level,W3_b05,46,64,R_fault,0.03963,0.04077,3.67407,3.62353,3.34479,3.21121,1.85933,1.70271,15.52172,14.18481,8.95044,119.35239,126.00222,0.0,30.0,80.0,0.04093,3.66148,3.21971,1.72364,1.00344,1.01395,0.98964,1.0416,1.09198,1.09425,0.63099,0.94722,0.0,-0.00114,-0.0013,-0.00016
pca,machine-1-6,0,level,W3_b05,46,64,R_fault_rec,0.04085,0.04085,3.61708,3.61708,3.19467,3.19467,1.69461,1.69461,0.0,14.18481,10.47748,0.0,126.00222,0.0,38.0,72.0,0.04093,3.66148,3.21971,1.72364,0.98787,1.0,0.98787,1.0,1.0,0.0,0.73864,0.0,0.0,0.0,-8e-05,-8e-05
pca,machine-1-6,0,ramp,W1,30,0,R0,0.17171,0.10571,-1.56805,2.82456,-0.8946,2.32295,-1.14657,1.1981,121.51744,121.51744,0.0,0.0,0.0,0.0,0.0,0.0,0.10571,2.82456,2.32295,1.1981,-0.55515,-0.55515,1.0,-0.38511,-0.95699,1.0,0.0,,0.0,0.066,0.066,0.0
pca,machine-1-6,0,ramp,W1,30,0,R_all,0.08675,0.08675,2.35731,2.35731,2.19726,2.19726,0.96972,0.96972,0.0,121.51744,124.26029,0.0,0.0,0.0,30.0,0.0,0.10571,2.82456,2.32295,1.1981,0.83458,1.0,0.83458,1.0,1.0,0.0,1.02257,,0.0,0.0,-0.01896,-0.01896
pca,machine-1-6,0,ramp,W1,30,0,R_fault,0.08675,0.08675,2.35731,2.35731,2.19726,2.19726,0.96972,0.96972,0.0,121.51744,124.26029,0.0,0.0,0.0,30.0,0.0,0.10571,2.82456,2.32295,1.1981,0.83458,1.0,0.83458,1.0,1.0,0.0,1.02257,,0.0,0.0,-0.01896,-0.01896
pca,machine-1-6,0,ramp,W1,30,0,R_fault_rec,0.08675,0.08675,2.35731,2.35731,2.19726,2.19726,0.96972,0.96972,0.0,121.51744,124.26029,0.0,0.0,0.0,30.0,0.0,0.10571,2.82456,2.32295,1.1981,0.83458,1.0,0.83458,1.0,1.0,0.0,1.02257,,0.0,0.0,-0.01896,-0.01896
pca,machine-1-6,0,ramp,W1,30,64,R0,0.08496,0.07992,1.16481,3.23672,1.18534,2.6474,1.03076,1.42653,29.83979,29.83979,0.0,0.0,0.0,0.0,0.0,0.0,0.07992,3.23672,2.6474,1.42653,0.35988,0.35988,1.0,0.44774,0.72256,1.0,0.0,,0.0,0.00505,0.00505,0.0
pca,machine-1-6,0,ramp,W1,30,64,R_all,0.08065,0.08073,3.35606,3.32111,2.83238,2.6599,1.63616,1.49338,9.47087,29.83979,10.16705,0.0,0.0,0.0,30.0,0.0,0.07992,3.23672,2.6474,1.42653,1.03687,1.01053,1.02607,1.06484,1.0956,0.31739,0.34072,,0.0,-8e-05,0.00073,0.00081
pca,machine-1-6,0,ramp,W1,30,64,R_fault,0.08065,0.08073,3.35606,3.32111,2.83238,2.6599,1.63616,1.49338,9.47087,29.83979,10.16705,0.0,0.0,0.0,30.0,0.0,0.07992,3.23672,2.6474,1.42653,1.03687,1.01053,1.02607,1.06484,1.0956,0.31739,0.34072,,0.0,-8e-05,0.00073,0.00081
pca,machine-1-6,0,ramp,W1,30,64,R_fault_rec,0.08008,0.08008,3.34552,3.34552,2.65357,2.65357,1.50605,1.50605,0.0,29.83979,13.00496,0.0,0.0,0.0,38.0,0.0,0.07992,3.23672,2.6474,1.42653,1.03362,1.0,1.03362,1.0,1.0,0.0,0.43583,,0.0,0.0,0.00016,0.00016
pca,machine-1-6,0,ramp,W1,38,0,R0,0.12598,0.10514,-0.56765,2.803,0.00456,2.28885,-0.51713,1.18423,92.94758,92.94758,0.0,0.0,0.0,0.0,0.0,0.0,0.10514,2.803,2.28885,1.18423,-0.20252,-0.20252,1.0,0.00199,-0.43668,1.0,0.0,,0.0,0.02083,0.02083,0.0
pca,machine-1-6,0,ramp,W1,38,0,R_all,0.08675,0.08675,2.35731,2.35731,2.19726,2.19726,0.96972,0.96972,0.0,92.94758,124.59635,0.0,0.0,0.0,38.0,0.0,0.10514,2.803,2.28885,1.18423,0.84099,1.0,0.84099,1.0,1.0,0.0,1.3405,,0.0,0.0,-0.01839,-0.01839
pca,machine-1-6,0,ramp,W1,38,0,R_fault,0.06665,0.09554,2.65006,2.83389,2.52693,2.48763,1.06569,1.19145,39.81782,92.94758,42.17071,0.0,0.0,0.0,30.0,0.0,0.10514,2.803,2.28885,1.18423,0.94543,0.93513,1.01102,1.0158,0.89445,0.42839,0.4537,,0.0,-0.02889,-0.03849,-0.0096
pca,machine-1-6,0,ramp,W1,38,0,R_fault_rec,0.08675,0.08675,2.35731,2.35731,2.19726,2.19726,0.96972,0.96972,0.0,92.94758,124.59635,0.0,0.0,0.0,38.0,0.0,0.10514,2.803,2.28885,1.18423,0.84099,1.0,0.84099,1.0,1.0,0.0,1.3405,,0.0,0.0,-0.01839,-0.01839
pca,machine-1-6,0,ramp,W1,38,64,R0,0.08236,0.07756,1.31529,3.34114,1.36038,2.72316,1.14207,1.48462,27.7499,27.7499,0.0,0.0,0.0,0.0,0.0,0.0,0.07756,3.34114,2.72316,1.48462,0.39367,0.39367,1.0,0.49956,0.76927,1.0,0.0,,0.0,0.0048,0.0048,0.0
pca,machine-1-6,0,ramp,W1,38,64,R_all,0.07821,0.07821,3.41794,3.41794,2.75333,2.75333,1.53774,1.53774,0.0,27.7499,10.77656,0.0,0.0,0.0,38.0,0.0,0.07756,3.34114,2.72316,1.48462,1.02298,1.0,1.02298,1.0,1.0,0.0,0.38835,,0.0,0.0,0.00065,0.00065
pca,machine-1-6,0,ramp,W1,38,64,R_fault,0.07861,0.07878,3.46665,3.40438,2.96087,2.75449,1.68924,1.53257,8.94576,27.7499,8.37996,0.0,0.0,0.0,30.0,0.0,0.07756,3.34114,2.72316,1.48462,1.03757,1.01829,1.01893,1.07492,1.10222,0.32237,0.30198,,0.0,-0.00016,0.00106,0.00122
pca,machine-1-6,0,ramp,W1,38,64,R_fault_rec,0.07821,0.07821,3.41794,3.41794,2.75333,2.75333,1.53774,1.53774,0.0,27.7499,10.77656,0.0,0.0,0.0,38.0,0.0,0.07756,3.34114,2.72316,1.48462,1.02298,1.0,1.02298,1.0,1.0,0.0,0.38835,,0.0,0.0,0.00065,0.00065
pca,machine-1-6,0,ramp,W1,46,0,R0,0.12378,0.10612,0.26807,2.8596,0.38796,2.31452,0.26528,1.21783,61.6648,61.6648,0.0,0.0,0.0,0.0,0.0,0.0,0.10612,2.8596,2.31452,1.21783,0.09374,0.09374,1.0,0.16762,0.21783,1.0,0.0,,0.0,0.01766,0.01766,0.0
pca,machine-1-6,0,ramp,W1,46,0,R_all,0.08675,0.08675,2.35731,2.35731,2.19726,2.19726,0.96972,0.96972,0.0,61.6648,124.7538,0.0,0.0,0.0,46.0,0.0,0.10612,2.8596,2.31452,1.21783,0.82435,1.0,0.82435,1.0,1.0,0.0,2.0231,,0.0,0.0,-0.01937,-0.01937
pca,machine-1-6,0,ramp,W1,46,0,R_fault,0.0966,0.10116,2.77396,2.84735,2.474,2.4178,1.22694,1.23275,19.24997,61.6648,33.71274,0.0,0.0,0.0,30.0,0.0,0.10612,2.8596,2.31452,1.21783,0.97005,0.97422,0.99572,1.02324,0.99529,0.31217,0.54671,,0.0,-0.00456,-0.00952,-0.00496
pca,machine-1-6,0,ramp,W1,46,0,R_fault_rec,0.12069,0.12069,2.83567,2.83567,2.41172,2.41172,1.19677,1.19677,0.0,61.6648,44.76158,0.0,0.0,0.0,38.0,0.0,0.10612,2.8596,2.31452,1.21783,0.99163,1.0,0.99163,1.0,1.0,0.0,0.72589,,0.0,0.0,0.01457,0.01457
pca,machine-1-6,0,ramp,W1,46,64,R0,0.07886,0.07397,1.41683,3.40538,1.49147,2.79444,1.21972,1.51714,26.76183,26.76183,0.0,0.0,0.0,0.0,0.0,0.0,0.07397,3.40538,2.79444,1.51714,0.41606,0.41606,1.0,0.53373,0.80396,1.0,0.0,,0.0,0.00488,0.00488,0.0
pca,machine-1-6,0,ramp,W1,46,64,R_all,0.0756,0.0756,3.4972,3.4972,2.81475,2.81475,1.58097,1.58097,0.0,26.76183,11.90705,0.0,0.0,0.0,46.0,0.0,0.07397,3.40538,2.79444,1.51714,1.02696,1.0,1.02696,1.0,1.0,0.0,0.44493,,0.0,0.0,0.00163,0.00163
pca,machine-1-6,0,ramp,W1,46,64,R_fault,0.07544,0.07536,3.54953,3.4474,3.0509,2.81426,1.73761,1.55386,8.75032,26.76183,7.75941,0.0,0.0,0.0,30.0,0.0,0.07397,3.40538,2.79444,1.51714,1.04233,1.02963,1.01234,1.08408,1.11825,0.32697,0.28994,,0.0,8e-05,0.00146,0.00138
pca,machine-1-6,0,ramp,W1,46,64,R_fault_rec,0.07544,0.07544,3.47431,3.47431,2.81108,2.81108,1.5679,1.5679,0.0,26.76183,9.77296,0.0,0.0,0.0,38.0,0.0,0.07397,3.40538,2.79444,1.51714,1.02024,1.0,1.02024,1.0,1.0,0.0,0.36518,,0.0,0.0,0.00146,0.00146
pca,machine-1-6,0,ramp,W2p_split_f0995,30,0,R0,0.07324,0.06795,1.19971,2.36867,1.2124,2.21352,0.19331,0.96917,28.02958,28.02958,0.0,3929.83253,3929.83253,0.0,0.0,0.0,0.06795,2.36867,2.21352,0.96917,0.50649,0.50649,1.0,0.54772,0.19945,1.0,0.0,1.0,0.0,0.00529,0.00529,0.0
pca,machine-1-6,0,ramp,W2p_split_f0995,30,0,R_all,0.10075,0.10075,2.16553,2.16553,2.068,2.068,0.87147,0.87147,0.0,28.02958,28.16387,0.0,3929.83253,0.0,30.0,0.0,0.06795,2.36867,2.21352,0.96917,0.91424,1.0,0.91424,1.0,1.0,0.0,1.00479,0.0,0.0,0.0,0.0328,0.0328
pca,machine-1-6,0,ramp,W2p_split_f0995,30,0,R_fault,0.10075,0.10075,2.16553,2.16553,2.068,2.068,0.87147,0.87147,0.0,28.02958,28.16387,0.0,3929.83253,0.0,30.0,0.0,0.06795,2.36867,2.21352,0.96917,0.91424,1.0,0.91424,1.0,1.0,0.0,1.00479,0.0,0.0,0.0,0.0328,0.0328
pca,machine-1-6,0,ramp,W2p_split_f0995,30,0,R_fault_rec,0.10075,0.10075,2.16553,2.16553,2.068,2.068,0.87147,0.87147,0.0,28.02958,28.16387,0.0,3929.83253,0.0,30.0,0.0,0.06795,2.36867,2.21352,0.96917,0.91424,1.0,0.91424,1.0,1.0,0.0,1.00479,0.0,0.0,0.0,0.0328,0.0328
pca,machine-1-6,0,ramp,W2p_split_f0995,30,64,R0,0.04093,0.04191,1.97723,2.72168,1.84058,2.45134,0.64089,1.1519,17.10852,17.10852,0.0,3021.82596,3021.82596,0.0,0.0,0.0,0.04191,2.72168,2.45134,1.1519,0.72647,0.72647,1.0,0.75084,0.55637,1.0,0.0,1.0,0.0,-0.00098,-0.00098,0.0
pca,machine-1-6,0,ramp,W2p_split_f0995,30,64,R_all,0.0481,0.0481,2.66295,2.67981,2.42569,2.43789,1.11853,1.13014,0.46434,17.10852,10.19916,361.8403,3021.82596,4.89338,30.0,0.0,0.04191,2.72168,2.45134,1.1519,0.97842,0.99371,0.98462,0.99499,0.98972,0.02714,0.59615,0.11974,0.28602,0.0,0.00618,0.00618
pca,machine-1-6,0,ramp,W2p_split_f0995,30,64,R_fault,0.0481,0.0481,2.66295,2.67981,2.42569,2.43789,1.11853,1.13014,0.46434,17.10852,10.19916,361.8403,3021.82596,4.89338,30.0,0.0,0.04191,2.72168,2.45134,1.1519,0.97842,0.99371,0.98462,0.99499,0.98972,0.02714,0.59615,0.11974,0.28602,0.0,0.00618,0.00618
pca,machine-1-6,0,ramp,W2p_split_f0995,30,64,R_fault_rec,0.05135,0.05135,2.65987,2.65987,2.42735,2.42735,1.12061,1.12061,0.0,17.10852,13.61868,0.0,3021.82596,6.09637,38.0,0.0,0.04191,2.72168,2.45134,1.1519,0.97729,1.0,0.97729,1.0,1.0,0.0,0.79602,0.0,0.35634,0.0,0.00944,0.00944
pca,machine-1-6,0,ramp,W2p_split_f0995,38,0,R0,0.0673,0.06266,1.28463,2.41303,1.2871,2.24644,0.23253,0.98979,26.51027,26.51027,0.0,4001.07715,4001.07715,0.0,0.0,0.0,0.06266,2.41303,2.24644,0.98979,0.53237,0.53237,1.0,0.57295,0.23492,1.0,0.0,1.0,0.0,0.00464,0.00464,0.0
pca,machine-1-6,0,ramp,W2p_split_f0995,38,0,R_all,0.10075,0.10075,2.16553,2.16553,2.068,2.068,0.87147,0.87147,0.0,26.51027,34.32321,0.0,4001.07715,0.0,38.0,0.0,0.06266,2.41303,2.24644,0.98979,0.89743,1.0,0.89743,1.0,1.0,0.0,1.29471,0.0,0.0,0.0,0.03809,0.03809
pca,machine-1-6,0,ramp,W2p_split_f0995,38,0,R_fault,0.08643,0.08512,2.17859,2.24578,2.07643,2.13139,0.86133,0.9084,1.25491,26.51027,24.31109,479.09807,4001.07715,1.27588,30.0,0.0,0.06266,2.41303,2.24644,0.98979,0.90284,0.97008,0.93069,0.97421,0.94819,0.04734,0.91704,0.11974,0.04813,0.0013,0.02376,0.02246
pca,machine-1-6,0,ramp,W2p_split_f0995,38,0,R_fault_rec,0.10075,0.10075,2.16553,2.16553,2.068,2.068,0.87147,0.87147,0.0,26.51027,34.32321,0.0,4001.07715,0.0,38.0,0.0,0.06266,2.41303,2.24644,0.98979,0.89743,1.0,0.89743,1.0,1.0,0.0,1.29471,0.0,0.0,0.0,0.03809,0.03809
pca,machine-1-6,0,ramp,W2p_split_f0995,38,64,R0,0.04061,0.04159,2.05959,2.76536,1.90288,2.47972,0.69014,1.1765,16.14932,16.14932,0.0,2903.04718,2903.04718,0.0,0.0,0.0,0.04159,2.76536,2.47972,1.1765,0.74478,0.74478,1.0,0.76738,0.58661,1.0,0.0,1.0,0.0,-0.00098,-0.00098,0.0
pca,machine-1-6,0,ramp,W2p_split_f0995,38,64,R_all,0.04972,0.04972,2.71668,2.71668,2.46483,2.46483,1.15179,1.15179,0.0,16.14932,12.2487,0.0,2903.04718,6.2448,38.0,0.0,0.04159,2.76536,2.47972,1.1765,0.9824,1.0,0.9824,1.0,1.0,0.0,0.75847,0.0,0.38669,0.0,0.00814,0.00814
pca,machine-1-6,0,ramp,W2p_split_f0995,38,64,R_fault,0.04744,0.04704,2.71899,2.73274,2.46279,2.47247,1.15002,1.15945,0.41203,16.14932,9.23347,347.61746,2903.04718,4.96443,30.0,0.0,0.04159,2.76536,2.47972,1.1765,0.98323,0.99497,0.98821,0.99609,0.99187,0.02551,0.57176,0.11974,0.30741,0.00041,0.00586,0.00545
pca,machine-1-6,0,ramp,W2p_split_f0995,38,64,R_fault_rec,0.04972,0.04972,2.71668,2.71668,2.46483,2.46483,1.15179,1.15179,0.0,16.14932,12.2487,0.0,2903.04718,6.2448,38.0,0.0,0.04159,2.76536,2.47972,1.1765,0.9824,1.0,0.9824,1.0,1.0,0.0,0.75847,0.0,0.38669,0.0,0.00814,0.00814
pca,machine-1-6,0,ramp,W2p_split_f0995,46,0,R0,0.06144,0.05924,1.39974,2.45587,1.38508,2.27802,0.30077,1.01093,24.79135,24.79135,0.0,3843.80699,3843.80699,0.0,0.0,0.0,0.05924,2.45587,2.27802,1.01093,0.56996,0.56996,1.0,0.60802,0.29752,1.0,0.0,1.0,0.0,0.0022,0.0022,0.0
pca,machine-1-6,0,ramp,W2p_split_f0995,46,0,R_all,0.10075,0.10075,2.16553,2.16553,2.068,2.068,0.87147,0.87147,0.0,24.79135,40.05627,0.0,3843.80699,0.0,46.0,0.0,0.05924,2.45587,2.27802,1.01093,0.88178,1.0,0.88178,1.0,1.0,0.0,1.61574,0.0,0.0,0.0,0.0415,0.0415
pca,machine-1-6,0,ramp,W2p_split_f0995,46,0,R_fault,0.07747,0.07552,2.26244,2.31736,2.14353,2.18767,0.9045,0.94285,1.07017,24.79135,21.15163,460.26618,3843.80699,2.33556,30.0,0.0,0.05924,2.45587,2.27802,1.01093,0.92124,0.9763,0.9436,0.97982,0.95932,0.04317,0.85319,0.11974,0.09421,0.00195,0.01823,0.01628
pca,machine-1-6,0,ramp,W2p_split_f0995,46,0,R_fault_rec,0.08512,0.08512,2.25249,2.25249,2.13812,2.13812,0.9128,0.9128,0.0,24.79135,29.57494,0.0,3843.80699,1.81793,38.0,0.0,0.05924,2.45587,2.27802,1.01093,0.91719,1.0,0.91719,1.0,1.0,0.0,1.19295,0.0,0.07333,0.0,0.02588,0.02588
pca,machine-1-6,0,ramp,W2p_split_f0995,46,64,R0,0.0402,0.04085,2.13947,2.80971,1.9619,2.50805,0.7377,1.20157,15.25718,15.25718,0.0,2788.93723,2788.93723,0.0,0.0,0.0,0.04085,2.80971,2.50805,1.20157,0.76146,0.76146,1.0,0.78224,0.61395,1.0,0.0,1.0,0.0,-0.00065,-0.00065,0.0
pca,machine-1-6,0,ramp,W2p_split_f0995,46,64,R_all,0.05013,0.05013,2.75578,2.75578,2.49301,2.49301,1.17398,1.17398,0.0,15.25718,14.19553,0.0,2788.93723,7.60533,46.0,0.0,0.04085,2.80971,2.50805,1.20157,0.9808,1.0,0.9808,1.0,1.0,0.0,0.93042,0.0,0.49848,0.0,0.00928,0.00928
pca,machine-1-6,0,ramp,W2p_split_f0995,46,64,R_fault,0.04525,0.04492,2.77399,2.78519,2.49818,2.50586,1.18103,1.18866,0.36999,15.25718,8.43686,333.95368,2788.93723,4.98292,30.0,0.0,0.04085,2.80971,2.50805,1.20157,0.98729,0.99598,0.99127,0.99694,0.99358,0.02425,0.55298,0.11974,0.3266,0.00033,0.00439,0.00407
pca,machine-1-6,0,ramp,W2p_split_f0995,46,64,R_fault_rec,0.04761,0.04761,2.77243,2.77243,2.50053,2.50053,1.1826,1.1826,0.0,15.25718,11.12391,0.0,2788.93723,6.31316,38.0,0.0,0.04085,2.80971,2.50805,1.20157,0.98673,1.0,0.98673,1.0,1.0,0.0,0.72909,0.0,0.41378,0.0,0.00675,0.00675
pca,machine-1-6,0,ramp,W3_b01,30,0,R0,0.16048,0.08504,-1.14681,3.06537,-0.65185,2.67037,-1.12904,1.36563,77.72346,77.72346,0.0,144.84859,144.84859,0.0,0.0,30.0,0.08504,3.06537,2.67037,1.36563,-0.37412,-0.37412,1.0,-0.24411,-0.82676,1.0,0.0,1.0,0.0,0.07544,0.07544,0.0
pca,machine-1-6,0,ramp,W3_b01,30,0,R_all,0.23934,0.23934,2.35097,2.35097,2.15514,2.15514,0.96905,0.96905,0.0,77.72346,59.82129,0.0,144.84859,0.0,30.0,0.0,0.08504,3.06537,2.67037,1.36563,0.76695,1.0,0.76695,1.0,1.0,0.0,0.76967,0.0,0.0,0.0,0.1543,0.1543
pca,machine-1-6,0,ramp,W3_b01,30,0,R_fault,0.23934,0.23934,2.35097,2.35097,2.15514,2.15514,0.96905,0.96905,0.0,77.72346,59.82129,0.0,144.84859,0.0,30.0,0.0,0.08504,3.06537,2.67037,1.36563,0.76695,1.0,0.76695,1.0,1.0,0.0,0.76967,0.0,0.0,0.0,0.1543,0.1543
pca,machine-1-6,0,ramp,W3_b01,30,0,R_fault_rec,0.23934,0.23934,2.35097,2.35097,2.15514,2.15514,0.96905,0.96905,0.0,77.72346,59.82129,0.0,144.84859,0.0,30.0,0.0,0.08504,3.06537,2.67037,1.36563,0.76695,1.0,0.76695,1.0,1.0,0.0,0.76967,0.0,0.0,0.0,0.1543,0.1543
pca,machine-1-6,0,ramp,W3_b01,30,64,R0,0.07178,0.06942,2.24181,3.32552,2.03197,2.92691,0.90779,1.53851,15.6099,15.6099,0.0,90.40124,90.40124,0.0,0.0,94.0,0.06942,3.32552,2.92691,1.53851,0.67412,0.67412,1.0,0.69424,0.59004,1.0,0.0,1.0,0.0,0.00236,0.00236,0.0
pca,machine-1-6,0,ramp,W3_b01,30,64,R_all,0.06852,0.06779,3.21034,3.31335,2.82604,2.92581,1.45779,1.53107,5.10749,15.6099,3.81451,30.58785,90.40124,0.0,30.0,64.0,0.06942,3.32552,2.92691,1.53851,0.96536,0.96891,0.99634,0.9659,0.95214,0.3272,0.24436,0.33836,0.0,0.00073,-0.0009,-0.00163
pca,machine-1-6,0,ramp,W3_b01,30,64,R_fault,0.06852,0.06779,3.21034,3.31335,2.82604,2.92581,1.45779,1.53107,5.10749,15.6099,3.81451,30.58785,90.40124,0.0,30.0,64.0,0.06942,3.32552,2.92691,1.53851,0.96536,0.96891,0.99634,0.9659,0.95214,0.3272,0.24436,0.33836,0.0,0.00073,-0.0009,-0.00163
pca,machine-1-6,0,ramp,W3_b01,30,64,R_fault_rec,0.06836,0.06836,3.30764,3.30764,2.91971,2.91971,1.52659,1.52659,0.0,15.6099,4.3044,0.0,90.40124,0.0,38.0,56.0,0.06942,3.32552,2.92691,1.53851,0.99463,1.0,0.99463,1.0,1.0,0.0,0.27575,0.0,0.0,0.0,-0.00106,-0.00106
pca,machine-1-6,0,ramp,W3_b01,38,0,R0,0.10824,0.07511,0.29082,3.14406,0.48517,2.73181,-0.57957,1.41177,50.04007,50.04007,0.0,111.15368,111.15368,0.0,0.0,38.0,0.07511,3.14406,2.73181,1.41177,0.0925,0.0925,1.0,0.1776,-0.41053,1.0,0.0,1.0,0.0,0.03312,0.03312,0.0
pca,machine-1-6,0,ramp,W3_b01,38,0,R_all,0.23934,0.23934,2.35097,2.35097,2.15514,2.15514,0.96905,0.96905,0.0,50.04007,64.6261,0.0,111.15368,0.0,38.0,0.0,0.07511,3.14406,2.73181,1.41177,0.74775,1.0,0.74775,1.0,1.0,0.0,1.29149,0.0,0.0,0.0,0.16423,0.16423
pca,machine-1-6,0,ramp,W3_b01,38,0,R_fault,0.14274,0.13306,2.46926,2.79311,2.20848,2.48194,0.93318,1.20213,11.88065,50.04007,34.43382,33.82232,111.15368,0.0,30.0,8.0,0.07511,3.14406,2.73181,1.41177,0.78537,0.88405,0.88838,0.88982,0.77627,0.23742,0.68812,0.30428,0.0,0.00968,0.06763,0.05794
pca,machine-1-6,0,ramp,W3_b01,38,0,R_fault_rec,0.23934,0.23934,2.35097,2.35097,2.15514,2.15514,0.96905,0.96905,0.0,50.04007,64.6261,0.0,111.15368,0.0,38.0,0.0,0.07511,3.14406,2.73181,1.41177,0.74775,1.0,0.74775,1.0,1.0,0.0,1.29149,0.0,0.0,0.0,0.16423,0.16423
pca,machine-1-6,0,ramp,W3_b01,38,64,R0,0.06689,0.06453,2.34045,3.41358,2.09578,2.9817,0.9681,1.59282,15.24586,15.24586,0.0,90.04043,90.04043,0.0,0.0,102.0,0.06453,3.41358,2.9817,1.59282,0.68563,0.68563,1.0,0.70288,0.60779,1.0,0.0,1.0,0.0,0.00236,0.00236,0.0
pca,machine-1-6,0,ramp,W3_b01,38,64,R_all,0.06421,0.06421,3.39616,3.39616,2.97727,2.97727,1.58072,1.58072,0.0,15.24586,3.94452,0.0,90.04043,0.0,38.0,64.0,0.06453,3.41358,2.9817,1.59282,0.99489,1.0,0.99489,1.0,1.0,0.0,0.25873,0.0,0.0,0.0,-0.00033,-0.00033
pca,machine-1-6,0,ramp,W3_b01,38,64,R_fault,0.06388,0.0638,3.29809,3.40082,2.88201,2.98139,1.51186,1.58443,5.10891,15.24586,3.55896,30.47441,90.04043,0.0,30.0,72.0,0.06453,3.41358,2.9817,1.59282,0.96617,0.96979,0.99626,0.96667,0.9542,0.3351,0.23344,0.33845,0.0,8e-05,-0.00065,-0.00073
pca,machine-1-6,0,ramp,W3_b01,38,64,R_fault_rec,0.06421,0.06421,3.39616,3.39616,2.97727,2.97727,1.58072,1.58072,0.0,15.24586,3.94452,0.0,90.04043,0.0,38.0,64.0,0.06453,3.41358,2.9817,1.59282,0.99489,1.0,0.99489,1.0,1.0,0.0,0.25873,0.0,0.0,0.0,-0.00033,-0.00033
pca,machine-1-6,0,ramp,W3_b01,46,0,R0,0.08976,0.07292,1.12523,3.19289,1.1266,2.77977,-0.00805,1.4423,33.38246,33.38246,0.0,99.29889,99.29889,0.0,0.0,46.0,0.07292,3.19289,2.77977,1.4423,0.35242,0.35242,1.0,0.40529,-0.00558,1.0,0.0,1.0,0.0,0.01685,0.01685,0.0
pca,machine-1-6,0,ramp,W3_b01,46,0,R_all,0.23934,0.23934,2.35097,2.35097,2.15514,2.15514,0.96905,0.96905,0.0,33.38246,68.22513,0.0,99.29889,0.0,46.0,0.0,0.07292,3.19289,2.77977,1.4423,0.73632,1.0,0.73632,1.0,1.0,0.0,2.04374,0.0,0.0,0.0,0.16642,0.16642
pca,machine-1-6,0,ramp,W3_b01,46,0,R_fault,0.11019,0.10815,2.77726,3.01716,2.44747,2.65299,1.12738,1.3332,8.62144,33.38246,20.24436,32.09503,99.29889,0.0,30.0,16.0,0.07292,3.19289,2.77977,1.4423,0.86983,0.92049,0.94496,0.92253,0.84562,0.25826,0.60644,0.32322,0.0,0.00203,0.03727,0.03524
pca,machine-1-6,0,ramp,W3_b01,46,0,R_fault_rec,0.15698,0.15698,2.7948,2.7948,2.49188,2.49188,1.20404,1.20404,0.0,33.38246,37.40159,0.0,99.29889,0.0,38.0,8.0,0.07292,3.19289,2.77977,1.4423,0.87532,1.0,0.87532,1.0,1.0,0.0,1.1204,0.0,0.0,0.0,0.08407,0.08407
pca,machine-1-6,0,ramp,W3_b01,46,64,R0,0.06445,0.05949,2.38143,3.46019,2.14508,3.0381,0.99436,1.62385,14.8697,14.8697,0.0,89.8095,89.8095,0.0,0.0,110.0,0.05949,3.46019,3.0381,1.62385,0.68824,0.68824,1.0,0.70606,0.61235,1.0,0.0,1.0,0.0,0.00496,0.00496,0.0
pca,machine-1-6,0,ramp,W3_b01,46,64,R_all,0.05811,0.05811,3.44488,3.44488,3.03249,3.03249,1.61135,1.61135,0.0,14.8697,4.12836,0.0,89.8095,0.0,46.0,64.0,0.05949,3.46019,3.0381,1.62385,0.99558,1.0,0.99558,1.0,1.0,0.0,0.27764,0.0,0.0,0.0,-0.00138,-0.00138
pca,machine-1-6,0,ramp,W3_b01,46,64,R_fault,0.05876,0.05664,3.34539,3.44758,2.93929,3.03807,1.54424,1.6153,4.97574,14.8697,3.31963,30.39863,89.8095,0.0,30.0,80.0,0.05949,3.46019,3.0381,1.62385,0.96682,0.97036,0.99636,0.96749,0.95601,0.33462,0.22325,0.33848,0.0,0.00212,-0.00073,-0.00285
pca,machine-1-6,0,ramp,W3_b01,46,64,R_fault_rec,0.05778,0.05778,3.44352,3.44352,3.03422,3.03422,1.61166,1.61166,0.0,14.8697,3.62078,0.0,89.8095,0.0,38.0,72.0,0.05949,3.46019,3.0381,1.62385,0.99518,1.0,0.99518,1.0,1.0,0.0,0.2435,0.0,0.0,0.0,-0.00171,-0.00171
pca,machine-1-6,0,ramp,W3_b05,30,0,R0,0.13965,0.07039,-2.33533,3.01543,-1.61339,2.60194,-1.67767,1.34971,122.21865,122.21865,0.0,222.87005,222.87005,0.0,0.0,30.0,0.07039,3.01543,2.60194,1.34971,-0.77446,-0.77446,1.0,-0.62007,-1.24299,1.0,0.0,1.0,0.0,0.06925,0.06925,0.0
pca,machine-1-6,0,ramp,W3_b05,30,0,R_all,0.17464,0.17464,2.044,2.044,1.93341,1.93341,0.80369,0.80369,0.0,122.21865,106.65189,0.0,222.87005,0.0,30.0,0.0,0.07039,3.01543,2.60194,1.34971,0.67785,1.0,0.67785,1.0,1.0,0.0,0.87263,0.0,0.0,0.0,0.10425,0.10425
pca,machine-1-6,0,ramp,W3_b05,30,0,R_fault,0.17464,0.17464,2.044,2.044,1.93341,1.93341,0.80369,0.80369,0.0,122.21865,106.65189,0.0,222.87005,0.0,30.0,0.0,0.07039,3.01543,2.60194,1.34971,0.67785,1.0,0.67785,1.0,1.0,0.0,0.87263,0.0,0.0,0.0,0.10425,0.10425
pca,machine-1-6,0,ramp,W3_b05,30,0,R_fault_rec,0.17464,0.17464,2.044,2.044,1.93341,1.93341,0.80369,0.80369,0.0,122.21865,106.65189,0.0,222.87005,0.0,30.0,0.0,0.07039,3.01543,2.60194,1.34971,0.67785,1.0,0.67785,1.0,1.0,0.0,0.87263,0.0,0.0,0.0,0.10425,0.10425
pca,machine-1-6,0,ramp,W3_b05,30,64,R0,0.1512,0.14266,3.56419,3.15821,3.12203,2.73787,1.76235,1.49668,19.79514,19.79514,0.0,140.79171,140.79171,0.0,0.0,94.0,0.14266,3.15821,2.73787,1.49668,1.12855,1.12855,1.0,1.14031,1.17751,1.0,0.0,1.0,0.0,0.00854,0.00854,0.0
pca,machine-1-6,0,ramp,W3_b05,30,64,R_all,0.14583,0.14201,3.09252,3.16903,2.64064,2.75298,1.4994,1.50958,17.57625,19.79514,11.53967,100.98712,140.79171,0.0,30.0,64.0,0.14266,3.15821,2.73787,1.49668,0.9792,0.97586,1.00343,0.95919,0.99325,0.88791,0.58295,0.71728,0.0,0.00382,0.00317,-0.00065
pca,machine-1-6,0,ramp,W3_b05,30,64,R_fault,0.14583,0.14201,3.09252,3.16903,2.64064,2.75298,1.4994,1.50958,17.57625,19.79514,11.53967,100.98712,140.79171,0.0,30.0,64.0,0.14266,3.15821,2.73787,1.49668,0.9792,0.97586,1.00343,0.95919,0.99325,0.88791,0.58295,0.71728,0.0,0.00382,0.00317,-0.00065
pca,machine-1-6,0,ramp,W3_b05,30,64,R_fault_rec,0.14282,0.14282,3.15354,3.15354,2.73904,2.73904,1.5015,1.5015,0.0,19.79514,12.53617,0.0,140.79171,0.0,38.0,56.0,0.14266,3.15821,2.73787,1.49668,0.99852,1.0,0.99852,1.0,1.0,0.0,0.6333,0.0,0.0,0.0,0.00016,0.00016
pca,machine-1-6,0,ramp,W3_b05,38,0,R0,0.06201,0.06641,2.27147,3.22121,2.09837,2.72586,0.48367,1.46753,44.40147,44.40147,0.0,163.41008,163.41008,0.0,0.0,38.0,0.06641,3.22121,2.72586,1.46753,0.70516,0.70516,1.0,0.7698,0.32958,1.0,0.0,1.0,0.0,-0.00439,-0.00439,0.0
pca,machine-1-6,0,ramp,W3_b05,38,0,R_all,0.17464,0.17464,2.044,2.044,1.93341,1.93341,0.80369,0.80369,0.0,44.40147,109.44516,0.0,163.41008,0.0,38.0,0.0,0.06641,3.22121,2.72586,1.46753,0.63454,1.0,0.63454,1.0,1.0,0.0,2.4649,0.0,0.0,0.0,0.10824,0.10824
pca,machine-1-6,0,ramp,W3_b05,38,0,R_fault,0.06527,0.06079,2.59851,3.23556,2.22704,2.74668,0.9305,1.4797,33.98767,44.40147,18.21272,113.73225,163.41008,0.0,30.0,8.0,0.06641,3.22121,2.72586,1.46753,0.80669,0.80311,1.00445,0.81081,0.62884,0.76546,0.41018,0.69599,0.0,0.00448,-0.00114,-0.00562
pca,machine-1-6,0,ramp,W3_b05,38,0,R_fault_rec,0.17464,0.17464,2.044,2.044,1.93341,1.93341,0.80369,0.80369,0.0,44.40147,109.44516,0.0,163.41008,0.0,38.0,0.0,0.06641,3.22121,2.72586,1.46753,0.63454,1.0,0.63454,1.0,1.0,0.0,2.4649,0.0,0.0,0.0,0.10824,0.10824
pca,machine-1-6,0,ramp,W3_b05,38,64,R0,0.08439,0.08024,3.90513,3.50735,3.32076,2.93471,1.93163,1.67643,18.84681,18.84681,0.0,139.27553,139.27553,0.0,0.0,102.0,0.08024,3.50735,2.93471,1.67643,1.11341,1.11341,1.0,1.13155,1.15223,1.0,0.0,1.0,0.0,0.00415,0.00415,0.0
pca,machine-1-6,0,ramp,W3_b05,38,64,R_all,0.08065,0.08065,3.48278,3.48278,2.91944,2.91944,1.66234,1.66234,0.0,18.84681,10.70315,0.0,139.27553,0.0,38.0,64.0,0.08024,3.50735,2.93471,1.67643,0.99299,1.0,0.99299,1.0,1.0,0.0,0.5679,0.0,0.0,0.0,0.00041,0.00041
pca,machine-1-6,0,ramp,W3_b05,38,64,R_fault,0.08325,0.07935,3.38792,3.505,2.80884,2.94389,1.62727,1.67778,16.69374,18.84681,10.14625,100.12079,139.27553,0.0,30.0,72.0,0.08024,3.50735,2.93471,1.67643,0.96595,0.9666,0.99933,0.95412,0.96989,0.88576,0.53835,0.71887,0.0,0.00391,0.00301,-0.0009
pca,machine-1-6,0,ramp,W3_b05,38,64,R_fault_rec,0.08065,0.08065,3.48278,3.48278,2.91944,2.91944,1.66234,1.66234,0.0,18.84681,10.70315,0.0,139.27553,0.0,38.0,64.0,0.08024,3.50735,2.93471,1.67643,0.99299,1.0,0.99299,1.0,1.0,0.0,0.5679,0.0,0.0,0.0,0.00041,0.00041
pca,machine-1-6,0,ramp,W3_b05,46,0,R0,0.11751,0.1106,3.45807,3.23119,3.0426,2.78032,1.57405,1.49433,22.66443,22.66443,0.0,152.37681,152.37681,0.0,0.0,46.0,0.1106,3.23119,2.78032,1.49433,1.07022,1.07022,1.0,1.09433,1.05335,1.0,0.0,1.0,0.0,0.00692,0.00692,0.0
pca,machine-1-6,0,ramp,W3_b05,46,0,R_all,0.17464,0.17464,2.044,2.044,1.93341,1.93341,0.80369,0.80369,0.0,22.66443,113.68448,0.0,152.37681,0.0,46.0,0.0,0.1106,3.23119,2.78032,1.49433,0.63258,1.0,0.63258,1.0,1.0,0.0,5.01599,0.0,0.0,0.0,0.06405,0.06405
pca,machine-1-6,0,ramp,W3_b05,46,0,R_fault,0.10636,0.10661,3.00584,3.22236,2.58366,2.79405,1.3348,1.4942,19.34636,22.66443,13.82507,106.67831,152.37681,0.0,30.0,16.0,0.1106,3.23119,2.78032,1.49433,0.93026,0.93281,0.99727,0.9247,0.89332,0.8536,0.60999,0.7001,0.0,-0.00024,-0.00423,-0.00399
pca,machine-1-6,0,ramp,W3_b05,46,0,R_fault_rec,0.10645,0.10645,3.19002,3.19002,2.75758,2.75758,1.47118,1.47118,0.0,22.66443,18.79743,0.0,152.37681,0.0,38.0,8.0,0.1106,3.23119,2.78032,1.49433,0.98726,1.0,0.98726,1.0,1.0,0.0,0.82938,0.0,0.0,0.0,-0.00415,-0.00415
pca,machine-1-6,0,ramp,W3_b05,46,64,R0,0.08936,0.08374,3.8387,3.48702,3.37471,3.02847,1.8877,1.66461,18.09236,18.09236,0.0,138.12113,138.12113,0.0,0.0,110.0,0.08374,3.48702,3.02847,1.66461,1.10086,1.10086,1.0,1.11433,1.13402,1.0,0.0,1.0,0.0,0.00562,0.00562,0.0
pca,machine-1-6,0,ramp,W3_b05,46,64,R_all,0.08431,0.08431,3.452,3.452,2.99477,2.99477,1.64031,1.64031,0.0,18.09236,12.25718,0.0,138.12113,0.0,46.0,64.0,0.08374,3.48702,3.02847,1.66461,0.98996,1.0,0.98996,1.0,1.0,0.0,0.67748,0.0,0.0,0.0,0.00057,0.00057
pca,machine-1-6,0,ramp,W3_b05,46,64,R_fault,0.08683,0.08455,3.37889,3.47798,2.91341,3.03436,1.63781,1.66352,16.23668,18.09236,10.14186,99.57817,138.12113,0.0,30.0,80.0,0.08374,3.48702,3.02847,1.66461,0.96899,0.97151,0.99741,0.96014,0.98455,0.89743,0.56056,0.72095,0.0,0.00228,0.00309,0.00081
pca,machine-1-6,0,ramp,W3_b05,46,64,R_fault_rec,0.08521,0.08521,3.46929,3.46929,3.0182,3.0182,1.66018,1.66018,0.0,18.09236,10.39511,0.0,138.12113,0.0,38.0,72.0,0.08374,3.48702,3.02847,1.66461,0.99492,1.0,0.99492,1.0,1.0,0.0,0.57456,0.0,0.0,0.0,0.00146,0.00146
pca,machine-2-7,0,level,W1,30,0,R0,0.32943,0.12915,-3.29601,3.11469,-2.77261,2.72457,-2.45193,1.43289,138.18997,138.18997,0.0,0.0,0.0,0.0,0.0,0.0,0.12915,3.11469,2.72457,1.43289,-1.05821,-1.05821,1.0,-1.01763,-1.71118,1.0,0.0,,0.0,0.20028,0.20028,0.0
pca,machine-2-7,0,level,W1,30,0,R_all,0.23454,0.23454,2.24488,2.24488,1.93339,1.93339,0.97967,0.97967,0.0,138.18997,174.34185,0.0,0.0,0.0,30.0,0.0,0.12915,3.11469,2.72457,1.43289,0.72074,1.0,0.72074,1.0,1.0,0.0,1.26161,,0.0,0.0,0.10539,0.10539
pca,machine-2-7,0,level,W1,30,0,R_fault,0.23454,0.23454,2.24488,2.24488,1.93339,1.93339,0.97967,0.97967,0.0,138.18997,174.34185,0.0,0.0,0.0,30.0,0.0,0.12915,3.11469,2.72457,1.43289,0.72074,1.0,0.72074,1.0,1.0,0.0,1.26161,,0.0,0.0,0.10539,0.10539
pca,machine-2-7,0,level,W1,30,0,R_fault_rec,0.23454,0.23454,2.24488,2.24488,1.93339,1.93339,0.97967,0.97967,0.0,138.18997,174.34185,0.0,0.0,0.0,30.0,0.0,0.12915,3.11469,2.72457,1.43289,0.72074,1.0,0.72074,1.0,1.0,0.0,1.26161,,0.0,0.0,0.10539,0.10539
pca,machine-2-7,0,level,W1,30,64,R0,0.08683,0.09928,0.7659,3.39759,0.52045,2.96545,0.85897,1.61882,34.19105,34.19105,0.0,0.0,0.0,0.0,0.0,0.0,0.09928,3.39759,2.96545,1.61882,0.22542,0.22542,1.0,0.1755,0.53061,1.0,0.0,,0.0,-0.01245,-0.01245,0.0
pca,machine-2-7,0,level,W1,30,64,R_all,0.08748,0.08936,3.44411,3.30841,2.90066,2.92507,1.59494,1.53768,10.39266,34.19105,12.19067,0.0,0.0,0.0,30.0,0.0,0.09928,3.39759,2.96545,1.61882,1.01369,1.04101,0.97375,0.99166,1.03723,0.30396,0.35655,,0.0,-0.00187,-0.0118,-0.00993
pca,machine-2-7,0,level,W1,30,64,R_fault,0.08748,0.08936,3.44411,3.30841,2.90066,2.92507,1.59494,1.53768,10.39266,34.19105,12.19067,0.0,0.0,0.0,30.0,0.0,0.09928,3.39759,2.96545,1.61882,1.01369,1.04101,0.97375,0.99166,1.03723,0.30396,0.35655,,0.0,-0.00187,-0.0118,-0.00993
pca,machine-2-7,0,level,W1,30,64,R_fault_rec,0.08773,0.08773,3.31201,3.31201,2.93319,2.93319,1.54283,1.54283,0.0,34.19105,16.81612,0.0,0.0,0.0,38.0,0.0,0.09928,3.39759,2.96545,1.61882,0.97481,1.0,0.97481,1.0,1.0,0.0,0.49183,,0.0,0.0,-0.01156,-0.01156
pca,machine-2-7,0,level,W1,38,0,R0,0.17521,0.12223,-1.37794,3.19061,-1.15797,2.75998,-1.01573,1.49079,91.37876,91.37876,0.0,0.0,0.0,0.0,0.0,0.0,0.12223,3.19061,2.75998,1.49079,-0.43187,-0.43187,1.0,-0.41956,-0.68134,1.0,0.0,,0.0,0.05298,0.05298,0.0
pca,machine-2-7,0,level,W1,38,0,R_all,0.23454,0.23454,2.24488,2.24488,1.93339,1.93339,0.97967,0.97967,0.0,91.37876,173.74616,0.0,0.0,0.0,38.0,0.0,0.12223,3.19061,2.75998,1.49079,0.70359,1.0,0.70359,1.0,1.0,0.0,1.90138,,0.0,0.0,0.1123,0.1123
pca,machine-2-7,0,level,W1,38,0,R_fault,0.11702,0.11784,3.32169,3.22113,2.72695,2.77473,1.58017,1.49225,13.04943,91.37876,24.74266,0.0,0.0,0.0,30.0,0.0,0.12223,3.19061,2.75998,1.49079,1.04108,1.03122,1.00956,0.98278,1.05892,0.14281,0.27077,,0.0,-0.00081,-0.00521,-0.00439
pca,machine-2-7,0,level,W1,38,0,R_fault_rec,0.23454,0.23454,2.24488,2.24488,1.93339,1.93339,0.97967,0.97967,0.0,91.37876,173.74616,0.0,0.0,0.0,38.0,0.0,0.12223,3.19061,2.75998,1.49079,0.70359,1.0,0.70359,1.0,1.0,0.0,1.90138,,0.0,0.0,0.1123,0.1123
pca,machine-2-7,0,level,W1,38,64,R0,0.08651,0.09733,0.85772,3.4372,0.55885,3.00312,0.93547,1.64546,33.24675,33.24675,0.0,0.0,0.0,0.0,0.0,0.0,0.09733,3.4372,3.00312,1.64546,0.24954,0.24954,1.0,0.18609,0.56852,1.0,0.0,,0.0,-0.01082,-0.01082,0.0
pca,machine-2-7,0,level,W1,38,64,R_all,0.0874,0.0874,3.37339,3.37339,2.98723,2.98723,1.58791,1.58791,0.0,33.24675,15.73879,0.0,0.0,0.0,38.0,0.0,0.09733,3.4372,3.00312,1.64546,0.98144,1.0,0.98144,1.0,1.0,0.0,0.47339,,0.0,0.0,-0.00993,-0.00993
pca,machine-2-7,0,level,W1,38,64,R_fault,0.08716,0.08903,3.52363,3.36098,2.93819,2.97173,1.65843,1.58133,10.21718,33.24675,11.32571,0.0,0.0,0.0,30.0,0.0,0.09733,3.4372,3.00312,1.64546,1.02515,1.0484,0.97782,0.98871,1.04876,0.30731,0.34066,,0.0,-0.00187,-0.01017,-0.0083
pca,machine-2-7,0,level,W1,38,64,R_fault_rec,0.0874,0.0874,3.37339,3.37339,2.98723,2.98723,1.58791,1.58791,0.0,33.24675,15.73879,0.0,0.0,0.0,38.0,0.0,0.09733,3.4372,3.00312,1.64546,0.98144,1.0,0.98144,1.0,1.0,0.0,0.47339,,0.0,0.0,-0.00993,-0.00993
pca,machine-2-7,0,level,W1,46,0,R0,0.12671,0.11629,0.03388,3.28147,-0.07158,2.86857,0.2771,1.5758,48.10598,48.10598,0.0,0.0,0.0,0.0,0.0,0.0,0.11629,3.28147,2.86857,1.5758,0.01032,0.01032,1.0,-0.02495,0.17585,1.0,0.0,,0.0,0.01042,0.01042,0.0
pca,machine-2-7,0,level,W1,46,0,R_all,0.23454,0.23454,2.24488,2.24488,1.93339,1.93339,0.97967,0.97967,0.0,48.10598,173.5237,0.0,0.0,0.0,46.0,0.0,0.11629,3.28147,2.86857,1.5758,0.68411,1.0,0.68411,1.0,1.0,0.0,3.60711,,0.0,0.0,0.11825,0.11825
pca,machine-2-7,0,level,W1,46,0,R_fault,0.11434,0.11548,2.98492,3.19378,2.55219,2.77105,1.26062,1.49094,15.8244,48.10598,20.59452,0.0,0.0,0.0,30.0,0.0,0.11629,3.28147,2.86857,1.5758,0.90963,0.93461,0.97328,0.92102,0.84552,0.32895,0.42811,,0.0,-0.00114,-0.00195,-0.00081
pca,machine-2-7,0,level,W1,46,0,R_fault_rec,0.12183,0.12183,2.90671,2.90671,2.31992,2.31992,1.32971,1.32971,0.0,48.10598,33.84919,0.0,0.0,0.0,38.0,0.0,0.11629,3.28147,2.86857,1.5758,0.8858,1.0,0.8858,1.0,1.0,0.0,0.70364,,0.0,0.0,0.00553,0.00553
pca,machine-2-7,0,level,W1,46,64,R0,0.08382,0.09261,1.04071,3.55481,0.63801,3.03587,1.08158,1.71804,31.82099,31.82099,0.0,0.0,0.0,0.0,0.0,0.0,0.09261,3.55481,3.03587,1.71804,0.29276,0.29276,1.0,0.21016,0.62954,1.0,0.0,,0.0,-0.00879,-0.00879,0.0
pca,machine-2-7,0,level,W1,46,64,R_all,0.08032,0.08032,3.50559,3.50559,3.01985,3.01985,1.69589,1.69589,0.0,31.82099,22.22809,0.0,0.0,0.0,46.0,0.0,0.09261,3.55481,3.03587,1.71804,0.98615,1.0,0.98615,1.0,1.0,0.0,0.69854,,0.0,0.0,-0.01229,-0.01229
pca,machine-2-7,0,level,W1,46,64,R_fault,0.08439,0.08577,3.68966,3.48037,3.01269,3.01978,1.78736,1.66395,9.79398,31.82099,10.20447,0.0,0.0,0.0,30.0,0.0,0.09261,3.55481,3.03587,1.71804,1.03793,1.06013,0.97906,0.99765,1.07417,0.30778,0.32068,,0.0,-0.00138,-0.00822,-0.00684
pca,machine-2-7,0,level,W1,46,64,R_fault_rec,0.08464,0.08464,3.51964,3.51964,3.04486,3.04486,1.69301,1.69301,0.0,31.82099,14.17144,0.0,0.0,0.0,38.0,0.0,0.09261,3.55481,3.03587,1.71804,0.99011,1.0,0.99011,1.0,1.0,0.0,0.44535,,0.0,0.0,-0.00798,-0.00798
pca,machine-2-7,0,level,W2p_split_f0995,30,0,R0,0.0354,0.03166,0.64628,2.28726,0.66196,2.24851,-0.19597,0.92334,37.67214,37.67214,0.0,4425.10744,4425.10744,0.0,0.0,0.0,0.03166,2.28726,2.24851,0.92334,0.28256,0.28256,1.0,0.2944,-0.21224,1.0,0.0,1.0,0.0,0.00374,0.00374,0.0
pca,machine-2-7,0,level,W2p_split_f0995,30,0,R_all,0.03849,0.03849,1.77464,1.77464,1.79553,1.79553,0.66301,0.66301,0.0,37.67214,54.37114,0.0,4425.10744,0.0,30.0,0.0,0.03166,2.28726,2.24851,0.92334,0.77588,1.0,0.77588,1.0,1.0,0.0,1.44327,0.0,0.0,0.0,0.00684,0.00684
pca,machine-2-7,0,level,W2p_split_f0995,30,0,R_fault,0.03849,0.03849,1.77464,1.77464,1.79553,1.79553,0.66301,0.66301,0.0,37.67214,54.37114,0.0,4425.10744,0.0,30.0,0.0,0.03166,2.28726,2.24851,0.92334,0.77588,1.0,0.77588,1.0,1.0,0.0,1.44327,0.0,0.0,0.0,0.00684,0.00684
pca,machine-2-7,0,level,W2p_split_f0995,30,0,R_fault_rec,0.03849,0.03849,1.77464,1.77464,1.79553,1.79553,0.66301,0.66301,0.0,37.67214,54.37114,0.0,4425.10744,0.0,30.0,0.0,0.03166,2.28726,2.24851,0.92334,0.77588,1.0,0.77588,1.0,1.0,0.0,1.44327,0.0,0.0,0.0,0.00684,0.00684
pca,machine-2-7,0,level,W2p_split_f0995,30,64,R0,0.03434,0.03328,1.87566,2.80874,1.7532,2.63373,0.52709,1.2117,20.00935,20.00935,0.0,3443.66644,3443.66644,0.0,0.0,0.0,0.03328,2.80874,2.63373,1.2117,0.66779,0.66779,1.0,0.66567,0.435,1.0,0.0,1.0,0.0,0.00106,0.00106,0.0
pca,machine-2-7,0,level,W2p_split_f0995,30,64,R_all,0.03239,0.03239,2.66936,2.69539,2.52293,2.54473,1.12568,1.14568,0.6522,20.00935,15.37338,414.10934,3443.66644,6.5971,30.0,0.0,0.03328,2.80874,2.63373,1.2117,0.95037,0.99034,0.95964,0.99143,0.98255,0.03259,0.76831,0.12025,0.3297,0.0,-0.0009,-0.0009
pca,machine-2-7,0,level,W2p_split_f0995,30,64,R_fault,0.03239,0.03239,2.66936,2.69539,2.52293,2.54473,1.12568,1.14568,0.6522,20.00935,15.37338,414.10934,3443.66644,6.5971,30.0,0.0,0.03328,2.80874,2.63373,1.2117,0.95037,0.99034,0.95964,0.99143,0.98255,0.03259,0.76831,0.12025,0.3297,0.0,-0.0009,-0.0009
pca,machine-2-7,0,level,W2p_split_f0995,30,64,R_fault_rec,0.03239,0.03239,2.64576,2.64576,2.50646,2.50646,1.11761,1.11761,0.0,20.00935,20.52023,0.0,3443.66644,8.38964,38.0,0.0,0.03328,2.80874,2.63373,1.2117,0.94197,1.0,0.94197,1.0,1.0,0.0,1.02553,0.0,0.41929,0.0,-0.0009,-0.0009
pca,machine-2-7,0,level,W2p_split_f0995,38,0,R0,0.03426,0.03174,0.82132,2.38433,0.82671,2.32694,-0.11392,0.97425,34.8988,34.8988,0.0,4559.61902,4559.61902,0.0,0.0,0.0,0.03174,2.38433,2.32694,0.97425,0.34447,0.34447,1.0,0.35528,-0.11693,1.0,0.0,1.0,0.0,0.00252,0.00252,0.0
pca,machine-2-7,0,level,W2p_split_f0995,38,0,R_all,0.03849,0.03849,1.77464,1.77464,1.79553,1.79553,0.66301,0.66301,0.0,34.8988,64.05269,0.0,4559.61902,0.0,38.0,0.0,0.03174,2.38433,2.32694,0.97425,0.74429,1.0,0.74429,1.0,1.0,0.0,1.83538,0.0,0.0,0.0,0.00675,0.00675
pca,machine-2-7,0,level,W2p_split_f0995,38,0,R_fault,0.03711,0.03687,1.85216,1.97507,1.85389,1.97237,0.67331,0.76479,2.19655,34.8988,44.34217,548.30538,4559.61902,2.32147,30.0,0.0,0.03174,2.38433,2.32694,0.97425,0.7768,0.93777,0.82835,0.93993,0.88038,0.06294,1.27059,0.12025,0.06652,0.00024,0.00537,0.00513
pca,machine-2-7,0,level,W2p_split_f0995,38,0,R_fault_rec,0.03849,0.03849,1.77464,1.77464,1.79553,1.79553,0.66301,0.66301,0.0,34.8988,64.05269,0.0,4559.61902,0.0,38.0,0.0,0.03174,2.38433,2.32694,0.97425,0.74429,1.0,0.74429,1.0,1.0,0.0,1.83538,0.0,0.0,0.0,0.00675,0.00675
pca,machine-2-7,0,level,W2p_split_f0995,38,64,R0,0.03345,0.03263,1.9807,2.85707,1.83897,2.66504,0.59696,1.24361,18.70352,18.70352,0.0,3308.3064,3308.3064,0.0,0.0,0.0,0.03263,2.85707,2.66504,1.24361,0.69326,0.69326,1.0,0.69003,0.48002,1.0,0.0,1.0,0.0,0.00081,0.00081,0.0
pca,machine-2-7,0,level,W2p_split_f0995,38,64,R_all,0.03141,0.03141,2.72151,2.72151,2.55892,2.55892,1.16404,1.16404,0.0,18.70352,18.23876,0.0,3308.3064,8.50442,38.0,0.0,0.03263,2.85707,2.66504,1.24361,0.95255,1.0,0.95255,1.0,1.0,0.0,0.97515,0.0,0.4547,0.0,-0.00122,-0.00122
pca,machine-2-7,0,level,W2p_split_f0995,38,64,R_fault,0.03158,0.03149,2.74026,2.76296,2.57178,2.59067,1.17042,1.1878,0.58304,18.70352,13.69185,397.83197,3308.3064,6.62586,30.0,0.0,0.03263,2.85707,2.66504,1.24361,0.95912,0.99179,0.96706,0.99271,0.98537,0.03117,0.73205,0.12025,0.35426,8e-05,-0.00106,-0.00114
pca,machine-2-7,0,level,W2p_split_f0995,38,64,R_fault_rec,0.03141,0.03141,2.72151,2.72151,2.55892,2.55892,1.16404,1.16404,0.0,18.70352,18.23876,0.0,3308.3064,8.50442,38.0,0.0,0.03263,2.85707,2.66504,1.24361,0.95255,1.0,0.95255,1.0,1.0,0.0,0.97515,0.0,0.4547,0.0,-0.00122,-0.00122
pca,machine-2-7,0,level,W2p_split_f0995,46,0,R0,0.03442,0.03223,1.03377,2.46829,1.02049,2.39212,0.01169,1.01871,31.84393,31.84393,0.0,4380.39428,4380.39428,0.0,0.0,0.0,0.03223,2.46829,2.39212,1.01871,0.41882,0.41882,1.0,0.42661,0.01147,1.0,0.0,1.0,0.0,0.0022,0.0022,0.0
pca,machine-2-7,0,level,W2p_split_f0995,46,0,R_all,0.03849,0.03849,1.77464,1.77464,1.79553,1.79553,0.66301,0.66301,0.0,31.84393,73.49371,0.0,4380.39428,0.0,46.0,0.0,0.03223,2.46829,2.39212,1.01871,0.71898,1.0,0.71898,1.0,1.0,0.0,2.30794,0.0,0.0,0.0,0.00627,0.00627
pca,machine-2-7,0,level,W2p_split_f0995,46,0,R_fault,0.03516,0.03507,2.0436,2.13753,2.02205,2.11114,0.77631,0.84643,1.75924,31.84393,36.49258,526.75316,4380.39428,4.14615,30.0,0.0,0.03223,2.46829,2.39212,1.01871,0.82794,0.95605,0.866,0.9578,0.91715,0.05525,1.14598,0.12025,0.1302,8e-05,0.00293,0.00285
pca,machine-2-7,0,level,W2p_split_f0995,46,0,R_fault_rec,0.03678,0.03678,1.9829,1.9829,1.97674,1.97674,0.76751,0.76751,0.0,31.84393,51.83609,0.0,4380.39428,3.47726,38.0,0.0,0.03223,2.46829,2.39212,1.01871,0.80335,1.0,0.80335,1.0,1.0,0.0,1.62782,0.0,0.1092,0.0,0.00456,0.00456
pca,machine-2-7,0,level,W2p_split_f0995,46,64,R0,0.03239,0.03166,2.07497,2.9014,1.91325,2.69113,0.65752,1.27111,17.5282,17.5282,0.0,3178.26694,3178.26694,0.0,0.0,0.0,0.03166,2.9014,2.69113,1.27111,0.71516,0.71516,1.0,0.71095,0.51728,1.0,0.0,1.0,0.0,0.00073,0.00073,0.0
pca,machine-2-7,0,level,W2p_split_f0995,46,64,R_all,0.03011,0.03011,2.74922,2.74922,2.57115,2.57115,1.17934,1.17934,0.0,17.5282,21.42056,0.0,3178.26694,10.31584,46.0,0.0,0.03166,2.9014,2.69113,1.27111,0.94755,1.0,0.94755,1.0,1.0,0.0,1.22206,0.0,0.58853,0.0,-0.00155,-0.00155
pca,machine-2-7,0,level,W2p_split_f0995,46,64,R_fault,0.03101,0.03109,2.80215,2.82198,2.61094,2.62739,1.20789,1.22309,0.52497,17.5282,12.40294,382.1944,3178.26694,6.55129,30.0,0.0,0.03166,2.9014,2.69113,1.27111,0.96579,0.99297,0.97263,0.99374,0.98757,0.02995,0.7076,0.12025,0.37376,-8e-05,-0.00065,-0.00057
pca,machine-2-7,0,level,W2p_split_f0995,46,64,R_fault_rec,0.03044,0.03044,2.78669,2.78669,2.60037,2.60037,1.20246,1.20246,0.0,17.5282,16.47908,0.0,3178.26694,8.45687,38.0,0.0,0.03166,2.9014,2.69113,1.27111,0.96046,1.0,0.96046,1.0,1.0,0.0,0.94015,0.0,0.48247,0.0,-0.00122,-0.00122
pca,machine-2-7,0,level,W3_b01,30,0,R0,0.2098,0.13127,-2.14674,3.17368,-1.71325,2.95419,-1.67431,1.415,101.37031,101.37031,0.0,147.41627,147.41627,0.0,0.0,30.0,0.13127,3.17368,2.95419,1.415,-0.67642,-0.67642,1.0,-0.57994,-1.18326,1.0,0.0,1.0,0.0,0.07853,0.07853,0.0
pca,machine-2-7,0,level,W3_b01,30,0,R_all,0.29395,0.29395,1.9095,1.9095,1.92661,1.92661,0.73171,0.73171,0.0,101.37031,126.78311,0.0,147.41627,0.0,30.0,0.0,0.13127,3.17368,2.95419,1.415,0.60167,1.0,0.60167,1.0,1.0,0.0,1.25069,0.0,0.0,0.0,0.16268,0.16268
pca,machine-2-7,0,level,W3_b01,30,0,R_fault,0.29395,0.29395,1.9095,1.9095,1.92661,1.92661,0.73171,0.73171,0.0,101.37031,126.78311,0.0,147.41627,0.0,30.0,0.0,0.13127,3.17368,2.95419,1.415,0.60167,1.0,0.60167,1.0,1.0,0.0,1.25069,0.0,0.0,0.0,0.16268,0.16268
pca,machine-2-7,0,level,W3_b01,30,0,R_fault_rec,0.29395,0.29395,1.9095,1.9095,1.92661,1.92661,0.73171,0.73171,0.0,101.37031,126.78311,0.0,147.41627,0.0,30.0,0.0,0.13127,3.17368,2.95419,1.415,0.60167,1.0,0.60167,1.0,1.0,0.0,1.25069,0.0,0.0,0.0,0.16268,0.16268
pca,machine-2-7,0,level,W3_b01,30,64,R0,0.07023,0.07072,2.61164,3.3575,2.33085,2.98304,1.20464,1.52775,10.73158,10.73158,0.0,89.98243,89.98243,0.0,0.0,94.0,0.07072,3.3575,2.98304,1.52775,0.77785,0.77785,1.0,0.78137,0.78851,1.0,0.0,1.0,0.0,-0.00049,-0.00049,0.0
pca,machine-2-7,0,level,W3_b01,30,64,R_all,0.07048,0.0708,3.20711,3.35609,2.87512,2.98343,1.4671,1.52741,4.56451,10.73158,1.37868,40.11505,89.98243,0.0,30.0,64.0,0.07072,3.3575,2.98304,1.52775,0.95521,0.95561,0.99958,0.9637,0.96051,0.42533,0.12847,0.44581,0.0,-0.00033,-0.00024,8e-05
pca,machine-2-7,0,level,W3_b01,30,64,R_fault,0.07048,0.0708,3.20711,3.35609,2.87512,2.98343,1.4671,1.52741,4.56451,10.73158,1.37868,40.11505,89.98243,0.0,30.0,64.0,0.07072,3.3575,2.98304,1.52775,0.95521,0.95561,0.99958,0.9637,0.96051,0.42533,0.12847,0.44581,0.0,-0.00033,-0.00024,8e-05
pca,machine-2-7,0,level,W3_b01,30,64,R_fault_rec,0.07056,0.07056,3.36128,3.36128,2.9892,2.9892,1.53168,1.53168,0.0,10.73158,1.74948,0.0,89.98243,0.0,38.0,56.0,0.07072,3.3575,2.98304,1.52775,1.00113,1.0,1.00113,1.0,1.0,0.0,0.16302,0.0,0.0,0.0,-0.00016,-0.00016
pca,machine-2-7,0,level,W3_b01,38,0,R0,0.12834,0.1167,0.40089,3.2532,0.53019,2.98766,-0.71178,1.45433,55.67182,55.67182,0.0,108.04275,108.04275,0.0,0.0,38.0,0.1167,3.2532,2.98766,1.45433,0.12323,0.12323,1.0,0.17746,-0.48942,1.0,0.0,1.0,0.0,0.01164,0.01164,0.0
pca,machine-2-7,0,level,W3_b01,38,0,R_all,0.29395,0.29395,1.9095,1.9095,1.92661,1.92661,0.73171,0.73171,0.0,55.67182,129.22655,0.0,108.04275,0.0,38.0,0.0,0.1167,3.2532,2.98766,1.45433,0.58696,1.0,0.58696,1.0,1.0,0.0,2.32122,0.0,0.0,0.0,0.17725,0.17725
pca,machine-2-7,0,level,W3_b01,38,0,R_fault,0.08895,0.08439,2.43343,2.96407,2.38709,2.8413,0.85841,1.28513,14.93685,55.67182,59.06481,43.14409,108.04275,0.0,30.0,8.0,0.1167,3.2532,2.98766,1.45433,0.74801,0.82098,0.91112,0.84014,0.66795,0.2683,1.06095,0.39932,0.0,0.00456,-0.02775,-0.03231
pca,machine-2-7,0,level,W3_b01,38,0,R_fault_rec,0.29395,0.29395,1.9095,1.9095,1.92661,1.92661,0.73171,0.73171,0.0,55.67182,129.22655,0.0,108.04275,0.0,38.0,0.0,0.1167,3.2532,2.98766,1.45433,0.58696,1.0,0.58696,1.0,1.0,0.0,2.32122,0.0,0.0,0.0,0.17725,0.17725
pca,machine-2-7,0,level,W3_b01,38,64,R0,0.08049,0.07983,2.51189,3.24488,2.21479,2.8508,1.17608,1.49354,10.7556,10.7556,0.0,89.93729,89.93729,0.0,0.0,102.0,0.07983,3.24488,2.8508,1.49354,0.77411,0.77411,1.0,0.7769,0.78744,1.0,0.0,1.0,0.0,0.00065,0.00065,0.0
pca,machine-2-7,0,level,W3_b01,38,64,R_all,0.08008,0.08008,3.24097,3.24097,2.851,2.851,1.49156,1.49156,0.0,10.7556,1.57091,0.0,89.93729,0.0,38.0,64.0,0.07983,3.24488,2.8508,1.49354,0.9988,1.0,0.9988,1.0,1.0,0.0,0.14605,0.0,0.0,0.0,0.00024,0.00024
pca,machine-2-7,0,level,W3_b01,38,64,R_fault,0.08049,0.0804,3.09448,3.23539,2.745,2.84535,1.43337,1.48724,4.55947,10.7556,1.26586,40.09708,89.93729,0.0,30.0,72.0,0.07983,3.24488,2.8508,1.49354,0.95365,0.95645,0.99708,0.96473,0.96378,0.42392,0.11769,0.44583,0.0,8e-05,0.00065,0.00057
pca,machine-2-7,0,level,W3_b01,38,64,R_fault_rec,0.08008,0.08008,3.24097,3.24097,2.851,2.851,1.49156,1.49156,0.0,10.7556,1.57091,0.0,89.93729,0.0,38.0,64.0,0.07983,3.24488,2.8508,1.49354,0.9988,1.0,0.9988,1.0,1.0,0.0,0.14605,0.0,0.0,0.0,0.00024,0.00024
pca,machine-2-7,0,level,W3_b01,46,0,R0,0.10034,0.09798,1.60698,3.14851,1.53878,2.86951,0.32496,1.39055,29.6374,29.6374,0.0,94.49637,94.49637,0.0,0.0,46.0,0.09798,3.14851,2.86951,1.39055,0.51039,0.51039,1.0,0.53625,0.23369,1.0,0.0,1.0,0.0,0.00236,0.00236,0.0
pca,machine-2-7,0,level,W3_b01,46,0,R_all,0.29395,0.29395,1.9095,1.9095,1.92661,1.92661,0.73171,0.73171,0.0,29.6374,132.16214,0.0,94.49637,0.0,46.0,0.0,0.09798,3.14851,2.86951,1.39055,0.60648,1.0,0.60648,1.0,1.0,0.0,4.4593,0.0,0.0,0.0,0.19596,0.19596
pca,machine-2-7,0,level,W3_b01,46,0,R_fault,0.08171,0.08211,2.89156,3.18418,2.7294,2.94816,1.20126,1.4244,8.76021,29.6374,27.28501,40.92613,94.49637,0.0,30.0,16.0,0.09798,3.14851,2.86951,1.39055,0.91839,0.9081,1.01133,0.92579,0.84335,0.29558,0.92063,0.4331,0.0,-0.00041,-0.01628,-0.01587
pca,machine-2-7,0,level,W3_b01,46,0,R_fault_rec,0.08936,0.08936,2.86222,2.86222,2.74271,2.74271,1.23122,1.23122,0.0,29.6374,59.64254,0.0,94.49637,0.0,38.0,8.0,0.09798,3.14851,2.86951,1.39055,0.90907,1.0,0.90907,1.0,1.0,0.0,2.01241,0.0,0.0,0.0,-0.00863,-0.00863
pca,machine-2-7,0,level,W3_b01,46,64,R0,0.11727,0.11686,2.48938,3.22341,2.1734,2.80568,1.16433,1.48287,10.72096,10.72096,0.0,89.89105,89.89105,0.0,0.0,110.0,0.11686,3.22341,2.80568,1.48287,0.77228,0.77228,1.0,0.77464,0.78519,1.0,0.0,1.0,0.0,0.00041,0.00041,0.0
pca,machine-2-7,0,level,W3_b01,46,64,R_all,0.118,0.118,3.20103,3.20103,2.78773,2.78773,1.46849,1.46849,0.0,10.72096,2.23826,0.0,89.89105,0.0,46.0,64.0,0.11686,3.22341,2.80568,1.48287,0.99305,1.0,0.99305,1.0,1.0,0.0,0.20877,0.0,0.0,0.0,0.00114,0.00114
pca,machine-2-7,0,level,W3_b01,46,64,R_fault,0.11743,0.11735,3.07036,3.21361,2.69856,2.80021,1.42018,1.47609,4.52215,10.72096,1.23933,40.07865,89.89105,0.0,30.0,80.0,0.11686,3.22341,2.80568,1.48287,0.95252,0.95542,0.99696,0.9637,0.96212,0.4218,0.1156,0.44586,0.0,8e-05,0.00057,0.00049
pca,machine-2-7,0,level,W3_b01,46,64,R_fault_rec,0.11743,0.11743,3.21777,3.21777,2.80456,2.80456,1.47931,1.47931,0.0,10.72096,1.48505,0.0,89.89105,0.0,38.0,72.0,0.11686,3.22341,2.80568,1.48287,0.99825,1.0,0.99825,1.0,1.0,0.0,0.13852,0.0,0.0,0.0,0.00057,0.00057
pca,machine-2-7,0,level,W3_b05,30,0,R0,0.32902,0.09814,-3.73807,3.31529,-3.23911,3.09235,-2.50577,1.55961,152.13404,152.13404,0.0,195.43569,195.43569,0.0,0.0,30.0,0.09814,3.31529,3.09235,1.55961,-1.12753,-1.12753,1.0,-1.04746,-1.60666,1.0,0.0,1.0,0.0,0.23088,0.23088,0.0
pca,machine-2-7,0,level,W3_b05,30,0,R_all,0.29419,0.29419,1.82052,1.82052,1.83226,1.83226,0.69796,0.69796,0.0,152.13404,172.36231,0.0,195.43569,0.0,30.0,0.0,0.09814,3.31529,3.09235,1.55961,0.54913,1.0,0.54913,1.0,1.0,0.0,1.13296,0.0,0.0,0.0,0.19604,0.19604
pca,machine-2-7,0,level,W3_b05,30,0,R_fault,0.29419,0.29419,1.82052,1.82052,1.83226,1.83226,0.69796,0.69796,0.0,152.13404,172.36231,0.0,195.43569,0.0,30.0,0.0,0.09814,3.31529,3.09235,1.55961,0.54913,1.0,0.54913,1.0,1.0,0.0,1.13296,0.0,0.0,0.0,0.19604,0.19604
pca,machine-2-7,0,level,W3_b05,30,0,R_fault_rec,0.29419,0.29419,1.82052,1.82052,1.83226,1.83226,0.69796,0.69796,0.0,152.13404,172.36231,0.0,195.43569,0.0,30.0,0.0,0.09814,3.31529,3.09235,1.55961,0.54913,1.0,0.54913,1.0,1.0,0.0,1.13296,0.0,0.0,0.0,0.19604,0.19604
pca,machine-2-7,0,level,W3_b05,30,64,R0,0.05054,0.05013,4.47409,3.74593,4.12215,3.37061,2.28367,1.78648,11.68452,11.68452,0.0,110.92423,110.92423,0.0,0.0,94.0,0.05013,3.74593,3.37061,1.78648,1.19439,1.19439,1.0,1.22297,1.27831,1.0,0.0,1.0,0.0,0.00041,0.00041,0.0
pca,machine-2-7,0,level,W3_b05,30,64,R_all,0.04671,0.04647,3.61416,3.73549,3.30454,3.3416,1.85033,1.77839,13.76088,11.68452,4.30442,115.44973,110.92423,0.0,30.0,64.0,0.05013,3.74593,3.37061,1.78648,0.96482,0.96752,0.99721,0.98891,1.04045,1.1777,0.36839,1.0408,0.0,0.00024,-0.00342,-0.00366
pca,machine-2-7,0,level,W3_b05,30,64,R_fault,0.04671,0.04647,3.61416,3.73549,3.30454,3.3416,1.85033,1.77839,13.76088,11.68452,4.30442,115.44973,110.92423,0.0,30.0,64.0,0.05013,3.74593,3.37061,1.78648,0.96482,0.96752,0.99721,0.98891,1.04045,1.1777,0.36839,1.0408,0.0,0.00024,-0.00342,-0.00366
pca,machine-2-7,0,level,W3_b05,30,64,R_fault_rec,0.04631,0.04631,3.7341,3.7341,3.34167,3.34167,1.77694,1.77694,0.0,11.68452,4.55621,0.0,110.92423,0.0,38.0,56.0,0.05013,3.74593,3.37061,1.78648,0.99684,1.0,0.99684,1.0,1.0,0.0,0.38994,0.0,0.0,0.0,-0.00382,-0.00382
pca,machine-2-7,0,level,W3_b05,38,0,R0,0.07617,0.06877,3.29751,3.60866,3.11117,3.2583,1.14109,1.66779,36.14841,36.14841,0.0,118.87905,118.87905,0.0,0.0,38.0,0.06877,3.60866,3.2583,1.66779,0.91378,0.91378,1.0,0.95484,0.68419,1.0,0.0,1.0,0.0,0.00741,0.00741,0.0
pca,machine-2-7,0,level,W3_b05,38,0,R_all,0.29419,0.29419,1.82052,1.82052,1.83226,1.83226,0.69796,0.69796,0.0,36.14841,162.36061,0.0,118.87905,0.0,38.0,0.0,0.06877,3.60866,3.2583,1.66779,0.50448,1.0,0.50448,1.0,1.0,0.0,4.4915,0.0,0.0,0.0,0.22542,0.22542
pca,machine-2-7,0,level,W3_b05,38,0,R_fault,0.05924,0.0612,3.15604,3.62271,3.00321,3.26183,1.34591,1.67439,30.50148,36.14841,6.80065,119.51456,118.87905,0.0,30.0,8.0,0.06877,3.60866,3.2583,1.66779,0.87457,0.87118,1.00389,0.92071,0.80382,0.84378,0.18813,1.00535,0.0,-0.00195,-0.00952,-0.00757
pca,machine-2-7,0,level,W3_b05,38,0,R_fault_rec,0.29419,0.29419,1.82052,1.82052,1.83226,1.83226,0.69796,0.69796,0.0,36.14841,162.36061,0.0,118.87905,0.0,38.0,0.0,0.06877,3.60866,3.2583,1.66779,0.50448,1.0,0.50448,1.0,1.0,0.0,4.4915,0.0,0.0,0.0,0.22542,0.22542
pca,machine-2-7,0,level,W3_b05,38,64,R0,0.1036,0.10441,4.0959,3.44241,3.68379,3.01614,2.10004,1.66263,11.84127,11.84127,0.0,110.74431,110.74431,0.0,0.0,102.0,0.10441,3.44241,3.01614,1.66263,1.18984,1.18984,1.0,1.22136,1.26308,1.0,0.0,1.0,0.0,-0.00081,-0.00081,0.0
pca,machine-2-7,0,level,W3_b05,38,64,R_all,0.10148,0.10148,3.44785,3.44785,3.00558,3.00558,1.6647,1.6647,0.0,11.84127,4.84737,0.0,110.74431,0.0,38.0,64.0,0.10441,3.44241,3.01614,1.66263,1.00158,1.0,1.00158,1.0,1.0,0.0,0.40936,0.0,0.0,0.0,-0.00293,-0.00293
pca,machine-2-7,0,level,W3_b05,38,64,R_fault,0.10116,0.10107,3.30919,3.44872,2.94818,3.00849,1.72584,1.66417,14.05282,11.84127,4.66919,115.31362,110.74431,0.0,30.0,72.0,0.10441,3.44241,3.01614,1.66263,0.9613,0.95954,1.00183,0.97995,1.03706,1.18677,0.39431,1.04126,0.0,8e-05,-0.00326,-0.00334
pca,machine-2-7,0,level,W3_b05,38,64,R_fault_rec,0.10148,0.10148,3.44785,3.44785,3.00558,3.00558,1.6647,1.6647,0.0,11.84127,4.84737,0.0,110.74431,0.0,38.0,64.0,0.10441,3.44241,3.01614,1.66263,1.00158,1.0,1.00158,1.0,1.0,0.0,0.40936,0.0,0.0,0.0,-0.00293,-0.00293
pca,machine-2-7,0,level,W3_b05,46,0,R0,0.12638,0.12728,3.94747,3.25215,3.68237,2.96319,1.91777,1.46762,12.80178,12.80178,0.0,113.06577,113.06577,0.0,0.0,46.0,0.12728,3.25215,2.96319,1.46762,1.2138,1.2138,1.0,1.2427,1.30672,1.0,0.0,1.0,0.0,-0.0009,-0.0009,0.0
pca,machine-2-7,0,level,W3_b05,46,0,R_all,0.29419,0.29419,1.82052,1.82052,1.83226,1.83226,0.69796,0.69796,0.0,12.80178,167.54034,0.0,113.06577,0.0,46.0,0.0,0.12728,3.25215,2.96319,1.46762,0.55979,1.0,0.55979,1.0,1.0,0.0,13.08727,0.0,0.0,0.0,0.16691,0.16691
pca,machine-2-7,0,level,W3_b05,46,0,R_fault,0.11686,0.11532,3.21346,3.29458,3.0171,2.99827,1.59215,1.48575,14.3391,12.80178,7.48632,116.34824,113.06577,0.0,30.0,16.0,0.12728,3.25215,2.96319,1.46762,0.9881,0.97538,1.01304,1.00628,1.07162,1.12009,0.58479,1.02903,0.0,0.00155,-0.01042,-0.01196
pca,machine-2-7,0,level,W3_b05,46,0,R_fault_rec,0.11312,0.11312,3.30744,3.30744,3.01328,3.01328,1.49441,1.49441,0.0,12.80178,7.70634,0.0,113.06577,0.0,38.0,8.0,0.12728,3.25215,2.96319,1.46762,1.017,1.0,1.017,1.0,1.0,0.0,0.60197,0.0,0.0,0.0,-0.01416,-0.01416
pca,machine-2-7,0,level,W3_b05,46,64,R0,0.09676,0.09652,4.17535,3.51515,3.76767,3.09799,2.12339,1.67754,11.75123,11.75123,0.0,110.52374,110.52374,0.0,0.0,110.0,0.09652,3.51515,3.09799,1.67754,1.18781,1.18781,1.0,1.21617,1.26578,1.0,0.0,1.0,0.0,0.00024,0.00024,0.0
pca,machine-2-7,0,level,W3_b05,46,64,R_all,0.09408,0.09408,3.51839,3.51839,3.09991,3.09991,1.67934,1.67934,0.0,11.75123,6.83257,0.0,110.52374,0.0,46.0,64.0,0.09652,3.51515,3.09799,1.67754,1.00092,1.0,1.00092,1.0,1.0,0.0,0.58143,0.0,0.0,0.0,-0.00244,-0.00244
pca,machine-2-7,0,level,W3_b05,46,64,R_fault,0.09481,0.09391,3.35067,3.50853,3.01764,3.09,1.71358,1.66943,13.7909,11.75123,4.73005,115.20274,110.52374,0.0,30.0,80.0,0.09652,3.51515,3.09799,1.67754,0.95321,0.95501,0.99812,0.97658,1.02645,1.17357,0.40252,1.04233,0.0,0.0009,-0.00171,-0.0026
pca,machine-2-7,0,level,W3_b05,46,64,R_fault_rec,0.09375,0.09375,3.50736,3.50736,3.09098,3.09098,1.66863,1.66863,0.0,11.75123,4.91951,0.0,110.52374,0.0,38.0,72.0,0.09652,3.51515,3.09799,1.67754,0.99778,1.0,0.99778,1.0,1.0,0.0,0.41864,0.0,0.0,0.0,-0.00277,-0.00277
pca,machine-2-7,0,ramp,W1,30,0,R0,0.32243,0.20923,-1.5831,3.04934,-1.12544,2.50481,-1.05062,1.18386,111.13954,111.13954,0.0,0.0,0.0,0.0,0.0,0.0,0.20923,3.04934,2.50481,1.18386,-0.51916,-0.51916,1.0,-0.44931,-0.88745,1.0,0.0,,0.0,0.1132,0.1132,0.0
pca,machine-2-7,0,ramp,W1,30,0,R_all,0.25667,0.25667,2.51264,2.51264,2.00129,2.00129,1.11872,1.11872,0.0,111.13954,110.28132,0.0,0.0,0.0,30.0,0.0,0.20923,3.04934,2.50481,1.18386,0.82399,1.0,0.82399,1.0,1.0,0.0,0.99228,,0.0,0.0,0.04744,0.04744
pca,machine-2-7,0,ramp,W1,30,0,R_fault,0.25667,0.25667,2.51264,2.51264,2.00129,2.00129,1.11872,1.11872,0.0,111.13954,110.28132,0.0,0.0,0.0,30.0,0.0,0.20923,3.04934,2.50481,1.18386,0.82399,1.0,0.82399,1.0,1.0,0.0,0.99228,,0.0,0.0,0.04744,0.04744
pca,machine-2-7,0,ramp,W1,30,0,R_fault_rec,0.25667,0.25667,2.51264,2.51264,2.00129,2.00129,1.11872,1.11872,0.0,111.13954,110.28132,0.0,0.0,0.0,30.0,0.0,0.20923,3.04934,2.50481,1.18386,0.82399,1.0,0.82399,1.0,1.0,0.0,0.99228,,0.0,0.0,0.04744,0.04744
pca,machine-2-7,0,ramp,W1,30,64,R0,0.2063,0.18294,1.12617,3.54517,1.06457,2.97256,0.87215,1.55222,28.28761,28.28761,0.0,0.0,0.0,0.0,0.0,0.0,0.18294,3.54517,2.97256,1.55222,0.31766,0.31766,1.0,0.35813,0.56187,1.0,0.0,,0.0,0.02336,0.02336,0.0
pca,machine-2-7,0,ramp,W1,30,64,R_all,0.20687,0.20492,3.29923,3.39084,2.81236,2.80036,1.46431,1.449,9.96912,28.28761,7.33185,0.0,0.0,0.0,30.0,0.0,0.18294,3.54517,2.97256,1.55222,0.93063,0.97298,0.95647,1.00429,1.01056,0.35242,0.25919,,0.0,0.00195,0.02393,0.02197
pca,machine-2-7,0,ramp,W1,30,64,R_fault,0.20687,0.20492,3.29923,3.39084,2.81236,2.80036,1.46431,1.449,9.96912,28.28761,7.33185,0.0,0.0,0.0,30.0,0.0,0.18294,3.54517,2.97256,1.55222,0.93063,0.97298,0.95647,1.00429,1.01056,0.35242,0.25919,,0.0,0.00195,0.02393,0.02197
pca,machine-2-7,0,ramp,W1,30,64,R_fault_rec,0.20646,0.20646,3.33179,3.33179,2.75408,2.75408,1.39201,1.39201,0.0,28.28761,10.17202,0.0,0.0,0.0,38.0,0.0,0.18294,3.54517,2.97256,1.55222,0.93981,1.0,0.93981,1.0,1.0,0.0,0.35959,,0.0,0.0,0.02352,0.02352
pca,machine-2-7,0,ramp,W1,38,0,R0,0.25138,0.20874,-0.62617,3.07504,-0.42493,2.55602,-0.5092,1.19704,81.87224,81.87224,0.0,0.0,0.0,0.0,0.0,0.0,0.20874,3.07504,2.55602,1.19704,-0.20363,-0.20363,1.0,-0.16625,-0.42539,1.0,0.0,,0.0,0.04264,0.04264,0.0
pca,machine-2-7,0,ramp,W1,38,0,R_all,0.25667,0.25667,2.51264,2.51264,2.00129,2.00129,1.11872,1.11872,0.0,81.87224,112.98709,0.0,0.0,0.0,38.0,0.0,0.20874,3.07504,2.55602,1.19704,0.81711,1.0,0.81711,1.0,1.0,0.0,1.38004,,0.0,0.0,0.04793,0.04793
pca,machine-2-7,0,ramp,W1,38,0,R_fault,0.21802,0.22266,2.72377,3.02696,2.08563,2.52193,1.10773,1.26618,45.35415,81.87224,21.94125,0.0,0.0,0.0,30.0,0.0,0.20874,3.07504,2.55602,1.19704,0.88577,0.89984,0.98436,0.827,0.87486,0.55396,0.26799,,0.0,-0.00464,0.00928,0.01392
pca,machine-2-7,0,ramp,W1,38,0,R_fault_rec,0.25667,0.25667,2.51264,2.51264,2.00129,2.00129,1.11872,1.11872,0.0,81.87224,112.98709,0.0,0.0,0.0,38.0,0.0,0.20874,3.07504,2.55602,1.19704,0.81711,1.0,0.81711,1.0,1.0,0.0,1.38004,,0.0,0.0,0.04793,0.04793
pca,machine-2-7,0,ramp,W1,38,64,R0,0.20524,0.18538,1.23605,3.56568,1.196,2.99231,0.95954,1.55398,25.57322,25.57322,0.0,0.0,0.0,0.0,0.0,0.0,0.18538,3.56568,2.99231,1.55398,0.34665,0.34665,1.0,0.39969,0.61747,1.0,0.0,,0.0,0.01986,0.01986,0.0
pca,machine-2-7,0,ramp,W1,38,64,R_all,0.20638,0.20638,3.40923,3.40923,2.84215,2.84215,1.44964,1.44964,0.0,25.57322,7.55591,0.0,0.0,0.0,38.0,0.0,0.18538,3.56568,2.99231,1.55398,0.95612,1.0,0.95612,1.0,1.0,0.0,0.29546,,0.0,0.0,0.021,0.021
pca,machine-2-7,0,ramp,W1,38,64,R_fault,0.2063,0.20109,3.39157,3.44227,2.91883,2.86544,1.52715,1.48299,9.37414,25.57322,5.18468,0.0,0.0,0.0,30.0,0.0,0.18538,3.56568,2.99231,1.55398,0.95117,0.98527,0.96539,1.01863,1.02978,0.36656,0.20274,,0.0,0.00521,0.02091,0.01571
pca,machine-2-7,0,ramp,W1,38,64,R_fault_rec,0.20638,0.20638,3.40923,3.40923,2.84215,2.84215,1.44964,1.44964,0.0,25.57322,7.55591,0.0,0.0,0.0,38.0,0.0,0.18538,3.56568,2.99231,1.55398,0.95612,1.0,0.95612,1.0,1.0,0.0,0.29546,,0.0,0.0,0.021,0.021
pca,machine-2-7,0,ramp,W1,46,0,R0,0.24748,0.20687,0.32088,3.13693,0.28284,2.6138,0.36179,1.22765,47.81322,47.81322,0.0,0.0,0.0,0.0,0.0,0.0,0.20687,3.13693,2.6138,1.22765,0.10229,0.10229,1.0,0.10821,0.2947,1.0,0.0,,0.0,0.04061,0.04061,0.0
pca,machine-2-7,0,ramp,W1,46,0,R_all,0.25667,0.25667,2.51264,2.51264,2.00129,2.00129,1.11872,1.11872,0.0,47.81322,114.64983,0.0,0.0,0.0,46.0,0.0,0.20687,3.13693,2.6138,1.22765,0.80099,1.0,0.80099,1.0,1.0,0.0,2.39787,,0.0,0.0,0.0498,0.0498
pca,machine-2-7,0,ramp,W1,46,0,R_fault,0.24634,0.22461,2.93058,3.05874,2.35297,2.5724,1.28828,1.23492,22.80347,47.81322,16.24425,0.0,0.0,0.0,30.0,0.0,0.20687,3.13693,2.6138,1.22765,0.93422,0.9581,0.97507,0.9147,1.04321,0.47693,0.33974,,0.0,0.02173,0.03947,0.01774
pca,machine-2-7,0,ramp,W1,46,0,R_fault_rec,0.24349,0.24349,3.10158,3.10158,2.48887,2.48887,1.31996,1.31996,0.0,47.81322,31.81483,0.0,0.0,0.0,38.0,0.0,0.20687,3.13693,2.6138,1.22765,0.98873,1.0,0.98873,1.0,1.0,0.0,0.6654,,0.0,0.0,0.03662,0.03662
pca,machine-2-7,0,ramp,W1,46,64,R0,0.16138,0.1626,1.61478,3.74301,1.49791,2.97099,1.26296,1.64044,19.98345,19.98345,0.0,0.0,0.0,0.0,0.0,0.0,0.1626,3.74301,2.97099,1.64044,0.43141,0.43141,1.0,0.50418,0.76989,1.0,0.0,,0.0,-0.00122,-0.00122,0.0
pca,machine-2-7,0,ramp,W1,46,64,R_all,0.16235,0.16235,3.73759,3.73759,2.98082,2.98082,1.63168,1.63168,0.0,19.98345,3.88777,0.0,0.0,0.0,46.0,0.0,0.1626,3.74301,2.97099,1.64044,0.99855,1.0,0.99855,1.0,1.0,0.0,0.19455,,0.0,0.0,-0.00024,-0.00024
pca,machine-2-7,0,ramp,W1,46,64,R_fault,0.16243,0.16276,3.72932,3.72509,3.17717,2.9668,1.80669,1.62444,7.87054,19.98345,1.54011,0.0,0.0,0.0,30.0,0.0,0.1626,3.74301,2.97099,1.64044,0.99634,1.00114,0.99521,1.07091,1.11219,0.39385,0.07707,,0.0,-0.00033,-0.00016,0.00016
pca,machine-2-7,0,ramp,W1,46,64,R_fault_rec,0.16243,0.16243,3.73456,3.73456,2.97418,2.97418,1.62472,1.62472,0.0,19.98345,2.86454,0.0,0.0,0.0,38.0,0.0,0.1626,3.74301,2.97099,1.64044,0.99774,1.0,0.99774,1.0,1.0,0.0,0.14335,,0.0,0.0,-0.00016,-0.00016
pca,machine-2-7,0,ramp,W2p_split_f0995,30,0,R0,0.0839,0.08276,1.00443,2.49978,0.9395,2.22791,0.07284,1.034,29.07103,29.07103,0.0,4179.81982,4179.81982,0.0,0.0,0.0,0.08276,2.49978,2.22791,1.034,0.40181,0.40181,1.0,0.4217,0.07044,1.0,0.0,1.0,0.0,0.00114,0.00114,0.0
pca,machine-2-7,0,ramp,W2p_split_f0995,30,0,R_all,0.0909,0.0909,2.24012,2.24012,2.0675,2.0675,0.90006,0.90006,0.0,29.07103,29.87538,0.0,4179.81982,0.0,30.0,0.0,0.08276,2.49978,2.22791,1.034,0.89612,1.0,0.89612,1.0,1.0,0.0,1.02767,0.0,0.0,0.0,0.00814,0.00814
pca,machine-2-7,0,ramp,W2p_split_f0995,30,0,R_fault,0.0909,0.0909,2.24012,2.24012,2.0675,2.0675,0.90006,0.90006,0.0,29.07103,29.87538,0.0,4179.81982,0.0,30.0,0.0,0.08276,2.49978,2.22791,1.034,0.89612,1.0,0.89612,1.0,1.0,0.0,1.02767,0.0,0.0,0.0,0.00814,0.00814
pca,machine-2-7,0,ramp,W2p_split_f0995,30,0,R_fault_rec,0.0909,0.0909,2.24012,2.24012,2.0675,2.0675,0.90006,0.90006,0.0,29.07103,29.87538,0.0,4179.81982,0.0,30.0,0.0,0.08276,2.49978,2.22791,1.034,0.89612,1.0,0.89612,1.0,1.0,0.0,1.02767,0.0,0.0,0.0,0.00814,0.00814
pca,machine-2-7,0,ramp,W2p_split_f0995,30,64,R0,0.05355,0.05021,1.92603,2.81079,1.64883,2.37968,0.61199,1.19052,16.44012,16.44012,0.0,3246.90746,3246.90746,0.0,0.0,0.0,0.05021,2.81079,2.37968,1.19052,0.68522,0.68522,1.0,0.69288,0.51405,1.0,0.0,1.0,0.0,0.00334,0.00334,0.0
pca,machine-2-7,0,ramp,W2p_split_f0995,30,64,R_all,0.05518,0.0542,2.72528,2.75375,2.34839,2.36461,1.14038,1.16034,0.82836,16.44012,10.62976,406.32493,3246.90746,4.85116,30.0,0.0,0.05021,2.81079,2.37968,1.19052,0.96958,0.98966,0.9797,0.99314,0.9828,0.05039,0.64657,0.12514,0.29508,0.00098,0.00496,0.00399
pca,machine-2-7,0,ramp,W2p_split_f0995,30,64,R_fault,0.05518,0.0542,2.72528,2.75375,2.34839,2.36461,1.14038,1.16034,0.82836,16.44012,10.62976,406.32493,3246.90746,4.85116,30.0,0.0,0.05021,2.81079,2.37968,1.19052,0.96958,0.98966,0.9797,0.99314,0.9828,0.05039,0.64657,0.12514,0.29508,0.00098,0.00496,0.00399
pca,machine-2-7,0,ramp,W2p_split_f0995,30,64,R_fault_rec,0.05688,0.05688,2.73002,2.73002,2.35781,2.35781,1.14735,1.14735,0.0,16.44012,14.23334,0.0,3246.90746,6.08821,38.0,0.0,0.05021,2.81079,2.37968,1.19052,0.97126,1.0,0.97126,1.0,1.0,0.0,0.86577,0.0,0.37033,0.0,0.00667,0.00667
pca,machine-2-7,0,ramp,W2p_split_f0995,38,0,R0,0.08382,0.07943,1.1118,2.55309,1.03352,2.25685,0.11602,1.0604,27.61254,27.61254,0.0,4299.09843,4299.09843,0.0,0.0,0.0,0.07943,2.55309,2.25685,1.0604,0.43547,0.43547,1.0,0.45795,0.10941,1.0,0.0,1.0,0.0,0.00439,0.00439,0.0
pca,machine-2-7,0,ramp,W2p_split_f0995,38,0,R_all,0.0909,0.0909,2.24012,2.24012,2.0675,2.0675,0.90006,0.90006,0.0,27.61254,36.5781,0.0,4299.09843,0.0,38.0,0.0,0.07943,2.55309,2.25685,1.0604,0.87741,1.0,0.87741,1.0,1.0,0.0,1.32469,0.0,0.0,0.0,0.01147,0.01147
pca,machine-2-7,0,ramp,W2p_split_f0995,38,0,R_fault,0.08455,0.08455,2.21256,2.33903,2.03967,2.13525,0.85803,0.9499,2.40866,27.61254,25.26768,537.99835,4299.09843,1.31136,30.0,0.0,0.07943,2.55309,2.25685,1.0604,0.86662,0.94593,0.91616,0.95524,0.90329,0.08723,0.91508,0.12514,0.04749,0.0,0.00513,0.00513
pca,machine-2-7,0,ramp,W2p_split_f0995,38,0,R_fault_rec,0.0909,0.0909,2.24012,2.24012,2.0675,2.0675,0.90006,0.90006,0.0,27.61254,36.5781,0.0,4299.09843,0.0,38.0,0.0,0.07943,2.55309,2.25685,1.0604,0.87741,1.0,0.87741,1.0,1.0,0.0,1.32469,0.0,0.0,0.0,0.01147,0.01147
pca,machine-2-7,0,ramp,W2p_split_f0995,38,64,R0,0.05046,0.04883,2.01674,2.84923,1.71408,2.39949,0.66489,1.21081,15.39857,15.39857,0.0,3119.28141,3119.28141,0.0,0.0,0.0,0.04883,2.84923,2.39949,1.21081,0.70782,0.70782,1.0,0.71435,0.54913,1.0,0.0,1.0,0.0,0.00163,0.00163,0.0
pca,machine-2-7,0,ramp,W2p_split_f0995,38,64,R_all,0.05062,0.05062,2.78491,2.78491,2.38624,2.38624,1.17595,1.17595,0.0,15.39857,12.83113,0.0,3119.28141,6.16174,38.0,0.0,0.04883,2.84923,2.39949,1.21081,0.97742,1.0,0.97742,1.0,1.0,0.0,0.83327,0.0,0.40015,0.0,0.00179,0.00179
pca,machine-2-7,0,ramp,W2p_split_f0995,38,64,R_fault,0.0498,0.04989,2.78099,2.80385,2.37823,2.39031,1.17061,1.18651,0.73596,15.39857,9.64489,390.35353,3119.28141,4.8665,30.0,0.0,0.04883,2.84923,2.39949,1.21081,0.97605,0.99185,0.98407,0.99495,0.9866,0.04779,0.62635,0.12514,0.31604,-8e-05,0.00098,0.00106
pca,machine-2-7,0,ramp,W2p_split_f0995,38,64,R_fault_rec,0.05062,0.05062,2.78491,2.78491,2.38624,2.38624,1.17595,1.17595,0.0,15.39857,12.83113,0.0,3119.28141,6.16174,38.0,0.0,0.04883,2.84923,2.39949,1.21081,0.97742,1.0,0.97742,1.0,1.0,0.0,0.83327,0.0,0.40015,0.0,0.00179,0.00179
pca,machine-2-7,0,ramp,W2p_split_f0995,46,0,R0,0.08276,0.0734,1.26876,2.60146,1.15902,2.28289,0.21447,1.08516,25.42632,25.42632,0.0,4130.11396,4130.11396,0.0,0.0,0.0,0.0734,2.60146,2.28289,1.08516,0.48771,0.48771,1.0,0.5077,0.19764,1.0,0.0,1.0,0.0,0.00936,0.00936,0.0
pca,machine-2-7,0,ramp,W2p_split_f0995,46,0,R_all,0.0909,0.0909,2.24012,2.24012,2.0675,2.0675,0.90006,0.90006,0.0,25.42632,42.84488,0.0,4130.11396,0.0,46.0,0.0,0.0734,2.60146,2.28289,1.08516,0.8611,1.0,0.8611,1.0,1.0,0.0,1.68506,0.0,0.0,0.0,0.0175,0.0175
pca,machine-2-7,0,ramp,W2p_split_f0995,46,0,R_fault,0.08252,0.0826,2.32413,2.42513,2.11789,2.19111,0.92152,0.99447,2.00495,25.42632,21.63249,516.85128,4130.11396,2.49395,30.0,0.0,0.0734,2.60146,2.28289,1.08516,0.89339,0.95835,0.93222,0.96658,0.92664,0.07885,0.85079,0.12514,0.09809,-8e-05,0.00911,0.0092
pca,machine-2-7,0,ramp,W2p_split_f0995,46,0,R_fault_rec,0.08366,0.08366,2.34604,2.34604,2.14211,2.14211,0.95465,0.95465,0.0,25.42632,30.84538,0.0,4130.11396,2.0056,38.0,0.0,0.0734,2.60146,2.28289,1.08516,0.90182,1.0,0.90182,1.0,1.0,0.0,1.21313,0.0,0.07888,0.0,0.01025,0.01025
pca,machine-2-7,0,ramp,W2p_split_f0995,46,64,R0,0.04826,0.04785,2.11375,2.89695,1.78531,2.42795,0.72219,1.23735,14.40114,14.40114,0.0,2996.67195,2996.67195,0.0,0.0,0.0,0.04785,2.89695,2.42795,1.23735,0.72965,0.72965,1.0,0.73532,0.58366,1.0,0.0,1.0,0.0,0.00041,0.00041,0.0
pca,machine-2-7,0,ramp,W2p_split_f0995,46,64,R_all,0.04899,0.04899,2.83123,2.83123,2.41948,2.41948,1.20013,1.20013,0.0,14.40114,14.53928,0.0,2996.67195,7.44123,46.0,0.0,0.04785,2.89695,2.42795,1.23735,0.97731,1.0,0.97731,1.0,1.0,0.0,1.00959,0.0,0.51671,0.0,0.00114,0.00114
pca,machine-2-7,0,ramp,W2p_split_f0995,46,64,R_fault,0.04826,0.0481,2.84543,2.86345,2.4167,2.42519,1.20699,1.21934,0.65546,14.40114,8.73406,375.00992,2996.67195,4.82476,30.0,0.0,0.04785,2.89695,2.42795,1.23735,0.98221,0.99371,0.98843,0.9965,0.98987,0.04551,0.60648,0.12514,0.33503,0.00016,0.00041,0.00024
pca,machine-2-7,0,ramp,W2p_split_f0995,46,64,R_fault_rec,0.04842,0.04842,2.84915,2.84915,2.42377,2.42377,1.21123,1.21123,0.0,14.40114,11.55288,0.0,2996.67195,6.14818,38.0,0.0,0.04785,2.89695,2.42795,1.23735,0.9835,1.0,0.9835,1.0,1.0,0.0,0.80222,0.0,0.42692,0.0,0.00057,0.00057
pca,machine-2-7,0,ramp,W3_b01,30,0,R0,0.32951,0.20093,-0.82484,3.14095,-0.48724,2.6273,-0.77689,1.42436,72.90957,72.90957,0.0,146.20981,146.20981,0.0,0.0,30.0,0.20093,3.14095,2.6273,1.42436,-0.26261,-0.26261,1.0,-0.18545,-0.54543,1.0,0.0,1.0,0.0,0.12858,0.12858,0.0
pca,machine-2-7,0,ramp,W3_b01,30,0,R_all,0.31673,0.31673,2.4495,2.4495,2.16797,2.16797,1.00674,1.00674,0.0,72.90957,50.49055,0.0,146.20981,0.0,30.0,0.0,0.20093,3.14095,2.6273,1.42436,0.77986,1.0,0.77986,1.0,1.0,0.0,0.69251,0.0,0.0,0.0,0.1158,0.1158
pca,machine-2-7,0,ramp,W3_b01,30,0,R_fault,0.31673,0.31673,2.4495,2.4495,2.16797,2.16797,1.00674,1.00674,0.0,72.90957,50.49055,0.0,146.20981,0.0,30.0,0.0,0.20093,3.14095,2.6273,1.42436,0.77986,1.0,0.77986,1.0,1.0,0.0,0.69251,0.0,0.0,0.0,0.1158,0.1158
pca,machine-2-7,0,ramp,W3_b01,30,0,R_fault_rec,0.31673,0.31673,2.4495,2.4495,2.16797,2.16797,1.00674,1.00674,0.0,72.90957,50.49055,0.0,146.20981,0.0,30.0,0.0,0.20093,3.14095,2.6273,1.42436,0.77986,1.0,0.77986,1.0,1.0,0.0,0.69251,0.0,0.0,0.0,0.1158,0.1158
pca,machine-2-7,0,ramp,W3_b01,30,64,R0,0.17611,0.16943,2.1135,3.45101,1.79496,2.92128,0.90847,1.6222,17.4869,17.4869,0.0,101.78257,101.78257,0.0,0.0,94.0,0.16943,3.45101,2.92128,1.6222,0.61243,0.61243,1.0,0.61444,0.56002,1.0,0.0,1.0,0.0,0.00667,0.00667,0.0
pca,machine-2-7,0,ramp,W3_b01,30,64,R_all,0.17424,0.17131,3.31727,3.43758,2.80658,2.90576,1.53982,1.61223,5.61148,17.4869,2.81481,35.38366,101.78257,0.0,30.0,64.0,0.16943,3.45101,2.92128,1.6222,0.96125,0.965,0.99611,0.96587,0.95508,0.3209,0.16097,0.34764,0.0,0.00293,0.0048,0.00187
pca,machine-2-7,0,ramp,W3_b01,30,64,R_fault,0.17424,0.17131,3.31727,3.43758,2.80658,2.90576,1.53982,1.61223,5.61148,17.4869,2.81481,35.38366,101.78257,0.0,30.0,64.0,0.16943,3.45101,2.92128,1.6222,0.96125,0.965,0.99611,0.96587,0.95508,0.3209,0.16097,0.34764,0.0,0.00293,0.0048,0.00187
pca,machine-2-7,0,ramp,W3_b01,30,64,R_fault_rec,0.17057,0.17057,3.44954,3.44954,2.90982,2.90982,1.62117,1.62117,0.0,17.4869,3.69684,0.0,101.78257,0.0,38.0,56.0,0.16943,3.45101,2.92128,1.6222,0.99957,1.0,0.99957,1.0,1.0,0.0,0.21141,0.0,0.0,0.0,0.00114,0.00114
pca,machine-2-7,0,ramp,W3_b01,38,0,R0,0.26074,0.19352,0.48241,3.17969,0.51206,2.65794,-0.37916,1.44691,49.33887,49.33887,0.0,116.6328,116.6328,0.0,0.0,38.0,0.19352,3.17969,2.65794,1.44691,0.15172,0.15172,1.0,0.19265,-0.26205,1.0,0.0,1.0,0.0,0.06722,0.06722,0.0
pca,machine-2-7,0,ramp,W3_b01,38,0,R_all,0.31673,0.31673,2.4495,2.4495,2.16797,2.16797,1.00674,1.00674,0.0,49.33887,54.33993,0.0,116.6328,0.0,38.0,0.0,0.19352,3.17969,2.65794,1.44691,0.77036,1.0,0.77036,1.0,1.0,0.0,1.10136,0.0,0.0,0.0,0.12321,0.12321
pca,machine-2-7,0,ramp,W3_b01,38,0,R_fault,0.25293,0.23413,2.48072,2.91599,2.15356,2.46659,0.91883,1.27641,15.51084,49.33887,25.75818,39.56827,116.6328,0.0,30.0,8.0,0.19352,3.17969,2.65794,1.44691,0.78018,0.85073,0.91707,0.87309,0.71986,0.31437,0.52207,0.33926,0.0,0.0188,0.05941,0.04061
pca,machine-2-7,0,ramp,W3_b01,38,0,R_fault_rec,0.31673,0.31673,2.4495,2.4495,2.16797,2.16797,1.00674,1.00674,0.0,49.33887,54.33993,0.0,116.6328,0.0,38.0,0.0,0.19352,3.17969,2.65794,1.44691,0.77036,1.0,0.77036,1.0,1.0,0.0,1.10136,0.0,0.0,0.0,0.12321,0.12321
pca,machine-2-7,0,ramp,W3_b01,38,64,R0,0.17375,0.1652,2.18086,3.5049,1.84802,2.96735,0.96027,1.66442,17.20194,17.20194,0.0,101.6517,101.6517,0.0,0.0,102.0,0.1652,3.5049,2.96735,1.66442,0.62223,0.62223,1.0,0.62279,0.57694,1.0,0.0,1.0,0.0,0.00854,0.00854,0.0
pca,machine-2-7,0,ramp,W3_b01,38,64,R_all,0.16439,0.16439,3.50541,3.50541,2.96241,2.96241,1.6642,1.6642,0.0,17.20194,3.52363,0.0,101.6517,0.0,38.0,64.0,0.1652,3.5049,2.96735,1.66442,1.00015,1.0,1.00015,1.0,1.0,0.0,0.20484,0.0,0.0,0.0,-0.00081,-0.00081
pca,machine-2-7,0,ramp,W3_b01,38,64,R_fault,0.16951,0.16602,3.37629,3.49104,2.85865,2.95494,1.58794,1.65358,5.55738,17.20194,2.54943,35.33652,101.6517,0.0,30.0,72.0,0.1652,3.5049,2.96735,1.66442,0.96331,0.96713,0.99605,0.96741,0.9603,0.32307,0.14821,0.34762,0.0,0.0035,0.00431,0.00081
pca,machine-2-7,0,ramp,W3_b01,38,64,R_fault_rec,0.16439,0.16439,3.50541,3.50541,2.96241,2.96241,1.6642,1.6642,0.0,17.20194,3.52363,0.0,101.6517,0.0,38.0,64.0,0.1652,3.5049,2.96735,1.66442,1.00015,1.0,1.00015,1.0,1.0,0.0,0.20484,0.0,0.0,0.0,-0.00081,-0.00081
pca,machine-2-7,0,ramp,W3_b01,46,0,R0,0.21899,0.19124,1.23592,3.20234,1.07126,2.69567,0.19128,1.463,32.1057,32.1057,0.0,106.93588,106.93588,0.0,0.0,46.0,0.19124,3.20234,2.69567,1.463,0.38594,0.38594,1.0,0.3974,0.13074,1.0,0.0,1.0,0.0,0.02775,0.02775,0.0
pca,machine-2-7,0,ramp,W3_b01,46,0,R_all,0.31673,0.31673,2.4495,2.4495,2.16797,2.16797,1.00674,1.00674,0.0,32.1057,58.01396,0.0,106.93588,0.0,46.0,0.0,0.19124,3.20234,2.69567,1.463,0.76491,1.0,0.76491,1.0,1.0,0.0,1.80697,0.0,0.0,0.0,0.12549,0.12549
pca,machine-2-7,0,ramp,W3_b01,46,0,R_fault,0.21411,0.20394,2.84198,3.10483,2.40878,2.60687,1.18098,1.3982,10.39877,32.1057,13.18979,36.82029,106.93588,0.0,30.0,16.0,0.19124,3.20234,2.69567,1.463,0.88747,0.91534,0.96955,0.92401,0.84464,0.32389,0.41082,0.34432,0.0,0.01017,0.02287,0.0127
pca,machine-2-7,0,ramp,W3_b01,46,0,R_fault_rec,0.22656,0.22656,2.94365,2.94365,2.5004,2.5004,1.29569,1.29569,0.0,32.1057,28.00466,0.0,106.93588,0.0,38.0,8.0,0.19124,3.20234,2.69567,1.463,0.91922,1.0,0.91922,1.0,1.0,0.0,0.87226,0.0,0.0,0.0,0.03532,0.03532
pca,machine-2-7,0,ramp,W3_b01,46,64,R0,0.15641,0.14974,2.29254,3.63395,1.92184,3.04742,1.02475,1.7554,16.74615,16.74615,0.0,101.44384,101.44384,0.0,0.0,110.0,0.14974,3.63395,3.04742,1.7554,0.63087,0.63087,1.0,0.63065,0.58377,1.0,0.0,1.0,0.0,0.00667,0.00667,0.0
pca,machine-2-7,0,ramp,W3_b01,46,64,R_all,0.14624,0.14624,3.63275,3.63275,3.04072,3.04072,1.75457,1.75457,0.0,16.74615,3.71177,0.0,101.44384,0.0,46.0,64.0,0.14974,3.63395,3.04742,1.7554,0.99967,1.0,0.99967,1.0,1.0,0.0,0.22165,0.0,0.0,0.0,-0.0035,-0.0035
pca,machine-2-7,0,ramp,W3_b01,46,64,R_fault,0.15234,0.14974,3.49698,3.62072,2.93769,3.03804,1.66876,1.74464,5.4322,16.74615,2.30841,35.27395,101.44384,0.0,30.0,80.0,0.14974,3.63395,3.04742,1.7554,0.96231,0.96583,0.99636,0.96697,0.95651,0.32438,0.13785,0.34772,0.0,0.0026,0.0026,0.0
pca,machine-2-7,0,ramp,W3_b01,46,64,R_fault_rec,0.14762,0.14762,3.62771,3.62771,3.04114,3.04114,1.75075,1.75075,0.0,16.74615,2.95953,0.0,101.44384,0.0,38.0,72.0,0.14974,3.63395,3.04742,1.7554,0.99828,1.0,0.99828,1.0,1.0,0.0,0.17673,0.0,0.0,0.0,-0.00212,-0.00212
pca,machine-2-7,0,ramp,W3_b05,30,0,R0,0.44141,0.15088,-2.61082,3.47529,-1.75062,2.82237,-1.70523,1.69487,129.70147,129.70147,0.0,237.29351,237.29351,0.0,0.0,30.0,0.15088,3.47529,2.82237,1.69487,-0.75125,-0.75125,1.0,-0.62026,-1.00611,1.0,0.0,1.0,0.0,0.29053,0.29053,0.0
pca,machine-2-7,0,ramp,W3_b05,30,0,R_all,0.27661,0.27661,2.42009,2.42009,2.14041,2.14041,1.05729,1.05729,0.0,129.70147,86.86025,0.0,237.29351,0.0,30.0,0.0,0.15088,3.47529,2.82237,1.69487,0.69637,1.0,0.69637,1.0,1.0,0.0,0.66969,0.0,0.0,0.0,0.12573,0.12573
pca,machine-2-7,0,ramp,W3_b05,30,0,R_fault,0.27661,0.27661,2.42009,2.42009,2.14041,2.14041,1.05729,1.05729,0.0,129.70147,86.86025,0.0,237.29351,0.0,30.0,0.0,0.15088,3.47529,2.82237,1.69487,0.69637,1.0,0.69637,1.0,1.0,0.0,0.66969,0.0,0.0,0.0,0.12573,0.12573
pca,machine-2-7,0,ramp,W3_b05,30,0,R_fault_rec,0.27661,0.27661,2.42009,2.42009,2.14041,2.14041,1.05729,1.05729,0.0,129.70147,86.86025,0.0,237.29351,0.0,30.0,0.0,0.15088,3.47529,2.82237,1.69487,0.69637,1.0,0.69637,1.0,1.0,0.0,0.66969,0.0,0.0,0.0,0.12573,0.12573
pca,machine-2-7,0,ramp,W3_b05,30,64,R0,0.16821,0.15511,3.73204,3.60823,3.14053,2.98888,1.89818,1.80483,22.68068,22.68068,0.0,167.64957,167.64957,0.0,0.0,94.0,0.15511,3.60823,2.98888,1.80483,1.03431,1.03431,1.0,1.05074,1.05172,1.0,0.0,1.0,0.0,0.0131,0.0131,0.0
pca,machine-2-7,0,ramp,W3_b05,30,64,R_all,0.16292,0.15625,3.2245,3.55152,2.66867,2.95376,1.60488,1.76396,19.05152,22.68068,6.55463,116.72119,167.64957,0.0,30.0,64.0,0.15511,3.60823,2.98888,1.80483,0.89365,0.90792,0.98428,0.90348,0.90981,0.83999,0.289,0.69622,0.0,0.00667,0.00781,0.00114
pca,machine-2-7,0,ramp,W3_b05,30,64,R_fault,0.16292,0.15625,3.2245,3.55152,2.66867,2.95376,1.60488,1.76396,19.05152,22.68068,6.55463,116.72119,167.64957,0.0,30.0,64.0,0.15511,3.60823,2.98888,1.80483,0.89365,0.90792,0.98428,0.90348,0.90981,0.83999,0.289,0.69622,0.0,0.00667,0.00781,0.00114
pca,machine-2-7,0,ramp,W3_b05,30,64,R_fault_rec,0.15568,0.15568,3.56591,3.56591,2.9583,2.9583,1.77607,1.77607,0.0,22.68068,7.47074,0.0,167.64957,0.0,38.0,56.0,0.15511,3.60823,2.98888,1.80483,0.98827,1.0,0.98827,1.0,1.0,0.0,0.32939,0.0,0.0,0.0,0.00057,0.00057
pca,machine-2-7,0,ramp,W3_b05,38,0,R0,0.21191,0.16235,2.0734,3.45625,1.79904,2.83934,0.30067,1.69029,56.79925,56.79925,0.0,187.01086,187.01086,0.0,0.0,38.0,0.16235,3.45625,2.83934,1.69029,0.5999,0.5999,1.0,0.63361,0.17788,1.0,0.0,1.0,0.0,0.04956,0.04956,0.0
pca,machine-2-7,0,ramp,W3_b05,38,0,R_all,0.27661,0.27661,2.42009,2.42009,2.14041,2.14041,1.05729,1.05729,0.0,56.79925,87.67038,0.0,187.01086,0.0,38.0,0.0,0.16235,3.45625,2.83934,1.69029,0.70021,1.0,0.70021,1.0,1.0,0.0,1.54351,0.0,0.0,0.0,0.11426,0.11426
pca,machine-2-7,0,ramp,W3_b05,38,0,R_fault,0.20044,0.16357,2.48384,3.4215,2.03965,2.81547,0.88912,1.66968,43.68326,56.79925,9.4187,128.60731,187.01086,0.0,30.0,8.0,0.16235,3.45625,2.83934,1.69029,0.71865,0.72595,0.98995,0.72444,0.53251,0.76908,0.16582,0.6877,0.0,0.03687,0.03809,0.00122
pca,machine-2-7,0,ramp,W3_b05,38,0,R_fault_rec,0.27661,0.27661,2.42009,2.42009,2.14041,2.14041,1.05729,1.05729,0.0,56.79925,87.67038,0.0,187.01086,0.0,38.0,0.0,0.16235,3.45625,2.83934,1.69029,0.70021,1.0,0.70021,1.0,1.0,0.0,1.54351,0.0,0.0,0.0,0.11426,0.11426
pca,machine-2-7,0,ramp,W3_b05,38,64,R0,0.11418,0.10645,4.02843,3.86626,3.45504,3.27124,2.11714,1.97935,22.71186,22.71186,0.0,167.06711,167.06711,0.0,0.0,102.0,0.10645,3.86626,3.27124,1.97935,1.04195,1.04195,1.0,1.05619,1.06962,1.0,0.0,1.0,0.0,0.00773,0.00773,0.0
pca,machine-2-7,0,ramp,W3_b05,38,64,R_all,0.10189,0.10189,3.82177,3.82177,3.23648,3.23648,1.9515,1.9515,0.0,22.71186,7.27771,0.0,167.06711,0.0,38.0,64.0,0.10645,3.86626,3.27124,1.97935,0.98849,1.0,0.98849,1.0,1.0,0.0,0.32044,0.0,0.0,0.0,-0.00456,-0.00456
pca,machine-2-7,0,ramp,W3_b05,38,64,R_fault,0.10539,0.10254,3.48814,3.81092,2.95335,3.23239,1.79333,1.94018,19.13771,22.71186,6.70459,116.4186,167.06711,0.0,30.0,72.0,0.10645,3.86626,3.27124,1.97935,0.9022,0.9153,0.98569,0.91367,0.92431,0.84263,0.2952,0.69684,0.0,0.00285,-0.00106,-0.00391
pca,machine-2-7,0,ramp,W3_b05,38,64,R_fault_rec,0.10189,0.10189,3.82177,3.82177,3.23648,3.23648,1.9515,1.9515,0.0,22.71186,7.27771,0.0,167.06711,0.0,38.0,64.0,0.10645,3.86626,3.27124,1.97935,0.98849,1.0,0.98849,1.0,1.0,0.0,0.32044,0.0,0.0,0.0,-0.00456,-0.00456
pca,machine-2-7,0,ramp,W3_b05,46,0,R0,0.1818,0.16577,3.63424,3.52851,3.07012,2.95705,1.79801,1.75668,26.54342,26.54342,0.0,174.23071,174.23071,0.0,0.0,46.0,0.16577,3.52851,2.95705,1.75668,1.02997,1.02997,1.0,1.03824,1.02353,1.0,0.0,1.0,0.0,0.01603,0.01603,0.0
pca,machine-2-7,0,ramp,W3_b05,46,0,R_all,0.27661,0.27661,2.42009,2.42009,2.14041,2.14041,1.05729,1.05729,0.0,26.54342,94.90286,0.0,174.23071,0.0,46.0,0.0,0.16577,3.52851,2.95705,1.75668,0.68587,1.0,0.68587,1.0,1.0,0.0,3.57538,0.0,0.0,0.0,0.11084,0.11084
pca,machine-2-7,0,ramp,W3_b05,46,0,R_fault,0.17521,0.17065,3.18327,3.48196,2.66119,2.90687,1.57371,1.72191,21.05013,26.54342,7.89457,119.81421,174.23071,0.0,30.0,16.0,0.16577,3.52851,2.95705,1.75668,0.90216,0.91422,0.98681,0.91548,0.91393,0.79305,0.29742,0.68768,0.0,0.00456,0.00944,0.00488
pca,machine-2-7,0,ramp,W3_b05,46,0,R_fault_rec,0.15633,0.15633,3.52836,3.52836,2.93312,2.93312,1.7493,1.7493,0.0,26.54342,10.65631,0.0,174.23071,0.0,38.0,8.0,0.16577,3.52851,2.95705,1.75668,0.99996,1.0,0.99996,1.0,1.0,0.0,0.40147,0.0,0.0,0.0,-0.00944,-0.00944
pca,machine-2-7,0,ramp,W3_b05,46,64,R0,0.09147,0.09025,4.34933,4.19415,3.63072,3.38412,2.31867,2.19315,22.83016,22.83016,0.0,166.50705,166.50705,0.0,0.0,110.0,0.09025,4.19415,3.38412,2.19315,1.037,1.037,1.0,1.07287,1.05723,1.0,0.0,1.0,0.0,0.00122,0.00122,0.0
pca,machine-2-7,0,ramp,W3_b05,46,64,R_all,0.08805,0.08805,4.14873,4.14873,3.34314,3.34314,2.16085,2.16085,0.0,22.83016,8.00297,0.0,166.50705,0.0,46.0,64.0,0.09025,4.19415,3.38412,2.19315,0.98917,1.0,0.98917,1.0,1.0,0.0,0.35054,0.0,0.0,0.0,-0.0022,-0.0022
pca,machine-2-7,0,ramp,W3_b05,46,64,R_fault,0.08936,0.08993,3.79515,4.14471,3.09065,3.35232,1.97446,2.15301,18.71592,22.83016,6.08967,116.11426,166.50705,0.0,30.0,80.0,0.09025,4.19415,3.38412,2.19315,0.90487,0.91566,0.98821,0.92194,0.91707,0.81979,0.26674,0.69735,0.0,-0.00057,-0.0009,-0.00033
pca,machine-2-7,0,ramp,W3_b05,46,64,R_fault_rec,0.08993,0.08993,4.14532,4.14532,3.34791,3.34791,2.15655,2.15655,0.0,22.83016,6.58456,0.0,166.50705,0.0,38.0,72.0,0.09025,4.19415,3.38412,2.19315,0.98836,1.0,0.98836,1.0,1.0,0.0,0.28842,0.0,0.0,0.0,-0.00033,-0.00033
pca,machine-3-7,0,level,W1,30,0,R0,0.39225,0.2002,-2.82748,3.05586,-2.4585,2.28754,-2.17698,1.45465,137.88899,137.88899,0.0,0.0,0.0,0.0,0.0,0.0,0.2002,3.05586,2.28754,1.45465,-0.92526,-0.92526,1.0,-1.07473,-1.49657,1.0,0.0,,0.0,0.19206,0.19206,0.0
pca,machine-3-7,0,level,W1,30,0,R_all,0.16488,0.16488,1.67174,1.67174,1.38675,1.38675,0.53462,0.53462,0.0,137.88899,193.0816,0.0,0.0,0.0,30.0,0.0,0.2002,3.05586,2.28754,1.45465,0.54706,1.0,0.54706,1.0,1.0,0.0,1.40027,,0.0,0.0,-0.03532,-0.03532
pca,machine-3-7,0,level,W1,30,0,R_fault,0.16488,0.16488,1.67174,1.67174,1.38675,1.38675,0.53462,0.53462,0.0,137.88899,193.0816,0.0,0.0,0.0,30.0,0.0,0.2002,3.05586,2.28754,1.45465,0.54706,1.0,0.54706,1.0,1.0,0.0,1.40027,,0.0,0.0,-0.03532,-0.03532
pca,machine-3-7,0,level,W1,30,0,R_fault_rec,0.16488,0.16488,1.67174,1.67174,1.38675,1.38675,0.53462,0.53462,0.0,137.88899,193.0816,0.0,0.0,0.0,30.0,0.0,0.2002,3.05586,2.28754,1.45465,0.54706,1.0,0.54706,1.0,1.0,0.0,1.40027,,0.0,0.0,-0.03532,-0.03532
pca,machine-3-7,0,level,W1,30,64,R0,0.1617,0.15649,1.39575,3.50422,1.05922,2.53949,1.35831,1.65049,36.02439,36.02439,0.0,0.0,0.0,0.0,0.0,0.0,0.15649,3.50422,2.53949,1.65049,0.3983,0.3983,1.0,0.4171,0.82297,1.0,0.0,,0.0,0.00521,0.00521,0.0
pca,machine-3-7,0,level,W1,30,64,R_all,0.16203,0.15999,3.66308,3.52733,2.84416,2.56592,1.92258,1.65791,10.57985,36.02439,14.53077,0.0,0.0,0.0,30.0,0.0,0.15649,3.50422,2.53949,1.65049,1.04533,1.03848,1.0066,1.10843,1.15964,0.29369,0.40336,,0.0,0.00203,0.00553,0.0035
pca,machine-3-7,0,level,W1,30,64,R_fault,0.16203,0.15999,3.66308,3.52733,2.84416,2.56592,1.92258,1.65791,10.57985,36.02439,14.53077,0.0,0.0,0.0,30.0,0.0,0.15649,3.50422,2.53949,1.65049,1.04533,1.03848,1.0066,1.10843,1.15964,0.29369,0.40336,,0.0,0.00203,0.00553,0.0035
pca,machine-3-7,0,level,W1,30,64,R_fault_rec,0.16203,0.16203,3.54516,3.54516,2.57671,2.57671,1.64798,1.64798,0.0,36.02439,17.9877,0.0,0.0,0.0,38.0,0.0,0.15649,3.50422,2.53949,1.65049,1.01168,1.0,1.01168,1.0,1.0,0.0,0.49932,,0.0,0.0,0.00553,0.00553
pca,machine-3-7,0,level,W1,38,0,R0,0.26416,0.19385,-1.15229,3.09243,-0.97521,2.35227,-0.80406,1.47531,97.43838,97.43838,0.0,0.0,0.0,0.0,0.0,0.0,0.19385,3.09243,2.35227,1.47531,-0.37262,-0.37262,1.0,-0.41458,-0.54501,1.0,0.0,,0.0,0.07031,0.07031,0.0
pca,machine-3-7,0,level,W1,38,0,R_all,0.16488,0.16488,1.67174,1.67174,1.38675,1.38675,0.53462,0.53462,0.0,97.43838,192.67743,0.0,0.0,0.0,38.0,0.0,0.19385,3.09243,2.35227,1.47531,0.54059,1.0,0.54059,1.0,1.0,0.0,1.97743,,0.0,0.0,-0.02897,-0.02897
pca,machine-3-7,0,level,W1,38,0,R_fault,0.17782,0.18831,2.7704,3.1714,2.20701,2.37771,1.26276,1.57621,26.88263,97.43838,31.88675,0.0,0.0,0.0,30.0,0.0,0.19385,3.09243,2.35227,1.47531,0.89586,0.87356,1.02554,0.92821,0.80114,0.27589,0.32725,,0.0,-0.0105,-0.01603,-0.00553
pca,machine-3-7,0,level,W1,38,0,R_fault_rec,0.16488,0.16488,1.67174,1.67174,1.38675,1.38675,0.53462,0.53462,0.0,97.43838,192.67743,0.0,0.0,0.0,38.0,0.0,0.19385,3.09243,2.35227,1.47531,0.54059,1.0,0.54059,1.0,1.0,0.0,1.97743,,0.0,0.0,-0.02897,-0.02897
pca,machine-3-7,0,level,W1,38,64,R0,0.15682,0.15088,1.66211,3.59033,1.11067,2.54298,1.60106,1.673,33.8707,33.8707,0.0,0.0,0.0,0.0,0.0,0.0,0.15088,3.59033,2.54298,1.673,0.46294,0.46294,1.0,0.43676,0.957,1.0,0.0,,0.0,0.00594,0.00594,0.0
pca,machine-3-7,0,level,W1,38,64,R_all,0.15658,0.15658,3.64382,3.64382,2.60154,2.60154,1.68723,1.68723,0.0,33.8707,16.57117,0.0,0.0,0.0,38.0,0.0,0.15088,3.59033,2.54298,1.673,1.0149,1.0,1.0149,1.0,1.0,0.0,0.48925,,0.0,0.0,0.0057,0.0057
pca,machine-3-7,0,level,W1,38,64,R_fault,0.15666,0.1543,3.89473,3.62728,2.88573,2.59349,2.09946,1.69317,9.76113,33.8707,13.49003,0.0,0.0,0.0,30.0,0.0,0.15088,3.59033,2.54298,1.673,1.08478,1.07373,1.01029,1.11268,1.23996,0.28819,0.39828,,0.0,0.00236,0.00578,0.00342
pca,machine-3-7,0,level,W1,38,64,R_fault_rec,0.15658,0.15658,3.64382,3.64382,2.60154,2.60154,1.68723,1.68723,0.0,33.8707,16.57117,0.0,0.0,0.0,38.0,0.0,0.15088,3.59033,2.54298,1.673,1.0149,1.0,1.0149,1.0,1.0,0.0,0.48925,,0.0,0.0,0.0057,0.0057
pca,machine-3-7,0,level,W1,46,0,R0,0.19263,0.19344,0.40174,3.13304,0.28645,2.34192,0.58604,1.5071,54.05165,54.05165,0.0,0.0,0.0,0.0,0.0,0.0,0.19344,3.13304,2.34192,1.5071,0.12823,0.12823,1.0,0.12232,0.38886,1.0,0.0,,0.0,-0.00081,-0.00081,0.0
pca,machine-3-7,0,level,W1,46,0,R_all,0.16488,0.16488,1.67174,1.67174,1.38675,1.38675,0.53462,0.53462,0.0,54.05165,192.34022,0.0,0.0,0.0,46.0,0.0,0.19344,3.13304,2.34192,1.5071,0.53358,1.0,0.53358,1.0,1.0,0.0,3.55845,,0.0,0.0,-0.02856,-0.02856
pca,machine-3-7,0,level,W1,46,0,R_fault,0.1814,0.18677,3.11665,3.22395,2.45951,2.41498,1.52819,1.56584,19.08442,54.05165,27.23421,0.0,0.0,0.0,30.0,0.0,0.19344,3.13304,2.34192,1.5071,0.99477,0.96672,1.02902,1.01844,0.97596,0.35308,0.50386,,0.0,-0.00537,-0.01204,-0.00667
pca,machine-3-7,0,level,W1,46,0,R_fault_rec,0.18156,0.18156,3.2516,3.2516,2.43401,2.43401,1.49589,1.49589,0.0,54.05165,32.44713,0.0,0.0,0.0,38.0,0.0,0.19344,3.13304,2.34192,1.5071,1.03784,1.0,1.03784,1.0,1.0,0.0,0.6003,,0.0,0.0,-0.01188,-0.01188
pca,machine-3-7,0,level,W1,46,64,R0,0.1521,0.14608,1.74717,3.6345,1.18095,2.58893,1.60651,1.7073,32.04793,32.04793,0.0,0.0,0.0,0.0,0.0,0.0,0.14608,3.6345,2.58893,1.7073,0.48072,0.48072,1.0,0.45616,0.94097,1.0,0.0,,0.0,0.00602,0.00602,0.0
pca,machine-3-7,0,level,W1,46,64,R_all,0.15747,0.15747,3.70898,3.70898,2.64177,2.64177,1.71335,1.71335,0.0,32.04793,18.72679,0.0,0.0,0.0,46.0,0.0,0.14608,3.6345,2.58893,1.7073,1.02049,1.0,1.02049,1.0,1.0,0.0,0.58434,,0.0,0.0,0.01139,0.01139
pca,machine-3-7,0,level,W1,46,64,R_fault,0.1521,0.15023,3.93363,3.69457,2.94058,2.63079,2.12639,1.74514,9.25037,32.04793,12.351,0.0,0.0,0.0,30.0,0.0,0.14608,3.6345,2.58893,1.7073,1.0823,1.06471,1.01653,1.11775,1.21846,0.28864,0.38539,,0.0,0.00187,0.00602,0.00415
pca,machine-3-7,0,level,W1,46,64,R_fault_rec,0.1521,0.1521,3.69734,3.69734,2.64138,2.64138,1.72699,1.72699,0.0,32.04793,15.20868,0.0,0.0,0.0,38.0,0.0,0.14608,3.6345,2.58893,1.7073,1.01729,1.0,1.01729,1.0,1.0,0.0,0.47456,,0.0,0.0,0.00602,0.00602
pca,machine-3-7,0,level,W2p_split_f0995,30,0,R0,0.10229,0.08504,0.67175,2.56365,0.57619,2.29712,-0.18682,1.10337,42.62209,42.62209,0.0,4716.35498,4716.35498,0.0,0.0,0.0,0.08504,2.56365,2.29712,1.10337,0.26203,0.26203,1.0,0.25083,-0.16932,1.0,0.0,1.0,0.0,0.01725,0.01725,0.0
pca,machine-3-7,0,level,W2p_split_f0995,30,0,R_all,0.15283,0.15283,1.80936,1.80936,1.70635,1.70635,0.72559,0.72559,0.0,42.62209,65.391,0.0,4716.35498,0.0,30.0,0.0,0.08504,2.56365,2.29712,1.10337,0.70578,1.0,0.70578,1.0,1.0,0.0,1.5342,0.0,0.0,0.0,0.06779,0.06779
pca,machine-3-7,0,level,W2p_split_f0995,30,0,R_fault,0.15283,0.15283,1.80936,1.80936,1.70635,1.70635,0.72559,0.72559,0.0,42.62209,65.391,0.0,4716.35498,0.0,30.0,0.0,0.08504,2.56365,2.29712,1.10337,0.70578,1.0,0.70578,1.0,1.0,0.0,1.5342,0.0,0.0,0.0,0.06779,0.06779
pca,machine-3-7,0,level,W2p_split_f0995,30,0,R_fault_rec,0.15283,0.15283,1.80936,1.80936,1.70635,1.70635,0.72559,0.72559,0.0,42.62209,65.391,0.0,4716.35498,0.0,30.0,0.0,0.08504,2.56365,2.29712,1.10337,0.70578,1.0,0.70578,1.0,1.0,0.0,1.5342,0.0,0.0,0.0,0.06779,0.06779
pca,machine-3-7,0,level,W2p_split_f0995,30,64,R0,0.08236,0.07699,2.15505,3.10869,1.7354,2.54795,0.70311,1.39342,20.95485,20.95485,0.0,3721.9578,3721.9578,0.0,0.0,0.0,0.07699,3.10869,2.54795,1.39342,0.69323,0.69323,1.0,0.6811,0.50459,1.0,0.0,1.0,0.0,0.00537,0.00537,0.0
pca,machine-3-7,0,level,W2p_split_f0995,30,64,R_all,0.07894,0.07902,3.0436,3.06993,2.56043,2.56866,1.3542,1.36831,0.78407,20.95485,15.17208,491.30129,3721.9578,7.07234,30.0,0.0,0.07699,3.10869,2.54795,1.39342,0.97906,0.99142,0.98753,0.9968,0.98969,0.03742,0.72404,0.132,0.3375,-8e-05,0.00195,0.00203
pca,machine-3-7,0,level,W2p_split_f0995,30,64,R_fault,0.07894,0.07902,3.0436,3.06993,2.56043,2.56866,1.3542,1.36831,0.78407,20.95485,15.17208,491.30129,3721.9578,7.07234,30.0,0.0,0.07699,3.10869,2.54795,1.39342,0.97906,0.99142,0.98753,0.9968,0.98969,0.03742,0.72404,0.132,0.3375,-8e-05,0.00195,0.00203
pca,machine-3-7,0,level,W2p_split_f0995,30,64,R_fault_rec,0.07959,0.07959,3.03907,3.03907,2.56774,2.56774,1.35107,1.35107,0.0,20.95485,20.58955,0.0,3721.9578,9.03643,38.0,0.0,0.07699,3.10869,2.54795,1.39342,0.9776,1.0,0.9776,1.0,1.0,0.0,0.98257,0.0,0.43123,0.0,0.0026,0.0026
pca,machine-3-7,0,level,W2p_split_f0995,38,0,R0,0.09692,0.07682,0.89733,2.67359,0.78079,2.36077,-0.07567,1.1574,39.21175,39.21175,0.0,4928.09332,4928.09332,0.0,0.0,0.0,0.07682,2.67359,2.36077,1.1574,0.33563,0.33563,1.0,0.33073,-0.06538,1.0,0.0,1.0,0.0,0.0201,0.0201,0.0
pca,machine-3-7,0,level,W2p_split_f0995,38,0,R_all,0.15283,0.15283,1.80936,1.80936,1.70635,1.70635,0.72559,0.72559,0.0,39.21175,76.6778,0.0,4928.09332,0.0,38.0,0.0,0.07682,2.67359,2.36077,1.1574,0.67675,1.0,0.67675,1.0,1.0,0.0,1.95548,0.0,0.0,0.0,0.07601,0.07601
pca,machine-3-7,0,level,W2p_split_f0995,38,0,R_fault,0.11816,0.11255,1.9515,2.13879,1.8343,1.99062,0.75885,0.89389,3.35721,39.21175,51.20605,650.51211,4928.09332,2.86629,30.0,0.0,0.07682,2.67359,2.36077,1.1574,0.72992,0.91243,0.79997,0.92147,0.84892,0.08562,1.30589,0.132,0.0731,0.00562,0.04134,0.03573
pca,machine-3-7,0,level,W2p_split_f0995,38,0,R_fault_rec,0.15283,0.15283,1.80936,1.80936,1.70635,1.70635,0.72559,0.72559,0.0,39.21175,76.6778,0.0,4928.09332,0.0,38.0,0.0,0.07682,2.67359,2.36077,1.1574,0.67675,1.0,0.67675,1.0,1.0,0.0,1.95548,0.0,0.0,0.0,0.07601,0.07601
pca,machine-3-7,0,level,W2p_split_f0995,38,64,R0,0.08309,0.07788,2.26819,3.15571,1.80735,2.56278,0.77589,1.42163,19.51975,19.51975,0.0,3575.65897,3575.65897,0.0,0.0,0.0,0.07788,3.15571,2.56278,1.42163,0.71876,0.71876,1.0,0.70523,0.54577,1.0,0.0,1.0,0.0,0.00521,0.00521,0.0
pca,machine-3-7,0,level,W2p_split_f0995,38,64,R_all,0.08105,0.08105,3.11557,3.11557,2.59452,2.59452,1.39435,1.39435,0.0,19.51975,18.09953,0.0,3575.65897,8.93372,38.0,0.0,0.07788,3.15571,2.56278,1.42163,0.98728,1.0,0.98728,1.0,1.0,0.0,0.92724,0.0,0.45768,0.0,0.00317,0.00317
pca,machine-3-7,0,level,W2p_split_f0995,38,64,R_fault,0.08,0.07992,3.11677,3.13665,2.58667,2.5907,1.3969,1.40675,0.68427,19.51975,13.44618,471.98974,3575.65897,6.94563,30.0,0.0,0.07788,3.15571,2.56278,1.42163,0.98766,0.99366,0.99396,0.99845,0.99299,0.03506,0.68885,0.132,0.35583,8e-05,0.00212,0.00203
pca,machine-3-7,0,level,W2p_split_f0995,38,64,R_fault_rec,0.08105,0.08105,3.11557,3.11557,2.59452,2.59452,1.39435,1.39435,0.0,19.51975,18.09953,0.0,3575.65897,8.93372,38.0,0.0,0.07788,3.15571,2.56278,1.42163,0.98728,1.0,0.98728,1.0,1.0,0.0,0.92724,0.0,0.45768,0.0,0.00317,0.00317
pca,machine-3-7,0,level,W2p_split_f0995,46,0,R0,0.09041,0.07178,1.16385,2.76432,1.00129,2.4072,0.08537,1.20317,35.18154,35.18154,0.0,4734.38497,4734.38497,0.0,0.0,0.0,0.07178,2.76432,2.4072,1.20317,0.42102,0.42102,1.0,0.41596,0.07095,1.0,0.0,1.0,0.0,0.01864,0.01864,0.0
pca,machine-3-7,0,level,W2p_split_f0995,46,0,R_all,0.15283,0.15283,1.80936,1.80936,1.70635,1.70635,0.72559,0.72559,0.0,35.18154,86.38151,0.0,4734.38497,0.0,46.0,0.0,0.07178,2.76432,2.4072,1.20317,0.65454,1.0,0.65454,1.0,1.0,0.0,2.45531,0.0,0.0,0.0,0.08105,0.08105
pca,machine-3-7,0,level,W2p_split_f0995,46,0,R_fault,0.09611,0.09375,2.24106,2.37931,2.07273,2.17983,0.91714,1.01346,2.54284,35.18154,41.1057,624.94246,4734.38497,4.81437,30.0,0.0,0.07178,2.76432,2.4072,1.20317,0.81071,0.94189,0.86072,0.95087,0.90496,0.07228,1.16839,0.132,0.13684,0.00236,0.02433,0.02197
pca,machine-3-7,0,level,W2p_split_f0995,46,0,R_fault_rec,0.11157,0.11157,2.1536,2.1536,2.00234,2.00234,0.90202,0.90202,0.0,35.18154,60.12235,0.0,4734.38497,4.0201,38.0,0.0,0.07178,2.76432,2.4072,1.20317,0.77907,1.0,0.77907,1.0,1.0,0.0,1.70892,0.0,0.11427,0.0,0.03979,0.03979
pca,machine-3-7,0,level,W2p_split_f0995,46,64,R0,0.08309,0.07829,2.37324,3.20067,1.8693,2.57324,0.84365,1.44883,18.21837,18.21837,0.0,3435.11069,3435.11069,0.0,0.0,0.0,0.07829,3.20067,2.57324,1.44883,0.74148,0.74148,1.0,0.72644,0.58229,1.0,0.0,1.0,0.0,0.0048,0.0048,0.0
pca,machine-3-7,0,level,W2p_split_f0995,46,64,R_all,0.08228,0.08228,3.16008,3.16008,2.61666,2.61666,1.41987,1.41987,0.0,18.21837,20.69233,0.0,3435.11069,10.80941,46.0,0.0,0.07829,3.20067,2.57324,1.44883,0.98732,1.0,0.98732,1.0,1.0,0.0,1.13579,0.0,0.59332,0.0,0.00399,0.00399
pca,machine-3-7,0,level,W2p_split_f0995,46,64,R_fault,0.08146,0.08097,3.18214,3.19683,2.6047,2.60558,1.43562,1.44219,0.60577,18.21837,12.05418,453.43726,3435.11069,6.77879,30.0,0.0,0.07829,3.20067,2.57324,1.44883,0.99421,0.99541,0.9988,0.99966,0.99544,0.03325,0.66165,0.132,0.37209,0.00049,0.00317,0.00269
pca,machine-3-7,0,level,W2p_split_f0995,46,64,R_fault_rec,0.08187,0.08187,3.18315,3.18315,2.61229,2.61229,1.43354,1.43354,0.0,18.21837,16.10479,0.0,3435.11069,8.76003,38.0,0.0,0.07829,3.20067,2.57324,1.44883,0.99453,1.0,0.99453,1.0,1.0,0.0,0.88399,0.0,0.48083,0.0,0.00358,0.00358
pca,machine-3-7,0,level,W3_b01,30,0,R0,0.11589,0.03971,-2.01668,3.54265,-1.647,2.87344,-1.60232,1.58784,110.25419,110.25419,0.0,168.66998,168.66998,0.0,0.0,30.0,0.03971,3.54265,2.87344,1.58784,-0.56926,-0.56926,1.0,-0.57318,-1.00912,1.0,0.0,1.0,0.0,0.07617,0.07617,0.0
pca,machine-3-7,0,level,W3_b01,30,0,R_all,0.09684,0.09684,1.97977,1.97977,1.91823,1.91823,0.76788,0.76788,0.0,110.25419,144.66557,0.0,168.66998,0.0,30.0,0.0,0.03971,3.54265,2.87344,1.58784,0.55884,1.0,0.55884,1.0,1.0,0.0,1.31211,0.0,0.0,0.0,0.05713,0.05713
pca,machine-3-7,0,level,W3_b01,30,0,R_fault,0.09684,0.09684,1.97977,1.97977,1.91823,1.91823,0.76788,0.76788,0.0,110.25419,144.66557,0.0,168.66998,0.0,30.0,0.0,0.03971,3.54265,2.87344,1.58784,0.55884,1.0,0.55884,1.0,1.0,0.0,1.31211,0.0,0.0,0.0,0.05713,0.05713
pca,machine-3-7,0,level,W3_b01,30,0,R_fault_rec,0.09684,0.09684,1.97977,1.97977,1.91823,1.91823,0.76788,0.76788,0.0,110.25419,144.66557,0.0,168.66998,0.0,30.0,0.0,0.03971,3.54265,2.87344,1.58784,0.55884,1.0,0.55884,1.0,1.0,0.0,1.31211,0.0,0.0,0.0,0.05713,0.05713
pca,machine-3-7,0,level,W3_b01,30,64,R0,0.05876,0.06283,2.8914,3.95355,2.45645,3.0847,1.5148,1.83362,15.71829,15.71829,0.0,105.42132,105.42132,0.0,0.0,94.0,0.06283,3.95355,3.0847,1.83362,0.73134,0.73134,1.0,0.79633,0.82613,1.0,0.0,1.0,0.0,-0.00407,-0.00407,0.0
pca,machine-3-7,0,level,W3_b01,30,64,R_all,0.0616,0.06226,3.72909,3.94261,3.01854,3.0843,1.77412,1.82841,6.4506,15.71829,1.33274,47.41677,105.42132,0.0,30.0,64.0,0.06283,3.95355,3.0847,1.83362,0.94323,0.94584,0.99723,0.97868,0.97031,0.41039,0.08479,0.44978,0.0,-0.00065,-0.00122,-0.00057
pca,machine-3-7,0,level,W3_b01,30,64,R_fault,0.0616,0.06226,3.72909,3.94261,3.01854,3.0843,1.77412,1.82841,6.4506,15.71829,1.33274,47.41677,105.42132,0.0,30.0,64.0,0.06283,3.95355,3.0847,1.83362,0.94323,0.94584,0.99723,0.97868,0.97031,0.41039,0.08479,0.44978,0.0,-0.00065,-0.00122,-0.00057
pca,machine-3-7,0,level,W3_b01,30,64,R_fault_rec,0.06185,0.06185,3.94511,3.94511,3.08303,3.08303,1.82828,1.82828,0.0,15.71829,1.67641,0.0,105.42132,0.0,38.0,56.0,0.06283,3.95355,3.0847,1.83362,0.99786,1.0,0.99786,1.0,1.0,0.0,0.10665,0.0,0.0,0.0,-0.00098,-0.00098
pca,machine-3-7,0,level,W3_b01,38,0,R0,0.08879,0.04338,0.5076,3.58198,0.51461,2.89425,-0.52975,1.61305,64.15661,64.15661,0.0,126.74391,126.74391,0.0,0.0,38.0,0.04338,3.58198,2.89425,1.61305,0.14171,0.14171,1.0,0.1778,-0.32841,1.0,0.0,1.0,0.0,0.04541,0.04541,0.0
pca,machine-3-7,0,level,W3_b01,38,0,R_all,0.09684,0.09684,1.97977,1.97977,1.91823,1.91823,0.76788,0.76788,0.0,64.15661,148.66952,0.0,126.74391,0.0,38.0,0.0,0.04338,3.58198,2.89425,1.61305,0.5527,1.0,0.5527,1.0,1.0,0.0,2.31729,0.0,0.0,0.0,0.05347,0.05347
pca,machine-3-7,0,level,W3_b01,38,0,R_fault,0.06315,0.04362,2.56527,3.20341,2.39202,2.83629,0.93817,1.41185,17.22329,64.15661,67.72335,51.52296,126.74391,0.0,30.0,8.0,0.04338,3.58198,2.89425,1.61305,0.71616,0.80079,0.89431,0.84336,0.66449,0.26846,1.05559,0.40651,0.0,0.01953,0.01978,0.00024
pca,machine-3-7,0,level,W3_b01,38,0,R_fault_rec,0.09684,0.09684,1.97977,1.97977,1.91823,1.91823,0.76788,0.76788,0.0,64.15661,148.66952,0.0,126.74391,0.0,38.0,0.0,0.04338,3.58198,2.89425,1.61305,0.5527,1.0,0.5527,1.0,1.0,0.0,2.31729,0.0,0.0,0.0,0.05347,0.05347
pca,machine-3-7,0,level,W3_b01,38,64,R0,0.06087,0.06852,2.9979,4.05759,2.47299,3.08463,1.58916,1.89741,15.65697,15.65697,0.0,105.2697,105.2697,0.0,0.0,102.0,0.06852,4.05759,3.08463,1.89741,0.73884,0.73884,1.0,0.80171,0.83754,1.0,0.0,1.0,0.0,-0.00765,-0.00765,0.0
pca,machine-3-7,0,level,W3_b01,38,64,R_all,0.06795,0.06795,4.04733,4.04733,3.08102,3.08102,1.89085,1.89085,0.0,15.65697,1.51151,0.0,105.2697,0.0,38.0,64.0,0.06852,4.05759,3.08463,1.89741,0.99747,1.0,0.99747,1.0,1.0,0.0,0.09654,0.0,0.0,0.0,-0.00057,-0.00057
pca,machine-3-7,0,level,W3_b01,38,64,R_fault,0.06624,0.06787,3.83394,4.04656,3.02278,3.08391,1.8406,1.89231,6.40079,15.65697,1.28377,47.36747,105.2697,0.0,30.0,72.0,0.06852,4.05759,3.08463,1.89741,0.94488,0.94746,0.99728,0.98018,0.97268,0.40881,0.08199,0.44996,0.0,-0.00163,-0.00228,-0.00065
pca,machine-3-7,0,level,W3_b01,38,64,R_fault_rec,0.06795,0.06795,4.04733,4.04733,3.08102,3.08102,1.89085,1.89085,0.0,15.65697,1.51151,0.0,105.2697,0.0,38.0,64.0,0.06852,4.05759,3.08463,1.89741,0.99747,1.0,0.99747,1.0,1.0,0.0,0.09654,0.0,0.0,0.0,-0.00057,-0.00057
pca,machine-3-7,0,level,W3_b01,46,0,R0,0.06331,0.05119,1.79596,3.63259,1.59818,2.90886,0.56508,1.63443,35.75776,35.75776,0.0,111.04795,111.04795,0.0,0.0,46.0,0.05119,3.63259,2.90886,1.63443,0.4944,0.4944,1.0,0.54942,0.34574,1.0,0.0,1.0,0.0,0.01213,0.01213,0.0
pca,machine-3-7,0,level,W3_b01,46,0,R_all,0.09684,0.09684,1.97977,1.97977,1.91823,1.91823,0.76788,0.76788,0.0,35.75776,150.2138,0.0,111.04795,0.0,46.0,0.0,0.05119,3.63259,2.90886,1.63443,0.545,1.0,0.545,1.0,1.0,0.0,4.20087,0.0,0.0,0.0,0.04565,0.04565
pca,machine-3-7,0,level,W3_b01,46,0,R_fault,0.04167,0.04077,3.26908,3.63382,2.84152,3.03145,1.42063,1.65738,10.45223,35.75776,31.73354,48.57682,111.04795,0.0,30.0,16.0,0.05119,3.63259,2.90886,1.63443,0.89993,0.89963,1.00034,0.93734,0.85715,0.29231,0.88746,0.43744,0.0,0.0009,-0.00952,-0.01042
pca,machine-3-7,0,level,W3_b01,46,0,R_fault_rec,0.04395,0.04395,3.24191,3.24191,2.85553,2.85553,1.42808,1.42808,0.0,35.75776,69.38534,0.0,111.04795,0.0,38.0,8.0,0.05119,3.63259,2.90886,1.63443,0.89245,1.0,0.89245,1.0,1.0,0.0,1.94043,0.0,0.0,0.0,-0.00724,-0.00724
pca,machine-3-7,0,level,W3_b01,46,64,R0,0.06763,0.07454,3.08895,4.16637,2.46256,3.06391,1.63204,1.97759,15.66143,15.66143,0.0,105.17493,105.17493,0.0,0.0,110.0,0.07454,4.16637,3.06391,1.97759,0.7414,0.7414,1.0,0.80373,0.82527,1.0,0.0,1.0,0.0,-0.00692,-0.00692,0.0
pca,machine-3-7,0,level,W3_b01,46,64,R_all,0.07324,0.07324,4.15302,4.15302,3.06697,3.06697,1.97314,1.97314,0.0,15.66143,1.67774,0.0,105.17493,0.0,46.0,64.0,0.07454,4.16637,3.06391,1.97759,0.9968,1.0,0.9968,1.0,1.0,0.0,0.10713,0.0,0.0,0.0,-0.0013,-0.0013
pca,machine-3-7,0,level,W3_b01,46,64,R_fault,0.07227,0.07406,3.93458,4.1516,3.00446,3.06074,1.90762,1.9693,6.39639,15.66143,1.24615,47.33051,105.17493,0.0,30.0,80.0,0.07454,4.16637,3.06391,1.97759,0.94437,0.94772,0.99646,0.98161,0.96868,0.40842,0.07957,0.45002,0.0,-0.00179,-0.00228,-0.00049
pca,machine-3-7,0,level,W3_b01,46,64,R_fault_rec,0.07365,0.07365,4.15166,4.15166,3.057,3.057,1.96738,1.96738,0.0,15.66143,1.42744,0.0,105.17493,0.0,38.0,72.0,0.07454,4.16637,3.06391,1.97759,0.99647,1.0,0.99647,1.0,1.0,0.0,0.09114,0.0,0.0,0.0,-0.0009,-0.0009
pca,machine-3-7,0,level,W3_b05,30,0,R0,0.30054,0.0485,-3.51403,3.58073,-3.1468,2.89072,-2.27444,1.54709,149.82217,149.82217,0.0,203.70678,203.70678,0.0,0.0,30.0,0.0485,3.58073,2.89072,1.54709,-0.98137,-0.98137,1.0,-1.08859,-1.47013,1.0,0.0,1.0,0.0,0.25203,0.25203,0.0
pca,machine-3-7,0,level,W3_b05,30,0,R_all,0.09912,0.09912,1.99142,1.99142,1.94217,1.94217,0.81729,0.81729,0.0,149.82217,168.28682,0.0,203.70678,0.0,30.0,0.0,0.0485,3.58073,2.89072,1.54709,0.55615,1.0,0.55615,1.0,1.0,0.0,1.12324,0.0,0.0,0.0,0.05062,0.05062
pca,machine-3-7,0,level,W3_b05,30,0,R_fault,0.09912,0.09912,1.99142,1.99142,1.94217,1.94217,0.81729,0.81729,0.0,149.82217,168.28682,0.0,203.70678,0.0,30.0,0.0,0.0485,3.58073,2.89072,1.54709,0.55615,1.0,0.55615,1.0,1.0,0.0,1.12324,0.0,0.0,0.0,0.05062,0.05062
pca,machine-3-7,0,level,W3_b05,30,0,R_fault_rec,0.09912,0.09912,1.99142,1.99142,1.94217,1.94217,0.81729,0.81729,0.0,149.82217,168.28682,0.0,203.70678,0.0,30.0,0.0,0.0485,3.58073,2.89072,1.54709,0.55615,1.0,0.55615,1.0,1.0,0.0,1.12324,0.0,0.0,0.0,0.05062,0.05062
pca,machine-3-7,0,level,W3_b05,30,64,R0,0.06673,0.07243,4.22263,3.88425,3.52413,3.01065,2.18496,1.81665,15.41579,15.41579,0.0,117.48564,117.48564,0.0,0.0,94.0,0.07243,3.88425,3.01065,1.81665,1.08711,1.08711,1.0,1.17055,1.20274,1.0,0.0,1.0,0.0,-0.0057,-0.0057,0.0
pca,machine-3-7,0,level,W3_b05,30,64,R_all,0.06437,0.07186,3.55088,3.86969,3.09829,3.01543,1.90428,1.81332,18.97432,15.41579,3.91159,128.59035,117.48564,0.0,30.0,64.0,0.07243,3.88425,3.01065,1.81665,0.91417,0.91761,0.99625,1.02748,1.05016,1.23084,0.25374,1.09452,0.0,-0.00749,-0.00806,-0.00057
pca,machine-3-7,0,level,W3_b05,30,64,R_fault,0.06437,0.07186,3.55088,3.86969,3.09829,3.01543,1.90428,1.81332,18.97432,15.41579,3.91159,128.59035,117.48564,0.0,30.0,64.0,0.07243,3.88425,3.01065,1.81665,0.91417,0.91761,0.99625,1.02748,1.05016,1.23084,0.25374,1.09452,0.0,-0.00749,-0.00806,-0.00057
pca,machine-3-7,0,level,W3_b05,30,64,R_fault_rec,0.07243,0.07243,3.86489,3.86489,2.99788,2.99788,1.7978,1.7978,0.0,15.41579,4.1931,0.0,117.48564,0.0,38.0,56.0,0.07243,3.88425,3.01065,1.81665,0.99502,1.0,0.99502,1.0,1.0,0.0,0.272,0.0,0.0,0.0,0.0,0.0
pca,machine-3-7,0,level,W3_b05,38,0,R0,0.09513,0.05282,3.05118,3.71829,2.60564,3.00178,1.15486,1.67488,40.82888,40.82888,0.0,127.9702,127.9702,0.0,0.0,38.0,0.05282,3.71829,3.00178,1.67488,0.82059,0.82059,1.0,0.86803,0.68952,1.0,0.0,1.0,0.0,0.04232,0.04232,0.0
pca,machine-3-7,0,level,W3_b05,38,0,R_all,0.09912,0.09912,1.99142,1.99142,1.94217,1.94217,0.81729,0.81729,0.0,40.82888,169.59949,0.0,127.9702,0.0,38.0,0.0,0.05282,3.71829,3.00178,1.67488,0.53557,1.0,0.53557,1.0,1.0,0.0,4.15391,0.0,0.0,0.0,0.04631,0.04631
pca,machine-3-7,0,level,W3_b05,38,0,R_fault,0.05282,0.05037,3.20066,3.72009,3.01248,3.01986,1.50957,1.6913,34.48594,40.82888,4.42943,135.24623,127.9702,0.0,30.0,8.0,0.05282,3.71829,3.00178,1.67488,0.86079,0.86037,1.00048,0.99756,0.89255,0.84465,0.10849,1.05686,0.0,0.00244,0.0,-0.00244
pca,machine-3-7,0,level,W3_b05,38,0,R_fault_rec,0.09912,0.09912,1.99142,1.99142,1.94217,1.94217,0.81729,0.81729,0.0,40.82888,169.59949,0.0,127.9702,0.0,38.0,0.0,0.05282,3.71829,3.00178,1.67488,0.53557,1.0,0.53557,1.0,1.0,0.0,4.15391,0.0,0.0,0.0,0.04631,0.04631
pca,machine-3-7,0,level,W3_b05,38,64,R0,0.07365,0.07739,4.64497,4.33041,3.65965,3.16091,2.45241,2.07096,15.79424,15.79424,0.0,116.79661,116.79661,0.0,0.0,102.0,0.07739,4.33041,3.16091,2.07096,1.07264,1.07264,1.0,1.15778,1.18419,1.0,0.0,1.0,0.0,-0.00374,-0.00374,0.0
pca,machine-3-7,0,level,W3_b05,38,64,R_all,0.07658,0.07658,4.30845,4.30845,3.14803,3.14803,2.05076,2.05076,0.0,15.79424,4.18688,0.0,116.79661,0.0,38.0,64.0,0.07739,4.33041,3.16091,2.07096,0.99493,1.0,0.99493,1.0,1.0,0.0,0.26509,0.0,0.0,0.0,-0.00081,-0.00081
pca,machine-3-7,0,level,W3_b05,38,64,R_fault,0.0717,0.0765,4.01233,4.32089,3.29485,3.16905,2.18324,2.07051,18.87471,15.79424,3.82461,128.15377,116.79661,0.0,30.0,72.0,0.07739,4.33041,3.16091,2.07096,0.92655,0.92859,0.9978,1.0397,1.05445,1.19504,0.24215,1.09724,0.0,-0.0048,-0.0057,-0.0009
pca,machine-3-7,0,level,W3_b05,38,64,R_fault_rec,0.07658,0.07658,4.30845,4.30845,3.14803,3.14803,2.05076,2.05076,0.0,15.79424,4.18688,0.0,116.79661,0.0,38.0,64.0,0.07739,4.33041,3.16091,2.07096,0.99493,1.0,0.99493,1.0,1.0,0.0,0.26509,0.0,0.0,0.0,-0.00081,-0.00081
pca,machine-3-7,0,level,W3_b05,46,0,R0,0.05168,0.06169,4.21432,3.80681,3.59787,2.99862,2.17572,1.69512,15.86782,15.86782,0.0,120.6226,120.6226,0.0,0.0,46.0,0.06169,3.80681,2.99862,1.69512,1.10705,1.10705,1.0,1.19984,1.28352,1.0,0.0,1.0,0.0,-0.01001,-0.01001,0.0
pca,machine-3-7,0,level,W3_b05,46,0,R_all,0.09912,0.09912,1.99142,1.99142,1.94217,1.94217,0.81729,0.81729,0.0,15.86782,165.44433,0.0,120.6226,0.0,46.0,0.0,0.06169,3.80681,2.99862,1.69512,0.52312,1.0,0.52312,1.0,1.0,0.0,10.42641,0.0,0.0,0.0,0.03743,0.03743
pca,machine-3-7,0,level,W3_b05,46,0,R_fault,0.05713,0.0616,3.52453,3.78843,3.14882,2.99103,1.87427,1.68496,19.35858,15.86782,4.20278,130.91578,120.6226,0.0,30.0,16.0,0.06169,3.80681,2.99862,1.69512,0.92585,0.93034,0.99517,1.05275,1.11236,1.21999,0.26486,1.08533,0.0,-0.00448,-0.00456,-8e-05
pca,machine-3-7,0,level,W3_b05,46,0,R_fault_rec,0.06112,0.06112,3.79697,3.79697,2.98822,2.98822,1.68201,1.68201,0.0,15.86782,4.81786,0.0,120.6226,0.0,38.0,8.0,0.06169,3.80681,2.99862,1.69512,0.99741,1.0,0.99741,1.0,1.0,0.0,0.30362,0.0,0.0,0.0,-0.00057,-0.00057
pca,machine-3-7,0,level,W3_b05,46,64,R0,0.08382,0.0835,4.77864,4.44794,3.66458,3.15361,2.52598,2.17233,15.34527,15.34527,0.0,116.38405,116.38405,0.0,0.0,110.0,0.0835,4.44794,3.15361,2.17233,1.07435,1.07435,1.0,1.16203,1.1628,1.0,0.0,1.0,0.0,0.00033,0.00033,0.0
pca,machine-3-7,0,level,W3_b05,46,64,R_all,0.08008,0.08008,4.42765,4.42765,3.15643,3.15643,2.16325,2.16325,0.0,15.34527,4.75071,0.0,116.38405,0.0,46.0,64.0,0.0835,4.44794,3.15361,2.17233,0.99544,1.0,0.99544,1.0,1.0,0.0,0.30959,0.0,0.0,0.0,-0.00342,-0.00342
pca,machine-3-7,0,level,W3_b05,46,64,R_fault,0.07739,0.08179,4.09623,4.42865,3.27626,3.15751,2.21207,2.16726,18.61996,15.34527,3.73496,127.85836,116.38405,0.0,30.0,80.0,0.0835,4.44794,3.15361,2.17233,0.92093,0.92494,0.99566,1.03761,1.02068,1.2134,0.24339,1.09859,0.0,-0.00439,-0.0061,-0.00171
pca,machine-3-7,0,level,W3_b05,46,64,R_fault_rec,0.08008,0.08008,4.43528,4.43528,3.15351,3.15351,2.16612,2.16612,0.0,15.34527,4.37592,0.0,116.38405,0.0,38.0,72.0,0.0835,4.44794,3.15361,2.17233,0.99715,1.0,0.99715,1.0,1.0,0.0,0.28516,0.0,0.0,0.0,-0.00342,-0.00342
pca,machine-3-7,0,ramp,W1,30,0,R0,0.19954,0.19482,-1.64789,3.58009,-0.75901,2.45326,-1.07467,1.52903,108.41766,108.41766,0.0,0.0,0.0,0.0,0.0,0.0,0.19482,3.58009,2.45326,1.52903,-0.46029,-0.46029,1.0,-0.30939,-0.70284,1.0,0.0,,0.0,0.00472,0.00472,0.0
pca,machine-3-7,0,ramp,W1,30,0,R_all,0.10067,0.10067,2.94711,2.94711,2.33342,2.33342,1.14419,1.14419,0.0,108.41766,106.43514,0.0,0.0,0.0,30.0,0.0,0.19482,3.58009,2.45326,1.52903,0.82319,1.0,0.82319,1.0,1.0,0.0,0.98171,,0.0,0.0,-0.09416,-0.09416
pca,machine-3-7,0,ramp,W1,30,0,R_fault,0.10067,0.10067,2.94711,2.94711,2.33342,2.33342,1.14419,1.14419,0.0,108.41766,106.43514,0.0,0.0,0.0,30.0,0.0,0.19482,3.58009,2.45326,1.52903,0.82319,1.0,0.82319,1.0,1.0,0.0,0.98171,,0.0,0.0,-0.09416,-0.09416
pca,machine-3-7,0,ramp,W1,30,0,R_fault_rec,0.10067,0.10067,2.94711,2.94711,2.33342,2.33342,1.14419,1.14419,0.0,108.41766,106.43514,0.0,0.0,0.0,30.0,0.0,0.19482,3.58009,2.45326,1.52903,0.82319,1.0,0.82319,1.0,1.0,0.0,0.98171,,0.0,0.0,-0.09416,-0.09416
pca,machine-3-7,0,ramp,W1,30,64,R0,0.17017,0.1696,1.33176,4.11279,1.32772,2.80892,1.33553,1.77225,21.12032,21.12032,0.0,0.0,0.0,0.0,0.0,0.0,0.1696,4.11279,2.80892,1.77225,0.32381,0.32381,1.0,0.47268,0.75358,1.0,0.0,,0.0,0.00057,0.00057,0.0
pca,machine-3-7,0,ramp,W1,30,64,R_all,0.17049,0.16992,4.00046,4.11321,3.05907,2.81902,1.95714,1.78021,7.56429,21.12032,4.28292,0.0,0.0,0.0,30.0,0.0,0.1696,4.11279,2.80892,1.77225,0.97269,0.97259,1.0001,1.08516,1.09939,0.35815,0.20279,,0.0,0.00057,0.0009,0.00033
pca,machine-3-7,0,ramp,W1,30,64,R_fault,0.17049,0.16992,4.00046,4.11321,3.05907,2.81902,1.95714,1.78021,7.56429,21.12032,4.28292,0.0,0.0,0.0,30.0,0.0,0.1696,4.11279,2.80892,1.77225,0.97269,0.97259,1.0001,1.08516,1.09939,0.35815,0.20279,,0.0,0.00057,0.0009,0.00033
pca,machine-3-7,0,ramp,W1,30,64,R_fault_rec,0.17074,0.17074,4.1135,4.1135,2.81804,2.81804,1.78053,1.78053,0.0,21.12032,5.42286,0.0,0.0,0.0,38.0,0.0,0.1696,4.11279,2.80892,1.77225,1.00017,1.0,1.00017,1.0,1.0,0.0,0.25676,,0.0,0.0,0.00114,0.00114
pca,machine-3-7,0,ramp,W1,38,0,R0,0.18384,0.19556,-0.83592,3.67468,-0.20563,2.56473,-0.57042,1.61597,90.0088,90.0088,0.0,0.0,0.0,0.0,0.0,0.0,0.19556,3.67468,2.56473,1.61597,-0.22748,-0.22748,1.0,-0.08018,-0.35299,1.0,0.0,,0.0,-0.01172,-0.01172,0.0
pca,machine-3-7,0,ramp,W1,38,0,R_all,0.10067,0.10067,2.94711,2.94711,2.33342,2.33342,1.14419,1.14419,0.0,90.0088,107.74174,0.0,0.0,0.0,38.0,0.0,0.19556,3.67468,2.56473,1.61597,0.80201,1.0,0.80201,1.0,1.0,0.0,1.19701,,0.0,0.0,-0.09489,-0.09489
pca,machine-3-7,0,ramp,W1,38,0,R_fault,0.16243,0.21232,2.77672,3.70743,2.41542,2.60205,1.01627,1.67288,39.64734,90.0088,34.10367,0.0,0.0,0.0,30.0,0.0,0.19556,3.67468,2.56473,1.61597,0.75563,0.74896,1.00891,0.92828,0.6075,0.44048,0.37889,,0.0,-0.04989,-0.03312,0.01676
pca,machine-3-7,0,ramp,W1,38,0,R_fault_rec,0.10067,0.10067,2.94711,2.94711,2.33342,2.33342,1.14419,1.14419,0.0,90.0088,107.74174,0.0,0.0,0.0,38.0,0.0,0.19556,3.67468,2.56473,1.61597,0.80201,1.0,0.80201,1.0,1.0,0.0,1.19701,,0.0,0.0,-0.09489,-0.09489
pca,machine-3-7,0,ramp,W1,38,64,R0,0.16105,0.1613,1.46724,4.23172,1.46058,2.91255,1.45605,1.86667,20.24852,20.24852,0.0,0.0,0.0,0.0,0.0,0.0,0.1613,4.23172,2.91255,1.86667,0.34672,0.34672,1.0,0.50148,0.78003,1.0,0.0,,0.0,-0.00024,-0.00024,0.0
pca,machine-3-7,0,ramp,W1,38,64,R_all,0.16162,0.16162,4.23073,4.23073,2.92148,2.92148,1.87937,1.87937,0.0,20.24852,4.58087,0.0,0.0,0.0,38.0,0.0,0.1613,4.23172,2.91255,1.86667,0.99977,1.0,0.99977,1.0,1.0,0.0,0.22623,,0.0,0.0,0.00033,0.00033
pca,machine-3-7,0,ramp,W1,38,64,R_fault,0.16138,0.16138,4.13149,4.22879,3.16955,2.91835,2.04294,1.86945,7.11372,20.24852,3.63243,0.0,0.0,0.0,30.0,0.0,0.1613,4.23172,2.91255,1.86667,0.97631,0.97699,0.99931,1.08607,1.0928,0.35132,0.17939,,0.0,0.0,8e-05,8e-05
pca,machine-3-7,0,ramp,W1,38,64,R_fault_rec,0.16162,0.16162,4.23073,4.23073,2.92148,2.92148,1.87937,1.87937,0.0,20.24852,4.58087,0.0,0.0,0.0,38.0,0.0,0.1613,4.23172,2.91255,1.86667,0.99977,1.0,0.99977,1.0,1.0,0.0,0.22623,,0.0,0.0,0.00033,0.00033
pca,machine-3-7,0,ramp,W1,46,0,R0,0.20687,0.19979,0.13816,3.76255,0.35334,2.59708,0.29555,1.66419,54.86228,54.86228,0.0,0.0,0.0,0.0,0.0,0.0,0.19979,3.76255,2.59708,1.66419,0.03672,0.03672,1.0,0.13605,0.17759,1.0,0.0,,0.0,0.00708,0.00708,0.0
pca,machine-3-7,0,ramp,W1,46,0,R_all,0.10067,0.10067,2.94711,2.94711,2.33342,2.33342,1.14419,1.14419,0.0,54.86228,109.38202,0.0,0.0,0.0,46.0,0.0,0.19979,3.76255,2.59708,1.66419,0.78327,1.0,0.78327,1.0,1.0,0.0,1.99376,,0.0,0.0,-0.09912,-0.09912
pca,machine-3-7,0,ramp,W1,46,0,R_fault,0.20703,0.20605,3.29165,3.84175,2.53796,2.61216,1.44515,1.73572,19.86658,54.86228,20.57754,0.0,0.0,0.0,30.0,0.0,0.19979,3.76255,2.59708,1.66419,0.87484,0.85681,1.02105,0.9716,0.83259,0.36212,0.37508,,0.0,0.00098,0.00724,0.00627
pca,machine-3-7,0,ramp,W1,46,0,R_fault_rec,0.2015,0.2015,3.66321,3.66321,2.31498,2.31498,1.5439,1.5439,0.0,54.86228,27.20536,0.0,0.0,0.0,38.0,0.0,0.19979,3.76255,2.59708,1.66419,0.9736,1.0,0.9736,1.0,1.0,0.0,0.49588,,0.0,0.0,0.00171,0.00171
pca,machine-3-7,0,ramp,W1,46,64,R0,0.15299,0.15316,1.58408,4.32309,1.55878,2.98091,1.55112,1.93145,19.21421,19.21421,0.0,0.0,0.0,0.0,0.0,0.0,0.15316,4.32309,2.98091,1.93145,0.36642,0.36642,1.0,0.52292,0.80309,1.0,0.0,,0.0,-0.00016,-0.00016,0.0
pca,machine-3-7,0,ramp,W1,46,64,R_all,0.15495,0.15495,4.30743,4.30743,2.99245,2.99245,1.93426,1.93426,0.0,19.21421,4.83159,0.0,0.0,0.0,46.0,0.0,0.15316,4.32309,2.98091,1.93145,0.99638,1.0,0.99638,1.0,1.0,0.0,0.25146,,0.0,0.0,0.00179,0.00179
pca,machine-3-7,0,ramp,W1,46,64,R_fault,0.15332,0.15348,4.22392,4.30845,3.25059,2.99079,2.09154,1.92847,6.60634,19.21421,2.93706,0.0,0.0,0.0,30.0,0.0,0.15316,4.32309,2.98091,1.93145,0.97706,0.98038,0.99661,1.08687,1.08456,0.34383,0.15286,,0.0,-0.00016,0.00016,0.00033
pca,machine-3-7,0,ramp,W1,46,64,R_fault_rec,0.15356,0.15356,4.3074,4.3074,2.9898,2.9898,1.93221,1.93221,0.0,19.21421,3.62798,0.0,0.0,0.0,38.0,0.0,0.15316,4.32309,2.98091,1.93145,0.99637,1.0,0.99637,1.0,1.0,0.0,0.18882,,0.0,0.0,0.00041,0.00041
pca,machine-3-7,0,ramp,W2p_split_f0995,30,0,R0,0.13867,0.13127,0.8029,2.55513,0.75178,2.11105,-0.1097,1.09854,33.49123,33.49123,0.0,4190.00118,4190.00118,0.0,0.0,0.0,0.13127,2.55513,2.11105,1.09854,0.31423,0.31423,1.0,0.35612,-0.09986,1.0,0.0,1.0,0.0,0.00741,0.00741,0.0
pca,machine-3-7,0,ramp,W2p_split_f0995,30,0,R_all,0.20589,0.20589,2.22505,2.22505,1.9229,1.9229,0.91744,0.91744,0.0,33.49123,32.87182,0.0,4190.00118,0.0,30.0,0.0,0.13127,2.55513,2.11105,1.09854,0.87082,1.0,0.87082,1.0,1.0,0.0,0.98151,0.0,0.0,0.0,0.07463,0.07463
pca,machine-3-7,0,ramp,W2p_split_f0995,30,0,R_fault,0.20589,0.20589,2.22505,2.22505,1.9229,1.9229,0.91744,0.91744,0.0,33.49123,32.87182,0.0,4190.00118,0.0,30.0,0.0,0.13127,2.55513,2.11105,1.09854,0.87082,1.0,0.87082,1.0,1.0,0.0,0.98151,0.0,0.0,0.0,0.07463,0.07463
pca,machine-3-7,0,ramp,W2p_split_f0995,30,0,R_fault_rec,0.20589,0.20589,2.22505,2.22505,1.9229,1.9229,0.91744,0.91744,0.0,33.49123,32.87182,0.0,4190.00118,0.0,30.0,0.0,0.13127,2.55513,2.11105,1.09854,0.87082,1.0,0.87082,1.0,1.0,0.0,0.98151,0.0,0.0,0.0,0.07463,0.07463
pca,machine-3-7,0,ramp,W2p_split_f0995,30,64,R0,0.10783,0.10994,2.0383,3.02466,1.61434,2.35772,0.67038,1.35443,17.34672,17.34672,0.0,3276.34971,3276.34971,0.0,0.0,0.0,0.10994,3.02466,2.35772,1.35443,0.67389,0.67389,1.0,0.6847,0.49496,1.0,0.0,1.0,0.0,-0.00212,-0.00212,0.0
pca,machine-3-7,0,ramp,W2p_split_f0995,30,64,R_all,0.10506,0.10514,2.95016,2.98397,2.32868,2.34415,1.30783,1.3327,0.68478,17.34672,8.08546,436.84338,3276.34971,4.89131,30.0,0.0,0.10994,3.02466,2.35772,1.35443,0.97537,0.98867,0.98655,0.9934,0.98134,0.03948,0.46611,0.13333,0.28197,-8e-05,-0.00488,-0.0048
pca,machine-3-7,0,ramp,W2p_split_f0995,30,64,R_fault,0.10506,0.10514,2.95016,2.98397,2.32868,2.34415,1.30783,1.3327,0.68478,17.34672,8.08546,436.84338,3276.34971,4.89131,30.0,0.0,0.10994,3.02466,2.35772,1.35443,0.97537,0.98867,0.98655,0.9934,0.98134,0.03948,0.46611,0.13333,0.28197,-8e-05,-0.00488,-0.0048
pca,machine-3-7,0,ramp,W2p_split_f0995,30,64,R_fault_rec,0.10465,0.10465,2.95527,2.95527,2.33049,2.33049,1.31561,1.31561,0.0,17.34672,11.05945,0.0,3276.34971,6.21167,38.0,0.0,0.10994,3.02466,2.35772,1.35443,0.97706,1.0,0.97706,1.0,1.0,0.0,0.63755,0.0,0.35809,0.0,-0.00529,-0.00529
pca,machine-3-7,0,ramp,W2p_split_f0995,38,0,R0,0.12638,0.12516,0.94894,2.63146,0.86323,2.15337,-0.03942,1.1424,31.55488,31.55488,0.0,4338.08173,4338.08173,0.0,0.0,0.0,0.12516,2.63146,2.15337,1.1424,0.36061,0.36061,1.0,0.40087,-0.03451,1.0,0.0,1.0,0.0,0.00122,0.00122,0.0
pca,machine-3-7,0,ramp,W2p_split_f0995,38,0,R_all,0.20589,0.20589,2.22505,2.22505,1.9229,1.9229,0.91744,0.91744,0.0,31.55488,39.55506,0.0,4338.08173,0.0,38.0,0.0,0.12516,2.63146,2.15337,1.1424,0.84556,1.0,0.84556,1.0,1.0,0.0,1.25353,0.0,0.0,0.0,0.08073,0.08073
pca,machine-3-7,0,ramp,W2p_split_f0995,38,0,R_fault,0.16846,0.15983,2.21686,2.37573,1.91296,2.01663,0.88123,1.00412,2.57533,31.55488,27.04992,578.4066,4338.08173,1.42716,30.0,0.0,0.12516,2.63146,2.15337,1.1424,0.84244,0.93313,0.90282,0.94859,0.87761,0.08161,0.85723,0.13333,0.04523,0.00863,0.04329,0.03467
pca,machine-3-7,0,ramp,W2p_split_f0995,38,0,R_fault_rec,0.20589,0.20589,2.22505,2.22505,1.9229,1.9229,0.91744,0.91744,0.0,31.55488,39.55506,0.0,4338.08173,0.0,38.0,0.0,0.12516,2.63146,2.15337,1.1424,0.84556,1.0,0.84556,1.0,1.0,0.0,1.25353,0.0,0.0,0.0,0.08073,0.08073
pca,machine-3-7,0,ramp,W2p_split_f0995,38,64,R0,0.10498,0.10734,2.15545,3.07744,1.69498,2.38728,0.74445,1.38387,16.11897,16.11897,0.0,3147.56638,3147.56638,0.0,0.0,0.0,0.10734,3.07744,2.38728,1.38387,0.70041,0.70041,1.0,0.71001,0.53794,1.0,0.0,1.0,0.0,-0.00236,-0.00236,0.0
pca,machine-3-7,0,ramp,W2p_split_f0995,38,64,R_all,0.09937,0.09937,3.02686,3.02686,2.37066,2.37066,1.35537,1.35537,0.0,16.11897,9.50186,0.0,3147.56638,6.27582,38.0,0.0,0.10734,3.07744,2.38728,1.38387,0.98356,1.0,0.98356,1.0,1.0,0.0,0.58948,0.0,0.38934,0.0,-0.00798,-0.00798
pca,machine-3-7,0,ramp,W2p_split_f0995,38,64,R_fault,0.10059,0.10132,3.02307,3.04942,2.37004,2.38069,1.34978,1.36902,0.58628,16.11897,7.00239,419.6724,3147.56638,4.90441,30.0,0.0,0.10734,3.07744,2.38728,1.38387,0.98233,0.99136,0.9909,0.99553,0.98595,0.03637,0.43442,0.13333,0.30426,-0.00073,-0.00675,-0.00602
pca,machine-3-7,0,ramp,W2p_split_f0995,38,64,R_fault_rec,0.09937,0.09937,3.02686,3.02686,2.37066,2.37066,1.35537,1.35537,0.0,16.11897,9.50186,0.0,3147.56638,6.27582,38.0,0.0,0.10734,3.07744,2.38728,1.38387,0.98356,1.0,0.98356,1.0,1.0,0.0,0.58948,0.0,0.38934,0.0,-0.00798,-0.00798
pca,machine-3-7,0,ramp,W2p_split_f0995,46,0,R0,0.11629,0.11914,1.15148,2.6955,1.00391,2.1842,0.09524,1.17643,28.61969,28.61969,0.0,4167.56494,4167.56494,0.0,0.0,0.0,0.11914,2.6955,2.1842,1.17643,0.42719,0.42719,1.0,0.45962,0.08096,1.0,0.0,1.0,0.0,-0.00285,-0.00285,0.0
pca,machine-3-7,0,ramp,W2p_split_f0995,46,0,R_all,0.20589,0.20589,2.22505,2.22505,1.9229,1.9229,0.91744,0.91744,0.0,28.61969,45.95895,0.0,4167.56494,0.0,46.0,0.0,0.11914,2.6955,2.1842,1.17643,0.82547,1.0,0.82547,1.0,1.0,0.0,1.60585,0.0,0.0,0.0,0.08675,0.08675
pca,machine-3-7,0,ramp,W2p_split_f0995,46,0,R_fault,0.13615,0.13306,2.36956,2.49679,2.00331,2.08325,0.97195,1.06953,2.05816,28.61969,22.28729,555.67119,4167.56494,2.64837,30.0,0.0,0.11914,2.6955,2.1842,1.17643,0.87908,0.94905,0.92628,0.96163,0.90876,0.07191,0.77874,0.13333,0.09254,0.00309,0.01701,0.01392
pca,machine-3-7,0,ramp,W2p_split_f0995,46,0,R_fault_rec,0.15828,0.15828,2.38147,2.38147,2.015,2.015,1.00335,1.00335,0.0,28.61969,32.1564,0.0,4167.56494,2.19837,38.0,0.0,0.11914,2.6955,2.1842,1.17643,0.8835,1.0,0.8835,1.0,1.0,0.0,1.12358,0.0,0.07681,0.0,0.03914,0.03914
pca,machine-3-7,0,ramp,W2p_split_f0995,46,64,R0,0.10197,0.10474,2.25994,3.12484,1.76568,2.41274,0.80944,1.40952,15.02764,15.02764,0.0,3023.84512,3023.84512,0.0,0.0,0.0,0.10474,3.12484,2.41274,1.40952,0.72322,0.72322,1.0,0.73182,0.57426,1.0,0.0,1.0,0.0,-0.00277,-0.00277,0.0
pca,machine-3-7,0,ramp,W2p_split_f0995,46,64,R_all,0.09009,0.09009,3.07111,3.07111,2.3991,2.3991,1.3796,1.3796,0.0,15.02764,10.95653,0.0,3023.84512,7.70766,46.0,0.0,0.10474,3.12484,2.41274,1.40952,0.98281,1.0,0.98281,1.0,1.0,0.0,0.72909,0.0,0.5129,0.0,-0.01465,-0.01465
pca,machine-3-7,0,ramp,W2p_split_f0995,46,64,R_fault,0.09326,0.09432,3.08576,3.1063,2.40394,2.411,1.38465,1.39956,0.50995,15.02764,6.16983,403.17635,3023.84512,4.87961,30.0,0.0,0.10474,3.12484,2.41274,1.40952,0.98749,0.99339,0.99407,0.99707,0.98935,0.03393,0.41057,0.13333,0.32471,-0.00106,-0.01147,-0.01042
pca,machine-3-7,0,ramp,W2p_split_f0995,46,64,R_fault_rec,0.09188,0.09188,3.08826,3.08826,2.40351,2.40351,1.38836,1.38836,0.0,15.02764,8.31799,0.0,3023.84512,6.27813,38.0,0.0,0.10474,3.12484,2.41274,1.40952,0.98829,1.0,0.98829,1.0,1.0,0.0,0.55351,0.0,0.41777,0.0,-0.01286,-0.01286
pca,machine-3-7,0,ramp,W3_b01,30,0,R0,0.07072,0.05241,-1.46617,3.86798,-0.75796,2.80591,-1.28203,1.918,83.5016,83.5016,0.0,165.03245,165.03245,0.0,0.0,30.0,0.05241,3.86798,2.80591,1.918,-0.37905,-0.37905,1.0,-0.27013,-0.66842,1.0,0.0,1.0,0.0,0.01831,0.01831,0.0
pca,machine-3-7,0,ramp,W3_b01,30,0,R_all,0.04907,0.04907,2.88409,2.88409,2.32909,2.32909,1.3172,1.3172,0.0,83.5016,63.9915,0.0,165.03245,0.0,30.0,0.0,0.05241,3.86798,2.80591,1.918,0.74563,1.0,0.74563,1.0,1.0,0.0,0.76635,0.0,0.0,0.0,-0.00334,-0.00334
pca,machine-3-7,0,ramp,W3_b01,30,0,R_fault,0.04907,0.04907,2.88409,2.88409,2.32909,2.32909,1.3172,1.3172,0.0,83.5016,63.9915,0.0,165.03245,0.0,30.0,0.0,0.05241,3.86798,2.80591,1.918,0.74563,1.0,0.74563,1.0,1.0,0.0,0.76635,0.0,0.0,0.0,-0.00334,-0.00334
pca,machine-3-7,0,ramp,W3_b01,30,0,R_fault_rec,0.04907,0.04907,2.88409,2.88409,2.32909,2.32909,1.3172,1.3172,0.0,83.5016,63.9915,0.0,165.03245,0.0,30.0,0.0,0.05241,3.86798,2.80591,1.918,0.74563,1.0,0.74563,1.0,1.0,0.0,0.76635,0.0,0.0,0.0,-0.00334,-0.00334
pca,machine-3-7,0,ramp,W3_b01,30,64,R0,0.03442,0.03963,2.32039,4.45375,1.83198,3.13995,0.89252,2.28344,20.40268,20.40268,0.0,117.66701,117.66701,0.0,0.0,94.0,0.03963,4.45375,3.13995,2.28344,0.521,0.521,1.0,0.58344,0.39087,1.0,0.0,1.0,0.0,-0.00521,-0.00521,0.0
pca,machine-3-7,0,ramp,W3_b01,30,64,R_all,0.03654,0.03939,4.1487,4.44831,3.00067,3.14373,2.02803,2.28079,6.02324,20.40268,2.18245,37.9871,117.66701,0.0,30.0,64.0,0.03963,4.45375,3.13995,2.28344,0.93151,0.93265,0.99878,0.95449,0.88918,0.29522,0.10697,0.32284,0.0,-0.00285,-0.00309,-0.00024
pca,machine-3-7,0,ramp,W3_b01,30,64,R_fault,0.03654,0.03939,4.1487,4.44831,3.00067,3.14373,2.02803,2.28079,6.02324,20.40268,2.18245,37.9871,117.66701,0.0,30.0,64.0,0.03963,4.45375,3.13995,2.28344,0.93151,0.93265,0.99878,0.95449,0.88918,0.29522,0.10697,0.32284,0.0,-0.00285,-0.00309,-0.00024
pca,machine-3-7,0,ramp,W3_b01,30,64,R_fault_rec,0.0389,0.0389,4.44039,4.44039,3.14443,3.14443,2.2763,2.2763,0.0,20.40268,2.51626,0.0,117.66701,0.0,38.0,56.0,0.03963,4.45375,3.13995,2.28344,0.997,1.0,0.997,1.0,1.0,0.0,0.12333,0.0,0.0,0.0,-0.00073,-0.00073
pca,machine-3-7,0,ramp,W3_b01,38,0,R0,0.05607,0.05339,-0.05116,4.01055,0.19719,2.88746,-0.8959,2.02187,60.90829,60.90829,0.0,137.68707,137.68707,0.0,0.0,38.0,0.05339,4.01055,2.88746,2.02187,-0.01276,-0.01276,1.0,0.06829,-0.4431,1.0,0.0,1.0,0.0,0.00269,0.00269,0.0
pca,machine-3-7,0,ramp,W3_b01,38,0,R_all,0.04907,0.04907,2.88409,2.88409,2.32909,2.32909,1.3172,1.3172,0.0,60.90829,70.90777,0.0,137.68707,0.0,38.0,0.0,0.05339,4.01055,2.88746,2.02187,0.71912,1.0,0.71912,1.0,1.0,0.0,1.16417,0.0,0.0,0.0,-0.00431,-0.00431
pca,machine-3-7,0,ramp,W3_b01,38,0,R_fault,0.02808,0.02848,2.84988,3.51509,2.24437,2.66543,1.11675,1.70184,15.80361,60.90829,36.24984,42.6182,137.68707,0.0,30.0,8.0,0.05339,4.01055,2.88746,2.02187,0.7106,0.81076,0.87646,0.84203,0.65621,0.25947,0.59515,0.30953,0.0,-0.00041,-0.02531,-0.0249
pca,machine-3-7,0,ramp,W3_b01,38,0,R_fault_rec,0.04907,0.04907,2.88409,2.88409,2.32909,2.32909,1.3172,1.3172,0.0,60.90829,70.90777,0.0,137.68707,0.0,38.0,0.0,0.05339,4.01055,2.88746,2.02187,0.71912,1.0,0.71912,1.0,1.0,0.0,1.16417,0.0,0.0,0.0,-0.00431,-0.00431
pca,machine-3-7,0,ramp,W3_b01,38,64,R0,0.03507,0.03695,2.45071,4.5772,1.90734,3.21054,0.98391,2.3765,20.17013,20.17013,0.0,117.36581,117.36581,0.0,0.0,102.0,0.03695,4.5772,3.21054,2.3765,0.53542,0.53542,1.0,0.59409,0.41402,1.0,0.0,1.0,0.0,-0.00187,-0.00187,0.0
pca,machine-3-7,0,ramp,W3_b01,38,64,R_all,0.03662,0.03662,4.56253,4.56253,3.21618,3.21618,2.36775,2.36775,0.0,20.17013,2.37699,0.0,117.36581,0.0,38.0,64.0,0.03695,4.5772,3.21054,2.3765,0.99679,1.0,0.99679,1.0,1.0,0.0,0.11785,0.0,0.0,0.0,-0.00033,-0.00033
pca,machine-3-7,0,ramp,W3_b01,38,64,R_fault,0.03638,0.03678,4.27799,4.56847,3.07843,3.21367,2.12783,2.37085,5.91318,20.17013,2.12849,37.87599,117.36581,0.0,30.0,72.0,0.03695,4.5772,3.21054,2.3765,0.93463,0.93642,0.99809,0.95792,0.8975,0.29317,0.10553,0.32272,0.0,-0.00041,-0.00057,-0.00016
pca,machine-3-7,0,ramp,W3_b01,38,64,R_fault_rec,0.03662,0.03662,4.56253,4.56253,3.21618,3.21618,2.36775,2.36775,0.0,20.17013,2.37699,0.0,117.36581,0.0,38.0,64.0,0.03695,4.5772,3.21054,2.3765,0.99679,1.0,0.99679,1.0,1.0,0.0,0.11785,0.0,0.0,0.0,-0.00033,-0.00033
pca,machine-3-7,0,ramp,W3_b01,46,0,R0,0.05249,0.06014,0.90081,4.06824,0.83408,2.90888,-0.22559,2.04917,41.67894,41.67894,0.0,126.49172,126.49172,0.0,0.0,46.0,0.06014,4.06824,2.90888,2.04917,0.22143,0.22143,1.0,0.28673,-0.11009,1.0,0.0,1.0,0.0,-0.00765,-0.00765,0.0
pca,machine-3-7,0,ramp,W3_b01,46,0,R_all,0.04907,0.04907,2.88409,2.88409,2.32909,2.32909,1.3172,1.3172,0.0,41.67894,75.68967,0.0,126.49172,0.0,46.0,0.0,0.06014,4.06824,2.90888,2.04917,0.70893,1.0,0.70893,1.0,1.0,0.0,1.81602,0.0,0.0,0.0,-0.01107,-0.01107
pca,machine-3-7,0,ramp,W3_b01,46,0,R_fault,0.03101,0.04077,3.33923,3.84415,2.50735,2.81077,1.44313,1.90172,11.47494,41.67894,20.24874,40.29713,126.49172,0.0,30.0,16.0,0.06014,4.06824,2.90888,2.04917,0.8208,0.86865,0.94492,0.89205,0.75886,0.27532,0.48583,0.31858,0.0,-0.00977,-0.02913,-0.01937
pca,machine-3-7,0,ramp,W3_b01,46,0,R_fault_rec,0.01904,0.01904,3.54545,3.54545,2.67599,2.67599,1.70501,1.70501,0.0,41.67894,39.20165,0.0,126.49172,0.0,38.0,8.0,0.06014,4.06824,2.90888,2.04917,0.87149,1.0,0.87149,1.0,1.0,0.0,0.94056,0.0,0.0,0.0,-0.0411,-0.0411
pca,machine-3-7,0,ramp,W3_b01,46,64,R0,0.03377,0.0363,2.42309,4.52552,1.90822,3.1895,0.9664,2.33504,19.92356,19.92356,0.0,117.05272,117.05272,0.0,0.0,110.0,0.0363,4.52552,3.1895,2.33504,0.53543,0.53543,1.0,0.59828,0.41387,1.0,0.0,1.0,0.0,-0.00252,-0.00252,0.0
pca,machine-3-7,0,ramp,W3_b01,46,64,R_all,0.03621,0.03621,4.50548,4.50548,3.19813,3.19813,2.32359,2.32359,0.0,19.92356,2.56016,0.0,117.05272,0.0,46.0,64.0,0.0363,4.52552,3.1895,2.33504,0.99557,1.0,0.99557,1.0,1.0,0.0,0.1285,0.0,0.0,0.0,-8e-05,-8e-05
pca,machine-3-7,0,ramp,W3_b01,46,64,R_fault,0.03507,0.03646,4.23265,4.51765,3.06435,3.19372,2.09282,2.32893,5.82068,19.92356,2.10292,37.78416,117.05272,0.0,30.0,80.0,0.0363,4.52552,3.1895,2.33504,0.93528,0.93691,0.99826,0.95949,0.89862,0.29215,0.10555,0.3228,0.0,-0.00138,-0.00122,0.00016
pca,machine-3-7,0,ramp,W3_b01,46,64,R_fault_rec,0.03654,0.03654,4.5125,4.5125,3.19787,3.19787,2.32677,2.32677,0.0,19.92356,2.33956,0.0,117.05272,0.0,38.0,72.0,0.0363,4.52552,3.1895,2.33504,0.99712,1.0,0.99712,1.0,1.0,0.0,0.11743,0.0,0.0,0.0,0.00024,0.00024
pca,machine-3-7,0,ramp,W3_b05,30,0,R0,0.15389,0.059,-2.68518,3.83597,-1.68742,2.77917,-1.71198,1.88914,133.23872,133.23872,0.0,249.57746,249.57746,0.0,0.0,30.0,0.059,3.83597,2.77917,1.88914,-0.7,-0.7,1.0,-0.60717,-0.90622,1.0,0.0,1.0,0.0,0.09489,0.09489,0.0
pca,machine-3-7,0,ramp,W3_b05,30,0,R_all,0.07039,0.07039,2.78988,2.78988,2.2216,2.2216,1.29943,1.29943,0.0,133.23872,95.5903,0.0,249.57746,0.0,30.0,0.0,0.059,3.83597,2.77917,1.88914,0.7273,1.0,0.7273,1.0,1.0,0.0,0.71744,0.0,0.0,0.0,0.01139,0.01139
pca,machine-3-7,0,ramp,W3_b05,30,0,R_fault,0.07039,0.07039,2.78988,2.78988,2.2216,2.2216,1.29943,1.29943,0.0,133.23872,95.5903,0.0,249.57746,0.0,30.0,0.0,0.059,3.83597,2.77917,1.88914,0.7273,1.0,0.7273,1.0,1.0,0.0,0.71744,0.0,0.0,0.0,0.01139,0.01139
pca,machine-3-7,0,ramp,W3_b05,30,0,R_fault_rec,0.07039,0.07039,2.78988,2.78988,2.2216,2.2216,1.29943,1.29943,0.0,133.23872,95.5903,0.0,249.57746,0.0,30.0,0.0,0.059,3.83597,2.77917,1.88914,0.7273,1.0,0.7273,1.0,1.0,0.0,0.71744,0.0,0.0,0.0,0.01139,0.01139
pca,machine-3-7,0,ramp,W3_b05,30,64,R0,0.04053,0.04997,3.84968,4.38241,3.03963,3.088,1.86475,2.20055,25.39546,25.39546,0.0,172.80389,172.80389,0.0,0.0,94.0,0.04997,4.38241,3.088,2.20055,0.87844,0.87844,1.0,0.98434,0.8474,1.0,0.0,1.0,0.0,-0.00944,-0.00944,0.0
pca,machine-3-7,0,ramp,W3_b05,30,64,R_all,0.04061,0.04818,3.82959,4.35561,2.93302,3.08866,1.81353,2.18765,18.55576,25.39546,7.5925,114.23045,172.80389,0.0,30.0,64.0,0.04997,4.38241,3.088,2.20055,0.87385,0.87923,0.99388,0.94961,0.82898,0.73067,0.29897,0.66104,0.0,-0.00757,-0.00936,-0.00179
pca,machine-3-7,0,ramp,W3_b05,30,64,R_fault,0.04061,0.04818,3.82959,4.35561,2.93302,3.08866,1.81353,2.18765,18.55576,25.39546,7.5925,114.23045,172.80389,0.0,30.0,64.0,0.04997,4.38241,3.088,2.20055,0.87385,0.87923,0.99388,0.94961,0.82898,0.73067,0.29897,0.66104,0.0,-0.00757,-0.00936,-0.00179
pca,machine-3-7,0,ramp,W3_b05,30,64,R_fault_rec,0.04801,0.04801,4.31435,4.31435,3.06529,3.06529,2.15222,2.15222,0.0,25.39546,8.55176,0.0,172.80389,0.0,38.0,56.0,0.04997,4.38241,3.088,2.20055,0.98447,1.0,0.98447,1.0,1.0,0.0,0.33674,0.0,0.0,0.0,-0.00195,-0.00195
pca,machine-3-7,0,ramp,W3_b05,38,0,R0,0.10604,0.0896,1.47067,4.05264,1.16014,2.95761,-0.24338,2.05648,71.20652,71.20652,0.0,207.76301,207.76301,0.0,0.0,38.0,0.0896,4.05264,2.95761,2.05648,0.36289,0.36289,1.0,0.39225,-0.11835,1.0,0.0,1.0,0.0,0.01644,0.01644,0.0
pca,machine-3-7,0,ramp,W3_b05,38,0,R_all,0.07039,0.07039,2.78988,2.78988,2.2216,2.2216,1.29943,1.29943,0.0,71.20652,100.65247,0.0,207.76301,0.0,38.0,0.0,0.0896,4.05264,2.95761,2.05648,0.68841,1.0,0.68841,1.0,1.0,0.0,1.41353,0.0,0.0,0.0,-0.01921,-0.01921
pca,machine-3-7,0,ramp,W3_b05,38,0,R_fault,0.06608,0.08757,2.65354,3.99467,2.0957,2.87502,0.80878,2.02302,47.05873,71.20652,13.09379,132.25264,207.76301,0.0,30.0,8.0,0.0896,4.05264,2.95761,2.05648,0.65477,0.66427,0.98569,0.72893,0.39979,0.66088,0.18388,0.63656,0.0,-0.02148,-0.02352,-0.00203
pca,machine-3-7,0,ramp,W3_b05,38,0,R_fault_rec,0.07039,0.07039,2.78988,2.78988,2.2216,2.2216,1.29943,1.29943,0.0,71.20652,100.65247,0.0,207.76301,0.0,38.0,0.0,0.0896,4.05264,2.95761,2.05648,0.68841,1.0,0.68841,1.0,1.0,0.0,1.41353,0.0,0.0,0.0,-0.01921,-0.01921
pca,machine-3-7,0,ramp,W3_b05,38,64,R0,0.02417,0.03337,4.28683,4.89604,3.22568,3.36296,2.17966,2.60271,24.57753,24.57753,0.0,170.78956,170.78956,0.0,0.0,102.0,0.03337,4.89604,3.36296,2.60271,0.87557,0.87557,1.0,0.95918,0.83746,1.0,0.0,1.0,0.0,-0.0092,-0.0092,0.0
pca,machine-3-7,0,ramp,W3_b05,38,64,R_all,0.03255,0.03255,4.80702,4.80702,3.31957,3.31957,2.5329,2.5329,0.0,24.57753,7.62359,0.0,170.78956,0.0,38.0,64.0,0.03337,4.89604,3.36296,2.60271,0.98182,1.0,0.98182,1.0,1.0,0.0,0.31019,0.0,0.0,0.0,-0.00081,-0.00081
pca,machine-3-7,0,ramp,W3_b05,38,64,R_fault,0.02515,0.03247,4.28204,4.83222,3.13461,3.32392,2.14297,2.55086,17.96509,24.57753,6.66206,113.33535,170.78956,0.0,30.0,72.0,0.03337,4.89604,3.36296,2.60271,0.87459,0.88614,0.98696,0.94305,0.8401,0.73096,0.27106,0.6636,0.0,-0.00732,-0.00822,-0.0009
pca,machine-3-7,0,ramp,W3_b05,38,64,R_fault_rec,0.03255,0.03255,4.80702,4.80702,3.31957,3.31957,2.5329,2.5329,0.0,24.57753,7.62359,0.0,170.78956,0.0,38.0,64.0,0.03337,4.89604,3.36296,2.60271,0.98182,1.0,0.98182,1.0,1.0,0.0,0.31019,0.0,0.0,0.0,-0.00081,-0.00081
pca,machine-3-7,0,ramp,W3_b05,46,0,R0,0.05851,0.06462,3.42518,4.17102,2.64894,2.93089,1.54447,2.11381,30.47845,30.47845,0.0,189.48703,189.48703,0.0,0.0,46.0,0.06462,4.17102,2.93089,2.11381,0.82119,0.82119,1.0,0.9038,0.73066,1.0,0.0,1.0,0.0,-0.0061,-0.0061,0.0
pca,machine-3-7,0,ramp,W3_b05,46,0,R_all,0.07039,0.07039,2.78988,2.78988,2.2216,2.2216,1.29943,1.29943,0.0,30.47845,99.36045,0.0,189.48703,0.0,46.0,0.0,0.06462,4.17102,2.93089,2.11381,0.66887,1.0,0.66887,1.0,1.0,0.0,3.26002,0.0,0.0,0.0,0.00578,0.00578
pca,machine-3-7,0,ramp,W3_b05,46,0,R_fault,0.05363,0.06071,3.50025,4.15766,2.6217,2.92018,1.54988,2.10467,22.4536,30.47845,9.78172,121.63601,189.48703,0.0,30.0,16.0,0.06462,4.17102,2.93089,2.11381,0.83918,0.84188,0.9968,0.89778,0.7364,0.7367,0.32094,0.64192,0.0,-0.00708,-0.01099,-0.00391
pca,machine-3-7,0,ramp,W3_b05,46,0,R_fault_rec,0.05729,0.05729,4.12295,4.12295,2.91984,2.91984,2.0856,2.0856,0.0,30.47845,12.20864,0.0,189.48703,0.0,38.0,8.0,0.06462,4.17102,2.93089,2.11381,0.98848,1.0,0.98848,1.0,1.0,0.0,0.40057,0.0,0.0,0.0,-0.00732,-0.00732
pca,machine-3-7,0,ramp,W3_b05,46,64,R0,0.04801,0.0542,3.84058,4.49298,2.89871,3.06292,1.90167,2.34184,24.33421,24.33421,0.0,169.07907,169.07907,0.0,0.0,110.0,0.0542,4.49298,3.06292,2.34184,0.8548,0.8548,1.0,0.94639,0.81204,1.0,0.0,1.0,0.0,-0.00618,-0.00618,0.0
pca,machine-3-7,0,ramp,W3_b05,46,64,R_all,0.0529,0.0529,4.35771,4.35771,3.01292,3.01292,2.24291,2.24291,0.0,24.33421,8.40482,0.0,169.07907,0.0,46.0,64.0,0.0542,4.49298,3.06292,2.34184,0.96989,1.0,0.96989,1.0,1.0,0.0,0.34539,0.0,0.0,0.0,-0.0013,-0.0013
pca,machine-3-7,0,ramp,W3_b05,46,64,R_fault,0.05062,0.05339,3.89481,4.41074,2.85466,3.01563,1.91338,2.27167,18.0391,24.33421,6.24692,112.50405,169.07907,0.0,30.0,80.0,0.0542,4.49298,3.06292,2.34184,0.86687,0.88303,0.9817,0.94662,0.84228,0.74131,0.25671,0.66539,0.0,-0.00277,-0.00358,-0.00081
pca,machine-3-7,0,ramp,W3_b05,46,64,R_fault_rec,0.05314,0.05314,4.39568,4.39568,3.02316,3.02316,2.26792,2.26792,0.0,24.33421,7.15146,0.0,169.07907,0.0,38.0,72.0,0.0542,4.49298,3.06292,2.34184,0.97834,1.0,0.97834,1.0,1.0,0.0,0.29389,0.0,0.0,0.0,-0.00106,-0.00106
relu,machine-1-6,11,level,W1,30,0,R0,0.14665,0.09082,-1.86566,2.63814,-0.90732,2.34925,-1.46488,1.06729,91.21696,91.21696,0.0,0.0,0.0,0.0,0.0,0.0,0.09082,2.63814,2.34925,1.06729,-0.70719,-0.70719,1.0,-0.38622,-1.37252,1.0,0.0,,0.0,0.05583,0.05583,0.0
relu,machine-1-6,11,level,W1,30,0,R_all,0.14315,0.14315,1.68875,1.68875,1.79705,1.79705,0.54581,0.54581,0.0,91.21696,99.98928,0.0,0.0,0.0,30.0,0.0,0.09082,2.63814,2.34925,1.06729,0.64013,1.0,0.64013,1.0,1.0,0.0,1.09617,,0.0,0.0,0.05233,0.05233
relu,machine-1-6,11,level,W1,30,0,R_fault,0.14315,0.14315,1.68875,1.68875,1.79705,1.79705,0.54581,0.54581,0.0,91.21696,99.98928,0.0,0.0,0.0,30.0,0.0,0.09082,2.63814,2.34925,1.06729,0.64013,1.0,0.64013,1.0,1.0,0.0,1.09617,,0.0,0.0,0.05233,0.05233
relu,machine-1-6,11,level,W1,30,0,R_fault_rec,0.14315,0.14315,1.68875,1.68875,1.79705,1.79705,0.54581,0.54581,0.0,91.21696,99.98928,0.0,0.0,0.0,30.0,0.0,0.09082,2.63814,2.34925,1.06729,0.64013,1.0,0.64013,1.0,1.0,0.0,1.09617,,0.0,0.0,0.05233,0.05233
relu,machine-1-6,11,level,W1,30,64,R0,0.07373,0.07275,1.35997,3.22625,1.34605,2.71768,0.87949,1.40402,23.50204,23.50204,0.0,0.0,0.0,0.0,0.0,0.0,0.07275,3.22625,2.71768,1.40402,0.42153,0.42153,1.0,0.4953,0.62641,1.0,0.0,,0.0,0.00098,0.00098,0.0
relu,machine-1-6,11,level,W1,30,64,R_all,0.07357,0.07275,3.39268,3.26366,2.90751,2.73036,1.44285,1.42004,8.83286,23.50204,7.93161,0.0,0.0,0.0,30.0,0.0,0.07275,3.22625,2.71768,1.40402,1.05159,1.03953,1.0116,1.06488,1.01606,0.37583,0.33749,,0.0,0.00081,0.00081,0.0
relu,machine-1-6,11,level,W1,30,64,R_fault,0.07357,0.07275,3.39268,3.26366,2.90751,2.73036,1.44285,1.42004,8.83286,23.50204,7.93161,0.0,0.0,0.0,30.0,0.0,0.07275,3.22625,2.71768,1.40402,1.05159,1.03953,1.0116,1.06488,1.01606,0.37583,0.33749,,0.0,0.00081,0.00081,0.0
relu,machine-1-6,11,level,W1,30,64,R_fault_rec,0.07365,0.07365,3.2392,3.2392,2.74218,2.74218,1.42295,1.42295,0.0,23.50204,11.5237,0.0,0.0,0.0,38.0,0.0,0.07275,3.22625,2.71768,1.40402,1.00401,1.0,1.00401,1.0,1.0,0.0,0.49033,,0.0,0.0,0.0009,0.0009
relu,machine-1-6,11,level,W1,38,0,R0,0.09692,0.08765,-0.46562,2.72982,-0.0257,2.3695,-0.5128,1.13861,66.91872,66.91872,0.0,0.0,0.0,0.0,0.0,0.0,0.08765,2.72982,2.3695,1.13861,-0.17057,-0.17057,1.0,-0.01085,-0.45038,1.0,0.0,,0.0,0.00928,0.00928,0.0
relu,machine-1-6,11,level,W1,38,0,R_all,0.14315,0.14315,1.68875,1.68875,1.79705,1.79705,0.54581,0.54581,0.0,66.91872,105.37235,0.0,0.0,0.0,38.0,0.0,0.08765,2.72982,2.3695,1.13861,0.61863,1.0,0.61863,1.0,1.0,0.0,1.57463,,0.0,0.0,0.0555,0.0555
relu,machine-1-6,11,level,W1,38,0,R_fault,0.08586,0.08398,2.50904,2.78951,2.12217,2.36425,0.98987,1.11696,29.91938,66.91872,31.02342,0.0,0.0,0.0,30.0,0.0,0.08765,2.72982,2.3695,1.13861,0.91912,0.89946,1.02187,0.89761,0.88621,0.4471,0.4636,,0.0,0.00187,-0.00179,-0.00366
relu,machine-1-6,11,level,W1,38,0,R_fault_rec,0.14315,0.14315,1.68875,1.68875,1.79705,1.79705,0.54581,0.54581,0.0,66.91872,105.37235,0.0,0.0,0.0,38.0,0.0,0.08765,2.72982,2.3695,1.13861,0.61863,1.0,0.61863,1.0,1.0,0.0,1.57463,,0.0,0.0,0.0555,0.0555
relu,machine-1-6,11,level,W1,38,64,R0,0.073,0.07194,1.50642,3.31521,1.35509,2.73763,0.98445,1.47661,21.94028,21.94028,0.0,0.0,0.0,0.0,0.0,0.0,0.07194,3.31521,2.73763,1.47661,0.4544,0.4544,1.0,0.49499,0.6667,1.0,0.0,,0.0,0.00106,0.00106,0.0
relu,machine-1-6,11,level,W1,38,64,R_all,0.07292,0.07292,3.33399,3.33399,2.74318,2.74318,1.4914,1.4914,0.0,21.94028,9.54384,0.0,0.0,0.0,38.0,0.0,0.07194,3.31521,2.73763,1.47661,1.00567,1.0,1.00567,1.0,1.0,0.0,0.43499,,0.0,0.0,0.00098,0.00098
relu,machine-1-6,11,level,W1,38,64,R_fault,0.07284,0.07194,3.48229,3.35292,2.91412,2.74731,1.52107,1.48987,7.98679,21.94028,6.81776,0.0,0.0,0.0,30.0,0.0,0.07194,3.31521,2.73763,1.47661,1.0504,1.03858,1.01138,1.06072,1.02095,0.36402,0.31074,,0.0,0.0009,0.0009,0.0
relu,machine-1-6,11,level,W1,38,64,R_fault_rec,0.07292,0.07292,3.33399,3.33399,2.74318,2.74318,1.4914,1.4914,0.0,21.94028,9.54384,0.0,0.0,0.0,38.0,0.0,0.07194,3.31521,2.73763,1.47661,1.00567,1.0,1.00567,1.0,1.0,0.0,0.43499,,0.0,0.0,0.00098,0.00098
relu,machine-1-6,11,level,W1,46,0,R0,0.08765,0.08618,0.53315,2.81642,0.55088,2.38146,0.38253,1.20962,45.59889,45.59889,0.0,0.0,0.0,0.0,0.0,0.0,0.08618,2.81642,2.38146,1.20962,0.1893,0.1893,1.0,0.23132,0.31624,1.0,0.0,,0.0,0.00146,0.00146,0.0
relu,machine-1-6,11,level,W1,46,0,R_all,0.14315,0.14315,1.68875,1.68875,1.79705,1.79705,0.54581,0.54581,0.0,45.59889,108.43187,0.0,0.0,0.0,46.0,0.0,0.08618,2.81642,2.38146,1.20962,0.59961,1.0,0.59961,1.0,1.0,0.0,2.37795,,0.0,0.0,0.05697,0.05697
relu,machine-1-6,11,level,W1,46,0,R_fault,0.08203,0.08138,2.80797,2.81937,2.40287,2.43476,1.18739,1.12837,20.20676,45.59889,24.97983,0.0,0.0,0.0,30.0,0.0,0.08618,2.81642,2.38146,1.20962,0.997,0.99596,1.00105,0.9869,1.0523,0.44314,0.54782,,0.0,0.00065,-0.00415,-0.0048
relu,machine-1-6,11,level,W1,46,0,R_fault_rec,0.08244,0.08244,2.96876,2.96876,2.53929,2.53929,1.23908,1.23908,0.0,45.59889,35.89048,0.0,0.0,0.0,38.0,0.0,0.08618,2.81642,2.38146,1.20962,1.05409,1.0,1.05409,1.0,1.0,0.0,0.78709,,0.0,0.0,-0.00374,-0.00374
relu,machine-1-6,11,level,W1,46,64,R0,0.07251,0.07153,1.64543,3.48388,1.44157,2.81692,1.12009,1.58507,20.74525,20.74525,0.0,0.0,0.0,0.0,0.0,0.0,0.07153,3.48388,2.81692,1.58507,0.4723,0.4723,1.0,0.51176,0.70665,1.0,0.0,,0.0,0.00098,0.00098,0.0
relu,machine-1-6,11,level,W1,46,64,R_all,0.07259,0.07259,3.50586,3.50586,2.82536,2.82536,1.61086,1.61086,0.0,20.74525,9.69578,0.0,0.0,0.0,46.0,0.0,0.07153,3.48388,2.81692,1.58507,1.00631,1.0,1.00631,1.0,1.0,0.0,0.46737,,0.0,0.0,0.00106,0.00106
relu,machine-1-6,11,level,W1,46,64,R_fault,0.07243,0.07145,3.62892,3.50746,2.99202,2.82335,1.64071,1.59437,7.69017,20.74525,6.04422,0.0,0.0,0.0,30.0,0.0,0.07153,3.48388,2.81692,1.58507,1.04163,1.03463,1.00677,1.05974,1.02907,0.3707,0.29135,,0.0,0.00098,0.0009,-8e-05
relu,machine-1-6,11,level,W1,46,64,R_fault_rec,0.07243,0.07243,3.48675,3.48675,2.81998,2.81998,1.59724,1.59724,0.0,20.74525,8.50882,0.0,0.0,0.0,38.0,0.0,0.07153,3.48388,2.81692,1.58507,1.00082,1.0,1.00082,1.0,1.0,0.0,0.41016,,0.0,0.0,0.0009,0.0009
relu,machine-1-6,11,level,W2_f0995,30,0,R0,0.01742,0.01408,0.94566,1.76828,1.02698,1.77072,0.0631,0.59476,20.71025,20.71025,0.0,4109.37721,4109.37721,0.0,0.0,0.0,0.01408,1.76828,1.77072,0.59476,0.53479,0.53479,1.0,0.57998,0.10609,1.0,0.0,1.0,0.0,0.00334,0.00334,0.0
relu,machine-1-6,11,level,W2_f0995,30,0,R_all,0.04085,0.04085,1.5313,1.5313,1.58629,1.58629,0.48928,0.48928,0.0,20.71025,27.74269,0.0,4109.37721,0.0,30.0,0.0,0.01408,1.76828,1.77072,0.59476,0.86598,1.0,0.86598,1.0,1.0,0.0,1.33956,0.0,0.0,0.0,0.02677,0.02677
relu,machine-1-6,11,level,W2_f0995,30,0,R_fault,0.04085,0.04085,1.5313,1.5313,1.58629,1.58629,0.48928,0.48928,0.0,20.71025,27.74269,0.0,4109.37721,0.0,30.0,0.0,0.01408,1.76828,1.77072,0.59476,0.86598,1.0,0.86598,1.0,1.0,0.0,1.33956,0.0,0.0,0.0,0.02677,0.02677
relu,machine-1-6,11,level,W2_f0995,30,0,R_fault_rec,0.04085,0.04085,1.5313,1.5313,1.58629,1.58629,0.48928,0.48928,0.0,20.71025,27.74269,0.0,4109.37721,0.0,30.0,0.0,0.01408,1.76828,1.77072,0.59476,0.86598,1.0,0.86598,1.0,1.0,0.0,1.33956,0.0,0.0,0.0,0.02677,0.02677
relu,machine-1-6,11,level,W2_f0995,30,64,R0,0.01375,0.01302,1.68225,2.27887,1.6345,2.16235,0.43282,0.84678,14.06146,14.06146,0.0,3119.29994,3119.29994,0.0,0.0,0.0,0.01302,2.27887,2.16235,0.84678,0.73819,0.73819,1.0,0.75589,0.51114,1.0,0.0,1.0,0.0,0.00073,0.00073,0.0
relu,machine-1-6,11,level,W2_f0995,30,64,R_all,0.01196,0.01196,2.15741,2.16845,2.08239,2.09047,0.78254,0.79021,0.28512,14.06146,12.87015,326.66848,3119.29994,5.63965,30.0,0.0,0.01302,2.27887,2.16235,0.84678,0.9467,0.99491,0.95155,0.99613,0.99029,0.02028,0.91528,0.10472,0.40107,0.0,-0.00106,-0.00106
relu,machine-1-6,11,level,W2_f0995,30,64,R_fault,0.01196,0.01196,2.15741,2.16845,2.08239,2.09047,0.78254,0.79021,0.28512,14.06146,12.87015,326.66848,3119.29994,5.63965,30.0,0.0,0.01302,2.27887,2.16235,0.84678,0.9467,0.99491,0.95155,0.99613,0.99029,0.02028,0.91528,0.10472,0.40107,0.0,-0.00106,-0.00106
relu,machine-1-6,11,level,W2_f0995,30,64,R_fault_rec,0.01156,0.01156,2.12607,2.12607,2.06036,2.06036,0.76914,0.76914,0.0,14.06146,17.05886,0.0,3119.29994,6.84865,38.0,0.0,0.01302,2.27887,2.16235,0.84678,0.93295,1.0,0.93295,1.0,1.0,0.0,1.21316,0.0,0.48705,0.0,-0.00146,-0.00146
relu,machine-1-6,11,level,W2_f0995,38,0,R0,0.01489,0.01253,1.02189,1.83076,1.09225,1.8193,0.09524,0.62343,19.80857,19.80857,0.0,4130.1385,4130.1385,0.0,0.0,0.0,0.01253,1.83076,1.8193,0.62343,0.55818,0.55818,1.0,0.60037,0.15276,1.0,0.0,1.0,0.0,0.00236,0.00236,0.0
relu,machine-1-6,11,level,W2_f0995,38,0,R_all,0.04085,0.04085,1.5313,1.5313,1.58629,1.58629,0.48928,0.48928,0.0,19.80857,34.15293,0.0,4130.1385,0.0,38.0,0.0,0.01253,1.83076,1.8193,0.62343,0.83643,1.0,0.83643,1.0,1.0,0.0,1.72415,0.0,0.0,0.0,0.02832,0.02832
relu,machine-1-6,11,level,W2_f0995,38,0,R_fault,0.02563,0.02515,1.58099,1.61464,1.62571,1.6529,0.50362,0.52599,0.57725,19.80857,24.99254,432.52848,4130.1385,1.19834,30.0,0.0,0.01253,1.83076,1.8193,0.62343,0.86357,0.97916,0.88195,0.98355,0.95747,0.02914,1.2617,0.10472,0.0605,0.00049,0.0131,0.01261
relu,machine-1-6,11,level,W2_f0995,38,0,R_fault_rec,0.04085,0.04085,1.5313,1.5313,1.58629,1.58629,0.48928,0.48928,0.0,19.80857,34.15293,0.0,4130.1385,0.0,38.0,0.0,0.01253,1.83076,1.8193,0.62343,0.83643,1.0,0.83643,1.0,1.0,0.0,1.72415,0.0,0.0,0.0,0.02832,0.02832
relu,machine-1-6,11,level,W2_f0995,38,64,R0,0.01416,0.01367,1.76841,2.3405,1.70101,2.20604,0.47886,0.87942,13.413,13.413,0.0,2996.68976,2996.68976,0.0,0.0,0.0,0.01367,2.3405,2.20604,0.87942,0.75557,0.75557,1.0,0.77107,0.54453,1.0,0.0,1.0,0.0,0.00049,0.00049,0.0
relu,machine-1-6,11,level,W2_f0995,38,64,R_all,0.01196,0.01196,2.20271,2.20271,2.11664,2.11664,0.80798,0.80798,0.0,13.413,15.64199,0.0,2996.68976,7.21245,38.0,0.0,0.01367,2.3405,2.20604,0.87942,0.94113,1.0,0.94113,1.0,1.0,0.0,1.16618,0.0,0.53772,0.0,-0.00171,-0.00171
relu,machine-1-6,11,level,W2_f0995,38,64,R_fault,0.01229,0.01237,2.23168,2.24109,2.13655,2.14329,0.82087,0.82746,0.26151,13.413,11.83973,313.82813,2996.68976,5.86812,30.0,0.0,0.01367,2.3405,2.20604,0.87942,0.95351,0.9958,0.95753,0.99686,0.99204,0.0195,0.88271,0.10472,0.43749,-8e-05,-0.00138,-0.0013
relu,machine-1-6,11,level,W2_f0995,38,64,R_fault_rec,0.01196,0.01196,2.20271,2.20271,2.11664,2.11664,0.80798,0.80798,0.0,13.413,15.64199,0.0,2996.68976,7.21245,38.0,0.0,0.01367,2.3405,2.20604,0.87942,0.94113,1.0,0.94113,1.0,1.0,0.0,1.16618,0.0,0.53772,0.0,-0.00171,-0.00171
relu,machine-1-6,11,level,W2_f0995,46,0,R0,0.01343,0.0118,1.12044,1.89384,1.1746,1.8684,0.14404,0.65297,18.83823,18.83823,0.0,3967.79533,3967.79533,0.0,0.0,0.0,0.0118,1.89384,1.8684,0.65297,0.59163,0.59163,1.0,0.62866,0.2206,1.0,0.0,1.0,0.0,0.00163,0.00163,0.0
relu,machine-1-6,11,level,W2_f0995,46,0,R_all,0.04085,0.04085,1.5313,1.5313,1.58629,1.58629,0.48928,0.48928,0.0,18.83823,40.2235,0.0,3967.79533,0.0,46.0,0.0,0.0118,1.89384,1.8684,0.65297,0.80857,1.0,0.80857,1.0,1.0,0.0,2.13521,0.0,0.0,0.0,0.02905,0.02905
relu,machine-1-6,11,level,W2_f0995,46,0,R_fault,0.01742,0.01709,1.66785,1.69659,1.69568,1.71875,0.54351,0.56271,0.51742,18.83823,22.57458,415.5271,3967.79533,2.23769,30.0,0.0,0.0118,1.89384,1.8684,0.65297,0.88067,0.98306,0.89585,0.98658,0.96588,0.02747,1.19834,0.10472,0.11878,0.00033,0.00562,0.00529
relu,machine-1-6,11,level,W2_f0995,46,0,R_fault_rec,0.0245,0.0245,1.62109,1.62109,1.65876,1.65876,0.52906,0.52906,0.0,18.83823,30.68844,0.0,3967.79533,1.61617,38.0,0.0,0.0118,1.89384,1.8684,0.65297,0.85598,1.0,0.85598,1.0,1.0,0.0,1.62905,0.0,0.08579,0.0,0.0127,0.0127
relu,machine-1-6,11,level,W2_f0995,46,64,R0,0.01489,0.01457,1.85486,2.40315,1.76782,2.25099,0.52617,0.91354,12.79154,12.79154,0.0,2878.899,2878.899,0.0,0.0,0.0,0.01457,2.40315,2.25099,0.91354,0.77184,0.77184,1.0,0.78535,0.57597,1.0,0.0,1.0,0.0,0.00033,0.00033,0.0
relu,machine-1-6,11,level,W2_f0995,46,64,R_all,0.01213,0.01213,2.23823,2.23823,2.14391,2.14391,0.82702,0.82702,0.0,12.79154,18.21172,0.0,2878.899,8.78312,46.0,0.0,0.01457,2.40315,2.25099,0.91354,0.93137,1.0,0.93137,1.0,1.0,0.0,1.42373,0.0,0.68664,0.0,-0.00244,-0.00244
relu,machine-1-6,11,level,W2_f0995,46,64,R_fault,0.01286,0.01286,2.30607,2.31407,2.19101,2.19659,0.86042,0.86606,0.24042,12.79154,10.92421,301.4925,2878.899,6.02754,30.0,0.0,0.01457,2.40315,2.25099,0.91354,0.9596,0.99654,0.96293,0.99746,0.99349,0.01879,0.85402,0.10472,0.47121,0.0,-0.00171,-0.00171
relu,machine-1-6,11,level,W2_f0995,46,64,R_fault_rec,0.01245,0.01245,2.27946,2.27946,2.17311,2.17311,0.84813,0.84813,0.0,12.79154,14.38469,0.0,2878.899,7.47567,38.0,0.0,0.01457,2.40315,2.25099,0.91354,0.94853,1.0,0.94853,1.0,1.0,0.0,1.12455,0.0,0.58442,0.0,-0.00212,-0.00212
relu,machine-1-6,11,level,W3_b01,30,0,R0,0.05705,0.01579,-2.39503,2.96965,-1.9201,2.53139,-2.02436,1.27498,106.36307,106.36307,0.0,144.9834,144.9834,0.0,0.0,30.0,0.01579,2.96965,2.53139,1.27498,-0.8065,-0.8065,1.0,-0.75852,-1.58776,1.0,0.0,1.0,0.0,0.04126,0.04126,0.0
relu,machine-1-6,11,level,W3_b01,30,0,R_all,0.07072,0.07072,1.5672,1.5672,1.53595,1.53595,0.51692,0.51692,0.0,106.36307,137.05896,0.0,144.9834,0.0,30.0,0.0,0.01579,2.96965,2.53139,1.27498,0.52774,1.0,0.52774,1.0,1.0,0.0,1.2886,0.0,0.0,0.0,0.05493,0.05493
relu,machine-1-6,11,level,W3_b01,30,0,R_fault,0.07072,0.07072,1.5672,1.5672,1.53595,1.53595,0.51692,0.51692,0.0,106.36307,137.05896,0.0,144.9834,0.0,30.0,0.0,0.01579,2.96965,2.53139,1.27498,0.52774,1.0,0.52774,1.0,1.0,0.0,1.2886,0.0,0.0,0.0,0.05493,0.05493
relu,machine-1-6,11,level,W3_b01,30,0,R_fault_rec,0.07072,0.07072,1.5672,1.5672,1.53595,1.53595,0.51692,0.51692,0.0,106.36307,137.05896,0.0,144.9834,0.0,30.0,0.0,0.01579,2.96965,2.53139,1.27498,0.52774,1.0,0.52774,1.0,1.0,0.0,1.2886,0.0,0.0,0.0,0.05493,0.05493
relu,machine-1-6,11,level,W3_b01,30,64,R0,0.01986,0.01872,3.03467,3.32034,2.56165,2.82199,1.38914,1.52075,7.14614,7.14614,0.0,68.60167,68.60167,0.0,0.0,94.0,0.01872,3.32034,2.82199,1.52075,0.91396,0.91396,1.0,0.90774,0.91346,1.0,0.0,1.0,0.0,0.00114,0.00114,0.0
relu,machine-1-6,11,level,W3_b01,30,64,R_all,0.01774,0.0179,3.30677,3.32235,2.82085,2.83039,1.52404,1.52209,2.93189,7.14614,4.05158,33.32201,68.60167,0.0,30.0,64.0,0.01872,3.32034,2.82199,1.52075,0.99591,0.99531,1.00061,0.99663,1.00128,0.41028,0.56696,0.48573,0.0,-0.00016,-0.00098,-0.00081
relu,machine-1-6,11,level,W3_b01,30,64,R_fault,0.01774,0.0179,3.30677,3.32235,2.82085,2.83039,1.52404,1.52209,2.93189,7.14614,4.05158,33.32201,68.60167,0.0,30.0,64.0,0.01872,3.32034,2.82199,1.52075,0.99591,0.99531,1.00061,0.99663,1.00128,0.41028,0.56696,0.48573,0.0,-0.00016,-0.00098,-0.00081
relu,machine-1-6,11,level,W3_b01,30,64,R_fault_rec,0.01782,0.01782,3.32349,3.32349,2.83321,2.83321,1.52305,1.52305,0.0,7.14614,4.44022,0.0,68.60167,0.0,38.0,56.0,0.01872,3.32034,2.82199,1.52075,1.00095,1.0,1.00095,1.0,1.0,0.0,0.62135,0.0,0.0,0.0,-0.0009,-0.0009
relu,machine-1-6,11,level,W3_b01,38,0,R0,0.02466,0.01636,0.37434,3.01172,0.38715,2.57913,-0.68924,1.30339,54.14979,54.14979,0.0,93.30887,93.30887,0.0,0.0,38.0,0.01636,3.01172,2.57913,1.30339,0.12429,0.12429,1.0,0.15011,-0.5288,1.0,0.0,1.0,0.0,0.0083,0.0083,0.0
relu,machine-1-6,11,level,W3_b01,38,0,R_all,0.07072,0.07072,1.5672,1.5672,1.53595,1.53595,0.51692,0.51692,0.0,54.14979,140.91367,0.0,93.30887,0.0,38.0,0.0,0.01636,3.01172,2.57913,1.30339,0.52037,1.0,0.52037,1.0,1.0,0.0,2.60229,0.0,0.0,0.0,0.05436,0.05436
relu,machine-1-6,11,level,W3_b01,38,0,R_fault,0.01082,0.0105,2.23037,2.51667,2.04975,2.28541,0.76674,0.98032,10.69408,54.14979,61.37843,35.91394,93.30887,0.0,30.0,8.0,0.01636,3.01172,2.57913,1.30339,0.74056,0.88624,0.83563,0.89688,0.78213,0.19749,1.13349,0.38489,0.0,0.00033,-0.00553,-0.00586
relu,machine-1-6,11,level,W3_b01,38,0,R_fault_rec,0.07072,0.07072,1.5672,1.5672,1.53595,1.53595,0.51692,0.51692,0.0,54.14979,140.91367,0.0,93.30887,0.0,38.0,0.0,0.01636,3.01172,2.57913,1.30339,0.52037,1.0,0.52037,1.0,1.0,0.0,2.60229,0.0,0.0,0.0,0.05436,0.05436
relu,machine-1-6,11,level,W3_b01,38,64,R0,0.01929,0.01823,3.07361,3.35693,2.55774,2.81264,1.40547,1.53576,7.04119,7.04119,0.0,68.5284,68.5284,0.0,0.0,102.0,0.01823,3.35693,2.81264,1.53576,0.9156,0.9156,1.0,0.90937,0.91516,1.0,0.0,1.0,0.0,0.00106,0.00106,0.0
relu,machine-1-6,11,level,W3_b01,38,64,R_all,0.01733,0.01733,3.36108,3.36108,2.82446,2.82446,1.53883,1.53883,0.0,7.04119,4.32784,0.0,68.5284,0.0,38.0,64.0,0.01823,3.35693,2.81264,1.53576,1.00124,1.0,1.00124,1.0,1.0,0.0,0.61465,0.0,0.0,0.0,-0.0009,-0.0009
relu,machine-1-6,11,level,W3_b01,38,64,R_fault,0.01725,0.01733,3.34215,3.35945,2.81075,2.82113,1.53775,1.53745,2.8945,7.04119,3.98144,33.29787,68.5284,0.0,30.0,72.0,0.01823,3.35693,2.81264,1.53576,0.9956,0.99485,1.00075,0.99632,1.0002,0.41108,0.56545,0.4859,0.0,-8e-05,-0.00098,-0.0009
relu,machine-1-6,11,level,W3_b01,38,64,R_fault_rec,0.01733,0.01733,3.36108,3.36108,2.82446,2.82446,1.53883,1.53883,0.0,7.04119,4.32784,0.0,68.5284,0.0,38.0,64.0,0.01823,3.35693,2.81264,1.53576,1.00124,1.0,1.00124,1.0,1.0,0.0,0.61465,0.0,0.0,0.0,-0.0009,-0.0009
relu,machine-1-6,11,level,W3_b01,46,0,R0,0.0188,0.01611,1.84077,3.07451,1.58079,2.63541,0.3994,1.33861,25.89518,25.89518,0.0,74.5496,74.5496,0.0,0.0,46.0,0.01611,3.07451,2.63541,1.33861,0.59872,0.59872,1.0,0.59983,0.29837,1.0,0.0,1.0,0.0,0.00269,0.00269,0.0
relu,machine-1-6,11,level,W3_b01,46,0,R_all,0.07072,0.07072,1.5672,1.5672,1.53595,1.53595,0.51692,0.51692,0.0,25.89518,142.78046,0.0,74.5496,0.0,46.0,0.0,0.01611,3.07451,2.63541,1.33861,0.50974,1.0,0.50974,1.0,1.0,0.0,5.51378,0.0,0.0,0.0,0.05461,0.05461
relu,machine-1-6,11,level,W3_b01,46,0,R_fault,0.01253,0.01229,2.82059,2.9518,2.47423,2.57807,1.13912,1.24231,5.62064,25.89518,27.56804,33.9707,74.5496,0.0,30.0,16.0,0.01611,3.07451,2.63541,1.33861,0.91741,0.95555,0.96009,0.95972,0.91693,0.21705,1.0646,0.45568,0.0,0.00024,-0.00358,-0.00382
relu,machine-1-6,11,level,W3_b01,46,0,R_fault_rec,0.01058,0.01058,2.55682,2.55682,2.32292,2.32292,0.99844,0.99844,0.0,25.89518,62.93209,0.0,74.5496,0.0,38.0,8.0,0.01611,3.07451,2.63541,1.33861,0.83162,1.0,0.83162,1.0,1.0,0.0,2.43026,0.0,0.0,0.0,-0.00553,-0.00553
relu,machine-1-6,11,level,W3_b01,46,64,R0,0.01969,0.01855,3.14315,3.42939,2.61021,2.8656,1.44608,1.57864,6.90663,6.90663,0.0,68.4838,68.4838,0.0,0.0,110.0,0.01855,3.42939,2.8656,1.57864,0.91653,0.91653,1.0,0.91088,0.91603,1.0,0.0,1.0,0.0,0.00114,0.00114,0.0
relu,machine-1-6,11,level,W3_b01,46,64,R_all,0.01742,0.01742,3.4373,3.4373,2.87888,2.87888,1.58474,1.58474,0.0,6.90663,4.84772,0.0,68.4838,0.0,46.0,64.0,0.01855,3.42939,2.8656,1.57864,1.00231,1.0,1.00231,1.0,1.0,0.0,0.70189,0.0,0.0,0.0,-0.00114,-0.00114
relu,machine-1-6,11,level,W3_b01,46,64,R_fault,0.01782,0.01782,3.41502,3.43381,2.86341,2.87488,1.58061,1.58158,2.84479,6.90663,3.8365,33.27844,68.4838,0.0,30.0,80.0,0.01855,3.42939,2.8656,1.57864,0.99581,0.99453,1.00129,0.99601,0.99938,0.41189,0.55548,0.48593,0.0,0.0,-0.00073,-0.00073
relu,machine-1-6,11,level,W3_b01,46,64,R_fault_rec,0.01774,0.01774,3.43563,3.43563,2.87854,2.87854,1.58301,1.58301,0.0,6.90663,4.17005,0.0,68.4838,0.0,38.0,72.0,0.01855,3.42939,2.8656,1.57864,1.00182,1.0,1.00182,1.0,1.0,0.0,0.60377,0.0,0.0,0.0,-0.00081,-0.00081
relu,machine-1-6,11,level,W3_b05,30,0,R0,0.03654,0.01945,-3.47789,2.81174,-3.07521,1.8544,-2.63993,1.16021,155.40297,155.40297,0.0,206.50765,206.50765,0.0,0.0,30.0,0.01945,2.81174,1.8544,1.16021,-1.23692,-1.23692,1.0,-1.65834,-2.27539,1.0,0.0,1.0,0.0,0.01709,0.01709,0.0
relu,machine-1-6,11,level,W3_b05,30,0,R_all,0.06787,0.06787,1.16936,1.16936,1.04043,1.04043,0.35652,0.35652,0.0,155.40297,243.08112,0.0,206.50765,0.0,30.0,0.0,0.01945,2.81174,1.8544,1.16021,0.41588,1.0,0.41588,1.0,1.0,0.0,1.5642,0.0,0.0,0.0,0.04842,0.04842
relu,machine-1-6,11,level,W3_b05,30,0,R_fault,0.06787,0.06787,1.16936,1.16936,1.04043,1.04043,0.35652,0.35652,0.0,155.40297,243.08112,0.0,206.50765,0.0,30.0,0.0,0.01945,2.81174,1.8544,1.16021,0.41588,1.0,0.41588,1.0,1.0,0.0,1.5642,0.0,0.0,0.0,0.04842,0.04842
relu,machine-1-6,11,level,W3_b05,30,0,R_fault_rec,0.06787,0.06787,1.16936,1.16936,1.04043,1.04043,0.35652,0.35652,0.0,155.40297,243.08112,0.0,206.50765,0.0,30.0,0.0,0.01945,2.81174,1.8544,1.16021,0.41588,1.0,0.41588,1.0,1.0,0.0,1.5642,0.0,0.0,0.0,0.04842,0.04842
relu,machine-1-6,11,level,W3_b05,30,64,R0,0.06445,0.06396,3.57031,3.21035,2.53124,2.19308,1.58756,1.37521,9.68762,9.68762,0.0,102.56007,102.56007,0.0,0.0,94.0,0.06396,3.21035,2.19308,1.37521,1.11212,1.11212,1.0,1.1542,1.15441,1.0,0.0,1.0,0.0,0.00049,0.00049,0.0
relu,machine-1-6,11,level,W3_b05,30,64,R_all,0.0529,0.05632,3.20134,3.21598,2.24583,2.22251,1.42586,1.38152,12.20205,9.68762,9.95071,130.72801,102.56007,0.0,30.0,64.0,0.06396,3.21035,2.19308,1.37521,0.99719,0.99545,1.00175,1.0105,1.03209,1.25955,1.02716,1.27465,0.0,-0.00342,-0.01107,-0.00765
relu,machine-1-6,11,level,W3_b05,30,64,R_fault,0.0529,0.05632,3.20134,3.21598,2.24583,2.22251,1.42586,1.38152,12.20205,9.68762,9.95071,130.72801,102.56007,0.0,30.0,64.0,0.06396,3.21035,2.19308,1.37521,0.99719,0.99545,1.00175,1.0105,1.03209,1.25955,1.02716,1.27465,0.0,-0.00342,-0.01107,-0.00765
relu,machine-1-6,11,level,W3_b05,30,64,R_fault_rec,0.05583,0.05583,3.2113,3.2113,2.23799,2.23799,1.37808,1.37808,0.0,9.68762,10.33499,0.0,102.56007,0.0,38.0,56.0,0.06396,3.21035,2.19308,1.37521,1.0003,1.0,1.0003,1.0,1.0,0.0,1.06683,0.0,0.0,0.0,-0.00814,-0.00814
relu,machine-1-6,11,level,W3_b05,38,0,R0,0.02466,0.0201,2.50146,2.81965,1.68105,1.91355,0.8255,1.16559,36.98303,36.98303,0.0,112.83262,112.83262,0.0,0.0,38.0,0.0201,2.81965,1.91355,1.16559,0.88715,0.88715,1.0,0.8785,0.70823,1.0,0.0,1.0,0.0,0.00456,0.00456,0.0
relu,machine-1-6,11,level,W3_b05,38,0,R_all,0.06787,0.06787,1.16936,1.16936,1.04043,1.04043,0.35652,0.35652,0.0,36.98303,246.39512,0.0,112.83262,0.0,38.0,0.0,0.0201,2.81965,1.91355,1.16559,0.41472,1.0,0.41472,1.0,1.0,0.0,6.66238,0.0,0.0,0.0,0.04777,0.04777
relu,machine-1-6,11,level,W3_b05,38,0,R_fault,0.01082,0.01302,2.40551,2.75552,1.64946,1.88746,0.86951,1.1381,34.96225,36.98303,15.56107,139.04678,112.83262,0.0,30.0,8.0,0.0201,2.81965,1.91355,1.16559,0.85312,0.87298,0.97726,0.8739,0.764,0.94536,0.42076,1.23233,0.0,-0.0022,-0.00928,-0.00708
relu,machine-1-6,11,level,W3_b05,38,0,R_fault_rec,0.06787,0.06787,1.16936,1.16936,1.04043,1.04043,0.35652,0.35652,0.0,36.98303,246.39512,0.0,112.83262,0.0,38.0,0.0,0.0201,2.81965,1.91355,1.16559,0.41472,1.0,0.41472,1.0,1.0,0.0,6.66238,0.0,0.0,0.0,0.04777,0.04777
relu,machine-1-6,11,level,W3_b05,38,64,R0,0.02303,0.02303,3.68619,3.35022,2.49785,2.17835,1.63172,1.44281,9.60487,9.60487,0.0,102.33053,102.33053,0.0,0.0,102.0,0.02303,3.35022,2.17835,1.44281,1.10028,1.10028,1.0,1.14667,1.13094,1.0,0.0,1.0,0.0,0.0,0.0,0.0
relu,machine-1-6,11,level,W3_b05,38,64,R_all,0.01432,0.01432,3.35606,3.35606,2.22859,2.22859,1.44889,1.44889,0.0,9.60487,10.72246,0.0,102.33053,0.0,38.0,64.0,0.02303,3.35022,2.17835,1.44281,1.00174,1.0,1.00174,1.0,1.0,0.0,1.11636,0.0,0.0,0.0,-0.00871,-0.00871
relu,machine-1-6,11,level,W3_b05,38,64,R_fault,0.01196,0.01497,3.27227,3.35006,2.19124,2.20086,1.43423,1.44415,11.81434,9.60487,10.13425,130.37504,102.33053,0.0,30.0,72.0,0.02303,3.35022,2.17835,1.44281,0.97673,0.97678,0.99995,0.99563,0.99313,1.23004,1.05512,1.27406,0.0,-0.00301,-0.01107,-0.00806
relu,machine-1-6,11,level,W3_b05,38,64,R_fault_rec,0.01432,0.01432,3.35606,3.35606,2.22859,2.22859,1.44889,1.44889,0.0,9.60487,10.72246,0.0,102.33053,0.0,38.0,64.0,0.02303,3.35022,2.17835,1.44281,1.00174,1.0,1.00174,1.0,1.0,0.0,1.11636,0.0,0.0,0.0,-0.00871,-0.00871
relu,machine-1-6,11,level,W3_b05,46,0,R0,0.01636,0.01595,3.31686,2.99662,2.3852,2.09043,1.41274,1.24298,11.50927,11.50927,0.0,104.08664,104.08664,0.0,0.0,46.0,0.01595,2.99662,2.09043,1.24298,1.10687,1.10687,1.0,1.14101,1.13658,1.0,0.0,1.0,0.0,0.00041,0.00041,0.0
relu,machine-1-6,11,level,W3_b05,46,0,R_all,0.06787,0.06787,1.16936,1.16936,1.04043,1.04043,0.35652,0.35652,0.0,11.50927,246.45962,0.0,104.08664,0.0,46.0,0.0,0.01595,2.99662,2.09043,1.24298,0.39023,1.0,0.39023,1.0,1.0,0.0,21.41402,0.0,0.0,0.0,0.05192,0.05192
relu,machine-1-6,11,level,W3_b05,46,0,R_fault,0.00838,0.00936,2.98008,2.93364,2.14544,2.06253,1.27863,1.21621,12.33595,11.50927,13.7212,132.60707,104.08664,0.0,30.0,16.0,0.01595,2.99662,2.09043,1.24298,0.99448,1.01583,0.97898,1.0402,1.05132,1.07183,1.19219,1.27401,0.0,-0.00098,-0.00757,-0.00659
relu,machine-1-6,11,level,W3_b05,46,0,R_fault_rec,0.00903,0.00903,2.91376,2.91376,2.06364,2.06364,1.20234,1.20234,0.0,11.50927,14.93095,0.0,104.08664,0.0,38.0,8.0,0.01595,2.99662,2.09043,1.24298,0.97235,1.0,0.97235,1.0,1.0,0.0,1.2973,0.0,0.0,0.0,-0.00692,-0.00692
relu,machine-1-6,11,level,W3_b05,46,64,R0,0.02393,0.02352,3.83237,3.48505,2.61924,2.29105,1.70602,1.50665,9.14332,9.14332,0.0,102.13653,102.13653,0.0,0.0,110.0,0.02352,3.48505,2.29105,1.50665,1.09966,1.09966,1.0,1.14325,1.13232,1.0,0.0,1.0,0.0,0.00041,0.00041,0.0
relu,machine-1-6,11,level,W3_b05,46,64,R_all,0.01554,0.01554,3.50507,3.50507,2.34329,2.34329,1.52524,1.52524,0.0,9.14332,10.86604,0.0,102.13653,0.0,46.0,64.0,0.02352,3.48505,2.29105,1.50665,1.00575,1.0,1.00575,1.0,1.0,0.0,1.18841,0.0,0.0,0.0,-0.00798,-0.00798
relu,machine-1-6,11,level,W3_b05,46,64,R_fault,0.01294,0.01603,3.39325,3.49519,2.28542,2.3202,1.48132,1.51689,11.66555,9.14332,9.53386,130.0964,102.13653,0.0,30.0,80.0,0.02352,3.48505,2.29105,1.50665,0.97366,0.97083,1.00291,0.98501,0.97655,1.27585,1.04271,1.27375,0.0,-0.00309,-0.01058,-0.00749
relu,machine-1-6,11,level,W3_b05,46,64,R_fault_rec,0.01611,0.01611,3.50314,3.50314,2.34815,2.34815,1.52034,1.52034,0.0,9.14332,9.99808,0.0,102.13653,0.0,38.0,72.0,0.02352,3.48505,2.29105,1.50665,1.00519,1.0,1.00519,1.0,1.0,0.0,1.09349,0.0,0.0,0.0,-0.00741,-0.00741
relu,machine-1-6,11,ramp,W1,30,0,R0,0.20597,0.14176,-0.5466,2.95061,0.13421,2.48102,-0.45961,1.30298,62.71046,62.71046,0.0,0.0,0.0,0.0,0.0,0.0,0.14176,2.95061,2.48102,1.30298,-0.18525,-0.18525,1.0,0.05409,-0.35273,1.0,0.0,,0.0,0.06421,0.06421,0.0
relu,machine-1-6,11,ramp,W1,30,0,R_all,0.23071,0.23071,2.43537,2.43537,2.21673,2.21673,1.0194,1.0194,0.0,62.71046,49.98653,0.0,0.0,0.0,30.0,0.0,0.14176,2.95061,2.48102,1.30298,0.82538,1.0,0.82538,1.0,1.0,0.0,0.7971,,0.0,0.0,0.08895,0.08895
relu,machine-1-6,11,ramp,W1,30,0,R_fault,0.23071,0.23071,2.43537,2.43537,2.21673,2.21673,1.0194,1.0194,0.0,62.71046,49.98653,0.0,0.0,0.0,30.0,0.0,0.14176,2.95061,2.48102,1.30298,0.82538,1.0,0.82538,1.0,1.0,0.0,0.7971,,0.0,0.0,0.08895,0.08895
relu,machine-1-6,11,ramp,W1,30,0,R_fault_rec,0.23071,0.23071,2.43537,2.43537,2.21673,2.21673,1.0194,1.0194,0.0,62.71046,49.98653,0.0,0.0,0.0,30.0,0.0,0.14176,2.95061,2.48102,1.30298,0.82538,1.0,0.82538,1.0,1.0,0.0,0.7971,,0.0,0.0,0.08895,0.08895
relu,machine-1-6,11,ramp,W1,30,64,R0,0.12744,0.12614,1.39677,3.27349,1.27436,2.65126,1.07535,1.55044,22.28881,22.28881,0.0,0.0,0.0,0.0,0.0,0.0,0.12614,3.27349,2.65126,1.55044,0.42669,0.42669,1.0,0.48066,0.69358,1.0,0.0,,0.0,0.0013,0.0013,0.0
relu,machine-1-6,11,ramp,W1,30,64,R_all,0.12728,0.12736,3.30957,3.30571,2.68522,2.66571,1.53736,1.56723,7.01054,22.28881,6.67511,0.0,0.0,0.0,30.0,0.0,0.12614,3.27349,2.65126,1.55044,1.01102,1.00117,1.00984,1.00732,0.98094,0.31453,0.29948,,0.0,-8e-05,0.00114,0.00122
relu,machine-1-6,11,ramp,W1,30,64,R_fault,0.12728,0.12736,3.30957,3.30571,2.68522,2.66571,1.53736,1.56723,7.01054,22.28881,6.67511,0.0,0.0,0.0,30.0,0.0,0.12614,3.27349,2.65126,1.55044,1.01102,1.00117,1.00984,1.00732,0.98094,0.31453,0.29948,,0.0,-8e-05,0.00114,0.00122
relu,machine-1-6,11,ramp,W1,30,64,R_fault_rec,0.12728,0.12728,3.30814,3.30814,2.66519,2.66519,1.56654,1.56654,0.0,22.28881,8.6684,0.0,0.0,0.0,38.0,0.0,0.12614,3.27349,2.65126,1.55044,1.01058,1.0,1.01058,1.0,1.0,0.0,0.38891,,0.0,0.0,0.00114,0.00114
relu,machine-1-6,11,ramp,W1,38,0,R0,0.16349,0.13599,-0.04546,3.00729,0.49461,2.55712,-0.1874,1.33815,54.68372,54.68372,0.0,0.0,0.0,0.0,0.0,0.0,0.13599,3.00729,2.55712,1.33815,-0.01512,-0.01512,1.0,0.19342,-0.14004,1.0,0.0,,0.0,0.02751,0.02751,0.0
relu,machine-1-6,11,ramp,W1,38,0,R_all,0.23071,0.23071,2.43537,2.43537,2.21673,2.21673,1.0194,1.0194,0.0,54.68372,54.68005,0.0,0.0,0.0,38.0,0.0,0.13599,3.00729,2.55712,1.33815,0.80982,1.0,0.80982,1.0,1.0,0.0,0.99993,,0.0,0.0,0.09473,0.09473
relu,machine-1-6,11,ramp,W1,38,0,R_fault,0.1639,0.13713,2.42481,2.9766,2.20134,2.6105,0.81159,1.31447,26.94151,54.68372,21.96288,0.0,0.0,0.0,30.0,0.0,0.13599,3.00729,2.55712,1.33815,0.80631,0.81462,0.9898,0.84326,0.61743,0.49268,0.40163,,0.0,0.02677,0.02791,0.00114
relu,machine-1-6,11,ramp,W1,38,0,R_fault_rec,0.23071,0.23071,2.43537,2.43537,2.21673,2.21673,1.0194,1.0194,0.0,54.68372,54.68005,0.0,0.0,0.0,38.0,0.0,0.13599,3.00729,2.55712,1.33815,0.80982,1.0,0.80982,1.0,1.0,0.0,0.99993,,0.0,0.0,0.09473,0.09473
relu,machine-1-6,11,ramp,W1,38,64,R0,0.12467,0.1237,1.55128,3.42212,1.43607,2.75782,1.19569,1.62308,19.35977,19.35977,0.0,0.0,0.0,0.0,0.0,0.0,0.1237,3.42212,2.75782,1.62308,0.45331,0.45331,1.0,0.52073,0.73668,1.0,0.0,,0.0,0.00098,0.00098,0.0
relu,machine-1-6,11,ramp,W1,38,64,R_all,0.12451,0.12451,3.40902,3.40902,2.76593,2.76593,1.61261,1.61261,0.0,19.35977,5.47063,0.0,0.0,0.0,38.0,0.0,0.1237,3.42212,2.75782,1.62308,0.99617,1.0,0.99617,1.0,1.0,0.0,0.28258,,0.0,0.0,0.00081,0.00081
relu,machine-1-6,11,ramp,W1,38,64,R_fault,0.12451,0.12459,3.43653,3.39879,2.81697,2.76301,1.62354,1.60877,6.32377,19.35977,4.14866,0.0,0.0,0.0,30.0,0.0,0.1237,3.42212,2.75782,1.62308,1.00421,1.01111,0.99318,1.01953,1.00918,0.32665,0.21429,,0.0,-8e-05,0.00081,0.0009
relu,machine-1-6,11,ramp,W1,38,64,R_fault_rec,0.12451,0.12451,3.40902,3.40902,2.76593,2.76593,1.61261,1.61261,0.0,19.35977,5.47063,0.0,0.0,0.0,38.0,0.0,0.1237,3.42212,2.75782,1.62308,0.99617,1.0,0.99617,1.0,1.0,0.0,0.28258,,0.0,0.0,0.00081,0.00081
relu,machine-1-6,11,ramp,W1,46,0,R0,0.17188,0.1368,0.71203,3.00448,0.81914,2.56193,0.47687,1.35157,40.62226,40.62226,0.0,0.0,0.0,0.0,0.0,0.0,0.1368,3.00448,2.56193,1.35157,0.23699,0.23699,1.0,0.31974,0.35283,1.0,0.0,,0.0,0.03507,0.03507,0.0
relu,machine-1-6,11,ramp,W1,46,0,R_all,0.23071,0.23071,2.43537,2.43537,2.21673,2.21673,1.0194,1.0194,0.0,40.62226,56.9365,0.0,0.0,0.0,46.0,0.0,0.1368,3.00448,2.56193,1.35157,0.81058,1.0,0.81058,1.0,1.0,0.0,1.40161,,0.0,0.0,0.09391,0.09391
relu,machine-1-6,11,ramp,W1,46,0,R_fault,0.17741,0.1674,2.77959,2.97475,2.34705,2.58102,1.13549,1.33042,16.04527,40.62226,20.38359,0.0,0.0,0.0,30.0,0.0,0.1368,3.00448,2.56193,1.35157,0.92515,0.9344,0.99011,0.90935,0.85348,0.39499,0.50178,,0.0,0.01001,0.04061,0.0306
relu,machine-1-6,11,ramp,W1,46,0,R_fault_rec,0.1792,0.1792,2.95949,2.95949,2.5153,2.5153,1.31696,1.31696,0.0,40.62226,29.72912,0.0,0.0,0.0,38.0,0.0,0.1368,3.00448,2.56193,1.35157,0.98503,1.0,0.98503,1.0,1.0,0.0,0.73184,,0.0,0.0,0.0424,0.0424
relu,machine-1-6,11,ramp,W1,46,64,R0,0.12183,0.12118,1.5756,3.38167,1.44994,2.77078,1.19975,1.58734,18.44852,18.44852,0.0,0.0,0.0,0.0,0.0,0.0,0.12118,3.38167,2.77078,1.58734,0.46592,0.46592,1.0,0.5233,0.75582,1.0,0.0,,0.0,0.00065,0.00065,0.0
relu,machine-1-6,11,ramp,W1,46,64,R_all,0.12223,0.12223,3.41471,3.41471,2.73924,2.73924,1.60801,1.60801,0.0,18.44852,5.6869,0.0,0.0,0.0,46.0,0.0,0.12118,3.38167,2.77078,1.58734,1.00977,1.0,1.00977,1.0,1.0,0.0,0.30826,,0.0,0.0,0.00106,0.00106
relu,machine-1-6,11,ramp,W1,46,64,R_fault,0.12166,0.12166,3.44377,3.38973,2.8275,2.76031,1.61423,1.58696,5.99985,18.44852,3.07224,0.0,0.0,0.0,30.0,0.0,0.12118,3.38167,2.77078,1.58734,1.01836,1.01594,1.00238,1.02434,1.01718,0.32522,0.16653,,0.0,0.0,0.00049,0.00049
relu,machine-1-6,11,ramp,W1,46,64,R_fault_rec,0.12166,0.12166,3.39878,3.39878,2.76502,2.76502,1.58806,1.58806,0.0,18.44852,4.16314,0.0,0.0,0.0,38.0,0.0,0.12118,3.38167,2.77078,1.58734,1.00506,1.0,1.00506,1.0,1.0,0.0,0.22566,,0.0,0.0,0.00049,0.00049
relu,machine-1-6,11,ramp,W2_f0995,30,0,R0,0.07821,0.07625,1.53414,2.31948,1.48377,2.16775,0.41477,0.9421,20.81071,20.81071,0.0,3975.99221,3975.99221,0.0,0.0,0.0,0.07625,2.31948,2.16775,0.9421,0.66141,0.66141,1.0,0.68447,0.44026,1.0,0.0,1.0,0.0,0.00195,0.00195,0.0
relu,machine-1-6,11,ramp,W2_f0995,30,0,R_all,0.10425,0.10425,2.17407,2.17407,2.06111,2.06111,0.87439,0.87439,0.0,20.81071,20.25861,0.0,3975.99221,0.0,30.0,0.0,0.07625,2.31948,2.16775,0.9421,0.93731,1.0,0.93731,1.0,1.0,0.0,0.97347,0.0,0.0,0.0,0.02799,0.02799
relu,machine-1-6,11,ramp,W2_f0995,30,0,R_fault,0.10425,0.10425,2.17407,2.17407,2.06111,2.06111,0.87439,0.87439,0.0,20.81071,20.25861,0.0,3975.99221,0.0,30.0,0.0,0.07625,2.31948,2.16775,0.9421,0.93731,1.0,0.93731,1.0,1.0,0.0,0.97347,0.0,0.0,0.0,0.02799,0.02799
relu,machine-1-6,11,ramp,W2_f0995,30,0,R_fault_rec,0.10425,0.10425,2.17407,2.17407,2.06111,2.06111,0.87439,0.87439,0.0,20.81071,20.25861,0.0,3975.99221,0.0,30.0,0.0,0.07625,2.31948,2.16775,0.9421,0.93731,1.0,0.93731,1.0,1.0,0.0,0.97347,0.0,0.0,0.0,0.02799,0.02799
relu,machine-1-6,11,ramp,W2_f0995,30,64,R0,0.0424,0.04378,2.0736,2.63541,1.91029,2.38573,0.70432,1.09973,14.267,14.267,0.0,2986.05559,2986.05559,0.0,0.0,0.0,0.04378,2.63541,2.38573,1.09973,0.78682,0.78682,1.0,0.80072,0.64045,1.0,0.0,1.0,0.0,-0.00138,-0.00138,0.0
relu,machine-1-6,11,ramp,W2_f0995,30,64,R_all,0.05241,0.05225,2.57173,2.5804,2.34721,2.35327,1.06547,1.0715,0.1999,14.267,9.49536,274.70226,2986.05559,4.33245,30.0,0.0,0.04378,2.63541,2.38573,1.09973,0.97584,0.99664,0.97913,0.99743,0.99437,0.01401,0.66555,0.092,0.30367,0.00016,0.00863,0.00846
relu,machine-1-6,11,ramp,W2_f0995,30,64,R_fault,0.05241,0.05225,2.57173,2.5804,2.34721,2.35327,1.06547,1.0715,0.1999,14.267,9.49536,274.70226,2986.05559,4.33245,30.0,0.0,0.04378,2.63541,2.38573,1.09973,0.97584,0.99664,0.97913,0.99743,0.99437,0.01401,0.66555,0.092,0.30367,0.00016,0.00863,0.00846
relu,machine-1-6,11,ramp,W2_f0995,30,64,R_fault_rec,0.05583,0.05583,2.55786,2.55786,2.3381,2.3381,1.06071,1.06071,0.0,14.267,12.54444,0.0,2986.05559,5.27513,38.0,0.0,0.04378,2.63541,2.38573,1.09973,0.97057,1.0,0.97057,1.0,1.0,0.0,0.87926,0.0,0.36974,0.0,0.01204,0.01204
relu,machine-1-6,11,ramp,W2_f0995,38,0,R0,0.073,0.06925,1.59017,2.35696,1.53294,2.19581,0.44039,0.95925,19.86958,19.86958,0.0,3953.71505,3953.71505,0.0,0.0,0.0,0.06925,2.35696,2.19581,0.95925,0.67467,0.67467,1.0,0.69812,0.4591,1.0,0.0,1.0,0.0,0.00374,0.00374,0.0
relu,machine-1-6,11,ramp,W2_f0995,38,0,R_all,0.10425,0.10425,2.17407,2.17407,2.06111,2.06111,0.87439,0.87439,0.0,19.86958,24.96333,0.0,3953.71505,0.0,38.0,0.0,0.06925,2.35696,2.19581,0.95925,0.9224,1.0,0.9224,1.0,1.0,0.0,1.25636,0.0,0.0,0.0,0.03499,0.03499
relu,machine-1-6,11,ramp,W2_f0995,38,0,R_fault,0.09285,0.09253,2.20025,2.22635,2.08169,2.1016,0.88007,0.89772,0.41158,19.86958,18.26443,363.72211,3953.71505,0.90796,30.0,0.0,0.06925,2.35696,2.19581,0.95925,0.93351,0.98828,0.94459,0.99052,0.98033,0.02071,0.91922,0.092,0.0457,0.00033,0.0236,0.02327
relu,machine-1-6,11,ramp,W2_f0995,38,0,R_fault_rec,0.10425,0.10425,2.17407,2.17407,2.06111,2.06111,0.87439,0.87439,0.0,19.86958,24.96333,0.0,3953.71505,0.0,38.0,0.0,0.06925,2.35696,2.19581,0.95925,0.9224,1.0,0.9224,1.0,1.0,0.0,1.25636,0.0,0.0,0.0,0.03499,0.03499
relu,machine-1-6,11,ramp,W2_f0995,38,64,R0,0.04215,0.04346,2.13688,2.67522,1.95843,2.41266,0.73984,1.12106,13.62494,13.62494,0.0,2868.68283,2868.68283,0.0,0.0,0.0,0.04346,2.67522,2.41266,1.12106,0.79877,0.79877,1.0,0.81173,0.65995,1.0,0.0,1.0,0.0,-0.0013,-0.0013,0.0
relu,machine-1-6,11,ramp,W2_f0995,38,64,R_all,0.05396,0.05396,2.60773,2.60773,2.37297,2.37297,1.08661,1.08661,0.0,13.62494,11.51459,0.0,2868.68283,5.56315,38.0,0.0,0.04346,2.67522,2.41266,1.12106,0.97477,1.0,0.97477,1.0,1.0,0.0,0.84511,0.0,0.40831,0.0,0.0105,0.0105
relu,machine-1-6,11,ramp,W2_f0995,38,64,R_fault,0.05103,0.0507,2.62014,2.62753,2.38084,2.38588,1.09105,1.09621,0.18277,13.62494,8.75112,263.90455,2868.68283,4.51653,30.0,0.0,0.04346,2.67522,2.41266,1.12106,0.97941,0.99719,0.98217,0.99789,0.99529,0.01341,0.64229,0.092,0.33149,0.00033,0.00757,0.00724
relu,machine-1-6,11,ramp,W2_f0995,38,64,R_fault_rec,0.05396,0.05396,2.60773,2.60773,2.37297,2.37297,1.08661,1.08661,0.0,13.62494,11.51459,0.0,2868.68283,5.56315,38.0,0.0,0.04346,2.67522,2.41266,1.12106,0.97477,1.0,0.97477,1.0,1.0,0.0,0.84511,0.0,0.40831,0.0,0.0105,0.0105
relu,machine-1-6,11,ramp,W2_f0995,46,0,R0,0.06681,0.0647,1.66331,2.3954,1.59294,2.22421,0.48023,0.97801,18.93424,18.93424,0.0,3798.30655,3798.30655,0.0,0.0,0.0,0.0647,2.3954,2.22421,0.97801,0.69438,0.69438,1.0,0.71618,0.49103,1.0,0.0,1.0,0.0,0.00212,0.00212,0.0
relu,machine-1-6,11,ramp,W2_f0995,46,0,R_all,0.10425,0.10425,2.17407,2.17407,2.06111,2.06111,0.87439,0.87439,0.0,18.93424,29.44136,0.0,3798.30655,0.0,46.0,0.0,0.0647,2.3954,2.22421,0.97801,0.9076,1.0,0.9076,1.0,1.0,0.0,1.55493,0.0,0.0,0.0,0.03955,0.03955
relu,machine-1-6,11,ramp,W2_f0995,46,0,R_fault,0.08415,0.08374,2.25646,2.27889,2.125,2.14196,0.90739,0.92261,0.36847,18.93424,16.54602,349.4253,3798.30655,1.69418,30.0,0.0,0.0647,2.3954,2.22421,0.97801,0.942,0.99016,0.95136,0.99208,0.98351,0.01946,0.87387,0.092,0.08948,0.00041,0.01945,0.01904
relu,machine-1-6,11,ramp,W2_f0995,46,0,R_fault_rec,0.09212,0.09212,2.23242,2.23242,2.10651,2.10651,0.90171,0.90171,0.0,18.93424,22.48618,0.0,3798.30655,1.24846,38.0,0.0,0.0647,2.3954,2.22421,0.97801,0.93196,1.0,0.93196,1.0,1.0,0.0,1.18759,0.0,0.06594,0.0,0.02743,0.02743
relu,machine-1-6,11,ramp,W2_f0995,46,64,R0,0.04142,0.04248,2.20051,2.71645,2.00641,2.44058,0.77588,1.14355,13.00977,13.00977,0.0,2755.92364,2755.92364,0.0,0.0,0.0,0.04248,2.71645,2.44058,1.14355,0.81007,0.81007,1.0,0.8221,0.67849,1.0,0.0,1.0,0.0,-0.00106,-0.00106,0.0
relu,machine-1-6,11,ramp,W2_f0995,46,64,R_all,0.05412,0.05412,2.63676,2.63676,2.3943,2.3943,1.10228,1.10228,0.0,13.00977,13.39769,0.0,2755.92364,6.81679,46.0,0.0,0.04248,2.71645,2.44058,1.14355,0.97066,1.0,0.97066,1.0,1.0,0.0,1.02982,0.0,0.52397,0.0,0.01164,0.01164
relu,machine-1-6,11,ramp,W2_f0995,46,64,R_fault,0.04818,0.04801,2.66935,2.67562,2.41482,2.419,1.11758,1.12198,0.16774,13.00977,8.097,253.53126,2755.92364,4.65533,30.0,0.0,0.04248,2.71645,2.44058,1.14355,0.98266,0.99766,0.98497,0.99827,0.99608,0.01289,0.62238,0.092,0.35783,0.00016,0.0057,0.00553
relu,machine-1-6,11,ramp,W2_f0995,46,64,R_fault_rec,0.05168,0.05168,2.65839,2.65839,2.40815,2.40815,1.11354,1.11354,0.0,13.00977,10.61183,0.0,2755.92364,5.78589,38.0,0.0,0.04248,2.71645,2.44058,1.14355,0.97863,1.0,0.97863,1.0,1.0,0.0,0.81568,0.0,0.44473,0.0,0.0092,0.0092
relu,machine-1-6,11,ramp,W3_b01,30,0,R0,0.11125,0.05216,-2.20114,3.04334,-1.37535,2.6123,-1.90022,1.32093,107.04148,107.04148,0.0,143.30136,143.30136,0.0,0.0,30.0,0.05216,3.04334,2.6123,1.32093,-0.72326,-0.72326,1.0,-0.52649,-1.43855,1.0,0.0,1.0,0.0,0.05908,0.05908,0.0
relu,machine-1-6,11,ramp,W3_b01,30,0,R_all,0.12101,0.12101,2.16758,2.16758,1.98604,1.98604,0.84013,0.84013,0.0,107.04148,93.63194,0.0,143.30136,0.0,30.0,0.0,0.05216,3.04334,2.6123,1.32093,0.71224,1.0,0.71224,1.0,1.0,0.0,0.87473,0.0,0.0,0.0,0.06885,0.06885
relu,machine-1-6,11,ramp,W3_b01,30,0,R_fault,0.12101,0.12101,2.16758,2.16758,1.98604,1.98604,0.84013,0.84013,0.0,107.04148,93.63194,0.0,143.30136,0.0,30.0,0.0,0.05216,3.04334,2.6123,1.32093,0.71224,1.0,0.71224,1.0,1.0,0.0,0.87473,0.0,0.0,0.0,0.06885,0.06885
relu,machine-1-6,11,ramp,W3_b01,30,0,R_fault_rec,0.12101,0.12101,2.16758,2.16758,1.98604,1.98604,0.84013,0.84013,0.0,107.04148,93.63194,0.0,143.30136,0.0,30.0,0.0,0.05216,3.04334,2.6123,1.32093,0.71224,1.0,0.71224,1.0,1.0,0.0,0.87473,0.0,0.0,0.0,0.06885,0.06885
relu,machine-1-6,11,ramp,W3_b01,30,64,R0,0.07015,0.07137,2.9373,3.31947,2.48792,2.84831,1.30463,1.51952,7.84048,7.84048,0.0,59.56168,59.56168,0.0,0.0,94.0,0.07137,3.31947,2.84831,1.51952,0.88487,0.88487,1.0,0.87347,0.85858,1.0,0.0,1.0,0.0,-0.00122,-0.00122,0.0
relu,machine-1-6,11,ramp,W3_b01,30,64,R_all,0.06909,0.07007,3.28424,3.32083,2.8033,2.85391,1.49827,1.51981,3.09229,7.84048,3.0187,25.70617,59.56168,0.0,30.0,64.0,0.07137,3.31947,2.84831,1.51952,0.98939,0.98898,1.00041,0.98227,0.98583,0.3944,0.38501,0.43159,0.0,-0.00098,-0.00228,-0.0013
relu,machine-1-6,11,ramp,W3_b01,30,64,R_fault,0.06909,0.07007,3.28424,3.32083,2.8033,2.85391,1.49827,1.51981,3.09229,7.84048,3.0187,25.70617,59.56168,0.0,30.0,64.0,0.07137,3.31947,2.84831,1.51952,0.98939,0.98898,1.00041,0.98227,0.98583,0.3944,0.38501,0.43159,0.0,-0.00098,-0.00228,-0.0013
relu,machine-1-6,11,ramp,W3_b01,30,64,R_fault_rec,0.06934,0.06934,3.32051,3.32051,2.85459,2.85459,1.51894,1.51894,0.0,7.84048,3.23896,0.0,59.56168,0.0,38.0,56.0,0.07137,3.31947,2.84831,1.51952,1.00031,1.0,1.00031,1.0,1.0,0.0,0.41311,0.0,0.0,0.0,-0.00203,-0.00203
relu,machine-1-6,11,ramp,W3_b01,38,0,R0,0.05851,0.04891,0.36134,3.11561,0.61671,2.68402,-0.67603,1.3627,55.67048,55.67048,0.0,88.67935,88.67935,0.0,0.0,38.0,0.04891,3.11561,2.68402,1.3627,0.11598,0.11598,1.0,0.22977,-0.49609,1.0,0.0,1.0,0.0,0.0096,0.0096,0.0
relu,machine-1-6,11,ramp,W3_b01,38,0,R_all,0.12101,0.12101,2.16758,2.16758,1.98604,1.98604,0.84013,0.84013,0.0,55.67048,97.56218,0.0,88.67935,0.0,38.0,0.0,0.04891,3.11561,2.68402,1.3627,0.69572,1.0,0.69572,1.0,1.0,0.0,1.75249,0.0,0.0,0.0,0.0721,0.0721
relu,machine-1-6,11,ramp,W3_b01,38,0,R_fault,0.04753,0.04443,2.5401,2.80099,2.25635,2.45976,0.96974,1.16653,10.4578,55.67048,42.63748,28.9213,88.67935,0.0,30.0,8.0,0.04891,3.11561,2.68402,1.3627,0.81528,0.90686,0.89902,0.9173,0.8313,0.18785,0.76589,0.32613,0.0,0.00309,-0.00138,-0.00448
relu,machine-1-6,11,ramp,W3_b01,38,0,R_fault_rec,0.12101,0.12101,2.16758,2.16758,1.98604,1.98604,0.84013,0.84013,0.0,55.67048,97.56218,0.0,88.67935,0.0,38.0,0.0,0.04891,3.11561,2.68402,1.3627,0.69572,1.0,0.69572,1.0,1.0,0.0,1.75249,0.0,0.0,0.0,0.0721,0.0721
relu,machine-1-6,11,ramp,W3_b01,38,64,R0,0.08496,0.08512,3.04436,3.42147,2.55316,2.9089,1.37452,1.58718,7.71383,7.71383,0.0,59.48063,59.48063,0.0,0.0,102.0,0.08512,3.42147,2.9089,1.58718,0.88978,0.88978,1.0,0.87771,0.86601,1.0,0.0,1.0,0.0,-0.00016,-0.00016,0.0
relu,machine-1-6,11,ramp,W3_b01,38,64,R_all,0.08447,0.08447,3.42283,3.42283,2.91678,2.91678,1.58682,1.58682,0.0,7.71383,3.2721,0.0,59.48063,0.0,38.0,64.0,0.08512,3.42147,2.9089,1.58718,1.0004,1.0,1.0004,1.0,1.0,0.0,0.42419,0.0,0.0,0.0,-0.00065,-0.00065
relu,machine-1-6,11,ramp,W3_b01,38,64,R_fault,0.08439,0.08439,3.38751,3.42277,2.86583,2.91551,1.56656,1.58737,3.04266,7.71383,3.06024,25.68241,59.48063,0.0,30.0,72.0,0.08512,3.42147,2.9089,1.58718,0.99007,0.9897,1.00038,0.98296,0.98689,0.39444,0.39672,0.43178,0.0,0.0,-0.00073,-0.00073
relu,machine-1-6,11,ramp,W3_b01,38,64,R_fault_rec,0.08447,0.08447,3.42283,3.42283,2.91678,2.91678,1.58682,1.58682,0.0,7.71383,3.2721,0.0,59.48063,0.0,38.0,64.0,0.08512,3.42147,2.9089,1.58718,1.0004,1.0,1.0004,1.0,1.0,0.0,0.42419,0.0,0.0,0.0,-0.00065,-0.00065
relu,machine-1-6,11,ramp,W3_b01,46,0,R0,0.04647,0.04663,1.80371,3.15435,1.64254,2.71325,0.36897,1.39212,27.80488,27.80488,0.0,67.09647,67.09647,0.0,0.0,46.0,0.04663,3.15435,2.71325,1.39212,0.57182,0.57182,1.0,0.60538,0.26504,1.0,0.0,1.0,0.0,-0.00016,-0.00016,0.0
relu,machine-1-6,11,ramp,W3_b01,46,0,R_all,0.12101,0.12101,2.16758,2.16758,1.98604,1.98604,0.84013,0.84013,0.0,27.80488,100.15667,0.0,67.09647,0.0,46.0,0.0,0.04663,3.15435,2.71325,1.39212,0.68717,1.0,0.68717,1.0,1.0,0.0,3.60213,0.0,0.0,0.0,0.07438,0.07438
relu,machine-1-6,11,ramp,W3_b01,46,0,R_fault,0.0437,0.04435,2.90602,3.04585,2.51361,2.63103,1.20397,1.3153,5.78073,27.80488,19.89386,26.55633,67.09647,0.0,30.0,16.0,0.04663,3.15435,2.71325,1.39212,0.92127,0.95409,0.9656,0.95537,0.91536,0.2079,0.71548,0.39579,0.0,-0.00065,-0.00293,-0.00228
relu,machine-1-6,11,ramp,W3_b01,46,0,R_fault_rec,0.04419,0.04419,2.80075,2.80075,2.45782,2.45782,1.17016,1.17016,0.0,27.80488,44.99329,0.0,67.09647,0.0,38.0,8.0,0.04663,3.15435,2.71325,1.39212,0.8879,1.0,0.8879,1.0,1.0,0.0,1.61818,0.0,0.0,0.0,-0.00244,-0.00244
relu,machine-1-6,11,ramp,W3_b01,46,64,R0,0.08105,0.08171,3.09706,3.47792,2.61003,2.96972,1.40028,1.61662,7.69621,7.69621,0.0,59.44052,59.44052,0.0,0.0,110.0,0.08171,3.47792,2.96972,1.61662,0.89049,0.89049,1.0,0.87888,0.86618,1.0,0.0,1.0,0.0,-0.00065,-0.00065,0.0
relu,machine-1-6,11,ramp,W3_b01,46,64,R_all,0.08154,0.08154,3.47572,3.47572,2.97607,2.97607,1.61326,1.61326,0.0,7.69621,3.47191,0.0,59.44052,0.0,46.0,64.0,0.08171,3.47792,2.96972,1.61662,0.99937,1.0,0.99937,1.0,1.0,0.0,0.45112,0.0,0.0,0.0,-0.00016,-0.00016
relu,machine-1-6,11,ramp,W3_b01,46,64,R_fault,0.08114,0.08122,3.44296,3.47885,2.92612,2.97643,1.59499,1.6164,3.01956,7.69621,3.11793,25.66559,59.44052,0.0,30.0,80.0,0.08171,3.47792,2.96972,1.61662,0.98995,0.98968,1.00027,0.9831,0.98676,0.39234,0.40513,0.43179,0.0,-8e-05,-0.00057,-0.00049
relu,machine-1-6,11,ramp,W3_b01,46,64,R_fault_rec,0.08105,0.08105,3.47884,3.47884,2.97736,2.97736,1.61573,1.61573,0.0,7.69621,3.33156,0.0,59.44052,0.0,38.0,72.0,0.08171,3.47792,2.96972,1.61662,1.00026,1.0,1.00026,1.0,1.0,0.0,0.43288,0.0,0.0,0.0,-0.00065,-0.00065
relu,machine-1-6,11,ramp,W3_b05,30,0,R0,0.02661,0.02059,-3.48892,2.94263,-2.2616,2.2311,-2.64341,1.21514,157.93893,157.93893,0.0,211.93094,211.93094,0.0,0.0,30.0,0.02059,2.94263,2.2311,1.21514,-1.18565,-1.18565,1.0,-1.01367,-2.1754,1.0,0.0,1.0,0.0,0.00602,0.00602,0.0
relu,machine-1-6,11,ramp,W3_b05,30,0,R_all,0.09237,0.09237,1.68475,1.68475,1.4748,1.4748,0.61103,0.61103,0.0,157.93893,194.86593,0.0,211.93094,0.0,30.0,0.0,0.02059,2.94263,2.2311,1.21514,0.57253,1.0,0.57253,1.0,1.0,0.0,1.23381,0.0,0.0,0.0,0.07178,0.07178
relu,machine-1-6,11,ramp,W3_b05,30,0,R_fault,0.09237,0.09237,1.68475,1.68475,1.4748,1.4748,0.61103,0.61103,0.0,157.93893,194.86593,0.0,211.93094,0.0,30.0,0.0,0.02059,2.94263,2.2311,1.21514,0.57253,1.0,0.57253,1.0,1.0,0.0,1.23381,0.0,0.0,0.0,0.07178,0.07178
relu,machine-1-6,11,ramp,W3_b05,30,0,R_fault_rec,0.09237,0.09237,1.68475,1.68475,1.4748,1.4748,0.61103,0.61103,0.0,157.93893,194.86593,0.0,211.93094,0.0,30.0,0.0,0.02059,2.94263,2.2311,1.21514,0.57253,1.0,0.57253,1.0,1.0,0.0,1.23381,0.0,0.0,0.0,0.07178,0.07178
relu,machine-1-6,11,ramp,W3_b05,30,64,R0,0.0839,0.08024,3.73052,3.38804,2.97086,2.6638,1.80093,1.61617,10.96951,10.96951,0.0,101.25997,101.25997,0.0,0.0,94.0,0.08024,3.38804,2.6638,1.61617,1.10108,1.10108,1.0,1.11527,1.11432,1.0,0.0,1.0,0.0,0.00366,0.00366,0.0
relu,machine-1-6,11,ramp,W3_b05,30,64,R_all,0.08838,0.07178,3.37853,3.40081,2.55009,2.69482,1.62412,1.62524,14.85546,10.96951,9.8854,111.83951,101.25997,0.0,30.0,64.0,0.08024,3.38804,2.6638,1.61617,0.99719,0.99345,1.00377,0.94629,0.99931,1.35425,0.90117,1.10448,0.0,0.0166,0.00814,-0.00846
relu,machine-1-6,11,ramp,W3_b05,30,64,R_fault,0.08838,0.07178,3.37853,3.40081,2.55009,2.69482,1.62412,1.62524,14.85546,10.96951,9.8854,111.83951,101.25997,0.0,30.0,64.0,0.08024,3.38804,2.6638,1.61617,0.99719,0.99345,1.00377,0.94629,0.99931,1.35425,0.90117,1.10448,0.0,0.0166,0.00814,-0.00846
relu,machine-1-6,11,ramp,W3_b05,30,64,R_fault_rec,0.07039,0.07039,3.398,3.398,2.69986,2.69986,1.62008,1.62008,0.0,10.96951,11.18261,0.0,101.25997,0.0,38.0,56.0,0.08024,3.38804,2.6638,1.61617,1.00294,1.0,1.00294,1.0,1.0,0.0,1.01943,0.0,0.0,0.0,-0.00985,-0.00985
relu,machine-1-6,11,ramp,W3_b05,38,0,R0,0.02458,0.02165,2.78911,3.22694,2.24007,2.47326,0.93387,1.4071,32.19835,32.19835,0.0,110.99699,110.99699,0.0,0.0,38.0,0.02165,3.22694,2.47326,1.4071,0.86432,0.86432,1.0,0.90572,0.66368,1.0,0.0,1.0,0.0,0.00293,0.00293,0.0
relu,machine-1-6,11,ramp,W3_b05,38,0,R_all,0.09237,0.09237,1.68475,1.68475,1.4748,1.4748,0.61103,0.61103,0.0,32.19835,199.10186,0.0,110.99699,0.0,38.0,0.0,0.02165,3.22694,2.47326,1.4071,0.52209,1.0,0.52209,1.0,1.0,0.0,6.18361,0.0,0.0,0.0,0.07072,0.07072
relu,machine-1-6,11,ramp,W3_b05,38,0,R_fault,0.01815,0.01408,2.61721,3.23352,2.01054,2.49955,0.91485,1.41246,31.18796,32.19835,11.30648,119.87968,110.99699,0.0,30.0,8.0,0.02165,3.22694,2.47326,1.4071,0.81105,0.8094,1.00204,0.80436,0.6477,0.96862,0.35115,1.08003,0.0,0.00407,-0.0035,-0.00757
relu,machine-1-6,11,ramp,W3_b05,38,0,R_fault_rec,0.09237,0.09237,1.68475,1.68475,1.4748,1.4748,0.61103,0.61103,0.0,32.19835,199.10186,0.0,110.99699,0.0,38.0,0.0,0.02165,3.22694,2.47326,1.4071,0.52209,1.0,0.52209,1.0,1.0,0.0,6.18361,0.0,0.0,0.0,0.07072,0.07072
relu,machine-1-6,11,ramp,W3_b05,38,64,R0,0.03589,0.03426,4.18371,3.80857,3.18781,2.85709,2.07498,1.86579,10.77581,10.77581,0.0,100.93022,100.93022,0.0,0.0,102.0,0.03426,3.80857,2.85709,1.86579,1.0985,1.0985,1.0,1.11576,1.11212,1.0,0.0,1.0,0.0,0.00163,0.00163,0.0
relu,machine-1-6,11,ramp,W3_b05,38,64,R_all,0.02319,0.02319,3.81793,3.81793,2.89043,2.89043,1.86811,1.86811,0.0,10.77581,11.31811,0.0,100.93022,0.0,38.0,64.0,0.03426,3.80857,2.85709,1.86579,1.00246,1.0,1.00246,1.0,1.0,0.0,1.05033,0.0,0.0,0.0,-0.01107,-0.01107
relu,machine-1-6,11,ramp,W3_b05,38,64,R_fault,0.03605,0.0223,3.75418,3.8192,2.71109,2.88759,1.83517,1.87376,13.60784,10.77581,9.73625,111.45104,100.93022,0.0,30.0,72.0,0.03426,3.80857,2.85709,1.86579,0.98572,0.98298,1.00279,0.93888,0.97941,1.26281,0.90353,1.10424,0.0,0.01375,0.00179,-0.01196
relu,machine-1-6,11,ramp,W3_b05,38,64,R_fault_rec,0.02319,0.02319,3.81793,3.81793,2.89043,2.89043,1.86811,1.86811,0.0,10.77581,11.31811,0.0,100.93022,0.0,38.0,64.0,0.03426,3.80857,2.85709,1.86579,1.00246,1.0,1.00246,1.0,1.0,0.0,1.05033,0.0,0.0,0.0,-0.01107,-0.01107
relu,machine-1-6,11,ramp,W3_b05,46,0,R0,0.0214,0.01774,3.56752,3.22925,2.79199,2.47471,1.62992,1.46146,11.32662,11.32662,0.0,103.22777,103.22777,0.0,0.0,46.0,0.01774,3.22925,2.47471,1.46146,1.10475,1.10475,1.0,1.12821,1.11527,1.0,0.0,1.0,0.0,0.00366,0.00366,0.0
relu,machine-1-6,11,ramp,W3_b05,46,0,R_all,0.09237,0.09237,1.68475,1.68475,1.4748,1.4748,0.61103,0.61103,0.0,11.32662,204.48035,0.0,103.22777,0.0,46.0,0.0,0.01774,3.22925,2.47471,1.46146,0.52172,1.0,0.52172,1.0,1.0,0.0,18.05308,0.0,0.0,0.0,0.07463,0.07463
relu,machine-1-6,11,ramp,W3_b05,46,0,R_fault,0.0236,0.01359,3.13576,3.22523,2.34387,2.48667,1.38404,1.45932,14.61004,11.32662,10.59623,113.74889,103.22777,0.0,30.0,16.0,0.01774,3.22925,2.47471,1.46146,0.97105,0.97226,0.99876,0.94257,0.94841,1.28989,0.93552,1.10192,0.0,0.01001,0.00586,-0.00415
relu,machine-1-6,11,ramp,W3_b05,46,0,R_fault_rec,0.01408,0.01408,3.23041,3.23041,2.49183,2.49183,1.45657,1.45657,0.0,11.32662,13.28784,0.0,103.22777,0.0,38.0,8.0,0.01774,3.22925,2.47471,1.46146,1.00036,1.0,1.00036,1.0,1.0,0.0,1.17315,0.0,0.0,0.0,-0.00366,-0.00366
relu,machine-1-6,11,ramp,W3_b05,46,64,R0,0.02629,0.02336,4.14011,3.77511,3.25023,2.92725,1.99688,1.79582,10.34608,10.34608,0.0,100.68817,100.68817,0.0,0.0,110.0,0.02336,3.77511,2.92725,1.79582,1.09669,1.09669,1.0,1.11034,1.11196,1.0,0.0,1.0,0.0,0.00293,0.00293,0.0
relu,machine-1-6,11,ramp,W3_b05,46,64,R_all,0.02043,0.02043,3.7646,3.7646,2.93811,2.93811,1.77961,1.77961,0.0,10.34608,10.98742,0.0,100.68817,0.0,46.0,64.0,0.02336,3.77511,2.92725,1.79582,0.99722,1.0,0.99722,1.0,1.0,0.0,1.06199,0.0,0.0,0.0,-0.00293,-0.00293
relu,machine-1-6,11,ramp,W3_b05,46,64,R_fault,0.02783,0.01465,3.69791,3.77885,2.76525,2.95155,1.75216,1.79799,13.48504,10.34608,9.16902,111.23502,100.68817,0.0,30.0,80.0,0.02336,3.77511,2.92725,1.79582,0.97955,0.97858,1.00099,0.93688,0.97451,1.3034,0.88623,1.10475,0.0,0.01318,0.00448,-0.00871
relu,machine-1-6,11,ramp,W3_b05,46,64,R_fault_rec,0.01709,0.01709,3.77675,3.77675,2.95419,2.95419,1.7925,1.7925,0.0,10.34608,10.34902,0.0,100.68817,0.0,38.0,72.0,0.02336,3.77511,2.92725,1.79582,1.00044,1.0,1.00044,1.0,1.0,0.0,1.00028,0.0,0.0,0.0,-0.00627,-0.00627
relu,machine-1-6,22,level,W1,30,0,R0,0.12923,0.06632,-1.96438,2.66712,-1.06697,2.25626,-1.54405,1.05446,97.7709,97.7709,0.0,0.0,0.0,0.0,0.0,0.0,0.06632,2.66712,2.25626,1.05446,-0.73652,-0.73652,1.0,-0.47289,-1.46431,1.0,0.0,,0.0,0.06291,0.06291,0.0
relu,machine-1-6,22,level,W1,30,0,R_all,0.11572,0.11572,1.74433,1.74433,1.67905,1.67905,0.61048,0.61048,0.0,97.7709,108.61182,0.0,0.0,0.0,30.0,0.0,0.06632,2.66712,2.25626,1.05446,0.65401,1.0,0.65401,1.0,1.0,0.0,1.11088,,0.0,0.0,0.0494,0.0494
relu,machine-1-6,22,level,W1,30,0,R_fault,0.11572,0.11572,1.74433,1.74433,1.67905,1.67905,0.61048,0.61048,0.0,97.7709,108.61182,0.0,0.0,0.0,30.0,0.0,0.06632,2.66712,2.25626,1.05446,0.65401,1.0,0.65401,1.0,1.0,0.0,1.11088,,0.0,0.0,0.0494,0.0494
relu,machine-1-6,22,level,W1,30,0,R_fault_rec,0.11572,0.11572,1.74433,1.74433,1.67905,1.67905,0.61048,0.61048,0.0,97.7709,108.61182,0.0,0.0,0.0,30.0,0.0,0.06632,2.66712,2.25626,1.05446,0.65401,1.0,0.65401,1.0,1.0,0.0,1.11088,,0.0,0.0,0.0494,0.0494
relu,machine-1-6,22,level,W1,30,64,R0,0.05802,0.06006,1.38453,3.29489,1.53219,2.87982,0.98326,1.47588,24.43706,24.43706,0.0,0.0,0.0,0.0,0.0,0.0,0.06006,3.29489,2.87982,1.47588,0.4202,0.4202,1.0,0.53205,0.66621,1.0,0.0,,0.0,-0.00203,-0.00203,0.0
relu,machine-1-6,22,level,W1,30,64,R_all,0.05721,0.05786,3.36266,3.30459,2.988,2.86761,1.52333,1.48792,9.16202,24.43706,7.94263,0.0,0.0,0.0,30.0,0.0,0.06006,3.29489,2.87982,1.47588,1.02057,1.01757,1.00294,1.04198,1.0238,0.37492,0.32502,,0.0,-0.00065,-0.00285,-0.0022
relu,machine-1-6,22,level,W1,30,64,R_fault,0.05721,0.05786,3.36266,3.30459,2.988,2.86761,1.52333,1.48792,9.16202,24.43706,7.94263,0.0,0.0,0.0,30.0,0.0,0.06006,3.29489,2.87982,1.47588,1.02057,1.01757,1.00294,1.04198,1.0238,0.37492,0.32502,,0.0,-0.00065,-0.00285,-0.0022
relu,machine-1-6,22,level,W1,30,64,R_fault_rec,0.05729,0.05729,3.2941,3.2941,2.86677,2.86677,1.4597,1.4597,0.0,24.43706,10.97165,0.0,0.0,0.0,38.0,0.0,0.06006,3.29489,2.87982,1.47588,0.99976,1.0,0.99976,1.0,1.0,0.0,0.44898,,0.0,0.0,-0.00277,-0.00277
relu,machine-1-6,22,level,W1,38,0,R0,0.08691,0.06665,-0.52151,2.71702,0.04057,2.33647,-0.56704,1.11159,69.96783,69.96783,0.0,0.0,0.0,0.0,0.0,0.0,0.06665,2.71702,2.33647,1.11159,-0.19194,-0.19194,1.0,0.01736,-0.51012,1.0,0.0,,0.0,0.02026,0.02026,0.0
relu,machine-1-6,22,level,W1,38,0,R_all,0.11572,0.11572,1.74433,1.74433,1.67905,1.67905,0.61048,0.61048,0.0,69.96783,112.11375,0.0,0.0,0.0,38.0,0.0,0.06665,2.71702,2.33647,1.11159,0.642,1.0,0.642,1.0,1.0,0.0,1.60236,,0.0,0.0,0.04907,0.04907
relu,machine-1-6,22,level,W1,38,0,R_fault,0.06331,0.0634,2.5648,2.74426,2.26374,2.33205,1.0422,1.12823,32.04956,69.96783,30.5865,0.0,0.0,0.0,30.0,0.0,0.06665,2.71702,2.33647,1.11159,0.94397,0.93461,1.01002,0.97071,0.92375,0.45806,0.43715,,0.0,-8e-05,-0.00334,-0.00326
relu,machine-1-6,22,level,W1,38,0,R_fault_rec,0.11572,0.11572,1.74433,1.74433,1.67905,1.67905,0.61048,0.61048,0.0,69.96783,112.11375,0.0,0.0,0.0,38.0,0.0,0.06665,2.71702,2.33647,1.11159,0.642,1.0,0.642,1.0,1.0,0.0,1.60236,,0.0,0.0,0.04907,0.04907
relu,machine-1-6,22,level,W1,38,64,R0,0.05485,0.05664,1.53213,3.38133,1.58698,2.91046,1.07996,1.51788,22.4106,22.4106,0.0,0.0,0.0,0.0,0.0,0.0,0.05664,3.38133,2.91046,1.51788,0.45311,0.45311,1.0,0.54527,0.71149,1.0,0.0,,0.0,-0.00179,-0.00179,0.0
relu,machine-1-6,22,level,W1,38,64,R_all,0.05428,0.05428,3.36869,3.36869,2.89814,2.89814,1.49833,1.49833,0.0,22.4106,8.92218,0.0,0.0,0.0,38.0,0.0,0.05664,3.38133,2.91046,1.51788,0.99626,1.0,0.99626,1.0,1.0,0.0,0.39812,,0.0,0.0,-0.00236,-0.00236
relu,machine-1-6,22,level,W1,38,64,R_fault,0.0542,0.05485,3.48187,3.3821,3.03477,2.90657,1.59259,1.52285,8.2523,22.4106,6.76898,0.0,0.0,0.0,30.0,0.0,0.05664,3.38133,2.91046,1.51788,1.02973,1.0295,1.00023,1.04411,1.0458,0.36823,0.30204,,0.0,-0.00065,-0.00244,-0.00179
relu,machine-1-6,22,level,W1,38,64,R_fault_rec,0.05428,0.05428,3.36869,3.36869,2.89814,2.89814,1.49833,1.49833,0.0,22.4106,8.92218,0.0,0.0,0.0,38.0,0.0,0.05664,3.38133,2.91046,1.51788,0.99626,1.0,0.99626,1.0,1.0,0.0,0.39812,,0.0,0.0,-0.00236,-0.00236
relu,machine-1-6,22,level,W1,46,0,R0,0.07332,0.06681,0.54131,2.78018,0.72778,2.40199,0.40098,1.15943,45.84271,45.84271,0.0,0.0,0.0,0.0,0.0,0.0,0.06681,2.78018,2.40199,1.15943,0.1947,0.1947,1.0,0.30299,0.34585,1.0,0.0,,0.0,0.00651,0.00651,0.0
relu,machine-1-6,22,level,W1,46,0,R_all,0.11572,0.11572,1.74433,1.74433,1.67905,1.67905,0.61048,0.61048,0.0,45.84271,117.15463,0.0,0.0,0.0,46.0,0.0,0.06681,2.78018,2.40199,1.15943,0.62742,1.0,0.62742,1.0,1.0,0.0,2.55558,,0.0,0.0,0.04891,0.04891
relu,machine-1-6,22,level,W1,46,0,R_fault,0.05924,0.06112,2.85372,2.79216,2.43377,2.41132,1.25649,1.15893,20.27486,45.84271,23.82304,0.0,0.0,0.0,30.0,0.0,0.06681,2.78018,2.40199,1.15943,1.02645,1.02205,1.00431,1.00931,1.08418,0.44227,0.51967,,0.0,-0.00187,-0.00757,-0.0057
relu,machine-1-6,22,level,W1,46,0,R_fault_rec,0.05884,0.05884,2.93137,2.93137,2.44584,2.44584,1.22641,1.22641,0.0,45.84271,34.06397,0.0,0.0,0.0,38.0,0.0,0.06681,2.78018,2.40199,1.15943,1.05438,1.0,1.05438,1.0,1.0,0.0,0.74306,,0.0,0.0,-0.00798,-0.00798
relu,machine-1-6,22,level,W1,46,64,R0,0.05566,0.05754,1.63056,3.43089,1.62077,2.94215,1.13942,1.56298,21.45219,21.45219,0.0,0.0,0.0,0.0,0.0,0.0,0.05754,3.43089,2.94215,1.56298,0.47526,0.47526,1.0,0.55088,0.72901,1.0,0.0,,0.0,-0.00187,-0.00187,0.0
relu,machine-1-6,22,level,W1,46,64,R_all,0.0542,0.0542,3.42099,3.42099,2.92401,2.92401,1.55636,1.55636,0.0,21.45219,10.29796,0.0,0.0,0.0,46.0,0.0,0.05754,3.43089,2.94215,1.56298,0.99711,1.0,0.99711,1.0,1.0,0.0,0.48004,,0.0,0.0,-0.00334,-0.00334
relu,machine-1-6,22,level,W1,46,64,R_fault,0.05501,0.05566,3.57288,3.43145,3.08482,2.9441,1.63946,1.56418,7.8246,21.45219,6.21807,0.0,0.0,0.0,30.0,0.0,0.05754,3.43089,2.94215,1.56298,1.04139,1.04122,1.00016,1.0478,1.04813,0.36475,0.28986,,0.0,-0.00065,-0.00252,-0.00187
relu,machine-1-6,22,level,W1,46,64,R_fault_rec,0.05509,0.05509,3.42155,3.42155,2.93693,2.93693,1.55789,1.55789,0.0,21.45219,8.24809,0.0,0.0,0.0,38.0,0.0,0.05754,3.43089,2.94215,1.56298,0.99728,1.0,0.99728,1.0,1.0,0.0,0.38449,,0.0,0.0,-0.00244,-0.00244
relu,machine-1-6,22,level,W2_f0995,30,0,R0,0.01709,0.01392,0.89155,1.80261,0.98924,1.79511,0.01696,0.6102,22.13437,22.13437,0.0,4145.35898,4145.35898,0.0,0.0,0.0,0.01392,1.80261,1.79511,0.6102,0.49459,0.49459,1.0,0.55108,0.02779,1.0,0.0,1.0,0.0,0.00317,0.00317,0.0
relu,machine-1-6,22,level,W2_f0995,30,0,R_all,0.04134,0.04134,1.53968,1.53968,1.59545,1.59545,0.49298,0.49298,0.0,22.13437,29.82271,0.0,4145.35898,0.0,30.0,0.0,0.01392,1.80261,1.79511,0.6102,0.85414,1.0,0.85414,1.0,1.0,0.0,1.34735,0.0,0.0,0.0,0.02743,0.02743
relu,machine-1-6,22,level,W2_f0995,30,0,R_fault,0.04134,0.04134,1.53968,1.53968,1.59545,1.59545,0.49298,0.49298,0.0,22.13437,29.82271,0.0,4145.35898,0.0,30.0,0.0,0.01392,1.80261,1.79511,0.6102,0.85414,1.0,0.85414,1.0,1.0,0.0,1.34735,0.0,0.0,0.0,0.02743,0.02743
relu,machine-1-6,22,level,W2_f0995,30,0,R_fault_rec,0.04134,0.04134,1.53968,1.53968,1.59545,1.59545,0.49298,0.49298,0.0,22.13437,29.82271,0.0,4145.35898,0.0,30.0,0.0,0.01392,1.80261,1.79511,0.6102,0.85414,1.0,0.85414,1.0,1.0,0.0,1.34735,0.0,0.0,0.0,0.02743,0.02743
relu,machine-1-6,22,level,W2_f0995,30,64,R0,0.01432,0.01343,1.69179,2.33567,1.64026,2.19762,0.42764,0.87692,14.71356,14.71356,0.0,3165.24217,3165.24217,0.0,0.0,0.0,0.01343,2.33567,2.19762,0.87692,0.72433,0.72433,1.0,0.74638,0.48766,1.0,0.0,1.0,0.0,0.0009,0.0009,0.0
relu,machine-1-6,22,level,W2_f0995,30,64,R_all,0.0118,0.0118,2.21431,2.22776,2.12126,2.13044,0.81097,0.82049,0.32332,14.71356,13.25731,349.9797,3165.24217,5.80835,30.0,0.0,0.01343,2.33567,2.19762,0.87692,0.94804,0.99396,0.9538,0.99569,0.98839,0.02197,0.90103,0.11057,0.39476,0.0,-0.00163,-0.00163
relu,machine-1-6,22,level,W2_f0995,30,64,R_fault,0.0118,0.0118,2.21431,2.22776,2.12126,2.13044,0.81097,0.82049,0.32332,14.71356,13.25731,349.9797,3165.24217,5.80835,30.0,0.0,0.01343,2.33567,2.19762,0.87692,0.94804,0.99396,0.9538,0.99569,0.98839,0.02197,0.90103,0.11057,0.39476,0.0,-0.00163,-0.00163
relu,machine-1-6,22,level,W2_f0995,30,64,R_fault_rec,0.01147,0.01147,2.18517,2.18517,2.10054,2.10054,0.79901,0.79901,0.0,14.71356,17.59452,0.0,3165.24217,7.08219,38.0,0.0,0.01343,2.33567,2.19762,0.87692,0.93557,1.0,0.93557,1.0,1.0,0.0,1.1958,0.0,0.48134,0.0,-0.00195,-0.00195
relu,machine-1-6,22,level,W2_f0995,38,0,R0,0.01473,0.01221,0.97512,1.86966,1.06065,1.84665,0.05221,0.64124,21.11869,21.11869,0.0,4190.96873,4190.96873,0.0,0.0,0.0,0.01221,1.86966,1.84665,0.64124,0.52155,0.52155,1.0,0.57436,0.08142,1.0,0.0,1.0,0.0,0.00252,0.00252,0.0
relu,machine-1-6,22,level,W2_f0995,38,0,R_all,0.04134,0.04134,1.53968,1.53968,1.59545,1.59545,0.49298,0.49298,0.0,21.11869,36.59779,0.0,4190.96873,0.0,38.0,0.0,0.01221,1.86966,1.84665,0.64124,0.82351,1.0,0.82351,1.0,1.0,0.0,1.73296,0.0,0.0,0.0,0.02913,0.02913
relu,machine-1-6,22,level,W2_f0995,38,0,R_fault,0.02498,0.0245,1.59125,1.63401,1.6365,1.66981,0.50528,0.53442,0.69641,21.11869,26.67182,463.39392,4190.96873,1.29162,30.0,0.0,0.01221,1.86966,1.84665,0.64124,0.85109,0.97383,0.87396,0.98005,0.94547,0.03298,1.26295,0.11057,0.06116,0.00049,0.01278,0.01229
relu,machine-1-6,22,level,W2_f0995,38,0,R_fault_rec,0.04134,0.04134,1.53968,1.53968,1.59545,1.59545,0.49298,0.49298,0.0,21.11869,36.59779,0.0,4190.96873,0.0,38.0,0.0,0.01221,1.86966,1.84665,0.64124,0.82351,1.0,0.82351,1.0,1.0,0.0,1.73296,0.0,0.0,0.0,0.02913,0.02913
relu,machine-1-6,22,level,W2_f0995,38,64,R0,0.01489,0.01473,1.78259,2.39834,1.70941,2.24122,0.47717,0.91057,14.00141,14.00141,0.0,3040.82613,3040.82613,0.0,0.0,0.0,0.01473,2.39834,2.24122,0.91057,0.74326,0.74326,1.0,0.76271,0.52403,1.0,0.0,1.0,0.0,0.00016,0.00016,0.0
relu,machine-1-6,22,level,W2_f0995,38,64,R_all,0.01204,0.01204,2.26464,2.26464,2.15761,2.15761,0.83979,0.83979,0.0,14.00141,16.07529,0.0,3040.82613,7.41817,38.0,0.0,0.01473,2.39834,2.24122,0.91057,0.94425,1.0,0.94425,1.0,1.0,0.0,1.14812,0.0,0.52982,0.0,-0.00269,-0.00269
relu,machine-1-6,22,level,W2_f0995,38,64,R_fault,0.01278,0.01302,2.29127,2.30268,2.17617,2.18371,0.8513,0.85943,0.29412,14.00141,12.15591,336.22306,3040.82613,6.01236,30.0,0.0,0.01473,2.39834,2.24122,0.91057,0.95536,0.99505,0.96011,0.99655,0.99055,0.02101,0.86819,0.11057,0.42941,-0.00024,-0.00195,-0.00171
relu,machine-1-6,22,level,W2_f0995,38,64,R_fault_rec,0.01204,0.01204,2.26464,2.26464,2.15761,2.15761,0.83979,0.83979,0.0,14.00141,16.07529,0.0,3040.82613,7.41817,38.0,0.0,0.01473,2.39834,2.24122,0.91057,0.94425,1.0,0.94425,1.0,1.0,0.0,1.14812,0.0,0.52982,0.0,-0.00269,-0.00269
relu,machine-1-6,22,level,W2_f0995,46,0,R0,0.0131,0.01188,1.0857,1.93728,1.15137,1.89833,0.10861,0.67342,20.02045,20.02045,0.0,4026.23451,4026.23451,0.0,0.0,0.0,0.01188,1.93728,1.89833,0.67342,0.56042,0.56042,1.0,0.60652,0.16128,1.0,0.0,1.0,0.0,0.00122,0.00122,0.0
relu,machine-1-6,22,level,W2_f0995,46,0,R_all,0.04134,0.04134,1.53968,1.53968,1.59545,1.59545,0.49298,0.49298,0.0,20.02045,42.97345,0.0,4026.23451,0.0,46.0,0.0,0.01188,1.93728,1.89833,0.67342,0.79476,1.0,0.79476,1.0,1.0,0.0,2.14648,0.0,0.0,0.0,0.02946,0.02946
relu,machine-1-6,22,level,W2_f0995,46,0,R_fault,0.01701,0.01636,1.6899,1.72608,1.71441,1.74236,0.5513,0.57607,0.61726,20.02045,23.92717,445.17932,4026.23451,2.39656,30.0,0.0,0.01188,1.93728,1.89833,0.67342,0.8723,0.97903,0.89098,0.98396,0.957,0.03083,1.19514,0.11057,0.11971,0.00065,0.00513,0.00448
relu,machine-1-6,22,level,W2_f0995,46,0,R_fault_rec,0.02344,0.02344,1.64246,1.64246,1.67673,1.67673,0.53883,0.53883,0.0,20.02045,32.64459,0.0,4026.23451,1.74347,38.0,0.0,0.01188,1.93728,1.89833,0.67342,0.84782,1.0,0.84782,1.0,1.0,0.0,1.63056,0.0,0.08708,0.0,0.01156,0.01156
relu,machine-1-6,22,level,W2_f0995,46,64,R0,0.01587,0.01579,1.87281,2.46154,1.77864,2.28621,0.52751,0.9455,13.32473,13.32473,0.0,2921.30051,2921.30051,0.0,0.0,0.0,0.01579,2.46154,2.28621,0.9455,0.76083,0.76083,1.0,0.77799,0.55791,1.0,0.0,1.0,0.0,8e-05,8e-05,0.0
relu,machine-1-6,22,level,W2_f0995,46,64,R_all,0.01253,0.01253,2.30185,2.30185,2.1859,2.1859,0.85989,0.85989,0.0,13.32473,18.6841,0.0,2921.30051,9.02475,46.0,0.0,0.01579,2.46154,2.28621,0.9455,0.93512,1.0,0.93512,1.0,1.0,0.0,1.40221,0.0,0.67729,0.0,-0.00326,-0.00326
relu,machine-1-6,22,level,W2_f0995,46,64,R_fault,0.01343,0.01343,2.36738,2.37705,2.23119,2.23733,0.89242,0.89935,0.26854,13.32473,11.18881,323.00716,2921.30051,6.14482,30.0,0.0,0.01579,2.46154,2.28621,0.9455,0.96175,0.99593,0.96567,0.99725,0.9923,0.02015,0.8397,0.11057,0.46116,0.0,-0.00236,-0.00236
relu,machine-1-6,22,level,W2_f0995,46,64,R_fault_rec,0.01326,0.01326,2.34319,2.34319,2.21464,2.21464,0.88146,0.88146,0.0,13.32473,14.74371,0.0,2921.30051,7.64861,38.0,0.0,0.01579,2.46154,2.28621,0.9455,0.95192,1.0,0.95192,1.0,1.0,0.0,1.10649,0.0,0.57402,0.0,-0.00252,-0.00252
relu,machine-1-6,22,level,W3_b01,30,0,R0,0.04964,0.01188,-2.52474,2.91372,-1.92052,2.53783,-2.09048,1.21871,107.1605,107.1605,0.0,148.49655,148.49655,0.0,0.0,30.0,0.01188,2.91372,2.53783,1.21871,-0.8665,-0.8665,1.0,-0.75675,-1.71533,1.0,0.0,1.0,0.0,0.03776,0.03776,0.0
relu,machine-1-6,22,level,W3_b01,30,0,R_all,0.09823,0.09823,1.42102,1.42102,1.4653,1.4653,0.40706,0.40706,0.0,107.1605,137.32347,0.0,148.49655,0.0,30.0,0.0,0.01188,2.91372,2.53783,1.21871,0.4877,1.0,0.4877,1.0,1.0,0.0,1.28147,0.0,0.0,0.0,0.08634,0.08634
relu,machine-1-6,22,level,W3_b01,30,0,R_fault,0.09823,0.09823,1.42102,1.42102,1.4653,1.4653,0.40706,0.40706,0.0,107.1605,137.32347,0.0,148.49655,0.0,30.0,0.0,0.01188,2.91372,2.53783,1.21871,0.4877,1.0,0.4877,1.0,1.0,0.0,1.28147,0.0,0.0,0.0,0.08634,0.08634
relu,machine-1-6,22,level,W3_b01,30,0,R_fault_rec,0.09823,0.09823,1.42102,1.42102,1.4653,1.4653,0.40706,0.40706,0.0,107.1605,137.32347,0.0,148.49655,0.0,30.0,0.0,0.01188,2.91372,2.53783,1.21871,0.4877,1.0,0.4877,1.0,1.0,0.0,1.28147,0.0,0.0,0.0,0.08634,0.08634
relu,machine-1-6,22,level,W3_b01,30,64,R0,0.01375,0.01326,2.95796,3.28554,2.57128,2.83941,1.32823,1.48266,8.00581,8.00581,0.0,73.47577,73.47577,0.0,0.0,94.0,0.01326,3.28554,2.83941,1.48266,0.9003,0.9003,1.0,0.90557,0.89585,1.0,0.0,1.0,0.0,0.00049,0.00049,0.0
relu,machine-1-6,22,level,W3_b01,30,64,R_all,0.01302,0.01318,3.27071,3.28786,2.83391,2.84334,1.48576,1.48347,3.61769,8.00581,4.31198,35.60073,73.47577,0.0,30.0,64.0,0.01326,3.28554,2.83941,1.48266,0.99548,0.99478,1.00071,0.99668,1.00154,0.45188,0.53861,0.48452,0.0,-0.00016,-0.00024,-8e-05
relu,machine-1-6,22,level,W3_b01,30,64,R_fault,0.01302,0.01318,3.27071,3.28786,2.83391,2.84334,1.48576,1.48347,3.61769,8.00581,4.31198,35.60073,73.47577,0.0,30.0,64.0,0.01326,3.28554,2.83941,1.48266,0.99548,0.99478,1.00071,0.99668,1.00154,0.45188,0.53861,0.48452,0.0,-0.00016,-0.00024,-8e-05
relu,machine-1-6,22,level,W3_b01,30,64,R_fault_rec,0.01318,0.01318,3.28863,3.28863,2.84498,2.84498,1.48303,1.48303,0.0,8.00581,4.72856,0.0,73.47577,0.0,38.0,56.0,0.01326,3.28554,2.83941,1.48266,1.00094,1.0,1.00094,1.0,1.0,0.0,0.59064,0.0,0.0,0.0,-8e-05,-8e-05
relu,machine-1-6,22,level,W3_b01,38,0,R0,0.0166,0.01204,0.17836,2.96449,0.33882,2.59409,-0.82713,1.25397,56.06101,56.06101,0.0,98.61571,98.61571,0.0,0.0,38.0,0.01204,2.96449,2.59409,1.25397,0.06017,0.06017,1.0,0.13061,-0.65961,1.0,0.0,1.0,0.0,0.00456,0.00456,0.0
relu,machine-1-6,22,level,W3_b01,38,0,R_all,0.09823,0.09823,1.42102,1.42102,1.4653,1.4653,0.40706,0.40706,0.0,56.06101,141.47802,0.0,98.61571,0.0,38.0,0.0,0.01204,2.96449,2.59409,1.25397,0.47935,1.0,0.47935,1.0,1.0,0.0,2.52364,0.0,0.0,0.0,0.08618,0.08618
relu,machine-1-6,22,level,W3_b01,38,0,R_fault,0.01017,0.00968,2.04483,2.41661,1.98021,2.26716,0.6111,0.88756,11.90291,56.06101,62.36096,38.63435,98.61571,0.0,30.0,8.0,0.01204,2.96449,2.59409,1.25397,0.68977,0.84616,0.81519,0.87343,0.68852,0.21232,1.11238,0.39177,0.0,0.00049,-0.00187,-0.00236
relu,machine-1-6,22,level,W3_b01,38,0,R_fault_rec,0.09823,0.09823,1.42102,1.42102,1.4653,1.4653,0.40706,0.40706,0.0,56.06101,141.47802,0.0,98.61571,0.0,38.0,0.0,0.01204,2.96449,2.59409,1.25397,0.47935,1.0,0.47935,1.0,1.0,0.0,2.52364,0.0,0.0,0.0,0.08618,0.08618
relu,machine-1-6,22,level,W3_b01,38,64,R0,0.01392,0.01351,3.00918,3.33716,2.58377,2.85117,1.34879,1.5042,7.98494,7.98494,0.0,73.41316,73.41316,0.0,0.0,102.0,0.01351,3.33716,2.85117,1.5042,0.90172,0.90172,1.0,0.90621,0.89668,1.0,0.0,1.0,0.0,0.00041,0.00041,0.0
relu,machine-1-6,22,level,W3_b01,38,64,R_all,0.01318,0.01318,3.34109,3.34109,2.85684,2.85684,1.50544,1.50544,0.0,7.98494,4.68672,0.0,73.41316,0.0,38.0,64.0,0.01351,3.33716,2.85117,1.5042,1.00118,1.0,1.00118,1.0,1.0,0.0,0.58695,0.0,0.0,0.0,-0.00033,-0.00033
relu,machine-1-6,22,level,W3_b01,38,64,R_fault,0.01302,0.01318,3.32339,3.3396,2.84646,2.85516,1.5078,1.50503,3.54625,7.98494,4.31553,35.57265,73.41316,0.0,30.0,72.0,0.01351,3.33716,2.85117,1.5042,0.99587,0.99515,1.00073,0.99695,1.00184,0.44412,0.54046,0.48455,0.0,-0.00016,-0.00049,-0.00033
relu,machine-1-6,22,level,W3_b01,38,64,R_fault_rec,0.01318,0.01318,3.34109,3.34109,2.85684,2.85684,1.50544,1.50544,0.0,7.98494,4.68672,0.0,73.41316,0.0,38.0,64.0,0.01351,3.33716,2.85117,1.5042,1.00118,1.0,1.00118,1.0,1.0,0.0,0.58695,0.0,0.0,0.0,-0.00033,-0.00033
relu,machine-1-6,22,level,W3_b01,46,0,R0,0.01302,0.01221,1.73072,3.0627,1.58939,2.67836,0.3059,1.31727,27.35814,27.35814,0.0,79.70728,79.70728,0.0,0.0,46.0,0.01221,3.0627,2.67836,1.31727,0.56509,0.56509,1.0,0.59342,0.23222,1.0,0.0,1.0,0.0,0.00081,0.00081,0.0
relu,machine-1-6,22,level,W3_b01,46,0,R_all,0.09823,0.09823,1.42102,1.42102,1.4653,1.4653,0.40706,0.40706,0.0,27.35814,143.55136,0.0,79.70728,0.0,46.0,0.0,0.01221,3.0627,2.67836,1.31727,0.46397,1.0,0.46397,1.0,1.0,0.0,5.24712,0.0,0.0,0.0,0.08602,0.08602
relu,machine-1-6,22,level,W3_b01,46,0,R_fault,0.00985,0.00985,2.73962,2.91515,2.47955,2.60725,1.05436,1.19528,6.42826,27.35814,28.50239,36.41302,79.70728,0.0,30.0,16.0,0.01221,3.0627,2.67836,1.31727,0.89451,0.93979,0.95182,0.95102,0.8821,0.23497,1.04182,0.45683,0.0,0.0,-0.00236,-0.00236
relu,machine-1-6,22,level,W3_b01,46,0,R_fault_rec,0.01001,0.01001,2.47821,2.47821,2.32123,2.32123,0.92362,0.92362,0.0,27.35814,64.04221,0.0,79.70728,0.0,38.0,8.0,0.01221,3.0627,2.67836,1.31727,0.80916,1.0,0.80916,1.0,1.0,0.0,2.34088,0.0,0.0,0.0,-0.0022,-0.0022
relu,machine-1-6,22,level,W3_b01,46,64,R0,0.01424,0.01359,3.07795,3.4097,2.6386,2.90706,1.3868,1.54582,7.91505,7.91505,0.0,73.34547,73.34547,0.0,0.0,110.0,0.01359,3.4097,2.90706,1.54582,0.9027,0.9027,1.0,0.90765,0.89713,1.0,0.0,1.0,0.0,0.00065,0.00065,0.0
relu,machine-1-6,22,level,W3_b01,46,64,R_all,0.01318,0.01318,3.41799,3.41799,2.91481,2.91481,1.54935,1.54935,0.0,7.91505,5.19665,0.0,73.34547,0.0,46.0,64.0,0.01359,3.4097,2.90706,1.54582,1.00243,1.0,1.00243,1.0,1.0,0.0,0.65655,0.0,0.0,0.0,-0.00041,-0.00041
relu,machine-1-6,22,level,W3_b01,46,64,R_fault,0.01326,0.01335,3.39724,3.41393,2.90425,2.91276,1.54996,1.54782,3.48737,7.91505,4.21297,35.54128,73.34547,0.0,30.0,80.0,0.01359,3.4097,2.90706,1.54582,0.99634,0.99511,1.00124,0.99708,1.00139,0.4406,0.53227,0.48457,0.0,-8e-05,-0.00033,-0.00024
relu,machine-1-6,22,level,W3_b01,46,64,R_fault_rec,0.01335,0.01335,3.41542,3.41542,2.91412,2.91412,1.54812,1.54812,0.0,7.91505,4.60625,0.0,73.34547,0.0,38.0,72.0,0.01359,3.4097,2.90706,1.54582,1.00168,1.0,1.00168,1.0,1.0,0.0,0.58196,0.0,0.0,0.0,-0.00024,-0.00024
relu,machine-1-6,22,level,W3_b05,30,0,R0,0.01351,0.00553,-3.81875,2.81373,-3.05694,2.13974,-2.80557,1.12556,158.8608,158.8608,0.0,212.57238,212.57238,0.0,0.0,30.0,0.00553,2.81373,2.13974,1.12556,-1.35719,-1.35719,1.0,-1.42865,-2.49259,1.0,0.0,1.0,0.0,0.00798,0.00798,0.0
relu,machine-1-6,22,level,W3_b05,30,0,R_all,0.09554,0.09554,0.94732,0.94732,0.97068,0.97068,0.18141,0.18141,0.0,158.8608,242.04419,0.0,212.57238,0.0,30.0,0.0,0.00553,2.81373,2.13974,1.12556,0.33668,1.0,0.33668,1.0,1.0,0.0,1.52362,0.0,0.0,0.0,0.09001,0.09001
relu,machine-1-6,22,level,W3_b05,30,0,R_fault,0.09554,0.09554,0.94732,0.94732,0.97068,0.97068,0.18141,0.18141,0.0,158.8608,242.04419,0.0,212.57238,0.0,30.0,0.0,0.00553,2.81373,2.13974,1.12556,0.33668,1.0,0.33668,1.0,1.0,0.0,1.52362,0.0,0.0,0.0,0.09001,0.09001
relu,machine-1-6,22,level,W3_b05,30,0,R_fault_rec,0.09554,0.09554,0.94732,0.94732,0.97068,0.97068,0.18141,0.18141,0.0,158.8608,242.04419,0.0,212.57238,0.0,30.0,0.0,0.00553,2.81373,2.13974,1.12556,0.33668,1.0,0.33668,1.0,1.0,0.0,1.52362,0.0,0.0,0.0,0.09001,0.09001
relu,machine-1-6,22,level,W3_b05,30,64,R0,0.04753,0.04736,3.78582,3.37391,2.93461,2.53682,1.70186,1.45732,10.17096,10.17096,0.0,108.44749,108.44749,0.0,0.0,94.0,0.04736,3.37391,2.53682,1.45732,1.12208,1.12208,1.0,1.15681,1.1678,1.0,0.0,1.0,0.0,0.00016,0.00016,0.0
relu,machine-1-6,22,level,W3_b05,30,64,R_all,0.04614,0.04614,3.43281,3.38277,2.65861,2.54543,1.5645,1.46668,13.59719,10.17096,10.21669,134.44152,108.44749,0.0,30.0,64.0,0.04736,3.37391,2.53682,1.45732,1.01746,1.01479,1.00262,1.04447,1.06669,1.33686,1.0045,1.23969,0.0,0.0,-0.00122,-0.00122
relu,machine-1-6,22,level,W3_b05,30,64,R_fault,0.04614,0.04614,3.43281,3.38277,2.65861,2.54543,1.5645,1.46668,13.59719,10.17096,10.21669,134.44152,108.44749,0.0,30.0,64.0,0.04736,3.37391,2.53682,1.45732,1.01746,1.01479,1.00262,1.04447,1.06669,1.33686,1.0045,1.23969,0.0,0.0,-0.00122,-0.00122
relu,machine-1-6,22,level,W3_b05,30,64,R_fault_rec,0.04614,0.04614,3.37072,3.37072,2.53803,2.53803,1.45891,1.45891,0.0,10.17096,10.9712,0.0,108.44749,0.0,38.0,56.0,0.04736,3.37391,2.53682,1.45732,0.99905,1.0,0.99905,1.0,1.0,0.0,1.07868,0.0,0.0,0.0,-0.00122,-0.00122
relu,machine-1-6,22,level,W3_b05,38,0,R0,0.00553,0.00562,2.48478,2.89917,1.97656,2.24172,0.7308,1.17841,35.49386,35.49386,0.0,118.43162,118.43162,0.0,0.0,38.0,0.00562,2.89917,2.24172,1.17841,0.85706,0.85706,1.0,0.88171,0.62016,1.0,0.0,1.0,0.0,-8e-05,-8e-05,0.0
relu,machine-1-6,22,level,W3_b05,38,0,R_all,0.09554,0.09554,0.94732,0.94732,0.97068,0.97068,0.18141,0.18141,0.0,35.49386,245.23663,0.0,118.43162,0.0,38.0,0.0,0.00562,2.89917,2.24172,1.17841,0.32676,1.0,0.32676,1.0,1.0,0.0,6.90927,0.0,0.0,0.0,0.08993,0.08993
relu,machine-1-6,22,level,W3_b05,38,0,R_fault,0.00456,0.00456,2.3646,2.87673,1.92588,2.23364,0.76851,1.16779,34.94416,35.49386,14.59658,142.95218,118.43162,0.0,30.0,8.0,0.00562,2.89917,2.24172,1.17841,0.81561,0.82197,0.99226,0.86222,0.65809,0.98451,0.41124,1.20704,0.0,0.0,-0.00106,-0.00106
relu,machine-1-6,22,level,W3_b05,38,0,R_fault_rec,0.09554,0.09554,0.94732,0.94732,0.97068,0.97068,0.18141,0.18141,0.0,35.49386,245.23663,0.0,118.43162,0.0,38.0,0.0,0.00562,2.89917,2.24172,1.17841,0.32676,1.0,0.32676,1.0,1.0,0.0,6.90927,0.0,0.0,0.0,0.08993,0.08993
relu,machine-1-6,22,level,W3_b05,38,64,R0,0.00594,0.00594,3.94178,3.55134,3.02688,2.64803,1.79375,1.57273,10.32405,10.32405,0.0,108.15572,108.15572,0.0,0.0,102.0,0.00594,3.55134,2.64803,1.57273,1.10994,1.10994,1.0,1.14307,1.14053,1.0,0.0,1.0,0.0,0.0,0.0,0.0
relu,machine-1-6,22,level,W3_b05,38,64,R_all,0.00456,0.00456,3.53699,3.53699,2.64513,2.64513,1.56704,1.56704,0.0,10.32405,11.08733,0.0,108.15572,0.0,38.0,64.0,0.00594,3.55134,2.64803,1.57273,0.99596,1.0,0.99596,1.0,1.0,0.0,1.07393,0.0,0.0,0.0,-0.00138,-0.00138
relu,machine-1-6,22,level,W3_b05,38,64,R_fault,0.00456,0.00464,3.53585,3.55314,2.70879,2.65125,1.60666,1.57701,13.45065,10.32405,10.25179,134.14585,108.15572,0.0,30.0,72.0,0.00594,3.55134,2.64803,1.57273,0.99564,0.99513,1.00051,1.0217,1.0188,1.30285,0.993,1.2403,0.0,-8e-05,-0.00138,-0.0013
relu,machine-1-6,22,level,W3_b05,38,64,R_fault_rec,0.00456,0.00456,3.53699,3.53699,2.64513,2.64513,1.56704,1.56704,0.0,10.32405,11.08733,0.0,108.15572,0.0,38.0,64.0,0.00594,3.55134,2.64803,1.57273,0.99596,1.0,0.99596,1.0,1.0,0.0,1.07393,0.0,0.0,0.0,-0.00138,-0.00138
relu,machine-1-6,22,level,W3_b05,46,0,R0,0.00521,0.00513,3.57728,3.15868,2.9108,2.51648,1.56346,1.33133,11.94018,11.94018,0.0,110.79184,110.79184,0.0,0.0,46.0,0.00513,3.15868,2.51648,1.33133,1.13252,1.13252,1.0,1.1567,1.17436,1.0,0.0,1.0,0.0,8e-05,8e-05,0.0
relu,machine-1-6,22,level,W3_b05,46,0,R_all,0.09554,0.09554,0.94732,0.94732,0.97068,0.97068,0.18141,0.18141,0.0,11.94018,242.38232,0.0,110.79184,0.0,46.0,0.0,0.00513,3.15868,2.51648,1.33133,0.29991,1.0,0.29991,1.0,1.0,0.0,20.29973,0.0,0.0,0.0,0.09041,0.09041
relu,machine-1-6,22,level,W3_b05,46,0,R_fault,0.00456,0.00456,3.22625,3.12864,2.64992,2.50354,1.41891,1.31618,14.1354,11.94018,12.81442,137.06289,110.79184,0.0,30.0,16.0,0.00513,3.15868,2.51648,1.33133,1.02139,1.0312,0.99049,1.05847,1.07805,1.18385,1.07322,1.23712,0.0,0.0,-0.00057,-0.00057
relu,machine-1-6,22,level,W3_b05,46,0,R_fault_rec,0.00456,0.00456,3.11073,3.11073,2.49108,2.49108,1.30547,1.30547,0.0,11.94018,14.05159,0.0,110.79184,0.0,38.0,8.0,0.00513,3.15868,2.51648,1.33133,0.98482,1.0,0.98482,1.0,1.0,0.0,1.17683,0.0,0.0,0.0,-0.00057,-0.00057
relu,machine-1-6,22,level,W3_b05,46,64,R0,0.00586,0.00578,4.0089,3.60337,3.06703,2.67796,1.80522,1.56852,10.2083,10.2083,0.0,107.87314,107.87314,0.0,0.0,110.0,0.00578,3.60337,2.67796,1.56852,1.11254,1.11254,1.0,1.14529,1.15091,1.0,0.0,1.0,0.0,8e-05,8e-05,0.0
relu,machine-1-6,22,level,W3_b05,46,64,R_all,0.00456,0.00456,3.60443,3.60443,2.6743,2.6743,1.57056,1.57056,0.0,10.2083,11.36219,0.0,107.87314,0.0,46.0,64.0,0.00578,3.60337,2.67796,1.56852,1.00029,1.0,1.00029,1.0,1.0,0.0,1.11303,0.0,0.0,0.0,-0.00122,-0.00122
relu,machine-1-6,22,level,W3_b05,46,64,R_fault,0.00456,0.00464,3.57414,3.60592,2.72979,2.67689,1.58571,1.5719,13.08492,10.2083,10.05146,133.76744,107.87314,0.0,30.0,80.0,0.00578,3.60337,2.67796,1.56852,0.99189,0.99119,1.00071,1.01976,1.00879,1.28179,0.98464,1.24004,0.0,-8e-05,-0.00122,-0.00114
relu,machine-1-6,22,level,W3_b05,46,64,R_fault_rec,0.00456,0.00456,3.59964,3.59964,2.67618,2.67618,1.56774,1.56774,0.0,10.2083,10.797,0.0,107.87314,0.0,38.0,72.0,0.00578,3.60337,2.67796,1.56852,0.99896,1.0,0.99896,1.0,1.0,0.0,1.05767,0.0,0.0,0.0,-0.00122,-0.00122
relu,machine-1-6,22,ramp,W1,30,0,R0,0.1722,0.14014,-0.59195,2.96751,0.01662,2.52024,-0.44428,1.26265,74.46545,74.46545,0.0,0.0,0.0,0.0,0.0,0.0,0.14014,2.96751,2.52024,1.26265,-0.19948,-0.19948,1.0,0.0066,-0.35187,1.0,0.0,,0.0,0.03206,0.03206,0.0
relu,machine-1-6,22,ramp,W1,30,0,R_all,0.23071,0.23071,2.38626,2.38626,2.23807,2.23807,1.00373,1.00373,0.0,74.46545,64.64197,0.0,0.0,0.0,30.0,0.0,0.14014,2.96751,2.52024,1.26265,0.80413,1.0,0.80413,1.0,1.0,0.0,0.86808,,0.0,0.0,0.09058,0.09058
relu,machine-1-6,22,ramp,W1,30,0,R_fault,0.23071,0.23071,2.38626,2.38626,2.23807,2.23807,1.00373,1.00373,0.0,74.46545,64.64197,0.0,0.0,0.0,30.0,0.0,0.14014,2.96751,2.52024,1.26265,0.80413,1.0,0.80413,1.0,1.0,0.0,0.86808,,0.0,0.0,0.09058,0.09058
relu,machine-1-6,22,ramp,W1,30,0,R_fault_rec,0.23071,0.23071,2.38626,2.38626,2.23807,2.23807,1.00373,1.00373,0.0,74.46545,64.64197,0.0,0.0,0.0,30.0,0.0,0.14014,2.96751,2.52024,1.26265,0.80413,1.0,0.80413,1.0,1.0,0.0,0.86808,,0.0,0.0,0.09058,0.09058
relu,machine-1-6,22,ramp,W1,30,64,R0,0.13078,0.12923,1.28048,3.39143,1.20089,2.6974,1.02247,1.64187,23.79125,23.79125,0.0,0.0,0.0,0.0,0.0,0.0,0.12923,3.39143,2.6974,1.64187,0.37756,0.37756,1.0,0.4452,0.62275,1.0,0.0,,0.0,0.00155,0.00155,0.0
relu,machine-1-6,22,ramp,W1,30,64,R_all,0.12931,0.12858,3.31807,3.35381,2.72957,2.69951,1.52944,1.60255,8.1484,23.79125,7.65606,0.0,0.0,0.0,30.0,0.0,0.12923,3.39143,2.6974,1.64187,0.97837,0.98934,0.98891,1.01113,0.95438,0.3425,0.3218,,0.0,0.00073,8e-05,-0.00065
relu,machine-1-6,22,ramp,W1,30,64,R_fault,0.12931,0.12858,3.31807,3.35381,2.72957,2.69951,1.52944,1.60255,8.1484,23.79125,7.65606,0.0,0.0,0.0,30.0,0.0,0.12923,3.39143,2.6974,1.64187,0.97837,0.98934,0.98891,1.01113,0.95438,0.3425,0.3218,,0.0,0.00073,8e-05,-0.00065
relu,machine-1-6,22,ramp,W1,30,64,R_fault_rec,0.12964,0.12964,3.36054,3.36054,2.68724,2.68724,1.60709,1.60709,0.0,23.79125,9.73437,0.0,0.0,0.0,38.0,0.0,0.12923,3.39143,2.6974,1.64187,0.99089,1.0,0.99089,1.0,1.0,0.0,0.40916,,0.0,0.0,0.00041,0.00041
relu,machine-1-6,22,ramp,W1,38,0,R0,0.12939,0.13143,0.05645,3.04746,0.60634,2.57449,-0.07448,1.33885,59.53934,59.53934,0.0,0.0,0.0,0.0,0.0,0.0,0.13143,3.04746,2.57449,1.33885,0.01852,0.01852,1.0,0.23552,-0.05563,1.0,0.0,,0.0,-0.00203,-0.00203,0.0
relu,machine-1-6,22,ramp,W1,38,0,R_all,0.23071,0.23071,2.38626,2.38626,2.23807,2.23807,1.00373,1.00373,0.0,59.53934,67.2822,0.0,0.0,0.0,38.0,0.0,0.13143,3.04746,2.57449,1.33885,0.78303,1.0,0.78303,1.0,1.0,0.0,1.13005,,0.0,0.0,0.09928,0.09928
relu,machine-1-6,22,ramp,W1,38,0,R_fault,0.1272,0.12036,2.60177,2.98541,2.37283,2.60668,0.92159,1.27735,28.51301,59.53934,26.75427,0.0,0.0,0.0,30.0,0.0,0.13143,3.04746,2.57449,1.33885,0.85375,0.8715,0.97964,0.91029,0.72149,0.47889,0.44935,,0.0,0.00684,-0.00423,-0.01107
relu,machine-1-6,22,ramp,W1,38,0,R_fault_rec,0.23071,0.23071,2.38626,2.38626,2.23807,2.23807,1.00373,1.00373,0.0,59.53934,67.2822,0.0,0.0,0.0,38.0,0.0,0.13143,3.04746,2.57449,1.33885,0.78303,1.0,0.78303,1.0,1.0,0.0,1.13005,,0.0,0.0,0.09928,0.09928
relu,machine-1-6,22,ramp,W1,38,64,R0,0.12793,0.12679,1.41467,3.50015,1.34773,2.82128,1.14041,1.71174,21.23795,21.23795,0.0,0.0,0.0,0.0,0.0,0.0,0.12679,3.50015,2.82128,1.71174,0.40417,0.40417,1.0,0.4777,0.66623,1.0,0.0,,0.0,0.00114,0.00114,0.0
relu,machine-1-6,22,ramp,W1,38,64,R_all,0.12687,0.12687,3.4396,3.4396,2.7689,2.7689,1.65096,1.65096,0.0,21.23795,7.66533,0.0,0.0,0.0,38.0,0.0,0.12679,3.50015,2.82128,1.71174,0.9827,1.0,0.9827,1.0,1.0,0.0,0.36093,,0.0,0.0,8e-05,8e-05
relu,machine-1-6,22,ramp,W1,38,64,R_fault,0.12671,0.12622,3.43543,3.42929,2.84294,2.77791,1.61356,1.63716,7.48135,21.23795,5.97955,0.0,0.0,0.0,30.0,0.0,0.12679,3.50015,2.82128,1.71174,0.98151,1.00179,0.97976,1.02341,0.98558,0.35226,0.28155,,0.0,0.00049,-8e-05,-0.00057
relu,machine-1-6,22,ramp,W1,38,64,R_fault_rec,0.12687,0.12687,3.4396,3.4396,2.7689,2.7689,1.65096,1.65096,0.0,21.23795,7.66533,0.0,0.0,0.0,38.0,0.0,0.12679,3.50015,2.82128,1.71174,0.9827,1.0,0.9827,1.0,1.0,0.0,0.36093,,0.0,0.0,8e-05,8e-05
relu,machine-1-6,22,ramp,W1,46,0,R0,0.15576,0.14852,0.62384,3.04195,0.77226,2.57605,0.45566,1.34507,42.98034,42.98034,0.0,0.0,0.0,0.0,0.0,0.0,0.14852,3.04195,2.57605,1.34507,0.20508,0.20508,1.0,0.29979,0.33876,1.0,0.0,,0.0,0.00724,0.00724,0.0
relu,machine-1-6,22,ramp,W1,46,0,R_all,0.23071,0.23071,2.38626,2.38626,2.23807,2.23807,1.00373,1.00373,0.0,42.98034,70.16549,0.0,0.0,0.0,46.0,0.0,0.14852,3.04195,2.57605,1.34507,0.78445,1.0,0.78445,1.0,1.0,0.0,1.6325,,0.0,0.0,0.08219,0.08219
relu,machine-1-6,22,ramp,W1,46,0,R_fault,0.15828,0.15503,2.76381,2.99253,2.42874,2.57583,1.05897,1.30085,17.27947,42.98034,22.96441,0.0,0.0,0.0,30.0,0.0,0.14852,3.04195,2.57605,1.34507,0.90857,0.92357,0.98376,0.9429,0.81406,0.40203,0.5343,,0.0,0.00326,0.00977,0.00651
relu,machine-1-6,22,ramp,W1,46,0,R_fault_rec,0.16349,0.16349,2.94,2.94,2.56922,2.56922,1.27324,1.27324,0.0,42.98034,32.53034,0.0,0.0,0.0,38.0,0.0,0.14852,3.04195,2.57605,1.34507,0.96649,1.0,0.96649,1.0,1.0,0.0,0.75687,,0.0,0.0,0.01497,0.01497
relu,machine-1-6,22,ramp,W1,46,64,R0,0.11792,0.11735,1.45792,3.52886,1.41251,2.8724,1.14469,1.69332,19.68324,19.68324,0.0,0.0,0.0,0.0,0.0,0.0,0.11735,3.52886,2.8724,1.69332,0.41314,0.41314,1.0,0.49175,0.676,1.0,0.0,,0.0,0.00057,0.00057,0.0
relu,machine-1-6,22,ramp,W1,46,64,R_all,0.11287,0.11287,3.45554,3.45554,2.85783,2.85783,1.63367,1.63367,0.0,19.68324,7.87851,0.0,0.0,0.0,46.0,0.0,0.11735,3.52886,2.8724,1.69332,0.97922,1.0,0.97922,1.0,1.0,0.0,0.40027,,0.0,0.0,-0.00448,-0.00448
relu,machine-1-6,22,ramp,W1,46,64,R_fault,0.11686,0.11654,3.45925,3.4424,2.89977,2.80894,1.60885,1.62487,7.10623,19.68324,4.59811,0.0,0.0,0.0,30.0,0.0,0.11735,3.52886,2.8724,1.69332,0.98027,1.0049,0.9755,1.03234,0.99014,0.36103,0.23361,,0.0,0.00033,-0.00049,-0.00081
relu,machine-1-6,22,ramp,W1,46,64,R_fault_rec,0.11768,0.11768,3.4503,3.4503,2.8064,2.8064,1.63278,1.63278,0.0,19.68324,5.95933,0.0,0.0,0.0,38.0,0.0,0.11735,3.52886,2.8724,1.69332,0.97774,1.0,0.97774,1.0,1.0,0.0,0.30276,,0.0,0.0,0.00033,0.00033
relu,machine-1-6,22,ramp,W2_f0995,30,0,R0,0.07617,0.07389,1.49777,2.34555,1.47703,2.19306,0.38248,0.95446,21.52593,21.52593,0.0,4020.61386,4020.61386,0.0,0.0,0.0,0.07389,2.34555,2.19306,0.95446,0.63856,0.63856,1.0,0.6735,0.40074,1.0,0.0,1.0,0.0,0.00228,0.00228,0.0
relu,machine-1-6,22,ramp,W2_f0995,30,0,R_all,0.1036,0.1036,2.18338,2.18338,2.07547,2.07547,0.87919,0.87919,0.0,21.52593,20.88666,0.0,4020.61386,0.0,30.0,0.0,0.07389,2.34555,2.19306,0.95446,0.93086,1.0,0.93086,1.0,1.0,0.0,0.9703,0.0,0.0,0.0,0.0297,0.0297
relu,machine-1-6,22,ramp,W2_f0995,30,0,R_fault,0.1036,0.1036,2.18338,2.18338,2.07547,2.07547,0.87919,0.87919,0.0,21.52593,20.88666,0.0,4020.61386,0.0,30.0,0.0,0.07389,2.34555,2.19306,0.95446,0.93086,1.0,0.93086,1.0,1.0,0.0,0.9703,0.0,0.0,0.0,0.0297,0.0297
relu,machine-1-6,22,ramp,W2_f0995,30,0,R_fault_rec,0.1036,0.1036,2.18338,2.18338,2.07547,2.07547,0.87919,0.87919,0.0,21.52593,20.88666,0.0,4020.61386,0.0,30.0,0.0,0.07389,2.34555,2.19306,0.95446,0.93086,1.0,0.93086,1.0,1.0,0.0,0.9703,0.0,0.0,0.0,0.0297,0.0297
relu,machine-1-6,22,ramp,W2_f0995,30,64,R0,0.04256,0.045,2.07997,2.67443,1.92959,2.41862,0.69998,1.11946,14.53178,14.53178,0.0,3033.29477,3033.29477,0.0,0.0,0.0,0.045,2.67443,2.41862,1.11946,0.77772,0.77772,1.0,0.79781,0.62528,1.0,0.0,1.0,0.0,-0.00244,-0.00244,0.0
relu,machine-1-6,22,ramp,W2_f0995,30,64,R_all,0.05257,0.05265,2.61155,2.62147,2.38292,2.38968,1.08485,1.09191,0.23303,14.53178,9.48615,293.31783,3033.29477,4.39231,30.0,0.0,0.045,2.67443,2.41862,1.11946,0.97649,0.99622,0.9802,0.99717,0.99353,0.01604,0.65279,0.0967,0.30226,-8e-05,0.00757,0.00765
relu,machine-1-6,22,ramp,W2_f0995,30,64,R_fault,0.05257,0.05265,2.61155,2.62147,2.38292,2.38968,1.08485,1.09191,0.23303,14.53178,9.48615,293.31783,3033.29477,4.39231,30.0,0.0,0.045,2.67443,2.41862,1.11946,0.97649,0.99622,0.9802,0.99717,0.99353,0.01604,0.65279,0.0967,0.30226,-8e-05,0.00757,0.00765
relu,machine-1-6,22,ramp,W2_f0995,30,64,R_fault_rec,0.05509,0.05509,2.59862,2.59862,2.37483,2.37483,1.08078,1.08078,0.0,14.53178,12.57776,0.0,3033.29477,5.36055,38.0,0.0,0.045,2.67443,2.41862,1.11946,0.97165,1.0,0.97165,1.0,1.0,0.0,0.86553,0.0,0.36888,0.0,0.01009,0.01009
relu,machine-1-6,22,ramp,W2_f0995,38,0,R0,0.07023,0.06632,1.56002,2.3862,1.52987,2.22314,0.41114,0.97323,20.5179,20.5179,0.0,4016.26254,4016.26254,0.0,0.0,0.0,0.06632,2.3862,2.22314,0.97323,0.65377,0.65377,1.0,0.68816,0.42245,1.0,0.0,1.0,0.0,0.00391,0.00391,0.0
relu,machine-1-6,22,ramp,W2_f0995,38,0,R_all,0.1036,0.1036,2.18338,2.18338,2.07547,2.07547,0.87919,0.87919,0.0,20.5179,25.74688,0.0,4016.26254,0.0,38.0,0.0,0.06632,2.3862,2.22314,0.97323,0.91501,1.0,0.91501,1.0,1.0,0.0,1.25485,0.0,0.0,0.0,0.03727,0.03727
relu,machine-1-6,22,ramp,W2_f0995,38,0,R_fault,0.0909,0.09049,2.21278,2.2437,2.09878,2.12181,0.88456,0.90622,0.4944,20.5179,18.72923,388.37024,4016.26254,0.9439,30.0,0.0,0.06632,2.3862,2.22314,0.97323,0.92732,0.98622,0.94028,0.98915,0.9761,0.0241,0.91282,0.0967,0.046,0.00041,0.02458,0.02417
relu,machine-1-6,22,ramp,W2_f0995,38,0,R_fault_rec,0.1036,0.1036,2.18338,2.18338,2.07547,2.07547,0.87919,0.87919,0.0,20.5179,25.74688,0.0,4016.26254,0.0,38.0,0.0,0.06632,2.3862,2.22314,0.97323,0.91501,1.0,0.91501,1.0,1.0,0.0,1.25485,0.0,0.0,0.0,0.03727,0.03727
relu,machine-1-6,22,ramp,W2_f0995,38,64,R0,0.04248,0.04403,2.1464,2.71472,1.97914,2.44559,0.73789,1.14126,13.84982,13.84982,0.0,2914.06519,2914.06519,0.0,0.0,0.0,0.04403,2.71472,2.44559,1.14126,0.79065,0.79065,1.0,0.80927,0.64656,1.0,0.0,1.0,0.0,-0.00155,-0.00155,0.0
relu,machine-1-6,22,ramp,W2_f0995,38,64,R_all,0.05396,0.05396,2.65005,2.65005,2.41041,2.41041,1.10771,1.10771,0.0,13.84982,11.50194,0.0,2914.06519,5.64366,38.0,0.0,0.04403,2.71472,2.44559,1.14126,0.97618,1.0,0.97618,1.0,1.0,0.0,0.83048,0.0,0.40749,0.0,0.00993,0.00993
relu,machine-1-6,22,ramp,W2_f0995,38,64,R_fault,0.05176,0.0516,2.66135,2.66977,2.41713,2.42274,1.11144,1.11745,0.21217,13.84982,8.71267,281.7884,2914.06519,4.57125,30.0,0.0,0.04403,2.71472,2.44559,1.14126,0.98034,0.99685,0.98344,0.99769,0.99462,0.01532,0.62908,0.0967,0.33006,0.00016,0.00773,0.00757
relu,machine-1-6,22,ramp,W2_f0995,38,64,R_fault_rec,0.05396,0.05396,2.65005,2.65005,2.41041,2.41041,1.10771,1.10771,0.0,13.84982,11.50194,0.0,2914.06519,5.64366,38.0,0.0,0.04403,2.71472,2.44559,1.14126,0.97618,1.0,0.97618,1.0,1.0,0.0,0.83048,0.0,0.40749,0.0,0.00993,0.00993
relu,machine-1-6,22,ramp,W2_f0995,46,0,R0,0.06437,0.06201,1.64047,2.42658,1.5943,2.25246,0.45587,0.99301,19.50833,19.50833,0.0,3858.39548,3858.39548,0.0,0.0,0.0,0.06201,2.42658,2.25246,0.99301,0.67604,0.67604,1.0,0.7078,0.45908,1.0,0.0,1.0,0.0,0.00236,0.00236,0.0
relu,machine-1-6,22,ramp,W2_f0995,46,0,R_all,0.1036,0.1036,2.18338,2.18338,2.07547,2.07547,0.87919,0.87919,0.0,19.50833,30.34659,0.0,3858.39548,0.0,46.0,0.0,0.06201,2.42658,2.25246,0.99301,0.89978,1.0,0.89978,1.0,1.0,0.0,1.55557,0.0,0.0,0.0,0.04159,0.04159
relu,machine-1-6,22,ramp,W2_f0995,46,0,R_fault,0.08171,0.08122,2.27544,2.30181,2.14634,2.16584,0.91524,0.93374,0.44011,19.50833,16.89129,373.10459,3858.39548,1.75387,30.0,0.0,0.06201,2.42658,2.25246,0.99301,0.93771,0.98855,0.94858,0.991,0.98019,0.02256,0.86585,0.0967,0.0899,0.00049,0.01969,0.01921
relu,machine-1-6,22,ramp,W2_f0995,46,0,R_fault_rec,0.09025,0.09025,2.24937,2.24937,2.12618,2.12618,0.91003,0.91003,0.0,19.50833,23.08003,0.0,3858.39548,1.29943,38.0,0.0,0.06201,2.42658,2.25246,0.99301,0.92697,1.0,0.92697,1.0,1.0,0.0,1.18309,0.0,0.06661,0.0,0.02824,0.02824
relu,machine-1-6,22,ramp,W2_f0995,46,64,R0,0.04183,0.04281,2.21279,2.75614,2.02852,2.47349,0.77606,1.16403,13.19704,13.19704,0.0,2799.52215,2799.52215,0.0,0.0,0.0,0.04281,2.75614,2.47349,1.16403,0.80286,0.80286,1.0,0.8201,0.6667,1.0,0.0,1.0,0.0,-0.00098,-0.00098,0.0
relu,machine-1-6,22,ramp,W2_f0995,46,64,R_all,0.05396,0.05396,2.68076,2.68076,2.43339,2.43339,1.12423,1.12423,0.0,13.19704,13.3572,0.0,2799.52215,6.92056,46.0,0.0,0.04281,2.75614,2.47349,1.16403,0.97265,1.0,0.97265,1.0,1.0,0.0,1.01214,0.0,0.5244,0.0,0.01115,0.01115
relu,machine-1-6,22,ramp,W2_f0995,46,64,R_fault,0.04972,0.04972,2.71135,2.71847,2.45145,2.45605,1.13861,1.14371,0.19402,13.19704,8.03671,270.71215,2799.52215,4.70271,30.0,0.0,0.04281,2.75614,2.47349,1.16403,0.98375,0.99738,0.98633,0.99812,0.99555,0.0147,0.60898,0.0967,0.35635,0.0,0.00692,0.00692
relu,machine-1-6,22,ramp,W2_f0995,46,64,R_fault_rec,0.05249,0.05249,2.70157,2.70157,2.44595,2.44595,1.13525,1.13525,0.0,13.19704,10.56413,0.0,2799.52215,5.85803,38.0,0.0,0.04281,2.75614,2.47349,1.16403,0.9802,1.0,0.9802,1.0,1.0,0.0,0.80049,0.0,0.44389,0.0,0.00968,0.00968
relu,machine-1-6,22,ramp,W3_b01,30,0,R0,0.06413,0.04329,-2.05586,3.02411,-1.21593,2.61668,-1.80871,1.31936,101.48938,101.48938,0.0,145.22275,145.22275,0.0,0.0,30.0,0.04329,3.02411,2.61668,1.31936,-0.67982,-0.67982,1.0,-0.46468,-1.3709,1.0,0.0,1.0,0.0,0.02083,0.02083,0.0
relu,machine-1-6,22,ramp,W3_b01,30,0,R_all,0.15381,0.15381,2.10191,2.10191,1.94086,1.94086,0.82874,0.82874,0.0,101.48938,92.21474,0.0,145.22275,0.0,30.0,0.0,0.04329,3.02411,2.61668,1.31936,0.69505,1.0,0.69505,1.0,1.0,0.0,0.90861,0.0,0.0,0.0,0.11051,0.11051
relu,machine-1-6,22,ramp,W3_b01,30,0,R_fault,0.15381,0.15381,2.10191,2.10191,1.94086,1.94086,0.82874,0.82874,0.0,101.48938,92.21474,0.0,145.22275,0.0,30.0,0.0,0.04329,3.02411,2.61668,1.31936,0.69505,1.0,0.69505,1.0,1.0,0.0,0.90861,0.0,0.0,0.0,0.11051,0.11051
relu,machine-1-6,22,ramp,W3_b01,30,0,R_fault_rec,0.15381,0.15381,2.10191,2.10191,1.94086,1.94086,0.82874,0.82874,0.0,101.48938,92.21474,0.0,145.22275,0.0,30.0,0.0,0.04329,3.02411,2.61668,1.31936,0.69505,1.0,0.69505,1.0,1.0,0.0,0.90861,0.0,0.0,0.0,0.11051,0.11051
relu,machine-1-6,22,ramp,W3_b01,30,64,R0,0.04924,0.04956,2.82064,3.30619,2.44335,2.86497,1.24845,1.52771,8.93476,8.93476,0.0,68.16454,68.16454,0.0,0.0,94.0,0.04956,3.30619,2.86497,1.52771,0.85314,0.85314,1.0,0.85284,0.81721,1.0,0.0,1.0,0.0,-0.00033,-0.00033,0.0
relu,machine-1-6,22,ramp,W3_b01,30,64,R_all,0.04647,0.0472,3.24681,3.30374,2.8016,2.8648,1.48732,1.52469,3.59885,8.93476,3.0339,28.305,68.16454,0.0,30.0,64.0,0.04956,3.30619,2.86497,1.52771,0.98204,0.98277,0.99926,0.97794,0.97549,0.40279,0.33956,0.41525,0.0,-0.00073,-0.00309,-0.00236
relu,machine-1-6,22,ramp,W3_b01,30,64,R_fault,0.04647,0.0472,3.24681,3.30374,2.8016,2.8648,1.48732,1.52469,3.59885,8.93476,3.0339,28.305,68.16454,0.0,30.0,64.0,0.04956,3.30619,2.86497,1.52771,0.98204,0.98277,0.99926,0.97794,0.97549,0.40279,0.33956,0.41525,0.0,-0.00073,-0.00309,-0.00236
relu,machine-1-6,22,ramp,W3_b01,30,64,R_fault_rec,0.04915,0.04915,3.30408,3.30408,2.86633,2.86633,1.52436,1.52436,0.0,8.93476,3.24579,0.0,68.16454,0.0,38.0,56.0,0.04956,3.30619,2.86497,1.52771,0.99936,1.0,0.99936,1.0,1.0,0.0,0.36328,0.0,0.0,0.0,-0.00041,-0.00041
relu,machine-1-6,22,ramp,W3_b01,38,0,R0,0.04305,0.04346,0.36366,3.09046,0.6467,2.67288,-0.65591,1.35546,53.48838,53.48838,0.0,94.17288,94.17288,0.0,0.0,38.0,0.04346,3.09046,2.67288,1.35546,0.11767,0.11767,1.0,0.24195,-0.4839,1.0,0.0,1.0,0.0,-0.00041,-0.00041,0.0
relu,machine-1-6,22,ramp,W3_b01,38,0,R_all,0.15381,0.15381,2.10191,2.10191,1.94086,1.94086,0.82874,0.82874,0.0,53.48838,96.65969,0.0,94.17288,0.0,38.0,0.0,0.04346,3.09046,2.67288,1.35546,0.68013,1.0,0.68013,1.0,1.0,0.0,1.80712,0.0,0.0,0.0,0.11035,0.11035
relu,machine-1-6,22,ramp,W3_b01,38,0,R_fault,0.05452,0.05379,2.47094,2.73997,2.20445,2.41008,0.93841,1.14917,10.10502,53.48838,42.60498,31.2693,94.17288,0.0,30.0,8.0,0.04346,3.09046,2.67288,1.35546,0.79954,0.90181,0.88659,0.91468,0.8166,0.18892,0.79653,0.33204,0.0,0.00073,0.01107,0.01034
relu,machine-1-6,22,ramp,W3_b01,38,0,R_fault_rec,0.15381,0.15381,2.10191,2.10191,1.94086,1.94086,0.82874,0.82874,0.0,53.48838,96.65969,0.0,94.17288,0.0,38.0,0.0,0.04346,3.09046,2.67288,1.35546,0.68013,1.0,0.68013,1.0,1.0,0.0,1.80712,0.0,0.0,0.0,0.11035,0.11035
relu,machine-1-6,22,ramp,W3_b01,38,64,R0,0.0498,0.04989,2.92322,3.40214,2.51736,2.93124,1.30793,1.58431,8.72253,8.72253,0.0,68.06343,68.06343,0.0,0.0,102.0,0.04989,3.40214,2.93124,1.58431,0.85923,0.85923,1.0,0.8588,0.82555,1.0,0.0,1.0,0.0,-8e-05,-8e-05,0.0
relu,machine-1-6,22,ramp,W3_b01,38,64,R_all,0.05037,0.05037,3.40017,3.40017,2.93372,2.93372,1.58085,1.58085,0.0,8.72253,3.22157,0.0,68.06343,0.0,38.0,64.0,0.04989,3.40214,2.93124,1.58431,0.99942,1.0,0.99942,1.0,1.0,0.0,0.36934,0.0,0.0,0.0,0.00049,0.00049
relu,machine-1-6,22,ramp,W3_b01,38,64,R_fault,0.04948,0.05037,3.34585,3.39979,2.87139,2.93225,1.54568,1.58117,3.53422,8.72253,2.9919,28.25958,68.06343,0.0,30.0,72.0,0.04989,3.40214,2.93124,1.58431,0.98345,0.98413,0.99931,0.97925,0.97756,0.40518,0.34301,0.41519,0.0,-0.0009,-0.00041,0.00049
relu,machine-1-6,22,ramp,W3_b01,38,64,R_fault_rec,0.05037,0.05037,3.40017,3.40017,2.93372,2.93372,1.58085,1.58085,0.0,8.72253,3.22157,0.0,68.06343,0.0,38.0,64.0,0.04989,3.40214,2.93124,1.58431,0.99942,1.0,0.99942,1.0,1.0,0.0,0.36934,0.0,0.0,0.0,0.00049,0.00049
relu,machine-1-6,22,ramp,W3_b01,46,0,R0,0.04142,0.0424,1.68865,3.12317,1.58878,2.69637,0.30695,1.37901,27.84361,27.84361,0.0,75.14184,75.14184,0.0,0.0,46.0,0.0424,3.12317,2.69637,1.37901,0.54069,0.54069,1.0,0.58923,0.22259,1.0,0.0,1.0,0.0,-0.00098,-0.00098,0.0
relu,machine-1-6,22,ramp,W3_b01,46,0,R_all,0.15381,0.15381,2.10191,2.10191,1.94086,1.94086,0.82874,0.82874,0.0,27.84361,99.38089,0.0,75.14184,0.0,46.0,0.0,0.0424,3.12317,2.69637,1.37901,0.673,1.0,0.673,1.0,1.0,0.0,3.56925,0.0,0.0,0.0,0.11141,0.11141
relu,machine-1-6,22,ramp,W3_b01,46,0,R_fault,0.04199,0.04329,2.8297,2.98884,2.46078,2.58792,1.16208,1.2925,5.94586,27.84361,20.20133,29.10412,75.14184,0.0,30.0,16.0,0.0424,3.12317,2.69637,1.37901,0.90603,0.94675,0.95699,0.95087,0.8991,0.21354,0.72553,0.38732,0.0,-0.0013,-0.00041,0.0009
relu,machine-1-6,22,ramp,W3_b01,46,0,R_fault_rec,0.05843,0.05843,2.73507,2.73507,2.40897,2.40897,1.15051,1.15051,0.0,27.84361,45.32659,0.0,75.14184,0.0,38.0,8.0,0.0424,3.12317,2.69637,1.37901,0.87573,1.0,0.87573,1.0,1.0,0.0,1.6279,0.0,0.0,0.0,0.01603,0.01603
relu,machine-1-6,22,ramp,W3_b01,46,64,R0,0.04744,0.04728,2.96737,3.45694,2.57135,2.99383,1.32513,1.61187,8.48243,8.48243,0.0,67.98782,67.98782,0.0,0.0,110.0,0.04728,3.45694,2.99383,1.61187,0.85838,0.85838,1.0,0.85888,0.82211,1.0,0.0,1.0,0.0,0.00016,0.00016,0.0
relu,machine-1-6,22,ramp,W3_b01,46,64,R_all,0.04785,0.04785,3.45613,3.45613,2.99953,2.99953,1.60929,1.60929,0.0,8.48243,3.47983,0.0,67.98782,0.0,46.0,64.0,0.04728,3.45694,2.99383,1.61187,0.99977,1.0,0.99977,1.0,1.0,0.0,0.41024,0.0,0.0,0.0,0.00057,0.00057
relu,machine-1-6,22,ramp,W3_b01,46,64,R_fault,0.04753,0.04761,3.39919,3.45362,2.93368,2.99477,1.57189,1.60827,3.44907,8.48243,2.91278,28.2345,67.98782,0.0,30.0,80.0,0.04728,3.45694,2.99383,1.61187,0.9833,0.98424,0.99904,0.9796,0.97737,0.40661,0.34339,0.41529,0.0,-8e-05,0.00024,0.00033
relu,machine-1-6,22,ramp,W3_b01,46,64,R_fault_rec,0.04761,0.04761,3.45425,3.45425,2.99643,2.99643,1.60817,1.60817,0.0,8.48243,3.15878,0.0,67.98782,0.0,38.0,72.0,0.04728,3.45694,2.99383,1.61187,0.99922,1.0,0.99922,1.0,1.0,0.0,0.37239,0.0,0.0,0.0,0.00033,0.00033
relu,machine-1-6,22,ramp,W3_b05,30,0,R0,0.02515,0.02189,-3.45017,2.91118,-2.35037,2.33031,-2.65575,1.19008,154.27083,154.27083,0.0,220.45816,220.45816,0.0,0.0,30.0,0.02189,2.91118,2.33031,1.19008,-1.18515,-1.18515,1.0,-1.00861,-2.23158,1.0,0.0,1.0,0.0,0.00326,0.00326,0.0
relu,machine-1-6,22,ramp,W3_b05,30,0,R_all,0.14787,0.14787,1.56151,1.56151,1.43426,1.43426,0.51554,0.51554,0.0,154.27083,187.35748,0.0,220.45816,0.0,30.0,0.0,0.02189,2.91118,2.33031,1.19008,0.53638,1.0,0.53638,1.0,1.0,0.0,1.21447,0.0,0.0,0.0,0.12598,0.12598
relu,machine-1-6,22,ramp,W3_b05,30,0,R_fault,0.14787,0.14787,1.56151,1.56151,1.43426,1.43426,0.51554,0.51554,0.0,154.27083,187.35748,0.0,220.45816,0.0,30.0,0.0,0.02189,2.91118,2.33031,1.19008,0.53638,1.0,0.53638,1.0,1.0,0.0,1.21447,0.0,0.0,0.0,0.12598,0.12598
relu,machine-1-6,22,ramp,W3_b05,30,0,R_fault_rec,0.14787,0.14787,1.56151,1.56151,1.43426,1.43426,0.51554,0.51554,0.0,154.27083,187.35748,0.0,220.45816,0.0,30.0,0.0,0.02189,2.91118,2.33031,1.19008,0.53638,1.0,0.53638,1.0,1.0,0.0,1.21447,0.0,0.0,0.0,0.12598,0.12598
relu,machine-1-6,22,ramp,W3_b05,30,64,R0,0.11239,0.1106,3.69936,3.32333,2.90458,2.61356,1.78545,1.57952,13.1209,13.1209,0.0,114.61058,114.61058,0.0,0.0,94.0,0.1106,3.32333,2.61356,1.57952,1.11315,1.11315,1.0,1.11135,1.13037,1.0,0.0,1.0,0.0,0.00179,0.00179,0.0
relu,machine-1-6,22,ramp,W3_b05,30,64,R_all,0.11214,0.10563,3.22189,3.32687,2.42507,2.62447,1.51627,1.58502,15.50431,13.1209,9.64805,117.73087,114.61058,0.0,30.0,64.0,0.1106,3.32333,2.61356,1.57952,0.96948,0.96845,1.00106,0.92402,0.95663,1.18165,0.73532,1.02723,0.0,0.00651,0.00155,-0.00496
relu,machine-1-6,22,ramp,W3_b05,30,64,R_fault,0.11214,0.10563,3.22189,3.32687,2.42507,2.62447,1.51627,1.58502,15.50431,13.1209,9.64805,117.73087,114.61058,0.0,30.0,64.0,0.1106,3.32333,2.61356,1.57952,0.96948,0.96845,1.00106,0.92402,0.95663,1.18165,0.73532,1.02723,0.0,0.00651,0.00155,-0.00496
relu,machine-1-6,22,ramp,W3_b05,30,64,R_fault_rec,0.10636,0.10636,3.31822,3.31822,2.62408,2.62408,1.57693,1.57693,0.0,13.1209,10.40542,0.0,114.61058,0.0,38.0,56.0,0.1106,3.32333,2.61356,1.57952,0.99846,1.0,0.99846,1.0,1.0,0.0,0.79304,0.0,0.0,0.0,-0.00423,-0.00423
relu,machine-1-6,22,ramp,W3_b05,38,0,R0,0.01758,0.01888,2.71664,3.10874,2.21488,2.47997,0.82854,1.31409,35.99561,35.99561,0.0,125.69296,125.69296,0.0,0.0,38.0,0.01888,3.10874,2.47997,1.31409,0.87387,0.87387,1.0,0.89311,0.63051,1.0,0.0,1.0,0.0,-0.0013,-0.0013,0.0
relu,machine-1-6,22,ramp,W3_b05,38,0,R_all,0.14787,0.14787,1.56151,1.56151,1.43426,1.43426,0.51554,0.51554,0.0,35.99561,191.31855,0.0,125.69296,0.0,38.0,0.0,0.01888,3.10874,2.47997,1.31409,0.5023,1.0,0.5023,1.0,1.0,0.0,5.31505,0.0,0.0,0.0,0.12899,0.12899
relu,machine-1-6,22,ramp,W3_b05,38,0,R_fault,0.01375,0.01603,2.45796,3.1062,1.96251,2.48485,0.76001,1.31788,33.93207,35.99561,11.93369,127.18107,125.69296,0.0,30.0,8.0,0.01888,3.10874,2.47997,1.31409,0.79066,0.79131,0.99919,0.78979,0.57669,0.94267,0.33153,1.01184,0.0,-0.00228,-0.00513,-0.00285
relu,machine-1-6,22,ramp,W3_b05,38,0,R_fault_rec,0.14787,0.14787,1.56151,1.56151,1.43426,1.43426,0.51554,0.51554,0.0,35.99561,191.31855,0.0,125.69296,0.0,38.0,0.0,0.01888,3.10874,2.47997,1.31409,0.5023,1.0,0.5023,1.0,1.0,0.0,5.31505,0.0,0.0,0.0,0.12899,0.12899
relu,machine-1-6,22,ramp,W3_b05,38,64,R0,0.02246,0.02222,4.19225,3.78341,3.19703,2.87982,2.06061,1.82306,12.45017,12.45017,0.0,114.13437,114.13437,0.0,0.0,102.0,0.02222,3.78341,2.87982,1.82306,1.10806,1.10806,1.0,1.11015,1.1303,1.0,0.0,1.0,0.0,0.00024,0.00024,0.0
relu,machine-1-6,22,ramp,W3_b05,38,64,R_all,0.01603,0.01603,3.76365,3.76365,2.88029,2.88029,1.8057,1.8057,0.0,12.45017,10.15593,0.0,114.13437,0.0,38.0,64.0,0.02222,3.78341,2.87982,1.82306,0.99478,1.0,0.99478,1.0,1.0,0.0,0.81573,0.0,0.0,0.0,-0.00618,-0.00618
relu,machine-1-6,22,ramp,W3_b05,38,64,R_fault,0.02205,0.01619,3.65458,3.78072,2.67019,2.8932,1.73355,1.82163,14.40432,12.45017,9.53367,117.21867,114.13437,0.0,30.0,72.0,0.02222,3.78341,2.87982,1.82306,0.96595,0.96664,0.99929,0.92292,0.95165,1.15696,0.76575,1.02702,0.0,0.00586,-0.00016,-0.00602
relu,machine-1-6,22,ramp,W3_b05,38,64,R_fault_rec,0.01603,0.01603,3.76365,3.76365,2.88029,2.88029,1.8057,1.8057,0.0,12.45017,10.15593,0.0,114.13437,0.0,38.0,64.0,0.02222,3.78341,2.87982,1.82306,0.99478,1.0,0.99478,1.0,1.0,0.0,0.81573,0.0,0.0,0.0,-0.00618,-0.00618
relu,machine-1-6,22,ramp,W3_b05,46,0,R0,0.01864,0.01807,3.45833,3.04894,2.77545,2.45048,1.53273,1.31656,14.19833,14.19833,0.0,117.33609,117.33609,0.0,0.0,46.0,0.01807,3.04894,2.45048,1.31656,1.13427,1.13427,1.0,1.13262,1.1642,1.0,0.0,1.0,0.0,0.00057,0.00057,0.0
relu,machine-1-6,22,ramp,W3_b05,46,0,R_all,0.14787,0.14787,1.56151,1.56151,1.43426,1.43426,0.51554,0.51554,0.0,14.19833,197.37012,0.0,117.33609,0.0,46.0,0.0,0.01807,3.04894,2.45048,1.31656,0.51215,1.0,0.51215,1.0,1.0,0.0,13.90094,0.0,0.0,0.0,0.1298,0.1298
relu,machine-1-6,22,ramp,W3_b05,46,0,R_fault,0.01782,0.01603,2.91002,3.02832,2.26843,2.44051,1.20262,1.3,16.31232,14.19833,11.48024,120.14704,117.33609,0.0,30.0,16.0,0.01807,3.04894,2.45048,1.31656,0.95444,0.96094,0.99324,0.92949,0.92509,1.14889,0.80856,1.02396,0.0,0.00179,-0.00024,-0.00203
relu,machine-1-6,22,ramp,W3_b05,46,0,R_fault_rec,0.01603,0.01603,3.01778,3.01778,2.43684,2.43684,1.29037,1.29037,0.0,14.19833,13.73713,0.0,117.33609,0.0,38.0,8.0,0.01807,3.04894,2.45048,1.31656,0.98978,1.0,0.98978,1.0,1.0,0.0,0.96752,0.0,0.0,0.0,-0.00203,-0.00203
relu,machine-1-6,22,ramp,W3_b05,46,64,R0,0.01823,0.01742,4.06009,3.71057,3.21968,2.94943,1.94038,1.75851,11.52637,11.52637,0.0,113.73928,113.73928,0.0,0.0,110.0,0.01742,3.71057,2.94943,1.75851,1.0942,1.0942,1.0,1.09163,1.10342,1.0,0.0,1.0,0.0,0.00081,0.00081,0.0
relu,machine-1-6,22,ramp,W3_b05,46,64,R_all,0.01546,0.01546,3.7073,3.7073,2.96417,2.96417,1.75144,1.75144,0.0,11.52637,9.74203,0.0,113.73928,0.0,46.0,64.0,0.01742,3.71057,2.94943,1.75851,0.99912,1.0,0.99912,1.0,1.0,0.0,0.8452,0.0,0.0,0.0,-0.00195,-0.00195
relu,machine-1-6,22,ramp,W3_b05,46,64,R_fault,0.01888,0.01302,3.55988,3.7109,2.72212,2.96105,1.65301,1.75726,13.98322,11.52637,8.85521,116.88031,113.73928,0.0,30.0,80.0,0.01742,3.71057,2.94943,1.75851,0.95939,0.9593,1.00009,0.91931,0.94067,1.21315,0.76826,1.02762,0.0,0.00586,0.00146,-0.00439
relu,machine-1-6,22,ramp,W3_b05,46,64,R_fault_rec,0.01302,0.01302,3.69552,3.69552,2.95231,2.95231,1.74378,1.74378,0.0,11.52637,9.24144,0.0,113.73928,0.0,38.0,72.0,0.01742,3.71057,2.94943,1.75851,0.99594,1.0,0.99594,1.0,1.0,0.0,0.80177,0.0,0.0,0.0,-0.00439,-0.00439
relu,machine-1-6,33,level,W1,30,0,R0,0.13444,0.06909,-1.86442,2.70416,-0.87543,2.39142,-1.41851,1.12888,95.35298,95.35298,0.0,0.0,0.0,0.0,0.0,0.0,0.06909,2.70416,2.39142,1.12888,-0.68947,-0.68947,1.0,-0.36607,-1.25656,1.0,0.0,,0.0,0.06535,0.06535,0.0
relu,machine-1-6,33,level,W1,30,0,R_all,0.11898,0.11898,1.75431,1.75431,1.74174,1.74174,0.62264,0.62264,0.0,95.35298,106.59759,0.0,0.0,0.0,30.0,0.0,0.06909,2.70416,2.39142,1.12888,0.64875,1.0,0.64875,1.0,1.0,0.0,1.11793,,0.0,0.0,0.04989,0.04989
relu,machine-1-6,33,level,W1,30,0,R_fault,0.11898,0.11898,1.75431,1.75431,1.74174,1.74174,0.62264,0.62264,0.0,95.35298,106.59759,0.0,0.0,0.0,30.0,0.0,0.06909,2.70416,2.39142,1.12888,0.64875,1.0,0.64875,1.0,1.0,0.0,1.11793,,0.0,0.0,0.04989,0.04989
relu,machine-1-6,33,level,W1,30,0,R_fault_rec,0.11898,0.11898,1.75431,1.75431,1.74174,1.74174,0.62264,0.62264,0.0,95.35298,106.59759,0.0,0.0,0.0,30.0,0.0,0.06909,2.70416,2.39142,1.12888,0.64875,1.0,0.64875,1.0,1.0,0.0,1.11793,,0.0,0.0,0.04989,0.04989
relu,machine-1-6,33,level,W1,30,64,R0,0.04997,0.0516,1.39329,3.2552,1.35596,2.76999,1.08508,1.45694,24.46023,24.46023,0.0,0.0,0.0,0.0,0.0,0.0,0.0516,3.2552,2.76999,1.45694,0.42802,0.42802,1.0,0.48952,0.74476,1.0,0.0,,0.0,-0.00163,-0.00163,0.0
relu,machine-1-6,33,level,W1,30,64,R_all,0.04948,0.04997,3.44035,3.29649,2.89474,2.74789,1.58496,1.49358,7.59048,24.46023,9.41501,0.0,0.0,0.0,30.0,0.0,0.0516,3.2552,2.76999,1.45694,1.05688,1.04364,1.01268,1.05344,1.06118,0.31032,0.38491,,0.0,-0.00049,-0.00212,-0.00163
relu,machine-1-6,33,level,W1,30,64,R_fault,0.04948,0.04997,3.44035,3.29649,2.89474,2.74789,1.58496,1.49358,7.59048,24.46023,9.41501,0.0,0.0,0.0,30.0,0.0,0.0516,3.2552,2.76999,1.45694,1.05688,1.04364,1.01268,1.05344,1.06118,0.31032,0.38491,,0.0,-0.00049,-0.00212,-0.00163
relu,machine-1-6,33,level,W1,30,64,R_fault_rec,0.04972,0.04972,3.27344,3.27344,2.73547,2.73547,1.48213,1.48213,0.0,24.46023,11.84434,0.0,0.0,0.0,38.0,0.0,0.0516,3.2552,2.76999,1.45694,1.0056,1.0,1.0056,1.0,1.0,0.0,0.48423,,0.0,0.0,-0.00187,-0.00187
relu,machine-1-6,33,level,W1,38,0,R0,0.08171,0.06698,-0.5016,2.75815,-0.02162,2.35075,-0.46343,1.15143,71.04106,71.04106,0.0,0.0,0.0,0.0,0.0,0.0,0.06698,2.75815,2.35075,1.15143,-0.18186,-0.18186,1.0,-0.0092,-0.40248,1.0,0.0,,0.0,0.01473,0.01473,0.0
relu,machine-1-6,33,level,W1,38,0,R_all,0.11898,0.11898,1.75431,1.75431,1.74174,1.74174,0.62264,0.62264,0.0,71.04106,111.62356,0.0,0.0,0.0,38.0,0.0,0.06698,2.75815,2.35075,1.15143,0.63605,1.0,0.63605,1.0,1.0,0.0,1.57125,,0.0,0.0,0.052,0.052
relu,machine-1-6,33,level,W1,38,0,R_fault,0.06071,0.06087,2.50161,2.71074,2.15962,2.39982,0.99075,1.15277,31.04422,71.04106,34.10265,0.0,0.0,0.0,30.0,0.0,0.06698,2.75815,2.35075,1.15143,0.90699,0.92285,0.98281,0.89991,0.85945,0.43699,0.48004,,0.0,-0.00016,-0.00627,-0.0061
relu,machine-1-6,33,level,W1,38,0,R_fault_rec,0.11898,0.11898,1.75431,1.75431,1.74174,1.74174,0.62264,0.62264,0.0,71.04106,111.62356,0.0,0.0,0.0,38.0,0.0,0.06698,2.75815,2.35075,1.15143,0.63605,1.0,0.63605,1.0,1.0,0.0,1.57125,,0.0,0.0,0.052,0.052
relu,machine-1-6,33,level,W1,38,64,R0,0.04964,0.05037,1.51928,3.33613,1.38576,2.78564,1.13192,1.50359,22.92575,22.92575,0.0,0.0,0.0,0.0,0.0,0.0,0.05037,3.33613,2.78564,1.50359,0.4554,0.4554,1.0,0.49746,0.75281,1.0,0.0,,0.0,-0.00073,-0.00073,0.0
relu,machine-1-6,33,level,W1,38,64,R_all,0.04948,0.04948,3.34168,3.34168,2.75046,2.75046,1.50908,1.50908,0.0,22.92575,10.05809,0.0,0.0,0.0,38.0,0.0,0.05037,3.33613,2.78564,1.50359,1.00166,1.0,1.00166,1.0,1.0,0.0,0.43872,,0.0,0.0,-0.0009,-0.0009
relu,machine-1-6,33,level,W1,38,64,R_fault,0.04932,0.0498,3.52595,3.36432,2.91279,2.75875,1.60566,1.52023,7.18691,22.92575,8.20548,0.0,0.0,0.0,30.0,0.0,0.05037,3.33613,2.78564,1.50359,1.0569,1.04805,1.00845,1.05584,1.05619,0.31349,0.35792,,0.0,-0.00049,-0.00106,-0.00057
relu,machine-1-6,33,level,W1,38,64,R_fault_rec,0.04948,0.04948,3.34168,3.34168,2.75046,2.75046,1.50908,1.50908,0.0,22.92575,10.05809,0.0,0.0,0.0,38.0,0.0,0.05037,3.33613,2.78564,1.50359,1.00166,1.0,1.00166,1.0,1.0,0.0,0.43872,,0.0,0.0,-0.0009,-0.0009
relu,machine-1-6,33,level,W1,46,0,R0,0.06738,0.06812,0.55402,2.84568,0.50791,2.38686,0.51165,1.19648,45.29713,45.29713,0.0,0.0,0.0,0.0,0.0,0.0,0.06812,2.84568,2.38686,1.19648,0.19469,0.19469,1.0,0.2128,0.42763,1.0,0.0,,0.0,-0.00073,-0.00073,0.0
relu,machine-1-6,33,level,W1,46,0,R_all,0.11898,0.11898,1.75431,1.75431,1.74174,1.74174,0.62264,0.62264,0.0,45.29713,116.38346,0.0,0.0,0.0,46.0,0.0,0.06812,2.84568,2.38686,1.19648,0.61648,1.0,0.61648,1.0,1.0,0.0,2.56933,,0.0,0.0,0.05086,0.05086
relu,machine-1-6,33,level,W1,46,0,R_fault,0.05819,0.05859,2.84461,2.82218,2.36803,2.41295,1.23576,1.22658,16.34342,45.29713,26.32506,0.0,0.0,0.0,30.0,0.0,0.06812,2.84568,2.38686,1.19648,0.99963,1.00795,0.99174,0.98138,1.00749,0.3608,0.58116,,0.0,-0.00041,-0.00993,-0.00952
relu,machine-1-6,33,level,W1,46,0,R_fault_rec,0.05851,0.05851,2.82939,2.82939,2.42794,2.42794,1.21794,1.21794,0.0,45.29713,34.64715,0.0,0.0,0.0,38.0,0.0,0.06812,2.84568,2.38686,1.19648,0.99428,1.0,0.99428,1.0,1.0,0.0,0.76489,,0.0,0.0,-0.0096,-0.0096
relu,machine-1-6,33,level,W1,46,64,R0,0.04989,0.05046,1.60918,3.3701,1.45885,2.82831,1.18813,1.53264,21.7645,21.7645,0.0,0.0,0.0,0.0,0.0,0.0,0.05046,3.3701,2.82831,1.53264,0.47749,0.47749,1.0,0.5158,0.77521,1.0,0.0,,0.0,-0.00057,-0.00057,0.0
relu,machine-1-6,33,level,W1,46,64,R_all,0.05094,0.05094,3.39578,3.39578,2.81522,2.81522,1.54141,1.54141,0.0,21.7645,10.94416,0.0,0.0,0.0,46.0,0.0,0.05046,3.3701,2.82831,1.53264,1.00762,1.0,1.00762,1.0,1.0,0.0,0.50284,,0.0,0.0,0.00049,0.00049
relu,machine-1-6,33,level,W1,46,64,R_fault,0.04964,0.05005,3.59078,3.38703,2.96286,2.80618,1.633,1.53989,6.9621,21.7645,7.29536,0.0,0.0,0.0,30.0,0.0,0.05046,3.3701,2.82831,1.53264,1.06548,1.06016,1.00502,1.05583,1.06046,0.31988,0.3352,,0.0,-0.00041,-0.00081,-0.00041
relu,machine-1-6,33,level,W1,46,64,R_fault_rec,0.0498,0.0498,3.37085,3.37085,2.79473,2.79473,1.53511,1.53511,0.0,21.7645,9.02702,0.0,0.0,0.0,38.0,0.0,0.05046,3.3701,2.82831,1.53264,1.00022,1.0,1.00022,1.0,1.0,0.0,0.41476,,0.0,0.0,-0.00065,-0.00065
relu,machine-1-6,33,level,W2_f0995,30,0,R0,0.01693,0.01261,0.90911,1.80021,1.00104,1.78881,0.03535,0.61256,21.57365,21.57365,0.0,4145.79718,4145.79718,0.0,0.0,0.0,0.01261,1.80021,1.78881,0.61256,0.505,0.505,1.0,0.55961,0.05772,1.0,0.0,1.0,0.0,0.00431,0.00431,0.0
relu,machine-1-6,33,level,W2_f0995,30,0,R_all,0.04508,0.04508,1.53852,1.53852,1.59589,1.59589,0.49438,0.49438,0.0,21.57365,29.14236,0.0,4145.79718,0.0,30.0,0.0,0.01261,1.80021,1.78881,0.61256,0.85463,1.0,0.85463,1.0,1.0,0.0,1.35083,0.0,0.0,0.0,0.03247,0.03247
relu,machine-1-6,33,level,W2_f0995,30,0,R_fault,0.04508,0.04508,1.53852,1.53852,1.59589,1.59589,0.49438,0.49438,0.0,21.57365,29.14236,0.0,4145.79718,0.0,30.0,0.0,0.01261,1.80021,1.78881,0.61256,0.85463,1.0,0.85463,1.0,1.0,0.0,1.35083,0.0,0.0,0.0,0.03247,0.03247
relu,machine-1-6,33,level,W2_f0995,30,0,R_fault_rec,0.04508,0.04508,1.53852,1.53852,1.59589,1.59589,0.49438,0.49438,0.0,21.57365,29.14236,0.0,4145.79718,0.0,30.0,0.0,0.01261,1.80021,1.78881,0.61256,0.85463,1.0,0.85463,1.0,1.0,0.0,1.35083,0.0,0.0,0.0,0.03247,0.03247
relu,machine-1-6,33,level,W2_f0995,30,64,R0,0.014,0.01294,1.68946,2.32167,1.63822,2.18703,0.43214,0.8711,14.43202,14.43202,0.0,3162.82661,3162.82661,0.0,0.0,0.0,0.01294,2.32167,2.18703,0.8711,0.72769,0.72769,1.0,0.74906,0.49609,1.0,0.0,1.0,0.0,0.00106,0.00106,0.0
relu,machine-1-6,33,level,W2_f0995,30,64,R_all,0.01204,0.01204,2.19895,2.21238,2.10674,2.11602,0.80474,0.81406,0.35665,14.43202,13.13927,348.84928,3162.82661,5.74409,30.0,0.0,0.01294,2.32167,2.18703,0.8711,0.94714,0.99393,0.95293,0.99561,0.98855,0.02471,0.91043,0.1103,0.39801,0.0,-0.0009,-0.0009
relu,machine-1-6,33,level,W2_f0995,30,64,R_fault,0.01204,0.01204,2.19895,2.21238,2.10674,2.11602,0.80474,0.81406,0.35665,14.43202,13.13927,348.84928,3162.82661,5.74409,30.0,0.0,0.01294,2.32167,2.18703,0.8711,0.94714,0.99393,0.95293,0.99561,0.98855,0.02471,0.91043,0.1103,0.39801,0.0,-0.0009,-0.0009
relu,machine-1-6,33,level,W2_f0995,30,64,R_fault_rec,0.01156,0.01156,2.16993,2.16993,2.08577,2.08577,0.7928,0.7928,0.0,14.43202,17.44102,0.0,3162.82661,6.99337,38.0,0.0,0.01294,2.32167,2.18703,0.8711,0.93465,1.0,0.93465,1.0,1.0,0.0,1.2085,0.0,0.48457,0.0,-0.00138,-0.00138
relu,machine-1-6,33,level,W2_f0995,38,0,R0,0.01392,0.01229,0.99001,1.86582,1.06878,1.8386,0.06935,0.64277,20.62258,20.62258,0.0,4187.77039,4187.77039,0.0,0.0,0.0,0.01229,1.86582,1.8386,0.64277,0.5306,0.5306,1.0,0.5813,0.1079,1.0,0.0,1.0,0.0,0.00163,0.00163,0.0
relu,machine-1-6,33,level,W2_f0995,38,0,R_all,0.04508,0.04508,1.53852,1.53852,1.59589,1.59589,0.49438,0.49438,0.0,20.62258,35.812,0.0,4187.77039,0.0,38.0,0.0,0.01229,1.86582,1.8386,0.64277,0.82458,1.0,0.82458,1.0,1.0,0.0,1.73654,0.0,0.0,0.0,0.0328,0.0328
relu,machine-1-6,33,level,W2_f0995,38,0,R_fault,0.02767,0.02596,1.58958,1.63145,1.63317,1.66562,0.50765,0.53566,0.7471,20.62258,26.12493,461.89718,4187.77039,1.24768,30.0,0.0,0.01229,1.86582,1.8386,0.64277,0.85195,0.97433,0.87439,0.98052,0.94771,0.03623,1.26681,0.1103,0.0605,0.00171,0.01538,0.01367
relu,machine-1-6,33,level,W2_f0995,38,0,R_fault_rec,0.04508,0.04508,1.53852,1.53852,1.59589,1.59589,0.49438,0.49438,0.0,20.62258,35.812,0.0,4187.77039,0.0,38.0,0.0,0.01229,1.86582,1.8386,0.64277,0.82458,1.0,0.82458,1.0,1.0,0.0,1.73654,0.0,0.0,0.0,0.0328,0.0328
relu,machine-1-6,33,level,W2_f0995,38,64,R0,0.01408,0.01359,1.77816,2.38309,1.70673,2.23081,0.48019,0.90388,13.7426,13.7426,0.0,3038.50552,3038.50552,0.0,0.0,0.0,0.01359,2.38309,2.23081,0.90388,0.74616,0.74616,1.0,0.76507,0.53126,1.0,0.0,1.0,0.0,0.00049,0.00049,0.0
relu,machine-1-6,33,level,W2_f0995,38,64,R_all,0.01188,0.01188,2.24762,2.24762,2.14259,2.14259,0.83245,0.83245,0.0,13.7426,15.95932,0.0,3038.50552,7.33918,38.0,0.0,0.01359,2.38309,2.23081,0.90388,0.94316,1.0,0.94316,1.0,1.0,0.0,1.1613,0.0,0.53405,0.0,-0.00171,-0.00171
relu,machine-1-6,33,level,W2_f0995,38,64,R_fault,0.01237,0.01261,2.27425,2.28568,2.16155,2.16924,0.84396,0.85195,0.32597,13.7426,12.06452,335.13708,3038.50552,5.95723,30.0,0.0,0.01359,2.38309,2.23081,0.90388,0.95433,0.995,0.95913,0.99646,0.99062,0.02372,0.87789,0.1103,0.43349,-0.00024,-0.00122,-0.00098
relu,machine-1-6,33,level,W2_f0995,38,64,R_fault_rec,0.01188,0.01188,2.24762,2.24762,2.14259,2.14259,0.83245,0.83245,0.0,13.7426,15.95932,0.0,3038.50552,7.33918,38.0,0.0,0.01359,2.38309,2.23081,0.90388,0.94316,1.0,0.94316,1.0,1.0,0.0,1.1613,0.0,0.53405,0.0,-0.00171,-0.00171
relu,machine-1-6,33,level,W2_f0995,46,0,R0,0.0131,0.01204,1.09777,1.93156,1.15673,1.88887,0.1237,0.67365,19.56465,19.56465,0.0,4023.16188,4023.16188,0.0,0.0,0.0,0.01204,1.93156,1.88887,0.67365,0.56833,0.56833,1.0,0.6124,0.18363,1.0,0.0,1.0,0.0,0.00106,0.00106,0.0
relu,machine-1-6,33,level,W2_f0995,46,0,R_all,0.04508,0.04508,1.53852,1.53852,1.59589,1.59589,0.49438,0.49438,0.0,19.56465,42.09716,0.0,4023.16188,0.0,46.0,0.0,0.01204,1.93156,1.88887,0.67365,0.79652,1.0,0.79652,1.0,1.0,0.0,2.1517,0.0,0.0,0.0,0.03304,0.03304
relu,machine-1-6,33,level,W2_f0995,46,0,R_fault,0.01742,0.01709,1.6857,1.72123,1.70713,1.73448,0.55228,0.57614,0.66504,19.56465,23.48803,443.7414,4023.16188,2.33436,30.0,0.0,0.01204,1.93156,1.88887,0.67365,0.87272,0.97936,0.89111,0.98423,0.95858,0.03399,1.20053,0.1103,0.11932,0.00033,0.00537,0.00505
relu,machine-1-6,33,level,W2_f0995,46,0,R_fault_rec,0.02474,0.02474,1.63884,1.63884,1.67209,1.67209,0.5392,0.5392,0.0,19.56465,32.01992,0.0,4023.16188,1.7021,38.0,0.0,0.01204,1.93156,1.88887,0.67365,0.84845,1.0,0.84845,1.0,1.0,0.0,1.63662,0.0,0.087,0.0,0.0127,0.0127
relu,machine-1-6,33,level,W2_f0995,46,64,R0,0.01522,0.01449,1.8669,2.44552,1.77562,2.27621,0.52949,0.93823,13.08628,13.08628,0.0,2919.07111,2919.07111,0.0,0.0,0.0,0.01449,2.44552,2.27621,0.93823,0.7634,0.7634,1.0,0.78008,0.56435,1.0,0.0,1.0,0.0,0.00073,0.00073,0.0
relu,machine-1-6,33,level,W2_f0995,46,64,R_all,0.01221,0.01221,2.28428,2.28428,2.17066,2.17066,0.85236,0.85236,0.0,13.08628,18.56605,0.0,2919.07111,8.92894,46.0,0.0,0.01449,2.44552,2.27621,0.93823,0.93406,1.0,0.93406,1.0,1.0,0.0,1.41874,0.0,0.68231,0.0,-0.00228,-0.00228
relu,machine-1-6,33,level,W2_f0995,46,64,R_fault,0.0127,0.0127,2.34954,2.35925,2.21697,2.22328,0.88446,0.89129,0.29865,13.08628,11.11716,321.96386,2919.07111,6.09978,30.0,0.0,0.01449,2.44552,2.27621,0.93823,0.96075,0.99589,0.96472,0.99716,0.99234,0.02282,0.84953,0.1103,0.46612,0.0,-0.00179,-0.00179
relu,machine-1-6,33,level,W2_f0995,46,64,R_fault_rec,0.01261,0.01261,2.32531,2.32531,2.19995,2.19995,0.87353,0.87353,0.0,13.08628,14.6558,0.0,2919.07111,7.58141,38.0,0.0,0.01449,2.44552,2.27621,0.93823,0.95084,1.0,0.95084,1.0,1.0,0.0,1.11994,0.0,0.57934,0.0,-0.00187,-0.00187
relu,machine-1-6,33,level,W3_b01,30,0,R0,0.04053,0.0109,-2.44424,3.01011,-1.85315,2.62296,-2.04986,1.27584,107.31612,107.31612,0.0,150.38347,150.38347,0.0,0.0,30.0,0.0109,3.01011,2.62296,1.27584,-0.81201,-0.81201,1.0,-0.70651,-1.60667,1.0,0.0,1.0,0.0,0.02962,0.02962,0.0
relu,machine-1-6,33,level,W3_b01,30,0,R_all,0.09049,0.09049,1.46524,1.46524,1.47023,1.47023,0.43043,0.43043,0.0,107.31612,138.43152,0.0,150.38347,0.0,30.0,0.0,0.0109,3.01011,2.62296,1.27584,0.48677,1.0,0.48677,1.0,1.0,0.0,1.28994,0.0,0.0,0.0,0.07959,0.07959
relu,machine-1-6,33,level,W3_b01,30,0,R_fault,0.09049,0.09049,1.46524,1.46524,1.47023,1.47023,0.43043,0.43043,0.0,107.31612,138.43152,0.0,150.38347,0.0,30.0,0.0,0.0109,3.01011,2.62296,1.27584,0.48677,1.0,0.48677,1.0,1.0,0.0,1.28994,0.0,0.0,0.0,0.07959,0.07959
relu,machine-1-6,33,level,W3_b01,30,0,R_fault_rec,0.09049,0.09049,1.46524,1.46524,1.47023,1.47023,0.43043,0.43043,0.0,107.31612,138.43152,0.0,150.38347,0.0,30.0,0.0,0.0109,3.01011,2.62296,1.27584,0.48677,1.0,0.48677,1.0,1.0,0.0,1.28994,0.0,0.0,0.0,0.07959,0.07959
relu,machine-1-6,33,level,W3_b01,30,64,R0,0.01286,0.01204,3.05694,3.3975,2.6477,2.95259,1.39149,1.54638,8.6295,8.6295,0.0,75.04071,75.04071,0.0,0.0,94.0,0.01204,3.3975,2.95259,1.54638,0.89976,0.89976,1.0,0.89674,0.89984,1.0,0.0,1.0,0.0,0.00081,0.00081,0.0
relu,machine-1-6,33,level,W3_b01,30,64,R_all,0.01139,0.01107,3.38149,3.39776,2.93867,2.94843,1.55294,1.54755,3.46856,8.6295,4.6426,36.30886,75.04071,0.0,30.0,64.0,0.01204,3.3975,2.95259,1.54638,0.99529,0.99521,1.00008,0.99669,1.00348,0.40194,0.53799,0.48386,0.0,0.00033,-0.00065,-0.00098
relu,machine-1-6,33,level,W3_b01,30,64,R_fault,0.01139,0.01107,3.38149,3.39776,2.93867,2.94843,1.55294,1.54755,3.46856,8.6295,4.6426,36.30886,75.04071,0.0,30.0,64.0,0.01204,3.3975,2.95259,1.54638,0.99529,0.99521,1.00008,0.99669,1.00348,0.40194,0.53799,0.48386,0.0,0.00033,-0.00065,-0.00098
relu,machine-1-6,33,level,W3_b01,30,64,R_fault_rec,0.01107,0.01107,3.39869,3.39869,2.94987,2.94987,1.54819,1.54819,0.0,8.6295,5.15713,0.0,75.04071,0.0,38.0,56.0,0.01204,3.3975,2.95259,1.54638,1.00035,1.0,1.00035,1.0,1.0,0.0,0.59762,0.0,0.0,0.0,-0.00098,-0.00098
relu,machine-1-6,33,level,W3_b01,38,0,R0,0.01619,0.01123,0.25483,3.05804,0.39945,2.68808,-0.7776,1.3062,56.29447,56.29447,0.0,99.95433,99.95433,0.0,0.0,38.0,0.01123,3.05804,2.68808,1.3062,0.08333,0.08333,1.0,0.1486,-0.59532,1.0,0.0,1.0,0.0,0.00496,0.00496,0.0
relu,machine-1-6,33,level,W3_b01,38,0,R_all,0.09049,0.09049,1.46524,1.46524,1.47023,1.47023,0.43043,0.43043,0.0,56.29447,142.47071,0.0,99.95433,0.0,38.0,0.0,0.01123,3.05804,2.68808,1.3062,0.47914,1.0,0.47914,1.0,1.0,0.0,2.53081,0.0,0.0,0.0,0.07926,0.07926
relu,machine-1-6,33,level,W3_b01,38,0,R_fault,0.01025,0.00977,2.11578,2.48595,2.00613,2.29184,0.65222,0.92596,11.2739,56.29447,62.79638,38.89271,99.95433,0.0,30.0,8.0,0.01123,3.05804,2.68808,1.3062,0.69188,0.8511,0.81292,0.87533,0.70437,0.20027,1.1155,0.3891,0.0,0.00049,-0.00098,-0.00146
relu,machine-1-6,33,level,W3_b01,38,0,R_fault_rec,0.09049,0.09049,1.46524,1.46524,1.47023,1.47023,0.43043,0.43043,0.0,56.29447,142.47071,0.0,99.95433,0.0,38.0,0.0,0.01123,3.05804,2.68808,1.3062,0.47914,1.0,0.47914,1.0,1.0,0.0,2.53081,0.0,0.0,0.0,0.07926,0.07926
relu,machine-1-6,33,level,W3_b01,38,64,R0,0.01261,0.01172,3.09917,3.43975,2.65357,2.95805,1.41005,1.56654,8.54602,8.54602,0.0,74.96976,74.96976,0.0,0.0,102.0,0.01172,3.43975,2.95805,1.56654,0.90099,0.90099,1.0,0.89707,0.9001,1.0,0.0,1.0,0.0,0.0009,0.0009,0.0
relu,machine-1-6,33,level,W3_b01,38,64,R_all,0.01107,0.01107,3.4395,3.4395,2.95451,2.95451,1.5676,1.5676,0.0,8.54602,5.03645,0.0,74.96976,0.0,38.0,64.0,0.01172,3.43975,2.95805,1.56654,0.99993,1.0,0.99993,1.0,1.0,0.0,0.58933,0.0,0.0,0.0,-0.00065,-0.00065
relu,machine-1-6,33,level,W3_b01,38,64,R_fault,0.01147,0.01107,3.42055,3.43866,2.94132,2.95267,1.57035,1.56673,3.37968,8.54602,4.57596,36.27225,74.96976,0.0,30.0,72.0,0.01172,3.43975,2.95805,1.56654,0.99442,0.99474,0.99968,0.99616,1.00231,0.39547,0.53545,0.48383,0.0,0.00041,-0.00024,-0.00065
relu,machine-1-6,33,level,W3_b01,38,64,R_fault_rec,0.01107,0.01107,3.4395,3.4395,2.95451,2.95451,1.5676,1.5676,0.0,8.54602,5.03645,0.0,74.96976,0.0,38.0,64.0,0.01172,3.43975,2.95805,1.56654,0.99993,1.0,0.99993,1.0,1.0,0.0,0.58933,0.0,0.0,0.0,-0.00065,-0.00065
relu,machine-1-6,33,level,W3_b01,46,0,R0,0.01294,0.01107,1.78371,3.12484,1.62143,2.74207,0.34125,1.34485,27.65944,27.65944,0.0,81.18032,81.18032,0.0,0.0,46.0,0.01107,3.12484,2.74207,1.34485,0.57082,0.57082,1.0,0.59132,0.25374,1.0,0.0,1.0,0.0,0.00187,0.00187,0.0
relu,machine-1-6,33,level,W3_b01,46,0,R_all,0.09049,0.09049,1.46524,1.46524,1.47023,1.47023,0.43043,0.43043,0.0,27.65944,145.02728,0.0,81.18032,0.0,46.0,0.0,0.01107,3.12484,2.74207,1.34485,0.4689,1.0,0.4689,1.0,1.0,0.0,5.24332,0.0,0.0,0.0,0.07943,0.07943
relu,machine-1-6,33,level,W3_b01,46,0,R_fault,0.00928,0.00903,2.79682,2.97473,2.50245,2.63503,1.08599,1.22488,6.35041,27.65944,28.75718,36.99909,81.18032,0.0,30.0,16.0,0.01107,3.12484,2.74207,1.34485,0.89503,0.94019,0.95196,0.94968,0.88661,0.22959,1.03969,0.45576,0.0,0.00024,-0.00179,-0.00203
relu,machine-1-6,33,level,W3_b01,46,0,R_fault_rec,0.00944,0.00944,2.53556,2.53556,2.32387,2.32387,0.95184,0.95184,0.0,27.65944,64.50015,0.0,81.18032,0.0,38.0,8.0,0.01107,3.12484,2.74207,1.34485,0.81142,1.0,0.81142,1.0,1.0,0.0,2.33194,0.0,0.0,0.0,-0.00163,-0.00163
relu,machine-1-6,33,level,W3_b01,46,64,R0,0.01286,0.01164,3.15303,3.50133,2.68487,2.995,1.4394,1.60292,8.48872,8.48872,0.0,74.91404,74.91404,0.0,0.0,110.0,0.01164,3.50133,2.995,1.60292,0.90052,0.90052,1.0,0.89645,0.89799,1.0,0.0,1.0,0.0,0.00122,0.00122,0.0
relu,machine-1-6,33,level,W3_b01,46,64,R_all,0.01115,0.01115,3.50258,3.50258,2.99165,2.99165,1.60464,1.60464,0.0,8.48872,5.77279,0.0,74.91404,0.0,46.0,64.0,0.01164,3.50133,2.995,1.60292,1.00036,1.0,1.00036,1.0,1.0,0.0,0.68005,0.0,0.0,0.0,-0.00049,-0.00049
relu,machine-1-6,33,level,W3_b01,46,64,R_fault,0.01156,0.01123,3.48044,3.50195,2.9769,2.99054,1.60472,1.60411,3.36271,8.48872,4.51527,36.24917,74.91404,0.0,30.0,80.0,0.01164,3.50133,2.995,1.60292,0.99403,0.99386,1.00018,0.99544,1.00038,0.39614,0.53191,0.48388,0.0,0.00033,-8e-05,-0.00041
relu,machine-1-6,33,level,W3_b01,46,64,R_fault_rec,0.01131,0.01131,3.50281,3.50281,2.99298,2.99298,1.6049,1.6049,0.0,8.48872,5.00633,0.0,74.91404,0.0,38.0,72.0,0.01164,3.50133,2.995,1.60292,1.00042,1.0,1.00042,1.0,1.0,0.0,0.58976,0.0,0.0,0.0,-0.00033,-0.00033
relu,machine-1-6,33,level,W3_b05,30,0,R0,0.02238,0.01375,-3.50594,2.96459,-2.82079,2.16328,-2.6575,1.23575,158.15526,158.15526,0.0,212.64318,212.64318,0.0,0.0,30.0,0.01375,2.96459,2.16328,1.23575,-1.18261,-1.18261,1.0,-1.30394,-2.15052,1.0,0.0,1.0,0.0,0.00863,0.00863,0.0
relu,machine-1-6,33,level,W3_b05,30,0,R_all,0.0638,0.0638,0.91236,0.91236,0.92643,0.92643,0.18537,0.18537,0.0,158.15526,232.42127,0.0,212.64318,0.0,30.0,0.0,0.01375,2.96459,2.16328,1.23575,0.30775,1.0,0.30775,1.0,1.0,0.0,1.46958,0.0,0.0,0.0,0.05005,0.05005
relu,machine-1-6,33,level,W3_b05,30,0,R_fault,0.0638,0.0638,0.91236,0.91236,0.92643,0.92643,0.18537,0.18537,0.0,158.15526,232.42127,0.0,212.64318,0.0,30.0,0.0,0.01375,2.96459,2.16328,1.23575,0.30775,1.0,0.30775,1.0,1.0,0.0,1.46958,0.0,0.0,0.0,0.05005,0.05005
relu,machine-1-6,33,level,W3_b05,30,0,R_fault_rec,0.0638,0.0638,0.91236,0.91236,0.92643,0.92643,0.18537,0.18537,0.0,158.15526,232.42127,0.0,212.64318,0.0,30.0,0.0,0.01375,2.96459,2.16328,1.23575,0.30775,1.0,0.30775,1.0,1.0,0.0,1.46958,0.0,0.0,0.0,0.05005,0.05005
relu,machine-1-6,33,level,W3_b05,30,64,R0,0.05713,0.05713,3.8287,3.41256,2.88998,2.55176,1.76069,1.5139,11.01446,11.01446,0.0,109.30301,109.30301,0.0,0.0,94.0,0.05713,3.41256,2.55176,1.5139,1.12194,1.12194,1.0,1.13254,1.16302,1.0,0.0,1.0,0.0,0.0,0.0,0.0
relu,machine-1-6,33,level,W3_b05,30,64,R_all,0.04964,0.04964,3.50935,3.41761,2.65005,2.54956,1.62933,1.51956,13.58331,11.01446,10.75965,134.716,109.30301,0.0,30.0,64.0,0.05713,3.41256,2.55176,1.5139,1.02836,1.02684,1.00148,1.03941,1.07224,1.23323,0.97687,1.2325,0.0,0.0,-0.00749,-0.00749
relu,machine-1-6,33,level,W3_b05,30,64,R_fault,0.04964,0.04964,3.50935,3.41761,2.65005,2.54956,1.62933,1.51956,13.58331,11.01446,10.75965,134.716,109.30301,0.0,30.0,64.0,0.05713,3.41256,2.55176,1.5139,1.02836,1.02684,1.00148,1.03941,1.07224,1.23323,0.97687,1.2325,0.0,0.0,-0.00749,-0.00749
relu,machine-1-6,33,level,W3_b05,30,64,R_fault_rec,0.0498,0.0498,3.43688,3.43688,2.56523,2.56523,1.53127,1.53127,0.0,11.01446,12.31047,0.0,109.30301,0.0,38.0,56.0,0.05713,3.41256,2.55176,1.5139,1.00713,1.0,1.00713,1.0,1.0,0.0,1.11766,0.0,0.0,0.0,-0.00732,-0.00732
relu,machine-1-6,33,level,W3_b05,38,0,R0,0.01652,0.0144,2.67525,2.96462,1.95049,2.20325,0.88752,1.20991,34.4399,34.4399,0.0,117.96928,117.96928,0.0,0.0,38.0,0.0144,2.96462,2.20325,1.20991,0.90239,0.90239,1.0,0.88528,0.73354,1.0,0.0,1.0,0.0,0.00212,0.00212,0.0
relu,machine-1-6,33,level,W3_b05,38,0,R_all,0.0638,0.0638,0.91236,0.91236,0.92643,0.92643,0.18537,0.18537,0.0,34.4399,239.22068,0.0,117.96928,0.0,38.0,0.0,0.0144,2.96462,2.20325,1.20991,0.30775,1.0,0.30775,1.0,1.0,0.0,6.94603,0.0,0.0,0.0,0.0494,0.0494
relu,machine-1-6,33,level,W3_b05,38,0,R_fault,0.00806,0.00846,2.55076,2.91536,1.88503,2.17618,0.90118,1.17761,32.41171,34.4399,15.74334,141.63823,117.96928,0.0,30.0,8.0,0.0144,2.96462,2.20325,1.20991,0.8604,0.87494,0.98338,0.86621,0.76526,0.94111,0.45712,1.20064,0.0,-0.00041,-0.00635,-0.00594
relu,machine-1-6,33,level,W3_b05,38,0,R_fault_rec,0.0638,0.0638,0.91236,0.91236,0.92643,0.92643,0.18537,0.18537,0.0,34.4399,239.22068,0.0,117.96928,0.0,38.0,0.0,0.0144,2.96462,2.20325,1.20991,0.30775,1.0,0.30775,1.0,1.0,0.0,6.94603,0.0,0.0,0.0,0.0494,0.0494
relu,machine-1-6,33,level,W3_b05,38,64,R0,0.01473,0.01473,4.01404,3.61149,2.93756,2.62688,1.85322,1.62413,10.95112,10.95112,0.0,109.07106,109.07106,0.0,0.0,102.0,0.01473,3.61149,2.62688,1.62413,1.11146,1.11146,1.0,1.11827,1.14105,1.0,0.0,1.0,0.0,0.0,0.0,0.0
relu,machine-1-6,33,level,W3_b05,38,64,R_all,0.0092,0.0092,3.62789,3.62789,2.63468,2.63468,1.64067,1.64067,0.0,10.95112,12.41044,0.0,109.07106,0.0,38.0,64.0,0.01473,3.61149,2.62688,1.62413,1.00454,1.0,1.00454,1.0,1.0,0.0,1.13326,0.0,0.0,0.0,-0.00553,-0.00553
relu,machine-1-6,33,level,W3_b05,38,64,R_fault,0.00879,0.00887,3.63434,3.61163,2.6535,2.6109,1.67133,1.62844,13.29121,10.95112,10.84346,134.41202,109.07106,0.0,30.0,72.0,0.01473,3.61149,2.62688,1.62413,1.00633,1.00629,1.00004,1.01632,1.02634,1.21368,0.99017,1.23233,0.0,-8e-05,-0.00594,-0.00586
relu,machine-1-6,33,level,W3_b05,38,64,R_fault_rec,0.0092,0.0092,3.62789,3.62789,2.63468,2.63468,1.64067,1.64067,0.0,10.95112,12.41044,0.0,109.07106,0.0,38.0,64.0,0.01473,3.61149,2.62688,1.62413,1.00454,1.0,1.00454,1.0,1.0,0.0,1.13326,0.0,0.0,0.0,-0.00553,-0.00553
relu,machine-1-6,33,level,W3_b05,46,0,R0,0.01131,0.01164,3.47404,3.06554,2.66282,2.33584,1.46555,1.24084,12.79125,12.79125,0.0,111.24367,111.24367,0.0,0.0,46.0,0.01164,3.06554,2.33584,1.24084,1.13325,1.13325,1.0,1.13998,1.18109,1.0,0.0,1.0,0.0,-0.00033,-0.00033,0.0
relu,machine-1-6,33,level,W3_b05,46,0,R_all,0.0638,0.0638,0.91236,0.91236,0.92643,0.92643,0.18537,0.18537,0.0,12.79125,237.99145,0.0,111.24367,0.0,46.0,0.0,0.01164,3.06554,2.33584,1.24084,0.29762,1.0,0.29762,1.0,1.0,0.0,18.60579,0.0,0.0,0.0,0.05216,0.05216
relu,machine-1-6,33,level,W3_b05,46,0,R_fault,0.00749,0.00765,3.11201,3.02665,2.38268,2.3069,1.29292,1.2207,14.92024,12.79125,13.75644,136.95672,111.24367,0.0,30.0,16.0,0.01164,3.06554,2.33584,1.24084,1.01516,1.0282,0.98731,1.03285,1.05916,1.16644,1.07546,1.23114,0.0,-0.00016,-0.00415,-0.00399
relu,machine-1-6,33,level,W3_b05,46,0,R_fault_rec,0.00806,0.00806,3.05027,3.05027,2.32845,2.32845,1.23785,1.23785,0.0,12.79125,16.24329,0.0,111.24367,0.0,38.0,8.0,0.01164,3.06554,2.33584,1.24084,0.99502,1.0,0.99502,1.0,1.0,0.0,1.26987,0.0,0.0,0.0,-0.00358,-0.00358
relu,machine-1-6,33,level,W3_b05,46,64,R0,0.01693,0.01725,4.10349,3.68672,2.97587,2.6481,1.89597,1.65742,10.88637,10.88637,0.0,108.84078,108.84078,0.0,0.0,110.0,0.01725,3.68672,2.6481,1.65742,1.11305,1.11305,1.0,1.12378,1.14393,1.0,0.0,1.0,0.0,-0.00033,-0.00033,0.0
relu,machine-1-6,33,level,W3_b05,46,64,R_all,0.01074,0.01074,3.69269,3.69269,2.64878,2.64878,1.66211,1.66211,0.0,10.88637,11.8384,0.0,108.84078,0.0,46.0,64.0,0.01725,3.68672,2.6481,1.65742,1.00162,1.0,1.00162,1.0,1.0,0.0,1.08745,0.0,0.0,0.0,-0.00651,-0.00651
relu,machine-1-6,33,level,W3_b05,46,64,R_fault,0.00977,0.00952,3.66132,3.68349,2.63943,2.63103,1.65436,1.65586,13.33475,10.88637,10.41295,134.15976,108.84078,0.0,30.0,80.0,0.01725,3.68672,2.6481,1.65742,0.99311,0.99398,0.99912,1.00319,0.99909,1.2249,0.95651,1.23262,0.0,0.00024,-0.00749,-0.00773
relu,machine-1-6,33,level,W3_b05,46,64,R_fault_rec,0.00993,0.00993,3.70038,3.70038,2.65473,2.65473,1.66744,1.66744,0.0,10.88637,11.86568,0.0,108.84078,0.0,38.0,72.0,0.01725,3.68672,2.6481,1.65742,1.00371,1.0,1.00371,1.0,1.0,0.0,1.08996,0.0,0.0,0.0,-0.00732,-0.00732
relu,machine-1-6,33,ramp,W1,30,0,R0,0.18424,0.13672,-0.50111,2.85763,0.12689,2.46535,-0.35744,1.24036,72.63016,72.63016,0.0,0.0,0.0,0.0,0.0,0.0,0.13672,2.85763,2.46535,1.24036,-0.17536,-0.17536,1.0,0.05147,-0.28817,1.0,0.0,,0.0,0.04753,0.04753,0.0
relu,machine-1-6,33,ramp,W1,30,0,R_all,0.19214,0.19214,2.49986,2.49986,2.22209,2.22209,1.05457,1.05457,0.0,72.63016,61.0627,0.0,0.0,0.0,30.0,0.0,0.13672,2.85763,2.46535,1.24036,0.8748,1.0,0.8748,1.0,1.0,0.0,0.84073,,0.0,0.0,0.05542,0.05542
relu,machine-1-6,33,ramp,W1,30,0,R_fault,0.19214,0.19214,2.49986,2.49986,2.22209,2.22209,1.05457,1.05457,0.0,72.63016,61.0627,0.0,0.0,0.0,30.0,0.0,0.13672,2.85763,2.46535,1.24036,0.8748,1.0,0.8748,1.0,1.0,0.0,0.84073,,0.0,0.0,0.05542,0.05542
relu,machine-1-6,33,ramp,W1,30,0,R_fault_rec,0.19214,0.19214,2.49986,2.49986,2.22209,2.22209,1.05457,1.05457,0.0,72.63016,61.0627,0.0,0.0,0.0,30.0,0.0,0.13672,2.85763,2.46535,1.24036,0.8748,1.0,0.8748,1.0,1.0,0.0,0.84073,,0.0,0.0,0.05542,0.05542
relu,machine-1-6,33,ramp,W1,30,64,R0,0.12622,0.12402,1.46075,3.30445,1.37536,2.57427,1.08324,1.5991,22.97424,22.97424,0.0,0.0,0.0,0.0,0.0,0.0,0.12402,3.30445,2.57427,1.5991,0.44206,0.44206,1.0,0.53427,0.67741,1.0,0.0,,0.0,0.0022,0.0022,0.0
relu,machine-1-6,33,ramp,W1,30,64,R_all,0.12386,0.12378,3.31197,3.29643,2.75261,2.61769,1.55387,1.59063,8.52984,22.97424,6.54621,0.0,0.0,0.0,30.0,0.0,0.12402,3.30445,2.57427,1.5991,1.00228,1.00471,0.99757,1.05154,0.97689,0.37128,0.28494,,0.0,8e-05,-0.00016,-0.00024
relu,machine-1-6,33,ramp,W1,30,64,R_fault,0.12386,0.12378,3.31197,3.29643,2.75261,2.61769,1.55387,1.59063,8.52984,22.97424,6.54621,0.0,0.0,0.0,30.0,0.0,0.12402,3.30445,2.57427,1.5991,1.00228,1.00471,0.99757,1.05154,0.97689,0.37128,0.28494,,0.0,8e-05,-0.00016,-0.00024
relu,machine-1-6,33,ramp,W1,30,64,R_fault_rec,0.12313,0.12313,3.29359,3.29359,2.62212,2.62212,1.58609,1.58609,0.0,22.97424,8.90595,0.0,0.0,0.0,38.0,0.0,0.12402,3.30445,2.57427,1.5991,0.99671,1.0,0.99671,1.0,1.0,0.0,0.38765,,0.0,0.0,-0.0009,-0.0009
relu,machine-1-6,33,ramp,W1,38,0,R0,0.14974,0.12606,0.12397,2.91725,0.61313,2.49864,-0.01635,1.26107,60.51624,60.51624,0.0,0.0,0.0,0.0,0.0,0.0,0.12606,2.91725,2.49864,1.26107,0.0425,0.0425,1.0,0.24539,-0.01296,1.0,0.0,,0.0,0.02368,0.02368,0.0
relu,machine-1-6,33,ramp,W1,38,0,R_all,0.19214,0.19214,2.49986,2.49986,2.22209,2.22209,1.05457,1.05457,0.0,60.51624,65.41205,0.0,0.0,0.0,38.0,0.0,0.12606,2.91725,2.49864,1.26107,0.85692,1.0,0.85692,1.0,1.0,0.0,1.0809,,0.0,0.0,0.06608,0.06608
relu,machine-1-6,33,ramp,W1,38,0,R_fault,0.12826,0.11898,2.56506,2.96328,2.38037,2.56283,0.93446,1.29643,28.05323,60.51624,23.19691,0.0,0.0,0.0,30.0,0.0,0.12606,2.91725,2.49864,1.26107,0.87927,0.86562,1.01578,0.9288,0.72079,0.46357,0.38332,,0.0,0.00928,0.0022,-0.00708
relu,machine-1-6,33,ramp,W1,38,0,R_fault_rec,0.19214,0.19214,2.49986,2.49986,2.22209,2.22209,1.05457,1.05457,0.0,60.51624,65.41205,0.0,0.0,0.0,38.0,0.0,0.12606,2.91725,2.49864,1.26107,0.85692,1.0,0.85692,1.0,1.0,0.0,1.0809,,0.0,0.0,0.06608,0.06608
relu,machine-1-6,33,ramp,W1,38,64,R0,0.11971,0.11865,1.59563,3.40383,1.54156,2.75264,1.18133,1.66988,20.41521,20.41521,0.0,0.0,0.0,0.0,0.0,0.0,0.11865,3.40383,2.75264,1.66988,0.46878,0.46878,1.0,0.56003,0.70743,1.0,0.0,,0.0,0.00106,0.00106,0.0
relu,machine-1-6,33,ramp,W1,38,64,R_all,0.11776,0.11776,3.38726,3.38726,2.75607,2.75607,1.64184,1.64184,0.0,20.41521,6.62298,0.0,0.0,0.0,38.0,0.0,0.11865,3.40383,2.75264,1.66988,0.99513,1.0,0.99513,1.0,1.0,0.0,0.32441,,0.0,0.0,-0.0009,-0.0009
relu,machine-1-6,33,ramp,W1,38,64,R_fault,0.11873,0.11833,3.43094,3.37577,2.90434,2.75109,1.63229,1.63439,7.67366,20.41521,4.78152,0.0,0.0,0.0,30.0,0.0,0.11865,3.40383,2.75264,1.66988,1.00796,1.01634,0.99176,1.0557,0.99871,0.37588,0.23421,,0.0,0.00041,8e-05,-0.00033
relu,machine-1-6,33,ramp,W1,38,64,R_fault_rec,0.11776,0.11776,3.38726,3.38726,2.75607,2.75607,1.64184,1.64184,0.0,20.41521,6.62298,0.0,0.0,0.0,38.0,0.0,0.11865,3.40383,2.75264,1.66988,0.99513,1.0,0.99513,1.0,1.0,0.0,0.32441,,0.0,0.0,-0.0009,-0.0009
relu,machine-1-6,33,ramp,W1,46,0,R0,0.13802,0.1241,0.81978,2.97438,0.98704,2.57842,0.57648,1.29237,41.81076,41.81076,0.0,0.0,0.0,0.0,0.0,0.0,0.1241,2.97438,2.57842,1.29237,0.27561,0.27561,1.0,0.38281,0.44606,1.0,0.0,,0.0,0.01392,0.01392,0.0
relu,machine-1-6,33,ramp,W1,46,0,R_all,0.19214,0.19214,2.49986,2.49986,2.22209,2.22209,1.05457,1.05457,0.0,41.81076,67.35624,0.0,0.0,0.0,46.0,0.0,0.1241,2.97438,2.57842,1.29237,0.84046,1.0,0.84046,1.0,1.0,0.0,1.61098,,0.0,0.0,0.06803,0.06803
relu,machine-1-6,33,ramp,W1,46,0,R_fault,0.15072,0.14494,2.77996,3.02764,2.47128,2.56904,1.18655,1.38336,16.99245,41.81076,20.7752,0.0,0.0,0.0,30.0,0.0,0.1241,2.97438,2.57842,1.29237,0.93463,0.91819,1.01791,0.96195,0.85773,0.40641,0.49689,,0.0,0.00578,0.02661,0.02083
relu,machine-1-6,33,ramp,W1,46,0,R_fault_rec,0.16528,0.16528,2.95398,2.95398,2.55197,2.55197,1.30101,1.30101,0.0,41.81076,31.81811,0.0,0.0,0.0,38.0,0.0,0.1241,2.97438,2.57842,1.29237,0.99314,1.0,0.99314,1.0,1.0,0.0,0.761,,0.0,0.0,0.04118,0.04118
relu,machine-1-6,33,ramp,W1,46,64,R0,0.10889,0.10767,1.62511,3.43878,1.58003,2.74078,1.20765,1.67974,18.9563,18.9563,0.0,0.0,0.0,0.0,0.0,0.0,0.10767,3.43878,2.74078,1.67974,0.47258,0.47258,1.0,0.57649,0.71895,1.0,0.0,,0.0,0.00122,0.00122,0.0
relu,machine-1-6,33,ramp,W1,46,64,R_all,0.10856,0.10856,3.41238,3.41238,2.72089,2.72089,1.64321,1.64321,0.0,18.9563,6.82524,0.0,0.0,0.0,46.0,0.0,0.10767,3.43878,2.74078,1.67974,0.99232,1.0,0.99232,1.0,1.0,0.0,0.36005,,0.0,0.0,0.0009,0.0009
relu,machine-1-6,33,ramp,W1,46,64,R_fault,0.10815,0.10734,3.44838,3.38095,2.9258,2.73627,1.63441,1.62147,7.08339,18.9563,3.75264,0.0,0.0,0.0,30.0,0.0,0.10767,3.43878,2.74078,1.67974,1.00279,1.01994,0.98318,1.06927,1.00798,0.37367,0.19796,,0.0,0.00081,0.00049,-0.00033
relu,machine-1-6,33,ramp,W1,46,64,R_fault_rec,0.10815,0.10815,3.39236,3.39236,2.73703,2.73703,1.62541,1.62541,0.0,18.9563,5.17326,0.0,0.0,0.0,38.0,0.0,0.10767,3.43878,2.74078,1.67974,0.9865,1.0,0.9865,1.0,1.0,0.0,0.2729,,0.0,0.0,0.00049,0.00049
relu,machine-1-6,33,ramp,W2_f0995,30,0,R0,0.07699,0.07479,1.50614,2.3272,1.46192,2.1742,0.39229,0.94413,21.34792,21.34792,0.0,3990.45733,3990.45733,0.0,0.0,0.0,0.07479,2.3272,2.1742,0.94413,0.64719,0.64719,1.0,0.67239,0.4155,1.0,0.0,1.0,0.0,0.0022,0.0022,0.0
relu,machine-1-6,33,ramp,W2_f0995,30,0,R_all,0.10588,0.10588,2.17488,2.17488,2.06132,2.06132,0.87347,0.87347,0.0,21.34792,20.59849,0.0,3990.45733,0.0,30.0,0.0,0.07479,2.3272,2.1742,0.94413,0.93455,1.0,0.93455,1.0,1.0,0.0,0.96489,0.0,0.0,0.0,0.03109,0.03109
relu,machine-1-6,33,ramp,W2_f0995,30,0,R_fault,0.10588,0.10588,2.17488,2.17488,2.06132,2.06132,0.87347,0.87347,0.0,21.34792,20.59849,0.0,3990.45733,0.0,30.0,0.0,0.07479,2.3272,2.1742,0.94413,0.93455,1.0,0.93455,1.0,1.0,0.0,0.96489,0.0,0.0,0.0,0.03109,0.03109
relu,machine-1-6,33,ramp,W2_f0995,30,0,R_fault_rec,0.10588,0.10588,2.17488,2.17488,2.06132,2.06132,0.87347,0.87347,0.0,21.34792,20.59849,0.0,3990.45733,0.0,30.0,0.0,0.07479,2.3272,2.1742,0.94413,0.93455,1.0,0.93455,1.0,1.0,0.0,0.96489,0.0,0.0,0.0,0.03109,0.03109
relu,machine-1-6,33,ramp,W2_f0995,30,64,R0,0.04102,0.04215,2.07115,2.64992,1.9108,2.39789,0.69766,1.10535,14.47947,14.47947,0.0,3005.98126,3005.98126,0.0,0.0,0.0,0.04215,2.64992,2.39789,1.10535,0.78159,0.78159,1.0,0.79687,0.63117,1.0,0.0,1.0,0.0,-0.00114,-0.00114,0.0
relu,machine-1-6,33,ramp,W2_f0995,30,64,R_all,0.0481,0.04793,2.58382,2.5933,2.35743,2.36388,1.06896,1.07571,0.22227,14.47947,9.45486,288.40623,3005.98126,4.35663,30.0,0.0,0.04215,2.64992,2.39789,1.10535,0.97506,0.99635,0.97863,0.99727,0.99372,0.01535,0.65298,0.09594,0.30088,0.00016,0.00594,0.00578
relu,machine-1-6,33,ramp,W2_f0995,30,64,R_fault,0.0481,0.04793,2.58382,2.5933,2.35743,2.36388,1.06896,1.07571,0.22227,14.47947,9.45486,288.40623,3005.98126,4.35663,30.0,0.0,0.04215,2.64992,2.39789,1.10535,0.97506,0.99635,0.97863,0.99727,0.99372,0.01535,0.65298,0.09594,0.30088,0.00016,0.00594,0.00578
relu,machine-1-6,33,ramp,W2_f0995,30,64,R_fault_rec,0.05176,0.05176,2.57039,2.57039,2.3482,2.3482,1.06458,1.06458,0.0,14.47947,12.5145,0.0,3005.98126,5.31298,38.0,0.0,0.04215,2.64992,2.39789,1.10535,0.96999,1.0,0.96999,1.0,1.0,0.0,0.86429,0.0,0.36693,0.0,0.0096,0.0096
relu,machine-1-6,33,ramp,W2_f0995,38,0,R0,0.06982,0.06722,1.56409,2.36537,1.51342,2.20302,0.41838,0.96153,20.36013,20.36013,0.0,3980.09783,3980.09783,0.0,0.0,0.0,0.06722,2.36537,2.20302,0.96153,0.66125,0.66125,1.0,0.68698,0.43512,1.0,0.0,1.0,0.0,0.0026,0.0026,0.0
relu,machine-1-6,33,ramp,W2_f0995,38,0,R_all,0.10588,0.10588,2.17488,2.17488,2.06132,2.06132,0.87347,0.87347,0.0,20.36013,25.38459,0.0,3980.09783,0.0,38.0,0.0,0.06722,2.36537,2.20302,0.96153,0.91947,1.0,0.91947,1.0,1.0,0.0,1.24678,0.0,0.0,0.0,0.03866,0.03866
relu,machine-1-6,33,ramp,W2_f0995,38,0,R_fault,0.09302,0.09253,2.19888,2.22862,2.08089,2.10335,0.87646,0.89705,0.47308,20.36013,18.50109,381.86698,3980.09783,0.93219,30.0,0.0,0.06722,2.36537,2.20302,0.96153,0.92962,0.98666,0.94219,0.98932,0.97705,0.02324,0.90869,0.09594,0.04579,0.00049,0.0258,0.02531
relu,machine-1-6,33,ramp,W2_f0995,38,0,R_fault_rec,0.10588,0.10588,2.17488,2.17488,2.06132,2.06132,0.87347,0.87347,0.0,20.36013,25.38459,0.0,3980.09783,0.0,38.0,0.0,0.06722,2.36537,2.20302,0.96153,0.91947,1.0,0.91947,1.0,1.0,0.0,1.24678,0.0,0.0,0.0,0.03866,0.03866
relu,machine-1-6,33,ramp,W2_f0995,38,64,R0,0.04077,0.04175,2.13662,2.6904,1.96094,2.42557,0.73478,1.1272,13.8126,13.8126,0.0,2887.82529,2887.82529,0.0,0.0,0.0,0.04175,2.6904,2.42557,1.1272,0.79416,0.79416,1.0,0.80844,0.65186,1.0,0.0,1.0,0.0,-0.00098,-0.00098,0.0
relu,machine-1-6,33,ramp,W2_f0995,38,64,R_all,0.05037,0.05037,2.62146,2.62146,2.38431,2.38431,1.09131,1.09131,0.0,13.8126,11.46506,0.0,2887.82529,5.59873,38.0,0.0,0.04175,2.6904,2.42557,1.1272,0.97438,1.0,0.97438,1.0,1.0,0.0,0.83004,0.0,0.40534,0.0,0.00863,0.00863
relu,machine-1-6,33,ramp,W2_f0995,38,64,R_fault,0.04663,0.04655,2.63346,2.64152,2.39227,2.39762,1.09542,1.10119,0.20251,13.8126,8.69842,277.06986,2887.82529,4.53832,30.0,0.0,0.04175,2.6904,2.42557,1.1272,0.97883,0.99695,0.98183,0.99777,0.99476,0.01466,0.62974,0.09594,0.32856,8e-05,0.00488,0.0048
relu,machine-1-6,33,ramp,W2_f0995,38,64,R_fault_rec,0.05037,0.05037,2.62146,2.62146,2.38431,2.38431,1.09131,1.09131,0.0,13.8126,11.46506,0.0,2887.82529,5.59873,38.0,0.0,0.04175,2.6904,2.42557,1.1272,0.97438,1.0,0.97438,1.0,1.0,0.0,0.83004,0.0,0.40534,0.0,0.00863,0.00863
relu,machine-1-6,33,ramp,W2_f0995,46,0,R0,0.06185,0.06274,1.64145,2.40431,1.57722,2.23185,0.46076,0.98035,19.36817,19.36817,0.0,3823.6523,3823.6523,0.0,0.0,0.0,0.06274,2.40431,2.23185,0.98035,0.68271,0.68271,1.0,0.70669,0.47,1.0,0.0,1.0,0.0,-0.0009,-0.0009,0.0
relu,machine-1-6,33,ramp,W2_f0995,46,0,R_all,0.10588,0.10588,2.17488,2.17488,2.06132,2.06132,0.87347,0.87347,0.0,19.36817,29.92563,0.0,3823.6523,0.0,46.0,0.0,0.06274,2.40431,2.23185,0.98035,0.90458,1.0,0.90458,1.0,1.0,0.0,1.54509,0.0,0.0,0.0,0.04313,0.04313
relu,machine-1-6,33,ramp,W2_f0995,46,0,R_fault,0.08309,0.08244,2.25688,2.28217,2.12571,2.14458,0.90437,0.92195,0.42036,19.36817,16.70093,366.85695,3823.6523,1.72981,30.0,0.0,0.06274,2.40431,2.23185,0.98035,0.93868,0.98892,0.9492,0.9912,0.98094,0.0217,0.86229,0.09594,0.08931,0.00065,0.02035,0.01969
relu,machine-1-6,33,ramp,W2_f0995,46,0,R_fault_rec,0.09229,0.09229,2.2343,2.2343,2.10766,2.10766,0.90061,0.90061,0.0,19.36817,22.77431,0.0,3823.6523,1.27809,38.0,0.0,0.06274,2.40431,2.23185,0.98035,0.92929,1.0,0.92929,1.0,1.0,0.0,1.17586,0.0,0.06599,0.0,0.02954,0.02954
relu,machine-1-6,33,ramp,W2_f0995,46,64,R0,0.04036,0.0411,2.2019,2.73185,2.01072,2.45405,0.77206,1.14989,13.16984,13.16984,0.0,2774.31366,2774.31366,0.0,0.0,0.0,0.0411,2.73185,2.45405,1.14989,0.80601,0.80601,1.0,0.81935,0.67142,1.0,0.0,1.0,0.0,-0.00073,-0.00073,0.0
relu,machine-1-6,33,ramp,W2_f0995,46,64,R_all,0.05078,0.05078,2.65091,2.65091,2.40642,2.40642,1.10714,1.10714,0.0,13.16984,13.31925,0.0,2774.31366,6.87038,46.0,0.0,0.0411,2.73185,2.45405,1.14989,0.97037,1.0,0.97037,1.0,1.0,0.0,1.01134,0.0,0.52168,0.0,0.00968,0.00968
relu,machine-1-6,33,ramp,W2_f0995,46,64,R_fault,0.04484,0.04476,2.68333,2.69015,2.42725,2.43165,1.12245,1.12734,0.18522,13.16984,8.02934,266.17908,2774.31366,4.67407,30.0,0.0,0.0411,2.73185,2.45405,1.14989,0.98224,0.99746,0.98473,0.99819,0.99566,0.01406,0.60968,0.09594,0.35491,8e-05,0.00374,0.00366
relu,machine-1-6,33,ramp,W2_f0995,46,64,R_fault_rec,0.04801,0.04801,2.67274,2.67274,2.42051,2.42051,1.11866,1.11866,0.0,13.16984,10.53929,0.0,2774.31366,5.81834,38.0,0.0,0.0411,2.73185,2.45405,1.14989,0.97836,1.0,0.97836,1.0,1.0,0.0,0.80026,0.0,0.44179,0.0,0.00692,0.00692
relu,machine-1-6,33,ramp,W3_b01,30,0,R0,0.09245,0.05583,-2.08658,3.19544,-1.25151,2.70219,-1.84083,1.45186,106.84788,106.84788,0.0,148.25515,148.25515,0.0,0.0,30.0,0.05583,3.19544,2.70219,1.45186,-0.65299,-0.65299,1.0,-0.46315,-1.26791,1.0,0.0,1.0,0.0,0.03662,0.03662,0.0
relu,machine-1-6,33,ramp,W3_b01,30,0,R_all,0.13786,0.13786,2.35589,2.35589,2.14553,2.14553,0.97987,0.97987,0.0,106.84788,91.29499,0.0,148.25515,0.0,30.0,0.0,0.05583,3.19544,2.70219,1.45186,0.73727,1.0,0.73727,1.0,1.0,0.0,0.85444,0.0,0.0,0.0,0.08203,0.08203
relu,machine-1-6,33,ramp,W3_b01,30,0,R_fault,0.13786,0.13786,2.35589,2.35589,2.14553,2.14553,0.97987,0.97987,0.0,106.84788,91.29499,0.0,148.25515,0.0,30.0,0.0,0.05583,3.19544,2.70219,1.45186,0.73727,1.0,0.73727,1.0,1.0,0.0,0.85444,0.0,0.0,0.0,0.08203,0.08203
relu,machine-1-6,33,ramp,W3_b01,30,0,R_fault_rec,0.13786,0.13786,2.35589,2.35589,2.14553,2.14553,0.97987,0.97987,0.0,106.84788,91.29499,0.0,148.25515,0.0,30.0,0.0,0.05583,3.19544,2.70219,1.45186,0.73727,1.0,0.73727,1.0,1.0,0.0,0.85444,0.0,0.0,0.0,0.08203,0.08203
relu,machine-1-6,33,ramp,W3_b01,30,64,R0,0.04826,0.04614,3.02304,3.47497,2.54464,2.95906,1.38459,1.64371,9.00204,9.00204,0.0,66.0564,66.0564,0.0,0.0,94.0,0.04614,3.47497,2.95906,1.64371,0.86995,0.86995,1.0,0.85995,0.84236,1.0,0.0,1.0,0.0,0.00212,0.00212,0.0
relu,machine-1-6,33,ramp,W3_b01,30,64,R_all,0.0472,0.04631,3.40194,3.4635,2.88062,2.95102,1.59308,1.63288,3.78364,9.00204,3.48659,27.55687,66.0564,0.0,30.0,64.0,0.04614,3.47497,2.95906,1.64371,0.97898,0.98223,0.9967,0.97614,0.97563,0.42031,0.38731,0.41717,0.0,0.0009,0.00106,0.00016
relu,machine-1-6,33,ramp,W3_b01,30,64,R_fault,0.0472,0.04631,3.40194,3.4635,2.88062,2.95102,1.59308,1.63288,3.78364,9.00204,3.48659,27.55687,66.0564,0.0,30.0,64.0,0.04614,3.47497,2.95906,1.64371,0.97898,0.98223,0.9967,0.97614,0.97563,0.42031,0.38731,0.41717,0.0,0.0009,0.00106,0.00016
relu,machine-1-6,33,ramp,W3_b01,30,64,R_fault_rec,0.04647,0.04647,3.4634,3.4634,2.95313,2.95313,1.6322,1.6322,0.0,9.00204,3.75652,0.0,66.0564,0.0,38.0,56.0,0.04614,3.47497,2.95906,1.64371,0.99667,1.0,0.99667,1.0,1.0,0.0,0.4173,0.0,0.0,0.0,0.00033,0.00033
relu,machine-1-6,33,ramp,W3_b01,38,0,R0,0.05745,0.05526,0.46232,3.26209,0.6983,2.76379,-0.615,1.48821,56.82253,56.82253,0.0,94.9742,94.9742,0.0,0.0,38.0,0.05526,3.26209,2.76379,1.48821,0.14173,0.14173,1.0,0.25266,-0.41325,1.0,0.0,1.0,0.0,0.0022,0.0022,0.0
relu,machine-1-6,33,ramp,W3_b01,38,0,R_all,0.13786,0.13786,2.35589,2.35589,2.14553,2.14553,0.97987,0.97987,0.0,56.82253,95.15201,0.0,94.9742,0.0,38.0,0.0,0.05526,3.26209,2.76379,1.48821,0.7222,1.0,0.7222,1.0,1.0,0.0,1.67455,0.0,0.0,0.0,0.0826,0.0826
relu,machine-1-6,33,ramp,W3_b01,38,0,R_fault,0.04989,0.05151,2.71839,2.96835,2.38468,2.57246,1.1031,1.30208,10.50631,56.82253,42.36259,30.68796,94.9742,0.0,30.0,8.0,0.05526,3.26209,2.76379,1.48821,0.83333,0.91579,0.90995,0.92701,0.84719,0.1849,0.74552,0.32312,0.0,-0.00163,-0.00537,-0.00374
relu,machine-1-6,33,ramp,W3_b01,38,0,R_fault_rec,0.13786,0.13786,2.35589,2.35589,2.14553,2.14553,0.97987,0.97987,0.0,56.82253,95.15201,0.0,94.9742,0.0,38.0,0.0,0.05526,3.26209,2.76379,1.48821,0.7222,1.0,0.7222,1.0,1.0,0.0,1.67455,0.0,0.0,0.0,0.0826,0.0826
relu,machine-1-6,33,ramp,W3_b01,38,64,R0,0.05973,0.05737,3.11511,3.55638,2.6036,3.00893,1.44365,1.69509,8.8891,8.8891,0.0,65.95272,65.95272,0.0,0.0,102.0,0.05737,3.55638,3.00893,1.69509,0.87592,0.87592,1.0,0.86529,0.85167,1.0,0.0,1.0,0.0,0.00236,0.00236,0.0
relu,machine-1-6,33,ramp,W3_b01,38,64,R_all,0.05754,0.05754,3.54459,3.54459,3.00387,3.00387,1.68324,1.68324,0.0,8.8891,3.85908,0.0,65.95272,0.0,38.0,64.0,0.05737,3.55638,3.00893,1.69509,0.99669,1.0,0.99669,1.0,1.0,0.0,0.43414,0.0,0.0,0.0,0.00016,0.00016
relu,machine-1-6,33,ramp,W3_b01,38,64,R_fault,0.059,0.05721,3.48675,3.54492,2.93415,3.00156,1.64692,1.6842,3.74571,8.8891,3.53148,27.50038,65.95272,0.0,30.0,72.0,0.05737,3.55638,3.00893,1.69509,0.98042,0.98359,0.99678,0.97754,0.97787,0.42138,0.39728,0.41697,0.0,0.00179,0.00163,-0.00016
relu,machine-1-6,33,ramp,W3_b01,38,64,R_fault_rec,0.05754,0.05754,3.54459,3.54459,3.00387,3.00387,1.68324,1.68324,0.0,8.8891,3.85908,0.0,65.95272,0.0,38.0,64.0,0.05737,3.55638,3.00893,1.69509,0.99669,1.0,0.99669,1.0,1.0,0.0,0.43414,0.0,0.0,0.0,0.00016,0.00016
relu,machine-1-6,33,ramp,W3_b01,46,0,R0,0.05444,0.0542,1.90122,3.31251,1.71231,2.81046,0.44573,1.52272,29.11259,29.11259,0.0,73.85257,73.85257,0.0,0.0,46.0,0.0542,3.31251,2.81046,1.52272,0.57395,0.57395,1.0,0.60926,0.29272,1.0,0.0,1.0,0.0,0.00024,0.00024,0.0
relu,machine-1-6,33,ramp,W3_b01,46,0,R_all,0.13786,0.13786,2.35589,2.35589,2.14553,2.14553,0.97987,0.97987,0.0,29.11259,97.50449,0.0,73.85257,0.0,46.0,0.0,0.0542,3.31251,2.81046,1.52272,0.71121,1.0,0.71121,1.0,1.0,0.0,3.34922,0.0,0.0,0.0,0.08366,0.08366
relu,machine-1-6,33,ramp,W3_b01,46,0,R_fault,0.05103,0.05103,3.05982,3.20762,2.61773,2.73686,1.32595,1.44707,6.16264,29.11259,20.27469,28.37775,73.85257,0.0,30.0,16.0,0.0542,3.31251,2.81046,1.52272,0.92372,0.95392,0.96834,0.95647,0.9163,0.21168,0.69642,0.38425,0.0,0.0,-0.00317,-0.00317
relu,machine-1-6,33,ramp,W3_b01,46,0,R_fault_rec,0.05021,0.05021,2.9771,2.9771,2.58734,2.58734,1.31177,1.31177,0.0,29.11259,44.67767,0.0,73.85257,0.0,38.0,8.0,0.0542,3.31251,2.81046,1.52272,0.89875,1.0,0.89875,1.0,1.0,0.0,1.53465,0.0,0.0,0.0,-0.00399,-0.00399
relu,machine-1-6,33,ramp,W3_b01,46,64,R0,0.05249,0.05029,3.17898,3.62304,2.67541,3.08406,1.48011,1.73529,8.7246,8.7246,0.0,65.87175,65.87175,0.0,0.0,110.0,0.05029,3.62304,3.08406,1.73529,0.87744,0.87744,1.0,0.86749,0.85294,1.0,0.0,1.0,0.0,0.0022,0.0022,0.0
relu,machine-1-6,33,ramp,W3_b01,46,64,R_all,0.05037,0.05037,3.60899,3.60899,3.07882,3.07882,1.72123,1.72123,0.0,8.7246,4.30156,0.0,65.87175,0.0,46.0,64.0,0.05029,3.62304,3.08406,1.73529,0.99612,1.0,0.99612,1.0,1.0,0.0,0.49304,0.0,0.0,0.0,8e-05,8e-05
relu,machine-1-6,33,ramp,W3_b01,46,64,R_fault,0.05168,0.05062,3.55468,3.61179,3.01103,3.07729,1.68771,1.72462,3.71034,8.7246,3.53957,27.45961,65.87175,0.0,30.0,80.0,0.05029,3.62304,3.08406,1.73529,0.98113,0.98419,0.9969,0.97847,0.9786,0.42527,0.4057,0.41686,0.0,0.00106,0.00138,0.00033
relu,machine-1-6,33,ramp,W3_b01,46,64,R_fault_rec,0.05054,0.05054,3.61132,3.61132,3.07948,3.07948,1.72331,1.72331,0.0,8.7246,3.93343,0.0,65.87175,0.0,38.0,72.0,0.05029,3.62304,3.08406,1.73529,0.99677,1.0,0.99677,1.0,1.0,0.0,0.45084,0.0,0.0,0.0,0.00024,0.00024
relu,machine-1-6,33,ramp,W3_b05,30,0,R0,0.01107,0.00765,-3.52095,2.98115,-2.31455,2.42701,-2.65298,1.29056,158.18026,158.18026,0.0,220.62824,220.62824,0.0,0.0,30.0,0.00765,2.98115,2.42701,1.29056,-1.18107,-1.18107,1.0,-0.95366,-2.05568,1.0,0.0,1.0,0.0,0.00342,0.00342,0.0
relu,machine-1-6,33,ramp,W3_b05,30,0,R_all,0.05412,0.05412,1.71059,1.71059,1.64035,1.64035,0.63121,0.63121,0.0,158.18026,186.97109,0.0,220.62824,0.0,30.0,0.0,0.00765,2.98115,2.42701,1.29056,0.5738,1.0,0.5738,1.0,1.0,0.0,1.18201,0.0,0.0,0.0,0.04647,0.04647
relu,machine-1-6,33,ramp,W3_b05,30,0,R_fault,0.05412,0.05412,1.71059,1.71059,1.64035,1.64035,0.63121,0.63121,0.0,158.18026,186.97109,0.0,220.62824,0.0,30.0,0.0,0.00765,2.98115,2.42701,1.29056,0.5738,1.0,0.5738,1.0,1.0,0.0,1.18201,0.0,0.0,0.0,0.04647,0.04647
relu,machine-1-6,33,ramp,W3_b05,30,0,R_fault_rec,0.05412,0.05412,1.71059,1.71059,1.64035,1.64035,0.63121,0.63121,0.0,158.18026,186.97109,0.0,220.62824,0.0,30.0,0.0,0.00765,2.98115,2.42701,1.29056,0.5738,1.0,0.5738,1.0,1.0,0.0,1.18201,0.0,0.0,0.0,0.04647,0.04647
relu,machine-1-6,33,ramp,W3_b05,30,64,R0,0.04932,0.04801,3.75973,3.41557,3.078,2.79776,1.84499,1.66795,13.70373,13.70373,0.0,113.10879,113.10879,0.0,0.0,94.0,0.04801,3.41557,2.79776,1.66795,1.10076,1.10076,1.0,1.10017,1.10614,1.0,0.0,1.0,0.0,0.0013,0.0013,0.0
relu,machine-1-6,33,ramp,W3_b05,30,64,R_all,0.05501,0.05021,3.30884,3.40389,2.56339,2.77469,1.59207,1.652,16.7621,13.70373,11.7859,114.66475,113.10879,0.0,30.0,64.0,0.04801,3.41557,2.79776,1.66795,0.96875,0.97208,0.99658,0.92385,0.96372,1.22318,0.86005,1.01376,0.0,0.0048,0.007,0.0022
relu,machine-1-6,33,ramp,W3_b05,30,64,R_fault,0.05501,0.05021,3.30884,3.40389,2.56339,2.77469,1.59207,1.652,16.7621,13.70373,11.7859,114.66475,113.10879,0.0,30.0,64.0,0.04801,3.41557,2.79776,1.66795,0.96875,0.97208,0.99658,0.92385,0.96372,1.22318,0.86005,1.01376,0.0,0.0048,0.007,0.0022
relu,machine-1-6,33,ramp,W3_b05,30,64,R_fault_rec,0.04476,0.04476,3.40619,3.40619,2.79109,2.79109,1.6502,1.6502,0.0,13.70373,12.77355,0.0,113.10879,0.0,38.0,56.0,0.04801,3.41557,2.79776,1.66795,0.99725,1.0,0.99725,1.0,1.0,0.0,0.93212,0.0,0.0,0.0,-0.00326,-0.00326
relu,machine-1-6,33,ramp,W3_b05,38,0,R0,0.00863,0.00814,2.85258,3.22378,2.45456,2.61094,0.95805,1.41837,33.09037,33.09037,0.0,122.23737,122.23737,0.0,0.0,38.0,0.00814,3.22378,2.61094,1.41837,0.88486,0.88486,1.0,0.94011,0.67546,1.0,0.0,1.0,0.0,0.00049,0.00049,0.0
relu,machine-1-6,33,ramp,W3_b05,38,0,R_all,0.05412,0.05412,1.71059,1.71059,1.64035,1.64035,0.63121,0.63121,0.0,33.09037,191.41949,0.0,122.23737,0.0,38.0,0.0,0.00814,3.22378,2.61094,1.41837,0.53062,1.0,0.53062,1.0,1.0,0.0,5.78475,0.0,0.0,0.0,0.04598,0.04598
relu,machine-1-6,33,ramp,W3_b05,38,0,R_fault,0.00895,0.00838,2.69161,3.22248,2.19614,2.59778,0.95264,1.40423,31.46182,33.09037,14.91221,122.60241,122.23737,0.0,30.0,8.0,0.00814,3.22378,2.61094,1.41837,0.83492,0.83526,0.9996,0.84539,0.67841,0.95078,0.45065,1.00299,0.0,0.00057,0.00081,0.00024
relu,machine-1-6,33,ramp,W3_b05,38,0,R_fault_rec,0.05412,0.05412,1.71059,1.71059,1.64035,1.64035,0.63121,0.63121,0.0,33.09037,191.41949,0.0,122.23737,0.0,38.0,0.0,0.00814,3.22378,2.61094,1.41837,0.53062,1.0,0.53062,1.0,1.0,0.0,5.78475,0.0,0.0,0.0,0.04598,0.04598
relu,machine-1-6,33,ramp,W3_b05,38,64,R0,0.01335,0.01294,4.21846,3.8212,3.32595,3.00274,2.1052,1.88509,13.86999,13.86999,0.0,112.55491,112.55491,0.0,0.0,102.0,0.01294,3.8212,3.00274,1.88509,1.10396,1.10396,1.0,1.10764,1.11676,1.0,0.0,1.0,0.0,0.00041,0.00041,0.0
relu,machine-1-6,33,ramp,W3_b05,38,64,R_all,0.00887,0.00887,3.80153,3.80153,2.99213,2.99213,1.8592,1.8592,0.0,13.86999,13.84622,0.0,112.55491,0.0,38.0,64.0,0.01294,3.8212,3.00274,1.88509,0.99485,1.0,0.99485,1.0,1.0,0.0,0.99829,0.0,0.0,0.0,-0.00407,-0.00407
relu,machine-1-6,33,ramp,W3_b05,38,64,R_fault,0.01343,0.0105,3.71961,3.80336,2.77447,2.97662,1.81456,1.86632,16.33917,13.86999,11.2208,113.97713,112.55491,0.0,30.0,72.0,0.01294,3.8212,3.00274,1.88509,0.97341,0.97798,0.99533,0.93209,0.97227,1.17802,0.809,1.01264,0.0,0.00293,0.00049,-0.00244
relu,machine-1-6,33,ramp,W3_b05,38,64,R_fault_rec,0.00887,0.00887,3.80153,3.80153,2.99213,2.99213,1.8592,1.8592,0.0,13.86999,13.84622,0.0,112.55491,0.0,38.0,64.0,0.01294,3.8212,3.00274,1.88509,0.99485,1.0,0.99485,1.0,1.0,0.0,0.99829,0.0,0.0,0.0,-0.00407,-0.00407
relu,machine-1-6,33,ramp,W3_b05,46,0,R0,0.00741,0.00741,3.65531,3.28739,3.00954,2.69166,1.668,1.49407,15.45803,15.45803,0.0,115.55232,115.55232,0.0,0.0,46.0,0.00741,3.28739,2.69166,1.49407,1.11192,1.11192,1.0,1.1181,1.11641,1.0,0.0,1.0,0.0,0.0,0.0,0.0
relu,machine-1-6,33,ramp,W3_b05,46,0,R_all,0.05412,0.05412,1.71059,1.71059,1.64035,1.64035,0.63121,0.63121,0.0,15.45803,195.75174,0.0,115.55232,0.0,46.0,0.0,0.00741,3.28739,2.69166,1.49407,0.52035,1.0,0.52035,1.0,1.0,0.0,12.66343,0.0,0.0,0.0,0.04671,0.04671
relu,machine-1-6,33,ramp,W3_b05,46,0,R_fault,0.01025,0.00757,3.14249,3.26412,2.46238,2.66443,1.3647,1.46733,17.36399,15.45803,13.30767,116.76227,115.55232,0.0,30.0,16.0,0.00741,3.28739,2.69166,1.49407,0.95592,0.96274,0.99292,0.92417,0.93006,1.1233,0.86089,1.01047,0.0,0.00269,0.00285,0.00016
relu,machine-1-6,33,ramp,W3_b05,46,0,R_fault_rec,0.00749,0.00749,3.28103,3.28103,2.68625,2.68625,1.47417,1.47417,0.0,15.45803,16.80998,0.0,115.55232,0.0,38.0,8.0,0.00741,3.28739,2.69166,1.49407,0.99807,1.0,0.99807,1.0,1.0,0.0,1.08746,0.0,0.0,0.0,8e-05,8e-05
relu,machine-1-6,33,ramp,W3_b05,46,64,R0,0.00838,0.00798,4.2375,3.85844,3.45558,3.14422,2.09303,1.89072,12.87032,12.87032,0.0,112.22087,112.22087,0.0,0.0,110.0,0.00798,3.85844,3.14422,1.89072,1.09824,1.09824,1.0,1.09903,1.107,1.0,0.0,1.0,0.0,0.00041,0.00041,0.0
relu,machine-1-6,33,ramp,W3_b05,46,64,R_all,0.00798,0.00798,3.80446,3.80446,3.10893,3.10893,1.84022,1.84022,0.0,12.87032,12.68232,0.0,112.22087,0.0,46.0,64.0,0.00798,3.85844,3.14422,1.89072,0.98601,1.0,0.98601,1.0,1.0,0.0,0.98539,0.0,0.0,0.0,0.0,0.0
relu,machine-1-6,33,ramp,W3_b05,46,64,R_fault,0.01139,0.00798,3.73286,3.83553,2.89955,3.11238,1.79996,1.86985,15.55901,12.87032,10.50707,113.66064,112.22087,0.0,30.0,80.0,0.00798,3.85844,3.14422,1.89072,0.96745,0.97323,0.99406,0.93162,0.96262,1.20891,0.81638,1.01283,0.0,0.00342,0.00342,0.0
relu,machine-1-6,33,ramp,W3_b05,46,64,R_fault_rec,0.00798,0.00798,3.8265,3.8265,3.12591,3.12591,1.85663,1.85663,0.0,12.87032,12.36864,0.0,112.22087,0.0,38.0,72.0,0.00798,3.85844,3.14422,1.89072,0.99172,1.0,0.99172,1.0,1.0,0.0,0.96102,0.0,0.0,0.0,0.0,0.0
relu,machine-2-7,11,level,W1,30,0,R0,0.33464,0.14478,-2.58972,3.16763,-1.91387,2.81458,-2.00094,1.40449,111.05519,111.05519,0.0,0.0,0.0,0.0,0.0,0.0,0.14478,3.16763,2.81458,1.40449,-0.81756,-0.81756,1.0,-0.67998,-1.42467,1.0,0.0,,0.0,0.18986,0.18986,0.0
relu,machine-2-7,11,level,W1,30,0,R_all,0.34334,0.34334,2.05481,2.05481,1.99464,1.99464,0.80849,0.80849,0.0,111.05519,128.91507,0.0,0.0,0.0,30.0,0.0,0.14478,3.16763,2.81458,1.40449,0.64869,1.0,0.64869,1.0,1.0,0.0,1.16082,,0.0,0.0,0.19857,0.19857
relu,machine-2-7,11,level,W1,30,0,R_fault,0.34334,0.34334,2.05481,2.05481,1.99464,1.99464,0.80849,0.80849,0.0,111.05519,128.91507,0.0,0.0,0.0,30.0,0.0,0.14478,3.16763,2.81458,1.40449,0.64869,1.0,0.64869,1.0,1.0,0.0,1.16082,,0.0,0.0,0.19857,0.19857
relu,machine-2-7,11,level,W1,30,0,R_fault_rec,0.34334,0.34334,2.05481,2.05481,1.99464,1.99464,0.80849,0.80849,0.0,111.05519,128.91507,0.0,0.0,0.0,30.0,0.0,0.14478,3.16763,2.81458,1.40449,0.64869,1.0,0.64869,1.0,1.0,0.0,1.16082,,0.0,0.0,0.19857,0.19857
relu,machine-2-7,11,level,W1,30,64,R0,0.08358,0.09253,1.0502,3.45374,0.92873,3.03683,1.01624,1.61541,26.49256,26.49256,0.0,0.0,0.0,0.0,0.0,0.0,0.09253,3.45374,3.03683,1.61541,0.30408,0.30408,1.0,0.30582,0.62909,1.0,0.0,,0.0,-0.00895,-0.00895,0.0
relu,machine-2-7,11,level,W1,30,64,R_all,0.08512,0.08472,3.52195,3.48213,3.11787,3.0252,1.63833,1.63319,8.3439,26.49256,7.86661,0.0,0.0,0.0,30.0,0.0,0.09253,3.45374,3.03683,1.61541,1.01975,1.01143,1.00822,1.03063,1.00314,0.31495,0.29694,,0.0,0.00041,-0.00741,-0.00781
relu,machine-2-7,11,level,W1,30,64,R_fault,0.08512,0.08472,3.52195,3.48213,3.11787,3.0252,1.63833,1.63319,8.3439,26.49256,7.86661,0.0,0.0,0.0,30.0,0.0,0.09253,3.45374,3.03683,1.61541,1.01975,1.01143,1.00822,1.03063,1.00314,0.31495,0.29694,,0.0,0.00041,-0.00741,-0.00781
relu,machine-2-7,11,level,W1,30,64,R_fault_rec,0.08529,0.08529,3.43508,3.43508,2.97102,2.97102,1.59858,1.59858,0.0,26.49256,11.92278,0.0,0.0,0.0,38.0,0.0,0.09253,3.45374,3.03683,1.61541,0.9946,1.0,0.9946,1.0,1.0,0.0,0.45004,,0.0,0.0,-0.00724,-0.00724
relu,machine-2-7,11,level,W1,38,0,R0,0.14958,0.13981,-0.62767,3.24086,-0.46756,2.85525,-0.5607,1.44442,71.31866,71.31866,0.0,0.0,0.0,0.0,0.0,0.0,0.13981,3.24086,2.85525,1.44442,-0.19367,-0.19367,1.0,-0.16376,-0.38819,1.0,0.0,,0.0,0.00977,0.00977,0.0
relu,machine-2-7,11,level,W1,38,0,R_all,0.34334,0.34334,2.05481,2.05481,1.99464,1.99464,0.80849,0.80849,0.0,71.31866,128.92215,0.0,0.0,0.0,38.0,0.0,0.13981,3.24086,2.85525,1.44442,0.63403,1.0,0.63403,1.0,1.0,0.0,1.80769,,0.0,0.0,0.20353,0.20353
relu,machine-2-7,11,level,W1,38,0,R_fault,0.132,0.12451,3.31057,3.33396,2.80668,2.84208,1.52157,1.52058,19.50016,71.31866,17.33026,0.0,0.0,0.0,30.0,0.0,0.13981,3.24086,2.85525,1.44442,1.02151,0.99298,1.02873,0.98754,1.00065,0.27342,0.243,,0.0,0.00749,-0.00781,-0.0153
relu,machine-2-7,11,level,W1,38,0,R_fault_rec,0.34334,0.34334,2.05481,2.05481,1.99464,1.99464,0.80849,0.80849,0.0,71.31866,128.92215,0.0,0.0,0.0,38.0,0.0,0.13981,3.24086,2.85525,1.44442,0.63403,1.0,0.63403,1.0,1.0,0.0,1.80769,,0.0,0.0,0.20353,0.20353
relu,machine-2-7,11,level,W1,38,64,R0,0.07992,0.08691,1.1615,3.50463,1.00584,3.04675,1.12498,1.66238,23.99547,23.99547,0.0,0.0,0.0,0.0,0.0,0.0,0.08691,3.50463,3.04675,1.66238,0.33142,0.33142,1.0,0.33013,0.67673,1.0,0.0,,0.0,-0.007,-0.007,0.0
relu,machine-2-7,11,level,W1,38,64,R_all,0.08179,0.08179,3.51689,3.51689,3.02923,3.02923,1.66754,1.66754,0.0,23.99547,9.2495,0.0,0.0,0.0,38.0,0.0,0.08691,3.50463,3.04675,1.66238,1.0035,1.0,1.0035,1.0,1.0,0.0,0.38547,,0.0,0.0,-0.00513,-0.00513
relu,machine-2-7,11,level,W1,38,64,R_fault,0.08162,0.08114,3.61892,3.52169,3.19497,3.03725,1.74166,1.66426,6.9528,23.99547,6.88499,0.0,0.0,0.0,30.0,0.0,0.08691,3.50463,3.04675,1.66238,1.03261,1.02761,1.00487,1.05193,1.04651,0.28975,0.28693,,0.0,0.00049,-0.00529,-0.00578
relu,machine-2-7,11,level,W1,38,64,R_fault_rec,0.08179,0.08179,3.51689,3.51689,3.02923,3.02923,1.66754,1.66754,0.0,23.99547,9.2495,0.0,0.0,0.0,38.0,0.0,0.08691,3.50463,3.04675,1.66238,1.0035,1.0,1.0035,1.0,1.0,0.0,0.38547,,0.0,0.0,-0.00513,-0.00513
relu,machine-2-7,11,level,W1,46,0,R0,0.1237,0.1368,0.43751,3.22424,0.31053,2.83114,0.45067,1.4523,38.55445,38.55445,0.0,0.0,0.0,0.0,0.0,0.0,0.1368,3.22424,2.83114,1.4523,0.13569,0.13569,1.0,0.10969,0.31031,1.0,0.0,,0.0,-0.0131,-0.0131,0.0
relu,machine-2-7,11,level,W1,46,0,R_all,0.34334,0.34334,2.05481,2.05481,1.99464,1.99464,0.80849,0.80849,0.0,38.55445,130.55981,0.0,0.0,0.0,46.0,0.0,0.1368,3.22424,2.83114,1.4523,0.6373,1.0,0.6373,1.0,1.0,0.0,3.38638,,0.0,0.0,0.20654,0.20654
relu,machine-2-7,11,level,W1,46,0,R_fault,0.12671,0.12508,3.07336,3.25357,2.65738,2.74531,1.32304,1.4793,13.38961,38.55445,14.31675,0.0,0.0,0.0,30.0,0.0,0.1368,3.22424,2.83114,1.4523,0.9532,0.94461,1.0091,0.96797,0.89437,0.34729,0.37134,,0.0,0.00163,-0.01009,-0.01172
relu,machine-2-7,11,level,W1,46,0,R_fault_rec,0.11084,0.11084,3.09774,3.09774,2.74629,2.74629,1.39747,1.39747,0.0,38.55445,24.57434,0.0,0.0,0.0,38.0,0.0,0.1368,3.22424,2.83114,1.4523,0.96077,1.0,0.96077,1.0,1.0,0.0,0.63739,,0.0,0.0,-0.02596,-0.02596
relu,machine-2-7,11,level,W1,46,64,R0,0.07633,0.08268,1.24622,3.56464,1.05713,3.07624,1.1964,1.71735,22.72489,22.72489,0.0,0.0,0.0,0.0,0.0,0.0,0.08268,3.56464,3.07624,1.71735,0.34961,0.34961,1.0,0.34364,0.69666,1.0,0.0,,0.0,-0.00635,-0.00635,0.0
relu,machine-2-7,11,level,W1,46,64,R_all,0.07821,0.07821,3.56344,3.56344,3.0471,3.0471,1.72426,1.72426,0.0,22.72489,12.37343,0.0,0.0,0.0,46.0,0.0,0.08268,3.56464,3.07624,1.71735,0.99966,1.0,0.99966,1.0,1.0,0.0,0.54449,,0.0,0.0,-0.00448,-0.00448
relu,machine-2-7,11,level,W1,46,64,R_fault,0.07764,0.07715,3.6849,3.57584,3.23057,3.0754,1.79975,1.72181,6.25469,22.72489,6.15569,0.0,0.0,0.0,30.0,0.0,0.08268,3.56464,3.07624,1.71735,1.03374,1.0305,1.00314,1.05045,1.04527,0.27524,0.27088,,0.0,0.00049,-0.00505,-0.00553
relu,machine-2-7,11,level,W1,46,64,R_fault_rec,0.0778,0.0778,3.57619,3.57619,3.06307,3.06307,1.72742,1.72742,0.0,22.72489,8.34352,0.0,0.0,0.0,38.0,0.0,0.08268,3.56464,3.07624,1.71735,1.00324,1.0,1.00324,1.0,1.0,0.0,0.36715,,0.0,0.0,-0.00488,-0.00488
relu,machine-2-7,11,level,W2_f0995,30,0,R0,0.03768,0.03654,1.18095,2.04221,1.20558,2.0457,0.20632,0.78228,22.64079,22.64079,0.0,4171.83071,4171.83071,0.0,0.0,0.0,0.03654,2.04221,2.0457,0.78228,0.57827,0.57827,1.0,0.58932,0.26374,1.0,0.0,1.0,0.0,0.00114,0.00114,0.0
relu,machine-2-7,11,level,W2_f0995,30,0,R_all,0.04053,0.04053,1.77714,1.77714,1.80242,1.80242,0.66172,0.66172,0.0,22.64079,31.98969,0.0,4171.83071,0.0,30.0,0.0,0.03654,2.04221,2.0457,0.78228,0.87021,1.0,0.87021,1.0,1.0,0.0,1.41292,0.0,0.0,0.0,0.00399,0.00399
relu,machine-2-7,11,level,W2_f0995,30,0,R_fault,0.04053,0.04053,1.77714,1.77714,1.80242,1.80242,0.66172,0.66172,0.0,22.64079,31.98969,0.0,4171.83071,0.0,30.0,0.0,0.03654,2.04221,2.0457,0.78228,0.87021,1.0,0.87021,1.0,1.0,0.0,1.41292,0.0,0.0,0.0,0.00399,0.00399
relu,machine-2-7,11,level,W2_f0995,30,0,R_fault_rec,0.04053,0.04053,1.77714,1.77714,1.80242,1.80242,0.66172,0.66172,0.0,22.64079,31.98969,0.0,4171.83071,0.0,30.0,0.0,0.03654,2.04221,2.0457,0.78228,0.87021,1.0,0.87021,1.0,1.0,0.0,1.41292,0.0,0.0,0.0,0.00399,0.00399
relu,machine-2-7,11,level,W2_f0995,30,64,R0,0.03288,0.03247,1.88407,2.50225,1.82013,2.41771,0.5719,1.01615,15.19092,15.19092,0.0,3162.21518,3162.21518,0.0,0.0,0.0,0.03247,2.50225,2.41771,1.01615,0.75295,0.75295,1.0,0.75283,0.56281,1.0,0.0,1.0,0.0,0.00041,0.00041,0.0
relu,machine-2-7,11,level,W2_f0995,30,64,R_all,0.03353,0.03369,2.35638,2.36954,2.29679,2.30892,0.93553,0.94492,0.29851,15.19092,14.24807,314.26482,3162.21518,5.99804,30.0,0.0,0.03247,2.50225,2.41771,1.01615,0.9417,0.99445,0.94696,0.99475,0.99007,0.01965,0.93793,0.09938,0.39484,-0.00016,0.00106,0.00122
relu,machine-2-7,11,level,W2_f0995,30,64,R_fault,0.03353,0.03369,2.35638,2.36954,2.29679,2.30892,0.93553,0.94492,0.29851,15.19092,14.24807,314.26482,3162.21518,5.99804,30.0,0.0,0.03247,2.50225,2.41771,1.01615,0.9417,0.99445,0.94696,0.99475,0.99007,0.01965,0.93793,0.09938,0.39484,-0.00016,0.00106,0.00122
relu,machine-2-7,11,level,W2_f0995,30,64,R_fault_rec,0.03442,0.03442,2.32224,2.32224,2.26957,2.26957,0.92039,0.92039,0.0,15.19092,18.87272,0.0,3162.21518,7.31369,38.0,0.0,0.03247,2.50225,2.41771,1.01615,0.92806,1.0,0.92806,1.0,1.0,0.0,1.24237,0.0,0.48145,0.0,0.00195,0.00195
relu,machine-2-7,11,level,W2_f0995,38,0,R0,0.03662,0.03573,1.262,2.10804,1.28051,2.10344,0.24122,0.81356,21.58194,21.58194,0.0,4186.96082,4186.96082,0.0,0.0,0.0,0.03573,2.10804,2.10344,0.81356,0.59866,0.59866,1.0,0.60877,0.2965,1.0,0.0,1.0,0.0,0.0009,0.0009,0.0
relu,machine-2-7,11,level,W2_f0995,38,0,R_all,0.04053,0.04053,1.77714,1.77714,1.80242,1.80242,0.66172,0.66172,0.0,21.58194,39.02159,0.0,4186.96082,0.0,38.0,0.0,0.03573,2.10804,2.10344,0.81356,0.84303,1.0,0.84303,1.0,1.0,0.0,1.80807,0.0,0.0,0.0,0.0048,0.0048
relu,machine-2-7,11,level,W2_f0995,38,0,R_fault,0.03979,0.03971,1.82844,1.86475,1.8494,1.88322,0.67567,0.70056,0.64034,21.58194,28.59853,416.10529,4186.96082,1.33447,30.0,0.0,0.03573,2.10804,2.10344,0.81356,0.86736,0.98053,0.88459,0.98204,0.96446,0.02967,1.32511,0.09938,0.06183,8e-05,0.00407,0.00399
relu,machine-2-7,11,level,W2_f0995,38,0,R_fault_rec,0.04053,0.04053,1.77714,1.77714,1.80242,1.80242,0.66172,0.66172,0.0,21.58194,39.02159,0.0,4186.96082,0.0,38.0,0.0,0.03573,2.10804,2.10344,0.81356,0.84303,1.0,0.84303,1.0,1.0,0.0,1.80807,0.0,0.0,0.0,0.0048,0.0048
relu,machine-2-7,11,level,W2_f0995,38,64,R0,0.03239,0.03182,1.96169,2.55313,1.88299,2.45446,0.61611,1.04465,14.4796,14.4796,0.0,3037.91813,3037.91813,0.0,0.0,0.0,0.03182,2.55313,2.45446,1.04465,0.76835,0.76835,1.0,0.76717,0.58977,1.0,0.0,1.0,0.0,0.00057,0.00057,0.0
relu,machine-2-7,11,level,W2_f0995,38,64,R_all,0.0332,0.0332,2.38949,2.38949,2.32118,2.32118,0.95582,0.95582,0.0,14.4796,17.16283,0.0,3037.91813,7.79143,38.0,0.0,0.03182,2.55313,2.45446,1.04465,0.93591,1.0,0.93591,1.0,1.0,0.0,1.18531,0.0,0.5381,0.0,0.00138,0.00138
relu,machine-2-7,11,level,W2_f0995,38,64,R_fault,0.03304,0.03304,2.42125,2.43275,2.34608,2.35675,0.97047,0.97872,0.27257,14.4796,12.98348,301.91202,3037.91813,6.30134,30.0,0.0,0.03182,2.55313,2.45446,1.04465,0.94835,0.99527,0.95285,0.99547,0.99157,0.01882,0.89667,0.09938,0.43519,0.0,0.00122,0.00122
relu,machine-2-7,11,level,W2_f0995,38,64,R_fault_rec,0.0332,0.0332,2.38949,2.38949,2.32118,2.32118,0.95582,0.95582,0.0,14.4796,17.16283,0.0,3037.91813,7.79143,38.0,0.0,0.03182,2.55313,2.45446,1.04465,0.93591,1.0,0.93591,1.0,1.0,0.0,1.18531,0.0,0.5381,0.0,0.00138,0.00138
relu,machine-2-7,11,level,W2_f0995,46,0,R0,0.03556,0.03451,1.36213,2.1698,1.37065,2.15544,0.29195,0.84308,20.47715,20.47715,0.0,4022.38414,4022.38414,0.0,0.0,0.0,0.03451,2.1698,2.15544,0.84308,0.62777,0.62777,1.0,0.6359,0.34629,1.0,0.0,1.0,0.0,0.00106,0.00106,0.0
relu,machine-2-7,11,level,W2_f0995,46,0,R_all,0.04053,0.04053,1.77714,1.77714,1.80242,1.80242,0.66172,0.66172,0.0,20.47715,46.2032,0.0,4022.38414,0.0,46.0,0.0,0.03451,2.1698,2.15544,0.84308,0.81903,1.0,0.81903,1.0,1.0,0.0,2.25633,0.0,0.0,0.0,0.00602,0.00602
relu,machine-2-7,11,level,W2_f0995,46,0,R_fault,0.03914,0.03914,1.91582,1.94688,1.92767,1.95654,0.71581,0.73723,0.56555,20.47715,25.55722,399.74946,4022.38414,2.57199,30.0,0.0,0.03451,2.1698,2.15544,0.84308,0.88295,0.98404,0.89726,0.98524,0.97094,0.02762,1.24808,0.09938,0.1256,0.0,0.00464,0.00464
relu,machine-2-7,11,level,W2_f0995,46,0,R_fault_rec,0.03971,0.03971,1.86689,1.86689,1.88367,1.88367,0.70093,0.70093,0.0,20.47715,34.70557,0.0,4022.38414,1.94373,38.0,0.0,0.03451,2.1698,2.15544,0.84308,0.8604,1.0,0.8604,1.0,1.0,0.0,1.69484,0.0,0.09492,0.0,0.00521,0.00521
relu,machine-2-7,11,level,W2_f0995,46,64,R0,0.03141,0.03101,2.03562,2.60214,1.94143,2.48866,0.6584,1.07221,13.8151,13.8151,0.0,2918.50681,2918.50681,0.0,0.0,0.0,0.03101,2.60214,2.48866,1.07221,0.78229,0.78229,1.0,0.78011,0.61406,1.0,0.0,1.0,0.0,0.00041,0.00041,0.0
relu,machine-2-7,11,level,W2_f0995,46,64,R_all,0.03271,0.03271,2.41315,2.41315,2.33645,2.33645,0.96851,0.96851,0.0,13.8151,20.35977,0.0,2918.50681,9.50408,46.0,0.0,0.03101,2.60214,2.48866,1.07221,0.92737,1.0,0.92737,1.0,1.0,0.0,1.47373,0.0,0.68795,0.0,0.00171,0.00171
relu,machine-2-7,11,level,W2_f0995,46,64,R_fault,0.03166,0.03166,2.48232,2.49243,2.39075,2.40021,1.00369,1.01098,0.25034,13.8151,11.92809,290.04478,2918.50681,6.49036,30.0,0.0,0.03101,2.60214,2.48866,1.07221,0.95396,0.99594,0.95784,0.99606,0.99279,0.01812,0.86341,0.09938,0.4698,0.0,0.00065,0.00065
relu,machine-2-7,11,level,W2_f0995,46,64,R_fault_rec,0.03206,0.03206,2.45281,2.45281,2.36794,2.36794,0.98958,0.98958,0.0,13.8151,15.73465,0.0,2918.50681,8.10189,38.0,0.0,0.03101,2.60214,2.48866,1.07221,0.94262,1.0,0.94262,1.0,1.0,0.0,1.13895,0.0,0.58645,0.0,0.00106,0.00106
relu,machine-2-7,11,level,W3_b01,30,0,R0,0.06307,0.03719,-2.49411,3.48286,-2.15946,3.11194,-2.03751,1.67038,113.74383,113.74383,0.0,146.06067,146.06067,0.0,0.0,30.0,0.03719,3.48286,3.11194,1.67038,-0.71611,-0.71611,1.0,-0.69393,-1.21979,1.0,0.0,1.0,0.0,0.02588,0.02588,0.0
relu,machine-2-7,11,level,W3_b01,30,0,R_all,0.12671,0.12671,1.91889,1.91889,1.88726,1.88726,0.78379,0.78379,0.0,113.74383,143.34273,0.0,146.06067,0.0,30.0,0.0,0.03719,3.48286,3.11194,1.67038,0.55095,1.0,0.55095,1.0,1.0,0.0,1.26022,0.0,0.0,0.0,0.08952,0.08952
relu,machine-2-7,11,level,W3_b01,30,0,R_fault,0.12671,0.12671,1.91889,1.91889,1.88726,1.88726,0.78379,0.78379,0.0,113.74383,143.34273,0.0,146.06067,0.0,30.0,0.0,0.03719,3.48286,3.11194,1.67038,0.55095,1.0,0.55095,1.0,1.0,0.0,1.26022,0.0,0.0,0.0,0.08952,0.08952
relu,machine-2-7,11,level,W3_b01,30,0,R_fault_rec,0.12671,0.12671,1.91889,1.91889,1.88726,1.88726,0.78379,0.78379,0.0,113.74383,143.34273,0.0,146.06067,0.0,30.0,0.0,0.03719,3.48286,3.11194,1.67038,0.55095,1.0,0.55095,1.0,1.0,0.0,1.26022,0.0,0.0,0.0,0.08952,0.08952
relu,machine-2-7,11,level,W3_b01,30,64,R0,0.02669,0.02661,3.34545,3.70884,2.84876,3.20565,1.60255,1.80442,6.98132,6.98132,0.0,67.75531,67.75531,0.0,0.0,94.0,0.02661,3.70884,3.20565,1.80442,0.90202,0.90202,1.0,0.88867,0.88813,1.0,0.0,1.0,0.0,8e-05,8e-05,0.0
relu,machine-2-7,11,level,W3_b01,30,64,R_all,0.02702,0.02686,3.66877,3.71094,3.17404,3.20692,1.78461,1.80571,2.90222,6.98132,2.47231,32.58512,67.75531,0.0,30.0,64.0,0.02661,3.70884,3.20565,1.80442,0.98919,0.98864,1.00056,0.98975,0.98832,0.41571,0.35413,0.48092,0.0,0.00016,0.00041,0.00024
relu,machine-2-7,11,level,W3_b01,30,64,R_fault,0.02702,0.02686,3.66877,3.71094,3.17404,3.20692,1.78461,1.80571,2.90222,6.98132,2.47231,32.58512,67.75531,0.0,30.0,64.0,0.02661,3.70884,3.20565,1.80442,0.98919,0.98864,1.00056,0.98975,0.98832,0.41571,0.35413,0.48092,0.0,0.00016,0.00041,0.00024
relu,machine-2-7,11,level,W3_b01,30,64,R_fault_rec,0.02718,0.02718,3.71751,3.71751,3.21318,3.21318,1.81098,1.81098,0.0,6.98132,3.44772,0.0,67.75531,0.0,38.0,56.0,0.02661,3.70884,3.20565,1.80442,1.00234,1.0,1.00234,1.0,1.0,0.0,0.49385,0.0,0.0,0.0,0.00057,0.00057
relu,machine-2-7,11,level,W3_b01,38,0,R0,0.03035,0.03044,0.54327,3.55763,0.50634,3.14528,-0.73098,1.71323,60.21877,60.21877,0.0,95.36426,95.36426,0.0,0.0,38.0,0.03044,3.55763,3.14528,1.71323,0.15271,0.15271,1.0,0.16098,-0.42667,1.0,0.0,1.0,0.0,-8e-05,-8e-05,0.0
relu,machine-2-7,11,level,W3_b01,38,0,R_all,0.12671,0.12671,1.91889,1.91889,1.88726,1.88726,0.78379,0.78379,0.0,60.21877,145.79729,0.0,95.36426,0.0,38.0,0.0,0.03044,3.55763,3.14528,1.71323,0.53937,1.0,0.53937,1.0,1.0,0.0,2.42113,0.0,0.0,0.0,0.09627,0.09627
relu,machine-2-7,11,level,W3_b01,38,0,R_fault,0.03687,0.0376,2.61468,2.99911,2.46666,2.80218,1.0328,1.34366,15.73652,60.21877,63.79912,37.33256,95.36426,0.0,30.0,8.0,0.03044,3.55763,3.14528,1.71323,0.73495,0.87182,0.84301,0.88027,0.76865,0.26132,1.05946,0.39147,0.0,-0.00073,0.00643,0.00716
relu,machine-2-7,11,level,W3_b01,38,0,R_fault_rec,0.12671,0.12671,1.91889,1.91889,1.88726,1.88726,0.78379,0.78379,0.0,60.21877,145.79729,0.0,95.36426,0.0,38.0,0.0,0.03044,3.55763,3.14528,1.71323,0.53937,1.0,0.53937,1.0,1.0,0.0,2.42113,0.0,0.0,0.0,0.09627,0.09627
relu,machine-2-7,11,level,W3_b01,38,64,R0,0.06291,0.06315,3.32803,3.67975,2.80233,3.14716,1.61185,1.80691,7.01241,7.01241,0.0,67.70092,67.70092,0.0,0.0,102.0,0.06315,3.67975,3.14716,1.80691,0.90442,0.90442,1.0,0.89043,0.89205,1.0,0.0,1.0,0.0,-0.00024,-0.00024,0.0
relu,machine-2-7,11,level,W3_b01,38,64,R_all,0.06396,0.06396,3.68466,3.68466,3.14941,3.14941,1.81161,1.81161,0.0,7.01241,3.16324,0.0,67.70092,0.0,38.0,64.0,0.06315,3.67975,3.14716,1.80691,1.00134,1.0,1.00134,1.0,1.0,0.0,0.45109,0.0,0.0,0.0,0.00081,0.00081
relu,machine-2-7,11,level,W3_b01,38,64,R_fault,0.06364,0.06388,3.64091,3.67885,3.11547,3.14487,1.78888,1.80722,2.90356,7.01241,2.36799,32.56447,67.70092,0.0,30.0,72.0,0.06315,3.67975,3.14716,1.80691,0.98945,0.98969,0.99976,0.99065,0.98985,0.41406,0.33769,0.481,0.0,-0.00024,0.00049,0.00073
relu,machine-2-7,11,level,W3_b01,38,64,R_fault_rec,0.06396,0.06396,3.68466,3.68466,3.14941,3.14941,1.81161,1.81161,0.0,7.01241,3.16324,0.0,67.70092,0.0,38.0,64.0,0.06315,3.67975,3.14716,1.80691,1.00134,1.0,1.00134,1.0,1.0,0.0,0.45109,0.0,0.0,0.0,0.00081,0.00081
relu,machine-2-7,11,level,W3_b01,46,0,R0,0.03312,0.03556,2.16169,3.48095,1.87582,3.07216,0.59739,1.6632,28.25374,28.25374,0.0,74.28897,74.28897,0.0,0.0,46.0,0.03556,3.48095,3.07216,1.6632,0.62101,0.62101,1.0,0.61059,0.35918,1.0,0.0,1.0,0.0,-0.00244,-0.00244,0.0
relu,machine-2-7,11,level,W3_b01,46,0,R_all,0.12671,0.12671,1.91889,1.91889,1.88726,1.88726,0.78379,0.78379,0.0,28.25374,151.85936,0.0,74.28897,0.0,46.0,0.0,0.03556,3.48095,3.07216,1.6632,0.55125,1.0,0.55125,1.0,1.0,0.0,5.37484,0.0,0.0,0.0,0.09115,0.09115
relu,machine-2-7,11,level,W3_b01,46,0,R_fault,0.03467,0.0367,3.21188,3.38202,2.90515,3.0501,1.44196,1.5897,7.8177,28.25374,28.1676,33.65911,74.28897,0.0,30.0,16.0,0.03556,3.48095,3.07216,1.6632,0.9227,0.94969,0.97158,0.95248,0.90706,0.2767,0.99695,0.45308,0.0,-0.00203,-0.0009,0.00114
relu,machine-2-7,11,level,W3_b01,46,0,R_fault_rec,0.04069,0.04069,2.9601,2.9601,2.7677,2.7677,1.32413,1.32413,0.0,28.25374,64.78249,0.0,74.28897,0.0,38.0,8.0,0.03556,3.48095,3.07216,1.6632,0.85037,1.0,0.85037,1.0,1.0,0.0,2.29288,0.0,0.0,0.0,0.00513,0.00513
relu,machine-2-7,11,level,W3_b01,46,64,R0,0.06315,0.06323,3.35544,3.70209,2.80088,3.14091,1.63308,1.82451,6.95449,6.95449,0.0,67.66246,67.66246,0.0,0.0,110.0,0.06323,3.70209,3.14091,1.82451,0.90636,0.90636,1.0,0.89174,0.89508,1.0,0.0,1.0,0.0,-8e-05,-8e-05,0.0
relu,machine-2-7,11,level,W3_b01,46,64,R_all,0.06413,0.06413,3.69573,3.69573,3.13021,3.13021,1.82105,1.82105,0.0,6.95449,4.62539,0.0,67.66246,0.0,46.0,64.0,0.06323,3.70209,3.14091,1.82451,0.99828,1.0,0.99828,1.0,1.0,0.0,0.66509,0.0,0.0,0.0,0.0009,0.0009
relu,machine-2-7,11,level,W3_b01,46,64,R_fault,0.06356,0.06372,3.66314,3.70089,3.10901,3.13804,1.80628,1.82448,2.88899,6.95449,2.42225,32.54865,67.66246,0.0,30.0,80.0,0.06323,3.70209,3.14091,1.82451,0.98948,0.9898,0.99968,0.99075,0.99002,0.41541,0.3483,0.48104,0.0,-0.00016,0.00033,0.00049
relu,machine-2-7,11,level,W3_b01,46,64,R_fault_rec,0.06372,0.06372,3.70535,3.70535,3.14056,3.14056,1.82765,1.82765,0.0,6.95449,3.04572,0.0,67.66246,0.0,38.0,72.0,0.06323,3.70209,3.14091,1.82451,1.00088,1.0,1.00088,1.0,1.0,0.0,0.43795,0.0,0.0,0.0,0.00049,0.00049
relu,machine-2-7,11,level,W3_b05,30,0,R0,0.10238,0.06738,-3.90225,3.99708,-3.29161,3.43694,-2.88145,1.93918,172.3166,172.3166,0.0,213.10411,213.10411,0.0,0.0,30.0,0.06738,3.99708,3.43694,1.93918,-0.97628,-0.97628,1.0,-0.95772,-1.48591,1.0,0.0,1.0,0.0,0.03499,0.03499,0.0
relu,machine-2-7,11,level,W3_b05,30,0,R_all,0.10197,0.10197,1.93433,1.93433,1.94108,1.94108,0.81702,0.81702,0.0,172.3166,235.61898,0.0,213.10411,0.0,30.0,0.0,0.06738,3.99708,3.43694,1.93918,0.48394,1.0,0.48394,1.0,1.0,0.0,1.36736,0.0,0.0,0.0,0.03459,0.03459
relu,machine-2-7,11,level,W3_b05,30,0,R_fault,0.10197,0.10197,1.93433,1.93433,1.94108,1.94108,0.81702,0.81702,0.0,172.3166,235.61898,0.0,213.10411,0.0,30.0,0.0,0.06738,3.99708,3.43694,1.93918,0.48394,1.0,0.48394,1.0,1.0,0.0,1.36736,0.0,0.0,0.0,0.03459,0.03459
relu,machine-2-7,11,level,W3_b05,30,0,R_fault_rec,0.10197,0.10197,1.93433,1.93433,1.94108,1.94108,0.81702,0.81702,0.0,172.3166,235.61898,0.0,213.10411,0.0,30.0,0.0,0.06738,3.99708,3.43694,1.93918,0.48394,1.0,0.48394,1.0,1.0,0.0,1.36736,0.0,0.0,0.0,0.03459,0.03459
relu,machine-2-7,11,level,W3_b05,30,64,R0,0.0258,0.02588,4.66014,4.3605,3.89281,3.62949,2.29461,2.12903,8.34447,8.34447,0.0,94.88336,94.88336,0.0,0.0,94.0,0.02588,4.3605,3.62949,2.12903,1.06872,1.06872,1.0,1.07255,1.07777,1.0,0.0,1.0,0.0,-8e-05,-8e-05,0.0
relu,machine-2-7,11,level,W3_b05,30,64,R_all,0.02482,0.02523,4.25425,4.38498,3.53443,3.62924,2.09386,2.14994,10.64684,8.34447,4.70833,112.97027,94.88336,0.0,30.0,64.0,0.02588,4.3605,3.62949,2.12903,0.97563,0.97019,1.00561,0.97388,0.97391,1.27592,0.56425,1.19062,0.0,-0.00041,-0.00106,-0.00065
relu,machine-2-7,11,level,W3_b05,30,64,R_fault,0.02482,0.02523,4.25425,4.38498,3.53443,3.62924,2.09386,2.14994,10.64684,8.34447,4.70833,112.97027,94.88336,0.0,30.0,64.0,0.02588,4.3605,3.62949,2.12903,0.97563,0.97019,1.00561,0.97388,0.97391,1.27592,0.56425,1.19062,0.0,-0.00041,-0.00106,-0.00065
relu,machine-2-7,11,level,W3_b05,30,64,R_fault_rec,0.02523,0.02523,4.38734,4.38734,3.63816,3.63816,2.15298,2.15298,0.0,8.34447,5.05187,0.0,94.88336,0.0,38.0,56.0,0.02588,4.3605,3.62949,2.12903,1.00616,1.0,1.00616,1.0,1.0,0.0,0.60542,0.0,0.0,0.0,-0.00065,-0.00065
relu,machine-2-7,11,level,W3_b05,38,0,R0,0.02938,0.03451,3.37845,4.162,2.9442,3.48748,1.22169,2.00472,43.09937,43.09937,0.0,108.5055,108.5055,0.0,0.0,38.0,0.03451,4.162,3.48748,2.00472,0.81174,0.81174,1.0,0.84422,0.60941,1.0,0.0,1.0,0.0,-0.00513,-0.00513,0.0
relu,machine-2-7,11,level,W3_b05,38,0,R_all,0.10197,0.10197,1.93433,1.93433,1.94108,1.94108,0.81702,0.81702,0.0,43.09937,226.17548,0.0,108.5055,0.0,38.0,0.0,0.03451,4.162,3.48748,2.00472,0.46476,1.0,0.46476,1.0,1.0,0.0,5.24777,0.0,0.0,0.0,0.06746,0.06746
relu,machine-2-7,11,level,W3_b05,38,0,R_fault,0.02637,0.03385,3.2976,4.17614,2.88585,3.49523,1.29801,2.01573,41.19417,43.09937,6.40427,123.12308,108.5055,0.0,30.0,8.0,0.03451,4.162,3.48748,2.00472,0.79231,0.78963,1.0034,0.82565,0.64394,0.9558,0.14859,1.13472,0.0,-0.00749,-0.00814,-0.00065
relu,machine-2-7,11,level,W3_b05,38,0,R_fault_rec,0.10197,0.10197,1.93433,1.93433,1.94108,1.94108,0.81702,0.81702,0.0,43.09937,226.17548,0.0,108.5055,0.0,38.0,0.0,0.03451,4.162,3.48748,2.00472,0.46476,1.0,0.46476,1.0,1.0,0.0,5.24777,0.0,0.0,0.0,0.06746,0.06746
relu,machine-2-7,11,level,W3_b05,38,64,R0,0.06356,0.06348,4.71304,4.41652,3.8649,3.60564,2.38775,2.21906,8.82021,8.82021,0.0,94.66807,94.66807,0.0,0.0,102.0,0.06348,4.41652,3.60564,2.21906,1.06714,1.06714,1.0,1.0719,1.07602,1.0,0.0,1.0,0.0,8e-05,8e-05,0.0
relu,machine-2-7,11,level,W3_b05,38,64,R_all,0.06283,0.06283,4.4409,4.4409,3.61497,3.61497,2.23984,2.23984,0.0,8.82021,5.87515,0.0,94.66807,0.0,38.0,64.0,0.06348,4.41652,3.60564,2.21906,1.00552,1.0,1.00552,1.0,1.0,0.0,0.6661,0.0,0.0,0.0,-0.00065,-0.00065
relu,machine-2-7,11,level,W3_b05,38,64,R_fault,0.06226,0.0625,4.31678,4.44264,3.51448,3.61202,2.18645,2.24072,10.65824,8.82021,5.78826,112.86958,94.66807,0.0,30.0,72.0,0.06348,4.41652,3.60564,2.21906,0.97742,0.97167,1.00591,0.973,0.97578,1.20839,0.65625,1.19227,0.0,-0.00024,-0.00122,-0.00098
relu,machine-2-7,11,level,W3_b05,38,64,R_fault_rec,0.06283,0.06283,4.4409,4.4409,3.61497,3.61497,2.23984,2.23984,0.0,8.82021,5.87515,0.0,94.66807,0.0,38.0,64.0,0.06348,4.41652,3.60564,2.21906,1.00552,1.0,1.00552,1.0,1.0,0.0,0.6661,0.0,0.0,0.0,-0.00065,-0.00065
relu,machine-2-7,11,level,W3_b05,46,0,R0,0.07479,0.07503,4.1962,3.9102,3.62779,3.37358,2.01235,1.85483,9.2754,9.2754,0.0,96.4963,96.4963,0.0,0.0,46.0,0.07503,3.9102,3.37358,1.85483,1.07314,1.07314,1.0,1.07535,1.08492,1.0,0.0,1.0,0.0,-0.00024,-0.00024,0.0
relu,machine-2-7,11,level,W3_b05,46,0,R_all,0.10197,0.10197,1.93433,1.93433,1.94108,1.94108,0.81702,0.81702,0.0,9.2754,240.15376,0.0,96.4963,0.0,46.0,0.0,0.07503,3.9102,3.37358,1.85483,0.49469,1.0,0.49469,1.0,1.0,0.0,25.89146,0.0,0.0,0.0,0.02694,0.02694
relu,machine-2-7,11,level,W3_b05,46,0,R_fault,0.07137,0.07259,3.86693,3.92839,3.32855,3.38246,1.85978,1.8695,10.91332,9.2754,7.74,113.95813,96.4963,0.0,30.0,16.0,0.07503,3.9102,3.37358,1.85483,0.98893,0.98435,1.00465,0.98406,0.9948,1.17659,0.83447,1.18096,0.0,-0.00122,-0.00366,-0.00244
relu,machine-2-7,11,level,W3_b05,46,0,R_fault_rec,0.07145,0.07145,3.93838,3.93838,3.40284,3.40284,1.87802,1.87802,0.0,9.2754,8.0042,0.0,96.4963,0.0,38.0,8.0,0.07503,3.9102,3.37358,1.85483,1.00721,1.0,1.00721,1.0,1.0,0.0,0.86295,0.0,0.0,0.0,-0.00358,-0.00358
relu,machine-2-7,11,level,W3_b05,46,64,R0,0.06331,0.06299,4.74325,4.44623,3.87255,3.61566,2.39641,2.22646,8.9347,8.9347,0.0,94.44531,94.44531,0.0,0.0,110.0,0.06299,4.44623,3.61566,2.22646,1.0668,1.0668,1.0,1.07105,1.07633,1.0,0.0,1.0,0.0,0.00033,0.00033,0.0
relu,machine-2-7,11,level,W3_b05,46,64,R_all,0.06209,0.06209,4.45195,4.45195,3.61238,3.61238,2.22899,2.22899,0.0,8.9347,11.45285,0.0,94.44531,0.0,46.0,64.0,0.06299,4.44623,3.61566,2.22646,1.00129,1.0,1.00129,1.0,1.0,0.0,1.28184,0.0,0.0,0.0,-0.0009,-0.0009
relu,machine-2-7,11,level,W3_b05,46,64,R_fault,0.06209,0.06266,4.31095,4.44753,3.51401,3.61249,2.17098,2.23132,10.52518,8.9347,6.41054,112.77278,94.44531,0.0,30.0,80.0,0.06299,4.44623,3.61566,2.22646,0.96958,0.96929,1.00029,0.97274,0.97296,1.17801,0.71749,1.19405,0.0,-0.00057,-0.0009,-0.00033
relu,machine-2-7,11,level,W3_b05,46,64,R_fault_rec,0.06291,0.06291,4.44646,4.44646,3.61343,3.61343,2.23089,2.23089,0.0,8.9347,5.9166,0.0,94.44531,0.0,38.0,72.0,0.06299,4.44623,3.61566,2.22646,1.00005,1.0,1.00005,1.0,1.0,0.0,0.66221,0.0,0.0,0.0,-8e-05,-8e-05
relu,machine-2-7,11,ramp,W1,30,0,R0,0.37313,0.25212,-0.14131,3.13675,0.15753,2.56482,0.10504,1.39529,53.882,53.882,0.0,0.0,0.0,0.0,0.0,0.0,0.25212,3.13675,2.56482,1.39529,-0.04505,-0.04505,1.0,0.06142,0.07528,1.0,0.0,,0.0,0.12101,0.12101,0.0
relu,machine-2-7,11,ramp,W1,30,0,R_all,0.3741,0.3741,2.58122,2.58122,2.21239,2.21239,1.07861,1.07861,0.0,53.882,44.86256,0.0,0.0,0.0,30.0,0.0,0.25212,3.13675,2.56482,1.39529,0.82289,1.0,0.82289,1.0,1.0,0.0,0.83261,,0.0,0.0,0.12199,0.12199
relu,machine-2-7,11,ramp,W1,30,0,R_fault,0.3741,0.3741,2.58122,2.58122,2.21239,2.21239,1.07861,1.07861,0.0,53.882,44.86256,0.0,0.0,0.0,30.0,0.0,0.25212,3.13675,2.56482,1.39529,0.82289,1.0,0.82289,1.0,1.0,0.0,0.83261,,0.0,0.0,0.12199,0.12199
relu,machine-2-7,11,ramp,W1,30,0,R_fault_rec,0.3741,0.3741,2.58122,2.58122,2.21239,2.21239,1.07861,1.07861,0.0,53.882,44.86256,0.0,0.0,0.0,30.0,0.0,0.25212,3.13675,2.56482,1.39529,0.82289,1.0,0.82289,1.0,1.0,0.0,0.83261,,0.0,0.0,0.12199,0.12199
relu,machine-2-7,11,ramp,W1,30,64,R0,0.18978,0.17993,1.50732,3.46909,1.46284,2.74477,1.26926,1.59306,15.87373,15.87373,0.0,0.0,0.0,0.0,0.0,0.0,0.17993,3.46909,2.74477,1.59306,0.4345,0.4345,1.0,0.53295,0.79674,1.0,0.0,,0.0,0.00985,0.00985,0.0
relu,machine-2-7,11,ramp,W1,30,64,R_all,0.18848,0.18937,3.55726,3.41549,2.90886,2.72621,1.66201,1.57085,6.44787,15.87373,4.52247,0.0,0.0,0.0,30.0,0.0,0.17993,3.46909,2.74477,1.59306,1.02542,1.04151,0.98455,1.067,1.05803,0.4062,0.2849,,0.0,-0.0009,0.00854,0.00944
relu,machine-2-7,11,ramp,W1,30,64,R_fault,0.18848,0.18937,3.55726,3.41549,2.90886,2.72621,1.66201,1.57085,6.44787,15.87373,4.52247,0.0,0.0,0.0,30.0,0.0,0.17993,3.46909,2.74477,1.59306,1.02542,1.04151,0.98455,1.067,1.05803,0.4062,0.2849,,0.0,-0.0009,0.00854,0.00944
relu,machine-2-7,11,ramp,W1,30,64,R_fault_rec,0.18831,0.18831,3.42241,3.42241,2.74007,2.74007,1.57233,1.57233,0.0,15.87373,5.48693,0.0,0.0,0.0,38.0,0.0,0.17993,3.46909,2.74477,1.59306,0.98654,1.0,0.98654,1.0,1.0,0.0,0.34566,,0.0,0.0,0.00838,0.00838
relu,machine-2-7,11,ramp,W1,38,0,R0,0.3217,0.24382,0.16554,3.15636,0.49527,2.58296,0.10902,1.41585,45.74902,45.74902,0.0,0.0,0.0,0.0,0.0,0.0,0.24382,3.15636,2.58296,1.41585,0.05245,0.05245,1.0,0.19174,0.077,1.0,0.0,,0.0,0.07788,0.07788,0.0
relu,machine-2-7,11,ramp,W1,38,0,R_all,0.3741,0.3741,2.58122,2.58122,2.21239,2.21239,1.07861,1.07861,0.0,45.74902,47.42666,0.0,0.0,0.0,38.0,0.0,0.24382,3.15636,2.58296,1.41585,0.81778,1.0,0.81778,1.0,1.0,0.0,1.03667,,0.0,0.0,0.13029,0.13029
relu,machine-2-7,11,ramp,W1,38,0,R_fault,0.30916,0.25781,2.56381,3.13333,2.25435,2.60746,0.87086,1.432,28.28939,45.74902,14.87534,0.0,0.0,0.0,30.0,0.0,0.24382,3.15636,2.58296,1.41585,0.81227,0.81824,0.9927,0.86458,0.60814,0.61836,0.32515,,0.0,0.05135,0.06535,0.014
relu,machine-2-7,11,ramp,W1,38,0,R_fault_rec,0.3741,0.3741,2.58122,2.58122,2.21239,2.21239,1.07861,1.07861,0.0,45.74902,47.42666,0.0,0.0,0.0,38.0,0.0,0.24382,3.15636,2.58296,1.41585,0.81778,1.0,0.81778,1.0,1.0,0.0,1.03667,,0.0,0.0,0.13029,0.13029
relu,machine-2-7,11,ramp,W1,38,64,R0,0.18831,0.1792,1.58394,3.52194,1.5211,2.79852,1.33554,1.64069,15.33771,15.33771,0.0,0.0,0.0,0.0,0.0,0.0,0.1792,3.52194,2.79852,1.64069,0.44973,0.44973,1.0,0.54353,0.81401,1.0,0.0,,0.0,0.00911,0.00911,0.0
relu,machine-2-7,11,ramp,W1,38,64,R_all,0.18685,0.18685,3.48089,3.48089,2.78461,2.78461,1.62162,1.62162,0.0,15.33771,4.98353,0.0,0.0,0.0,38.0,0.0,0.1792,3.52194,2.79852,1.64069,0.98834,1.0,0.98834,1.0,1.0,0.0,0.32492,,0.0,0.0,0.00765,0.00765
relu,machine-2-7,11,ramp,W1,38,64,R_fault,0.18685,0.18791,3.62151,3.47222,2.95139,2.77484,1.70649,1.61596,6.34812,15.33771,4.09396,0.0,0.0,0.0,30.0,0.0,0.1792,3.52194,2.79852,1.64069,1.02827,1.043,0.98588,1.06362,1.05602,0.41389,0.26692,,0.0,-0.00106,0.00765,0.00871
relu,machine-2-7,11,ramp,W1,38,64,R_fault_rec,0.18685,0.18685,3.48089,3.48089,2.78461,2.78461,1.62162,1.62162,0.0,15.33771,4.98353,0.0,0.0,0.0,38.0,0.0,0.1792,3.52194,2.79852,1.64069,0.98834,1.0,0.98834,1.0,1.0,0.0,0.32492,,0.0,0.0,0.00765,0.00765
relu,machine-2-7,11,ramp,W1,46,0,R0,0.2535,0.23657,0.94399,3.19596,0.942,2.64063,0.85125,1.45582,26.13511,26.13511,0.0,0.0,0.0,0.0,0.0,0.0,0.23657,3.19596,2.64063,1.45582,0.29537,0.29537,1.0,0.35673,0.58472,1.0,0.0,,0.0,0.01693,0.01693,0.0
relu,machine-2-7,11,ramp,W1,46,0,R_all,0.3741,0.3741,2.58122,2.58122,2.21239,2.21239,1.07861,1.07861,0.0,26.13511,49.9941,0.0,0.0,0.0,46.0,0.0,0.23657,3.19596,2.64063,1.45582,0.80765,1.0,0.80765,1.0,1.0,0.0,1.91291,,0.0,0.0,0.13753,0.13753
relu,machine-2-7,11,ramp,W1,46,0,R_fault,0.25391,0.24813,3.14685,3.17745,2.57563,2.64711,1.41431,1.46529,12.90359,26.13511,9.78109,0.0,0.0,0.0,30.0,0.0,0.23657,3.19596,2.64063,1.45582,0.98463,0.99037,0.99421,0.973,0.96521,0.49373,0.37425,,0.0,0.00578,0.01733,0.01156
relu,machine-2-7,11,ramp,W1,46,0,R_fault_rec,0.25407,0.25407,3.16595,3.16595,2.63674,2.63674,1.45042,1.45042,0.0,26.13511,15.40625,0.0,0.0,0.0,38.0,0.0,0.23657,3.19596,2.64063,1.45582,0.99061,1.0,0.99061,1.0,1.0,0.0,0.58948,,0.0,0.0,0.0175,0.0175
relu,machine-2-7,11,ramp,W1,46,64,R0,0.17912,0.17603,1.7652,3.6494,1.6622,2.89022,1.46175,1.7393,14.02237,14.02237,0.0,0.0,0.0,0.0,0.0,0.0,0.17603,3.6494,2.89022,1.7393,0.4837,0.4837,1.0,0.57511,0.84042,1.0,0.0,,0.0,0.00309,0.00309,0.0
relu,machine-2-7,11,ramp,W1,46,64,R_all,0.17782,0.17782,3.60688,3.60688,2.88672,2.88672,1.71691,1.71691,0.0,14.02237,4.25709,0.0,0.0,0.0,46.0,0.0,0.17603,3.6494,2.89022,1.7393,0.98835,1.0,0.98835,1.0,1.0,0.0,0.30359,,0.0,0.0,0.00179,0.00179
relu,machine-2-7,11,ramp,W1,46,64,R_fault,0.17782,0.18123,3.77962,3.59714,3.08245,2.85493,1.81119,1.71197,5.77988,14.02237,3.36735,0.0,0.0,0.0,30.0,0.0,0.17603,3.6494,2.89022,1.7393,1.03568,1.05073,0.98568,1.07969,1.05796,0.41219,0.24014,,0.0,-0.00342,0.00179,0.00521
relu,machine-2-7,11,ramp,W1,46,64,R_fault_rec,0.17782,0.17782,3.61314,3.61314,2.88377,2.88377,1.72102,1.72102,0.0,14.02237,3.80278,0.0,0.0,0.0,38.0,0.0,0.17603,3.6494,2.89022,1.7393,0.99007,1.0,0.99007,1.0,1.0,0.0,0.27119,,0.0,0.0,0.00179,0.00179
relu,machine-2-7,11,ramp,W2_f0995,30,0,R0,0.08382,0.08293,1.55838,2.4012,1.44683,2.16386,0.40075,0.96882,19.67554,19.67554,0.0,3939.57165,3939.57165,0.0,0.0,0.0,0.08293,2.4012,2.16386,0.96882,0.649,0.649,1.0,0.66863,0.41365,1.0,0.0,1.0,0.0,0.0009,0.0009,0.0
relu,machine-2-7,11,ramp,W2_f0995,30,0,R_all,0.09277,0.09277,2.23777,2.23777,2.06688,2.06688,0.89231,0.89231,0.0,19.67554,19.39009,0.0,3939.57165,0.0,30.0,0.0,0.08293,2.4012,2.16386,0.96882,0.93194,1.0,0.93194,1.0,1.0,0.0,0.98549,0.0,0.0,0.0,0.00985,0.00985
relu,machine-2-7,11,ramp,W2_f0995,30,0,R_fault,0.09277,0.09277,2.23777,2.23777,2.06688,2.06688,0.89231,0.89231,0.0,19.67554,19.39009,0.0,3939.57165,0.0,30.0,0.0,0.08293,2.4012,2.16386,0.96882,0.93194,1.0,0.93194,1.0,1.0,0.0,0.98549,0.0,0.0,0.0,0.00985,0.00985
relu,machine-2-7,11,ramp,W2_f0995,30,0,R_fault_rec,0.09277,0.09277,2.23777,2.23777,2.06688,2.06688,0.89231,0.89231,0.0,19.67554,19.39009,0.0,3939.57165,0.0,30.0,0.0,0.08293,2.4012,2.16386,0.96882,0.93194,1.0,0.93194,1.0,1.0,0.0,0.98549,0.0,0.0,0.0,0.00985,0.00985
relu,machine-2-7,11,ramp,W2_f0995,30,64,R0,0.05469,0.05184,2.09363,2.69233,1.81395,2.31671,0.68862,1.11258,13.55613,13.55613,0.0,2945.99078,2945.99078,0.0,0.0,0.0,0.05184,2.69233,2.31671,1.11258,0.77763,0.77763,1.0,0.78298,0.61894,1.0,0.0,1.0,0.0,0.00285,0.00285,0.0
relu,machine-2-7,11,ramp,W2_f0995,30,64,R_all,0.05583,0.05558,2.61614,2.62572,2.27843,2.28437,1.07083,1.07757,0.25407,13.55613,9.32571,251.50648,2945.99078,4.25695,30.0,0.0,0.05184,2.69233,2.31671,1.11258,0.9717,0.99635,0.97526,0.9974,0.99375,0.01874,0.68793,0.08537,0.31402,0.00024,0.00399,0.00374
relu,machine-2-7,11,ramp,W2_f0995,30,64,R_fault,0.05583,0.05558,2.61614,2.62572,2.27843,2.28437,1.07083,1.07757,0.25407,13.55613,9.32571,251.50648,2945.99078,4.25695,30.0,0.0,0.05184,2.69233,2.31671,1.11258,0.9717,0.99635,0.97526,0.9974,0.99375,0.01874,0.68793,0.08537,0.31402,0.00024,0.00399,0.00374
relu,machine-2-7,11,ramp,W2_f0995,30,64,R_fault_rec,0.05868,0.05868,2.60081,2.60081,2.27209,2.27209,1.06446,1.06446,0.0,13.55613,12.3406,0.0,2945.99078,5.17529,38.0,0.0,0.05184,2.69233,2.31671,1.11258,0.96601,1.0,0.96601,1.0,1.0,0.0,0.91033,0.0,0.38177,0.0,0.00684,0.00684
relu,machine-2-7,11,ramp,W2_f0995,38,0,R0,0.08244,0.08171,1.61786,2.44053,1.49029,2.18569,0.42774,0.98718,18.85873,18.85873,0.0,3900.66687,3900.66687,0.0,0.0,0.0,0.08171,2.44053,2.18569,0.98718,0.66291,0.66291,1.0,0.68184,0.43329,1.0,0.0,1.0,0.0,0.00073,0.00073,0.0
relu,machine-2-7,11,ramp,W2_f0995,38,0,R_all,0.09277,0.09277,2.23777,2.23777,2.06688,2.06688,0.89231,0.89231,0.0,18.85873,24.10972,0.0,3900.66687,0.0,38.0,0.0,0.08171,2.44053,2.18569,0.98718,0.91692,1.0,0.91692,1.0,1.0,0.0,1.27844,0.0,0.0,0.0,0.01107,0.01107
relu,machine-2-7,11,ramp,W2_f0995,38,0,R_fault,0.08716,0.08667,2.26474,2.29353,2.07991,2.10055,0.89749,0.91718,0.52805,18.85873,17.52594,333.00953,3900.66687,0.86429,30.0,0.0,0.08171,2.44053,2.18569,0.98718,0.92797,0.98745,0.93977,0.99017,0.97853,0.028,0.92933,0.08537,0.04583,0.00049,0.00545,0.00496
relu,machine-2-7,11,ramp,W2_f0995,38,0,R_fault_rec,0.09277,0.09277,2.23777,2.23777,2.06688,2.06688,0.89231,0.89231,0.0,18.85873,24.10972,0.0,3900.66687,0.0,38.0,0.0,0.08171,2.44053,2.18569,0.98718,0.91692,1.0,0.91692,1.0,1.0,0.0,1.27844,0.0,0.0,0.0,0.01107,0.01107
relu,machine-2-7,11,ramp,W2_f0995,38,64,R0,0.05225,0.04972,2.15733,2.73096,1.85527,2.33672,0.72395,1.13302,12.94529,12.94529,0.0,2830.19285,2830.19285,0.0,0.0,0.0,0.04972,2.73096,2.33672,1.13302,0.78995,0.78995,1.0,0.79396,0.63895,1.0,0.0,1.0,0.0,0.00252,0.00252,0.0
relu,machine-2-7,11,ramp,W2_f0995,38,64,R_all,0.05428,0.05428,2.65016,2.65016,2.29845,2.29845,1.08975,1.08975,0.0,12.94529,11.34858,0.0,2830.19285,5.45859,38.0,0.0,0.04972,2.73096,2.33672,1.13302,0.97041,1.0,0.97041,1.0,1.0,0.0,0.87666,0.0,0.42167,0.0,0.00456,0.00456
relu,machine-2-7,11,ramp,W2_f0995,38,64,R_fault,0.05322,0.05282,2.66403,2.67217,2.30404,2.30891,1.09582,1.10157,0.23176,12.94529,8.61278,241.62053,2830.19285,4.43486,30.0,0.0,0.04972,2.73096,2.33672,1.13302,0.97549,0.99695,0.97847,0.99789,0.99478,0.0179,0.66532,0.08537,0.34258,0.00041,0.0035,0.00309
relu,machine-2-7,11,ramp,W2_f0995,38,64,R_fault_rec,0.05428,0.05428,2.65016,2.65016,2.29845,2.29845,1.08975,1.08975,0.0,12.94529,11.34858,0.0,2830.19285,5.45859,38.0,0.0,0.04972,2.73096,2.33672,1.13302,0.97041,1.0,0.97041,1.0,1.0,0.0,0.87666,0.0,0.42167,0.0,0.00456,0.00456
relu,machine-2-7,11,ramp,W2_f0995,46,0,R0,0.08138,0.07666,1.69451,2.4792,1.5453,2.20757,0.46945,1.00596,17.97562,17.97562,0.0,3747.34353,3747.34353,0.0,0.0,0.0,0.07666,2.4792,2.20757,1.00596,0.68349,0.68349,1.0,0.7,0.46667,1.0,0.0,1.0,0.0,0.00472,0.00472,0.0
relu,machine-2-7,11,ramp,W2_f0995,46,0,R_all,0.09277,0.09277,2.23777,2.23777,2.06688,2.06688,0.89231,0.89231,0.0,17.97562,28.74578,0.0,3747.34353,0.0,46.0,0.0,0.07666,2.4792,2.20757,1.00596,0.90262,1.0,0.90262,1.0,1.0,0.0,1.59915,0.0,0.0,0.0,0.01611,0.01611
relu,machine-2-7,11,ramp,W2_f0995,46,0,R_fault,0.08358,0.08325,2.32277,2.34736,2.11593,2.13331,0.92536,0.94224,0.47168,17.97562,15.87674,319.91994,3747.34353,1.66233,30.0,0.0,0.07666,2.4792,2.20757,1.00596,0.9369,0.98952,0.94682,0.99185,0.98209,0.02624,0.88324,0.08537,0.09248,0.00033,0.00692,0.00659
relu,machine-2-7,11,ramp,W2_f0995,46,0,R_fault_rec,0.08561,0.08561,2.29775,2.29775,2.1042,2.1042,0.91959,0.91959,0.0,17.97562,21.71657,0.0,3747.34353,1.21512,38.0,0.0,0.07666,2.4792,2.20757,1.00596,0.92681,1.0,0.92681,1.0,1.0,0.0,1.20811,0.0,0.0676,0.0,0.00895,0.00895
relu,machine-2-7,11,ramp,W2_f0995,46,64,R0,0.04899,0.04679,2.22685,2.7761,1.90161,2.36231,0.76308,1.15764,12.34555,12.34555,0.0,2718.94658,2718.94658,0.0,0.0,0.0,0.04679,2.7761,2.36231,1.15764,0.80215,0.80215,1.0,0.80498,0.65916,1.0,0.0,1.0,0.0,0.0022,0.0022,0.0
relu,machine-2-7,11,ramp,W2_f0995,46,64,R_all,0.05265,0.05265,2.68352,2.68352,2.31912,2.31912,1.10662,1.10662,0.0,12.34555,13.22462,0.0,2718.94658,6.65437,46.0,0.0,0.04679,2.7761,2.36231,1.15764,0.96665,1.0,0.96665,1.0,1.0,0.0,1.07121,0.0,0.53901,0.0,0.00586,0.00586
relu,machine-2-7,11,ramp,W2_f0995,46,64,R_fault,0.05021,0.05021,2.71844,2.7253,2.33537,2.33927,1.12515,1.13001,0.21113,12.34555,7.94406,232.12316,2718.94658,4.56282,30.0,0.0,0.04679,2.7761,2.36231,1.15764,0.97923,0.99749,0.9817,0.99833,0.9957,0.0171,0.64348,0.08537,0.36959,0.0,0.00342,0.00342
relu,machine-2-7,11,ramp,W2_f0995,46,64,R_fault_rec,0.05111,0.05111,2.70618,2.70618,2.33063,2.33063,1.11953,1.11953,0.0,12.34555,10.42531,0.0,2718.94658,5.66869,38.0,0.0,0.04679,2.7761,2.36231,1.15764,0.97481,1.0,0.97481,1.0,1.0,0.0,0.84446,0.0,0.45917,0.0,0.00431,0.00431
relu,machine-2-7,11,ramp,W3_b01,30,0,R0,0.17057,0.10083,-2.12285,3.22256,-1.28061,2.67115,-1.83234,1.44872,104.93332,104.93332,0.0,145.95952,145.95952,0.0,0.0,30.0,0.10083,3.22256,2.67115,1.44872,-0.65875,-0.65875,1.0,-0.47942,-1.2648,1.0,0.0,1.0,0.0,0.06974,0.06974,0.0
relu,machine-2-7,11,ramp,W3_b01,30,0,R_all,0.13696,0.13696,2.25195,2.25195,2.12727,2.12727,0.88131,0.88131,0.0,104.93332,81.7954,0.0,145.95952,0.0,30.0,0.0,0.10083,3.22256,2.67115,1.44872,0.69881,1.0,0.69881,1.0,1.0,0.0,0.7795,0.0,0.0,0.0,0.03613,0.03613
relu,machine-2-7,11,ramp,W3_b01,30,0,R_fault,0.13696,0.13696,2.25195,2.25195,2.12727,2.12727,0.88131,0.88131,0.0,104.93332,81.7954,0.0,145.95952,0.0,30.0,0.0,0.10083,3.22256,2.67115,1.44872,0.69881,1.0,0.69881,1.0,1.0,0.0,0.7795,0.0,0.0,0.0,0.03613,0.03613
relu,machine-2-7,11,ramp,W3_b01,30,0,R_fault_rec,0.13696,0.13696,2.25195,2.25195,2.12727,2.12727,0.88131,0.88131,0.0,104.93332,81.7954,0.0,145.95952,0.0,30.0,0.0,0.10083,3.22256,2.67115,1.44872,0.69881,1.0,0.69881,1.0,1.0,0.0,0.7795,0.0,0.0,0.0,0.03613,0.03613
relu,machine-2-7,11,ramp,W3_b01,30,64,R0,0.09733,0.09635,3.13086,3.55576,2.4508,2.78857,1.4519,1.68612,7.55158,7.55158,0.0,61.61957,61.61957,0.0,0.0,94.0,0.09635,3.55576,2.78857,1.68612,0.8805,0.8805,1.0,0.87887,0.86109,1.0,0.0,1.0,0.0,0.00098,0.00098,0.0
relu,machine-2-7,11,ramp,W3_b01,30,64,R_all,0.09635,0.09578,3.54234,3.56125,2.7814,2.79498,1.67735,1.68971,2.59825,7.55158,2.81589,24.74423,61.61957,0.0,30.0,64.0,0.09635,3.55576,2.78857,1.68612,0.99623,0.99469,1.00154,0.99514,0.99268,0.34407,0.37289,0.40156,0.0,0.00057,0.0,-0.00057
relu,machine-2-7,11,ramp,W3_b01,30,64,R_fault,0.09635,0.09578,3.54234,3.56125,2.7814,2.79498,1.67735,1.68971,2.59825,7.55158,2.81589,24.74423,61.61957,0.0,30.0,64.0,0.09635,3.55576,2.78857,1.68612,0.99623,0.99469,1.00154,0.99514,0.99268,0.34407,0.37289,0.40156,0.0,0.00057,0.0,-0.00057
relu,machine-2-7,11,ramp,W3_b01,30,64,R_fault_rec,0.09253,0.09253,3.56612,3.56612,2.79793,2.79793,1.69118,1.69118,0.0,7.55158,3.83115,0.0,61.61957,0.0,38.0,56.0,0.09635,3.55576,2.78857,1.68612,1.00291,1.0,1.00291,1.0,1.0,0.0,0.50733,0.0,0.0,0.0,-0.00382,-0.00382
relu,machine-2-7,11,ramp,W3_b01,38,0,R0,0.10636,0.09635,0.47792,3.29017,0.66363,2.70957,-0.61564,1.50036,57.49336,57.49336,0.0,92.93016,92.93016,0.0,0.0,38.0,0.09635,3.29017,2.70957,1.50036,0.14526,0.14526,1.0,0.24492,-0.41033,1.0,0.0,1.0,0.0,0.01001,0.01001,0.0
relu,machine-2-7,11,ramp,W3_b01,38,0,R_all,0.13696,0.13696,2.25195,2.25195,2.12727,2.12727,0.88131,0.88131,0.0,57.49336,85.51613,0.0,92.93016,0.0,38.0,0.0,0.09635,3.29017,2.70957,1.50036,0.68445,1.0,0.68445,1.0,1.0,0.0,1.48741,0.0,0.0,0.0,0.04061,0.04061
relu,machine-2-7,11,ramp,W3_b01,38,0,R_fault,0.09676,0.09961,2.63452,2.99158,2.33486,2.55618,1.01575,1.2931,15.60775,57.49336,36.4238,32.02772,92.93016,0.0,30.0,8.0,0.09635,3.29017,2.70957,1.50036,0.80073,0.88065,0.90925,0.91342,0.78552,0.27147,0.63353,0.34464,0.0,-0.00285,0.00041,0.00326
relu,machine-2-7,11,ramp,W3_b01,38,0,R_fault_rec,0.13696,0.13696,2.25195,2.25195,2.12727,2.12727,0.88131,0.88131,0.0,57.49336,85.51613,0.0,92.93016,0.0,38.0,0.0,0.09635,3.29017,2.70957,1.50036,0.68445,1.0,0.68445,1.0,1.0,0.0,1.48741,0.0,0.0,0.0,0.04061,0.04061
relu,machine-2-7,11,ramp,W3_b01,38,64,R0,0.08838,0.08879,3.21982,3.64424,2.52318,2.86219,1.50754,1.74314,7.30848,7.30848,0.0,61.53081,61.53081,0.0,0.0,102.0,0.08879,3.64424,2.86219,1.74314,0.88354,0.88354,1.0,0.88156,0.86484,1.0,0.0,1.0,0.0,-0.00041,-0.00041,0.0
relu,machine-2-7,11,ramp,W3_b01,38,64,R_all,0.08358,0.08358,3.65694,3.65694,2.87361,2.87361,1.75139,1.75139,0.0,7.30848,3.50879,0.0,61.53081,0.0,38.0,64.0,0.08879,3.64424,2.86219,1.74314,1.00348,1.0,1.00348,1.0,1.0,0.0,0.4801,0.0,0.0,0.0,-0.00521,-0.00521
relu,machine-2-7,11,ramp,W3_b01,38,64,R_fault,0.08683,0.08659,3.63322,3.65292,2.85639,2.87157,1.7367,1.74953,2.56664,7.30848,2.60454,24.71048,61.53081,0.0,30.0,72.0,0.08879,3.64424,2.86219,1.74314,0.99698,0.99461,1.00238,0.99471,0.99267,0.35119,0.35637,0.4016,0.0,0.00024,-0.00195,-0.0022
relu,machine-2-7,11,ramp,W3_b01,38,64,R_fault_rec,0.08358,0.08358,3.65694,3.65694,2.87361,2.87361,1.75139,1.75139,0.0,7.30848,3.50879,0.0,61.53081,0.0,38.0,64.0,0.08879,3.64424,2.86219,1.74314,1.00348,1.0,1.00348,1.0,1.0,0.0,0.4801,0.0,0.0,0.0,-0.00521,-0.00521
relu,machine-2-7,11,ramp,W3_b01,46,0,R0,0.09831,0.09399,2.01525,3.3406,1.71982,2.74138,0.53506,1.54352,27.33665,27.33665,0.0,69.15029,69.15029,0.0,0.0,46.0,0.09399,3.3406,2.74138,1.54352,0.60326,0.60326,1.0,0.62736,0.34665,1.0,0.0,1.0,0.0,0.00431,0.00431,0.0
relu,machine-2-7,11,ramp,W3_b01,46,0,R_all,0.13696,0.13696,2.25195,2.25195,2.12727,2.12727,0.88131,0.88131,0.0,27.33665,89.13506,0.0,69.15029,0.0,46.0,0.0,0.09399,3.3406,2.74138,1.54352,0.67412,1.0,0.67412,1.0,1.0,0.0,3.26064,0.0,0.0,0.0,0.04297,0.04297
relu,machine-2-7,11,ramp,W3_b01,46,0,R_fault,0.09041,0.09237,3.12195,3.26387,2.60908,2.70069,1.3604,1.4818,7.57866,27.33665,16.1789,26.50845,69.15029,0.0,30.0,16.0,0.09399,3.3406,2.74138,1.54352,0.93455,0.95652,0.97703,0.96608,0.91807,0.27723,0.59184,0.38335,0.0,-0.00195,-0.00358,-0.00163
relu,machine-2-7,11,ramp,W3_b01,46,0,R_fault_rec,0.09391,0.09391,3.02454,3.02454,2.58121,2.58121,1.31622,1.31622,0.0,27.33665,38.33669,0.0,69.15029,0.0,38.0,8.0,0.09399,3.3406,2.74138,1.54352,0.90539,1.0,0.90539,1.0,1.0,0.0,1.40239,0.0,0.0,0.0,-8e-05,-8e-05
relu,machine-2-7,11,ramp,W3_b01,46,64,R0,0.07918,0.07967,3.35086,3.77824,2.60482,2.94421,1.59283,1.83331,6.89397,6.89397,0.0,61.46968,61.46968,0.0,0.0,110.0,0.07967,3.77824,2.94421,1.83331,0.88688,0.88688,1.0,0.88473,0.86883,1.0,0.0,1.0,0.0,-0.00049,-0.00049,0.0
relu,machine-2-7,11,ramp,W3_b01,46,64,R_all,0.07959,0.07959,3.78982,3.78982,2.958,2.958,1.84185,1.84185,0.0,6.89397,3.59422,0.0,61.46968,0.0,46.0,64.0,0.07967,3.77824,2.94421,1.83331,1.00306,1.0,1.00306,1.0,1.0,0.0,0.52136,0.0,0.0,0.0,-8e-05,-8e-05
relu,machine-2-7,11,ramp,W3_b01,46,64,R_fault,0.08016,0.07992,3.7647,3.78684,2.93712,2.95331,1.82538,1.84012,2.48367,6.89397,2.35,24.69607,61.46968,0.0,30.0,80.0,0.07967,3.77824,2.94421,1.83331,0.99642,0.99415,1.00227,0.99452,0.99199,0.36027,0.34088,0.40176,0.0,0.00024,0.00049,0.00024
relu,machine-2-7,11,ramp,W3_b01,46,64,R_fault_rec,0.08,0.08,3.78914,3.78914,2.95437,2.95437,1.84134,1.84134,0.0,6.89397,2.9984,0.0,61.46968,0.0,38.0,72.0,0.07967,3.77824,2.94421,1.83331,1.00289,1.0,1.00289,1.0,1.0,0.0,0.43493,0.0,0.0,0.0,0.00033,0.00033
relu,machine-2-7,11,ramp,W3_b05,30,0,R0,0.15641,0.09261,-3.81191,3.42854,-2.83762,2.67424,-2.86553,1.50257,163.1644,163.1644,0.0,222.92572,222.92572,0.0,0.0,30.0,0.09261,3.42854,2.67424,1.50257,-1.11182,-1.11182,1.0,-1.0611,-1.90709,1.0,0.0,1.0,0.0,0.0638,0.0638,0.0
relu,machine-2-7,11,ramp,W3_b05,30,0,R_all,0.11621,0.11621,2.32787,2.32787,2.18572,2.18572,0.97337,0.97337,0.0,163.1644,154.08544,0.0,222.92572,0.0,30.0,0.0,0.09261,3.42854,2.67424,1.50257,0.67897,1.0,0.67897,1.0,1.0,0.0,0.94436,0.0,0.0,0.0,0.0236,0.0236
relu,machine-2-7,11,ramp,W3_b05,30,0,R_fault,0.11621,0.11621,2.32787,2.32787,2.18572,2.18572,0.97337,0.97337,0.0,163.1644,154.08544,0.0,222.92572,0.0,30.0,0.0,0.09261,3.42854,2.67424,1.50257,0.67897,1.0,0.67897,1.0,1.0,0.0,0.94436,0.0,0.0,0.0,0.0236,0.0236
relu,machine-2-7,11,ramp,W3_b05,30,0,R_fault_rec,0.11621,0.11621,2.32787,2.32787,2.18572,2.18572,0.97337,0.97337,0.0,163.1644,154.08544,0.0,222.92572,0.0,30.0,0.0,0.09261,3.42854,2.67424,1.50257,0.67897,1.0,0.67897,1.0,1.0,0.0,0.94436,0.0,0.0,0.0,0.0236,0.0236
relu,machine-2-7,11,ramp,W3_b05,30,64,R0,0.13981,0.14242,4.01706,3.59191,3.0685,2.65907,1.88498,1.64082,11.45306,11.45306,0.0,106.89283,106.89283,0.0,0.0,94.0,0.14242,3.59191,2.65907,1.64082,1.11837,1.11837,1.0,1.15398,1.1488,1.0,0.0,1.0,0.0,-0.0026,-0.0026,0.0
relu,machine-2-7,11,ramp,W3_b05,30,64,R_all,0.14787,0.14315,3.45774,3.59838,2.65292,2.67966,1.57668,1.64894,11.34721,11.45306,7.05266,102.31488,106.89283,0.0,30.0,64.0,0.14242,3.59191,2.65907,1.64082,0.96265,0.96092,1.0018,0.99002,0.95618,0.99076,0.61579,0.95717,0.0,0.00472,0.00545,0.00073
relu,machine-2-7,11,ramp,W3_b05,30,64,R_fault,0.14787,0.14315,3.45774,3.59838,2.65292,2.67966,1.57668,1.64894,11.34721,11.45306,7.05266,102.31488,106.89283,0.0,30.0,64.0,0.14242,3.59191,2.65907,1.64082,0.96265,0.96092,1.0018,0.99002,0.95618,0.99076,0.61579,0.95717,0.0,0.00472,0.00545,0.00073
relu,machine-2-7,11,ramp,W3_b05,30,64,R_fault_rec,0.13249,0.13249,3.632,3.632,2.69759,2.69759,1.66704,1.66704,0.0,11.45306,8.95785,0.0,106.89283,0.0,38.0,56.0,0.14242,3.59191,2.65907,1.64082,1.01116,1.0,1.01116,1.0,1.0,0.0,0.78214,0.0,0.0,0.0,-0.00993,-0.00993
relu,machine-2-7,11,ramp,W3_b05,38,0,R0,0.09928,0.09033,2.69885,3.38896,2.16245,2.6603,0.78369,1.47703,43.62168,43.62168,0.0,121.34194,121.34194,0.0,0.0,38.0,0.09033,3.38896,2.6603,1.47703,0.79637,0.79637,1.0,0.81286,0.53058,1.0,0.0,1.0,0.0,0.00895,0.00895,0.0
relu,machine-2-7,11,ramp,W3_b05,38,0,R_all,0.11621,0.11621,2.32787,2.32787,2.18572,2.18572,0.97337,0.97337,0.0,43.62168,154.89601,0.0,121.34194,0.0,38.0,0.0,0.09033,3.38896,2.6603,1.47703,0.6869,1.0,0.6869,1.0,1.0,0.0,3.55089,0.0,0.0,0.0,0.02588,0.02588
relu,machine-2-7,11,ramp,W3_b05,38,0,R_fault,0.09049,0.09123,2.64214,3.40083,2.16495,2.67046,0.91962,1.49031,40.13744,43.62168,7.60428,114.65542,121.34194,0.0,30.0,8.0,0.09033,3.38896,2.6603,1.47703,0.77963,0.77691,1.0035,0.8107,0.61707,0.92013,0.17432,0.9449,0.0,-0.00073,0.00016,0.0009
relu,machine-2-7,11,ramp,W3_b05,38,0,R_fault_rec,0.11621,0.11621,2.32787,2.32787,2.18572,2.18572,0.97337,0.97337,0.0,43.62168,154.89601,0.0,121.34194,0.0,38.0,0.0,0.09033,3.38896,2.6603,1.47703,0.6869,1.0,0.6869,1.0,1.0,0.0,3.55089,0.0,0.0,0.0,0.02588,0.02588
relu,machine-2-7,11,ramp,W3_b05,38,64,R0,0.11174,0.11401,4.36325,3.92052,3.40172,2.98936,2.0951,1.83955,10.5329,10.5329,0.0,106.6183,106.6183,0.0,0.0,102.0,0.11401,3.92052,2.98936,1.83955,1.11293,1.11293,1.0,1.13794,1.13891,1.0,0.0,1.0,0.0,-0.00228,-0.00228,0.0
relu,machine-2-7,11,ramp,W3_b05,38,64,R_all,0.1145,0.1145,3.95148,3.95148,3.01978,3.01978,1.8643,1.8643,0.0,10.5329,7.46461,0.0,106.6183,0.0,38.0,64.0,0.11401,3.92052,2.98936,1.83955,1.0079,1.0,1.0079,1.0,1.0,0.0,0.70869,0.0,0.0,0.0,0.00049,0.00049
relu,machine-2-7,11,ramp,W3_b05,38,64,R_fault,0.11735,0.11491,3.81906,3.9363,2.98257,3.01059,1.79794,1.85433,10.99994,10.5329,6.19697,102.02019,106.6183,0.0,30.0,72.0,0.11401,3.92052,2.98936,1.83955,0.97412,0.97022,1.00402,0.99069,0.96959,1.04434,0.58834,0.95687,0.0,0.00244,0.00334,0.0009
relu,machine-2-7,11,ramp,W3_b05,38,64,R_fault_rec,0.1145,0.1145,3.95148,3.95148,3.01978,3.01978,1.8643,1.8643,0.0,10.5329,7.46461,0.0,106.6183,0.0,38.0,64.0,0.11401,3.92052,2.98936,1.83955,1.0079,1.0,1.0079,1.0,1.0,0.0,0.70869,0.0,0.0,0.0,0.00049,0.00049
relu,machine-2-7,11,ramp,W3_b05,46,0,R0,0.09497,0.09497,3.9871,3.56031,3.17906,2.79028,1.88207,1.6399,12.33613,12.33613,0.0,108.75891,108.75891,0.0,0.0,46.0,0.09497,3.56031,2.79028,1.6399,1.11987,1.11987,1.0,1.13933,1.14768,1.0,0.0,1.0,0.0,0.0,0.0,0.0
relu,machine-2-7,11,ramp,W3_b05,46,0,R_all,0.11621,0.11621,2.32787,2.32787,2.18572,2.18572,0.97337,0.97337,0.0,12.33613,160.41994,0.0,108.75891,0.0,46.0,0.0,0.09497,3.56031,2.79028,1.6399,0.65384,1.0,0.65384,1.0,1.0,0.0,13.00408,0.0,0.0,0.0,0.02124,0.02124
relu,machine-2-7,11,ramp,W3_b05,46,0,R_fault,0.10042,0.09749,3.48917,3.56313,2.77631,2.78592,1.6315,1.6451,11.55375,12.33613,7.16094,103.69054,108.75891,0.0,30.0,16.0,0.09497,3.56031,2.79028,1.6399,0.98002,0.97924,1.00079,0.99655,0.99174,0.93658,0.58049,0.9534,0.0,0.00293,0.00545,0.00252
relu,machine-2-7,11,ramp,W3_b05,46,0,R_fault_rec,0.08553,0.08553,3.60316,3.60316,2.81943,2.81943,1.66365,1.66365,0.0,12.33613,10.28135,0.0,108.75891,0.0,38.0,8.0,0.09497,3.56031,2.79028,1.6399,1.01203,1.0,1.01203,1.0,1.0,0.0,0.83343,0.0,0.0,0.0,-0.00944,-0.00944
relu,machine-2-7,11,ramp,W3_b05,46,64,R0,0.10482,0.10571,4.63474,4.20227,3.52127,3.10914,2.28715,2.03493,10.02499,10.02499,0.0,106.50258,106.50258,0.0,0.0,110.0,0.10571,4.20227,3.10914,2.03493,1.10291,1.10291,1.0,1.13255,1.12394,1.0,0.0,1.0,0.0,-0.0009,-0.0009,0.0
relu,machine-2-7,11,ramp,W3_b05,46,64,R_all,0.10661,0.10661,4.2371,4.2371,3.13475,3.13475,2.06504,2.06504,0.0,10.02499,7.45754,0.0,106.50258,0.0,46.0,64.0,0.10571,4.20227,3.10914,2.03493,1.00829,1.0,1.00829,1.0,1.0,0.0,0.74389,0.0,0.0,0.0,0.0009,0.0009
relu,machine-2-7,11,ramp,W3_b05,46,64,R_fault,0.10856,0.10604,4.07322,4.21432,3.0822,3.12548,1.97202,2.0475,10.35901,10.02499,5.58121,101.92703,106.50258,0.0,30.0,80.0,0.10571,4.20227,3.10914,2.03493,0.96929,0.96652,1.00287,0.98615,0.96314,1.03332,0.55673,0.95704,0.0,0.00252,0.00285,0.00033
relu,machine-2-7,11,ramp,W3_b05,46,64,R_fault_rec,0.10661,0.10661,4.22537,4.22537,3.12915,3.12915,2.05642,2.05642,0.0,10.02499,6.48023,0.0,106.50258,0.0,38.0,72.0,0.10571,4.20227,3.10914,2.03493,1.0055,1.0,1.0055,1.0,1.0,0.0,0.64641,0.0,0.0,0.0,0.0009,0.0009
relu,machine-2-7,22,level,W1,30,0,R0,0.35189,0.16797,-2.35574,3.18863,-1.828,2.8009,-1.88296,1.39748,108.99716,108.99716,0.0,0.0,0.0,0.0,0.0,0.0,0.16797,3.18863,2.8009,1.39748,-0.73879,-0.73879,1.0,-0.65265,-1.3474,1.0,0.0,,0.0,0.18392,0.18392,0.0
relu,machine-2-7,22,level,W1,30,0,R_all,0.31527,0.31527,2.03977,2.03977,2.02241,2.02241,0.79961,0.79961,0.0,108.99716,126.21223,0.0,0.0,0.0,30.0,0.0,0.16797,3.18863,2.8009,1.39748,0.6397,1.0,0.6397,1.0,1.0,0.0,1.15794,,0.0,0.0,0.1473,0.1473
relu,machine-2-7,22,level,W1,30,0,R_fault,0.31527,0.31527,2.03977,2.03977,2.02241,2.02241,0.79961,0.79961,0.0,108.99716,126.21223,0.0,0.0,0.0,30.0,0.0,0.16797,3.18863,2.8009,1.39748,0.6397,1.0,0.6397,1.0,1.0,0.0,1.15794,,0.0,0.0,0.1473,0.1473
relu,machine-2-7,22,level,W1,30,0,R_fault_rec,0.31527,0.31527,2.03977,2.03977,2.02241,2.02241,0.79961,0.79961,0.0,108.99716,126.21223,0.0,0.0,0.0,30.0,0.0,0.16797,3.18863,2.8009,1.39748,0.6397,1.0,0.6397,1.0,1.0,0.0,1.15794,,0.0,0.0,0.1473,0.1473
relu,machine-2-7,22,level,W1,30,64,R0,0.07902,0.08773,1.05434,3.52894,0.91411,3.07132,0.91967,1.61033,24.97966,24.97966,0.0,0.0,0.0,0.0,0.0,0.0,0.08773,3.52894,3.07132,1.61033,0.29877,0.29877,1.0,0.29763,0.5711,1.0,0.0,,0.0,-0.00871,-0.00871,0.0
relu,machine-2-7,22,level,W1,30,64,R_all,0.07894,0.07902,3.57906,3.51601,3.05272,3.04225,1.65887,1.65279,7.53109,24.97966,7.20776,0.0,0.0,0.0,30.0,0.0,0.08773,3.52894,3.07132,1.61033,1.0142,1.01793,0.99634,1.00344,1.00368,0.30149,0.28855,,0.0,-8e-05,-0.00879,-0.00871
relu,machine-2-7,22,level,W1,30,64,R_fault,0.07894,0.07902,3.57906,3.51601,3.05272,3.04225,1.65887,1.65279,7.53109,24.97966,7.20776,0.0,0.0,0.0,30.0,0.0,0.08773,3.52894,3.07132,1.61033,1.0142,1.01793,0.99634,1.00344,1.00368,0.30149,0.28855,,0.0,-8e-05,-0.00879,-0.00871
relu,machine-2-7,22,level,W1,30,64,R_fault_rec,0.07918,0.07918,3.4904,3.4904,3.01141,3.01141,1.63971,1.63971,0.0,24.97966,10.91267,0.0,0.0,0.0,38.0,0.0,0.08773,3.52894,3.07132,1.61033,0.98908,1.0,0.98908,1.0,1.0,0.0,0.43686,,0.0,0.0,-0.00854,-0.00854
relu,machine-2-7,22,level,W1,38,0,R0,0.12915,0.14453,-0.67636,3.26831,-0.32867,2.87052,-0.64291,1.43561,71.72612,71.72612,0.0,0.0,0.0,0.0,0.0,0.0,0.14453,3.26831,2.87052,1.43561,-0.20695,-0.20695,1.0,-0.1145,-0.44783,1.0,0.0,,0.0,-0.01538,-0.01538,0.0
relu,machine-2-7,22,level,W1,38,0,R_all,0.31527,0.31527,2.03977,2.03977,2.02241,2.02241,0.79961,0.79961,0.0,71.72612,125.13921,0.0,0.0,0.0,38.0,0.0,0.14453,3.26831,2.87052,1.43561,0.62411,1.0,0.62411,1.0,1.0,0.0,1.74468,,0.0,0.0,0.17074,0.17074
relu,machine-2-7,22,level,W1,38,0,R_fault,0.12451,0.11816,3.40795,3.33681,2.8572,2.89049,1.57814,1.52847,19.47156,71.72612,18.71784,0.0,0.0,0.0,30.0,0.0,0.14453,3.26831,2.87052,1.43561,1.04272,1.02132,1.02096,0.98848,1.0325,0.27147,0.26096,,0.0,0.00635,-0.02002,-0.02637
relu,machine-2-7,22,level,W1,38,0,R_fault_rec,0.31527,0.31527,2.03977,2.03977,2.02241,2.02241,0.79961,0.79961,0.0,71.72612,125.13921,0.0,0.0,0.0,38.0,0.0,0.14453,3.26831,2.87052,1.43561,0.62411,1.0,0.62411,1.0,1.0,0.0,1.74468,,0.0,0.0,0.17074,0.17074
relu,machine-2-7,22,level,W1,38,64,R0,0.07715,0.0835,1.15335,3.51741,1.02255,3.07381,1.00628,1.60826,22.20791,22.20791,0.0,0.0,0.0,0.0,0.0,0.0,0.0835,3.51741,3.07381,1.60826,0.3279,0.3279,1.0,0.33266,0.62569,1.0,0.0,,0.0,-0.00635,-0.00635,0.0
relu,machine-2-7,22,level,W1,38,64,R_all,0.07731,0.07731,3.52387,3.52387,3.06692,3.06692,1.6662,1.6662,0.0,22.20791,8.52608,0.0,0.0,0.0,38.0,0.0,0.0835,3.51741,3.07381,1.60826,1.00184,1.0,1.00184,1.0,1.0,0.0,0.38392,,0.0,0.0,-0.00618,-0.00618
relu,machine-2-7,22,level,W1,38,64,R_fault,0.07707,0.07715,3.62304,3.51146,3.12245,3.04973,1.70429,1.65626,6.39231,22.20791,6.43198,0.0,0.0,0.0,30.0,0.0,0.0835,3.51741,3.07381,1.60826,1.03003,1.03178,0.99831,1.02385,1.029,0.28784,0.28963,,0.0,-8e-05,-0.00643,-0.00635
relu,machine-2-7,22,level,W1,38,64,R_fault_rec,0.07731,0.07731,3.52387,3.52387,3.06692,3.06692,1.6662,1.6662,0.0,22.20791,8.52608,0.0,0.0,0.0,38.0,0.0,0.0835,3.51741,3.07381,1.60826,1.00184,1.0,1.00184,1.0,1.0,0.0,0.38392,,0.0,0.0,-0.00618,-0.00618
relu,machine-2-7,22,level,W1,46,0,R0,0.11369,0.13501,0.46589,3.28079,0.45544,2.9068,0.40663,1.45528,38.89599,38.89599,0.0,0.0,0.0,0.0,0.0,0.0,0.13501,3.28079,2.9068,1.45528,0.14201,0.14201,1.0,0.15668,0.27942,1.0,0.0,,0.0,-0.02132,-0.02132,0.0
relu,machine-2-7,22,level,W1,46,0,R_all,0.31527,0.31527,2.03977,2.03977,2.02241,2.02241,0.79961,0.79961,0.0,38.89599,125.36936,0.0,0.0,0.0,46.0,0.0,0.13501,3.28079,2.9068,1.45528,0.62173,1.0,0.62173,1.0,1.0,0.0,3.2232,,0.0,0.0,0.18026,0.18026
relu,machine-2-7,22,level,W1,46,0,R_fault,0.10335,0.11621,3.15442,3.30099,2.75689,2.89357,1.34906,1.51871,15.10635,38.89599,14.97163,0.0,0.0,0.0,30.0,0.0,0.13501,3.28079,2.9068,1.45528,0.96148,0.9556,1.00616,0.95276,0.8883,0.38838,0.38491,,0.0,-0.01286,-0.03166,-0.0188
relu,machine-2-7,22,level,W1,46,0,R_fault_rec,0.1049,0.1049,3.06331,3.06331,2.65851,2.65851,1.36756,1.36756,0.0,38.89599,25.28007,0.0,0.0,0.0,38.0,0.0,0.13501,3.28079,2.9068,1.45528,0.93371,1.0,0.93371,1.0,1.0,0.0,0.64994,,0.0,0.0,-0.03011,-0.03011
relu,machine-2-7,22,level,W1,46,64,R0,0.07422,0.07992,1.1852,3.50827,1.0911,3.11139,1.01311,1.60055,20.57742,20.57742,0.0,0.0,0.0,0.0,0.0,0.0,0.07992,3.50827,3.11139,1.60055,0.33783,0.33783,1.0,0.35068,0.63297,1.0,0.0,,0.0,-0.0057,-0.0057,0.0
relu,machine-2-7,22,level,W1,46,64,R_all,0.07576,0.07576,3.49368,3.49368,3.08371,3.08371,1.64412,1.64412,0.0,20.57742,11.15855,0.0,0.0,0.0,46.0,0.0,0.07992,3.50827,3.11139,1.60055,0.99584,1.0,0.99584,1.0,1.0,0.0,0.54227,,0.0,0.0,-0.00415,-0.00415
relu,machine-2-7,22,level,W1,46,64,R_fault,0.07406,0.07422,3.63649,3.50598,3.18016,3.09183,1.70444,1.64718,5.57772,20.57742,5.7897,0.0,0.0,0.0,30.0,0.0,0.07992,3.50827,3.11139,1.60055,1.03655,1.03723,0.99935,1.02857,1.03476,0.27106,0.28136,,0.0,-0.00016,-0.00586,-0.0057
relu,machine-2-7,22,level,W1,46,64,R_fault_rec,0.0743,0.0743,3.51936,3.51936,3.10434,3.10434,1.65817,1.65817,0.0,20.57742,7.4766,0.0,0.0,0.0,38.0,0.0,0.07992,3.50827,3.11139,1.60055,1.00316,1.0,1.00316,1.0,1.0,0.0,0.36334,,0.0,0.0,-0.00562,-0.00562
relu,machine-2-7,22,level,W2_f0995,30,0,R0,0.03727,0.03646,1.1245,2.05124,1.13989,2.04457,0.1697,0.78503,23.13614,23.13614,0.0,4216.37165,4216.37165,0.0,0.0,0.0,0.03646,2.05124,2.04457,0.78503,0.54821,0.54821,1.0,0.55752,0.21617,1.0,0.0,1.0,0.0,0.00081,0.00081,0.0
relu,machine-2-7,22,level,W2_f0995,30,0,R_all,0.04077,0.04077,1.77895,1.77895,1.80419,1.80419,0.66292,0.66292,0.0,23.13614,33.02924,0.0,4216.37165,0.0,30.0,0.0,0.03646,2.05124,2.04457,0.78503,0.86726,1.0,0.86726,1.0,1.0,0.0,1.4276,0.0,0.0,0.0,0.00431,0.00431
relu,machine-2-7,22,level,W2_f0995,30,0,R_fault,0.04077,0.04077,1.77895,1.77895,1.80419,1.80419,0.66292,0.66292,0.0,23.13614,33.02924,0.0,4216.37165,0.0,30.0,0.0,0.03646,2.05124,2.04457,0.78503,0.86726,1.0,0.86726,1.0,1.0,0.0,1.4276,0.0,0.0,0.0,0.00431,0.00431
relu,machine-2-7,22,level,W2_f0995,30,0,R_fault_rec,0.04077,0.04077,1.77895,1.77895,1.80419,1.80419,0.66292,0.66292,0.0,23.13614,33.02924,0.0,4216.37165,0.0,30.0,0.0,0.03646,2.05124,2.04457,0.78503,0.86726,1.0,0.86726,1.0,1.0,0.0,1.4276,0.0,0.0,0.0,0.00431,0.00431
relu,machine-2-7,22,level,W2_f0995,30,64,R0,0.0328,0.03247,1.87505,2.52606,1.80682,2.43317,0.56223,1.02791,15.27547,15.27547,0.0,3215.0847,3215.0847,0.0,0.0,0.0,0.03247,2.52606,2.43317,1.02791,0.74228,0.74228,1.0,0.74258,0.54696,1.0,0.0,1.0,0.0,0.00033,0.00033,0.0
relu,machine-2-7,22,level,W2_f0995,30,64,R_all,0.03312,0.03312,2.37173,2.38827,2.30377,2.31892,0.94189,0.95372,0.36467,15.27547,14.28842,343.6527,3215.0847,6.01826,30.0,0.0,0.03247,2.52606,2.43317,1.02791,0.9389,0.99307,0.94545,0.99346,0.98759,0.02387,0.93538,0.10689,0.39398,0.0,0.00065,0.00065
relu,machine-2-7,22,level,W2_f0995,30,64,R_fault,0.03312,0.03312,2.37173,2.38827,2.30377,2.31892,0.94189,0.95372,0.36467,15.27547,14.28842,343.6527,3215.0847,6.01826,30.0,0.0,0.03247,2.52606,2.43317,1.02791,0.9389,0.99307,0.94545,0.99346,0.98759,0.02387,0.93538,0.10689,0.39398,0.0,0.00065,0.00065
relu,machine-2-7,22,level,W2_f0995,30,64,R_fault_rec,0.03377,0.03377,2.33947,2.33947,2.27817,2.27817,0.92844,0.92844,0.0,15.27547,18.91599,0.0,3215.0847,7.36138,38.0,0.0,0.03247,2.52606,2.43317,1.02791,0.92613,1.0,0.92613,1.0,1.0,0.0,1.23832,0.0,0.48191,0.0,0.0013,0.0013
relu,machine-2-7,22,level,W2_f0995,38,0,R0,0.03654,0.03524,1.20729,2.11903,1.21629,2.10328,0.20391,0.81708,22.025,22.025,0.0,4256.9632,4256.9632,0.0,0.0,0.0,0.03524,2.11903,2.10328,0.81708,0.56974,0.56974,1.0,0.57828,0.24956,1.0,0.0,1.0,0.0,0.0013,0.0013,0.0
relu,machine-2-7,22,level,W2_f0995,38,0,R_all,0.04077,0.04077,1.77895,1.77895,1.80419,1.80419,0.66292,0.66292,0.0,22.025,40.16031,0.0,4256.9632,0.0,38.0,0.0,0.03524,2.11903,2.10328,0.81708,0.83951,1.0,0.83951,1.0,1.0,0.0,1.8234,0.0,0.0,0.0,0.00553,0.00553
relu,machine-2-7,22,level,W2_f0995,38,0,R_fault,0.04012,0.04012,1.81954,1.86748,1.83708,1.88192,0.66843,0.70115,0.82628,22.025,29.34028,455.0166,4256.9632,1.36304,30.0,0.0,0.03524,2.11903,2.10328,0.81708,0.85866,0.97433,0.88129,0.97618,0.95333,0.03752,1.33213,0.10689,0.06189,0.0,0.00488,0.00488
relu,machine-2-7,22,level,W2_f0995,38,0,R_fault_rec,0.04077,0.04077,1.77895,1.77895,1.80419,1.80419,0.66292,0.66292,0.0,22.025,40.16031,0.0,4256.9632,0.0,38.0,0.0,0.03524,2.11903,2.10328,0.81708,0.83951,1.0,0.83951,1.0,1.0,0.0,1.8234,0.0,0.0,0.0,0.00553,0.00553
relu,machine-2-7,22,level,W2_f0995,38,64,R0,0.03231,0.03174,1.95846,2.57919,1.87656,2.47319,0.61104,1.05872,14.53416,14.53416,0.0,3088.7095,3088.7095,0.0,0.0,0.0,0.03174,2.57919,2.47319,1.05872,0.75933,0.75933,1.0,0.75876,0.57715,1.0,0.0,1.0,0.0,0.00057,0.00057,0.0
relu,machine-2-7,22,level,W2_f0995,38,64,R_all,0.03239,0.03239,2.41045,2.41045,2.33445,2.33445,0.96696,0.96696,0.0,14.53416,17.14766,0.0,3088.7095,7.83116,38.0,0.0,0.03174,2.57919,2.47319,1.05872,0.93458,1.0,0.93458,1.0,1.0,0.0,1.17982,0.0,0.53881,0.0,0.00065,0.00065
relu,machine-2-7,22,level,W2_f0995,38,64,R_fault,0.03223,0.03231,2.44044,2.45482,2.35786,2.37107,0.98005,0.9904,0.33051,14.53416,12.97619,330.14476,3088.7095,6.31515,30.0,0.0,0.03174,2.57919,2.47319,1.05872,0.9462,0.99414,0.95178,0.99443,0.98955,0.02274,0.89281,0.10689,0.4345,-8e-05,0.00049,0.00057
relu,machine-2-7,22,level,W2_f0995,38,64,R_fault_rec,0.03239,0.03239,2.41045,2.41045,2.33445,2.33445,0.96696,0.96696,0.0,14.53416,17.14766,0.0,3088.7095,7.83116,38.0,0.0,0.03174,2.57919,2.47319,1.05872,0.93458,1.0,0.93458,1.0,1.0,0.0,1.17982,0.0,0.53881,0.0,0.00065,0.00065
relu,machine-2-7,22,level,W2_f0995,46,0,R0,0.03491,0.03442,1.3161,2.18295,1.31515,2.15708,0.25971,0.84782,20.84088,20.84088,0.0,4089.63494,4089.63494,0.0,0.0,0.0,0.03442,2.18295,2.15708,0.84782,0.6029,0.6029,1.0,0.60969,0.30632,1.0,0.0,1.0,0.0,0.00049,0.00049,0.0
relu,machine-2-7,22,level,W2_f0995,46,0,R_all,0.04077,0.04077,1.77895,1.77895,1.80419,1.80419,0.66292,0.66292,0.0,20.84088,47.45374,0.0,4089.63494,0.0,46.0,0.0,0.03442,2.18295,2.15708,0.84782,0.81493,1.0,0.81493,1.0,1.0,0.0,2.27695,0.0,0.0,0.0,0.00635,0.00635
relu,machine-2-7,22,level,W2_f0995,46,0,R_fault,0.03914,0.03914,1.91061,1.95131,1.91624,1.9542,0.71017,0.73813,0.72304,20.84088,26.07819,437.13128,4089.63494,2.63359,30.0,0.0,0.03442,2.18295,2.15708,0.84782,0.87524,0.97914,0.89389,0.98057,0.96212,0.03469,1.2513,0.10689,0.12637,0.0,0.00472,0.00472
relu,machine-2-7,22,level,W2_f0995,46,0,R_fault_rec,0.04012,0.04012,1.8697,1.8697,1.88255,1.88255,0.70172,0.70172,0.0,20.84088,35.49759,0.0,4089.63494,2.01852,38.0,0.0,0.03442,2.18295,2.15708,0.84782,0.8565,1.0,0.8565,1.0,1.0,0.0,1.70327,0.0,0.09685,0.0,0.0057,0.0057
relu,machine-2-7,22,level,W2_f0995,46,64,R0,0.03109,0.03068,2.0381,2.63052,1.94147,2.5106,0.6577,1.08849,13.84038,13.84038,0.0,2967.30173,2967.30173,0.0,0.0,0.0,0.03068,2.63052,2.5106,1.08849,0.77479,0.77479,1.0,0.77331,0.60423,1.0,0.0,1.0,0.0,0.00041,0.00041,0.0
relu,machine-2-7,22,level,W2_f0995,46,64,R_all,0.03215,0.03215,2.43601,2.43601,2.35258,2.35258,0.98113,0.98113,0.0,13.84038,20.27365,0.0,2967.30173,9.569,46.0,0.0,0.03068,2.63052,2.5106,1.08849,0.92606,1.0,0.92606,1.0,1.0,0.0,1.46482,0.0,0.69138,0.0,0.00146,0.00146
relu,machine-2-7,22,level,W2_f0995,46,64,R_fault,0.03166,0.03166,2.50515,2.51771,2.40711,2.4187,1.0163,1.02538,0.30125,13.84038,11.8886,317.16777,2967.30173,6.49974,30.0,0.0,0.03068,2.63052,2.5106,1.08849,0.95234,0.99501,0.95711,0.99521,0.99114,0.02177,0.85898,0.10689,0.46962,0.0,0.00098,0.00098
relu,machine-2-7,22,level,W2_f0995,46,64,R_fault_rec,0.03158,0.03158,2.47733,2.47733,2.38573,2.38573,1.00364,1.00364,0.0,13.84038,15.68253,0.0,2967.30173,8.13554,38.0,0.0,0.03068,2.63052,2.5106,1.08849,0.94176,1.0,0.94176,1.0,1.0,0.0,1.1331,0.0,0.58781,0.0,0.0009,0.0009
relu,machine-2-7,22,level,W3_b01,30,0,R0,0.12777,0.0603,-2.61965,3.65464,-2.11625,3.42165,-2.15081,1.73604,112.61235,112.61235,0.0,148.93996,148.93996,0.0,0.0,30.0,0.0603,3.65464,3.42165,1.73604,-0.7168,-0.7168,1.0,-0.61849,-1.23892,1.0,0.0,1.0,0.0,0.06746,0.06746,0.0
relu,machine-2-7,22,level,W3_b01,30,0,R_all,0.25098,0.25098,1.95524,1.95524,1.96511,1.96511,0.75888,0.75888,0.0,112.61235,142.55298,0.0,148.93996,0.0,30.0,0.0,0.0603,3.65464,3.42165,1.73604,0.535,1.0,0.535,1.0,1.0,0.0,1.26587,0.0,0.0,0.0,0.19067,0.19067
relu,machine-2-7,22,level,W3_b01,30,0,R_fault,0.25098,0.25098,1.95524,1.95524,1.96511,1.96511,0.75888,0.75888,0.0,112.61235,142.55298,0.0,148.93996,0.0,30.0,0.0,0.0603,3.65464,3.42165,1.73604,0.535,1.0,0.535,1.0,1.0,0.0,1.26587,0.0,0.0,0.0,0.19067,0.19067
relu,machine-2-7,22,level,W3_b01,30,0,R_fault_rec,0.25098,0.25098,1.95524,1.95524,1.96511,1.96511,0.75888,0.75888,0.0,112.61235,142.55298,0.0,148.93996,0.0,30.0,0.0,0.0603,3.65464,3.42165,1.73604,0.535,1.0,0.535,1.0,1.0,0.0,1.26587,0.0,0.0,0.0,0.19067,0.19067
relu,machine-2-7,22,level,W3_b01,30,64,R0,0.0284,0.02791,3.42811,3.88253,3.1056,3.53249,1.6383,1.89497,7.42569,7.42569,0.0,70.27139,70.27139,0.0,0.0,94.0,0.02791,3.88253,3.53249,1.89497,0.88296,0.88296,1.0,0.87915,0.86455,1.0,0.0,1.0,0.0,0.00049,0.00049,0.0
relu,machine-2-7,22,level,W3_b01,30,64,R_all,0.02808,0.02799,3.81431,3.89143,3.47476,3.54161,1.8652,1.90569,3.24126,7.42569,2.87758,35.40872,70.27139,0.0,30.0,64.0,0.02791,3.88253,3.53249,1.89497,0.98243,0.98018,1.00229,0.98112,0.97876,0.43649,0.38752,0.50389,0.0,8e-05,0.00016,8e-05
relu,machine-2-7,22,level,W3_b01,30,64,R_fault,0.02808,0.02799,3.81431,3.89143,3.47476,3.54161,1.8652,1.90569,3.24126,7.42569,2.87758,35.40872,70.27139,0.0,30.0,64.0,0.02791,3.88253,3.53249,1.89497,0.98243,0.98018,1.00229,0.98112,0.97876,0.43649,0.38752,0.50389,0.0,8e-05,0.00016,8e-05
relu,machine-2-7,22,level,W3_b01,30,64,R_fault_rec,0.02799,0.02799,3.89609,3.89609,3.54545,3.54545,1.91093,1.91093,0.0,7.42569,4.32873,0.0,70.27139,0.0,38.0,56.0,0.02791,3.88253,3.53249,1.89497,1.00349,1.0,1.00349,1.0,1.0,0.0,0.58294,0.0,0.0,0.0,8e-05,8e-05
relu,machine-2-7,22,level,W3_b01,38,0,R0,0.03589,0.03003,0.44006,3.75333,0.62748,3.46965,-0.89078,1.80227,60.65156,60.65156,0.0,98.49032,98.49032,0.0,0.0,38.0,0.03003,3.75333,3.46965,1.80227,0.11725,0.11725,1.0,0.18085,-0.49426,1.0,0.0,1.0,0.0,0.00586,0.00586,0.0
relu,machine-2-7,22,level,W3_b01,38,0,R_all,0.25098,0.25098,1.95524,1.95524,1.96511,1.96511,0.75888,0.75888,0.0,60.65156,144.36557,0.0,98.49032,0.0,38.0,0.0,0.03003,3.75333,3.46965,1.80227,0.52093,1.0,0.52093,1.0,1.0,0.0,2.38024,0.0,0.0,0.0,0.22095,0.22095
relu,machine-2-7,22,level,W3_b01,38,0,R_fault,0.04167,0.03988,2.63192,3.1286,2.54458,2.96851,0.9812,1.37653,16.22367,60.65156,63.30406,40.1603,98.49032,0.0,30.0,8.0,0.03003,3.75333,3.46965,1.80227,0.70122,0.84125,0.83355,0.85719,0.71281,0.26749,1.04373,0.40776,0.0,0.00179,0.01164,0.00985
relu,machine-2-7,22,level,W3_b01,38,0,R_fault_rec,0.25098,0.25098,1.95524,1.95524,1.96511,1.96511,0.75888,0.75888,0.0,60.65156,144.36557,0.0,98.49032,0.0,38.0,0.0,0.03003,3.75333,3.46965,1.80227,0.52093,1.0,0.52093,1.0,1.0,0.0,2.38024,0.0,0.0,0.0,0.22095,0.22095
relu,machine-2-7,22,level,W3_b01,38,64,R0,0.06755,0.06706,3.3604,3.80421,3.02141,3.4351,1.6251,1.87426,7.39196,7.39196,0.0,70.20172,70.20172,0.0,0.0,102.0,0.06706,3.80421,3.4351,1.87426,0.88334,0.88334,1.0,0.87957,0.86707,1.0,0.0,1.0,0.0,0.00049,0.00049,0.0
relu,machine-2-7,22,level,W3_b01,38,64,R_all,0.06706,0.06706,3.81378,3.81378,3.44432,3.44432,1.88574,1.88574,0.0,7.39196,3.85634,0.0,70.20172,0.0,38.0,64.0,0.06706,3.80421,3.4351,1.87426,1.00251,1.0,1.00251,1.0,1.0,0.0,0.52169,0.0,0.0,0.0,0.0,0.0
relu,machine-2-7,22,level,W3_b01,38,64,R_fault,0.06689,0.06706,3.7376,3.80866,3.37932,3.43979,1.8449,1.8811,3.22733,7.39196,2.71702,35.38109,70.20172,0.0,30.0,72.0,0.06706,3.80421,3.4351,1.87426,0.98249,0.98134,1.00117,0.98242,0.98075,0.4366,0.36756,0.50399,0.0,-0.00016,-0.00016,0.0
relu,machine-2-7,22,level,W3_b01,38,64,R_fault_rec,0.06706,0.06706,3.81378,3.81378,3.44432,3.44432,1.88574,1.88574,0.0,7.39196,3.85634,0.0,70.20172,0.0,38.0,64.0,0.06706,3.80421,3.4351,1.87426,1.00251,1.0,1.00251,1.0,1.0,0.0,0.52169,0.0,0.0,0.0,0.0,0.0
relu,machine-2-7,22,level,W3_b01,46,0,R0,0.06746,0.06576,2.15412,3.63536,2.07373,3.3706,0.5385,1.73763,28.60928,28.60928,0.0,76.84057,76.84057,0.0,0.0,46.0,0.06576,3.63536,3.3706,1.73763,0.59255,0.59255,1.0,0.61524,0.3099,1.0,0.0,1.0,0.0,0.00171,0.00171,0.0
relu,machine-2-7,22,level,W3_b01,46,0,R_all,0.25098,0.25098,1.95524,1.95524,1.96511,1.96511,0.75888,0.75888,0.0,28.60928,150.37098,0.0,76.84057,0.0,46.0,0.0,0.06576,3.63536,3.3706,1.73763,0.53784,1.0,0.53784,1.0,1.0,0.0,5.25602,0.0,0.0,0.0,0.18522,0.18522
relu,machine-2-7,22,level,W3_b01,46,0,R_fault,0.06315,0.06486,3.27477,3.51548,3.0642,3.26648,1.44234,1.64431,8.2012,28.60928,28.24509,36.46262,76.84057,0.0,30.0,16.0,0.06576,3.63536,3.3706,1.73763,0.90081,0.93153,0.96702,0.93807,0.87718,0.28666,0.98727,0.47452,0.0,-0.00171,-0.0026,-0.0009
relu,machine-2-7,22,level,W3_b01,46,0,R_fault_rec,0.0743,0.0743,3.03156,3.03156,2.88222,2.88222,1.32572,1.32572,0.0,28.60928,64.65405,0.0,76.84057,0.0,38.0,8.0,0.06576,3.63536,3.3706,1.73763,0.83391,1.0,0.83391,1.0,1.0,0.0,2.2599,0.0,0.0,0.0,0.00854,0.00854
relu,machine-2-7,22,level,W3_b01,46,64,R0,0.06755,0.06738,3.37764,3.81277,3.01368,3.41416,1.63865,1.87975,7.29167,7.29167,0.0,70.15372,70.15372,0.0,0.0,110.0,0.06738,3.81277,3.41416,1.87975,0.88588,0.88588,1.0,0.8827,0.87174,1.0,0.0,1.0,0.0,0.00016,0.00016,0.0
relu,machine-2-7,22,level,W3_b01,46,64,R_all,0.0673,0.0673,3.81581,3.81581,3.418,3.418,1.884,1.884,0.0,7.29167,5.10331,0.0,70.15372,0.0,46.0,64.0,0.06738,3.81277,3.41416,1.87975,1.0008,1.0,1.0008,1.0,1.0,0.0,0.69988,0.0,0.0,0.0,-8e-05,-8e-05
relu,machine-2-7,22,level,W3_b01,46,64,R_fault,0.06714,0.06706,3.74325,3.81238,3.35642,3.4136,1.84794,1.88223,3.22686,7.29167,2.60037,35.36518,70.15372,0.0,30.0,80.0,0.06738,3.81277,3.41416,1.87975,0.98177,0.98187,0.9999,0.98325,0.98178,0.44254,0.35662,0.50411,0.0,8e-05,-0.00024,-0.00033
relu,machine-2-7,22,level,W3_b01,46,64,R_fault_rec,0.06706,0.06706,3.81622,3.81622,3.41662,3.41662,1.88521,1.88521,0.0,7.29167,3.40465,0.0,70.15372,0.0,38.0,72.0,0.06738,3.81277,3.41416,1.87975,1.00091,1.0,1.00091,1.0,1.0,0.0,0.46692,0.0,0.0,0.0,-0.00033,-0.00033
relu,machine-2-7,22,level,W3_b05,30,0,R0,0.13631,0.07723,-4.22166,4.04477,-3.40601,3.46759,-3.05039,1.89663,173.93038,173.93038,0.0,217.70119,217.70119,0.0,0.0,30.0,0.07723,4.04477,3.46759,1.89663,-1.04373,-1.04373,1.0,-0.98224,-1.60832,1.0,0.0,1.0,0.0,0.05908,0.05908,0.0
relu,machine-2-7,22,level,W3_b05,30,0,R_all,0.09505,0.09505,1.75231,1.75231,1.81224,1.81224,0.70221,0.70221,0.0,173.93038,246.15063,0.0,217.70119,0.0,30.0,0.0,0.07723,4.04477,3.46759,1.89663,0.43323,1.0,0.43323,1.0,1.0,0.0,1.41523,0.0,0.0,0.0,0.01782,0.01782
relu,machine-2-7,22,level,W3_b05,30,0,R_fault,0.09505,0.09505,1.75231,1.75231,1.81224,1.81224,0.70221,0.70221,0.0,173.93038,246.15063,0.0,217.70119,0.0,30.0,0.0,0.07723,4.04477,3.46759,1.89663,0.43323,1.0,0.43323,1.0,1.0,0.0,1.41523,0.0,0.0,0.0,0.01782,0.01782
relu,machine-2-7,22,level,W3_b05,30,0,R_fault_rec,0.09505,0.09505,1.75231,1.75231,1.81224,1.81224,0.70221,0.70221,0.0,173.93038,246.15063,0.0,217.70119,0.0,30.0,0.0,0.07723,4.04477,3.46759,1.89663,0.43323,1.0,0.43323,1.0,1.0,0.0,1.41523,0.0,0.0,0.0,0.01782,0.01782
relu,machine-2-7,22,level,W3_b05,30,64,R0,0.0332,0.03263,4.62545,4.33661,3.85081,3.57968,2.24559,2.07667,8.54281,8.54281,0.0,100.21853,100.21853,0.0,0.0,94.0,0.03263,4.33661,3.57968,2.07667,1.0666,1.0666,1.0,1.07574,1.08134,1.0,0.0,1.0,0.0,0.00057,0.00057,0.0
relu,machine-2-7,22,level,W3_b05,30,64,R_all,0.03158,0.03198,4.19777,4.32585,3.51082,3.58643,2.05783,2.08079,12.05376,8.54281,4.66731,127.13355,100.21853,0.0,30.0,64.0,0.03263,4.33661,3.57968,2.07667,0.96798,0.97039,0.99752,0.97892,0.98897,1.41098,0.54634,1.26856,0.0,-0.00041,-0.00106,-0.00065
relu,machine-2-7,22,level,W3_b05,30,64,R_fault,0.03158,0.03198,4.19777,4.32585,3.51082,3.58643,2.05783,2.08079,12.05376,8.54281,4.66731,127.13355,100.21853,0.0,30.0,64.0,0.03263,4.33661,3.57968,2.07667,0.96798,0.97039,0.99752,0.97892,0.98897,1.41098,0.54634,1.26856,0.0,-0.00041,-0.00106,-0.00065
relu,machine-2-7,22,level,W3_b05,30,64,R_fault_rec,0.03158,0.03158,4.34011,4.34011,3.59584,3.59584,2.0938,2.0938,0.0,8.54281,6.0389,0.0,100.21853,0.0,38.0,56.0,0.03263,4.33661,3.57968,2.07667,1.00081,1.0,1.00081,1.0,1.0,0.0,0.7069,0.0,0.0,0.0,-0.00106,-0.00106
relu,machine-2-7,22,level,W3_b05,38,0,R0,0.04492,0.04395,3.17957,4.19998,2.8423,3.55452,0.99499,1.99191,47.74165,47.74165,0.0,116.04244,116.04244,0.0,0.0,38.0,0.04395,4.19998,3.55452,1.99191,0.75704,0.75704,1.0,0.79963,0.49952,1.0,0.0,1.0,0.0,0.00098,0.00098,0.0
relu,machine-2-7,22,level,W3_b05,38,0,R_all,0.09505,0.09505,1.75231,1.75231,1.81224,1.81224,0.70221,0.70221,0.0,47.74165,236.71438,0.0,116.04244,0.0,38.0,0.0,0.04395,4.19998,3.55452,1.99191,0.41722,1.0,0.41722,1.0,1.0,0.0,4.95824,0.0,0.0,0.0,0.05111,0.05111
relu,machine-2-7,22,level,W3_b05,38,0,R_fault,0.04012,0.04224,3.13363,4.20308,2.81685,3.56683,1.11545,2.00792,45.86077,47.74165,6.33988,138.29039,116.04244,0.0,30.0,8.0,0.04395,4.19998,3.55452,1.99191,0.74611,0.74555,1.00074,0.78973,0.55553,0.9606,0.1328,1.19172,0.0,-0.00212,-0.00382,-0.00171
relu,machine-2-7,22,level,W3_b05,38,0,R_fault_rec,0.09505,0.09505,1.75231,1.75231,1.81224,1.81224,0.70221,0.70221,0.0,47.74165,236.71438,0.0,116.04244,0.0,38.0,0.0,0.04395,4.19998,3.55452,1.99191,0.41722,1.0,0.41722,1.0,1.0,0.0,4.95824,0.0,0.0,0.0,0.05111,0.05111
relu,machine-2-7,22,level,W3_b05,38,64,R0,0.07332,0.07332,4.53674,4.25323,3.7234,3.45913,2.28259,2.10555,9.16605,9.16605,0.0,100.02969,100.02969,0.0,0.0,102.0,0.07332,4.25323,3.45913,2.10555,1.06666,1.06666,1.0,1.0764,1.08408,1.0,0.0,1.0,0.0,0.0,0.0,0.0
relu,machine-2-7,22,level,W3_b05,38,64,R_all,0.07178,0.07178,4.25803,4.25803,3.47512,3.47512,2.12131,2.12131,0.0,9.16605,5.86807,0.0,100.02969,0.0,38.0,64.0,0.07332,4.25323,3.45913,2.10555,1.00113,1.0,1.00113,1.0,1.0,0.0,0.6402,0.0,0.0,0.0,-0.00155,-0.00155
relu,machine-2-7,22,level,W3_b05,38,64,R_fault,0.07267,0.0721,4.13769,4.24947,3.40966,3.46694,2.0957,2.11459,12.46715,9.16605,5.3854,126.94848,100.02969,0.0,30.0,72.0,0.07332,4.25323,3.45913,2.10555,0.97283,0.9737,0.99912,0.98348,0.99107,1.36014,0.58754,1.26911,0.0,0.00057,-0.00065,-0.00122
relu,machine-2-7,22,level,W3_b05,38,64,R_fault_rec,0.07178,0.07178,4.25803,4.25803,3.47512,3.47512,2.12131,2.12131,0.0,9.16605,5.86807,0.0,100.02969,0.0,38.0,64.0,0.07332,4.25323,3.45913,2.10555,1.00113,1.0,1.00113,1.0,1.0,0.0,0.6402,0.0,0.0,0.0,-0.00155,-0.00155
relu,machine-2-7,22,level,W3_b05,46,0,R0,0.09082,0.09391,3.96264,3.67783,3.44927,3.19335,1.8411,1.68147,10.16801,10.16801,0.0,101.41414,101.41414,0.0,0.0,46.0,0.09391,3.67783,3.19335,1.68147,1.07744,1.07744,1.0,1.08014,1.09493,1.0,0.0,1.0,0.0,-0.00309,-0.00309,0.0
relu,machine-2-7,22,level,W3_b05,46,0,R_all,0.09505,0.09505,1.75231,1.75231,1.81224,1.81224,0.70221,0.70221,0.0,10.16801,252.39165,0.0,101.41414,0.0,46.0,0.0,0.09391,3.67783,3.19335,1.68147,0.47645,1.0,0.47645,1.0,1.0,0.0,24.82214,0.0,0.0,0.0,0.00114,0.00114
relu,machine-2-7,22,level,W3_b05,46,0,R_fault,0.08358,0.08732,3.64543,3.69858,3.19232,3.2077,1.72215,1.70424,12.84228,10.16801,7.49533,128.14936,101.41414,0.0,30.0,16.0,0.09391,3.67783,3.19335,1.68147,0.99119,0.98563,1.00564,0.99521,1.01051,1.26301,0.73715,1.26362,0.0,-0.00374,-0.01034,-0.00659
relu,machine-2-7,22,level,W3_b05,46,0,R_fault_rec,0.08488,0.08488,3.71234,3.71234,3.2152,3.2152,1.71457,1.71457,0.0,10.16801,9.21725,0.0,101.41414,0.0,38.0,8.0,0.09391,3.67783,3.19335,1.68147,1.00938,1.0,1.00938,1.0,1.0,0.0,0.9065,0.0,0.0,0.0,-0.00903,-0.00903
relu,machine-2-7,22,level,W3_b05,46,64,R0,0.073,0.07267,4.58182,4.31297,3.74198,3.48124,2.30057,2.13679,9.15572,9.15572,0.0,99.87379,99.87379,0.0,0.0,110.0,0.07267,4.31297,3.48124,2.13679,1.06233,1.06233,1.0,1.0749,1.07665,1.0,0.0,1.0,0.0,0.00033,0.00033,0.0
relu,machine-2-7,22,level,W3_b05,46,64,R_all,0.07194,0.07194,4.347,4.347,3.54524,3.54524,2.16351,2.16351,0.0,9.15572,12.00517,0.0,99.87379,0.0,46.0,64.0,0.07267,4.31297,3.48124,2.13679,1.00789,1.0,1.00789,1.0,1.0,0.0,1.31122,0.0,0.0,0.0,-0.00073,-0.00073
relu,machine-2-7,22,level,W3_b05,46,64,R_fault,0.07251,0.07194,4.15747,4.28273,3.42585,3.47775,2.09839,2.12646,12.1176,9.15572,6.51988,126.8305,99.87379,0.0,30.0,80.0,0.07267,4.31297,3.48124,2.13679,0.96395,0.97075,0.99299,0.98508,0.9868,1.3235,0.71211,1.26991,0.0,0.00057,-0.00016,-0.00073
relu,machine-2-7,22,level,W3_b05,46,64,R_fault_rec,0.07194,0.07194,4.29054,4.29054,3.48291,3.48291,2.13319,2.13319,0.0,9.15572,6.45752,0.0,99.87379,0.0,38.0,72.0,0.07267,4.31297,3.48124,2.13679,0.9948,1.0,0.9948,1.0,1.0,0.0,0.7053,0.0,0.0,0.0,-0.00073,-0.00073
relu,machine-2-7,22,ramp,W1,30,0,R0,0.38322,0.25358,-0.22648,3.09231,0.01077,2.45441,-0.04171,1.36106,59.33387,59.33387,0.0,0.0,0.0,0.0,0.0,0.0,0.25358,3.09231,2.45441,1.36106,-0.07324,-0.07324,1.0,0.00439,-0.03065,1.0,0.0,,0.0,0.12964,0.12964,0.0
relu,machine-2-7,22,ramp,W1,30,0,R_all,0.36035,0.36035,2.66157,2.66157,2.21276,2.21276,1.11218,1.11218,0.0,59.33387,47.96091,0.0,0.0,0.0,30.0,0.0,0.25358,3.09231,2.45441,1.36106,0.86071,1.0,0.86071,1.0,1.0,0.0,0.80832,,0.0,0.0,0.10677,0.10677
relu,machine-2-7,22,ramp,W1,30,0,R_fault,0.36035,0.36035,2.66157,2.66157,2.21276,2.21276,1.11218,1.11218,0.0,59.33387,47.96091,0.0,0.0,0.0,30.0,0.0,0.25358,3.09231,2.45441,1.36106,0.86071,1.0,0.86071,1.0,1.0,0.0,0.80832,,0.0,0.0,0.10677,0.10677
relu,machine-2-7,22,ramp,W1,30,0,R_fault_rec,0.36035,0.36035,2.66157,2.66157,2.21276,2.21276,1.11218,1.11218,0.0,59.33387,47.96091,0.0,0.0,0.0,30.0,0.0,0.25358,3.09231,2.45441,1.36106,0.86071,1.0,0.86071,1.0,1.0,0.0,0.80832,,0.0,0.0,0.10677,0.10677
relu,machine-2-7,22,ramp,W1,30,64,R0,0.1827,0.18351,1.53751,3.52892,1.51151,2.8702,1.25243,1.61891,17.94044,17.94044,0.0,0.0,0.0,0.0,0.0,0.0,0.18351,3.52892,2.8702,1.61891,0.43569,0.43569,1.0,0.52662,0.77362,1.0,0.0,,0.0,-0.00081,-0.00081,0.0
relu,machine-2-7,22,ramp,W1,30,64,R_all,0.1862,0.18498,3.54788,3.51242,2.99731,2.8729,1.65695,1.61327,5.23601,17.94044,3.76573,0.0,0.0,0.0,30.0,0.0,0.18351,3.52892,2.8702,1.61891,1.00537,1.01009,0.99532,1.0433,1.02708,0.29186,0.2099,,0.0,0.00122,0.00269,0.00146
relu,machine-2-7,22,ramp,W1,30,64,R_fault,0.1862,0.18498,3.54788,3.51242,2.99731,2.8729,1.65695,1.61327,5.23601,17.94044,3.76573,0.0,0.0,0.0,30.0,0.0,0.18351,3.52892,2.8702,1.61891,1.00537,1.01009,0.99532,1.0433,1.02708,0.29186,0.2099,,0.0,0.00122,0.00269,0.00146
relu,machine-2-7,22,ramp,W1,30,64,R_fault_rec,0.1862,0.1862,3.5071,3.5071,2.87504,2.87504,1.61071,1.61071,0.0,17.94044,5.09475,0.0,0.0,0.0,38.0,0.0,0.18351,3.52892,2.8702,1.61891,0.99382,1.0,0.99382,1.0,1.0,0.0,0.28398,,0.0,0.0,0.00269,0.00269
relu,machine-2-7,22,ramp,W1,38,0,R0,0.32365,0.24837,0.18634,3.15552,0.4029,2.47639,0.04397,1.39673,50.50293,50.50293,0.0,0.0,0.0,0.0,0.0,0.0,0.24837,3.15552,2.47639,1.39673,0.05905,0.05905,1.0,0.1627,0.03148,1.0,0.0,,0.0,0.07528,0.07528,0.0
relu,machine-2-7,22,ramp,W1,38,0,R_all,0.36035,0.36035,2.66157,2.66157,2.21276,2.21276,1.11218,1.11218,0.0,50.50293,50.39247,0.0,0.0,0.0,38.0,0.0,0.24837,3.15552,2.47639,1.39673,0.84346,1.0,0.84346,1.0,1.0,0.0,0.99781,,0.0,0.0,0.11198,0.11198
relu,machine-2-7,22,ramp,W1,38,0,R_fault,0.30192,0.25057,2.68152,3.21196,2.29266,2.52746,0.93734,1.43563,26.80301,50.50293,14.06937,0.0,0.0,0.0,30.0,0.0,0.24837,3.15552,2.47639,1.39673,0.84978,0.83485,1.01788,0.9071,0.65291,0.53072,0.27859,,0.0,0.05135,0.05355,0.0022
relu,machine-2-7,22,ramp,W1,38,0,R_fault_rec,0.36035,0.36035,2.66157,2.66157,2.21276,2.21276,1.11218,1.11218,0.0,50.50293,50.39247,0.0,0.0,0.0,38.0,0.0,0.24837,3.15552,2.47639,1.39673,0.84346,1.0,0.84346,1.0,1.0,0.0,0.99781,,0.0,0.0,0.11198,0.11198
relu,machine-2-7,22,ramp,W1,38,64,R0,0.18213,0.1827,1.60626,3.57728,1.5742,2.91182,1.29644,1.64835,17.51531,17.51531,0.0,0.0,0.0,0.0,0.0,0.0,0.1827,3.57728,2.91182,1.64835,0.44902,0.44902,1.0,0.54062,0.78651,1.0,0.0,,0.0,-0.00057,-0.00057,0.0
relu,machine-2-7,22,ramp,W1,38,64,R_all,0.18563,0.18563,3.55447,3.55447,2.91721,2.91721,1.64048,1.64048,0.0,17.51531,4.79417,0.0,0.0,0.0,38.0,0.0,0.1827,3.57728,2.91182,1.64835,0.99362,1.0,0.99362,1.0,1.0,0.0,0.27371,,0.0,0.0,0.00293,0.00293
relu,machine-2-7,22,ramp,W1,38,64,R_fault,0.18563,0.18441,3.60745,3.55959,3.04578,2.915,1.68885,1.64245,5.16297,17.51531,3.54767,0.0,0.0,0.0,30.0,0.0,0.1827,3.57728,2.91182,1.64835,1.00844,1.01345,0.99506,1.04487,1.02825,0.29477,0.20255,,0.0,0.00122,0.00293,0.00171
relu,machine-2-7,22,ramp,W1,38,64,R_fault_rec,0.18563,0.18563,3.55447,3.55447,2.91721,2.91721,1.64048,1.64048,0.0,17.51531,4.79417,0.0,0.0,0.0,38.0,0.0,0.1827,3.57728,2.91182,1.64835,0.99362,1.0,0.99362,1.0,1.0,0.0,0.27371,,0.0,0.0,0.00293,0.00293
relu,machine-2-7,22,ramp,W1,46,0,R0,0.24756,0.24495,0.96667,3.20097,0.89053,2.53275,0.7835,1.42568,28.42335,28.42335,0.0,0.0,0.0,0.0,0.0,0.0,0.24495,3.20097,2.53275,1.42568,0.30199,0.30199,1.0,0.35161,0.54956,1.0,0.0,,0.0,0.0026,0.0026,0.0
relu,machine-2-7,22,ramp,W1,46,0,R_all,0.36035,0.36035,2.66157,2.66157,2.21276,2.21276,1.11218,1.11218,0.0,28.42335,52.22173,0.0,0.0,0.0,46.0,0.0,0.24495,3.20097,2.53275,1.42568,0.83149,1.0,0.83149,1.0,1.0,0.0,1.83728,,0.0,0.0,0.1154,0.1154
relu,machine-2-7,22,ramp,W1,46,0,R_fault,0.25114,0.24829,3.08148,3.21023,2.50804,2.54331,1.2972,1.42321,11.05358,28.42335,10.01462,0.0,0.0,0.0,30.0,0.0,0.24495,3.20097,2.53275,1.42568,0.96267,0.95989,1.00289,0.98613,0.91146,0.38889,0.35234,,0.0,0.00285,0.00618,0.00334
relu,machine-2-7,22,ramp,W1,46,0,R_fault_rec,0.25277,0.25277,3.18947,3.18947,2.5173,2.5173,1.41953,1.41953,0.0,28.42335,16.17643,0.0,0.0,0.0,38.0,0.0,0.24495,3.20097,2.53275,1.42568,0.99641,1.0,0.99641,1.0,1.0,0.0,0.56912,,0.0,0.0,0.00781,0.00781
relu,machine-2-7,22,ramp,W1,46,64,R0,0.17896,0.17944,1.7878,3.72884,1.68032,2.99546,1.41603,1.73393,16.68261,16.68261,0.0,0.0,0.0,0.0,0.0,0.0,0.17944,3.72884,2.99546,1.73393,0.47945,0.47945,1.0,0.56096,0.81666,1.0,0.0,,0.0,-0.00049,-0.00049,0.0
relu,machine-2-7,22,ramp,W1,46,64,R_all,0.18197,0.18197,3.71331,3.71331,2.99149,2.99149,1.72308,1.72308,0.0,16.68261,4.76047,0.0,0.0,0.0,46.0,0.0,0.17944,3.72884,2.99546,1.73393,0.99584,1.0,0.99584,1.0,1.0,0.0,0.28536,,0.0,0.0,0.00252,0.00252
relu,machine-2-7,22,ramp,W1,46,64,R_fault,0.18221,0.18115,3.76865,3.71146,3.13727,2.99659,1.78479,1.72734,4.98008,16.68261,3.21557,0.0,0.0,0.0,30.0,0.0,0.17944,3.72884,2.99546,1.73393,1.01068,1.01541,0.99534,1.04695,1.03326,0.29852,0.19275,,0.0,0.00106,0.00277,0.00171
relu,machine-2-7,22,ramp,W1,46,64,R_fault_rec,0.18221,0.18221,3.70524,3.70524,2.98934,2.98934,1.72153,1.72153,0.0,16.68261,4.27032,0.0,0.0,0.0,38.0,0.0,0.17944,3.72884,2.99546,1.73393,0.99367,1.0,0.99367,1.0,1.0,0.0,0.25597,,0.0,0.0,0.00277,0.00277
relu,machine-2-7,22,ramp,W2_f0995,30,0,R0,0.08325,0.08293,1.51514,2.38999,1.42528,2.15768,0.37994,0.96409,19.51394,19.51394,0.0,3956.6549,3956.6549,0.0,0.0,0.0,0.08293,2.38999,2.15768,0.96409,0.63395,0.63395,1.0,0.66056,0.39409,1.0,0.0,1.0,0.0,0.00033,0.00033,0.0
relu,machine-2-7,22,ramp,W2_f0995,30,0,R_all,0.09456,0.09456,2.22714,2.22714,2.06109,2.06109,0.88727,0.88727,0.0,19.51394,19.1744,0.0,3956.6549,0.0,30.0,0.0,0.08293,2.38999,2.15768,0.96409,0.93186,1.0,0.93186,1.0,1.0,0.0,0.9826,0.0,0.0,0.0,0.01164,0.01164
relu,machine-2-7,22,ramp,W2_f0995,30,0,R_fault,0.09456,0.09456,2.22714,2.22714,2.06109,2.06109,0.88727,0.88727,0.0,19.51394,19.1744,0.0,3956.6549,0.0,30.0,0.0,0.08293,2.38999,2.15768,0.96409,0.93186,1.0,0.93186,1.0,1.0,0.0,0.9826,0.0,0.0,0.0,0.01164,0.01164
relu,machine-2-7,22,ramp,W2_f0995,30,0,R_fault_rec,0.09456,0.09456,2.22714,2.22714,2.06109,2.06109,0.88727,0.88727,0.0,19.51394,19.1744,0.0,3956.6549,0.0,30.0,0.0,0.08293,2.38999,2.15768,0.96409,0.93186,1.0,0.93186,1.0,1.0,0.0,0.9826,0.0,0.0,0.0,0.01164,0.01164
relu,machine-2-7,22,ramp,W2_f0995,30,64,R0,0.0529,0.04956,2.0675,2.68449,1.80253,2.31352,0.6757,1.1084,13.4296,13.4296,0.0,2965.13894,2965.13894,0.0,0.0,0.0,0.04956,2.68449,2.31352,1.1084,0.77016,0.77016,1.0,0.77913,0.60962,1.0,0.0,1.0,0.0,0.00334,0.00334,0.0
relu,machine-2-7,22,ramp,W2_f0995,30,64,R_all,0.05396,0.05387,2.60412,2.61622,2.27186,2.27976,1.0642,1.07284,0.29331,13.4296,9.16009,259.82705,2965.13894,4.22787,30.0,0.0,0.04956,2.68449,2.31352,1.1084,0.97006,0.99538,0.97457,0.99654,0.99195,0.02184,0.68208,0.08763,0.31482,8e-05,0.00439,0.00431
relu,machine-2-7,22,ramp,W2_f0995,30,64,R_fault,0.05396,0.05387,2.60412,2.61622,2.27186,2.27976,1.0642,1.07284,0.29331,13.4296,9.16009,259.82705,2965.13894,4.22787,30.0,0.0,0.04956,2.68449,2.31352,1.1084,0.97006,0.99538,0.97457,0.99654,0.99195,0.02184,0.68208,0.08763,0.31482,8e-05,0.00439,0.00431
relu,machine-2-7,22,ramp,W2_f0995,30,64,R_fault_rec,0.05623,0.05623,2.59074,2.59074,2.26694,2.26694,1.05958,1.05958,0.0,13.4296,12.15376,0.0,2965.13894,5.14305,38.0,0.0,0.04956,2.68449,2.31352,1.1084,0.96508,1.0,0.96508,1.0,1.0,0.0,0.905,0.0,0.38296,0.0,0.00667,0.00667
relu,machine-2-7,22,ramp,W2_f0995,38,0,R0,0.0826,0.08138,1.57305,2.42926,1.46689,2.17954,0.40507,0.98236,18.71655,18.71655,0.0,3926.02017,3926.02017,0.0,0.0,0.0,0.08138,2.42926,2.17954,0.98236,0.64754,0.64754,1.0,0.67303,0.41235,1.0,0.0,1.0,0.0,0.00122,0.00122,0.0
relu,machine-2-7,22,ramp,W2_f0995,38,0,R_all,0.09456,0.09456,2.22714,2.22714,2.06109,2.06109,0.88727,0.88727,0.0,18.71655,23.85877,0.0,3926.02017,0.0,38.0,0.0,0.08138,2.42926,2.17954,0.98236,0.9168,1.0,0.9168,1.0,1.0,0.0,1.27474,0.0,0.0,0.0,0.01318,0.01318
relu,machine-2-7,22,ramp,W2_f0995,38,0,R_fault,0.08765,0.08716,2.24662,2.28247,2.06814,2.09428,0.88752,0.91224,0.60726,18.71655,17.32203,344.02645,3926.02017,0.85028,30.0,0.0,0.08138,2.42926,2.17954,0.98236,0.92481,0.98429,0.93957,0.98752,0.9729,0.03245,0.92549,0.08763,0.04543,0.00049,0.00627,0.00578
relu,machine-2-7,22,ramp,W2_f0995,38,0,R_fault_rec,0.09456,0.09456,2.22714,2.22714,2.06109,2.06109,0.88727,0.88727,0.0,18.71655,23.85877,0.0,3926.02017,0.0,38.0,0.0,0.08138,2.42926,2.17954,0.98236,0.9168,1.0,0.9168,1.0,1.0,0.0,1.27474,0.0,0.0,0.0,0.01318,0.01318
relu,machine-2-7,22,ramp,W2_f0995,38,64,R0,0.05054,0.04777,2.13223,2.72253,1.84462,2.33329,0.71123,1.12811,12.81854,12.81854,0.0,2848.58835,2848.58835,0.0,0.0,0.0,0.04777,2.72253,2.33329,1.12811,0.78318,0.78318,1.0,0.79057,0.63046,1.0,0.0,1.0,0.0,0.00277,0.00277,0.0
relu,machine-2-7,22,ramp,W2_f0995,38,64,R_all,0.05225,0.05225,2.63943,2.63943,2.29313,2.29313,1.08405,1.08405,0.0,12.81854,11.17227,0.0,2848.58835,5.43397,38.0,0.0,0.04777,2.72253,2.33329,1.12811,0.96948,1.0,0.96948,1.0,1.0,0.0,0.87157,0.0,0.42391,0.0,0.00448,0.00448
relu,machine-2-7,22,ramp,W2_f0995,38,64,R_fault,0.0507,0.0507,2.65177,2.66204,2.29758,2.30411,1.08867,1.09605,0.26715,12.81854,8.4572,249.61404,2848.58835,4.41222,30.0,0.0,0.04777,2.72253,2.33329,1.12811,0.97401,0.99614,0.97778,0.99717,0.99326,0.02084,0.65976,0.08763,0.34421,0.0,0.00293,0.00293
relu,machine-2-7,22,ramp,W2_f0995,38,64,R_fault_rec,0.05225,0.05225,2.63943,2.63943,2.29313,2.29313,1.08405,1.08405,0.0,12.81854,11.17227,0.0,2848.58835,5.43397,38.0,0.0,0.04777,2.72253,2.33329,1.12811,0.96948,1.0,0.96948,1.0,1.0,0.0,0.87157,0.0,0.42391,0.0,0.00448,0.00448
relu,machine-2-7,22,ramp,W2_f0995,46,0,R0,0.0804,0.07536,1.65263,2.46808,1.52347,2.20157,0.44857,1.00118,17.8376,17.8376,0.0,3771.70027,3771.70027,0.0,0.0,0.0,0.07536,2.46808,2.20157,1.00118,0.6696,0.6696,1.0,0.69199,0.44804,1.0,0.0,1.0,0.0,0.00505,0.00505,0.0
relu,machine-2-7,22,ramp,W2_f0995,46,0,R_all,0.09456,0.09456,2.22714,2.22714,2.06109,2.06109,0.88727,0.88727,0.0,17.8376,28.42962,0.0,3771.70027,0.0,46.0,0.0,0.07536,2.46808,2.20157,1.00118,0.90238,1.0,0.90238,1.0,1.0,0.0,1.5938,0.0,0.0,0.0,0.01921,0.01921
relu,machine-2-7,22,ramp,W2_f0995,46,0,R_fault,0.08366,0.0835,2.30518,2.3359,2.10451,2.12668,0.91604,0.93731,0.54332,17.8376,15.68653,330.50382,3771.70027,1.63649,30.0,0.0,0.07536,2.46808,2.20157,1.00118,0.934,0.98685,0.94644,0.98958,0.9773,0.03046,0.87941,0.08763,0.09174,0.00016,0.0083,0.00814
relu,machine-2-7,22,ramp,W2_f0995,46,0,R_fault_rec,0.08618,0.08618,2.28643,2.28643,2.09771,2.09771,0.91459,0.91459,0.0,17.8376,21.48852,0.0,3771.70027,1.19739,38.0,0.0,0.07536,2.46808,2.20157,1.00118,0.9264,1.0,0.9264,1.0,1.0,0.0,1.20468,0.0,0.06713,0.0,0.01082,0.01082
relu,machine-2-7,22,ramp,W2_f0995,46,64,R0,0.04769,0.04622,2.20345,2.76786,1.89235,2.35939,0.75118,1.15269,12.21992,12.21992,0.0,2736.61902,2736.61902,0.0,0.0,0.0,0.04622,2.76786,2.35939,1.15269,0.79608,0.79608,1.0,0.80205,0.65168,1.0,0.0,1.0,0.0,0.00146,0.00146,0.0
relu,machine-2-7,22,ramp,W2_f0995,46,64,R_all,0.05054,0.05054,2.67231,2.67231,2.31391,2.31391,1.1006,1.1006,0.0,12.21992,13.03635,0.0,2736.61902,6.63262,46.0,0.0,0.04622,2.76786,2.35939,1.15269,0.96548,1.0,0.96548,1.0,1.0,0.0,1.06681,0.0,0.54277,0.0,0.00431,0.00431
relu,machine-2-7,22,ramp,W2_f0995,46,64,R_fault,0.04793,0.04785,2.70684,2.7155,2.32983,2.33514,1.11822,1.12447,0.24325,12.21992,7.795,239.80247,2736.61902,4.5425,30.0,0.0,0.04622,2.76786,2.35939,1.15269,0.97795,0.99681,0.98108,0.99773,0.99444,0.01991,0.63789,0.08763,0.37173,8e-05,0.00171,0.00163
relu,machine-2-7,22,ramp,W2_f0995,46,64,R_fault_rec,0.04899,0.04899,2.69582,2.69582,2.32601,2.32601,1.11383,1.11383,0.0,12.21992,10.25604,0.0,2736.61902,5.64614,38.0,0.0,0.04622,2.76786,2.35939,1.15269,0.97397,1.0,0.97397,1.0,1.0,0.0,0.83929,0.0,0.46204,0.0,0.00277,0.00277
relu,machine-2-7,22,ramp,W3_b01,30,0,R0,0.23413,0.10579,-2.06563,3.30755,-1.32352,2.72608,-1.81367,1.51002,101.27656,101.27656,0.0,147.64579,147.64579,0.0,0.0,30.0,0.10579,3.30755,2.72608,1.51002,-0.62452,-0.62452,1.0,-0.4855,-1.20109,1.0,0.0,1.0,0.0,0.12834,0.12834,0.0
relu,machine-2-7,22,ramp,W3_b01,30,0,R_all,0.22681,0.22681,2.49733,2.49733,2.25738,2.25738,1.06054,1.06054,0.0,101.27656,73.54258,0.0,147.64579,0.0,30.0,0.0,0.10579,3.30755,2.72608,1.51002,0.75504,1.0,0.75504,1.0,1.0,0.0,0.72616,0.0,0.0,0.0,0.12101,0.12101
relu,machine-2-7,22,ramp,W3_b01,30,0,R_fault,0.22681,0.22681,2.49733,2.49733,2.25738,2.25738,1.06054,1.06054,0.0,101.27656,73.54258,0.0,147.64579,0.0,30.0,0.0,0.10579,3.30755,2.72608,1.51002,0.75504,1.0,0.75504,1.0,1.0,0.0,0.72616,0.0,0.0,0.0,0.12101,0.12101
relu,machine-2-7,22,ramp,W3_b01,30,0,R_fault_rec,0.22681,0.22681,2.49733,2.49733,2.25738,2.25738,1.06054,1.06054,0.0,101.27656,73.54258,0.0,147.64579,0.0,30.0,0.0,0.10579,3.30755,2.72608,1.51002,0.75504,1.0,0.75504,1.0,1.0,0.0,0.72616,0.0,0.0,0.0,0.12101,0.12101
relu,machine-2-7,22,ramp,W3_b01,30,64,R0,0.07625,0.07593,3.01779,3.62997,2.32364,2.84519,1.35667,1.72286,9.27686,9.27686,0.0,66.01046,66.01046,0.0,0.0,94.0,0.07593,3.62997,2.84519,1.72286,0.83135,0.83135,1.0,0.81669,0.78745,1.0,0.0,1.0,0.0,0.00033,0.00033,0.0
relu,machine-2-7,22,ramp,W3_b01,30,64,R_all,0.07682,0.07658,3.54627,3.61983,2.7551,2.83641,1.66393,1.71433,2.84789,9.27686,2.73533,25.00877,66.01046,0.0,30.0,64.0,0.07593,3.62997,2.84519,1.72286,0.97694,0.97968,0.9972,0.97133,0.9706,0.30699,0.29486,0.37886,0.0,0.00024,0.0009,0.00065
relu,machine-2-7,22,ramp,W3_b01,30,64,R_fault,0.07682,0.07658,3.54627,3.61983,2.7551,2.83641,1.66393,1.71433,2.84789,9.27686,2.73533,25.00877,66.01046,0.0,30.0,64.0,0.07593,3.62997,2.84519,1.72286,0.97694,0.97968,0.9972,0.97133,0.9706,0.30699,0.29486,0.37886,0.0,0.00024,0.0009,0.00065
relu,machine-2-7,22,ramp,W3_b01,30,64,R_fault_rec,0.07642,0.07642,3.62009,3.62009,2.83112,2.83112,1.71227,1.71227,0.0,9.27686,3.75786,0.0,66.01046,0.0,38.0,56.0,0.07593,3.62997,2.84519,1.72286,0.99728,1.0,0.99728,1.0,1.0,0.0,0.40508,0.0,0.0,0.0,0.00049,0.00049
relu,machine-2-7,22,ramp,W3_b01,38,0,R0,0.11857,0.10327,0.46151,3.36997,0.55114,2.769,-0.61902,1.55719,56.07327,56.07327,0.0,94.8354,94.8354,0.0,0.0,38.0,0.10327,3.36997,2.769,1.55719,0.13695,0.13695,1.0,0.19904,-0.39752,1.0,0.0,1.0,0.0,0.0153,0.0153,0.0
relu,machine-2-7,22,ramp,W3_b01,38,0,R_all,0.22681,0.22681,2.49733,2.49733,2.25738,2.25738,1.06054,1.06054,0.0,56.07327,76.08704,0.0,94.8354,0.0,38.0,0.0,0.10327,3.36997,2.769,1.55719,0.74105,1.0,0.74105,1.0,1.0,0.0,1.35692,0.0,0.0,0.0,0.12354,0.12354
relu,machine-2-7,22,ramp,W3_b01,38,0,R_fault,0.11719,0.11507,2.7474,3.10955,2.3486,2.61522,1.11308,1.3946,14.04541,56.07327,32.76088,30.87284,94.8354,0.0,30.0,8.0,0.10327,3.36997,2.769,1.55719,0.81526,0.88354,0.92272,0.89805,0.79813,0.25048,0.58425,0.32554,0.0,0.00212,0.01392,0.0118
relu,machine-2-7,22,ramp,W3_b01,38,0,R_fault_rec,0.22681,0.22681,2.49733,2.49733,2.25738,2.25738,1.06054,1.06054,0.0,56.07327,76.08704,0.0,94.8354,0.0,38.0,0.0,0.10327,3.36997,2.769,1.55719,0.74105,1.0,0.74105,1.0,1.0,0.0,1.35692,0.0,0.0,0.0,0.12354,0.12354
relu,machine-2-7,22,ramp,W3_b01,38,64,R0,0.07633,0.07576,3.09662,3.69982,2.37369,2.88559,1.40116,1.76413,8.87762,8.87762,0.0,65.90609,65.90609,0.0,0.0,102.0,0.07576,3.69982,2.88559,1.76413,0.83696,0.83696,1.0,0.8226,0.79425,1.0,0.0,1.0,0.0,0.00057,0.00057,0.0
relu,machine-2-7,22,ramp,W3_b01,38,64,R_all,0.07593,0.07593,3.69236,3.69236,2.87123,2.87123,1.7554,1.7554,0.0,8.87762,3.55703,0.0,65.90609,0.0,38.0,64.0,0.07576,3.69982,2.88559,1.76413,0.99798,1.0,0.99798,1.0,1.0,0.0,0.40067,0.0,0.0,0.0,0.00016,0.00016
relu,machine-2-7,22,ramp,W3_b01,38,64,R_fault,0.0765,0.07609,3.62344,3.6934,2.80013,2.87836,1.71068,1.75767,2.76233,8.87762,2.5908,24.97159,65.90609,0.0,30.0,72.0,0.07576,3.69982,2.88559,1.76413,0.97935,0.98106,0.99826,0.97282,0.97326,0.31116,0.29183,0.3789,0.0,0.00041,0.00073,0.00033
relu,machine-2-7,22,ramp,W3_b01,38,64,R_fault_rec,0.07593,0.07593,3.69236,3.69236,2.87123,2.87123,1.7554,1.7554,0.0,8.87762,3.55703,0.0,65.90609,0.0,38.0,64.0,0.07576,3.69982,2.88559,1.76413,0.99798,1.0,0.99798,1.0,1.0,0.0,0.40067,0.0,0.0,0.0,0.00016,0.00016
relu,machine-2-7,22,ramp,W3_b01,46,0,R0,0.10132,0.09985,1.95017,3.43762,1.62224,2.83474,0.49689,1.612,28.09567,28.09567,0.0,72.83947,72.83947,0.0,0.0,46.0,0.09985,3.43762,2.83474,1.612,0.5673,0.5673,1.0,0.57227,0.30824,1.0,0.0,1.0,0.0,0.00146,0.00146,0.0
relu,machine-2-7,22,ramp,W3_b01,46,0,R_all,0.22681,0.22681,2.49733,2.49733,2.25738,2.25738,1.06054,1.06054,0.0,28.09567,78.27153,0.0,72.83947,0.0,46.0,0.0,0.09985,3.43762,2.83474,1.612,0.72647,1.0,0.72647,1.0,1.0,0.0,2.78589,0.0,0.0,0.0,0.12695,0.12695
relu,machine-2-7,22,ramp,W3_b01,46,0,R_fault,0.10376,0.10319,3.1737,3.35954,2.61981,2.77741,1.40911,1.55937,7.14443,28.09567,14.66301,26.42178,72.83947,0.0,30.0,16.0,0.09985,3.43762,2.83474,1.612,0.92323,0.94468,0.97728,0.94325,0.90364,0.25429,0.5219,0.36274,0.0,0.00057,0.00391,0.00334
relu,machine-2-7,22,ramp,W3_b01,46,0,R_fault_rec,0.11239,0.11239,3.15564,3.15564,2.65893,2.65893,1.43021,1.43021,0.0,28.09567,34.28977,0.0,72.83947,0.0,38.0,8.0,0.09985,3.43762,2.83474,1.612,0.91797,1.0,0.91797,1.0,1.0,0.0,1.22046,0.0,0.0,0.0,0.01253,0.01253
relu,machine-2-7,22,ramp,W3_b01,46,64,R0,0.07007,0.06893,3.22027,3.8104,2.44689,2.94356,1.48485,1.8406,8.2597,8.2597,0.0,65.7916,65.7916,0.0,0.0,110.0,0.06893,3.8104,2.94356,1.8406,0.84513,0.84513,1.0,0.83127,0.80672,1.0,0.0,1.0,0.0,0.00114,0.00114,0.0
relu,machine-2-7,22,ramp,W3_b01,46,64,R_all,0.06852,0.06852,3.80599,3.80599,2.93395,2.93395,1.83433,1.83433,0.0,8.2597,3.69498,0.0,65.7916,0.0,46.0,64.0,0.06893,3.8104,2.94356,1.8406,0.99884,1.0,0.99884,1.0,1.0,0.0,0.44735,0.0,0.0,0.0,-0.00041,-0.00041
relu,machine-2-7,22,ramp,W3_b01,46,64,R_fault,0.06974,0.06909,3.73753,3.80583,2.86327,2.93903,1.7898,1.83538,2.61464,8.2597,2.36444,24.94332,65.7916,0.0,30.0,80.0,0.06893,3.8104,2.94356,1.8406,0.98088,0.98205,0.9988,0.97422,0.97517,0.31655,0.28626,0.37913,0.0,0.00065,0.00081,0.00016
relu,machine-2-7,22,ramp,W3_b01,46,64,R_fault_rec,0.06893,0.06893,3.80428,3.80428,2.93295,2.93295,1.8332,1.8332,0.0,8.2597,3.10267,0.0,65.7916,0.0,38.0,72.0,0.06893,3.8104,2.94356,1.8406,0.9984,1.0,0.9984,1.0,1.0,0.0,0.37564,0.0,0.0,0.0,0.0,0.0
relu,machine-2-7,22,ramp,W3_b05,30,0,R0,0.21403,0.11353,-3.76804,3.56664,-2.63269,2.79284,-2.80456,1.65054,166.47799,166.47799,0.0,237.08117,237.08117,0.0,0.0,30.0,0.11353,3.56664,2.79284,1.65054,-1.05647,-1.05647,1.0,-0.94266,-1.69918,1.0,0.0,1.0,0.0,0.1005,0.1005,0.0
relu,machine-2-7,22,ramp,W3_b05,30,0,R_all,0.11556,0.11556,2.42367,2.42367,2.2947,2.2947,1.08913,1.08913,0.0,166.47799,152.47545,0.0,237.08117,0.0,30.0,0.0,0.11353,3.56664,2.79284,1.65054,0.67954,1.0,0.67954,1.0,1.0,0.0,0.91589,0.0,0.0,0.0,0.00203,0.00203
relu,machine-2-7,22,ramp,W3_b05,30,0,R_fault,0.11556,0.11556,2.42367,2.42367,2.2947,2.2947,1.08913,1.08913,0.0,166.47799,152.47545,0.0,237.08117,0.0,30.0,0.0,0.11353,3.56664,2.79284,1.65054,0.67954,1.0,0.67954,1.0,1.0,0.0,0.91589,0.0,0.0,0.0,0.00203,0.00203
relu,machine-2-7,22,ramp,W3_b05,30,0,R_fault_rec,0.11556,0.11556,2.42367,2.42367,2.2947,2.2947,1.08913,1.08913,0.0,166.47799,152.47545,0.0,237.08117,0.0,30.0,0.0,0.11353,3.56664,2.79284,1.65054,0.67954,1.0,0.67954,1.0,1.0,0.0,0.91589,0.0,0.0,0.0,0.00203,0.00203
relu,machine-2-7,22,ramp,W3_b05,30,64,R0,0.12956,0.12622,4.09028,3.8254,3.12882,2.84009,2.01027,1.85059,12.53106,12.53106,0.0,116.4996,116.4996,0.0,0.0,94.0,0.12622,3.8254,2.84009,1.85059,1.06924,1.06924,1.0,1.10166,1.08629,1.0,0.0,1.0,0.0,0.00334,0.00334,0.0
relu,machine-2-7,22,ramp,W3_b05,30,64,R_all,0.13322,0.12679,3.46111,3.81198,2.59275,2.85262,1.64116,1.84481,13.29308,12.53106,6.60553,111.17047,116.4996,0.0,30.0,64.0,0.12622,3.8254,2.84009,1.85059,0.90477,0.90796,0.99649,0.9089,0.88961,1.06081,0.52713,0.95426,0.0,0.00643,0.007,0.00057
relu,machine-2-7,22,ramp,W3_b05,30,64,R_fault,0.13322,0.12679,3.46111,3.81198,2.59275,2.85262,1.64116,1.84481,13.29308,12.53106,6.60553,111.17047,116.4996,0.0,30.0,64.0,0.12622,3.8254,2.84009,1.85059,0.90477,0.90796,0.99649,0.9089,0.88961,1.06081,0.52713,0.95426,0.0,0.00643,0.007,0.00057
relu,machine-2-7,22,ramp,W3_b05,30,64,R_fault_rec,0.1241,0.1241,3.80521,3.80521,2.8394,2.8394,1.83655,1.83655,0.0,12.53106,9.5038,0.0,116.4996,0.0,38.0,56.0,0.12622,3.8254,2.84009,1.85059,0.99472,1.0,0.99472,1.0,1.0,0.0,0.75842,0.0,0.0,0.0,-0.00212,-0.00212
relu,machine-2-7,22,ramp,W3_b05,38,0,R0,0.12809,0.11613,2.7386,3.591,2.23777,2.84921,0.92212,1.68846,47.03436,47.03436,0.0,131.58375,131.58375,0.0,0.0,38.0,0.11613,3.591,2.84921,1.68846,0.76263,0.76263,1.0,0.7854,0.54613,1.0,0.0,1.0,0.0,0.01196,0.01196,0.0
relu,machine-2-7,22,ramp,W3_b05,38,0,R_all,0.11556,0.11556,2.42367,2.42367,2.2947,2.2947,1.08913,1.08913,0.0,47.03436,154.16365,0.0,131.58375,0.0,38.0,0.0,0.11613,3.591,2.84921,1.68846,0.67493,1.0,0.67493,1.0,1.0,0.0,3.27768,0.0,0.0,0.0,-0.00057,-0.00057
relu,machine-2-7,22,ramp,W3_b05,38,0,R_fault,0.12052,0.11393,2.60568,3.59525,2.18044,2.86903,0.99429,1.69573,42.27389,47.03436,7.52156,123.89216,131.58375,0.0,30.0,8.0,0.11613,3.591,2.84921,1.68846,0.72561,0.72476,1.00118,0.75999,0.58635,0.89879,0.15992,0.94155,0.0,0.00659,0.00439,-0.0022
relu,machine-2-7,22,ramp,W3_b05,38,0,R_fault_rec,0.11556,0.11556,2.42367,2.42367,2.2947,2.2947,1.08913,1.08913,0.0,47.03436,154.16365,0.0,131.58375,0.0,38.0,0.0,0.11613,3.591,2.84921,1.68846,0.67493,1.0,0.67493,1.0,1.0,0.0,3.27768,0.0,0.0,0.0,-0.00057,-0.00057
relu,machine-2-7,22,ramp,W3_b05,38,64,R0,0.11678,0.11654,4.30779,4.01684,3.29069,2.98773,2.09692,1.91735,11.57376,11.57376,0.0,116.20783,116.20783,0.0,0.0,102.0,0.11654,4.01684,2.98773,1.91735,1.07243,1.07243,1.0,1.1014,1.09366,1.0,0.0,1.0,0.0,0.00024,0.00024,0.0
relu,machine-2-7,22,ramp,W3_b05,38,64,R_all,0.11857,0.11857,3.99933,3.99933,2.9827,2.9827,1.90455,1.90455,0.0,11.57376,8.01487,0.0,116.20783,0.0,38.0,64.0,0.11654,4.01684,2.98773,1.91735,0.99564,1.0,0.99564,1.0,1.0,0.0,0.6925,0.0,0.0,0.0,0.00203,0.00203
relu,machine-2-7,22,ramp,W3_b05,38,64,R_fault,0.12118,0.11751,3.70426,4.00749,2.76518,2.99584,1.74606,1.91343,12.31873,11.57376,5.84642,110.83598,116.20783,0.0,30.0,72.0,0.11654,4.01684,2.98773,1.91735,0.92218,0.92433,0.99767,0.92301,0.91252,1.06437,0.50514,0.95377,0.0,0.00366,0.00464,0.00098
relu,machine-2-7,22,ramp,W3_b05,38,64,R_fault_rec,0.11857,0.11857,3.99933,3.99933,2.9827,2.9827,1.90455,1.90455,0.0,11.57376,8.01487,0.0,116.20783,0.0,38.0,64.0,0.11654,4.01684,2.98773,1.91735,0.99564,1.0,0.99564,1.0,1.0,0.0,0.6925,0.0,0.0,0.0,0.00203,0.00203
relu,machine-2-7,22,ramp,W3_b05,46,0,R0,0.10311,0.10343,4.0706,3.80779,3.28815,3.07158,2.02559,1.88294,14.16944,14.16944,0.0,118.4762,118.4762,0.0,0.0,46.0,0.10343,3.80779,3.07158,1.88294,1.06902,1.06902,1.0,1.07051,1.07576,1.0,0.0,1.0,0.0,-0.00033,-0.00033,0.0
relu,machine-2-7,22,ramp,W3_b05,46,0,R_all,0.11556,0.11556,2.42367,2.42367,2.2947,2.2947,1.08913,1.08913,0.0,14.16944,156.74777,0.0,118.4762,0.0,46.0,0.0,0.10343,3.80779,3.07158,1.88294,0.6365,1.0,0.6365,1.0,1.0,0.0,11.06238,0.0,0.0,0.0,0.01213,0.01213
relu,machine-2-7,22,ramp,W3_b05,46,0,R_fault,0.10498,0.10376,3.50284,3.79661,2.83461,3.07787,1.71888,1.87769,13.91108,14.16944,7.03734,112.93174,118.4762,0.0,30.0,16.0,0.10343,3.80779,3.07158,1.88294,0.91991,0.92262,0.99706,0.92096,0.91542,0.98177,0.49666,0.9532,0.0,0.00122,0.00155,0.00033
relu,machine-2-7,22,ramp,W3_b05,46,0,R_fault_rec,0.09546,0.09546,3.79106,3.79106,3.06787,3.06787,1.87095,1.87095,0.0,14.16944,10.1618,0.0,118.4762,0.0,38.0,8.0,0.10343,3.80779,3.07158,1.88294,0.99561,1.0,0.99561,1.0,1.0,0.0,0.71716,0.0,0.0,0.0,-0.00798,-0.00798
relu,machine-2-7,22,ramp,W3_b05,46,64,R0,0.10465,0.10368,4.62665,4.34262,3.42239,3.10787,2.30094,2.12401,11.15691,11.15691,0.0,116.05117,116.05117,0.0,0.0,110.0,0.10368,4.34262,3.10787,2.12401,1.06541,1.06541,1.0,1.1012,1.0833,1.0,0.0,1.0,0.0,0.00098,0.00098,0.0
relu,machine-2-7,22,ramp,W3_b05,46,64,R_all,0.1027,0.1027,4.33911,4.33911,3.09858,3.09858,2.11798,2.11798,0.0,11.15691,8.09769,0.0,116.05117,0.0,46.0,64.0,0.10368,4.34262,3.10787,2.12401,0.99919,1.0,0.99919,1.0,1.0,0.0,0.7258,0.0,0.0,0.0,-0.00098,-0.00098
relu,machine-2-7,22,ramp,W3_b05,46,64,R_fault,0.10579,0.10246,4.01245,4.32912,2.89141,3.11602,1.93805,2.11702,11.88928,11.15691,5.64705,110.69571,116.05117,0.0,30.0,80.0,0.10368,4.34262,3.10787,2.12401,0.92397,0.92685,0.99689,0.92792,0.91546,1.06564,0.50615,0.95385,0.0,0.00334,0.00212,-0.00122
relu,machine-2-7,22,ramp,W3_b05,46,64,R_fault_rec,0.10303,0.10303,4.32558,4.32558,3.10399,3.10399,2.11183,2.11183,0.0,11.15691,7.2544,0.0,116.05117,0.0,38.0,72.0,0.10368,4.34262,3.10787,2.12401,0.99608,1.0,0.99608,1.0,1.0,0.0,0.65022,0.0,0.0,0.0,-0.00065,-0.00065
relu,machine-2-7,33,level,W1,30,0,R0,0.30029,0.12061,-2.43054,3.21228,-1.70972,2.84576,-1.86645,1.40924,108.05669,108.05669,0.0,0.0,0.0,0.0,0.0,0.0,0.12061,3.21228,2.84576,1.40924,-0.75664,-0.75664,1.0,-0.60079,-1.32444,1.0,0.0,,0.0,0.17969,0.17969,0.0
relu,machine-2-7,33,level,W1,30,0,R_all,0.23779,0.23779,2.01136,2.01136,2.02503,2.02503,0.72782,0.72782,0.0,108.05669,123.88981,0.0,0.0,0.0,30.0,0.0,0.12061,3.21228,2.84576,1.40924,0.62615,1.0,0.62615,1.0,1.0,0.0,1.14653,,0.0,0.0,0.11719,0.11719
relu,machine-2-7,33,level,W1,30,0,R_fault,0.23779,0.23779,2.01136,2.01136,2.02503,2.02503,0.72782,0.72782,0.0,108.05669,123.88981,0.0,0.0,0.0,30.0,0.0,0.12061,3.21228,2.84576,1.40924,0.62615,1.0,0.62615,1.0,1.0,0.0,1.14653,,0.0,0.0,0.11719,0.11719
relu,machine-2-7,33,level,W1,30,0,R_fault_rec,0.23779,0.23779,2.01136,2.01136,2.02503,2.02503,0.72782,0.72782,0.0,108.05669,123.88981,0.0,0.0,0.0,30.0,0.0,0.12061,3.21228,2.84576,1.40924,0.62615,1.0,0.62615,1.0,1.0,0.0,1.14653,,0.0,0.0,0.11719,0.11719
relu,machine-2-7,33,level,W1,30,64,R0,0.05339,0.0568,1.04387,3.55818,0.94322,3.06397,1.05028,1.66973,23.70224,23.70224,0.0,0.0,0.0,0.0,0.0,0.0,0.0568,3.55818,3.06397,1.66973,0.29337,0.29337,1.0,0.30784,0.62901,1.0,0.0,,0.0,-0.00342,-0.00342,0.0
relu,machine-2-7,33,level,W1,30,64,R_all,0.05404,0.05396,3.5489,3.53491,3.07392,3.04546,1.62681,1.66745,7.71756,23.70224,5.80022,0.0,0.0,0.0,30.0,0.0,0.0568,3.55818,3.06397,1.66973,0.99739,1.00396,0.99346,1.00935,0.97563,0.3256,0.24471,,0.0,8e-05,-0.00277,-0.00285
relu,machine-2-7,33,level,W1,30,64,R_fault,0.05404,0.05396,3.5489,3.53491,3.07392,3.04546,1.62681,1.66745,7.71756,23.70224,5.80022,0.0,0.0,0.0,30.0,0.0,0.0568,3.55818,3.06397,1.66973,0.99739,1.00396,0.99346,1.00935,0.97563,0.3256,0.24471,,0.0,8e-05,-0.00277,-0.00285
relu,machine-2-7,33,level,W1,30,64,R_fault_rec,0.05404,0.05404,3.47111,3.47111,2.98251,2.98251,1.61405,1.61405,0.0,23.70224,9.66366,0.0,0.0,0.0,38.0,0.0,0.0568,3.55818,3.06397,1.66973,0.97553,1.0,0.97553,1.0,1.0,0.0,0.40771,,0.0,0.0,-0.00277,-0.00277
relu,machine-2-7,33,level,W1,38,0,R0,0.15592,0.1075,-0.72232,3.28722,-0.3201,2.87775,-0.56646,1.4807,73.92192,73.92192,0.0,0.0,0.0,0.0,0.0,0.0,0.1075,3.28722,2.87775,1.4807,-0.21973,-0.21973,1.0,-0.11123,-0.38256,1.0,0.0,,0.0,0.04842,0.04842,0.0
relu,machine-2-7,33,level,W1,38,0,R_all,0.23779,0.23779,2.01136,2.01136,2.02503,2.02503,0.72782,0.72782,0.0,73.92192,124.20592,0.0,0.0,0.0,38.0,0.0,0.1075,3.28722,2.87775,1.4807,0.61187,1.0,0.61187,1.0,1.0,0.0,1.68023,,0.0,0.0,0.13029,0.13029
relu,machine-2-7,33,level,W1,38,0,R_fault,0.10376,0.08618,3.33443,3.31249,2.78357,2.87066,1.5267,1.51823,23.39101,73.92192,18.8246,0.0,0.0,0.0,30.0,0.0,0.1075,3.28722,2.87775,1.4807,1.01436,1.00662,1.00769,0.96966,1.00558,0.31643,0.25466,,0.0,0.01758,-0.00374,-0.02132
relu,machine-2-7,33,level,W1,38,0,R_fault_rec,0.23779,0.23779,2.01136,2.01136,2.02503,2.02503,0.72782,0.72782,0.0,73.92192,124.20592,0.0,0.0,0.0,38.0,0.0,0.1075,3.28722,2.87775,1.4807,0.61187,1.0,0.61187,1.0,1.0,0.0,1.68023,,0.0,0.0,0.13029,0.13029
relu,machine-2-7,33,level,W1,38,64,R0,0.0507,0.05298,1.09362,3.53829,0.98978,3.057,1.12438,1.66448,22.21743,22.21743,0.0,0.0,0.0,0.0,0.0,0.0,0.05298,3.53829,3.057,1.66448,0.30908,0.30908,1.0,0.32378,0.67552,1.0,0.0,,0.0,-0.00228,-0.00228,0.0
relu,machine-2-7,33,level,W1,38,64,R_all,0.05135,0.05135,3.51688,3.51688,3.04126,3.04126,1.66381,1.66381,0.0,22.21743,7.73047,0.0,0.0,0.0,38.0,0.0,0.05298,3.53829,3.057,1.66448,0.99395,1.0,0.99395,1.0,1.0,0.0,0.34795,,0.0,0.0,-0.00163,-0.00163
relu,machine-2-7,33,level,W1,38,64,R_fault,0.05135,0.05127,3.59636,3.52061,3.13304,3.04134,1.70278,1.66196,6.71326,22.21743,5.34101,0.0,0.0,0.0,30.0,0.0,0.05298,3.53829,3.057,1.66448,1.01641,1.02152,0.99501,1.03015,1.02456,0.30216,0.2404,,0.0,8e-05,-0.00163,-0.00171
relu,machine-2-7,33,level,W1,38,64,R_fault_rec,0.05135,0.05135,3.51688,3.51688,3.04126,3.04126,1.66381,1.66381,0.0,22.21743,7.73047,0.0,0.0,0.0,38.0,0.0,0.05298,3.53829,3.057,1.66448,0.99395,1.0,0.99395,1.0,1.0,0.0,0.34795,,0.0,0.0,-0.00163,-0.00163
relu,machine-2-7,33,level,W1,46,0,R0,0.08154,0.09033,0.45316,3.33193,0.49711,2.95731,0.59315,1.54344,37.63911,37.63911,0.0,0.0,0.0,0.0,0.0,0.0,0.09033,3.33193,2.95731,1.54344,0.136,0.136,1.0,0.1681,0.3843,1.0,0.0,,0.0,-0.00879,-0.00879,0.0
relu,machine-2-7,33,level,W1,46,0,R_all,0.23779,0.23779,2.01136,2.01136,2.02503,2.02503,0.72782,0.72782,0.0,37.63911,124.83379,0.0,0.0,0.0,46.0,0.0,0.09033,3.33193,2.95731,1.54344,0.60366,1.0,0.60366,1.0,1.0,0.0,3.3166,,0.0,0.0,0.14746,0.14746
relu,machine-2-7,33,level,W1,46,0,R_fault,0.08032,0.0765,3.12947,3.32254,2.75403,2.9125,1.3788,1.55563,14.92453,37.63911,13.36371,0.0,0.0,0.0,30.0,0.0,0.09033,3.33193,2.95731,1.54344,0.93924,0.94189,0.99718,0.94559,0.88633,0.39652,0.35505,,0.0,0.00382,-0.01001,-0.01383
relu,machine-2-7,33,level,W1,46,0,R_fault_rec,0.08097,0.08097,3.09194,3.09194,2.7596,2.7596,1.35724,1.35724,0.0,37.63911,22.40676,0.0,0.0,0.0,38.0,0.0,0.09033,3.33193,2.95731,1.54344,0.92797,1.0,0.92797,1.0,1.0,0.0,0.59531,,0.0,0.0,-0.00936,-0.00936
relu,machine-2-7,33,level,W1,46,64,R0,0.04818,0.04891,1.13889,3.55998,1.06132,3.09092,1.15495,1.681,20.99049,20.99049,0.0,0.0,0.0,0.0,0.0,0.0,0.04891,3.55998,3.09092,1.681,0.31991,0.31991,1.0,0.34337,0.68706,1.0,0.0,,0.0,-0.00073,-0.00073,0.0
relu,machine-2-7,33,level,W1,46,64,R_all,0.04924,0.04924,3.50064,3.50064,3.08263,3.08263,1.65382,1.65382,0.0,20.99049,10.6955,0.0,0.0,0.0,46.0,0.0,0.04891,3.55998,3.09092,1.681,0.98333,1.0,0.98333,1.0,1.0,0.0,0.50954,,0.0,0.0,0.00033,0.00033
relu,machine-2-7,33,level,W1,46,64,R_fault,0.04875,0.04858,3.61497,3.53146,3.18438,3.08379,1.70614,1.66205,6.31665,20.99049,4.7093,0.0,0.0,0.0,30.0,0.0,0.04891,3.55998,3.09092,1.681,1.01545,1.02365,0.99199,1.03262,1.02653,0.30093,0.22435,,0.0,0.00016,-0.00016,-0.00033
relu,machine-2-7,33,level,W1,46,64,R_fault_rec,0.04875,0.04875,3.53078,3.53078,3.09084,3.09084,1.665,1.665,0.0,20.99049,6.73013,0.0,0.0,0.0,38.0,0.0,0.04891,3.55998,3.09092,1.681,0.9918,1.0,0.9918,1.0,1.0,0.0,0.32063,,0.0,0.0,-0.00016,-0.00016
relu,machine-2-7,33,level,W2_f0995,30,0,R0,0.03678,0.03581,1.14051,2.06181,1.15519,2.04937,0.18113,0.79441,23.09986,23.09986,0.0,4204.04237,4204.04237,0.0,0.0,0.0,0.03581,2.06181,2.04937,0.79441,0.55316,0.55316,1.0,0.56368,0.22801,1.0,0.0,1.0,0.0,0.00098,0.00098,0.0
relu,machine-2-7,33,level,W2_f0995,30,0,R_all,0.04028,0.04028,1.78766,1.78766,1.80961,1.80961,0.66756,0.66756,0.0,23.09986,32.59311,0.0,4204.04237,0.0,30.0,0.0,0.03581,2.06181,2.04937,0.79441,0.86704,1.0,0.86704,1.0,1.0,0.0,1.41097,0.0,0.0,0.0,0.00448,0.00448
relu,machine-2-7,33,level,W2_f0995,30,0,R_fault,0.04028,0.04028,1.78766,1.78766,1.80961,1.80961,0.66756,0.66756,0.0,23.09986,32.59311,0.0,4204.04237,0.0,30.0,0.0,0.03581,2.06181,2.04937,0.79441,0.86704,1.0,0.86704,1.0,1.0,0.0,1.41097,0.0,0.0,0.0,0.00448,0.00448
relu,machine-2-7,33,level,W2_f0995,30,0,R_fault_rec,0.04028,0.04028,1.78766,1.78766,1.80961,1.80961,0.66756,0.66756,0.0,23.09986,32.59311,0.0,4204.04237,0.0,30.0,0.0,0.03581,2.06181,2.04937,0.79441,0.86704,1.0,0.86704,1.0,1.0,0.0,1.41097,0.0,0.0,0.0,0.00448,0.00448
relu,machine-2-7,33,level,W2_f0995,30,64,R0,0.03231,0.03198,1.88444,2.53144,1.80459,2.4272,0.57111,1.03496,15.31507,15.31507,0.0,3197.77016,3197.77016,0.0,0.0,0.0,0.03198,2.53144,2.4272,1.03496,0.74441,0.74441,1.0,0.74349,0.55182,1.0,0.0,1.0,0.0,0.00033,0.00033,0.0
relu,machine-2-7,33,level,W2_f0995,30,64,R_all,0.03304,0.03296,2.38255,2.39749,2.30291,2.31635,0.95229,0.96298,0.33113,15.31507,14.16779,328.0492,3197.77016,6.00946,30.0,0.0,0.03198,2.53144,2.4272,1.03496,0.94118,0.99376,0.94709,0.9942,0.98889,0.02162,0.92509,0.10259,0.39239,8e-05,0.00106,0.00098
relu,machine-2-7,33,level,W2_f0995,30,64,R_fault,0.03304,0.03296,2.38255,2.39749,2.30291,2.31635,0.95229,0.96298,0.33113,15.31507,14.16779,328.0492,3197.77016,6.00946,30.0,0.0,0.03198,2.53144,2.4272,1.03496,0.94118,0.99376,0.94709,0.9942,0.98889,0.02162,0.92509,0.10259,0.39239,8e-05,0.00106,0.00098
relu,machine-2-7,33,level,W2_f0995,30,64,R_fault_rec,0.03353,0.03353,2.34947,2.34947,2.27647,2.27647,0.93802,0.93802,0.0,15.31507,18.77415,0.0,3197.77016,7.34404,38.0,0.0,0.03198,2.53144,2.4272,1.03496,0.92812,1.0,0.92812,1.0,1.0,0.0,1.22586,0.0,0.47953,0.0,0.00155,0.00155
relu,machine-2-7,33,level,W2_f0995,38,0,R0,0.03597,0.03475,1.22524,2.12943,1.23254,2.10702,0.21741,0.82684,21.99147,21.99147,0.0,4234.03774,4234.03774,0.0,0.0,0.0,0.03475,2.12943,2.10702,0.82684,0.57538,0.57538,1.0,0.58497,0.26294,1.0,0.0,1.0,0.0,0.00122,0.00122,0.0
relu,machine-2-7,33,level,W2_f0995,38,0,R_all,0.04028,0.04028,1.78766,1.78766,1.80961,1.80961,0.66756,0.66756,0.0,21.99147,39.69495,0.0,4234.03774,0.0,38.0,0.0,0.03475,2.12943,2.10702,0.82684,0.8395,1.0,0.8395,1.0,1.0,0.0,1.80502,0.0,0.0,0.0,0.00553,0.00553
relu,machine-2-7,33,level,W2_f0995,38,0,R_fault,0.03955,0.03955,1.83437,1.87801,1.84812,1.88779,0.67849,0.7084,0.73935,21.99147,29.00745,434.35664,4234.03774,1.36041,30.0,0.0,0.03475,2.12943,2.10702,0.82684,0.86144,0.97676,0.88193,0.97899,0.95778,0.03362,1.31903,0.10259,0.06186,0.0,0.0048,0.0048
relu,machine-2-7,33,level,W2_f0995,38,0,R_fault_rec,0.04028,0.04028,1.78766,1.78766,1.80961,1.80961,0.66756,0.66756,0.0,21.99147,39.69495,0.0,4234.03774,0.0,38.0,0.0,0.03475,2.12943,2.10702,0.82684,0.8395,1.0,0.8395,1.0,1.0,0.0,1.80502,0.0,0.0,0.0,0.00553,0.00553
relu,machine-2-7,33,level,W2_f0995,38,64,R0,0.03182,0.03158,1.96427,2.58159,1.8702,2.464,0.61702,1.06324,14.57865,14.57865,0.0,3072.07555,3072.07555,0.0,0.0,0.0,0.03158,2.58159,2.464,1.06324,0.76087,0.76087,1.0,0.75901,0.58033,1.0,0.0,1.0,0.0,0.00024,0.00024,0.0
relu,machine-2-7,33,level,W2_f0995,38,64,R_all,0.03223,0.03223,2.41689,2.41689,2.32875,2.32875,0.97379,0.97379,0.0,14.57865,17.02764,0.0,3072.07555,7.8174,38.0,0.0,0.03158,2.58159,2.464,1.06324,0.9362,1.0,0.9362,1.0,1.0,0.0,1.16799,0.0,0.53622,0.0,0.00065,0.00065
relu,machine-2-7,33,level,W2_f0995,38,64,R_fault,0.03206,0.03206,2.44773,2.4607,2.35309,2.3648,0.98768,0.99701,0.30093,14.57865,12.87464,315.15458,3072.07555,6.30883,30.0,0.0,0.03158,2.58159,2.464,1.06324,0.94815,0.99473,0.95317,0.99505,0.99064,0.02064,0.88312,0.10259,0.43274,0.0,0.00049,0.00049
relu,machine-2-7,33,level,W2_f0995,38,64,R_fault_rec,0.03223,0.03223,2.41689,2.41689,2.32875,2.32875,0.97379,0.97379,0.0,14.57865,17.02764,0.0,3072.07555,7.8174,38.0,0.0,0.03158,2.58159,2.464,1.06324,0.9362,1.0,0.9362,1.0,1.0,0.0,1.16799,0.0,0.53622,0.0,0.00065,0.00065
relu,machine-2-7,33,level,W2_f0995,46,0,R0,0.03442,0.03369,1.33257,2.19272,1.32806,2.15927,0.27247,0.85735,20.82339,20.82339,0.0,4067.6106,4067.6106,0.0,0.0,0.0,0.03369,2.19272,2.15927,0.85735,0.60773,0.60773,1.0,0.61505,0.3178,1.0,0.0,1.0,0.0,0.00073,0.00073,0.0
relu,machine-2-7,33,level,W2_f0995,46,0,R_all,0.04028,0.04028,1.78766,1.78766,1.80961,1.80961,0.66756,0.66756,0.0,20.82339,46.98598,0.0,4067.6106,0.0,46.0,0.0,0.03369,2.19272,2.15927,0.85735,0.81527,1.0,0.81527,1.0,1.0,0.0,2.2564,0.0,0.0,0.0,0.00659,0.00659
relu,machine-2-7,33,level,W2_f0995,46,0,R_fault,0.03898,0.0389,1.92612,1.96312,1.92634,1.95993,0.7216,0.74711,0.64759,20.82339,25.80569,417.2834,4067.6106,2.62314,30.0,0.0,0.03369,2.19272,2.15927,0.85735,0.87841,0.98115,0.89529,0.98286,0.96585,0.0311,1.23926,0.10259,0.12597,8e-05,0.00529,0.00521
relu,machine-2-7,33,level,W2_f0995,46,0,R_fault_rec,0.03955,0.03955,1.8807,1.8807,1.88852,1.88852,0.70912,0.70912,0.0,20.82339,35.12608,0.0,4067.6106,2.0003,38.0,0.0,0.03369,2.19272,2.15927,0.85735,0.8577,1.0,0.8577,1.0,1.0,0.0,1.68686,0.0,0.09606,0.0,0.00586,0.00586
relu,machine-2-7,33,level,W2_f0995,46,64,R0,0.03068,0.03076,2.04145,2.63143,1.9322,2.49959,0.66159,1.0915,13.89369,13.89369,0.0,2951.32161,2951.32161,0.0,0.0,0.0,0.03076,2.63143,2.49959,1.0915,0.7758,0.7758,1.0,0.77301,0.60613,1.0,0.0,1.0,0.0,-8e-05,-8e-05,0.0
relu,machine-2-7,33,level,W2_f0995,46,64,R_all,0.03174,0.03174,2.44272,2.44272,2.34662,2.34662,0.988,0.988,0.0,13.89369,20.20329,0.0,2951.32161,9.53043,46.0,0.0,0.03076,2.63143,2.49959,1.0915,0.92829,1.0,0.92829,1.0,1.0,0.0,1.45413,0.0,0.68595,0.0,0.00098,0.00098
relu,machine-2-7,33,level,W2_f0995,46,64,R_fault,0.03117,0.03109,2.51025,2.52155,2.39984,2.41009,1.02203,1.0302,0.27497,13.89369,11.80834,302.76682,2951.32161,6.48511,30.0,0.0,0.03076,2.63143,2.49959,1.0915,0.95395,0.99552,0.95824,0.99575,0.99207,0.01979,0.84991,0.10259,0.46677,8e-05,0.00041,0.00033
relu,machine-2-7,33,level,W2_f0995,46,64,R_fault_rec,0.03141,0.03141,2.48155,2.48155,2.37746,2.37746,1.0086,1.0086,0.0,13.89369,15.58354,0.0,2951.32161,8.11039,38.0,0.0,0.03076,2.63143,2.49959,1.0915,0.94304,1.0,0.94304,1.0,1.0,0.0,1.12163,0.0,0.58375,0.0,0.00065,0.00065
relu,machine-2-7,33,level,W3_b01,30,0,R0,0.09814,0.05493,-2.51593,3.50288,-2.09884,3.28405,-2.05206,1.65268,110.00625,110.00625,0.0,147.51074,147.51074,0.0,0.0,30.0,0.05493,3.50288,3.28405,1.65268,-0.71825,-0.71825,1.0,-0.6391,-1.24166,1.0,0.0,1.0,0.0,0.04321,0.04321,0.0
relu,machine-2-7,33,level,W3_b01,30,0,R_all,0.20378,0.20378,1.84819,1.84819,1.87321,1.87321,0.72194,0.72194,0.0,110.00625,140.56154,0.0,147.51074,0.0,30.0,0.0,0.05493,3.50288,3.28405,1.65268,0.52762,1.0,0.52762,1.0,1.0,0.0,1.27776,0.0,0.0,0.0,0.14884,0.14884
relu,machine-2-7,33,level,W3_b01,30,0,R_fault,0.20378,0.20378,1.84819,1.84819,1.87321,1.87321,0.72194,0.72194,0.0,110.00625,140.56154,0.0,147.51074,0.0,30.0,0.0,0.05493,3.50288,3.28405,1.65268,0.52762,1.0,0.52762,1.0,1.0,0.0,1.27776,0.0,0.0,0.0,0.14884,0.14884
relu,machine-2-7,33,level,W3_b01,30,0,R_fault_rec,0.20378,0.20378,1.84819,1.84819,1.87321,1.87321,0.72194,0.72194,0.0,110.00625,140.56154,0.0,147.51074,0.0,30.0,0.0,0.05493,3.50288,3.28405,1.65268,0.52762,1.0,0.52762,1.0,1.0,0.0,1.27776,0.0,0.0,0.0,0.14884,0.14884
relu,machine-2-7,33,level,W3_b01,30,64,R0,0.02547,0.02384,3.33164,3.78663,2.95995,3.41097,1.58879,1.84625,8.14194,8.14194,0.0,71.72821,71.72821,0.0,0.0,94.0,0.02384,3.78663,3.41097,1.84625,0.87984,0.87984,1.0,0.86777,0.86055,1.0,0.0,1.0,0.0,0.00163,0.00163,0.0
relu,machine-2-7,33,level,W3_b01,30,64,R_all,0.02401,0.02409,3.71129,3.788,3.33859,3.40755,1.80696,1.84964,3.62825,8.14194,2.8769,34.67988,71.72821,0.0,30.0,64.0,0.02384,3.78663,3.41097,1.84625,0.9801,0.97975,1.00036,0.97976,0.97692,0.44562,0.35334,0.48349,0.0,-8e-05,0.00016,0.00024
relu,machine-2-7,33,level,W3_b01,30,64,R_fault,0.02401,0.02409,3.71129,3.788,3.33859,3.40755,1.80696,1.84964,3.62825,8.14194,2.8769,34.67988,71.72821,0.0,30.0,64.0,0.02384,3.78663,3.41097,1.84625,0.9801,0.97975,1.00036,0.97976,0.97692,0.44562,0.35334,0.48349,0.0,-8e-05,0.00016,0.00024
relu,machine-2-7,33,level,W3_b01,30,64,R_fault_rec,0.02417,0.02417,3.7899,3.7899,3.40826,3.40826,1.85359,1.85359,0.0,8.14194,4.19984,0.0,71.72821,0.0,38.0,56.0,0.02384,3.78663,3.41097,1.84625,1.00086,1.0,1.00086,1.0,1.0,0.0,0.51583,0.0,0.0,0.0,0.00033,0.00033
relu,machine-2-7,33,level,W3_b01,38,0,R0,0.03353,0.03052,0.5002,3.59904,0.61149,3.33366,-0.7741,1.71142,57.9616,57.9616,0.0,97.7345,97.7345,0.0,0.0,38.0,0.03052,3.59904,3.33366,1.71142,0.13898,0.13898,1.0,0.18343,-0.45232,1.0,0.0,1.0,0.0,0.00301,0.00301,0.0
relu,machine-2-7,33,level,W3_b01,38,0,R_all,0.20378,0.20378,1.84819,1.84819,1.87321,1.87321,0.72194,0.72194,0.0,57.9616,143.3633,0.0,97.7345,0.0,38.0,0.0,0.03052,3.59904,3.33366,1.71142,0.51352,1.0,0.51352,1.0,1.0,0.0,2.47342,0.0,0.0,0.0,0.17326,0.17326
relu,machine-2-7,33,level,W3_b01,38,0,R_fault,0.04533,0.04598,2.56218,2.99507,2.49481,2.85736,0.97419,1.31376,14.12425,57.9616,62.78267,38.53412,97.7345,0.0,30.0,8.0,0.03052,3.59904,3.33366,1.71142,0.71191,0.85547,0.83219,0.87312,0.74153,0.24368,1.08318,0.39427,0.0,-0.00065,0.01481,0.01546
relu,machine-2-7,33,level,W3_b01,38,0,R_fault_rec,0.20378,0.20378,1.84819,1.84819,1.87321,1.87321,0.72194,0.72194,0.0,57.9616,143.3633,0.0,97.7345,0.0,38.0,0.0,0.03052,3.59904,3.33366,1.71142,0.51352,1.0,0.51352,1.0,1.0,0.0,2.47342,0.0,0.0,0.0,0.17326,0.17326
relu,machine-2-7,33,level,W3_b01,38,64,R0,0.05859,0.059,3.20962,3.65858,2.83761,3.27957,1.53804,1.79109,8.10354,8.10354,0.0,71.66739,71.66739,0.0,0.0,102.0,0.059,3.65858,3.27957,1.79109,0.87729,0.87729,1.0,0.86524,0.85872,1.0,0.0,1.0,0.0,-0.00041,-0.00041,0.0
relu,machine-2-7,33,level,W3_b01,38,64,R_all,0.05965,0.05965,3.65735,3.65735,3.27221,3.27221,1.79523,1.79523,0.0,8.10354,3.85007,0.0,71.66739,0.0,38.0,64.0,0.059,3.65858,3.27957,1.79109,0.99966,1.0,0.99966,1.0,1.0,0.0,0.47511,0.0,0.0,0.0,0.00065,0.00065
relu,machine-2-7,33,level,W3_b01,38,64,R_fault,0.05908,0.05957,3.58039,3.65617,3.20533,3.2725,1.75082,1.79228,3.56296,8.10354,2.73767,34.65773,71.66739,0.0,30.0,72.0,0.059,3.65858,3.27957,1.79109,0.97863,0.97927,0.99934,0.97948,0.97687,0.43968,0.33784,0.48359,0.0,-0.00049,8e-05,0.00057
relu,machine-2-7,33,level,W3_b01,38,64,R_fault_rec,0.05965,0.05965,3.65735,3.65735,3.27221,3.27221,1.79523,1.79523,0.0,8.10354,3.85007,0.0,71.66739,0.0,38.0,64.0,0.059,3.65858,3.27957,1.79109,0.99966,1.0,0.99966,1.0,1.0,0.0,0.47511,0.0,0.0,0.0,0.00065,0.00065
relu,machine-2-7,33,level,W3_b01,46,0,R0,0.03491,0.03174,2.07282,3.48997,1.96235,3.23984,0.52745,1.64821,27.58013,27.58013,0.0,77.92148,77.92148,0.0,0.0,46.0,0.03174,3.48997,3.23984,1.64821,0.59394,0.59394,1.0,0.60569,0.32002,1.0,0.0,1.0,0.0,0.00317,0.00317,0.0
relu,machine-2-7,33,level,W3_b01,46,0,R_all,0.20378,0.20378,1.84819,1.84819,1.87321,1.87321,0.72194,0.72194,0.0,27.58013,147.523,0.0,77.92148,0.0,46.0,0.0,0.03174,3.48997,3.23984,1.64821,0.52957,1.0,0.52957,1.0,1.0,0.0,5.34889,0.0,0.0,0.0,0.17204,0.17204
relu,machine-2-7,33,level,W3_b01,46,0,R_fault,0.03727,0.03857,3.15882,3.38155,2.96664,3.14931,1.38849,1.56934,7.35045,27.58013,27.75184,35.58071,77.92148,0.0,30.0,16.0,0.03174,3.48997,3.23984,1.64821,0.90512,0.93413,0.96893,0.942,0.88476,0.26651,1.00623,0.45662,0.0,-0.0013,0.00553,0.00684
relu,machine-2-7,33,level,W3_b01,46,0,R_fault_rec,0.05444,0.05444,2.89622,2.89622,2.77684,2.77684,1.26157,1.26157,0.0,27.58013,63.71509,0.0,77.92148,0.0,38.0,8.0,0.03174,3.48997,3.23984,1.64821,0.82987,1.0,0.82987,1.0,1.0,0.0,2.31018,0.0,0.0,0.0,0.02271,0.02271
relu,machine-2-7,33,level,W3_b01,46,64,R0,0.05835,0.05884,3.20581,3.6517,2.81872,3.2549,1.53747,1.78834,8.07399,8.07399,0.0,71.6064,71.6064,0.0,0.0,110.0,0.05884,3.6517,3.2549,1.78834,0.8779,0.8779,1.0,0.86599,0.85972,1.0,0.0,1.0,0.0,-0.00049,-0.00049,0.0
relu,machine-2-7,33,level,W3_b01,46,64,R_all,0.06006,0.06006,3.63374,3.63374,3.23024,3.23024,1.77987,1.77987,0.0,8.07399,5.48971,0.0,71.6064,0.0,46.0,64.0,0.05884,3.6517,3.2549,1.78834,0.99508,1.0,0.99508,1.0,1.0,0.0,0.67992,0.0,0.0,0.0,0.00122,0.00122
relu,machine-2-7,33,level,W3_b01,46,64,R_fault,0.05884,0.05941,3.56845,3.64462,3.17707,3.24345,1.74365,1.78536,3.52761,8.07399,2.74235,34.63518,71.6064,0.0,30.0,80.0,0.05884,3.6517,3.2549,1.78834,0.9772,0.9791,0.99806,0.97953,0.97664,0.43691,0.33965,0.48369,0.0,-0.00057,0.0,0.00057
relu,machine-2-7,33,level,W3_b01,46,64,R_fault_rec,0.05957,0.05957,3.64313,3.64313,3.24019,3.24019,1.78575,1.78575,0.0,8.07399,3.67477,0.0,71.6064,0.0,38.0,72.0,0.05884,3.6517,3.2549,1.78834,0.99765,1.0,0.99765,1.0,1.0,0.0,0.45514,0.0,0.0,0.0,0.00073,0.00073
relu,machine-2-7,33,level,W3_b05,30,0,R0,0.08789,0.06966,-3.92053,3.79792,-3.3714,3.25475,-2.85975,1.78622,165.08267,165.08267,0.0,209.92494,209.92494,0.0,0.0,30.0,0.06966,3.79792,3.25475,1.78622,-1.03228,-1.03228,1.0,-1.03584,-1.601,1.0,0.0,1.0,0.0,0.01823,0.01823,0.0
relu,machine-2-7,33,level,W3_b05,30,0,R_all,0.10588,0.10588,1.77944,1.77944,1.83286,1.83286,0.74408,0.74408,0.0,165.08267,232.03081,0.0,209.92494,0.0,30.0,0.0,0.06966,3.79792,3.25475,1.78622,0.46853,1.0,0.46853,1.0,1.0,0.0,1.40554,0.0,0.0,0.0,0.03621,0.03621
relu,machine-2-7,33,level,W3_b05,30,0,R_fault,0.10588,0.10588,1.77944,1.77944,1.83286,1.83286,0.74408,0.74408,0.0,165.08267,232.03081,0.0,209.92494,0.0,30.0,0.0,0.06966,3.79792,3.25475,1.78622,0.46853,1.0,0.46853,1.0,1.0,0.0,1.40554,0.0,0.0,0.0,0.03621,0.03621
relu,machine-2-7,33,level,W3_b05,30,0,R_fault_rec,0.10588,0.10588,1.77944,1.77944,1.83286,1.83286,0.74408,0.74408,0.0,165.08267,232.03081,0.0,209.92494,0.0,30.0,0.0,0.06966,3.79792,3.25475,1.78622,0.46853,1.0,0.46853,1.0,1.0,0.0,1.40554,0.0,0.0,0.0,0.03621,0.03621
relu,machine-2-7,33,level,W3_b05,30,64,R0,0.02799,0.02677,4.56994,4.26012,3.75263,3.45654,2.24999,2.07383,8.824,8.824,0.0,97.87131,97.87131,0.0,0.0,94.0,0.02677,4.26012,3.45654,2.07383,1.07273,1.07273,1.0,1.08566,1.08495,1.0,0.0,1.0,0.0,0.00122,0.00122,0.0
relu,machine-2-7,33,level,W3_b05,30,64,R_all,0.02686,0.02645,4.056,4.27095,3.29097,3.45696,1.9852,2.08514,13.28364,8.824,5.46625,121.54677,97.87131,0.0,30.0,64.0,0.02677,4.26012,3.45654,2.07383,0.95209,0.94967,1.00254,0.95198,0.95207,1.5054,0.61948,1.2419,0.0,0.00041,8e-05,-0.00033
relu,machine-2-7,33,level,W3_b05,30,64,R_fault,0.02686,0.02645,4.056,4.27095,3.29097,3.45696,1.9852,2.08514,13.28364,8.824,5.46625,121.54677,97.87131,0.0,30.0,64.0,0.02677,4.26012,3.45654,2.07383,0.95209,0.94967,1.00254,0.95198,0.95207,1.5054,0.61948,1.2419,0.0,0.00041,8e-05,-0.00033
relu,machine-2-7,33,level,W3_b05,30,64,R_fault_rec,0.02669,0.02669,4.27247,4.27247,3.46074,3.46074,2.08847,2.08847,0.0,8.824,6.11933,0.0,97.87131,0.0,38.0,56.0,0.02677,4.26012,3.45654,2.07383,1.0029,1.0,1.0029,1.0,1.0,0.0,0.69349,0.0,0.0,0.0,-8e-05,-8e-05
relu,machine-2-7,33,level,W3_b05,38,0,R0,0.03328,0.03581,3.22992,4.0319,2.82189,3.34826,1.11253,1.9134,40.78387,40.78387,0.0,110.81995,110.81995,0.0,0.0,38.0,0.03581,4.0319,3.34826,1.9134,0.80109,0.80109,1.0,0.84279,0.58144,1.0,0.0,1.0,0.0,-0.00252,-0.00252,0.0
relu,machine-2-7,33,level,W3_b05,38,0,R_all,0.10588,0.10588,1.77944,1.77944,1.83286,1.83286,0.74408,0.74408,0.0,40.78387,225.23423,0.0,110.81995,0.0,38.0,0.0,0.03581,4.0319,3.34826,1.9134,0.44134,1.0,0.44134,1.0,1.0,0.0,5.52263,0.0,0.0,0.0,0.07007,0.07007
relu,machine-2-7,33,level,W3_b05,38,0,R_fault,0.03101,0.03491,3.10576,4.0578,2.68742,3.36136,1.18937,1.93324,38.93756,40.78387,7.89577,130.40032,110.81995,0.0,30.0,8.0,0.03581,4.0319,3.34826,1.9134,0.7703,0.76538,1.00642,0.7995,0.61522,0.95473,0.1936,1.17669,0.0,-0.00391,-0.0048,-0.0009
relu,machine-2-7,33,level,W3_b05,38,0,R_fault_rec,0.10588,0.10588,1.77944,1.77944,1.83286,1.83286,0.74408,0.74408,0.0,40.78387,225.23423,0.0,110.81995,0.0,38.0,0.0,0.03581,4.0319,3.34826,1.9134,0.44134,1.0,0.44134,1.0,1.0,0.0,5.52263,0.0,0.0,0.0,0.07007,0.07007
relu,machine-2-7,33,level,W3_b05,38,64,R0,0.06413,0.06307,4.39583,4.08808,3.56259,3.27551,2.23274,2.05171,9.2771,9.2771,0.0,97.62715,97.62715,0.0,0.0,102.0,0.06307,4.08808,3.27551,2.05171,1.07528,1.07528,1.0,1.08764,1.08823,1.0,0.0,1.0,0.0,0.00106,0.00106,0.0
relu,machine-2-7,33,level,W3_b05,38,64,R_all,0.06217,0.06217,4.11434,4.11434,3.29327,3.29327,2.0698,2.0698,0.0,9.2771,7.49951,0.0,97.62715,0.0,38.0,64.0,0.06307,4.08808,3.27551,2.05171,1.00642,1.0,1.00642,1.0,1.0,0.0,0.80839,0.0,0.0,0.0,-0.0009,-0.0009
relu,machine-2-7,33,level,W3_b05,38,64,R_fault,0.06258,0.06226,3.90135,4.12196,3.115,3.29677,1.97016,2.07496,13.42071,9.2771,7.08278,121.33925,97.62715,0.0,30.0,72.0,0.06307,4.08808,3.27551,2.05171,0.95432,0.94648,1.00829,0.94486,0.94949,1.44665,0.76347,1.24288,0.0,0.00033,-0.00049,-0.00081
relu,machine-2-7,33,level,W3_b05,38,64,R_fault_rec,0.06217,0.06217,4.11434,4.11434,3.29327,3.29327,2.0698,2.0698,0.0,9.2771,7.49951,0.0,97.62715,0.0,38.0,64.0,0.06307,4.08808,3.27551,2.05171,1.00642,1.0,1.00642,1.0,1.0,0.0,0.80839,0.0,0.0,0.0,-0.0009,-0.0009
relu,machine-2-7,33,level,W3_b05,46,0,R0,0.07764,0.0765,3.94501,3.61497,3.42233,3.10465,1.83602,1.64603,10.26687,10.26687,0.0,99.46543,99.46543,0.0,0.0,46.0,0.0765,3.61497,3.10465,1.64603,1.0913,1.0913,1.0,1.10232,1.11543,1.0,0.0,1.0,0.0,0.00114,0.00114,0.0
relu,machine-2-7,33,level,W3_b05,46,0,R_all,0.10588,0.10588,1.77944,1.77944,1.83286,1.83286,0.74408,0.74408,0.0,10.26687,233.92368,0.0,99.46543,0.0,46.0,0.0,0.0765,3.61497,3.10465,1.64603,0.49224,1.0,0.49224,1.0,1.0,0.0,22.78432,0.0,0.0,0.0,0.02938,0.02938
relu,machine-2-7,33,level,W3_b05,46,0,R_fault,0.07576,0.07503,3.54043,3.6772,3.02954,3.14252,1.65754,1.68674,13.49009,10.26687,8.91275,122.72358,99.46543,0.0,30.0,16.0,0.0765,3.61497,3.10465,1.64603,0.97938,0.96281,1.01721,0.96405,0.98269,1.31394,0.86811,1.23383,0.0,0.00073,-0.00073,-0.00146
relu,machine-2-7,33,level,W3_b05,46,0,R_fault_rec,0.07511,0.07511,3.68234,3.68234,3.15346,3.15346,1.69245,1.69245,0.0,10.26687,9.77191,0.0,99.46543,0.0,38.0,8.0,0.0765,3.61497,3.10465,1.64603,1.01864,1.0,1.01864,1.0,1.0,0.0,0.95179,0.0,0.0,0.0,-0.00138,-0.00138
relu,machine-2-7,33,level,W3_b05,46,64,R0,0.06372,0.06291,4.41404,4.10096,3.55612,3.26452,2.22037,2.03433,9.50055,9.50055,0.0,97.42489,97.42489,0.0,0.0,110.0,0.06291,4.10096,3.26452,2.03433,1.07634,1.07634,1.0,1.08932,1.09145,1.0,0.0,1.0,0.0,0.00081,0.00081,0.0
relu,machine-2-7,33,level,W3_b05,46,64,R_all,0.06234,0.06234,4.11535,4.11535,3.27075,3.27075,2.04291,2.04291,0.0,9.50055,12.25107,0.0,97.42489,0.0,46.0,64.0,0.06291,4.10096,3.26452,2.03433,1.00351,1.0,1.00351,1.0,1.0,0.0,1.28951,0.0,0.0,0.0,-0.00057,-0.00057
relu,machine-2-7,33,level,W3_b05,46,64,R_fault,0.0625,0.06193,3.89301,4.11057,3.09709,3.27432,1.94305,2.04227,13.25026,9.50055,6.4505,121.14824,97.42489,0.0,30.0,80.0,0.06291,4.10096,3.26452,2.03433,0.94929,0.94707,1.00234,0.94587,0.95142,1.39468,0.67896,1.2435,0.0,0.00057,-0.00041,-0.00098
relu,machine-2-7,33,level,W3_b05,46,64,R_fault_rec,0.06185,0.06185,4.10242,4.10242,3.26903,3.26903,2.03637,2.03637,0.0,9.50055,6.43769,0.0,97.42489,0.0,38.0,72.0,0.06291,4.10096,3.26452,2.03433,1.00036,1.0,1.00036,1.0,1.0,0.0,0.67761,0.0,0.0,0.0,-0.00106,-0.00106
relu,machine-2-7,33,ramp,W1,30,0,R0,0.30827,0.19979,-0.5467,3.10729,-0.05117,2.5304,-0.2539,1.37482,62.07149,62.07149,0.0,0.0,0.0,0.0,0.0,0.0,0.19979,3.10729,2.5304,1.37482,-0.17594,-0.17594,1.0,-0.02022,-0.18468,1.0,0.0,,0.0,0.10848,0.10848,0.0
relu,machine-2-7,33,ramp,W1,30,0,R_all,0.29484,0.29484,2.59449,2.59449,2.20058,2.20058,1.03886,1.03886,0.0,62.07149,48.72796,0.0,0.0,0.0,30.0,0.0,0.19979,3.10729,2.5304,1.37482,0.83497,1.0,0.83497,1.0,1.0,0.0,0.78503,,0.0,0.0,0.09505,0.09505
relu,machine-2-7,33,ramp,W1,30,0,R_fault,0.29484,0.29484,2.59449,2.59449,2.20058,2.20058,1.03886,1.03886,0.0,62.07149,48.72796,0.0,0.0,0.0,30.0,0.0,0.19979,3.10729,2.5304,1.37482,0.83497,1.0,0.83497,1.0,1.0,0.0,0.78503,,0.0,0.0,0.09505,0.09505
relu,machine-2-7,33,ramp,W1,30,0,R_fault_rec,0.29484,0.29484,2.59449,2.59449,2.20058,2.20058,1.03886,1.03886,0.0,62.07149,48.72796,0.0,0.0,0.0,30.0,0.0,0.19979,3.10729,2.5304,1.37482,0.83497,1.0,0.83497,1.0,1.0,0.0,0.78503,,0.0,0.0,0.09505,0.09505
relu,machine-2-7,33,ramp,W1,30,64,R0,0.13949,0.13908,1.43454,3.46368,1.39157,2.78187,1.13614,1.61296,17.85823,17.85823,0.0,0.0,0.0,0.0,0.0,0.0,0.13908,3.46368,2.78187,1.61296,0.41417,0.41417,1.0,0.50023,0.70438,1.0,0.0,,0.0,0.00041,0.00041,0.0
relu,machine-2-7,33,ramp,W1,30,64,R_all,0.13957,0.13924,3.59456,3.44134,2.97181,2.7741,1.67873,1.62497,6.50983,17.85823,3.67019,0.0,0.0,0.0,30.0,0.0,0.13908,3.46368,2.78187,1.61296,1.03779,1.04453,0.99355,1.07127,1.03308,0.36453,0.20552,,0.0,0.00033,0.00049,0.00016
relu,machine-2-7,33,ramp,W1,30,64,R_fault,0.13957,0.13924,3.59456,3.44134,2.97181,2.7741,1.67873,1.62497,6.50983,17.85823,3.67019,0.0,0.0,0.0,30.0,0.0,0.13908,3.46368,2.78187,1.61296,1.03779,1.04453,0.99355,1.07127,1.03308,0.36453,0.20552,,0.0,0.00033,0.00049,0.00016
relu,machine-2-7,33,ramp,W1,30,64,R_fault_rec,0.13908,0.13908,3.43908,3.43908,2.77914,2.77914,1.60801,1.60801,0.0,17.85823,5.11332,0.0,0.0,0.0,38.0,0.0,0.13908,3.46368,2.78187,1.61296,0.9929,1.0,0.9929,1.0,1.0,0.0,0.28633,,0.0,0.0,0.0,0.0
relu,machine-2-7,33,ramp,W1,38,0,R0,0.25537,0.18709,-0.02248,3.14074,0.27753,2.55289,-0.10891,1.41168,52.3091,52.3091,0.0,0.0,0.0,0.0,0.0,0.0,0.18709,3.14074,2.55289,1.41168,-0.00716,-0.00716,1.0,0.10871,-0.07715,1.0,0.0,,0.0,0.06828,0.06828,0.0
relu,machine-2-7,33,ramp,W1,38,0,R_all,0.29484,0.29484,2.59449,2.59449,2.20058,2.20058,1.03886,1.03886,0.0,52.3091,51.67034,0.0,0.0,0.0,38.0,0.0,0.18709,3.14074,2.55289,1.41168,0.82608,1.0,0.82608,1.0,1.0,0.0,0.98779,,0.0,0.0,0.10775,0.10775
relu,machine-2-7,33,ramp,W1,38,0,R_fault,0.22884,0.19507,2.75598,3.12835,2.25045,2.54535,1.03944,1.42058,27.23296,52.3091,13.48767,0.0,0.0,0.0,30.0,0.0,0.18709,3.14074,2.55289,1.41168,0.87749,0.88097,0.99606,0.88414,0.7317,0.52062,0.25785,,0.0,0.03377,0.04175,0.00798
relu,machine-2-7,33,ramp,W1,38,0,R_fault_rec,0.29484,0.29484,2.59449,2.59449,2.20058,2.20058,1.03886,1.03886,0.0,52.3091,51.67034,0.0,0.0,0.0,38.0,0.0,0.18709,3.14074,2.55289,1.41168,0.82608,1.0,0.82608,1.0,1.0,0.0,0.98779,,0.0,0.0,0.10775,0.10775
relu,machine-2-7,33,ramp,W1,38,64,R0,0.13997,0.13932,1.51656,3.5099,1.45517,2.81832,1.20355,1.64942,17.20533,17.20533,0.0,0.0,0.0,0.0,0.0,0.0,0.13932,3.5099,2.81832,1.64942,0.43208,0.43208,1.0,0.51632,0.72968,1.0,0.0,,0.0,0.00065,0.00065,0.0
relu,machine-2-7,33,ramp,W1,38,64,R_all,0.13981,0.13981,3.49367,3.49367,2.81931,2.81931,1.65036,1.65036,0.0,17.20533,4.69806,0.0,0.0,0.0,38.0,0.0,0.13932,3.5099,2.81832,1.64942,0.99537,1.0,0.99537,1.0,1.0,0.0,0.27306,,0.0,0.0,0.00049,0.00049
relu,machine-2-7,33,ramp,W1,38,64,R_fault,0.14014,0.14006,3.66263,3.49545,3.01643,2.8141,1.72503,1.67001,6.36633,17.20533,3.31914,0.0,0.0,0.0,30.0,0.0,0.13932,3.5099,2.81832,1.64942,1.04351,1.04783,0.99588,1.0719,1.03294,0.37002,0.19291,,0.0,8e-05,0.00081,0.00073
relu,machine-2-7,33,ramp,W1,38,64,R_fault_rec,0.13981,0.13981,3.49367,3.49367,2.81931,2.81931,1.65036,1.65036,0.0,17.20533,4.69806,0.0,0.0,0.0,38.0,0.0,0.13932,3.5099,2.81832,1.64942,0.99537,1.0,0.99537,1.0,1.0,0.0,0.27306,,0.0,0.0,0.00049,0.00049
relu,machine-2-7,33,ramp,W1,46,0,R0,0.18351,0.17952,0.84951,3.18605,0.81629,2.54621,0.70695,1.43726,29.39811,29.39811,0.0,0.0,0.0,0.0,0.0,0.0,0.17952,3.18605,2.54621,1.43726,0.26663,0.26663,1.0,0.32059,0.49187,1.0,0.0,,0.0,0.00399,0.00399,0.0
relu,machine-2-7,33,ramp,W1,46,0,R_all,0.29484,0.29484,2.59449,2.59449,2.20058,2.20058,1.03886,1.03886,0.0,29.39811,54.47717,0.0,0.0,0.0,46.0,0.0,0.17952,3.18605,2.54621,1.43726,0.81433,1.0,0.81433,1.0,1.0,0.0,1.85308,,0.0,0.0,0.11532,0.11532
relu,machine-2-7,33,ramp,W1,46,0,R_fault,0.18132,0.18213,3.15884,3.19274,2.5466,2.53996,1.41734,1.4619,13.20185,29.39811,9.02205,0.0,0.0,0.0,30.0,0.0,0.17952,3.18605,2.54621,1.43726,0.99146,0.98938,1.0021,1.00261,0.96952,0.44907,0.30689,,0.0,-0.00081,0.00179,0.0026
relu,machine-2-7,33,ramp,W1,46,0,R_fault_rec,0.18376,0.18376,3.18596,3.18596,2.52509,2.52509,1.42655,1.42655,0.0,29.39811,15.36605,0.0,0.0,0.0,38.0,0.0,0.17952,3.18605,2.54621,1.43726,0.99997,1.0,0.99997,1.0,1.0,0.0,0.52269,,0.0,0.0,0.00423,0.00423
relu,machine-2-7,33,ramp,W1,46,64,R0,0.13818,0.13802,1.70972,3.65633,1.57108,2.90045,1.3354,1.75022,16.40468,16.40468,0.0,0.0,0.0,0.0,0.0,0.0,0.13802,3.65633,2.90045,1.75022,0.46761,0.46761,1.0,0.54167,0.76299,1.0,0.0,,0.0,0.00016,0.00016,0.0
relu,machine-2-7,33,ramp,W1,46,64,R_all,0.13957,0.13957,3.6321,3.6321,2.86901,2.86901,1.73928,1.73928,0.0,16.40468,4.62471,0.0,0.0,0.0,46.0,0.0,0.13802,3.65633,2.90045,1.75022,0.99337,1.0,0.99337,1.0,1.0,0.0,0.28191,,0.0,0.0,0.00155,0.00155
relu,machine-2-7,33,ramp,W1,46,64,R_fault,0.13867,0.13883,3.82063,3.63703,3.114,2.89188,1.82799,1.76593,6.1028,16.40468,2.96316,0.0,0.0,0.0,30.0,0.0,0.13802,3.65633,2.90045,1.75022,1.04494,1.05048,0.99472,1.07681,1.03514,0.37202,0.18063,,0.0,-0.00016,0.00065,0.00081
relu,machine-2-7,33,ramp,W1,46,64,R_fault_rec,0.13875,0.13875,3.62805,3.62805,2.8659,2.8659,1.74162,1.74162,0.0,16.40468,4.05702,0.0,0.0,0.0,38.0,0.0,0.13802,3.65633,2.90045,1.75022,0.99226,1.0,0.99226,1.0,1.0,0.0,0.24731,,0.0,0.0,0.00073,0.00073
relu,machine-2-7,33,ramp,W2_f0995,30,0,R0,0.08276,0.08285,1.51074,2.41794,1.40842,2.17775,0.36655,0.97793,20.98711,20.98711,0.0,3945.47056,3945.47056,0.0,0.0,0.0,0.08285,2.41794,2.17775,0.97793,0.6248,0.6248,1.0,0.64673,0.37482,1.0,0.0,1.0,0.0,-8e-05,-8e-05,0.0
relu,machine-2-7,33,ramp,W2_f0995,30,0,R_all,0.09302,0.09302,2.24507,2.24507,2.07628,2.07628,0.89627,0.89627,0.0,20.98711,20.14467,0.0,3945.47056,0.0,30.0,0.0,0.08285,2.41794,2.17775,0.97793,0.92851,1.0,0.92851,1.0,1.0,0.0,0.95986,0.0,0.0,0.0,0.01017,0.01017
relu,machine-2-7,33,ramp,W2_f0995,30,0,R_fault,0.09302,0.09302,2.24507,2.24507,2.07628,2.07628,0.89627,0.89627,0.0,20.98711,20.14467,0.0,3945.47056,0.0,30.0,0.0,0.08285,2.41794,2.17775,0.97793,0.92851,1.0,0.92851,1.0,1.0,0.0,0.95986,0.0,0.0,0.0,0.01017,0.01017
relu,machine-2-7,33,ramp,W2_f0995,30,0,R_fault_rec,0.09302,0.09302,2.24507,2.24507,2.07628,2.07628,0.89627,0.89627,0.0,20.98711,20.14467,0.0,3945.47056,0.0,30.0,0.0,0.08285,2.41794,2.17775,0.97793,0.92851,1.0,0.92851,1.0,1.0,0.0,0.95986,0.0,0.0,0.0,0.01017,0.01017
relu,machine-2-7,33,ramp,W2_f0995,30,64,R0,0.05591,0.05273,2.08932,2.72083,1.8063,2.33436,0.68131,1.1292,14.21396,14.21396,0.0,2955.8282,2955.8282,0.0,0.0,0.0,0.05273,2.72083,2.33436,1.1292,0.7679,0.7679,1.0,0.77379,0.60336,1.0,0.0,1.0,0.0,0.00317,0.00317,0.0
relu,machine-2-7,33,ramp,W2_f0995,30,64,R_all,0.05868,0.05827,2.64231,2.65222,2.29462,2.30095,1.08596,1.0932,0.28284,14.21396,9.3184,263.04033,2955.8282,4.30758,30.0,0.0,0.05273,2.72083,2.33436,1.1292,0.97114,0.99626,0.97478,0.99725,0.99338,0.0199,0.65558,0.08899,0.30305,0.00041,0.00594,0.00553
relu,machine-2-7,33,ramp,W2_f0995,30,64,R_fault,0.05868,0.05827,2.64231,2.65222,2.29462,2.30095,1.08596,1.0932,0.28284,14.21396,9.3184,263.04033,2955.8282,4.30758,30.0,0.0,0.05273,2.72083,2.33436,1.1292,0.97114,0.99626,0.97478,0.99725,0.99338,0.0199,0.65558,0.08899,0.30305,0.00041,0.00594,0.00553
relu,machine-2-7,33,ramp,W2_f0995,30,64,R_fault_rec,0.06152,0.06152,2.62551,2.62551,2.28752,2.28752,1.079,1.079,0.0,14.21396,12.3225,0.0,2955.8282,5.26029,38.0,0.0,0.05273,2.72083,2.33436,1.1292,0.96497,1.0,0.96497,1.0,1.0,0.0,0.86693,0.0,0.37008,0.0,0.00879,0.00879
relu,machine-2-7,33,ramp,W2_f0995,38,0,R0,0.08195,0.08162,1.57716,2.45991,1.45688,2.20096,0.39686,0.99777,20.07241,20.07241,0.0,3913.69219,3913.69219,0.0,0.0,0.0,0.08162,2.45991,2.20096,0.99777,0.64115,0.64115,1.0,0.66193,0.39775,1.0,0.0,1.0,0.0,0.00033,0.00033,0.0
relu,machine-2-7,33,ramp,W2_f0995,38,0,R_all,0.09302,0.09302,2.24507,2.24507,2.07628,2.07628,0.89627,0.89627,0.0,20.07241,24.97024,0.0,3913.69219,0.0,38.0,0.0,0.08162,2.45991,2.20096,0.99777,0.91266,1.0,0.91266,1.0,1.0,0.0,1.24401,0.0,0.0,0.0,0.01139,0.01139
relu,machine-2-7,33,ramp,W2_f0995,38,0,R_fault,0.08602,0.08577,2.27243,2.30477,2.08826,2.1119,0.90057,0.92332,0.5999,20.07241,18.08971,348.28103,3913.69219,0.90186,30.0,0.0,0.08162,2.45991,2.20096,0.99777,0.92379,0.98597,0.93693,0.9888,0.97536,0.02989,0.90122,0.08899,0.04493,0.00024,0.00439,0.00415
relu,machine-2-7,33,ramp,W2_f0995,38,0,R_fault_rec,0.09302,0.09302,2.24507,2.24507,2.07628,2.07628,0.89627,0.89627,0.0,20.07241,24.97024,0.0,3913.69219,0.0,38.0,0.0,0.08162,2.45991,2.20096,0.99777,0.91266,1.0,0.91266,1.0,1.0,0.0,1.24401,0.0,0.0,0.0,0.01139,0.01139
relu,machine-2-7,33,ramp,W2_f0995,38,64,R0,0.05282,0.05119,2.15496,2.75881,1.84921,2.35376,0.71784,1.14914,13.54999,13.54999,0.0,2839.64359,2839.64359,0.0,0.0,0.0,0.05119,2.75881,2.35376,1.14914,0.78112,0.78112,1.0,0.78564,0.62468,1.0,0.0,1.0,0.0,0.00163,0.00163,0.0
relu,machine-2-7,33,ramp,W2_f0995,38,64,R_all,0.05623,0.05623,2.6747,2.6747,2.31343,2.31343,1.10402,1.10402,0.0,13.54999,11.30255,0.0,2839.64359,5.53207,38.0,0.0,0.05119,2.75881,2.35376,1.14914,0.96951,1.0,0.96951,1.0,1.0,0.0,0.83414,0.0,0.40827,0.0,0.00505,0.00505
relu,machine-2-7,33,ramp,W2_f0995,38,64,R_fault,0.05509,0.05485,2.69002,2.69831,2.31982,2.32493,1.11075,1.11684,0.25764,13.54999,8.58863,252.70101,2839.64359,4.47651,30.0,0.0,0.05119,2.75881,2.35376,1.14914,0.97507,0.99693,0.97807,0.9978,0.99455,0.01901,0.63385,0.08899,0.33037,0.00024,0.00391,0.00366
relu,machine-2-7,33,ramp,W2_f0995,38,64,R_fault_rec,0.05623,0.05623,2.6747,2.6747,2.31343,2.31343,1.10402,1.10402,0.0,13.54999,11.30255,0.0,2839.64359,5.53207,38.0,0.0,0.05119,2.75881,2.35376,1.14914,0.96951,1.0,0.96951,1.0,1.0,0.0,0.83414,0.0,0.40827,0.0,0.00505,0.00505
relu,machine-2-7,33,ramp,W2_f0995,46,0,R0,0.08122,0.07796,1.66136,2.50094,1.51754,2.22399,0.44331,1.01802,19.08723,19.08723,0.0,3759.85687,3759.85687,0.0,0.0,0.0,0.07796,2.50094,2.22399,1.01802,0.6643,0.6643,1.0,0.68235,0.43546,1.0,0.0,1.0,0.0,0.00326,0.00326,0.0
relu,machine-2-7,33,ramp,W2_f0995,46,0,R_all,0.09302,0.09302,2.24507,2.24507,2.07628,2.07628,0.89627,0.89627,0.0,19.08723,29.6719,0.0,3759.85687,0.0,46.0,0.0,0.07796,2.50094,2.22399,1.01802,0.89769,1.0,0.89769,1.0,1.0,0.0,1.55454,0.0,0.0,0.0,0.01506,0.01506
relu,machine-2-7,33,ramp,W2_f0995,46,0,R_fault,0.08341,0.08333,2.33469,2.36201,2.12656,2.14626,0.9311,0.95041,0.53387,19.08723,16.29542,334.59116,3759.85687,1.71708,30.0,0.0,0.07796,2.50094,2.22399,1.01802,0.93353,0.98843,0.94445,0.99082,0.97968,0.02797,0.85373,0.08899,0.08996,8e-05,0.00545,0.00537
relu,machine-2-7,33,ramp,W2_f0995,46,0,R_fault_rec,0.08496,0.08496,2.30865,2.30865,2.11514,2.11514,0.92565,0.92565,0.0,19.08723,22.34811,0.0,3759.85687,1.26193,38.0,0.0,0.07796,2.50094,2.22399,1.01802,0.92311,1.0,0.92311,1.0,1.0,0.0,1.17084,0.0,0.06611,0.0,0.007,0.007
relu,machine-2-7,33,ramp,W2_f0995,46,64,R0,0.05078,0.04899,2.22767,2.8047,1.89778,2.37953,0.75919,1.17434,12.89612,12.89612,0.0,2728.02584,2728.02584,0.0,0.0,0.0,0.04899,2.8047,2.37953,1.17434,0.79426,0.79426,1.0,0.79755,0.64648,1.0,0.0,1.0,0.0,0.00179,0.00179,0.0
relu,machine-2-7,33,ramp,W2_f0995,46,64,R_all,0.05469,0.05469,2.70773,2.70773,2.33353,2.33353,1.12065,1.12065,0.0,12.89612,13.11054,0.0,2728.02584,6.74577,46.0,0.0,0.04899,2.8047,2.37953,1.17434,0.96543,1.0,0.96543,1.0,1.0,0.0,1.01663,0.0,0.52309,0.0,0.0057,0.0057
relu,machine-2-7,33,ramp,W2_f0995,46,64,R_fault,0.052,0.05192,2.74582,2.75269,2.35165,2.35568,1.14103,1.1461,0.23456,12.89612,7.89971,242.76811,2728.02584,4.59058,30.0,0.0,0.04899,2.8047,2.37953,1.17434,0.97901,0.99751,0.98146,0.99829,0.99558,0.01819,0.61256,0.08899,0.35597,8e-05,0.00301,0.00293
relu,machine-2-7,33,ramp,W2_f0995,46,64,R_fault_rec,0.0529,0.0529,2.73223,2.73223,2.34614,2.34614,1.13478,1.13478,0.0,12.89612,10.34851,0.0,2728.02584,5.7234,38.0,0.0,0.04899,2.8047,2.37953,1.17434,0.97416,1.0,0.97416,1.0,1.0,0.0,0.80245,0.0,0.44381,0.0,0.00391,0.00391
relu,machine-2-7,33,ramp,W3_b01,30,0,R0,0.23364,0.10091,-2.09124,3.22126,-1.39984,2.58326,-1.8345,1.44933,101.90203,101.90203,0.0,145.61383,145.61383,0.0,0.0,30.0,0.10091,3.22126,2.58326,1.44933,-0.6492,-0.6492,1.0,-0.54189,-1.26576,1.0,0.0,1.0,0.0,0.13273,0.13273,0.0
relu,machine-2-7,33,ramp,W3_b01,30,0,R_all,0.1932,0.1932,2.55457,2.55457,2.16902,2.16902,1.08841,1.08841,0.0,101.90203,71.49944,0.0,145.61383,0.0,30.0,0.0,0.10091,3.22126,2.58326,1.44933,0.79304,1.0,0.79304,1.0,1.0,0.0,0.70165,0.0,0.0,0.0,0.09229,0.09229
relu,machine-2-7,33,ramp,W3_b01,30,0,R_fault,0.1932,0.1932,2.55457,2.55457,2.16902,2.16902,1.08841,1.08841,0.0,101.90203,71.49944,0.0,145.61383,0.0,30.0,0.0,0.10091,3.22126,2.58326,1.44933,0.79304,1.0,0.79304,1.0,1.0,0.0,0.70165,0.0,0.0,0.0,0.09229,0.09229
relu,machine-2-7,33,ramp,W3_b01,30,0,R_fault_rec,0.1932,0.1932,2.55457,2.55457,2.16902,2.16902,1.08841,1.08841,0.0,101.90203,71.49944,0.0,145.61383,0.0,30.0,0.0,0.10091,3.22126,2.58326,1.44933,0.79304,1.0,0.79304,1.0,1.0,0.0,0.70165,0.0,0.0,0.0,0.09229,0.09229
relu,machine-2-7,33,ramp,W3_b01,30,64,R0,0.0708,0.07137,3.01682,3.58695,2.27421,2.78105,1.33757,1.68797,9.22437,9.22437,0.0,65.90793,65.90793,0.0,0.0,94.0,0.07137,3.58695,2.78105,1.68797,0.84105,0.84105,1.0,0.81775,0.79242,1.0,0.0,1.0,0.0,-0.00057,-0.00057,0.0
relu,machine-2-7,33,ramp,W3_b01,30,64,R_all,0.07316,0.07275,3.52181,3.58842,2.70321,2.78105,1.64022,1.68826,3.30732,9.22437,3.1747,25.72021,65.90793,0.0,30.0,64.0,0.07137,3.58695,2.78105,1.68797,0.98184,0.98144,1.00041,0.97201,0.97155,0.35854,0.34416,0.39024,0.0,0.00041,0.00179,0.00138
relu,machine-2-7,33,ramp,W3_b01,30,64,R_fault,0.07316,0.07275,3.52181,3.58842,2.70321,2.78105,1.64022,1.68826,3.30732,9.22437,3.1747,25.72021,65.90793,0.0,30.0,64.0,0.07137,3.58695,2.78105,1.68797,0.98184,0.98144,1.00041,0.97201,0.97155,0.35854,0.34416,0.39024,0.0,0.00041,0.00179,0.00138
relu,machine-2-7,33,ramp,W3_b01,30,64,R_fault_rec,0.07259,0.07259,3.5987,3.5987,2.78134,2.78134,1.69418,1.69418,0.0,9.22437,4.28448,0.0,65.90793,0.0,38.0,56.0,0.07137,3.58695,2.78105,1.68797,1.00327,1.0,1.00327,1.0,1.0,0.0,0.46447,0.0,0.0,0.0,0.00122,0.00122
relu,machine-2-7,33,ramp,W3_b01,38,0,R0,0.11865,0.09635,0.44147,3.2964,0.45726,2.63891,-0.64562,1.50207,56.6595,56.6595,0.0,94.48076,94.48076,0.0,0.0,38.0,0.09635,3.2964,2.63891,1.50207,0.13392,0.13392,1.0,0.17327,-0.42982,1.0,0.0,1.0,0.0,0.0223,0.0223,0.0
relu,machine-2-7,33,ramp,W3_b01,38,0,R_all,0.1932,0.1932,2.55457,2.55457,2.16902,2.16902,1.08841,1.08841,0.0,56.6595,73.81415,0.0,94.48076,0.0,38.0,0.0,0.09635,3.2964,2.63891,1.50207,0.77496,1.0,0.77496,1.0,1.0,0.0,1.30277,0.0,0.0,0.0,0.09684,0.09684
relu,machine-2-7,33,ramp,W3_b01,38,0,R_fault,0.11572,0.12012,2.8213,3.09119,2.2847,2.49917,1.15431,1.37804,13.62119,56.6595,32.46511,30.84488,94.48076,0.0,30.0,8.0,0.09635,3.2964,2.63891,1.50207,0.85587,0.91269,0.93775,0.91418,0.83765,0.2404,0.57299,0.32647,0.0,-0.00439,0.01937,0.02376
relu,machine-2-7,33,ramp,W3_b01,38,0,R_fault_rec,0.1932,0.1932,2.55457,2.55457,2.16902,2.16902,1.08841,1.08841,0.0,56.6595,73.81415,0.0,94.48076,0.0,38.0,0.0,0.09635,3.2964,2.63891,1.50207,0.77496,1.0,0.77496,1.0,1.0,0.0,1.30277,0.0,0.0,0.0,0.09684,0.09684
relu,machine-2-7,33,ramp,W3_b01,38,64,R0,0.073,0.07373,3.11031,3.67767,2.34717,2.8552,1.39794,1.74945,8.83199,8.83199,0.0,65.77509,65.77509,0.0,0.0,102.0,0.07373,3.67767,2.8552,1.74945,0.84573,0.84573,1.0,0.82207,0.79907,1.0,0.0,1.0,0.0,-0.00073,-0.00073,0.0
relu,machine-2-7,33,ramp,W3_b01,38,64,R_all,0.07495,0.07495,3.6944,3.6944,2.85646,2.85646,1.76002,1.76002,0.0,8.83199,3.98038,0.0,65.77509,0.0,38.0,64.0,0.07373,3.67767,2.8552,1.74945,1.00455,1.0,1.00455,1.0,1.0,0.0,0.45068,0.0,0.0,0.0,0.00122,0.00122
relu,machine-2-7,33,ramp,W3_b01,38,64,R_fault,0.07511,0.07528,3.61649,3.68299,2.77693,2.85662,1.70463,1.75236,3.2328,8.83199,2.91094,25.68152,65.77509,0.0,30.0,72.0,0.07373,3.67767,2.8552,1.74945,0.98336,0.98194,1.00145,0.9721,0.97276,0.36603,0.32959,0.39044,0.0,-0.00016,0.00138,0.00155
relu,machine-2-7,33,ramp,W3_b01,38,64,R_fault_rec,0.07495,0.07495,3.6944,3.6944,2.85646,2.85646,1.76002,1.76002,0.0,8.83199,3.98038,0.0,65.77509,0.0,38.0,64.0,0.07373,3.67767,2.8552,1.74945,1.00455,1.0,1.00455,1.0,1.0,0.0,0.45068,0.0,0.0,0.0,0.00122,0.00122
relu,machine-2-7,33,ramp,W3_b01,46,0,R0,0.09229,0.08993,1.90931,3.36213,1.50661,2.69116,0.45091,1.55166,28.76683,28.76683,0.0,72.78472,72.78472,0.0,0.0,46.0,0.08993,3.36213,2.69116,1.55166,0.56789,0.56789,1.0,0.55984,0.2906,1.0,0.0,1.0,0.0,0.00236,0.00236,0.0
relu,machine-2-7,33,ramp,W3_b01,46,0,R_all,0.1932,0.1932,2.55457,2.55457,2.16902,2.16902,1.08841,1.08841,0.0,28.76683,75.89841,0.0,72.78472,0.0,46.0,0.0,0.08993,3.36213,2.69116,1.55166,0.75981,1.0,0.75981,1.0,1.0,0.0,2.6384,0.0,0.0,0.0,0.10327,0.10327
relu,machine-2-7,33,ramp,W3_b01,46,0,R_fault,0.09456,0.0979,3.15728,3.30274,2.50822,2.63979,1.39042,1.51297,7.4101,28.76683,14.94889,26.98509,72.78472,0.0,30.0,16.0,0.08993,3.36213,2.69116,1.55166,0.93907,0.95596,0.98234,0.95016,0.919,0.25759,0.51966,0.37075,0.0,-0.00334,0.00464,0.00798
relu,machine-2-7,33,ramp,W3_b01,46,0,R_fault_rec,0.11483,0.11483,3.12643,3.12643,2.52554,2.52554,1.40392,1.40392,0.0,28.76683,33.8445,0.0,72.78472,0.0,38.0,8.0,0.08993,3.36213,2.69116,1.55166,0.92989,1.0,0.92989,1.0,1.0,0.0,1.17651,0.0,0.0,0.0,0.0249,0.0249
relu,machine-2-7,33,ramp,W3_b01,46,64,R0,0.06844,0.06934,3.24196,3.80365,2.41919,2.92001,1.49022,1.83956,8.34873,8.34873,0.0,65.65205,65.65205,0.0,0.0,110.0,0.06934,3.80365,2.92001,1.83956,0.85233,0.85233,1.0,0.82848,0.81009,1.0,0.0,1.0,0.0,-0.0009,-0.0009,0.0
relu,machine-2-7,33,ramp,W3_b01,46,64,R_all,0.07202,0.07202,3.81984,3.81984,2.91974,2.91974,1.85051,1.85051,0.0,8.34873,3.99239,0.0,65.65205,0.0,46.0,64.0,0.06934,3.80365,2.92001,1.83956,1.00426,1.0,1.00426,1.0,1.0,0.0,0.4782,0.0,0.0,0.0,0.00269,0.00269
relu,machine-2-7,33,ramp,W3_b01,46,64,R_fault,0.07113,0.07161,3.74174,3.80925,2.84342,2.92297,1.79419,1.84259,3.09664,8.34873,2.60248,25.64426,65.65205,0.0,30.0,80.0,0.06934,3.80365,2.92001,1.83956,0.98372,0.98228,1.00147,0.97278,0.97373,0.37091,0.31172,0.39061,0.0,-0.00049,0.00179,0.00228
relu,machine-2-7,33,ramp,W3_b01,46,64,R_fault_rec,0.07161,0.07161,3.81736,3.81736,2.92184,2.92184,1.84833,1.84833,0.0,8.34873,3.42171,0.0,65.65205,0.0,38.0,72.0,0.06934,3.80365,2.92001,1.83956,1.0036,1.0,1.0036,1.0,1.0,0.0,0.40985,0.0,0.0,0.0,0.00228,0.00228
relu,machine-2-7,33,ramp,W3_b05,30,0,R0,0.21883,0.06893,-3.63707,3.30928,-2.66739,2.53659,-2.72153,1.47584,156.24242,156.24242,0.0,221.71945,221.71945,0.0,0.0,30.0,0.06893,3.30928,2.53659,1.47584,-1.09905,-1.09905,1.0,-1.05156,-1.84405,1.0,0.0,1.0,0.0,0.1499,0.1499,0.0
relu,machine-2-7,33,ramp,W3_b05,30,0,R_all,0.12655,0.12655,2.32127,2.32127,2.04291,2.04291,1.00364,1.00364,0.0,156.24242,147.95993,0.0,221.71945,0.0,30.0,0.0,0.06893,3.30928,2.53659,1.47584,0.70144,1.0,0.70144,1.0,1.0,0.0,0.94699,0.0,0.0,0.0,0.05762,0.05762
relu,machine-2-7,33,ramp,W3_b05,30,0,R_fault,0.12655,0.12655,2.32127,2.32127,2.04291,2.04291,1.00364,1.00364,0.0,156.24242,147.95993,0.0,221.71945,0.0,30.0,0.0,0.06893,3.30928,2.53659,1.47584,0.70144,1.0,0.70144,1.0,1.0,0.0,0.94699,0.0,0.0,0.0,0.05762,0.05762
relu,machine-2-7,33,ramp,W3_b05,30,0,R_fault_rec,0.12655,0.12655,2.32127,2.32127,2.04291,2.04291,1.00364,1.00364,0.0,156.24242,147.95993,0.0,221.71945,0.0,30.0,0.0,0.06893,3.30928,2.53659,1.47584,0.70144,1.0,0.70144,1.0,1.0,0.0,0.94699,0.0,0.0,0.0,0.05762,0.05762
relu,machine-2-7,33,ramp,W3_b05,30,64,R0,0.1359,0.13615,3.98287,3.64118,2.88411,2.62665,1.87515,1.69529,13.50031,13.50031,0.0,115.63919,115.63919,0.0,0.0,94.0,0.13615,3.64118,2.62665,1.69529,1.09384,1.09384,1.0,1.09802,1.10609,1.0,0.0,1.0,0.0,-0.00024,-0.00024,0.0
relu,machine-2-7,33,ramp,W3_b05,30,64,R_all,0.14103,0.14111,3.39605,3.65362,2.39431,2.64794,1.54793,1.70958,14.3147,13.50031,8.02762,107.56628,115.63919,0.0,30.0,64.0,0.13615,3.64118,2.62665,1.69529,0.93268,0.9295,1.00342,0.90422,0.90544,1.06032,0.59463,0.93019,0.0,-8e-05,0.00488,0.00496
relu,machine-2-7,33,ramp,W3_b05,30,64,R_fault,0.14103,0.14111,3.39605,3.65362,2.39431,2.64794,1.54793,1.70958,14.3147,13.50031,8.02762,107.56628,115.63919,0.0,30.0,64.0,0.13615,3.64118,2.62665,1.69529,0.93268,0.9295,1.00342,0.90422,0.90544,1.06032,0.59463,0.93019,0.0,-8e-05,0.00488,0.00496
relu,machine-2-7,33,ramp,W3_b05,30,64,R_fault_rec,0.1377,0.1377,3.68958,3.68958,2.67315,2.67315,1.73189,1.73189,0.0,13.50031,10.78679,0.0,115.63919,0.0,38.0,56.0,0.13615,3.64118,2.62665,1.69529,1.01329,1.0,1.01329,1.0,1.0,0.0,0.799,0.0,0.0,0.0,0.00155,0.00155
relu,machine-2-7,33,ramp,W3_b05,38,0,R0,0.08374,0.07503,2.74097,3.41781,1.93771,2.54508,0.88633,1.58632,45.06441,45.06441,0.0,129.76461,129.76461,0.0,0.0,38.0,0.07503,3.41781,2.54508,1.58632,0.80197,0.80197,1.0,0.76136,0.55873,1.0,0.0,1.0,0.0,0.00871,0.00871,0.0
relu,machine-2-7,33,ramp,W3_b05,38,0,R_all,0.12655,0.12655,2.32127,2.32127,2.04291,2.04291,1.00364,1.00364,0.0,45.06441,146.13935,0.0,129.76461,0.0,38.0,0.0,0.07503,3.41781,2.54508,1.58632,0.67917,1.0,0.67917,1.0,1.0,0.0,3.2429,0.0,0.0,0.0,0.05151,0.05151
relu,machine-2-7,33,ramp,W3_b05,38,0,R_fault,0.07593,0.07975,2.67432,3.43568,1.91186,2.55147,1.00886,1.60068,40.31352,45.06441,8.79693,119.41142,129.76461,0.0,30.0,8.0,0.07503,3.41781,2.54508,1.58632,0.78246,0.7784,1.00523,0.74932,0.63027,0.89458,0.19521,0.92022,0.0,-0.00382,0.0009,0.00472
relu,machine-2-7,33,ramp,W3_b05,38,0,R_fault_rec,0.12655,0.12655,2.32127,2.32127,2.04291,2.04291,1.00364,1.00364,0.0,45.06441,146.13935,0.0,129.76461,0.0,38.0,0.0,0.07503,3.41781,2.54508,1.58632,0.67917,1.0,0.67917,1.0,1.0,0.0,3.2429,0.0,0.0,0.0,0.05151,0.05151
relu,machine-2-7,33,ramp,W3_b05,38,64,R0,0.09839,0.09855,4.26769,3.94176,3.15984,2.90398,2.03777,1.86966,12.42002,12.42002,0.0,115.28854,115.28854,0.0,0.0,102.0,0.09855,3.94176,2.90398,1.86966,1.08269,1.08269,1.0,1.08811,1.08991,1.0,0.0,1.0,0.0,-0.00016,-0.00016,0.0
relu,machine-2-7,33,ramp,W3_b05,38,64,R_all,0.10368,0.10368,3.97814,3.97814,2.94025,2.94025,1.89724,1.89724,0.0,12.42002,9.2487,0.0,115.28854,0.0,38.0,64.0,0.09855,3.94176,2.90398,1.86966,1.00923,1.0,1.00923,1.0,1.0,0.0,0.74466,0.0,0.0,0.0,0.00513,0.00513
relu,machine-2-7,33,ramp,W3_b05,38,64,R_fault,0.10352,0.10319,3.69097,3.94956,2.65175,2.9196,1.71549,1.87753,13.7756,12.42002,6.97146,107.22531,115.28854,0.0,30.0,72.0,0.09855,3.94176,2.90398,1.86966,0.93638,0.93453,1.00198,0.90826,0.9137,1.10914,0.56131,0.93006,0.0,0.00033,0.00496,0.00464
relu,machine-2-7,33,ramp,W3_b05,38,64,R_fault_rec,0.10368,0.10368,3.97814,3.97814,2.94025,2.94025,1.89724,1.89724,0.0,12.42002,9.2487,0.0,115.28854,0.0,38.0,64.0,0.09855,3.94176,2.90398,1.86966,1.00923,1.0,1.00923,1.0,1.0,0.0,0.74466,0.0,0.0,0.0,0.00513,0.00513
relu,machine-2-7,33,ramp,W3_b05,46,0,R0,0.07056,0.07161,3.89172,3.56148,2.92019,2.66191,1.84997,1.69386,15.52405,15.52405,0.0,118.31517,118.31517,0.0,0.0,46.0,0.07161,3.56148,2.66191,1.69386,1.09273,1.09273,1.0,1.09703,1.09216,1.0,0.0,1.0,0.0,-0.00106,-0.00106,0.0
relu,machine-2-7,33,ramp,W3_b05,46,0,R_all,0.12655,0.12655,2.32127,2.32127,2.04291,2.04291,1.00364,1.00364,0.0,15.52405,148.32591,0.0,118.31517,0.0,46.0,0.0,0.07161,3.56148,2.66191,1.69386,0.65177,1.0,0.65177,1.0,1.0,0.0,9.55459,0.0,0.0,0.0,0.05493,0.05493
relu,machine-2-7,33,ramp,W3_b05,46,0,R_fault,0.07601,0.07528,3.33285,3.56146,2.45324,2.66057,1.55541,1.69497,15.20385,15.52405,9.36833,109.56079,118.31517,0.0,30.0,16.0,0.07161,3.56148,2.66191,1.69386,0.93581,0.93581,0.99999,0.92207,0.91766,0.97937,0.60347,0.92601,0.0,0.00073,0.00439,0.00366
relu,machine-2-7,33,ramp,W3_b05,46,0,R_fault_rec,0.07007,0.07007,3.59782,3.59782,2.68464,2.68464,1.71566,1.71566,0.0,15.52405,13.19561,0.0,118.31517,0.0,38.0,8.0,0.07161,3.56148,2.66191,1.69386,1.0102,1.0,1.0102,1.0,1.0,0.0,0.85001,0.0,0.0,0.0,-0.00155,-0.00155
relu,machine-2-7,33,ramp,W3_b05,46,64,R0,0.09277,0.09253,4.4504,4.11595,3.21002,2.94908,2.16056,1.98248,11.9472,11.9472,0.0,115.08577,115.08577,0.0,0.0,110.0,0.09253,4.11595,2.94908,1.98248,1.08126,1.08126,1.0,1.08848,1.08983,1.0,0.0,1.0,0.0,0.00024,0.00024,0.0
relu,machine-2-7,33,ramp,W3_b05,46,64,R_all,0.09676,0.09676,4.15923,4.15923,2.98051,2.98051,2.01259,2.01259,0.0,11.9472,9.28235,0.0,115.08577,0.0,46.0,64.0,0.09253,4.11595,2.94908,1.98248,1.01051,1.0,1.01051,1.0,1.0,0.0,0.77695,0.0,0.0,0.0,0.00423,0.00423
relu,machine-2-7,33,ramp,W3_b05,46,64,R_fault,0.09757,0.09627,3.86803,4.12453,2.70724,2.96784,1.83341,1.9909,13.2041,11.9472,6.64049,107.00691,115.08577,0.0,30.0,80.0,0.09253,4.11595,2.94908,1.98248,0.93976,0.93781,1.00208,0.91219,0.9209,1.10521,0.55582,0.9298,0.0,0.0013,0.00505,0.00374
relu,machine-2-7,33,ramp,W3_b05,46,64,R_fault_rec,0.09684,0.09684,4.14743,4.14743,2.97925,2.97925,2.00778,2.00778,0.0,11.9472,8.23088,0.0,115.08577,0.0,38.0,72.0,0.09253,4.11595,2.94908,1.98248,1.00765,1.0,1.00765,1.0,1.0,0.0,0.68894,0.0,0.0,0.0,0.00431,0.00431
relu,machine-3-7,11,level,W1,30,0,R0,0.07048,0.05509,-1.72674,2.87377,-0.57745,2.52857,-1.31386,1.26372,74.1115,74.1115,0.0,0.0,0.0,0.0,0.0,0.0,0.05509,2.87377,2.52857,1.26372,-0.60086,-0.60086,1.0,-0.22837,-1.03968,1.0,0.0,,0.0,0.01538,0.01538,0.0
relu,machine-3-7,11,level,W1,30,0,R_all,0.07479,0.07479,1.85576,1.85576,1.85418,1.85418,0.70789,0.70789,0.0,74.1115,82.70335,0.0,0.0,0.0,30.0,0.0,0.05509,2.87377,2.52857,1.26372,0.64576,1.0,0.64576,1.0,1.0,0.0,1.11593,,0.0,0.0,0.01969,0.01969
relu,machine-3-7,11,level,W1,30,0,R_fault,0.07479,0.07479,1.85576,1.85576,1.85418,1.85418,0.70789,0.70789,0.0,74.1115,82.70335,0.0,0.0,0.0,30.0,0.0,0.05509,2.87377,2.52857,1.26372,0.64576,1.0,0.64576,1.0,1.0,0.0,1.11593,,0.0,0.0,0.01969,0.01969
relu,machine-3-7,11,level,W1,30,0,R_fault_rec,0.07479,0.07479,1.85576,1.85576,1.85418,1.85418,0.70789,0.70789,0.0,74.1115,82.70335,0.0,0.0,0.0,30.0,0.0,0.05509,2.87377,2.52857,1.26372,0.64576,1.0,0.64576,1.0,1.0,0.0,1.11593,,0.0,0.0,0.01969,0.01969
relu,machine-3-7,11,level,W1,30,64,R0,0.05477,0.05151,1.58614,3.4621,1.22441,2.71703,1.1588,1.65079,20.79139,20.79139,0.0,0.0,0.0,0.0,0.0,0.0,0.05151,3.4621,2.71703,1.65079,0.45814,0.45814,1.0,0.45064,0.70197,1.0,0.0,,0.0,0.00326,0.00326,0.0
relu,machine-3-7,11,level,W1,30,64,R_all,0.05444,0.05412,3.60162,3.43539,2.67591,2.64353,1.66896,1.62889,5.8126,20.79139,7.92183,0.0,0.0,0.0,30.0,0.0,0.05151,3.4621,2.71703,1.65079,1.0403,1.04839,0.99228,1.01225,1.0246,0.27957,0.38101,,0.0,0.00033,0.00293,0.0026
relu,machine-3-7,11,level,W1,30,64,R_fault,0.05444,0.05412,3.60162,3.43539,2.67591,2.64353,1.66896,1.62889,5.8126,20.79139,7.92183,0.0,0.0,0.0,30.0,0.0,0.05151,3.4621,2.71703,1.65079,1.0403,1.04839,0.99228,1.01225,1.0246,0.27957,0.38101,,0.0,0.00033,0.00293,0.0026
relu,machine-3-7,11,level,W1,30,64,R_fault_rec,0.05461,0.05461,3.43028,3.43028,2.64291,2.64291,1.62379,1.62379,0.0,20.79139,8.88568,0.0,0.0,0.0,38.0,0.0,0.05151,3.4621,2.71703,1.65079,0.99081,1.0,0.99081,1.0,1.0,0.0,0.42737,,0.0,0.0,0.00309,0.00309
relu,machine-3-7,11,level,W1,38,0,R0,0.06014,0.05436,-0.52936,2.97103,0.18946,2.58899,-0.44141,1.32066,55.06647,55.06647,0.0,0.0,0.0,0.0,0.0,0.0,0.05436,2.97103,2.58899,1.32066,-0.17818,-0.17818,1.0,0.07318,-0.33423,1.0,0.0,,0.0,0.00578,0.00578,0.0
relu,machine-3-7,11,level,W1,38,0,R_all,0.07479,0.07479,1.85576,1.85576,1.85418,1.85418,0.70789,0.70789,0.0,55.06647,86.8375,0.0,0.0,0.0,38.0,0.0,0.05436,2.97103,2.58899,1.32066,0.62462,1.0,0.62462,1.0,1.0,0.0,1.57696,,0.0,0.0,0.02043,0.02043
relu,machine-3-7,11,level,W1,38,0,R_fault,0.05908,0.05648,2.7154,2.89891,2.4538,2.49803,1.17355,1.25617,24.11441,55.06647,17.24441,0.0,0.0,0.0,30.0,0.0,0.05436,2.97103,2.58899,1.32066,0.91396,0.9367,0.97573,0.98229,0.93423,0.43791,0.31316,,0.0,0.0026,0.00472,0.00212
relu,machine-3-7,11,level,W1,38,0,R_fault_rec,0.07479,0.07479,1.85576,1.85576,1.85418,1.85418,0.70789,0.70789,0.0,55.06647,86.8375,0.0,0.0,0.0,38.0,0.0,0.05436,2.97103,2.58899,1.32066,0.62462,1.0,0.62462,1.0,1.0,0.0,1.57696,,0.0,0.0,0.02043,0.02043
relu,machine-3-7,11,level,W1,38,64,R0,0.05054,0.0472,1.84586,3.55346,1.2808,2.74993,1.26999,1.70127,19.89541,19.89541,0.0,0.0,0.0,0.0,0.0,0.0,0.0472,3.55346,2.74993,1.70127,0.51946,0.51946,1.0,0.46576,0.7465,1.0,0.0,,0.0,0.00334,0.00334,0.0
relu,machine-3-7,11,level,W1,38,64,R_all,0.05029,0.05029,3.5158,3.5158,2.67369,2.67369,1.6697,1.6697,0.0,19.89541,8.55048,0.0,0.0,0.0,38.0,0.0,0.0472,3.55346,2.74993,1.70127,0.9894,1.0,0.9894,1.0,1.0,0.0,0.42977,,0.0,0.0,0.00309,0.00309
relu,machine-3-7,11,level,W1,38,64,R_fault,0.05013,0.0498,3.72434,3.52326,2.70986,2.6679,1.70536,1.67459,5.57764,19.89541,7.62169,0.0,0.0,0.0,30.0,0.0,0.0472,3.55346,2.74993,1.70127,1.04809,1.05707,0.9915,1.01573,1.01838,0.28035,0.38309,,0.0,0.00033,0.00293,0.0026
relu,machine-3-7,11,level,W1,38,64,R_fault_rec,0.05029,0.05029,3.5158,3.5158,2.67369,2.67369,1.6697,1.6697,0.0,19.89541,8.55048,0.0,0.0,0.0,38.0,0.0,0.0472,3.55346,2.74993,1.70127,0.9894,1.0,0.9894,1.0,1.0,0.0,0.42977,,0.0,0.0,0.00309,0.00309
relu,machine-3-7,11,level,W1,46,0,R0,0.05656,0.05347,0.57121,3.04815,0.84571,2.60889,0.51007,1.37553,32.68731,32.68731,0.0,0.0,0.0,0.0,0.0,0.0,0.05347,3.04815,2.60889,1.37553,0.1874,0.1874,1.0,0.32416,0.37082,1.0,0.0,,0.0,0.00309,0.00309,0.0
relu,machine-3-7,11,level,W1,46,0,R_all,0.07479,0.07479,1.85576,1.85576,1.85418,1.85418,0.70789,0.70789,0.0,32.68731,88.76552,0.0,0.0,0.0,46.0,0.0,0.05347,3.04815,2.60889,1.37553,0.60881,1.0,0.60881,1.0,1.0,0.0,2.7156,,0.0,0.0,0.02132,0.02132
relu,machine-3-7,11,level,W1,46,0,R_fault,0.05583,0.0555,2.90248,2.96915,2.46065,2.50832,1.33134,1.325,12.40949,32.68731,12.66855,0.0,0.0,0.0,30.0,0.0,0.05347,3.04815,2.60889,1.37553,0.95221,0.97755,0.97408,0.981,1.00479,0.37964,0.38757,,0.0,0.00033,0.00236,0.00203
relu,machine-3-7,11,level,W1,46,0,R_fault_rec,0.05583,0.05583,3.02702,3.02702,2.50329,2.50329,1.34674,1.34674,0.0,32.68731,19.94311,0.0,0.0,0.0,38.0,0.0,0.05347,3.04815,2.60889,1.37553,0.99307,1.0,0.99307,1.0,1.0,0.0,0.61012,,0.0,0.0,0.00236,0.00236
relu,machine-3-7,11,level,W1,46,64,R0,0.04582,0.04248,1.97575,3.67362,1.3316,2.79469,1.32621,1.76191,19.38074,19.38074,0.0,0.0,0.0,0.0,0.0,0.0,0.04248,3.67362,2.79469,1.76191,0.53782,0.53782,1.0,0.47647,0.75271,1.0,0.0,,0.0,0.00334,0.00334,0.0
relu,machine-3-7,11,level,W1,46,64,R_all,0.0459,0.0459,3.6259,3.6259,2.68692,2.68692,1.71807,1.71807,0.0,19.38074,9.6502,0.0,0.0,0.0,46.0,0.0,0.04248,3.67362,2.79469,1.76191,0.98701,1.0,0.98701,1.0,1.0,0.0,0.49793,,0.0,0.0,0.00342,0.00342
relu,machine-3-7,11,level,W1,46,64,R_fault,0.04541,0.04508,3.83422,3.6483,2.75114,2.72157,1.77016,1.73764,5.40892,19.38074,7.48321,0.0,0.0,0.0,30.0,0.0,0.04248,3.67362,2.79469,1.76191,1.04372,1.05096,0.99311,1.01086,1.01872,0.27909,0.38612,,0.0,0.00033,0.00293,0.0026
relu,machine-3-7,11,level,W1,46,64,R_fault_rec,0.04557,0.04557,3.64179,3.64179,2.71887,2.71887,1.7347,1.7347,0.0,19.38074,8.39571,0.0,0.0,0.0,38.0,0.0,0.04248,3.67362,2.79469,1.76191,0.99134,1.0,0.99134,1.0,1.0,0.0,0.4332,,0.0,0.0,0.00309,0.00309
relu,machine-3-7,11,level,W2_f0995,30,0,R0,0.11719,0.11239,1.23257,2.11691,1.12818,1.94482,0.27073,0.85858,22.50232,22.50232,0.0,4218.41407,4218.41407,0.0,0.0,0.0,0.11239,2.11691,1.94482,0.85858,0.58225,0.58225,1.0,0.58009,0.31533,1.0,0.0,1.0,0.0,0.0048,0.0048,0.0
relu,machine-3-7,11,level,W2_f0995,30,0,R_all,0.1604,0.1604,1.82594,1.82594,1.73045,1.73045,0.72573,0.72573,0.0,22.50232,33.14297,0.0,4218.41407,0.0,30.0,0.0,0.11239,2.11691,1.94482,0.85858,0.86255,1.0,0.86255,1.0,1.0,0.0,1.47287,0.0,0.0,0.0,0.04801,0.04801
relu,machine-3-7,11,level,W2_f0995,30,0,R_fault,0.1604,0.1604,1.82594,1.82594,1.73045,1.73045,0.72573,0.72573,0.0,22.50232,33.14297,0.0,4218.41407,0.0,30.0,0.0,0.11239,2.11691,1.94482,0.85858,0.86255,1.0,0.86255,1.0,1.0,0.0,1.47287,0.0,0.0,0.0,0.04801,0.04801
relu,machine-3-7,11,level,W2_f0995,30,0,R_fault_rec,0.1604,0.1604,1.82594,1.82594,1.73045,1.73045,0.72573,0.72573,0.0,22.50232,33.14297,0.0,4218.41407,0.0,30.0,0.0,0.11239,2.11691,1.94482,0.85858,0.86255,1.0,0.86255,1.0,1.0,0.0,1.47287,0.0,0.0,0.0,0.04801,0.04801
relu,machine-3-7,11,level,W2_f0995,30,64,R0,0.08529,0.07983,2.04557,2.66123,1.75311,2.31674,0.69036,1.13374,14.89093,14.89093,0.0,3219.55432,3219.55432,0.0,0.0,0.0,0.07983,2.66123,2.31674,1.13374,0.76866,0.76866,1.0,0.75671,0.60892,1.0,0.0,1.0,0.0,0.00545,0.00545,0.0
relu,machine-3-7,11,level,W2_f0995,30,64,R_all,0.08472,0.0848,2.50941,2.52399,2.21775,2.22815,1.04819,1.05855,0.34473,14.89093,14.13809,347.55771,3219.55432,6.51483,30.0,0.0,0.07983,2.66123,2.31674,1.13374,0.94295,0.99422,0.94843,0.99533,0.99021,0.02315,0.94944,0.10795,0.4375,-8e-05,0.00488,0.00496
relu,machine-3-7,11,level,W2_f0995,30,64,R_fault,0.08472,0.0848,2.50941,2.52399,2.21775,2.22815,1.04819,1.05855,0.34473,14.89093,14.13809,347.55771,3219.55432,6.51483,30.0,0.0,0.07983,2.66123,2.31674,1.13374,0.94295,0.99422,0.94843,0.99533,0.99021,0.02315,0.94944,0.10795,0.4375,-8e-05,0.00488,0.00496
relu,machine-3-7,11,level,W2_f0995,30,64,R_fault_rec,0.08545,0.08545,2.47328,2.47328,2.19438,2.19438,1.0318,1.0318,0.0,14.89093,18.9796,0.0,3219.55432,7.93131,38.0,0.0,0.07983,2.66123,2.31674,1.13374,0.92937,1.0,0.92937,1.0,1.0,0.0,1.27457,0.0,0.53263,0.0,0.00562,0.00562
relu,machine-3-7,11,level,W2_f0995,38,0,R0,0.1084,0.10335,1.32173,2.19139,1.19897,1.99899,0.30905,0.8942,21.48004,21.48004,0.0,4262.88126,4262.88126,0.0,0.0,0.0,0.10335,2.19139,1.99899,0.8942,0.60315,0.60315,1.0,0.59979,0.34562,1.0,0.0,1.0,0.0,0.00505,0.00505,0.0
relu,machine-3-7,11,level,W2_f0995,38,0,R_all,0.1604,0.1604,1.82594,1.82594,1.73045,1.73045,0.72573,0.72573,0.0,21.48004,40.85168,0.0,4262.88126,0.0,38.0,0.0,0.10335,2.19139,1.99899,0.8942,0.83323,1.0,0.83323,1.0,1.0,0.0,1.90184,0.0,0.0,0.0,0.05705,0.05705
relu,machine-3-7,11,level,W2_f0995,38,0,R_fault,0.13867,0.13737,1.87547,1.92335,1.76413,1.80166,0.7366,0.76897,0.773,21.48004,29.57172,460.18707,4262.88126,1.44071,30.0,0.0,0.10335,2.19139,1.99899,0.8942,0.85583,0.9751,0.87768,0.97917,0.9579,0.03599,1.37671,0.10795,0.06707,0.0013,0.03532,0.03402
relu,machine-3-7,11,level,W2_f0995,38,0,R_fault_rec,0.1604,0.1604,1.82594,1.82594,1.73045,1.73045,0.72573,0.72573,0.0,21.48004,40.85168,0.0,4262.88126,0.0,38.0,0.0,0.10335,2.19139,1.99899,0.8942,0.83323,1.0,0.83323,1.0,1.0,0.0,1.90184,0.0,0.0,0.0,0.05705,0.05705
relu,machine-3-7,11,level,W2_f0995,38,64,R0,0.08765,0.07918,2.13397,2.72159,1.81427,2.35131,0.73929,1.16668,14.16052,14.16052,0.0,3093.00344,3093.00344,0.0,0.0,0.0,0.07918,2.72159,2.35131,1.16668,0.78409,0.78409,1.0,0.7716,0.63367,1.0,0.0,1.0,0.0,0.00846,0.00846,0.0
relu,machine-3-7,11,level,W2_f0995,38,64,R_all,0.08504,0.08504,2.55259,2.55259,2.24523,2.24523,1.07275,1.07275,0.0,14.16052,17.20983,0.0,3093.00344,8.33009,38.0,0.0,0.07918,2.72159,2.35131,1.16668,0.9379,1.0,0.9379,1.0,1.0,0.0,1.21534,0.0,0.58826,0.0,0.00586,0.00586
relu,machine-3-7,11,level,W2_f0995,38,64,R_fault,0.08407,0.08407,2.58614,2.5984,2.26629,2.27472,1.08875,1.09754,0.31102,14.16052,12.86558,333.89628,3093.00344,6.75932,30.0,0.0,0.07918,2.72159,2.35131,1.16668,0.95023,0.99528,0.95474,0.9963,0.99199,0.02196,0.90855,0.10795,0.47734,0.0,0.00488,0.00488
relu,machine-3-7,11,level,W2_f0995,38,64,R_fault_rec,0.08504,0.08504,2.55259,2.55259,2.24523,2.24523,1.07275,1.07275,0.0,14.16052,17.20983,0.0,3093.00344,8.33009,38.0,0.0,0.07918,2.72159,2.35131,1.16668,0.9379,1.0,0.9379,1.0,1.0,0.0,1.21534,0.0,0.58826,0.0,0.00586,0.00586
relu,machine-3-7,11,level,W2_f0995,46,0,R0,0.10075,0.09904,1.43772,2.2638,1.2903,2.05094,0.36867,0.92948,20.36133,20.36133,0.0,4095.32037,4095.32037,0.0,0.0,0.0,0.09904,2.2638,2.05094,0.92948,0.63509,0.63509,1.0,0.62913,0.39664,1.0,0.0,1.0,0.0,0.00171,0.00171,0.0
relu,machine-3-7,11,level,W2_f0995,46,0,R_all,0.1604,0.1604,1.82594,1.82594,1.73045,1.73045,0.72573,0.72573,0.0,20.36133,48.10685,0.0,4095.32037,0.0,46.0,0.0,0.09904,2.2638,2.05094,0.92948,0.80658,1.0,0.80658,1.0,1.0,0.0,2.36266,0.0,0.0,0.0,0.06136,0.06136
relu,machine-3-7,11,level,W2_f0995,46,0,R_fault,0.12207,0.12166,1.97728,2.01772,1.83883,1.87054,0.78446,0.81197,0.68359,20.36133,26.45499,442.09852,4095.32037,2.67921,30.0,0.0,0.09904,2.2638,2.05094,0.92948,0.87343,0.97996,0.8913,0.98305,0.96611,0.03357,1.29928,0.10795,0.13158,0.00041,0.02303,0.02262
relu,machine-3-7,11,level,W2_f0995,46,0,R_fault_rec,0.13468,0.13468,1.92824,1.92824,1.80503,1.80503,0.77117,0.77117,0.0,20.36133,36.3738,0.0,4095.32037,1.93986,38.0,0.0,0.09904,2.2638,2.05094,0.92948,0.85177,1.0,0.85177,1.0,1.0,0.0,1.78642,0.0,0.09527,0.0,0.03564,0.03564
relu,machine-3-7,11,level,W2_f0995,46,64,R0,0.08895,0.07951,2.21941,2.78019,1.87027,2.38194,0.78719,1.19898,13.46472,13.46472,0.0,2971.42689,2971.42689,0.0,0.0,0.0,0.07951,2.78019,2.38194,1.19898,0.79829,0.79829,1.0,0.78519,0.65655,1.0,0.0,1.0,0.0,0.00944,0.00944,0.0
relu,machine-3-7,11,level,W2_f0995,46,64,R_all,0.08488,0.08488,2.58158,2.58158,2.261,2.261,1.08702,1.08702,0.0,13.46472,20.0069,0.0,2971.42689,10.1696,46.0,0.0,0.07951,2.78019,2.38194,1.19898,0.92856,1.0,0.92856,1.0,1.0,0.0,1.48588,0.0,0.75528,0.0,0.00537,0.00537
relu,machine-3-7,11,level,W2_f0995,46,64,R_fault,0.08268,0.08268,2.65979,2.67006,2.30955,2.31628,1.12821,1.13563,0.28151,13.46472,11.74441,320.77183,2971.42689,6.93418,30.0,0.0,0.07951,2.78019,2.38194,1.19898,0.95669,0.99615,0.96039,0.9971,0.99346,0.02091,0.87224,0.10795,0.51499,0.0,0.00317,0.00317
relu,machine-3-7,11,level,W2_f0995,46,64,R_fault_rec,0.08407,0.08407,2.6288,2.6288,2.29074,2.29074,1.11274,1.11274,0.0,13.46472,15.65457,0.0,2971.42689,8.6258,38.0,0.0,0.07951,2.78019,2.38194,1.19898,0.94555,1.0,0.94555,1.0,1.0,0.0,1.16264,0.0,0.64062,0.0,0.00456,0.00456
relu,machine-3-7,11,level,W3_b01,30,0,R0,0.09033,0.05404,-2.21379,3.4021,-1.77932,2.86545,-1.93214,1.58898,103.96775,103.96775,0.0,149.98562,149.98562,0.0,0.0,30.0,0.05404,3.4021,2.86545,1.58898,-0.65071,-0.65071,1.0,-0.62096,-1.21596,1.0,0.0,1.0,0.0,0.0363,0.0363,0.0
relu,machine-3-7,11,level,W3_b01,30,0,R_all,0.11759,0.11759,1.85751,1.85751,1.78399,1.78399,0.71621,0.71621,0.0,103.96775,138.81613,0.0,149.98562,0.0,30.0,0.0,0.05404,3.4021,2.86545,1.58898,0.54599,1.0,0.54599,1.0,1.0,0.0,1.33518,0.0,0.0,0.0,0.06356,0.06356
relu,machine-3-7,11,level,W3_b01,30,0,R_fault,0.11759,0.11759,1.85751,1.85751,1.78399,1.78399,0.71621,0.71621,0.0,103.96775,138.81613,0.0,149.98562,0.0,30.0,0.0,0.05404,3.4021,2.86545,1.58898,0.54599,1.0,0.54599,1.0,1.0,0.0,1.33518,0.0,0.0,0.0,0.06356,0.06356
relu,machine-3-7,11,level,W3_b01,30,0,R_fault_rec,0.11759,0.11759,1.85751,1.85751,1.78399,1.78399,0.71621,0.71621,0.0,103.96775,138.81613,0.0,149.98562,0.0,30.0,0.0,0.05404,3.4021,2.86545,1.58898,0.54599,1.0,0.54599,1.0,1.0,0.0,1.33518,0.0,0.0,0.0,0.06356,0.06356
relu,machine-3-7,11,level,W3_b01,30,64,R0,0.04899,0.04883,3.42373,3.7381,2.73006,2.93603,1.64907,1.79224,7.84958,7.84958,0.0,68.73893,68.73893,0.0,0.0,94.0,0.04883,3.7381,2.93603,1.79224,0.9159,0.9159,1.0,0.92985,0.92011,1.0,0.0,1.0,0.0,0.00016,0.00016,0.0
relu,machine-3-7,11,level,W3_b01,30,64,R_all,0.04907,0.04907,3.71219,3.73979,2.95775,2.94677,1.79225,1.79441,3.82639,7.84958,3.61249,35.09171,68.73893,0.0,30.0,64.0,0.04883,3.7381,2.93603,1.79224,0.99307,0.99262,1.00045,1.00373,0.9988,0.48746,0.46021,0.51051,0.0,0.0,0.00024,0.00024
relu,machine-3-7,11,level,W3_b01,30,64,R_fault,0.04907,0.04907,3.71219,3.73979,2.95775,2.94677,1.79225,1.79441,3.82639,7.84958,3.61249,35.09171,68.73893,0.0,30.0,64.0,0.04883,3.7381,2.93603,1.79224,0.99307,0.99262,1.00045,1.00373,0.9988,0.48746,0.46021,0.51051,0.0,0.0,0.00024,0.00024
relu,machine-3-7,11,level,W3_b01,30,64,R_fault_rec,0.04915,0.04915,3.73964,3.73964,2.94777,2.94777,1.79431,1.79431,0.0,7.84958,4.72101,0.0,68.73893,0.0,38.0,56.0,0.04883,3.7381,2.93603,1.79224,1.00041,1.0,1.00041,1.0,1.0,0.0,0.60143,0.0,0.0,0.0,0.00033,0.00033
relu,machine-3-7,11,level,W3_b01,38,0,R0,0.06047,0.05339,0.77078,3.45657,0.64524,2.88637,-0.51964,1.62809,51.60755,51.60755,0.0,94.56715,94.56715,0.0,0.0,38.0,0.05339,3.45657,2.88637,1.62809,0.22299,0.22299,1.0,0.22355,-0.31917,1.0,0.0,1.0,0.0,0.00708,0.00708,0.0
relu,machine-3-7,11,level,W3_b01,38,0,R_all,0.11759,0.11759,1.85751,1.85751,1.78399,1.78399,0.71621,0.71621,0.0,51.60755,143.00299,0.0,94.56715,0.0,38.0,0.0,0.05339,3.45657,2.88637,1.62809,0.53739,1.0,0.53739,1.0,1.0,0.0,2.77097,0.0,0.0,0.0,0.06421,0.06421
relu,machine-3-7,11,level,W3_b01,38,0,R_fault,0.06559,0.06274,2.66449,2.97162,2.36761,2.61137,1.06066,1.29686,9.23303,51.60755,61.19808,37.04985,94.56715,0.0,30.0,8.0,0.05339,3.45657,2.88637,1.62809,0.77085,0.89664,0.8597,0.90665,0.81787,0.17891,1.18584,0.39178,0.0,0.00285,0.01221,0.00936
relu,machine-3-7,11,level,W3_b01,38,0,R_fault_rec,0.11759,0.11759,1.85751,1.85751,1.78399,1.78399,0.71621,0.71621,0.0,51.60755,143.00299,0.0,94.56715,0.0,38.0,0.0,0.05339,3.45657,2.88637,1.62809,0.53739,1.0,0.53739,1.0,1.0,0.0,2.77097,0.0,0.0,0.0,0.06421,0.06421
relu,machine-3-7,11,level,W3_b01,38,64,R0,0.04565,0.04565,3.51853,3.83321,2.72112,2.92458,1.71615,1.85896,7.69031,7.69031,0.0,68.69739,68.69739,0.0,0.0,102.0,0.04565,3.83321,2.92458,1.85896,0.91791,0.91791,1.0,0.93043,0.92318,1.0,0.0,1.0,0.0,0.0,0.0,0.0
relu,machine-3-7,11,level,W3_b01,38,64,R_all,0.0459,0.0459,3.83329,3.83329,2.93586,2.93586,1.85976,1.85976,0.0,7.69031,4.49254,0.0,68.69739,0.0,38.0,64.0,0.04565,3.83321,2.92458,1.85896,1.00002,1.0,1.00002,1.0,1.0,0.0,0.58418,0.0,0.0,0.0,0.00024,0.00024
relu,machine-3-7,11,level,W3_b01,38,64,R_fault,0.04549,0.04557,3.80814,3.83446,2.94737,2.93539,1.86014,1.86064,3.74448,7.69031,3.43978,35.06961,68.69739,0.0,30.0,72.0,0.04565,3.83321,2.92458,1.85896,0.99346,0.99313,1.00033,1.00408,0.99973,0.48691,0.44729,0.51049,0.0,-8e-05,-0.00016,-8e-05
relu,machine-3-7,11,level,W3_b01,38,64,R_fault_rec,0.0459,0.0459,3.83329,3.83329,2.93586,2.93586,1.85976,1.85976,0.0,7.69031,4.49254,0.0,68.69739,0.0,38.0,64.0,0.04565,3.83321,2.92458,1.85896,1.00002,1.0,1.00002,1.0,1.0,0.0,0.58418,0.0,0.0,0.0,0.00024,0.00024
relu,machine-3-7,11,level,W3_b01,46,0,R0,0.05607,0.05412,2.25962,3.48531,1.86737,2.88859,0.68037,1.64294,24.59002,24.59002,0.0,74.77018,74.77018,0.0,0.0,46.0,0.05412,3.48531,2.88859,1.64294,0.64833,0.64833,1.0,0.64646,0.41412,1.0,0.0,1.0,0.0,0.00195,0.00195,0.0
relu,machine-3-7,11,level,W3_b01,46,0,R_all,0.11759,0.11759,1.85751,1.85751,1.78399,1.78399,0.71621,0.71621,0.0,24.59002,144.41303,0.0,74.77018,0.0,46.0,0.0,0.05412,3.48531,2.88859,1.64294,0.53295,1.0,0.53295,1.0,1.0,0.0,5.87283,0.0,0.0,0.0,0.06348,0.06348
relu,machine-3-7,11,level,W3_b01,46,0,R_fault,0.05754,0.05672,3.27273,3.41853,2.77656,2.87397,1.4683,1.58174,5.67515,24.59002,26.4995,35.58947,74.77018,0.0,30.0,16.0,0.05412,3.48531,2.88859,1.64294,0.93901,0.95735,0.98084,0.9661,0.92828,0.23079,1.07765,0.47598,0.0,0.00081,0.00342,0.0026
relu,machine-3-7,11,level,W3_b01,46,0,R_fault_rec,0.06364,0.06364,2.96647,2.96647,2.60207,2.60207,1.28916,1.28916,0.0,24.59002,62.92716,0.0,74.77018,0.0,38.0,8.0,0.05412,3.48531,2.88859,1.64294,0.85114,1.0,0.85114,1.0,1.0,0.0,2.55905,0.0,0.0,0.0,0.00952,0.00952
relu,machine-3-7,11,level,W3_b01,46,64,R0,0.04224,0.04175,3.58032,3.90715,2.65055,2.85853,1.75267,1.90832,7.59321,7.59321,0.0,68.64998,68.64998,0.0,0.0,110.0,0.04175,3.90715,2.85853,1.90832,0.91635,0.91635,1.0,0.92724,0.91844,1.0,0.0,1.0,0.0,0.00049,0.00049,0.0
relu,machine-3-7,11,level,W3_b01,46,64,R_all,0.04264,0.04264,3.90665,3.90665,2.87041,2.87041,1.90896,1.90896,0.0,7.59321,5.11841,0.0,68.64998,0.0,46.0,64.0,0.04175,3.90715,2.85853,1.90832,0.99987,1.0,0.99987,1.0,1.0,0.0,0.67408,0.0,0.0,0.0,0.0009,0.0009
relu,machine-3-7,11,level,W3_b01,46,64,R_fault,0.04191,0.04207,3.8771,3.90802,2.87829,2.86868,1.9041,1.9096,3.69133,7.59321,3.28774,35.05238,68.64998,0.0,30.0,80.0,0.04175,3.90715,2.85853,1.90832,0.99231,0.99209,1.00022,1.00335,0.99712,0.48614,0.43298,0.5106,0.0,-0.00016,0.00016,0.00033
relu,machine-3-7,11,level,W3_b01,46,64,R_fault_rec,0.04248,0.04248,3.90754,3.90754,2.86952,2.86952,1.90928,1.90928,0.0,7.59321,4.28546,0.0,68.64998,0.0,38.0,72.0,0.04175,3.90715,2.85853,1.90832,1.0001,1.0,1.0001,1.0,1.0,0.0,0.56438,0.0,0.0,0.0,0.00073,0.00073
relu,machine-3-7,11,level,W3_b05,30,0,R0,0.10864,0.05119,-3.4003,3.6253,-2.92803,2.91572,-2.66617,1.64432,144.71609,144.71609,0.0,197.06095,197.06095,0.0,0.0,30.0,0.05119,3.6253,2.91572,1.64432,-0.93794,-0.93794,1.0,-1.00422,-1.62145,1.0,0.0,1.0,0.0,0.05745,0.05745,0.0
relu,machine-3-7,11,level,W3_b05,30,0,R_all,0.28011,0.28011,1.47276,1.47276,1.50821,1.50821,0.48394,0.48394,0.0,144.71609,218.08674,0.0,197.06095,0.0,30.0,0.0,0.05119,3.6253,2.91572,1.64432,0.40625,1.0,0.40625,1.0,1.0,0.0,1.507,0.0,0.0,0.0,0.22892,0.22892
relu,machine-3-7,11,level,W3_b05,30,0,R_fault,0.28011,0.28011,1.47276,1.47276,1.50821,1.50821,0.48394,0.48394,0.0,144.71609,218.08674,0.0,197.06095,0.0,30.0,0.0,0.05119,3.6253,2.91572,1.64432,0.40625,1.0,0.40625,1.0,1.0,0.0,1.507,0.0,0.0,0.0,0.22892,0.22892
relu,machine-3-7,11,level,W3_b05,30,0,R_fault_rec,0.28011,0.28011,1.47276,1.47276,1.50821,1.50821,0.48394,0.48394,0.0,144.71609,218.08674,0.0,197.06095,0.0,30.0,0.0,0.05119,3.6253,2.91572,1.64432,0.40625,1.0,0.40625,1.0,1.0,0.0,1.507,0.0,0.0,0.0,0.22892,0.22892
relu,machine-3-7,11,level,W3_b05,30,64,R0,0.06852,0.06803,4.21862,3.79483,2.98491,2.61741,2.00853,1.75168,8.61497,8.61497,0.0,86.75693,86.75693,0.0,0.0,94.0,0.06803,3.79483,2.61741,1.75168,1.11168,1.11168,1.0,1.1404,1.14663,1.0,0.0,1.0,0.0,0.00049,0.00049,0.0
relu,machine-3-7,11,level,W3_b05,30,64,R_all,0.06934,0.06803,3.7223,3.80134,2.63974,2.62878,1.76474,1.75588,13.32494,8.61497,5.89027,120.85348,86.75693,0.0,30.0,64.0,0.06803,3.79483,2.61741,1.75168,0.98089,0.97921,1.00172,1.00417,1.00505,1.54672,0.68373,1.39301,0.0,0.0013,0.0013,0.0
relu,machine-3-7,11,level,W3_b05,30,64,R_fault,0.06934,0.06803,3.7223,3.80134,2.63974,2.62878,1.76474,1.75588,13.32494,8.61497,5.89027,120.85348,86.75693,0.0,30.0,64.0,0.06803,3.79483,2.61741,1.75168,0.98089,0.97921,1.00172,1.00417,1.00505,1.54672,0.68373,1.39301,0.0,0.0013,0.0013,0.0
relu,machine-3-7,11,level,W3_b05,30,64,R_fault_rec,0.06925,0.06925,3.8095,3.8095,2.63799,2.63799,1.76063,1.76063,0.0,8.61497,7.58145,0.0,86.75693,0.0,38.0,56.0,0.06803,3.79483,2.61741,1.75168,1.00387,1.0,1.00387,1.0,1.0,0.0,0.88003,0.0,0.0,0.0,0.00122,0.00122
relu,machine-3-7,11,level,W3_b05,38,0,R0,0.04924,0.04915,3.39352,3.70887,2.626,2.92627,1.32644,1.71281,33.42674,33.42674,0.0,97.55739,97.55739,0.0,0.0,38.0,0.04915,3.70887,2.92627,1.71281,0.91497,0.91497,1.0,0.89739,0.77442,1.0,0.0,1.0,0.0,8e-05,8e-05,0.0
relu,machine-3-7,11,level,W3_b05,38,0,R_all,0.28011,0.28011,1.47276,1.47276,1.50821,1.50821,0.48394,0.48394,0.0,33.42674,221.32663,0.0,97.55739,0.0,38.0,0.0,0.04915,3.70887,2.92627,1.71281,0.39709,1.0,0.39709,1.0,1.0,0.0,6.62124,0.0,0.0,0.0,0.23096,0.23096
relu,machine-3-7,11,level,W3_b05,38,0,R_fault,0.05151,0.04972,3.23798,3.71335,2.60268,2.93805,1.36791,1.71526,33.16039,33.42674,8.02441,129.17038,97.55739,0.0,30.0,8.0,0.04915,3.70887,2.92627,1.71281,0.87304,0.87198,1.00121,0.88585,0.79749,0.99203,0.24006,1.32405,0.0,0.00179,0.00236,0.00057
relu,machine-3-7,11,level,W3_b05,38,0,R_fault_rec,0.28011,0.28011,1.47276,1.47276,1.50821,1.50821,0.48394,0.48394,0.0,33.42674,221.32663,0.0,97.55739,0.0,38.0,0.0,0.04915,3.70887,2.92627,1.71281,0.39709,1.0,0.39709,1.0,1.0,0.0,6.62124,0.0,0.0,0.0,0.23096,0.23096
relu,machine-3-7,11,level,W3_b05,38,64,R0,0.06258,0.06144,4.77016,4.36669,3.23616,2.88963,2.36541,2.11439,8.41892,8.41892,0.0,86.4621,86.4621,0.0,0.0,102.0,0.06144,4.36669,2.88963,2.11439,1.0924,1.0924,1.0,1.11992,1.11872,1.0,0.0,1.0,0.0,0.00114,0.00114,0.0
relu,machine-3-7,11,level,W3_b05,38,64,R_all,0.06266,0.06266,4.37044,4.37044,2.9008,2.9008,2.11359,2.11359,0.0,8.41892,7.21549,0.0,86.4621,0.0,38.0,64.0,0.06144,4.36669,2.88963,2.11439,1.00086,1.0,1.00086,1.0,1.0,0.0,0.85706,0.0,0.0,0.0,0.00122,0.00122
relu,machine-3-7,11,level,W3_b05,38,64,R_fault,0.06185,0.06193,4.27248,4.37437,2.88864,2.90019,2.11482,2.11891,12.79233,8.41892,5.5839,120.54547,86.4621,0.0,30.0,72.0,0.06144,4.36669,2.88963,2.11439,0.97842,0.97671,1.00176,0.99602,0.99807,1.51947,0.66326,1.3942,0.0,-8e-05,0.00041,0.00049
relu,machine-3-7,11,level,W3_b05,38,64,R_fault_rec,0.06266,0.06266,4.37044,4.37044,2.9008,2.9008,2.11359,2.11359,0.0,8.41892,7.21549,0.0,86.4621,0.0,38.0,64.0,0.06144,4.36669,2.88963,2.11439,1.00086,1.0,1.00086,1.0,1.0,0.0,0.85706,0.0,0.0,0.0,0.00122,0.00122
relu,machine-3-7,11,level,W3_b05,46,0,R0,0.05868,0.05794,4.12253,3.68515,3.28605,2.91143,1.93464,1.66541,9.73314,9.73314,0.0,88.46531,88.46531,0.0,0.0,46.0,0.05794,3.68515,2.91143,1.66541,1.11869,1.11869,1.0,1.12867,1.16167,1.0,0.0,1.0,0.0,0.00073,0.00073,0.0
relu,machine-3-7,11,level,W3_b05,46,0,R_all,0.28011,0.28011,1.47276,1.47276,1.50821,1.50821,0.48394,0.48394,0.0,9.73314,215.36399,0.0,88.46531,0.0,46.0,0.0,0.05794,3.68515,2.91143,1.66541,0.39965,1.0,0.39965,1.0,1.0,0.0,22.12688,0.0,0.0,0.0,0.22217,0.22217
relu,machine-3-7,11,level,W3_b05,46,0,R_fault,0.05811,0.05811,3.59749,3.69531,2.90067,2.9208,1.66939,1.67423,14.70921,9.73314,7.68736,122.82869,88.46531,0.0,30.0,16.0,0.05794,3.68515,2.91143,1.66541,0.97621,0.97353,1.00276,0.99311,0.99711,1.51125,0.78981,1.38844,0.0,0.0,0.00016,0.00016
relu,machine-3-7,11,level,W3_b05,46,0,R_fault_rec,0.05851,0.05851,3.69853,3.69853,2.92644,2.92644,1.67216,1.67216,0.0,9.73314,9.60984,0.0,88.46531,0.0,38.0,8.0,0.05794,3.68515,2.91143,1.66541,1.00363,1.0,1.00363,1.0,1.0,0.0,0.98733,0.0,0.0,0.0,0.00057,0.00057
relu,machine-3-7,11,level,W3_b05,46,64,R0,0.05339,0.0516,4.72232,4.31376,2.99738,2.65659,2.33633,2.08705,8.25581,8.25581,0.0,86.20753,86.20753,0.0,0.0,110.0,0.0516,4.31376,2.65659,2.08705,1.09471,1.09471,1.0,1.12828,1.11944,1.0,0.0,1.0,0.0,0.00179,0.00179,0.0
relu,machine-3-7,11,level,W3_b05,46,64,R_all,0.05387,0.05387,4.32382,4.32382,2.67473,2.67473,2.09364,2.09364,0.0,8.25581,7.89651,0.0,86.20753,0.0,46.0,64.0,0.0516,4.31376,2.65659,2.08705,1.00233,1.0,1.00233,1.0,1.0,0.0,0.95648,0.0,0.0,0.0,0.00228,0.00228
relu,machine-3-7,11,level,W3_b05,46,64,R_fault,0.05282,0.05298,4.1889,4.32143,2.63225,2.66765,2.0554,2.09274,12.66163,8.25581,5.29311,120.30532,86.20753,0.0,30.0,80.0,0.0516,4.31376,2.65659,2.08705,0.97105,0.96933,1.00178,0.98673,0.98216,1.53366,0.64114,1.39553,0.0,-0.00016,0.00122,0.00138
relu,machine-3-7,11,level,W3_b05,46,64,R_fault_rec,0.05461,0.05461,4.3314,4.3314,2.67969,2.67969,2.09919,2.09919,0.0,8.25581,6.72057,0.0,86.20753,0.0,38.0,72.0,0.0516,4.31376,2.65659,2.08705,1.00409,1.0,1.00409,1.0,1.0,0.0,0.81404,0.0,0.0,0.0,0.00301,0.00301
relu,machine-3-7,11,ramp,W1,30,0,R0,0.04272,0.03719,-0.31619,3.2113,0.49745,2.5888,0.00368,1.41876,51.71673,51.71673,0.0,0.0,0.0,0.0,0.0,0.0,0.03719,3.2113,2.5888,1.41876,-0.09846,-0.09846,1.0,0.19215,0.00259,1.0,0.0,,0.0,0.00553,0.00553,0.0
relu,machine-3-7,11,ramp,W1,30,0,R_all,0.04183,0.04183,2.76291,2.76291,2.32695,2.32695,1.17132,1.17132,0.0,51.71673,43.11684,0.0,0.0,0.0,30.0,0.0,0.03719,3.2113,2.5888,1.41876,0.86037,1.0,0.86037,1.0,1.0,0.0,0.83371,,0.0,0.0,0.00464,0.00464
relu,machine-3-7,11,ramp,W1,30,0,R_fault,0.04183,0.04183,2.76291,2.76291,2.32695,2.32695,1.17132,1.17132,0.0,51.71673,43.11684,0.0,0.0,0.0,30.0,0.0,0.03719,3.2113,2.5888,1.41876,0.86037,1.0,0.86037,1.0,1.0,0.0,0.83371,,0.0,0.0,0.00464,0.00464
relu,machine-3-7,11,ramp,W1,30,0,R_fault_rec,0.04183,0.04183,2.76291,2.76291,2.32695,2.32695,1.17132,1.17132,0.0,51.71673,43.11684,0.0,0.0,0.0,30.0,0.0,0.03719,3.2113,2.5888,1.41876,0.86037,1.0,0.86037,1.0,1.0,0.0,0.83371,,0.0,0.0,0.00464,0.00464
relu,machine-3-7,11,ramp,W1,30,64,R0,0.02913,0.02905,1.56245,3.63281,1.52211,2.72505,1.23942,1.68953,15.97365,15.97365,0.0,0.0,0.0,0.0,0.0,0.0,0.02905,3.63281,2.72505,1.68953,0.43009,0.43009,1.0,0.55856,0.73359,1.0,0.0,,0.0,8e-05,8e-05,0.0
relu,machine-3-7,11,ramp,W1,30,64,R_all,0.02922,0.02922,3.89336,3.62434,2.76399,2.71747,1.75013,1.68166,4.06459,15.97365,3.82305,0.0,0.0,0.0,30.0,0.0,0.02905,3.63281,2.72505,1.68953,1.07172,1.07423,0.99767,1.01712,1.04072,0.25446,0.23933,,0.0,0.0,0.00016,0.00016
relu,machine-3-7,11,ramp,W1,30,64,R_fault,0.02922,0.02922,3.89336,3.62434,2.76399,2.71747,1.75013,1.68166,4.06459,15.97365,3.82305,0.0,0.0,0.0,30.0,0.0,0.02905,3.63281,2.72505,1.68953,1.07172,1.07423,0.99767,1.01712,1.04072,0.25446,0.23933,,0.0,0.0,0.00016,0.00016
relu,machine-3-7,11,ramp,W1,30,64,R_fault_rec,0.02922,0.02922,3.61965,3.61965,2.7119,2.7119,1.67736,1.67736,0.0,15.97365,4.92375,0.0,0.0,0.0,38.0,0.0,0.02905,3.63281,2.72505,1.68953,0.99638,1.0,0.99638,1.0,1.0,0.0,0.30824,,0.0,0.0,0.00016,0.00016
relu,machine-3-7,11,ramp,W1,38,0,R0,0.04093,0.03988,0.09775,3.27746,0.81869,2.61594,0.12263,1.45761,44.27204,44.27204,0.0,0.0,0.0,0.0,0.0,0.0,0.03988,3.27746,2.61594,1.45761,0.02983,0.02983,1.0,0.31296,0.08413,1.0,0.0,,0.0,0.00106,0.00106,0.0
relu,machine-3-7,11,ramp,W1,38,0,R_all,0.04183,0.04183,2.76291,2.76291,2.32695,2.32695,1.17132,1.17132,0.0,44.27204,44.75871,0.0,0.0,0.0,38.0,0.0,0.03988,3.27746,2.61594,1.45761,0.843,1.0,0.843,1.0,1.0,0.0,1.01099,,0.0,0.0,0.00195,0.00195
relu,machine-3-7,11,ramp,W1,38,0,R_fault,0.04085,0.03988,2.80666,3.22939,2.30306,2.63983,1.06078,1.45145,22.20896,44.27204,18.57426,0.0,0.0,0.0,30.0,0.0,0.03988,3.27746,2.61594,1.45761,0.85635,0.8691,0.98533,0.87243,0.73084,0.50165,0.41955,,0.0,0.00098,0.00098,0.0
relu,machine-3-7,11,ramp,W1,38,0,R_fault_rec,0.04183,0.04183,2.76291,2.76291,2.32695,2.32695,1.17132,1.17132,0.0,44.27204,44.75871,0.0,0.0,0.0,38.0,0.0,0.03988,3.27746,2.61594,1.45761,0.843,1.0,0.843,1.0,1.0,0.0,1.01099,,0.0,0.0,0.00195,0.00195
relu,machine-3-7,11,ramp,W1,38,64,R0,0.02783,0.02767,1.67815,3.71972,1.5853,2.75592,1.31756,1.75494,15.01229,15.01229,0.0,0.0,0.0,0.0,0.0,0.0,0.02767,3.71972,2.75592,1.75494,0.45115,0.45115,1.0,0.57523,0.75078,1.0,0.0,,0.0,0.00016,0.00016,0.0
relu,machine-3-7,11,ramp,W1,38,64,R_all,0.02791,0.02791,3.70677,3.70677,2.74283,2.74283,1.74298,1.74298,0.0,15.01229,4.07715,0.0,0.0,0.0,38.0,0.0,0.02767,3.71972,2.75592,1.75494,0.99652,1.0,0.99652,1.0,1.0,0.0,0.27159,,0.0,0.0,0.00024,0.00024
relu,machine-3-7,11,ramp,W1,38,64,R_fault,0.02791,0.02783,3.9604,3.70999,2.80603,2.7498,1.81258,1.74785,3.70104,15.01229,3.19016,0.0,0.0,0.0,30.0,0.0,0.02767,3.71972,2.75592,1.75494,1.0647,1.06749,0.99738,1.02045,1.03703,0.24653,0.2125,,0.0,8e-05,0.00024,0.00016
relu,machine-3-7,11,ramp,W1,38,64,R_fault_rec,0.02791,0.02791,3.70677,3.70677,2.74283,2.74283,1.74298,1.74298,0.0,15.01229,4.07715,0.0,0.0,0.0,38.0,0.0,0.02767,3.71972,2.75592,1.75494,0.99652,1.0,0.99652,1.0,1.0,0.0,0.27159,,0.0,0.0,0.00024,0.00024
relu,machine-3-7,11,ramp,W1,46,0,R0,0.03898,0.0363,0.80285,3.31881,1.24797,2.6341,0.74147,1.47437,28.52578,28.52578,0.0,0.0,0.0,0.0,0.0,0.0,0.0363,3.31881,2.6341,1.47437,0.24191,0.24191,1.0,0.47378,0.5029,1.0,0.0,,0.0,0.00269,0.00269,0.0
relu,machine-3-7,11,ramp,W1,46,0,R_all,0.04183,0.04183,2.76291,2.76291,2.32695,2.32695,1.17132,1.17132,0.0,28.52578,46.36824,0.0,0.0,0.0,46.0,0.0,0.0363,3.31881,2.6341,1.47437,0.8325,1.0,0.8325,1.0,1.0,0.0,1.62549,,0.0,0.0,0.00553,0.00553
relu,machine-3-7,11,ramp,W1,46,0,R_fault,0.03906,0.03662,3.35451,3.28679,2.60143,2.63306,1.5081,1.46042,10.78155,28.52578,12.35051,0.0,0.0,0.0,30.0,0.0,0.0363,3.31881,2.6341,1.47437,1.01076,1.0206,0.99035,0.98799,1.03264,0.37796,0.43296,,0.0,0.00244,0.00277,0.00033
relu,machine-3-7,11,ramp,W1,46,0,R_fault_rec,0.03483,0.03483,3.20226,3.20226,2.61484,2.61484,1.40045,1.40045,0.0,28.52578,17.86997,0.0,0.0,0.0,38.0,0.0,0.0363,3.31881,2.6341,1.47437,0.96488,1.0,0.96488,1.0,1.0,0.0,0.62645,,0.0,0.0,-0.00146,-0.00146
relu,machine-3-7,11,ramp,W1,46,64,R0,0.02466,0.0245,1.74774,3.77521,1.66692,2.81639,1.38448,1.804,14.3872,14.3872,0.0,0.0,0.0,0.0,0.0,0.0,0.0245,3.77521,2.81639,1.804,0.46295,0.46295,1.0,0.59186,0.76745,1.0,0.0,,0.0,0.00016,0.00016,0.0
relu,machine-3-7,11,ramp,W1,46,64,R_all,0.02474,0.02474,3.7589,3.7589,2.79728,2.79728,1.78623,1.78623,0.0,14.3872,4.69181,0.0,0.0,0.0,46.0,0.0,0.0245,3.77521,2.81639,1.804,0.99568,1.0,0.99568,1.0,1.0,0.0,0.32611,,0.0,0.0,0.00024,0.00024
relu,machine-3-7,11,ramp,W1,46,64,R_fault,0.02474,0.02466,4.01153,3.76799,2.87403,2.81045,1.86114,1.79972,3.46556,14.3872,2.75119,0.0,0.0,0.0,30.0,0.0,0.0245,3.77521,2.81639,1.804,1.0626,1.06463,0.99809,1.02262,1.03412,0.24088,0.19123,,0.0,8e-05,0.00024,0.00016
relu,machine-3-7,11,ramp,W1,46,64,R_fault_rec,0.02474,0.02474,3.75921,3.75921,2.80274,2.80274,1.79065,1.79065,0.0,14.3872,3.54801,0.0,0.0,0.0,38.0,0.0,0.0245,3.77521,2.81639,1.804,0.99576,1.0,0.99576,1.0,1.0,0.0,0.24661,,0.0,0.0,0.00024,0.00024
relu,machine-3-7,11,ramp,W2_f0995,30,0,R0,0.13444,0.1342,1.58025,2.49052,1.36823,2.1135,0.41789,1.04521,21.54853,21.54853,0.0,3930.4278,3930.4278,0.0,0.0,0.0,0.1342,2.49052,2.1135,1.04521,0.63451,0.63451,1.0,0.64737,0.39982,1.0,0.0,1.0,0.0,0.00024,0.00024,0.0
relu,machine-3-7,11,ramp,W2_f0995,30,0,R_all,0.19035,0.19035,2.2774,2.2774,1.98478,1.98478,0.93767,0.93767,0.0,21.54853,20.44321,0.0,3930.4278,0.0,30.0,0.0,0.1342,2.49052,2.1135,1.04521,0.91443,1.0,0.91443,1.0,1.0,0.0,0.94871,0.0,0.0,0.0,0.05615,0.05615
relu,machine-3-7,11,ramp,W2_f0995,30,0,R_fault,0.19035,0.19035,2.2774,2.2774,1.98478,1.98478,0.93767,0.93767,0.0,21.54853,20.44321,0.0,3930.4278,0.0,30.0,0.0,0.1342,2.49052,2.1135,1.04521,0.91443,1.0,0.91443,1.0,1.0,0.0,0.94871,0.0,0.0,0.0,0.05615,0.05615
relu,machine-3-7,11,ramp,W2_f0995,30,0,R_fault_rec,0.19035,0.19035,2.2774,2.2774,1.98478,1.98478,0.93767,0.93767,0.0,21.54853,20.44321,0.0,3930.4278,0.0,30.0,0.0,0.1342,2.49052,2.1135,1.04521,0.91443,1.0,0.91443,1.0,1.0,0.0,0.94871,0.0,0.0,0.0,0.05615,0.05615
relu,machine-3-7,11,ramp,W2_f0995,30,64,R0,0.11385,0.11418,2.25677,2.87645,1.83299,2.33675,0.79757,1.24766,14.32805,14.32805,0.0,2952.84787,2952.84787,0.0,0.0,0.0,0.11418,2.87645,2.33675,1.24766,0.78457,0.78457,1.0,0.78442,0.63926,1.0,0.0,1.0,0.0,-0.00033,-0.00033,0.0
relu,machine-3-7,11,ramp,W2_f0995,30,64,R_all,0.10881,0.10881,2.80122,2.81081,2.29891,2.30513,1.20268,1.20954,0.21067,14.32805,7.86272,269.03213,2952.84787,4.33184,30.0,0.0,0.11418,2.87645,2.33675,1.24766,0.97385,0.99659,0.97718,0.99731,0.99433,0.0147,0.54876,0.09111,0.30233,0.0,-0.00537,-0.00537
relu,machine-3-7,11,ramp,W2_f0995,30,64,R_fault,0.10881,0.10881,2.80122,2.81081,2.29891,2.30513,1.20268,1.20954,0.21067,14.32805,7.86272,269.03213,2952.84787,4.33184,30.0,0.0,0.11418,2.87645,2.33675,1.24766,0.97385,0.99659,0.97718,0.99731,0.99433,0.0147,0.54876,0.09111,0.30233,0.0,-0.00537,-0.00537
relu,machine-3-7,11,ramp,W2_f0995,30,64,R_fault_rec,0.10864,0.10864,2.77934,2.77934,2.28788,2.28788,1.1914,1.1914,0.0,14.32805,10.70858,0.0,2952.84787,5.32004,38.0,0.0,0.11418,2.87645,2.33675,1.24766,0.96624,1.0,0.96624,1.0,1.0,0.0,0.74739,0.0,0.3713,0.0,-0.00553,-0.00553
relu,machine-3-7,11,ramp,W2_f0995,38,0,R0,0.1272,0.12663,1.66072,2.54478,1.42444,2.14675,0.45917,1.07363,20.53254,20.53254,0.0,3909.74606,3909.74606,0.0,0.0,0.0,0.12663,2.54478,2.14675,1.07363,0.6526,0.6526,1.0,0.66353,0.42768,1.0,0.0,1.0,0.0,0.00057,0.00057,0.0
relu,machine-3-7,11,ramp,W2_f0995,38,0,R_all,0.19035,0.19035,2.2774,2.2774,1.98478,1.98478,0.93767,0.93767,0.0,20.53254,25.33535,0.0,3909.74606,0.0,38.0,0.0,0.12663,2.54478,2.14675,1.07363,0.89493,1.0,0.89493,1.0,1.0,0.0,1.23391,0.0,0.0,0.0,0.06372,0.06372
relu,machine-3-7,11,ramp,W2_f0995,38,0,R_fault,0.15365,0.15088,2.32629,2.36332,2.01056,2.03845,0.95551,0.9812,0.53723,20.53254,18.02012,356.21453,3909.74606,0.93637,30.0,0.0,0.12663,2.54478,2.14675,1.07363,0.91414,0.98433,0.92869,0.98632,0.97382,0.02616,0.87764,0.09111,0.0456,0.00277,0.02702,0.02425
relu,machine-3-7,11,ramp,W2_f0995,38,0,R_fault_rec,0.19035,0.19035,2.2774,2.2774,1.98478,1.98478,0.93767,0.93767,0.0,20.53254,25.33535,0.0,3909.74606,0.0,38.0,0.0,0.12663,2.54478,2.14675,1.07363,0.89493,1.0,0.89493,1.0,1.0,0.0,1.23391,0.0,0.0,0.0,0.06372,0.06372
relu,machine-3-7,11,ramp,W2_f0995,38,64,R0,0.11222,0.11247,2.33278,2.92387,1.883,2.36284,0.84125,1.27363,13.63017,13.63017,0.0,2836.78041,2836.78041,0.0,0.0,0.0,0.11247,2.92387,2.36284,1.27363,0.79784,0.79784,1.0,0.79692,0.66052,1.0,0.0,1.0,0.0,-0.00024,-0.00024,0.0
relu,machine-3-7,11,ramp,W2_f0995,38,64,R_all,0.10547,0.10547,2.84053,2.84053,2.3231,2.3231,1.22416,1.22416,0.0,13.63017,9.54633,0.0,2836.78041,5.61935,38.0,0.0,0.11247,2.92387,2.36284,1.27363,0.9715,1.0,0.9715,1.0,1.0,0.0,0.70038,0.0,0.41227,0.0,-0.007,-0.007
relu,machine-3-7,11,ramp,W2_f0995,38,64,R_fault,0.10685,0.10693,2.8603,2.86806,2.33291,2.33765,1.2348,1.2404,0.18615,13.63017,7.03587,258.4573,2836.78041,4.52409,30.0,0.0,0.11247,2.92387,2.36284,1.27363,0.97826,0.99729,0.98091,0.99797,0.99548,0.01366,0.5162,0.09111,0.33192,-8e-05,-0.00562,-0.00553
relu,machine-3-7,11,ramp,W2_f0995,38,64,R_fault_rec,0.10547,0.10547,2.84053,2.84053,2.3231,2.3231,1.22416,1.22416,0.0,13.63017,9.54633,0.0,2836.78041,5.61935,38.0,0.0,0.11247,2.92387,2.36284,1.27363,0.9715,1.0,0.9715,1.0,1.0,0.0,0.70038,0.0,0.41227,0.0,-0.007,-0.007
relu,machine-3-7,11,ramp,W2_f0995,46,0,R0,0.12166,0.12069,1.75543,2.59326,1.49114,2.17536,0.51254,1.09808,19.46755,19.46755,0.0,3756.06584,3756.06584,0.0,0.0,0.0,0.12069,2.59326,2.17536,1.09808,0.67692,0.67692,1.0,0.68547,0.46676,1.0,0.0,1.0,0.0,0.00098,0.00098,0.0
relu,machine-3-7,11,ramp,W2_f0995,46,0,R_all,0.19035,0.19035,2.2774,2.2774,1.98478,1.98478,0.93767,0.93767,0.0,19.46755,30.10288,0.0,3756.06584,0.0,46.0,0.0,0.12069,2.59326,2.17536,1.09808,0.8782,1.0,0.8782,1.0,1.0,0.0,1.54631,0.0,0.0,0.0,0.06966,0.06966
relu,machine-3-7,11,ramp,W2_f0995,46,0,R_fault,0.13745,0.13688,2.40627,2.43691,2.06066,2.08358,0.9961,1.01738,0.46564,19.46755,15.92878,342.21282,3756.06584,1.74494,30.0,0.0,0.12069,2.59326,2.17536,1.09808,0.92789,0.98743,0.93971,0.989,0.97909,0.02392,0.81822,0.09111,0.08963,0.00057,0.01676,0.01619
relu,machine-3-7,11,ramp,W2_f0995,46,0,R_fault_rec,0.14966,0.14966,2.36444,2.36444,2.03867,2.03867,0.98027,0.98027,0.0,19.46755,22.25976,0.0,3756.06584,1.29899,38.0,0.0,0.12069,2.59326,2.17536,1.09808,0.91176,1.0,0.91176,1.0,1.0,0.0,1.14343,0.0,0.06673,0.0,0.02897,0.02897
relu,machine-3-7,11,ramp,W2_f0995,46,64,R0,0.11084,0.11174,2.40562,2.96997,1.93015,2.38756,0.88312,1.29884,12.97294,12.97294,0.0,2725.2752,2725.2752,0.0,0.0,0.0,0.11174,2.96997,2.38756,1.29884,0.80998,0.80998,1.0,0.80842,0.67993,1.0,0.0,1.0,0.0,-0.0009,-0.0009,0.0
relu,machine-3-7,11,ramp,W2_f0995,46,64,R_all,0.10156,0.10156,2.87376,2.87376,2.34378,2.34378,1.24143,1.24143,0.0,12.97294,11.17238,0.0,2725.2752,6.96287,46.0,0.0,0.11174,2.96997,2.38756,1.29884,0.9676,1.0,0.9676,1.0,1.0,0.0,0.86121,0.0,0.53672,0.0,-0.01017,-0.01017
relu,machine-3-7,11,ramp,W2_f0995,46,64,R_fault,0.1049,0.10506,2.91675,2.92299,2.36451,2.36805,1.26553,1.27007,0.16546,12.97294,6.3257,248.29813,2725.2752,4.67972,30.0,0.0,0.11174,2.96997,2.38756,1.29884,0.98208,0.99787,0.98418,0.99851,0.99642,0.01275,0.48761,0.09111,0.36073,-0.00016,-0.00684,-0.00667
relu,machine-3-7,11,ramp,W2_f0995,46,64,R_fault_rec,0.10335,0.10335,2.89894,2.89894,2.35583,2.35583,1.25552,1.25552,0.0,12.97294,8.55044,0.0,2725.2752,5.8634,38.0,0.0,0.11174,2.96997,2.38756,1.29884,0.97608,1.0,0.97608,1.0,1.0,0.0,0.6591,0.0,0.45197,0.0,-0.00838,-0.00838
relu,machine-3-7,11,ramp,W3_b01,30,0,R0,0.07104,0.04948,-2.49297,3.51544,-1.31073,2.72337,-2.12481,1.61217,103.4617,103.4617,0.0,149.64787,149.64787,0.0,0.0,30.0,0.04948,3.51544,2.72337,1.61217,-0.70915,-0.70915,1.0,-0.48129,-1.31799,1.0,0.0,1.0,0.0,0.02157,0.02157,0.0
relu,machine-3-7,11,ramp,W3_b01,30,0,R_all,0.08887,0.08887,2.64275,2.64275,2.23837,2.23837,1.13291,1.13291,0.0,103.4617,73.05458,0.0,149.64787,0.0,30.0,0.0,0.04948,3.51544,2.72337,1.61217,0.75176,1.0,0.75176,1.0,1.0,0.0,0.7061,0.0,0.0,0.0,0.03939,0.03939
relu,machine-3-7,11,ramp,W3_b01,30,0,R_fault,0.08887,0.08887,2.64275,2.64275,2.23837,2.23837,1.13291,1.13291,0.0,103.4617,73.05458,0.0,149.64787,0.0,30.0,0.0,0.04948,3.51544,2.72337,1.61217,0.75176,1.0,0.75176,1.0,1.0,0.0,0.7061,0.0,0.0,0.0,0.03939,0.03939
relu,machine-3-7,11,ramp,W3_b01,30,0,R_fault_rec,0.08887,0.08887,2.64275,2.64275,2.23837,2.23837,1.13291,1.13291,0.0,103.4617,73.05458,0.0,149.64787,0.0,30.0,0.0,0.04948,3.51544,2.72337,1.61217,0.75176,1.0,0.75176,1.0,1.0,0.0,0.7061,0.0,0.0,0.0,0.03939,0.03939
relu,machine-3-7,11,ramp,W3_b01,30,64,R0,0.02979,0.03109,3.4386,4.00349,2.52806,2.97799,1.58963,1.91881,7.34793,7.34793,0.0,63.82249,63.82249,0.0,0.0,94.0,0.03109,4.00349,2.97799,1.91881,0.8589,0.8589,1.0,0.84892,0.82845,1.0,0.0,1.0,0.0,-0.0013,-0.0013,0.0
relu,machine-3-7,11,ramp,W3_b01,30,64,R_all,0.02979,0.02987,3.95679,4.01531,2.94547,2.991,1.89122,1.92815,2.39865,7.34793,1.97484,24.0048,63.82249,0.0,30.0,64.0,0.03109,4.00349,2.97799,1.91881,0.98834,0.98543,1.00295,0.98478,0.98084,0.32644,0.26876,0.37612,0.0,-8e-05,-0.0013,-0.00122
relu,machine-3-7,11,ramp,W3_b01,30,64,R_fault,0.02979,0.02987,3.95679,4.01531,2.94547,2.991,1.89122,1.92815,2.39865,7.34793,1.97484,24.0048,63.82249,0.0,30.0,64.0,0.03109,4.00349,2.97799,1.91881,0.98834,0.98543,1.00295,0.98478,0.98084,0.32644,0.26876,0.37612,0.0,-8e-05,-0.0013,-0.00122
relu,machine-3-7,11,ramp,W3_b01,30,64,R_fault_rec,0.0297,0.0297,4.01787,4.01787,2.99499,2.99499,1.93035,1.93035,0.0,7.34793,2.41537,0.0,63.82249,0.0,38.0,56.0,0.03109,4.00349,2.97799,1.91881,1.00359,1.0,1.00359,1.0,1.0,0.0,0.32871,0.0,0.0,0.0,-0.00138,-0.00138
relu,machine-3-7,11,ramp,W3_b01,38,0,R0,0.05046,0.04736,0.40518,3.64423,0.584,2.80423,-0.7791,1.70466,55.75266,55.75266,0.0,94.81703,94.81703,0.0,0.0,38.0,0.04736,3.64423,2.80423,1.70466,0.11118,0.11118,1.0,0.20826,-0.45704,1.0,0.0,1.0,0.0,0.00309,0.00309,0.0
relu,machine-3-7,11,ramp,W3_b01,38,0,R_all,0.08887,0.08887,2.64275,2.64275,2.23837,2.23837,1.13291,1.13291,0.0,55.75266,77.16225,0.0,94.81703,0.0,38.0,0.0,0.04736,3.64423,2.80423,1.70466,0.72519,1.0,0.72519,1.0,1.0,0.0,1.38401,0.0,0.0,0.0,0.0415,0.0415
relu,machine-3-7,11,ramp,W3_b01,38,0,R_fault,0.05062,0.04989,3.07143,3.33375,2.45033,2.62985,1.31252,1.52181,10.35681,55.75266,33.49006,27.66869,94.81703,0.0,30.0,8.0,0.04736,3.64423,2.80423,1.70466,0.84282,0.92132,0.9148,0.93174,0.86247,0.18576,0.60069,0.29181,0.0,0.00073,0.00326,0.00252
relu,machine-3-7,11,ramp,W3_b01,38,0,R_fault_rec,0.08887,0.08887,2.64275,2.64275,2.23837,2.23837,1.13291,1.13291,0.0,55.75266,77.16225,0.0,94.81703,0.0,38.0,0.0,0.04736,3.64423,2.80423,1.70466,0.72519,1.0,0.72519,1.0,1.0,0.0,1.38401,0.0,0.0,0.0,0.0415,0.0415
relu,machine-3-7,11,ramp,W3_b01,38,64,R0,0.02897,0.02987,3.53567,4.10078,2.57127,3.0241,1.65469,1.98549,7.16166,7.16166,0.0,63.7693,63.7693,0.0,0.0,102.0,0.02987,4.10078,3.0241,1.98549,0.86219,0.86219,1.0,0.85026,0.83339,1.0,0.0,1.0,0.0,-0.0009,-0.0009,0.0
relu,machine-3-7,11,ramp,W3_b01,38,64,R_all,0.02913,0.02913,4.1138,4.1138,3.04119,3.04119,1.99609,1.99609,0.0,7.16166,2.32686,0.0,63.7693,0.0,38.0,64.0,0.02987,4.10078,3.0241,1.98549,1.00317,1.0,1.00317,1.0,1.0,0.0,0.32491,0.0,0.0,0.0,-0.00073,-0.00073
relu,machine-3-7,11,ramp,W3_b01,38,64,R_fault,0.02897,0.02897,4.05415,4.11095,2.99209,3.03685,1.95805,1.99359,2.34683,7.16166,1.89484,23.97662,63.7693,0.0,30.0,72.0,0.02987,4.10078,3.0241,1.98549,0.98863,0.98618,1.00248,0.98526,0.98217,0.32769,0.26458,0.37599,0.0,0.0,-0.0009,-0.0009
relu,machine-3-7,11,ramp,W3_b01,38,64,R_fault_rec,0.02913,0.02913,4.1138,4.1138,3.04119,3.04119,1.99609,1.99609,0.0,7.16166,2.32686,0.0,63.7693,0.0,38.0,64.0,0.02987,4.10078,3.0241,1.98549,1.00317,1.0,1.00317,1.0,1.0,0.0,0.32491,0.0,0.0,0.0,-0.00073,-0.00073
relu,machine-3-7,11,ramp,W3_b01,46,0,R0,0.04598,0.0459,2.00161,3.66576,1.61397,2.80692,0.40968,1.70361,27.33146,27.33146,0.0,71.66756,71.66756,0.0,0.0,46.0,0.0459,3.66576,2.80692,1.70361,0.54603,0.54603,1.0,0.575,0.24048,1.0,0.0,1.0,0.0,8e-05,8e-05,0.0
relu,machine-3-7,11,ramp,W3_b01,46,0,R_all,0.08887,0.08887,2.64275,2.64275,2.23837,2.23837,1.13291,1.13291,0.0,27.33146,79.81246,0.0,71.66756,0.0,46.0,0.0,0.0459,3.66576,2.80692,1.70361,0.72093,1.0,0.72093,1.0,1.0,0.0,2.92017,0.0,0.0,0.0,0.04297,0.04297
relu,machine-3-7,11,ramp,W3_b01,46,0,R_fault,0.04622,0.04622,3.41536,3.57812,2.64424,2.7554,1.52024,1.65117,5.61992,27.33146,14.89718,24.95193,71.66756,0.0,30.0,16.0,0.0459,3.66576,2.80692,1.70361,0.93169,0.95451,0.97609,0.95966,0.9207,0.20562,0.54506,0.34816,0.0,0.0,0.00033,0.00033
relu,machine-3-7,11,ramp,W3_b01,46,0,R_fault_rec,0.04891,0.04891,3.30814,3.30814,2.60621,2.60621,1.48635,1.48635,0.0,27.33146,34.81136,0.0,71.66756,0.0,38.0,8.0,0.0459,3.66576,2.80692,1.70361,0.90244,1.0,0.90244,1.0,1.0,0.0,1.27367,0.0,0.0,0.0,0.00301,0.00301
relu,machine-3-7,11,ramp,W3_b01,46,64,R0,0.02759,0.02856,3.47656,4.03535,2.53627,2.98431,1.61461,1.93837,7.08926,7.08926,0.0,63.72135,63.72135,0.0,0.0,110.0,0.02856,4.03535,2.98431,1.93837,0.86152,0.86152,1.0,0.84987,0.83297,1.0,0.0,1.0,0.0,-0.00098,-0.00098,0.0
relu,machine-3-7,11,ramp,W3_b01,46,64,R_all,0.02686,0.02686,4.04695,4.04695,3.00251,3.00251,1.94837,1.94837,0.0,7.08926,2.76982,0.0,63.72135,0.0,46.0,64.0,0.02856,4.03535,2.98431,1.93837,1.00287,1.0,1.00287,1.0,1.0,0.0,0.39071,0.0,0.0,0.0,-0.00171,-0.00171
relu,machine-3-7,11,ramp,W3_b01,46,64,R_fault,0.02743,0.0271,3.99103,4.04446,2.95428,2.99621,1.91349,1.9457,2.3282,7.08926,1.86348,23.96135,63.72135,0.0,30.0,80.0,0.02856,4.03535,2.98431,1.93837,0.98902,0.98679,1.00226,0.986,0.98345,0.32841,0.26286,0.37603,0.0,0.00033,-0.00114,-0.00146
relu,machine-3-7,11,ramp,W3_b01,46,64,R_fault_rec,0.02751,0.02751,4.0471,4.0471,3.0006,3.0006,1.94812,1.94812,0.0,7.08926,2.27862,0.0,63.72135,0.0,38.0,72.0,0.02856,4.03535,2.98431,1.93837,1.00291,1.0,1.00291,1.0,1.0,0.0,0.32142,0.0,0.0,0.0,-0.00106,-0.00106
relu,machine-3-7,11,ramp,W3_b05,30,0,R0,0.15356,0.09668,-4.19793,3.93997,-2.47402,2.99248,-3.22173,1.79868,165.29814,165.29814,0.0,237.70891,237.70891,0.0,0.0,30.0,0.09668,3.93997,2.99248,1.79868,-1.06547,-1.06547,1.0,-0.82675,-1.79116,1.0,0.0,1.0,0.0,0.05688,0.05688,0.0
relu,machine-3-7,11,ramp,W3_b05,30,0,R_all,0.30534,0.30534,3.06304,3.06304,2.4807,2.4807,1.36597,1.36597,0.0,165.29814,142.89306,0.0,237.70891,0.0,30.0,0.0,0.09668,3.93997,2.99248,1.79868,0.77743,1.0,0.77743,1.0,1.0,0.0,0.86446,0.0,0.0,0.0,0.20866,0.20866
relu,machine-3-7,11,ramp,W3_b05,30,0,R_fault,0.30534,0.30534,3.06304,3.06304,2.4807,2.4807,1.36597,1.36597,0.0,165.29814,142.89306,0.0,237.70891,0.0,30.0,0.0,0.09668,3.93997,2.99248,1.79868,0.77743,1.0,0.77743,1.0,1.0,0.0,0.86446,0.0,0.0,0.0,0.20866,0.20866
relu,machine-3-7,11,ramp,W3_b05,30,0,R_fault_rec,0.30534,0.30534,3.06304,3.06304,2.4807,2.4807,1.36597,1.36597,0.0,165.29814,142.89306,0.0,237.70891,0.0,30.0,0.0,0.09668,3.93997,2.99248,1.79868,0.77743,1.0,0.77743,1.0,1.0,0.0,0.86446,0.0,0.0,0.0,0.20866,0.20866
relu,machine-3-7,11,ramp,W3_b05,30,64,R0,0.05998,0.06462,4.81002,4.45826,3.49878,3.26472,2.27841,2.06192,11.28515,11.28515,0.0,117.68828,117.68828,0.0,0.0,94.0,0.06462,4.45826,3.26472,2.06192,1.0789,1.0789,1.0,1.07169,1.105,1.0,0.0,1.0,0.0,-0.00464,-0.00464,0.0
relu,machine-3-7,11,ramp,W3_b05,30,64,R_all,0.05924,0.06217,4.14398,4.49417,2.96235,3.28117,1.92229,2.08841,11.03488,11.28515,5.09672,104.38283,117.68828,0.0,30.0,64.0,0.06462,4.45826,3.26472,2.06192,0.92951,0.92208,1.00806,0.90284,0.92046,0.97782,0.45163,0.88694,0.0,-0.00293,-0.00537,-0.00244
relu,machine-3-7,11,ramp,W3_b05,30,64,R_fault,0.05924,0.06217,4.14398,4.49417,2.96235,3.28117,1.92229,2.08841,11.03488,11.28515,5.09672,104.38283,117.68828,0.0,30.0,64.0,0.06462,4.45826,3.26472,2.06192,0.92951,0.92208,1.00806,0.90284,0.92046,0.97782,0.45163,0.88694,0.0,-0.00293,-0.00537,-0.00244
relu,machine-3-7,11,ramp,W3_b05,30,64,R_fault_rec,0.06429,0.06429,4.48482,4.48482,3.27625,3.27625,2.08243,2.08243,0.0,11.28515,5.98326,0.0,117.68828,0.0,38.0,56.0,0.06462,4.45826,3.26472,2.06192,1.00596,1.0,1.00596,1.0,1.0,0.0,0.53019,0.0,0.0,0.0,-0.00033,-0.00033
relu,machine-3-7,11,ramp,W3_b05,38,0,R0,0.07528,0.08236,3.66092,4.44679,2.87938,3.3382,1.34394,2.14021,45.4431,45.4431,0.0,134.7723,134.7723,0.0,0.0,38.0,0.08236,4.44679,3.3382,2.14021,0.82327,0.82327,1.0,0.86255,0.62795,1.0,0.0,1.0,0.0,-0.00708,-0.00708,0.0
relu,machine-3-7,11,ramp,W3_b05,38,0,R_all,0.30534,0.30534,3.06304,3.06304,2.4807,2.4807,1.36597,1.36597,0.0,45.4431,139.5523,0.0,134.7723,0.0,38.0,0.0,0.08236,4.44679,3.3382,2.14021,0.68882,1.0,0.68882,1.0,1.0,0.0,3.07092,0.0,0.0,0.0,0.22298,0.22298
relu,machine-3-7,11,ramp,W3_b05,38,0,R_fault,0.07707,0.0804,3.38298,4.49108,2.61794,3.3689,1.33893,2.17141,40.82856,45.4431,6.85621,118.16961,134.7723,0.0,30.0,8.0,0.08236,4.44679,3.3382,2.14021,0.76077,0.75327,1.00996,0.77709,0.61662,0.89845,0.15087,0.87681,0.0,-0.00334,-0.00529,-0.00195
relu,machine-3-7,11,ramp,W3_b05,38,0,R_fault_rec,0.30534,0.30534,3.06304,3.06304,2.4807,2.4807,1.36597,1.36597,0.0,45.4431,139.5523,0.0,134.7723,0.0,38.0,0.0,0.08236,4.44679,3.3382,2.14021,0.68882,1.0,0.68882,1.0,1.0,0.0,3.07092,0.0,0.0,0.0,0.22298,0.22298
relu,machine-3-7,11,ramp,W3_b05,38,64,R0,0.06665,0.07039,5.32849,5.03902,3.66465,3.48878,2.61534,2.44431,10.7587,10.7587,0.0,117.13161,117.13161,0.0,0.0,102.0,0.07039,5.03902,3.48878,2.44431,1.05744,1.05744,1.0,1.05041,1.06997,1.0,0.0,1.0,0.0,-0.00374,-0.00374,0.0
relu,machine-3-7,11,ramp,W3_b05,38,64,R_all,0.07121,0.07121,5.0614,5.0614,3.50184,3.50184,2.46004,2.46004,0.0,10.7587,5.62872,0.0,117.13161,0.0,38.0,64.0,0.07039,5.03902,3.48878,2.44431,1.00444,1.0,1.00444,1.0,1.0,0.0,0.52318,0.0,0.0,0.0,0.00081,0.00081
relu,machine-3-7,11,ramp,W3_b05,38,64,R_fault,0.06616,0.06942,4.63665,5.05992,3.12598,3.50051,2.21723,2.45888,10.51886,10.7587,4.65175,103.95931,117.13161,0.0,30.0,72.0,0.07039,5.03902,3.48878,2.44431,0.92015,0.91635,1.00415,0.89301,0.90172,0.97771,0.43237,0.88754,0.0,-0.00326,-0.00423,-0.00098
relu,machine-3-7,11,ramp,W3_b05,38,64,R_fault_rec,0.07121,0.07121,5.0614,5.0614,3.50184,3.50184,2.46004,2.46004,0.0,10.7587,5.62872,0.0,117.13161,0.0,38.0,64.0,0.07039,5.03902,3.48878,2.44431,1.00444,1.0,1.00444,1.0,1.0,0.0,0.52318,0.0,0.0,0.0,0.00081,0.00081
relu,machine-3-7,11,ramp,W3_b05,46,0,R0,0.08521,0.08708,4.59727,4.27127,3.36441,3.15901,2.14331,1.95621,13.1285,13.1285,0.0,121.07529,121.07529,0.0,0.0,46.0,0.08708,4.27127,3.15901,1.95621,1.07632,1.07632,1.0,1.06502,1.09565,1.0,0.0,1.0,0.0,-0.00187,-0.00187,0.0
relu,machine-3-7,11,ramp,W3_b05,46,0,R_all,0.30534,0.30534,3.06304,3.06304,2.4807,2.4807,1.36597,1.36597,0.0,13.1285,138.1374,0.0,121.07529,0.0,46.0,0.0,0.08708,4.27127,3.15901,1.95621,0.71713,1.0,0.71713,1.0,1.0,0.0,10.52195,0.0,0.0,0.0,0.21826,0.21826
relu,machine-3-7,11,ramp,W3_b05,46,0,R_fault,0.0835,0.08553,3.82589,4.33746,2.74269,3.18494,1.68475,2.00505,12.13264,13.1285,6.29499,106.97348,121.07529,0.0,30.0,16.0,0.08708,4.27127,3.15901,1.95621,0.89572,0.88206,1.0155,0.86115,0.84025,0.92414,0.47949,0.88353,0.0,-0.00203,-0.00358,-0.00155
relu,machine-3-7,11,ramp,W3_b05,46,0,R_fault_rec,0.08805,0.08805,4.33436,4.33436,3.17856,3.17856,2.00158,2.00158,0.0,13.1285,7.49558,0.0,121.07529,0.0,38.0,8.0,0.08708,4.27127,3.15901,1.95621,1.01477,1.0,1.01477,1.0,1.0,0.0,0.57094,0.0,0.0,0.0,0.00098,0.00098
relu,machine-3-7,11,ramp,W3_b05,46,64,R0,0.06323,0.06877,4.76935,4.45148,3.22277,3.0135,2.27927,2.09009,10.95446,10.95446,0.0,116.77236,116.77236,0.0,0.0,110.0,0.06877,4.45148,3.0135,2.09009,1.07141,1.07141,1.0,1.06945,1.09051,1.0,0.0,1.0,0.0,-0.00553,-0.00553,0.0
relu,machine-3-7,11,ramp,W3_b05,46,64,R_all,0.06901,0.06901,4.46278,4.46278,3.02621,3.02621,2.10102,2.10102,0.0,10.95446,7.29343,0.0,116.77236,0.0,46.0,64.0,0.06877,4.45148,3.0135,2.09009,1.00254,1.0,1.00254,1.0,1.0,0.0,0.6658,0.0,0.0,0.0,0.00024,0.00024
relu,machine-3-7,11,ramp,W3_b05,46,64,R_fault,0.06405,0.06738,4.10015,4.46753,2.70722,3.02385,1.90377,2.10098,10.89759,10.95446,4.92962,103.68214,116.77236,0.0,30.0,80.0,0.06877,4.45148,3.0135,2.09009,0.92107,0.91777,1.0036,0.89529,0.90613,0.99481,0.45001,0.8879,0.0,-0.00334,-0.00472,-0.00138
relu,machine-3-7,11,ramp,W3_b05,46,64,R_fault_rec,0.06917,0.06917,4.46801,4.46801,3.02515,3.02515,2.10147,2.10147,0.0,10.95446,5.81515,0.0,116.77236,0.0,38.0,72.0,0.06877,4.45148,3.0135,2.09009,1.00371,1.0,1.00371,1.0,1.0,0.0,0.53085,0.0,0.0,0.0,0.00041,0.00041
relu,machine-3-7,22,level,W1,30,0,R0,0.06893,0.05713,-1.79126,2.97184,-0.64422,2.56029,-1.39658,1.31833,78.12365,78.12365,0.0,0.0,0.0,0.0,0.0,0.0,0.05713,2.97184,2.56029,1.31833,-0.60274,-0.60274,1.0,-0.25162,-1.05935,1.0,0.0,,0.0,0.0118,0.0118,0.0
relu,machine-3-7,22,level,W1,30,0,R_all,0.07454,0.07454,1.9095,1.9095,1.87043,1.87043,0.70128,0.70128,0.0,78.12365,88.03169,0.0,0.0,0.0,30.0,0.0,0.05713,2.97184,2.56029,1.31833,0.64253,1.0,0.64253,1.0,1.0,0.0,1.12683,,0.0,0.0,0.01742,0.01742
relu,machine-3-7,22,level,W1,30,0,R_fault,0.07454,0.07454,1.9095,1.9095,1.87043,1.87043,0.70128,0.70128,0.0,78.12365,88.03169,0.0,0.0,0.0,30.0,0.0,0.05713,2.97184,2.56029,1.31833,0.64253,1.0,0.64253,1.0,1.0,0.0,1.12683,,0.0,0.0,0.01742,0.01742
relu,machine-3-7,22,level,W1,30,0,R_fault_rec,0.07454,0.07454,1.9095,1.9095,1.87043,1.87043,0.70128,0.70128,0.0,78.12365,88.03169,0.0,0.0,0.0,30.0,0.0,0.05713,2.97184,2.56029,1.31833,0.64253,1.0,0.64253,1.0,1.0,0.0,1.12683,,0.0,0.0,0.01742,0.01742
relu,machine-3-7,22,level,W1,30,64,R0,0.05591,0.0542,1.64568,3.54593,1.19972,2.79943,1.2527,1.73944,22.03849,22.03849,0.0,0.0,0.0,0.0,0.0,0.0,0.0542,3.54593,2.79943,1.73944,0.4641,0.4641,1.0,0.42856,0.72017,1.0,0.0,,0.0,0.00171,0.00171,0.0
relu,machine-3-7,22,level,W1,30,64,R_all,0.05534,0.05493,3.70851,3.49659,2.79394,2.73709,1.74774,1.70452,6.29339,22.03849,6.77103,0.0,0.0,0.0,30.0,0.0,0.0542,3.54593,2.79943,1.73944,1.04585,1.06061,0.98608,1.02077,1.02536,0.28556,0.30724,,0.0,0.00041,0.00114,0.00073
relu,machine-3-7,22,level,W1,30,64,R_fault,0.05534,0.05493,3.70851,3.49659,2.79394,2.73709,1.74774,1.70452,6.29339,22.03849,6.77103,0.0,0.0,0.0,30.0,0.0,0.0542,3.54593,2.79943,1.73944,1.04585,1.06061,0.98608,1.02077,1.02536,0.28556,0.30724,,0.0,0.00041,0.00114,0.00073
relu,machine-3-7,22,level,W1,30,64,R_fault_rec,0.05534,0.05534,3.48908,3.48908,2.72459,2.72459,1.69262,1.69262,0.0,22.03849,7.92972,0.0,0.0,0.0,38.0,0.0,0.0542,3.54593,2.79943,1.73944,0.98397,1.0,0.98397,1.0,1.0,0.0,0.35981,,0.0,0.0,0.00114,0.00114
relu,machine-3-7,22,level,W1,38,0,R0,0.05868,0.05688,-0.46691,3.04706,0.20503,2.64252,-0.40519,1.36342,57.46419,57.46419,0.0,0.0,0.0,0.0,0.0,0.0,0.05688,3.04706,2.64252,1.36342,-0.15323,-0.15323,1.0,0.07759,-0.29719,1.0,0.0,,0.0,0.00179,0.00179,0.0
relu,machine-3-7,22,level,W1,38,0,R_all,0.07454,0.07454,1.9095,1.9095,1.87043,1.87043,0.70128,0.70128,0.0,57.46419,91.22241,0.0,0.0,0.0,38.0,0.0,0.05688,3.04706,2.64252,1.36342,0.62667,1.0,0.62667,1.0,1.0,0.0,1.58747,,0.0,0.0,0.01766,0.01766
relu,machine-3-7,22,level,W1,38,0,R_fault,0.05876,0.05745,2.87415,2.97254,2.52732,2.5737,1.25688,1.32152,25.0949,57.46419,16.69753,0.0,0.0,0.0,30.0,0.0,0.05688,3.04706,2.64252,1.36342,0.94325,0.9669,0.97554,0.98198,0.95109,0.43671,0.29057,,0.0,0.0013,0.00187,0.00057
relu,machine-3-7,22,level,W1,38,0,R_fault_rec,0.07454,0.07454,1.9095,1.9095,1.87043,1.87043,0.70128,0.70128,0.0,57.46419,91.22241,0.0,0.0,0.0,38.0,0.0,0.05688,3.04706,2.64252,1.36342,0.62667,1.0,0.62667,1.0,1.0,0.0,1.58747,,0.0,0.0,0.01766,0.01766
relu,machine-3-7,22,level,W1,38,64,R0,0.05176,0.05005,1.84356,3.62383,1.21893,2.80019,1.33621,1.80215,20.90048,20.90048,0.0,0.0,0.0,0.0,0.0,0.0,0.05005,3.62383,2.80019,1.80215,0.50873,0.50873,1.0,0.4353,0.74145,1.0,0.0,,0.0,0.00171,0.00171,0.0
relu,machine-3-7,22,level,W1,38,64,R_all,0.05119,0.05119,3.56882,3.56882,2.723,2.723,1.75527,1.75527,0.0,20.90048,7.70702,0.0,0.0,0.0,38.0,0.0,0.05005,3.62383,2.80019,1.80215,0.98482,1.0,0.98482,1.0,1.0,0.0,0.36875,,0.0,0.0,0.00114,0.00114
relu,machine-3-7,22,level,W1,38,64,R_fault,0.05119,0.05078,3.81647,3.57484,2.77086,2.73726,1.78754,1.76399,5.95054,20.90048,6.57874,0.0,0.0,0.0,30.0,0.0,0.05005,3.62383,2.80019,1.80215,1.05316,1.06759,0.98648,1.01228,1.01335,0.28471,0.31476,,0.0,0.00041,0.00114,0.00073
relu,machine-3-7,22,level,W1,38,64,R_fault_rec,0.05119,0.05119,3.56882,3.56882,2.723,2.723,1.75527,1.75527,0.0,20.90048,7.70702,0.0,0.0,0.0,38.0,0.0,0.05005,3.62383,2.80019,1.80215,0.98482,1.0,0.98482,1.0,1.0,0.0,0.36875,,0.0,0.0,0.00114,0.00114
relu,machine-3-7,22,level,W1,46,0,R0,0.05737,0.05648,0.68115,3.10377,0.85447,2.68125,0.58787,1.40568,35.78553,35.78553,0.0,0.0,0.0,0.0,0.0,0.0,0.05648,3.10377,2.68125,1.40568,0.21946,0.21946,1.0,0.31868,0.41821,1.0,0.0,,0.0,0.0009,0.0009,0.0
relu,machine-3-7,22,level,W1,46,0,R_all,0.07454,0.07454,1.9095,1.9095,1.87043,1.87043,0.70128,0.70128,0.0,35.78553,94.48764,0.0,0.0,0.0,46.0,0.0,0.05648,3.10377,2.68125,1.40568,0.61522,1.0,0.61522,1.0,1.0,0.0,2.64039,,0.0,0.0,0.01807,0.01807
relu,machine-3-7,22,level,W1,46,0,R_fault,0.05697,0.0568,3.05987,3.02782,2.60095,2.5876,1.4009,1.36012,12.58169,35.78553,12.40337,0.0,0.0,0.0,30.0,0.0,0.05648,3.10377,2.68125,1.40568,0.98586,1.01059,0.97553,1.00516,1.02999,0.35159,0.3466,,0.0,0.00016,0.00049,0.00033
relu,machine-3-7,22,level,W1,46,0,R_fault_rec,0.05672,0.05672,3.01545,3.01545,2.54613,2.54613,1.35995,1.35995,0.0,35.78553,19.90686,0.0,0.0,0.0,38.0,0.0,0.05648,3.10377,2.68125,1.40568,0.97154,1.0,0.97154,1.0,1.0,0.0,0.55628,,0.0,0.0,0.00024,0.00024
relu,machine-3-7,22,level,W1,46,64,R0,0.04663,0.04492,2.02574,3.74796,1.25059,2.82142,1.44153,1.87074,20.24644,20.24644,0.0,0.0,0.0,0.0,0.0,0.0,0.04492,3.74796,2.82142,1.87074,0.54049,0.54049,1.0,0.44325,0.77057,1.0,0.0,,0.0,0.00171,0.00171,0.0
relu,machine-3-7,22,level,W1,46,64,R_all,0.04614,0.04614,3.68008,3.68008,2.71233,2.71233,1.81288,1.81288,0.0,20.24644,8.63064,0.0,0.0,0.0,46.0,0.0,0.04492,3.74796,2.82142,1.87074,0.98189,1.0,0.98189,1.0,1.0,0.0,0.42628,,0.0,0.0,0.00122,0.00122
relu,machine-3-7,22,level,W1,46,64,R_fault,0.04606,0.04565,3.95785,3.70293,2.77973,2.7593,1.85855,1.8334,5.72092,20.24644,6.44061,0.0,0.0,0.0,30.0,0.0,0.04492,3.74796,2.82142,1.87074,1.056,1.06884,0.98799,1.0074,1.01372,0.28256,0.31811,,0.0,0.00041,0.00114,0.00073
relu,machine-3-7,22,level,W1,46,64,R_fault_rec,0.04606,0.04606,3.69981,3.69981,2.74071,2.74071,1.83018,1.83018,0.0,20.24644,7.52961,0.0,0.0,0.0,38.0,0.0,0.04492,3.74796,2.82142,1.87074,0.98715,1.0,0.98715,1.0,1.0,0.0,0.3719,,0.0,0.0,0.00114,0.00114
relu,machine-3-7,22,level,W2_f0995,30,0,R0,0.11222,0.10734,1.19159,2.09516,1.11643,1.92714,0.24605,0.84357,23.3135,23.3135,0.0,4219.77111,4219.77111,0.0,0.0,0.0,0.10734,2.09516,1.92714,0.84357,0.56873,0.56873,1.0,0.57932,0.29167,1.0,0.0,1.0,0.0,0.00488,0.00488,0.0
relu,machine-3-7,22,level,W2_f0995,30,0,R_all,0.15706,0.15706,1.8055,1.8055,1.71895,1.71895,0.71333,0.71333,0.0,23.3135,33.82894,0.0,4219.77111,0.0,30.0,0.0,0.10734,2.09516,1.92714,0.84357,0.86175,1.0,0.86175,1.0,1.0,0.0,1.45105,0.0,0.0,0.0,0.04972,0.04972
relu,machine-3-7,22,level,W2_f0995,30,0,R_fault,0.15706,0.15706,1.8055,1.8055,1.71895,1.71895,0.71333,0.71333,0.0,23.3135,33.82894,0.0,4219.77111,0.0,30.0,0.0,0.10734,2.09516,1.92714,0.84357,0.86175,1.0,0.86175,1.0,1.0,0.0,1.45105,0.0,0.0,0.0,0.04972,0.04972
relu,machine-3-7,22,level,W2_f0995,30,0,R_fault_rec,0.15706,0.15706,1.8055,1.8055,1.71895,1.71895,0.71333,0.71333,0.0,23.3135,33.82894,0.0,4219.77111,0.0,30.0,0.0,0.10734,2.09516,1.92714,0.84357,0.86175,1.0,0.86175,1.0,1.0,0.0,1.45105,0.0,0.0,0.0,0.04972,0.04972
relu,machine-3-7,22,level,W2_f0995,30,64,R0,0.07601,0.07145,2.02722,2.65117,1.74727,2.30494,0.67379,1.12372,15.24882,15.24882,0.0,3217.83629,3217.83629,0.0,0.0,0.0,0.07145,2.65117,2.30494,1.12372,0.76465,0.76465,1.0,0.75806,0.5996,1.0,0.0,1.0,0.0,0.00456,0.00456,0.0
relu,machine-3-7,22,level,W2_f0995,30,64,R_all,0.07674,0.07642,2.49393,2.50683,2.20283,2.21187,1.03428,1.04353,0.34862,15.24882,14.1029,340.01278,3217.83629,6.501,30.0,0.0,0.07145,2.65117,2.30494,1.12372,0.94069,0.99485,0.94556,0.99591,0.99114,0.02286,0.92485,0.10567,0.42633,0.00033,0.00529,0.00496
relu,machine-3-7,22,level,W2_f0995,30,64,R_fault,0.07674,0.07642,2.49393,2.50683,2.20283,2.21187,1.03428,1.04353,0.34862,15.24882,14.1029,340.01278,3217.83629,6.501,30.0,0.0,0.07145,2.65117,2.30494,1.12372,0.94069,0.99485,0.94556,0.99591,0.99114,0.02286,0.92485,0.10567,0.42633,0.00033,0.00529,0.00496
relu,machine-3-7,22,level,W2_f0995,30,64,R_fault_rec,0.07853,0.07853,2.4541,2.4541,2.17671,2.17671,1.01553,1.01553,0.0,15.24882,18.91961,0.0,3217.83629,7.92851,38.0,0.0,0.07145,2.65117,2.30494,1.12372,0.92567,1.0,0.92567,1.0,1.0,0.0,1.24073,0.0,0.51994,0.0,0.00708,0.00708
relu,machine-3-7,22,level,W2_f0995,38,0,R0,0.10221,0.09497,1.28537,2.16992,1.18953,1.98089,0.28639,0.87879,22.18461,22.18461,0.0,4260.60647,4260.60647,0.0,0.0,0.0,0.09497,2.16992,1.98089,0.87879,0.59236,0.59236,1.0,0.6005,0.3259,1.0,0.0,1.0,0.0,0.00724,0.00724,0.0
relu,machine-3-7,22,level,W2_f0995,38,0,R_all,0.15706,0.15706,1.8055,1.8055,1.71895,1.71895,0.71333,0.71333,0.0,22.18461,41.60126,0.0,4260.60647,0.0,38.0,0.0,0.09497,2.16992,1.98089,0.87879,0.83206,1.0,0.83206,1.0,1.0,0.0,1.87523,0.0,0.0,0.0,0.06209,0.06209
relu,machine-3-7,22,level,W2_f0995,38,0,R_fault,0.13468,0.13436,1.85538,1.90145,1.75233,1.78726,0.72416,0.75513,0.78805,22.18461,30.00441,450.19712,4260.60647,1.48895,30.0,0.0,0.09497,2.16992,1.98089,0.87879,0.85505,0.97577,0.87628,0.98046,0.959,0.03552,1.35249,0.10567,0.06712,0.00033,0.03971,0.03939
relu,machine-3-7,22,level,W2_f0995,38,0,R_fault_rec,0.15706,0.15706,1.8055,1.8055,1.71895,1.71895,0.71333,0.71333,0.0,22.18461,41.60126,0.0,4260.60647,0.0,38.0,0.0,0.09497,2.16992,1.98089,0.87879,0.83206,1.0,0.83206,1.0,1.0,0.0,1.87523,0.0,0.0,0.0,0.06209,0.06209
relu,machine-3-7,22,level,W2_f0995,38,64,R0,0.07707,0.07178,2.11844,2.71334,1.80967,2.34082,0.7241,1.15779,14.4823,14.4823,0.0,3091.35293,3091.35293,0.0,0.0,0.0,0.07178,2.71334,2.34082,1.15779,0.78075,0.78075,1.0,0.77309,0.62541,1.0,0.0,1.0,0.0,0.00529,0.00529,0.0
relu,machine-3-7,22,level,W2_f0995,38,64,R_all,0.07853,0.07853,2.53549,2.53549,2.22861,2.22861,1.05737,1.05737,0.0,14.4823,17.1344,0.0,3091.35293,8.31466,38.0,0.0,0.07178,2.71334,2.34082,1.15779,0.93445,1.0,0.93445,1.0,1.0,0.0,1.18313,0.0,0.57413,0.0,0.00675,0.00675
relu,machine-3-7,22,level,W2_f0995,38,64,R_fault,0.07609,0.07601,2.57266,2.58336,2.25245,2.25962,1.07579,1.08354,0.31403,14.4823,12.82169,326.64791,3091.35293,6.73612,30.0,0.0,0.07178,2.71334,2.34082,1.15779,0.94815,0.99586,0.95209,0.99683,0.99285,0.02168,0.88533,0.10567,0.46513,8e-05,0.00431,0.00423
relu,machine-3-7,22,level,W2_f0995,38,64,R_fault_rec,0.07853,0.07853,2.53549,2.53549,2.22861,2.22861,1.05737,1.05737,0.0,14.4823,17.1344,0.0,3091.35293,8.31466,38.0,0.0,0.07178,2.71334,2.34082,1.15779,0.93445,1.0,0.93445,1.0,1.0,0.0,1.18313,0.0,0.57413,0.0,0.00675,0.00675
relu,machine-3-7,22,level,W2_f0995,46,0,R0,0.09521,0.08927,1.4033,2.24321,1.28027,2.03274,0.34625,0.91414,20.99783,20.99783,0.0,4093.135,4093.135,0.0,0.0,0.0,0.08927,2.24321,2.03274,0.91414,0.62558,0.62558,1.0,0.62983,0.37877,1.0,0.0,1.0,0.0,0.00594,0.00594,0.0
relu,machine-3-7,22,level,W2_f0995,46,0,R_all,0.15706,0.15706,1.8055,1.8055,1.71895,1.71895,0.71333,0.71333,0.0,20.99783,48.87944,0.0,4093.135,0.0,46.0,0.0,0.08927,2.24321,2.03274,0.91414,0.80488,1.0,0.80488,1.0,1.0,0.0,2.32783,0.0,0.0,0.0,0.06779,0.06779
relu,machine-3-7,22,level,W2_f0995,46,0,R_fault,0.11759,0.11727,1.95656,1.99494,1.82468,1.85397,0.77096,0.79698,0.69515,20.99783,26.72729,432.50124,4093.135,2.7336,30.0,0.0,0.08927,2.24321,2.03274,0.91414,0.87221,0.98076,0.88932,0.9842,0.96736,0.03311,1.27286,0.10567,0.13018,0.00033,0.02832,0.02799
relu,machine-3-7,22,level,W2_f0995,46,0,R_fault_rec,0.13314,0.13314,1.90647,1.90647,1.79031,1.79031,0.75745,0.75745,0.0,20.99783,36.84423,0.0,4093.135,1.9835,38.0,0.0,0.08927,2.24321,2.03274,0.91414,0.84989,1.0,0.84989,1.0,1.0,0.0,1.75467,0.0,0.09446,0.0,0.04386,0.04386
relu,machine-3-7,22,level,W2_f0995,46,64,R0,0.07902,0.07194,2.20649,2.77368,1.86636,2.37236,0.77343,1.19129,13.75799,13.75799,0.0,2969.84126,2969.84126,0.0,0.0,0.0,0.07194,2.77368,2.37236,1.19129,0.79551,0.79551,1.0,0.78671,0.64924,1.0,0.0,1.0,0.0,0.00708,0.00708,0.0
relu,machine-3-7,22,level,W2_f0995,46,64,R_all,0.0791,0.0791,2.56483,2.56483,2.24385,2.24385,1.07155,1.07155,0.0,13.75799,19.88975,0.0,2969.84126,10.15101,46.0,0.0,0.07194,2.77368,2.37236,1.19129,0.9247,1.0,0.9247,1.0,1.0,0.0,1.44569,0.0,0.73783,0.0,0.00716,0.00716
relu,machine-3-7,22,level,W2_f0995,46,64,R_fault,0.07666,0.07642,2.64847,2.65728,2.29651,2.30209,1.11652,1.12297,0.28415,13.75799,11.70442,313.80837,2969.84126,6.90164,30.0,0.0,0.07194,2.77368,2.37236,1.19129,0.95486,0.99668,0.95804,0.99758,0.99425,0.02065,0.85074,0.10567,0.50165,0.00024,0.00472,0.00448
relu,machine-3-7,22,level,W2_f0995,46,64,R_fault_rec,0.07764,0.07764,2.61405,2.61405,2.27494,2.27494,1.09865,1.09865,0.0,13.75799,15.5821,0.0,2969.84126,8.59711,38.0,0.0,0.07194,2.77368,2.37236,1.19129,0.94245,1.0,0.94245,1.0,1.0,0.0,1.13259,0.0,0.62488,0.0,0.0057,0.0057
relu,machine-3-7,22,level,W3_b01,30,0,R0,0.06323,0.03947,-2.27819,3.46877,-1.74052,3.00329,-2.00908,1.62663,104.04614,104.04614,0.0,149.99426,149.99426,0.0,0.0,30.0,0.03947,3.46877,3.00329,1.62663,-0.65677,-0.65677,1.0,-0.57954,-1.23512,1.0,0.0,1.0,0.0,0.02376,0.02376,0.0
relu,machine-3-7,22,level,W3_b01,30,0,R_all,0.08602,0.08602,1.83923,1.83923,1.80395,1.80395,0.68125,0.68125,0.0,104.04614,134.33111,0.0,149.99426,0.0,30.0,0.0,0.03947,3.46877,3.00329,1.62663,0.53023,1.0,0.53023,1.0,1.0,0.0,1.29107,0.0,0.0,0.0,0.04655,0.04655
relu,machine-3-7,22,level,W3_b01,30,0,R_fault,0.08602,0.08602,1.83923,1.83923,1.80395,1.80395,0.68125,0.68125,0.0,104.04614,134.33111,0.0,149.99426,0.0,30.0,0.0,0.03947,3.46877,3.00329,1.62663,0.53023,1.0,0.53023,1.0,1.0,0.0,1.29107,0.0,0.0,0.0,0.04655,0.04655
relu,machine-3-7,22,level,W3_b01,30,0,R_fault_rec,0.08602,0.08602,1.83923,1.83923,1.80395,1.80395,0.68125,0.68125,0.0,104.04614,134.33111,0.0,149.99426,0.0,30.0,0.0,0.03947,3.46877,3.00329,1.62663,0.53023,1.0,0.53023,1.0,1.0,0.0,1.29107,0.0,0.0,0.0,0.04655,0.04655
relu,machine-3-7,22,level,W3_b01,30,64,R0,0.03711,0.03678,3.54176,3.80905,2.91531,3.10475,1.72088,1.84845,8.53785,8.53785,0.0,66.51641,66.51641,0.0,0.0,94.0,0.03678,3.80905,3.10475,1.84845,0.92983,0.92983,1.0,0.93898,0.93098,1.0,0.0,1.0,0.0,0.00033,0.00033,0.0
relu,machine-3-7,22,level,W3_b01,30,64,R_all,0.03711,0.03711,3.79666,3.81231,3.12886,3.11387,1.85265,1.85132,4.19186,8.53785,3.28001,33.8232,66.51641,0.0,30.0,64.0,0.03678,3.80905,3.10475,1.84845,0.99675,0.99589,1.00086,1.00481,1.00072,0.49097,0.38417,0.50849,0.0,0.0,0.00033,0.00033
relu,machine-3-7,22,level,W3_b01,30,64,R_fault,0.03711,0.03711,3.79666,3.81231,3.12886,3.11387,1.85265,1.85132,4.19186,8.53785,3.28001,33.8232,66.51641,0.0,30.0,64.0,0.03678,3.80905,3.10475,1.84845,0.99675,0.99589,1.00086,1.00481,1.00072,0.49097,0.38417,0.50849,0.0,0.0,0.00033,0.00033
relu,machine-3-7,22,level,W3_b01,30,64,R_fault_rec,0.03727,0.03727,3.81316,3.81316,3.11695,3.11695,1.85198,1.85198,0.0,8.53785,4.32577,0.0,66.51641,0.0,38.0,56.0,0.03678,3.80905,3.10475,1.84845,1.00108,1.0,1.00108,1.0,1.0,0.0,0.50666,0.0,0.0,0.0,0.00049,0.00049
relu,machine-3-7,22,level,W3_b01,38,0,R0,0.04533,0.03923,0.79885,3.52144,0.75232,3.02653,-0.52936,1.66486,51.99918,51.99918,0.0,93.33397,93.33397,0.0,0.0,38.0,0.03923,3.52144,3.02653,1.66486,0.22685,0.22685,1.0,0.24858,-0.31796,1.0,0.0,1.0,0.0,0.0061,0.0061,0.0
relu,machine-3-7,22,level,W3_b01,38,0,R_all,0.08602,0.08602,1.83923,1.83923,1.80395,1.80395,0.68125,0.68125,0.0,51.99918,137.84692,0.0,93.33397,0.0,38.0,0.0,0.03923,3.52144,3.02653,1.66486,0.5223,1.0,0.5223,1.0,1.0,0.0,2.65094,0.0,0.0,0.0,0.04679,0.04679
relu,machine-3-7,22,level,W3_b01,38,0,R_fault,0.05355,0.04761,2.68183,2.97094,2.42255,2.65733,1.05517,1.27952,10.23209,51.99918,58.98425,36.0351,93.33397,0.0,30.0,8.0,0.03923,3.52144,3.02653,1.66486,0.76157,0.90269,0.84367,0.91165,0.82466,0.19677,1.13433,0.38609,0.0,0.00594,0.01432,0.00838
relu,machine-3-7,22,level,W3_b01,38,0,R_fault_rec,0.08602,0.08602,1.83923,1.83923,1.80395,1.80395,0.68125,0.68125,0.0,51.99918,137.84692,0.0,93.33397,0.0,38.0,0.0,0.03923,3.52144,3.02653,1.66486,0.5223,1.0,0.5223,1.0,1.0,0.0,2.65094,0.0,0.0,0.0,0.04679,0.04679
relu,machine-3-7,22,level,W3_b01,38,64,R0,0.03548,0.03524,3.63221,3.89836,2.90117,3.07921,1.78212,1.90881,8.28771,8.28771,0.0,66.46549,66.46549,0.0,0.0,102.0,0.03524,3.89836,3.07921,1.90881,0.93173,0.93173,1.0,0.94218,0.93363,1.0,0.0,1.0,0.0,0.00024,0.00024,0.0
relu,machine-3-7,22,level,W3_b01,38,64,R_all,0.03564,0.03564,3.90105,3.90105,3.09098,3.09098,1.91132,1.91132,0.0,8.28771,4.14483,0.0,66.46549,0.0,38.0,64.0,0.03524,3.89836,3.07921,1.90881,1.00069,1.0,1.00069,1.0,1.0,0.0,0.50012,0.0,0.0,0.0,0.00041,0.00041
relu,machine-3-7,22,level,W3_b01,38,64,R_fault,0.03564,0.03556,3.88607,3.90112,3.10661,3.08803,1.91339,1.9113,4.05699,8.28771,3.14327,33.79785,66.46549,0.0,30.0,72.0,0.03524,3.89836,3.07921,1.90881,0.99685,0.99614,1.00071,1.00602,1.00109,0.48952,0.37927,0.5085,0.0,8e-05,0.00041,0.00033
relu,machine-3-7,22,level,W3_b01,38,64,R_fault_rec,0.03564,0.03564,3.90105,3.90105,3.09098,3.09098,1.91132,1.91132,0.0,8.28771,4.14483,0.0,66.46549,0.0,38.0,64.0,0.03524,3.89836,3.07921,1.90881,1.00069,1.0,1.00069,1.0,1.0,0.0,0.50012,0.0,0.0,0.0,0.00041,0.00041
relu,machine-3-7,22,level,W3_b01,46,0,R0,0.04126,0.03898,2.35476,3.56386,2.01896,3.03958,0.72244,1.69203,25.44579,25.44579,0.0,72.77837,72.77837,0.0,0.0,46.0,0.03898,3.56386,3.03958,1.69203,0.66073,0.66073,1.0,0.66422,0.42697,1.0,0.0,1.0,0.0,0.00228,0.00228,0.0
relu,machine-3-7,22,level,W3_b01,46,0,R_all,0.08602,0.08602,1.83923,1.83923,1.80395,1.80395,0.68125,0.68125,0.0,25.44579,139.22447,0.0,72.77837,0.0,46.0,0.0,0.03898,3.56386,3.03958,1.69203,0.51608,1.0,0.51608,1.0,1.0,0.0,5.47141,0.0,0.0,0.0,0.04704,0.04704
relu,machine-3-7,22,level,W3_b01,46,0,R_fault,0.04264,0.04191,3.33591,3.46675,2.8852,2.978,1.50128,1.60733,6.48003,25.44579,25.51872,34.3552,72.77837,0.0,30.0,16.0,0.03898,3.56386,3.03958,1.69203,0.93604,0.96226,0.97275,0.96884,0.93402,0.25466,1.00287,0.47205,0.0,0.00073,0.00366,0.00293
relu,machine-3-7,22,level,W3_b01,46,0,R_fault_rec,0.04744,0.04744,2.98262,2.98262,2.66113,2.66113,1.28527,1.28527,0.0,25.44579,60.59829,0.0,72.77837,0.0,38.0,8.0,0.03898,3.56386,3.03958,1.69203,0.83691,1.0,0.83691,1.0,1.0,0.0,2.38147,0.0,0.0,0.0,0.00846,0.00846
relu,machine-3-7,22,level,W3_b01,46,64,R0,0.03198,0.03149,3.69753,3.97238,2.82963,2.99858,1.82258,1.95801,8.19471,8.19471,0.0,66.41065,66.41065,0.0,0.0,110.0,0.03149,3.97238,2.99858,1.95801,0.93081,0.93081,1.0,0.94365,0.93084,1.0,0.0,1.0,0.0,0.00049,0.00049,0.0
relu,machine-3-7,22,level,W3_b01,46,64,R_all,0.03158,0.03158,3.97347,3.97347,3.01179,3.01179,1.95951,1.95951,0.0,8.19471,4.83292,0.0,66.41065,0.0,46.0,64.0,0.03149,3.97238,2.99858,1.95801,1.00028,1.0,1.00028,1.0,1.0,0.0,0.58976,0.0,0.0,0.0,8e-05,8e-05
relu,machine-3-7,22,level,W3_b01,46,64,R_fault,0.03198,0.03158,3.95621,3.97416,3.02777,3.00686,1.95894,1.95972,4.00849,8.19471,2.99806,33.77295,66.41065,0.0,30.0,80.0,0.03149,3.97238,2.99858,1.95801,0.99593,0.99548,1.00045,1.00695,0.9996,0.48916,0.36585,0.50855,0.0,0.00041,0.00049,8e-05
relu,machine-3-7,22,level,W3_b01,46,64,R_fault_rec,0.03158,0.03158,3.97438,3.97438,3.01011,3.01011,1.95993,1.95993,0.0,8.19471,3.95286,0.0,66.41065,0.0,38.0,72.0,0.03149,3.97238,2.99858,1.95801,1.0005,1.0,1.0005,1.0,1.0,0.0,0.48237,0.0,0.0,0.0,8e-05,8e-05
relu,machine-3-7,22,level,W3_b05,30,0,R0,0.0734,0.04793,-3.28216,3.66184,-2.69054,3.08458,-2.59629,1.67122,144.5723,144.5723,0.0,199.09226,199.09226,0.0,0.0,30.0,0.04793,3.66184,3.08458,1.67122,-0.89631,-0.89631,1.0,-0.87226,-1.55353,1.0,0.0,1.0,0.0,0.02547,0.02547,0.0
relu,machine-3-7,22,level,W3_b05,30,0,R_all,0.14762,0.14762,1.77225,1.77225,1.84633,1.84633,0.66465,0.66465,0.0,144.5723,207.9726,0.0,199.09226,0.0,30.0,0.0,0.04793,3.66184,3.08458,1.67122,0.48398,1.0,0.48398,1.0,1.0,0.0,1.43854,0.0,0.0,0.0,0.09969,0.09969
relu,machine-3-7,22,level,W3_b05,30,0,R_fault,0.14762,0.14762,1.77225,1.77225,1.84633,1.84633,0.66465,0.66465,0.0,144.5723,207.9726,0.0,199.09226,0.0,30.0,0.0,0.04793,3.66184,3.08458,1.67122,0.48398,1.0,0.48398,1.0,1.0,0.0,1.43854,0.0,0.0,0.0,0.09969,0.09969
relu,machine-3-7,22,level,W3_b05,30,0,R_fault_rec,0.14762,0.14762,1.77225,1.77225,1.84633,1.84633,0.66465,0.66465,0.0,144.5723,207.9726,0.0,199.09226,0.0,30.0,0.0,0.04793,3.66184,3.08458,1.67122,0.48398,1.0,0.48398,1.0,1.0,0.0,1.43854,0.0,0.0,0.0,0.09969,0.09969
relu,machine-3-7,22,level,W3_b05,30,64,R0,0.04183,0.04289,4.4471,4.06379,3.33599,2.98806,2.19389,1.96278,9.60585,9.60585,0.0,85.02056,85.02056,0.0,0.0,94.0,0.04289,4.06379,2.98806,1.96278,1.09432,1.09432,1.0,1.11644,1.11775,1.0,0.0,1.0,0.0,-0.00106,-0.00106,0.0
relu,machine-3-7,22,level,W3_b05,30,64,R_all,0.0424,0.04305,3.94224,4.05299,3.01495,2.98924,1.92754,1.95531,15.16779,9.60585,5.18084,117.31002,85.02056,0.0,30.0,64.0,0.04289,4.06379,2.98806,1.96278,0.97009,0.97267,0.99734,1.0086,0.9858,1.57902,0.53934,1.37978,0.0,-0.00065,-0.00049,0.00016
relu,machine-3-7,22,level,W3_b05,30,64,R_fault,0.0424,0.04305,3.94224,4.05299,3.01495,2.98924,1.92754,1.95531,15.16779,9.60585,5.18084,117.31002,85.02056,0.0,30.0,64.0,0.04289,4.06379,2.98806,1.96278,0.97009,0.97267,0.99734,1.0086,0.9858,1.57902,0.53934,1.37978,0.0,-0.00065,-0.00049,0.00016
relu,machine-3-7,22,level,W3_b05,30,64,R_fault_rec,0.04297,0.04297,4.0573,4.0573,3.00089,3.00089,1.95869,1.95869,0.0,9.60585,7.16836,0.0,85.02056,0.0,38.0,56.0,0.04289,4.06379,2.98806,1.96278,0.9984,1.0,0.9984,1.0,1.0,0.0,0.74625,0.0,0.0,0.0,8e-05,8e-05
relu,machine-3-7,22,level,W3_b05,38,0,R0,0.04549,0.04574,3.62702,3.79925,2.98242,3.14067,1.55269,1.77398,30.25833,30.25833,0.0,93.28623,93.28623,0.0,0.0,38.0,0.04574,3.79925,3.14067,1.77398,0.95467,0.95467,1.0,0.94961,0.87525,1.0,0.0,1.0,0.0,-0.00024,-0.00024,0.0
relu,machine-3-7,22,level,W3_b05,38,0,R_all,0.14762,0.14762,1.77225,1.77225,1.84633,1.84633,0.66465,0.66465,0.0,30.25833,207.71897,0.0,93.28623,0.0,38.0,0.0,0.04574,3.79925,3.14067,1.77398,0.46647,1.0,0.46647,1.0,1.0,0.0,6.86485,0.0,0.0,0.0,0.10189,0.10189
relu,machine-3-7,22,level,W3_b05,38,0,R_fault,0.04598,0.04631,3.47388,3.79213,2.9556,3.14979,1.57052,1.76919,31.61593,30.25833,6.77563,123.5299,93.28623,0.0,30.0,8.0,0.04574,3.79925,3.14067,1.77398,0.91436,0.91608,0.99813,0.93835,0.88771,1.04487,0.22393,1.3242,0.0,-0.00033,0.00024,0.00057
relu,machine-3-7,22,level,W3_b05,38,0,R_fault_rec,0.14762,0.14762,1.77225,1.77225,1.84633,1.84633,0.66465,0.66465,0.0,30.25833,207.71897,0.0,93.28623,0.0,38.0,0.0,0.04574,3.79925,3.14067,1.77398,0.46647,1.0,0.46647,1.0,1.0,0.0,6.86485,0.0,0.0,0.0,0.10189,0.10189
relu,machine-3-7,22,level,W3_b05,38,64,R0,0.04036,0.04069,4.84207,4.4519,3.42203,3.07386,2.42338,2.18367,9.29106,9.29106,0.0,84.74052,84.74052,0.0,0.0,102.0,0.04069,4.4519,3.07386,2.18367,1.08764,1.08764,1.0,1.11327,1.10977,1.0,0.0,1.0,0.0,-0.00033,-0.00033,0.0
relu,machine-3-7,22,level,W3_b05,38,64,R_all,0.04061,0.04061,4.4454,4.4454,3.08839,3.08839,2.17924,2.17924,0.0,9.29106,6.87254,0.0,84.74052,0.0,38.0,64.0,0.04069,4.4519,3.07386,2.18367,0.99854,1.0,0.99854,1.0,1.0,0.0,0.73969,0.0,0.0,0.0,-8e-05,-8e-05
relu,machine-3-7,22,level,W3_b05,38,64,R_fault,0.03939,0.04077,4.34766,4.44632,3.15315,3.07917,2.16301,2.17946,14.28448,9.29106,5.0001,117.01291,84.74052,0.0,30.0,72.0,0.04069,4.4519,3.07386,2.18367,0.97659,0.97781,0.99875,1.02403,0.99245,1.53744,0.53816,1.38084,0.0,-0.00138,-0.0013,8e-05
relu,machine-3-7,22,level,W3_b05,38,64,R_fault_rec,0.04061,0.04061,4.4454,4.4454,3.08839,3.08839,2.17924,2.17924,0.0,9.29106,6.87254,0.0,84.74052,0.0,38.0,64.0,0.04069,4.4519,3.07386,2.18367,0.99854,1.0,0.99854,1.0,1.0,0.0,0.73969,0.0,0.0,0.0,-8e-05,-8e-05
relu,machine-3-7,22,level,W3_b05,46,0,R0,0.04948,0.04989,4.35753,3.9382,3.5953,3.21231,2.11691,1.86155,11.05058,11.05058,0.0,86.39028,86.39028,0.0,0.0,46.0,0.04989,3.9382,3.21231,1.86155,1.10648,1.10648,1.0,1.11922,1.13718,1.0,0.0,1.0,0.0,-0.00041,-0.00041,0.0
relu,machine-3-7,22,level,W3_b05,46,0,R_all,0.14762,0.14762,1.77225,1.77225,1.84633,1.84633,0.66465,0.66465,0.0,11.05058,202.70298,0.0,86.39028,0.0,46.0,0.0,0.04989,3.9382,3.21231,1.86155,0.45001,1.0,0.45001,1.0,1.0,0.0,18.3432,0.0,0.0,0.0,0.09774,0.09774
relu,machine-3-7,22,level,W3_b05,46,0,R_fault,0.0494,0.05013,3.85409,3.92736,3.25924,3.21399,1.85586,1.8551,16.4999,11.05058,6.74004,118.95883,86.39028,0.0,30.0,16.0,0.04989,3.9382,3.21231,1.86155,0.97864,0.98134,0.99725,1.01408,1.00041,1.49313,0.60993,1.37699,0.0,-0.00073,-0.00049,0.00024
relu,machine-3-7,22,level,W3_b05,46,0,R_fault_rec,0.05046,0.05046,3.92618,3.92618,3.22416,3.22416,1.85363,1.85363,0.0,11.05058,9.21496,0.0,86.39028,0.0,38.0,8.0,0.04989,3.9382,3.21231,1.86155,0.99695,1.0,0.99695,1.0,1.0,0.0,0.83389,0.0,0.0,0.0,0.00057,0.00057
relu,machine-3-7,22,level,W3_b05,46,64,R0,0.04053,0.04134,4.9087,4.5257,3.29277,2.95639,2.48796,2.25392,8.99402,8.99402,0.0,84.52882,84.52882,0.0,0.0,110.0,0.04134,4.5257,2.95639,2.25392,1.08463,1.08463,1.0,1.11378,1.10384,1.0,0.0,1.0,0.0,-0.00081,-0.00081,0.0
relu,machine-3-7,22,level,W3_b05,46,64,R_all,0.04069,0.04069,4.51671,4.51671,2.97061,2.97061,2.24664,2.24664,0.0,8.99402,7.27655,0.0,84.52882,0.0,46.0,64.0,0.04134,4.5257,2.95639,2.25392,0.99801,1.0,0.99801,1.0,1.0,0.0,0.80904,0.0,0.0,0.0,-0.00065,-0.00065
relu,machine-3-7,22,level,W3_b05,46,64,R_fault,0.03866,0.04142,4.38934,4.51751,3.01044,2.95882,2.20673,2.24847,14.42395,8.99402,4.8381,116.72636,84.52882,0.0,30.0,80.0,0.04134,4.5257,2.95639,2.25392,0.96987,0.97163,0.99819,1.01745,0.98144,1.60373,0.53792,1.38091,0.0,-0.00277,-0.00269,8e-05
relu,machine-3-7,22,level,W3_b05,46,64,R_fault_rec,0.04134,0.04134,4.52272,4.52272,2.9733,2.9733,2.25164,2.25164,0.0,8.99402,6.52864,0.0,84.52882,0.0,38.0,72.0,0.04134,4.5257,2.95639,2.25392,0.99934,1.0,0.99934,1.0,1.0,0.0,0.72589,0.0,0.0,0.0,0.0,0.0
relu,machine-3-7,22,ramp,W1,30,0,R0,0.02743,0.02271,-0.562,3.13444,0.12849,2.65361,-0.23779,1.41124,56.21253,56.21253,0.0,0.0,0.0,0.0,0.0,0.0,0.02271,3.13444,2.65361,1.41124,-0.1793,-0.1793,1.0,0.04842,-0.1685,1.0,0.0,,0.0,0.00472,0.00472,0.0
relu,machine-3-7,22,ramp,W1,30,0,R_all,0.02515,0.02515,2.76311,2.76311,2.32744,2.32744,1.16834,1.16834,0.0,56.21253,40.29981,0.0,0.0,0.0,30.0,0.0,0.02271,3.13444,2.65361,1.41124,0.88153,1.0,0.88153,1.0,1.0,0.0,0.71692,,0.0,0.0,0.00244,0.00244
relu,machine-3-7,22,ramp,W1,30,0,R_fault,0.02515,0.02515,2.76311,2.76311,2.32744,2.32744,1.16834,1.16834,0.0,56.21253,40.29981,0.0,0.0,0.0,30.0,0.0,0.02271,3.13444,2.65361,1.41124,0.88153,1.0,0.88153,1.0,1.0,0.0,0.71692,,0.0,0.0,0.00244,0.00244
relu,machine-3-7,22,ramp,W1,30,0,R_fault_rec,0.02515,0.02515,2.76311,2.76311,2.32744,2.32744,1.16834,1.16834,0.0,56.21253,40.29981,0.0,0.0,0.0,30.0,0.0,0.02271,3.13444,2.65361,1.41124,0.88153,1.0,0.88153,1.0,1.0,0.0,0.71692,,0.0,0.0,0.00244,0.00244
relu,machine-3-7,22,ramp,W1,30,64,R0,0.02124,0.021,1.45201,3.69688,1.48888,2.80042,1.18904,1.74579,16.96696,16.96696,0.0,0.0,0.0,0.0,0.0,0.0,0.021,3.69688,2.80042,1.74579,0.39276,0.39276,1.0,0.53167,0.68109,1.0,0.0,,0.0,0.00024,0.00024,0.0
relu,machine-3-7,22,ramp,W1,30,64,R_all,0.02124,0.021,3.85077,3.69512,2.8813,2.80589,1.83683,1.74411,4.5624,16.96696,3.58538,0.0,0.0,0.0,30.0,0.0,0.021,3.69688,2.80042,1.74579,1.04162,1.04212,0.99952,1.02688,1.05316,0.2689,0.21132,,0.0,0.00024,0.00024,0.0
relu,machine-3-7,22,ramp,W1,30,64,R_fault,0.02124,0.021,3.85077,3.69512,2.8813,2.80589,1.83683,1.74411,4.5624,16.96696,3.58538,0.0,0.0,0.0,30.0,0.0,0.021,3.69688,2.80042,1.74579,1.04162,1.04212,0.99952,1.02688,1.05316,0.2689,0.21132,,0.0,0.00024,0.00024,0.0
relu,machine-3-7,22,ramp,W1,30,64,R_fault_rec,0.02124,0.02124,3.69413,3.69413,2.80312,2.80312,1.74431,1.74431,0.0,16.96696,4.71172,0.0,0.0,0.0,38.0,0.0,0.021,3.69688,2.80042,1.74579,0.99925,1.0,0.99925,1.0,1.0,0.0,0.2777,,0.0,0.0,0.00024,0.00024
relu,machine-3-7,22,ramp,W1,38,0,R0,0.02498,0.02653,-0.13808,3.17856,0.50077,2.65788,-0.04014,1.43623,49.23988,49.23988,0.0,0.0,0.0,0.0,0.0,0.0,0.02653,3.17856,2.65788,1.43623,-0.04344,-0.04344,1.0,0.18841,-0.02795,1.0,0.0,,0.0,-0.00155,-0.00155,0.0
relu,machine-3-7,22,ramp,W1,38,0,R_all,0.02515,0.02515,2.76311,2.76311,2.32744,2.32744,1.16834,1.16834,0.0,49.23988,42.45143,0.0,0.0,0.0,38.0,0.0,0.02653,3.17856,2.65788,1.43623,0.8693,1.0,0.8693,1.0,1.0,0.0,0.86214,,0.0,0.0,-0.00138,-0.00138
relu,machine-3-7,22,ramp,W1,38,0,R_fault,0.02523,0.0262,2.81691,3.17731,2.30103,2.65223,1.07406,1.43222,23.21925,49.23988,17.68034,0.0,0.0,0.0,30.0,0.0,0.02653,3.17856,2.65788,1.43623,0.88622,0.88657,0.99961,0.86758,0.74993,0.47155,0.35907,,0.0,-0.00098,-0.0013,-0.00033
relu,machine-3-7,22,ramp,W1,38,0,R_fault_rec,0.02515,0.02515,2.76311,2.76311,2.32744,2.32744,1.16834,1.16834,0.0,49.23988,42.45143,0.0,0.0,0.0,38.0,0.0,0.02653,3.17856,2.65788,1.43623,0.8693,1.0,0.8693,1.0,1.0,0.0,0.86214,,0.0,0.0,-0.00138,-0.00138
relu,machine-3-7,22,ramp,W1,38,64,R0,0.01986,0.01978,1.56954,3.73647,1.57085,2.83163,1.26255,1.78606,16.06984,16.06984,0.0,0.0,0.0,0.0,0.0,0.0,0.01978,3.73647,2.83163,1.78606,0.42006,0.42006,1.0,0.55475,0.70689,1.0,0.0,,0.0,8e-05,8e-05,0.0
relu,machine-3-7,22,ramp,W1,38,64,R_all,0.01986,0.01986,3.74243,3.74243,2.83173,2.83173,1.78799,1.78799,0.0,16.06984,3.96399,0.0,0.0,0.0,38.0,0.0,0.01978,3.73647,2.83163,1.78606,1.0016,1.0,1.0016,1.0,1.0,0.0,0.24667,,0.0,0.0,8e-05,8e-05
relu,machine-3-7,22,ramp,W1,38,64,R_fault,0.01986,0.01969,3.9494,3.74417,2.93182,2.83536,1.883,1.78967,4.28402,16.06984,3.04433,0.0,0.0,0.0,30.0,0.0,0.01978,3.73647,2.83163,1.78606,1.05699,1.05481,1.00206,1.03402,1.05215,0.26659,0.18944,,0.0,0.00016,8e-05,-8e-05
relu,machine-3-7,22,ramp,W1,38,64,R_fault_rec,0.01986,0.01986,3.74243,3.74243,2.83173,2.83173,1.78799,1.78799,0.0,16.06984,3.96399,0.0,0.0,0.0,38.0,0.0,0.01978,3.73647,2.83163,1.78606,1.0016,1.0,1.0016,1.0,1.0,0.0,0.24667,,0.0,0.0,8e-05,8e-05
relu,machine-3-7,22,ramp,W1,46,0,R0,0.02401,0.02515,0.72105,3.3001,1.18314,2.6836,0.69229,1.49097,31.17185,31.17185,0.0,0.0,0.0,0.0,0.0,0.0,0.02515,3.3001,2.6836,1.49097,0.21849,0.21849,1.0,0.44088,0.46432,1.0,0.0,,0.0,-0.00114,-0.00114,0.0
relu,machine-3-7,22,ramp,W1,46,0,R_all,0.02515,0.02515,2.76311,2.76311,2.32744,2.32744,1.16834,1.16834,0.0,31.17185,44.62507,0.0,0.0,0.0,46.0,0.0,0.02515,3.3001,2.6836,1.49097,0.83728,1.0,0.83728,1.0,1.0,0.0,1.43158,,0.0,0.0,0.0,0.0
relu,machine-3-7,22,ramp,W1,46,0,R_fault,0.02409,0.02523,3.35277,3.27104,2.6655,2.68413,1.50009,1.47351,12.60857,31.17185,11.65733,0.0,0.0,0.0,30.0,0.0,0.02515,3.3001,2.6836,1.49097,1.01596,1.02499,0.99119,0.99306,1.01804,0.40449,0.37397,,0.0,-0.00114,-0.00106,8e-05
relu,machine-3-7,22,ramp,W1,46,0,R_fault_rec,0.02132,0.02132,3.24195,3.24195,2.65492,2.65492,1.43035,1.43035,0.0,31.17185,16.61239,0.0,0.0,0.0,38.0,0.0,0.02515,3.3001,2.6836,1.49097,0.98238,1.0,0.98238,1.0,1.0,0.0,0.53293,,0.0,0.0,-0.00382,-0.00382
relu,machine-3-7,22,ramp,W1,46,64,R0,0.01701,0.01685,1.65993,3.7921,1.62228,2.86812,1.33525,1.84254,15.38368,15.38368,0.0,0.0,0.0,0.0,0.0,0.0,0.01685,3.7921,2.86812,1.84254,0.43773,0.43773,1.0,0.56562,0.72468,1.0,0.0,,0.0,0.00016,0.00016,0.0
relu,machine-3-7,22,ramp,W1,46,64,R_all,0.01701,0.01701,3.7932,3.7932,2.86952,2.86952,1.84341,1.84341,0.0,15.38368,4.70336,0.0,0.0,0.0,46.0,0.0,0.01685,3.7921,2.86812,1.84254,1.00029,1.0,1.00029,1.0,1.0,0.0,0.30574,,0.0,0.0,0.00016,0.00016
relu,machine-3-7,22,ramp,W1,46,64,R_fault,0.01701,0.01685,4.02465,3.79697,2.96704,2.87164,1.91798,1.84545,3.95467,15.38368,2.67312,0.0,0.0,0.0,30.0,0.0,0.01685,3.7921,2.86812,1.84254,1.06132,1.05996,1.00128,1.03322,1.0393,0.25707,0.17376,,0.0,0.00016,0.00016,0.0
relu,machine-3-7,22,ramp,W1,46,64,R_fault_rec,0.01701,0.01701,3.79673,3.79673,2.86887,2.86887,1.84628,1.84628,0.0,15.38368,3.44714,0.0,0.0,0.0,38.0,0.0,0.01685,3.7921,2.86812,1.84254,1.00122,1.0,1.00122,1.0,1.0,0.0,0.22408,,0.0,0.0,0.00016,0.00016
relu,machine-3-7,22,ramp,W2_f0995,30,0,R0,0.13021,0.1298,1.54068,2.45607,1.33424,2.08285,0.39124,1.02025,22.02609,22.02609,0.0,3927.01116,3927.01116,0.0,0.0,0.0,0.1298,2.45607,2.08285,1.02025,0.6273,0.6273,1.0,0.64058,0.38347,1.0,0.0,1.0,0.0,0.00041,0.00041,0.0
relu,machine-3-7,22,ramp,W2_f0995,30,0,R_all,0.18408,0.18408,2.25407,2.25407,1.96297,1.96297,0.92201,0.92201,0.0,22.02609,20.63184,0.0,3927.01116,0.0,30.0,0.0,0.1298,2.45607,2.08285,1.02025,0.91776,1.0,0.91776,1.0,1.0,0.0,0.9367,0.0,0.0,0.0,0.05428,0.05428
relu,machine-3-7,22,ramp,W2_f0995,30,0,R_fault,0.18408,0.18408,2.25407,2.25407,1.96297,1.96297,0.92201,0.92201,0.0,22.02609,20.63184,0.0,3927.01116,0.0,30.0,0.0,0.1298,2.45607,2.08285,1.02025,0.91776,1.0,0.91776,1.0,1.0,0.0,0.9367,0.0,0.0,0.0,0.05428,0.05428
relu,machine-3-7,22,ramp,W2_f0995,30,0,R_fault_rec,0.18408,0.18408,2.25407,2.25407,1.96297,1.96297,0.92201,0.92201,0.0,22.02609,20.63184,0.0,3927.01116,0.0,30.0,0.0,0.1298,2.45607,2.08285,1.02025,0.91776,1.0,0.91776,1.0,1.0,0.0,0.9367,0.0,0.0,0.0,0.05428,0.05428
relu,machine-3-7,22,ramp,W2_f0995,30,64,R0,0.10807,0.10742,2.22237,2.84332,1.79642,2.30329,0.77005,1.22228,14.67673,14.67673,0.0,2944.78578,2944.78578,0.0,0.0,0.0,0.10742,2.84332,2.30329,1.22228,0.78161,0.78161,1.0,0.77994,0.63001,1.0,0.0,1.0,0.0,0.00065,0.00065,0.0
relu,machine-3-7,22,ramp,W2_f0995,30,64,R_all,0.10425,0.104,2.76503,2.77443,2.26463,2.27064,1.17521,1.18189,0.21239,14.67673,7.88195,258.48953,2944.78578,4.34889,30.0,0.0,0.10742,2.84332,2.30329,1.22228,0.97246,0.99661,0.97577,0.99735,0.99435,0.01447,0.53704,0.08778,0.29631,0.00024,-0.00317,-0.00342
relu,machine-3-7,22,ramp,W2_f0995,30,64,R_fault,0.10425,0.104,2.76503,2.77443,2.26463,2.27064,1.17521,1.18189,0.21239,14.67673,7.88195,258.48953,2944.78578,4.34889,30.0,0.0,0.10742,2.84332,2.30329,1.22228,0.97246,0.99661,0.97577,0.99735,0.99435,0.01447,0.53704,0.08778,0.29631,0.00024,-0.00317,-0.00342
relu,machine-3-7,22,ramp,W2_f0995,30,64,R_fault_rec,0.10278,0.10278,2.74186,2.74186,2.25291,2.25291,1.163,1.163,0.0,14.67673,10.74114,0.0,2944.78578,5.34324,38.0,0.0,0.10742,2.84332,2.30329,1.22228,0.96431,1.0,0.96431,1.0,1.0,0.0,0.73185,0.0,0.36406,0.0,-0.00464,-0.00464
relu,machine-3-7,22,ramp,W2_f0995,38,0,R0,0.12581,0.12549,1.62104,2.50918,1.38994,2.11493,0.43194,1.04767,20.98397,20.98397,0.0,3899.07137,3899.07137,0.0,0.0,0.0,0.12549,2.50918,2.11493,1.04767,0.64604,0.64604,1.0,0.6572,0.41228,1.0,0.0,1.0,0.0,0.00033,0.00033,0.0
relu,machine-3-7,22,ramp,W2_f0995,38,0,R_all,0.18408,0.18408,2.25407,2.25407,1.96297,1.96297,0.92201,0.92201,0.0,20.98397,25.54645,0.0,3899.07137,0.0,38.0,0.0,0.12549,2.50918,2.11493,1.04767,0.89833,1.0,0.89833,1.0,1.0,0.0,1.21743,0.0,0.0,0.0,0.05859,0.05859
relu,machine-3-7,22,ramp,W2_f0995,38,0,R_fault,0.15063,0.14827,2.29512,2.33293,1.9843,2.01176,0.93439,0.95997,0.53247,20.98397,18.16985,342.2555,3899.07137,0.95434,30.0,0.0,0.12549,2.50918,2.11493,1.04767,0.91469,0.98379,0.92976,0.98635,0.97335,0.02537,0.86589,0.08778,0.04548,0.00236,0.02515,0.02279
relu,machine-3-7,22,ramp,W2_f0995,38,0,R_fault_rec,0.18408,0.18408,2.25407,2.25407,1.96297,1.96297,0.92201,0.92201,0.0,20.98397,25.54645,0.0,3899.07137,0.0,38.0,0.0,0.12549,2.50918,2.11493,1.04767,0.89833,1.0,0.89833,1.0,1.0,0.0,1.21743,0.0,0.0,0.0,0.05859,0.05859
relu,machine-3-7,22,ramp,W2_f0995,38,64,R0,0.10588,0.10612,2.2998,2.89193,1.84704,2.32994,0.81444,1.24903,13.96464,13.96464,0.0,2829.03521,2829.03521,0.0,0.0,0.0,0.10612,2.89193,2.32994,1.24903,0.79525,0.79525,1.0,0.79274,0.65206,1.0,0.0,1.0,0.0,-0.00024,-0.00024,0.0
relu,machine-3-7,22,ramp,W2_f0995,38,64,R_all,0.09888,0.09888,2.80437,2.80437,2.28872,2.28872,1.19654,1.19654,0.0,13.96464,9.5674,0.0,2829.03521,5.64053,38.0,0.0,0.10612,2.89193,2.32994,1.24903,0.96972,1.0,0.96972,1.0,1.0,0.0,0.68512,0.0,0.40392,0.0,-0.00724,-0.00724
relu,machine-3-7,22,ramp,W2_f0995,38,64,R_fault,0.10026,0.09993,2.82547,2.83304,2.29922,2.30379,1.20815,1.21358,0.18818,13.96464,7.04552,248.32909,2829.03521,4.53883,30.0,0.0,0.10612,2.89193,2.32994,1.24903,0.97702,0.99733,0.97963,0.99802,0.99552,0.01348,0.50453,0.08778,0.32502,0.00033,-0.00586,-0.00618
relu,machine-3-7,22,ramp,W2_f0995,38,64,R_fault_rec,0.09888,0.09888,2.80437,2.80437,2.28872,2.28872,1.19654,1.19654,0.0,13.96464,9.5674,0.0,2829.03521,5.64053,38.0,0.0,0.10612,2.89193,2.32994,1.24903,0.96972,1.0,0.96972,1.0,1.0,0.0,0.68512,0.0,0.40392,0.0,-0.00724,-0.00724
relu,machine-3-7,22,ramp,W2_f0995,46,0,R0,0.11987,0.12069,1.71572,2.55677,1.45534,2.14225,0.48443,1.07126,19.90376,19.90376,0.0,3745.81075,3745.81075,0.0,0.0,0.0,0.12069,2.55677,2.14225,1.07126,0.67105,0.67105,1.0,0.67935,0.4522,1.0,0.0,1.0,0.0,-0.00081,-0.00081,0.0
relu,machine-3-7,22,ramp,W2_f0995,46,0,R_all,0.18408,0.18408,2.25407,2.25407,1.96297,1.96297,0.92201,0.92201,0.0,19.90376,30.33752,0.0,3745.81075,0.0,46.0,0.0,0.12069,2.55677,2.14225,1.07126,0.88161,1.0,0.88161,1.0,1.0,0.0,1.52421,0.0,0.0,0.0,0.0634,0.0634
relu,machine-3-7,22,ramp,W2_f0995,46,0,R_fault,0.13314,0.13208,2.37081,2.40185,2.0305,2.05299,0.97123,0.99232,0.46217,19.90376,16.0424,328.80248,3745.81075,1.76585,30.0,0.0,0.12069,2.55677,2.14225,1.07126,0.92727,0.98707,0.93941,0.98905,0.97875,0.02322,0.806,0.08778,0.08872,0.00106,0.01245,0.01139
relu,machine-3-7,22,ramp,W2_f0995,46,0,R_fault_rec,0.14795,0.14795,2.33308,2.33308,2.0108,2.0108,0.95819,0.95819,0.0,19.90376,22.41975,0.0,3745.81075,1.30995,38.0,0.0,0.12069,2.55677,2.14225,1.07126,0.91251,1.0,0.91251,1.0,1.0,0.0,1.12641,0.0,0.06581,0.0,0.02726,0.02726
relu,machine-3-7,22,ramp,W2_f0995,46,64,R0,0.10278,0.10286,2.37351,2.93874,1.89449,2.35486,0.85661,1.27463,13.29111,13.29111,0.0,2717.83445,2717.83445,0.0,0.0,0.0,0.10286,2.93874,2.35486,1.27463,0.80766,0.80766,1.0,0.8045,0.67205,1.0,0.0,1.0,0.0,-8e-05,-8e-05,0.0
relu,machine-3-7,22,ramp,W2_f0995,46,64,R_all,0.09318,0.09318,2.83728,2.83728,2.30922,2.30922,1.21345,1.21345,0.0,13.29111,11.19206,0.0,2717.83445,6.98981,46.0,0.0,0.10286,2.93874,2.35486,1.27463,0.96547,1.0,0.96547,1.0,1.0,0.0,0.84207,0.0,0.5259,0.0,-0.00968,-0.00968
relu,machine-3-7,22,ramp,W2_f0995,46,64,R_fault,0.09644,0.09635,2.8828,2.88883,2.33105,2.33441,1.23932,1.24371,0.16747,13.29111,6.3208,238.56803,2717.83445,4.69251,30.0,0.0,0.10286,2.93874,2.35486,1.27463,0.98097,0.99791,0.98302,0.99856,0.99647,0.0126,0.47557,0.08778,0.35306,8e-05,-0.00643,-0.00651
relu,machine-3-7,22,ramp,W2_f0995,46,64,R_fault_rec,0.09456,0.09456,2.86363,2.86363,2.32168,2.32168,1.22833,1.22833,0.0,13.29111,8.5551,0.0,2717.83445,5.88291,38.0,0.0,0.10286,2.93874,2.35486,1.27463,0.97444,1.0,0.97444,1.0,1.0,0.0,0.64367,0.0,0.44262,0.0,-0.0083,-0.0083
relu,machine-3-7,22,ramp,W3_b01,30,0,R0,0.07194,0.05843,-2.59623,3.52951,-1.37425,2.7824,-2.21573,1.62377,105.5536,105.5536,0.0,147.86813,147.86813,0.0,0.0,30.0,0.05843,3.52951,2.7824,1.62377,-0.73558,-0.73558,1.0,-0.49391,-1.36456,1.0,0.0,1.0,0.0,0.01351,0.01351,0.0
relu,machine-3-7,22,ramp,W3_b01,30,0,R_all,0.10124,0.10124,2.58973,2.58973,2.23351,2.23351,1.08563,1.08563,0.0,105.5536,71.4801,0.0,147.86813,0.0,30.0,0.0,0.05843,3.52951,2.7824,1.62377,0.73374,1.0,0.73374,1.0,1.0,0.0,0.67719,0.0,0.0,0.0,0.04281,0.04281
relu,machine-3-7,22,ramp,W3_b01,30,0,R_fault,0.10124,0.10124,2.58973,2.58973,2.23351,2.23351,1.08563,1.08563,0.0,105.5536,71.4801,0.0,147.86813,0.0,30.0,0.0,0.05843,3.52951,2.7824,1.62377,0.73374,1.0,0.73374,1.0,1.0,0.0,0.67719,0.0,0.0,0.0,0.04281,0.04281
relu,machine-3-7,22,ramp,W3_b01,30,0,R_fault_rec,0.10124,0.10124,2.58973,2.58973,2.23351,2.23351,1.08563,1.08563,0.0,105.5536,71.4801,0.0,147.86813,0.0,30.0,0.0,0.05843,3.52951,2.7824,1.62377,0.73374,1.0,0.73374,1.0,1.0,0.0,0.67719,0.0,0.0,0.0,0.04281,0.04281
relu,machine-3-7,22,ramp,W3_b01,30,64,R0,0.03809,0.03833,3.56508,4.03362,2.66575,3.04512,1.68019,1.95046,7.26598,7.26598,0.0,57.19608,57.19608,0.0,0.0,94.0,0.03833,4.03362,3.04512,1.95046,0.88384,0.88384,1.0,0.87542,0.86143,1.0,0.0,1.0,0.0,-0.00024,-0.00024,0.0
relu,machine-3-7,22,ramp,W3_b01,30,64,R_all,0.03825,0.03752,3.99638,4.04399,3.01814,3.05529,1.92822,1.95778,2.75008,7.26598,2.03215,22.44033,57.19608,0.0,30.0,64.0,0.03833,4.03362,3.04512,1.95046,0.99077,0.98823,1.00257,0.98784,0.9849,0.37849,0.27968,0.39234,0.0,0.00073,-8e-05,-0.00081
relu,machine-3-7,22,ramp,W3_b01,30,64,R_fault,0.03825,0.03752,3.99638,4.04399,3.01814,3.05529,1.92822,1.95778,2.75008,7.26598,2.03215,22.44033,57.19608,0.0,30.0,64.0,0.03833,4.03362,3.04512,1.95046,0.99077,0.98823,1.00257,0.98784,0.9849,0.37849,0.27968,0.39234,0.0,0.00073,-8e-05,-0.00081
relu,machine-3-7,22,ramp,W3_b01,30,64,R_fault_rec,0.0376,0.0376,4.04648,4.04648,3.05881,3.05881,1.95972,1.95972,0.0,7.26598,2.39302,0.0,57.19608,0.0,38.0,56.0,0.03833,4.03362,3.04512,1.95046,1.00319,1.0,1.00319,1.0,1.0,0.0,0.32935,0.0,0.0,0.0,-0.00073,-0.00073
relu,machine-3-7,22,ramp,W3_b01,38,0,R0,0.05713,0.05599,0.45583,3.6583,0.64255,2.86508,-0.77173,1.71758,55.65845,55.65845,0.0,90.25695,90.25695,0.0,0.0,38.0,0.05599,3.6583,2.86508,1.71758,0.1246,0.1246,1.0,0.22427,-0.44931,1.0,0.0,1.0,0.0,0.00114,0.00114,0.0
relu,machine-3-7,22,ramp,W3_b01,38,0,R_all,0.10124,0.10124,2.58973,2.58973,2.23351,2.23351,1.08563,1.08563,0.0,55.65845,75.39289,0.0,90.25695,0.0,38.0,0.0,0.05599,3.6583,2.86508,1.71758,0.70791,1.0,0.70791,1.0,1.0,0.0,1.35456,0.0,0.0,0.0,0.04525,0.04525
relu,machine-3-7,22,ramp,W3_b01,38,0,R_fault,0.06136,0.06079,3.06724,3.31498,2.4958,2.66509,1.30825,1.5021,10.01634,55.65845,32.45371,25.96233,90.25695,0.0,30.0,8.0,0.05599,3.6583,2.86508,1.71758,0.83843,0.92527,0.90615,0.93648,0.87094,0.17996,0.58309,0.28765,0.0,0.00057,0.00537,0.0048
relu,machine-3-7,22,ramp,W3_b01,38,0,R_fault_rec,0.10124,0.10124,2.58973,2.58973,2.23351,2.23351,1.08563,1.08563,0.0,55.65845,75.39289,0.0,90.25695,0.0,38.0,0.0,0.05599,3.6583,2.86508,1.71758,0.70791,1.0,0.70791,1.0,1.0,0.0,1.35456,0.0,0.0,0.0,0.04525,0.04525
relu,machine-3-7,22,ramp,W3_b01,38,64,R0,0.03711,0.03695,3.66436,4.13278,2.71852,3.09796,1.74743,2.01829,7.05009,7.05009,0.0,57.14392,57.14392,0.0,0.0,102.0,0.03695,4.13278,3.09796,2.01829,0.88666,0.88666,1.0,0.87752,0.8658,1.0,0.0,1.0,0.0,0.00016,0.00016,0.0
relu,machine-3-7,22,ramp,W3_b01,38,64,R_all,0.03605,0.03605,4.14481,4.14481,3.1118,3.1118,2.02718,2.02718,0.0,7.05009,2.319,0.0,57.14392,0.0,38.0,64.0,0.03695,4.13278,3.09796,2.01829,1.00291,1.0,1.00291,1.0,1.0,0.0,0.32893,0.0,0.0,0.0,-0.0009,-0.0009
relu,machine-3-7,22,ramp,W3_b01,38,64,R_fault,0.0367,0.03621,4.09502,4.14185,3.07172,3.10797,1.99585,2.02478,2.68297,7.05009,1.96397,22.42481,57.14392,0.0,30.0,72.0,0.03695,4.13278,3.09796,2.01829,0.99086,0.98869,1.0022,0.98834,0.98571,0.38056,0.27857,0.39243,0.0,0.00049,-0.00024,-0.00073
relu,machine-3-7,22,ramp,W3_b01,38,64,R_fault_rec,0.03605,0.03605,4.14481,4.14481,3.1118,3.1118,2.02718,2.02718,0.0,7.05009,2.319,0.0,57.14392,0.0,38.0,64.0,0.03695,4.13278,3.09796,2.01829,1.00291,1.0,1.00291,1.0,1.0,0.0,0.32893,0.0,0.0,0.0,-0.0009,-0.0009
relu,machine-3-7,22,ramp,W3_b01,46,0,R0,0.05005,0.05086,2.11922,3.69558,1.7299,2.87634,0.48297,1.72916,27.15516,27.15516,0.0,65.60138,65.60138,0.0,0.0,46.0,0.05086,3.69558,2.87634,1.72916,0.57345,0.57345,1.0,0.60142,0.27931,1.0,0.0,1.0,0.0,-0.00081,-0.00081,0.0
relu,machine-3-7,22,ramp,W3_b01,46,0,R_all,0.10124,0.10124,2.58973,2.58973,2.23351,2.23351,1.08563,1.08563,0.0,27.15516,78.11052,0.0,65.60138,0.0,46.0,0.0,0.05086,3.69558,2.87634,1.72916,0.70076,1.0,0.70076,1.0,1.0,0.0,2.87645,0.0,0.0,0.0,0.05037,0.05037
relu,machine-3-7,22,ramp,W3_b01,46,0,R_fault,0.05103,0.05151,3.44312,3.58782,2.71312,2.81214,1.54116,1.65706,5.5611,27.15516,14.19395,23.31178,65.60138,0.0,30.0,16.0,0.05086,3.69558,2.87634,1.72916,0.93168,0.95967,0.97084,0.96479,0.93006,0.20479,0.5227,0.35536,0.0,-0.00049,0.00016,0.00065
relu,machine-3-7,22,ramp,W3_b01,46,0,R_fault_rec,0.05705,0.05705,3.29941,3.29941,2.64619,2.64619,1.47311,1.47311,0.0,27.15516,33.58962,0.0,65.60138,0.0,38.0,8.0,0.05086,3.69558,2.87634,1.72916,0.8928,1.0,0.8928,1.0,1.0,0.0,1.23695,0.0,0.0,0.0,0.00618,0.00618
relu,machine-3-7,22,ramp,W3_b01,46,64,R0,0.03613,0.03613,3.60358,4.06668,2.68466,3.0593,1.70672,1.97209,6.89401,6.89401,0.0,57.11046,57.11046,0.0,0.0,110.0,0.03613,4.06668,3.0593,1.97209,0.88612,0.88612,1.0,0.87754,0.86544,1.0,0.0,1.0,0.0,0.0,0.0,0.0
relu,machine-3-7,22,ramp,W3_b01,46,64,R_all,0.03564,0.03564,4.0779,4.0779,3.07184,3.07184,1.98118,1.98118,0.0,6.89401,2.71022,0.0,57.11046,0.0,46.0,64.0,0.03613,4.06668,3.0593,1.97209,1.00276,1.0,1.00276,1.0,1.0,0.0,0.39313,0.0,0.0,0.0,-0.00049,-0.00049
relu,machine-3-7,22,ramp,W3_b01,46,64,R_fault,0.03621,0.03564,4.03153,4.07552,3.0351,3.06868,1.95263,1.97878,2.58628,6.89401,1.89217,22.40719,57.11046,0.0,30.0,80.0,0.03613,4.06668,3.0593,1.97209,0.99136,0.98921,1.00217,0.98906,0.98678,0.37515,0.27447,0.39235,0.0,0.00057,8e-05,-0.00049
relu,machine-3-7,22,ramp,W3_b01,46,64,R_fault_rec,0.03564,0.03564,4.07802,4.07802,3.07242,3.07242,1.98091,1.98091,0.0,6.89401,2.22009,0.0,57.11046,0.0,38.0,72.0,0.03613,4.06668,3.0593,1.97209,1.00279,1.0,1.00279,1.0,1.0,0.0,0.32203,0.0,0.0,0.0,-0.00049,-0.00049
relu,machine-3-7,22,ramp,W3_b05,30,0,R0,0.1464,0.10872,-4.16748,4.07653,-2.4513,3.21292,-3.2188,1.89628,163.8076,163.8076,0.0,230.62831,230.62831,0.0,0.0,30.0,0.10872,4.07653,3.21292,1.89628,-1.02231,-1.02231,1.0,-0.76295,-1.69743,1.0,0.0,1.0,0.0,0.03768,0.03768,0.0
relu,machine-3-7,22,ramp,W3_b05,30,0,R_all,0.24479,0.24479,3.3339,3.3339,2.75902,2.75902,1.59531,1.59531,0.0,163.8076,134.68667,0.0,230.62831,0.0,30.0,0.0,0.10872,4.07653,3.21292,1.89628,0.81783,1.0,0.81783,1.0,1.0,0.0,0.82222,0.0,0.0,0.0,0.13607,0.13607
relu,machine-3-7,22,ramp,W3_b05,30,0,R_fault,0.24479,0.24479,3.3339,3.3339,2.75902,2.75902,1.59531,1.59531,0.0,163.8076,134.68667,0.0,230.62831,0.0,30.0,0.0,0.10872,4.07653,3.21292,1.89628,0.81783,1.0,0.81783,1.0,1.0,0.0,0.82222,0.0,0.0,0.0,0.13607,0.13607
relu,machine-3-7,22,ramp,W3_b05,30,0,R_fault_rec,0.24479,0.24479,3.3339,3.3339,2.75902,2.75902,1.59531,1.59531,0.0,163.8076,134.68667,0.0,230.62831,0.0,30.0,0.0,0.10872,4.07653,3.21292,1.89628,0.81783,1.0,0.81783,1.0,1.0,0.0,0.82222,0.0,0.0,0.0,0.13607,0.13607
relu,machine-3-7,22,ramp,W3_b05,30,64,R0,0.07609,0.07642,4.9621,4.63514,3.70314,3.49912,2.39381,2.19216,11.88031,11.88031,0.0,110.69946,110.69946,0.0,0.0,94.0,0.07642,4.63514,3.49912,2.19216,1.07054,1.07054,1.0,1.05831,1.09199,1.0,0.0,1.0,0.0,-0.00033,-0.00033,0.0
relu,machine-3-7,22,ramp,W3_b05,30,64,R_all,0.07503,0.07544,4.19601,4.64088,3.16489,3.51065,1.95752,2.19525,12.24955,11.88031,4.83969,98.36745,110.69946,0.0,30.0,64.0,0.07642,4.63514,3.49912,2.19216,0.90526,0.90414,1.00124,0.90151,0.89171,1.03108,0.40737,0.8886,0.0,-0.00041,-0.00138,-0.00098
relu,machine-3-7,22,ramp,W3_b05,30,64,R_fault,0.07503,0.07544,4.19601,4.64088,3.16489,3.51065,1.95752,2.19525,12.24955,11.88031,4.83969,98.36745,110.69946,0.0,30.0,64.0,0.07642,4.63514,3.49912,2.19216,0.90526,0.90414,1.00124,0.90151,0.89171,1.03108,0.40737,0.8886,0.0,-0.00041,-0.00138,-0.00098
relu,machine-3-7,22,ramp,W3_b05,30,64,R_fault_rec,0.07544,0.07544,4.63242,4.63242,3.51496,3.51496,2.18797,2.18797,0.0,11.88031,5.64258,0.0,110.69946,0.0,38.0,56.0,0.07642,4.63514,3.49912,2.19216,0.99941,1.0,0.99941,1.0,1.0,0.0,0.47495,0.0,0.0,0.0,-0.00098,-0.00098
relu,machine-3-7,22,ramp,W3_b05,38,0,R0,0.09416,0.10246,3.89544,4.52615,3.1118,3.49186,1.58123,2.22141,41.25087,41.25087,0.0,124.81462,124.81462,0.0,0.0,38.0,0.10246,4.52615,3.49186,2.22141,0.86065,0.86065,1.0,0.89116,0.71181,1.0,0.0,1.0,0.0,-0.0083,-0.0083,0.0
relu,machine-3-7,22,ramp,W3_b05,38,0,R_all,0.24479,0.24479,3.3339,3.3339,2.75902,2.75902,1.59531,1.59531,0.0,41.25087,132.99265,0.0,124.81462,0.0,38.0,0.0,0.10246,4.52615,3.49186,2.22141,0.73659,1.0,0.73659,1.0,1.0,0.0,3.224,0.0,0.0,0.0,0.14233,0.14233
relu,machine-3-7,22,ramp,W3_b05,38,0,R_fault,0.09481,0.10343,3.48715,4.54182,2.80722,3.51513,1.46862,2.23061,38.05646,41.25087,6.41836,109.71076,124.81462,0.0,30.0,8.0,0.10246,4.52615,3.49186,2.22141,0.77045,0.76779,1.00346,0.79861,0.65839,0.92256,0.15559,0.87899,0.0,-0.00863,-0.00765,0.00098
relu,machine-3-7,22,ramp,W3_b05,38,0,R_fault_rec,0.24479,0.24479,3.3339,3.3339,2.75902,2.75902,1.59531,1.59531,0.0,41.25087,132.99265,0.0,124.81462,0.0,38.0,0.0,0.10246,4.52615,3.49186,2.22141,0.73659,1.0,0.73659,1.0,1.0,0.0,3.224,0.0,0.0,0.0,0.14233,0.14233
relu,machine-3-7,22,ramp,W3_b05,38,64,R0,0.07544,0.07625,5.55857,5.25562,4.01052,3.81244,2.81788,2.62418,11.13518,11.13518,0.0,110.34188,110.34188,0.0,0.0,102.0,0.07625,5.25562,3.81244,2.62418,1.05764,1.05764,1.0,1.05196,1.07382,1.0,0.0,1.0,0.0,-0.00081,-0.00081,0.0
relu,machine-3-7,22,ramp,W3_b05,38,64,R_all,0.07536,0.07536,5.24738,5.24738,3.83169,3.83169,2.61662,2.61662,0.0,11.13518,5.46162,0.0,110.34188,0.0,38.0,64.0,0.07625,5.25562,3.81244,2.62418,0.99843,1.0,0.99843,1.0,1.0,0.0,0.49048,0.0,0.0,0.0,-0.0009,-0.0009
relu,machine-3-7,22,ramp,W3_b05,38,64,R_fault,0.07471,0.07552,4.75307,5.24573,3.45561,3.82236,2.32976,2.61749,11.75705,11.13518,4.46902,98.10446,110.34188,0.0,30.0,72.0,0.07625,5.25562,3.81244,2.62418,0.90438,0.90608,0.99812,0.90405,0.89007,1.05585,0.40134,0.8891,0.0,-0.00081,-0.00155,-0.00073
relu,machine-3-7,22,ramp,W3_b05,38,64,R_fault_rec,0.07536,0.07536,5.24738,5.24738,3.83169,3.83169,2.61662,2.61662,0.0,11.13518,5.46162,0.0,110.34188,0.0,38.0,64.0,0.07625,5.25562,3.81244,2.62418,0.99843,1.0,0.99843,1.0,1.0,0.0,0.49048,0.0,0.0,0.0,-0.0009,-0.0009
relu,machine-3-7,22,ramp,W3_b05,46,0,R0,0.09212,0.09253,4.78979,4.47483,3.66803,3.47351,2.31561,2.12774,13.56015,13.56015,0.0,113.36595,113.36595,0.0,0.0,46.0,0.09253,4.47483,3.47351,2.12774,1.07038,1.07038,1.0,1.056,1.0883,1.0,0.0,1.0,0.0,-0.00041,-0.00041,0.0
relu,machine-3-7,22,ramp,W3_b05,46,0,R_all,0.24479,0.24479,3.3339,3.3339,2.75902,2.75902,1.59531,1.59531,0.0,13.56015,135.34106,0.0,113.36595,0.0,46.0,0.0,0.09253,4.47483,3.47351,2.12774,0.74503,1.0,0.74503,1.0,1.0,0.0,9.98079,0.0,0.0,0.0,0.15226,0.15226
relu,machine-3-7,22,ramp,W3_b05,46,0,R_fault,0.08976,0.09237,3.90534,4.46725,3.06055,3.48233,1.78,2.12151,13.49038,13.56015,5.68553,100.3252,113.36595,0.0,30.0,16.0,0.09253,4.47483,3.47351,2.12774,0.87274,0.87422,0.99831,0.87888,0.83903,0.99485,0.41928,0.88497,0.0,-0.0026,-0.00277,-0.00016
relu,machine-3-7,22,ramp,W3_b05,46,0,R_fault_rec,0.09229,0.09229,4.47327,4.47327,3.49024,3.49024,2.1242,2.1242,0.0,13.56015,6.7053,0.0,113.36595,0.0,38.0,8.0,0.09253,4.47483,3.47351,2.12774,0.99965,1.0,0.99965,1.0,1.0,0.0,0.49449,0.0,0.0,0.0,-0.00024,-0.00024
relu,machine-3-7,22,ramp,W3_b05,46,64,R0,0.07479,0.07625,5.00605,4.71998,3.59208,3.40264,2.49189,2.31403,10.80144,10.80144,0.0,110.03585,110.03585,0.0,0.0,110.0,0.07625,4.71998,3.40264,2.31403,1.06061,1.06061,1.0,1.05568,1.07686,1.0,0.0,1.0,0.0,-0.00146,-0.00146,0.0
relu,machine-3-7,22,ramp,W3_b05,46,64,R_all,0.07568,0.07568,4.69542,4.69542,3.40558,3.40558,2.29611,2.29611,0.0,10.80144,6.51111,0.0,110.03585,0.0,46.0,64.0,0.07625,4.71998,3.40264,2.31403,0.9948,1.0,0.9948,1.0,1.0,0.0,0.6028,0.0,0.0,0.0,-0.00057,-0.00057
relu,machine-3-7,22,ramp,W3_b05,46,64,R_fault,0.07495,0.07585,4.29177,4.72346,3.09505,3.41564,2.07496,2.31787,11.24449,10.80144,4.26317,97.88808,110.03585,0.0,30.0,80.0,0.07625,4.71998,3.40264,2.31403,0.90928,0.90861,1.00074,0.90614,0.8952,1.04102,0.39468,0.8896,0.0,-0.0009,-0.0013,-0.00041
relu,machine-3-7,22,ramp,W3_b05,46,64,R_fault_rec,0.07576,0.07576,4.72693,4.72693,3.42706,3.42706,2.31971,2.31971,0.0,10.80144,5.24024,0.0,110.03585,0.0,38.0,72.0,0.07625,4.71998,3.40264,2.31403,1.00147,1.0,1.00147,1.0,1.0,0.0,0.48514,0.0,0.0,0.0,-0.00049,-0.00049
relu,machine-3-7,33,level,W1,30,0,R0,0.06787,0.05949,-1.76429,2.81625,-0.54689,2.44434,-1.43707,1.27866,73.03333,73.03333,0.0,0.0,0.0,0.0,0.0,0.0,0.05949,2.81625,2.44434,1.27866,-0.62647,-0.62647,1.0,-0.22374,-1.12388,1.0,0.0,,0.0,0.00838,0.00838,0.0
relu,machine-3-7,33,level,W1,30,0,R_all,0.07357,0.07357,1.85316,1.85316,1.83472,1.83472,0.69624,0.69624,0.0,73.03333,79.7958,0.0,0.0,0.0,30.0,0.0,0.05949,2.81625,2.44434,1.27866,0.65803,1.0,0.65803,1.0,1.0,0.0,1.09259,,0.0,0.0,0.01408,0.01408
relu,machine-3-7,33,level,W1,30,0,R_fault,0.07357,0.07357,1.85316,1.85316,1.83472,1.83472,0.69624,0.69624,0.0,73.03333,79.7958,0.0,0.0,0.0,30.0,0.0,0.05949,2.81625,2.44434,1.27866,0.65803,1.0,0.65803,1.0,1.0,0.0,1.09259,,0.0,0.0,0.01408,0.01408
relu,machine-3-7,33,level,W1,30,0,R_fault_rec,0.07357,0.07357,1.85316,1.85316,1.83472,1.83472,0.69624,0.69624,0.0,73.03333,79.7958,0.0,0.0,0.0,30.0,0.0,0.05949,2.81625,2.44434,1.27866,0.65803,1.0,0.65803,1.0,1.0,0.0,1.09259,,0.0,0.0,0.01408,0.01408
relu,machine-3-7,33,level,W1,30,64,R0,0.05509,0.05396,1.6716,3.53945,1.24772,2.78096,1.17797,1.71219,20.92912,20.92912,0.0,0.0,0.0,0.0,0.0,0.0,0.05396,3.53945,2.78096,1.71219,0.47228,0.47228,1.0,0.44866,0.68799,1.0,0.0,,0.0,0.00114,0.00114,0.0
relu,machine-3-7,33,level,W1,30,64,R_all,0.05509,0.05501,3.63985,3.51607,2.6287,2.72224,1.71824,1.6955,5.82631,20.92912,6.8021,0.0,0.0,0.0,30.0,0.0,0.05396,3.53945,2.78096,1.71219,1.02837,1.03521,0.99339,0.96564,1.01341,0.27838,0.32501,,0.0,8e-05,0.00114,0.00106
relu,machine-3-7,33,level,W1,30,64,R_fault,0.05509,0.05501,3.63985,3.51607,2.6287,2.72224,1.71824,1.6955,5.82631,20.92912,6.8021,0.0,0.0,0.0,30.0,0.0,0.05396,3.53945,2.78096,1.71219,1.02837,1.03521,0.99339,0.96564,1.01341,0.27838,0.32501,,0.0,8e-05,0.00114,0.00106
relu,machine-3-7,33,level,W1,30,64,R_fault_rec,0.05509,0.05509,3.49875,3.49875,2.71743,2.71743,1.6888,1.6888,0.0,20.92912,7.81431,0.0,0.0,0.0,38.0,0.0,0.05396,3.53945,2.78096,1.71219,0.9885,1.0,0.9885,1.0,1.0,0.0,0.37337,,0.0,0.0,0.00114,0.00114
relu,machine-3-7,33,level,W1,38,0,R0,0.06209,0.05778,-0.41432,2.94777,0.2031,2.55171,-0.42393,1.36051,53.2605,53.2605,0.0,0.0,0.0,0.0,0.0,0.0,0.05778,2.94777,2.55171,1.36051,-0.14055,-0.14055,1.0,0.0796,-0.3116,1.0,0.0,,0.0,0.00431,0.00431,0.0
relu,machine-3-7,33,level,W1,38,0,R_all,0.07357,0.07357,1.85316,1.85316,1.83472,1.83472,0.69624,0.69624,0.0,53.2605,85.01912,0.0,0.0,0.0,38.0,0.0,0.05778,2.94777,2.55171,1.36051,0.62867,1.0,0.62867,1.0,1.0,0.0,1.59629,,0.0,0.0,0.01579,0.01579
relu,machine-3-7,33,level,W1,38,0,R_fault,0.06348,0.05884,2.70528,2.88521,2.40483,2.47269,1.14154,1.27624,22.95957,53.2605,16.62037,0.0,0.0,0.0,30.0,0.0,0.05778,2.94777,2.55171,1.36051,0.91774,0.93764,0.97878,0.97255,0.89445,0.43108,0.31206,,0.0,0.00464,0.0057,0.00106
relu,machine-3-7,33,level,W1,38,0,R_fault_rec,0.07357,0.07357,1.85316,1.85316,1.83472,1.83472,0.69624,0.69624,0.0,53.2605,85.01912,0.0,0.0,0.0,38.0,0.0,0.05778,2.94777,2.55171,1.36051,0.62867,1.0,0.62867,1.0,1.0,0.0,1.59629,,0.0,0.0,0.01579,0.01579
relu,machine-3-7,33,level,W1,38,64,R0,0.05078,0.04964,1.81687,3.57384,1.25245,2.75148,1.24842,1.73262,19.9975,19.9975,0.0,0.0,0.0,0.0,0.0,0.0,0.04964,3.57384,2.75148,1.73262,0.50838,0.50838,1.0,0.45519,0.72054,1.0,0.0,,0.0,0.00114,0.00114,0.0
relu,machine-3-7,33,level,W1,38,64,R_all,0.0507,0.0507,3.53586,3.53586,2.68831,2.68831,1.70662,1.70662,0.0,19.9975,7.5798,0.0,0.0,0.0,38.0,0.0,0.04964,3.57384,2.75148,1.73262,0.98937,1.0,0.98937,1.0,1.0,0.0,0.37904,,0.0,0.0,0.00106,0.00106
relu,machine-3-7,33,level,W1,38,64,R_fault,0.0507,0.05062,3.71264,3.55234,2.60654,2.69206,1.73853,1.71303,5.51439,19.9975,6.58072,0.0,0.0,0.0,30.0,0.0,0.04964,3.57384,2.75148,1.73262,1.03884,1.04513,0.99398,0.96823,1.01489,0.27575,0.32908,,0.0,8e-05,0.00106,0.00098
relu,machine-3-7,33,level,W1,38,64,R_fault_rec,0.0507,0.0507,3.53586,3.53586,2.68831,2.68831,1.70662,1.70662,0.0,19.9975,7.5798,0.0,0.0,0.0,38.0,0.0,0.04964,3.57384,2.75148,1.73262,0.98937,1.0,0.98937,1.0,1.0,0.0,0.37904,,0.0,0.0,0.00106,0.00106
relu,machine-3-7,33,level,W1,46,0,R0,0.05705,0.05754,0.66104,3.05147,0.83934,2.60324,0.54784,1.43261,33.71757,33.71757,0.0,0.0,0.0,0.0,0.0,0.0,0.05754,3.05147,2.60324,1.43261,0.21663,0.21663,1.0,0.32242,0.38241,1.0,0.0,,0.0,-0.00049,-0.00049,0.0
relu,machine-3-7,33,level,W1,46,0,R_all,0.07357,0.07357,1.85316,1.85316,1.83472,1.83472,0.69624,0.69624,0.0,33.71757,86.93328,0.0,0.0,0.0,46.0,0.0,0.05754,3.05147,2.60324,1.43261,0.6073,1.0,0.6073,1.0,1.0,0.0,2.57828,,0.0,0.0,0.01603,0.01603
relu,machine-3-7,33,level,W1,46,0,R_fault,0.05762,0.05778,2.90404,2.99518,2.43107,2.52856,1.31548,1.38736,13.08621,33.71757,12.18225,0.0,0.0,0.0,30.0,0.0,0.05754,3.05147,2.60324,1.43261,0.95168,0.96957,0.98155,0.96144,0.94819,0.38811,0.3613,,0.0,-0.00016,8e-05,0.00024
relu,machine-3-7,33,level,W1,46,0,R_fault_rec,0.05786,0.05786,3.00538,3.00538,2.48131,2.48131,1.41001,1.41001,0.0,33.71757,20.55737,0.0,0.0,0.0,38.0,0.0,0.05754,3.05147,2.60324,1.43261,0.9849,1.0,0.9849,1.0,1.0,0.0,0.60969,,0.0,0.0,0.00033,0.00033
relu,machine-3-7,33,level,W1,46,64,R0,0.04582,0.04468,1.98287,3.67914,1.28971,2.78841,1.32866,1.78663,19.32233,19.32233,0.0,0.0,0.0,0.0,0.0,0.0,0.04468,3.67914,2.78841,1.78663,0.53895,0.53895,1.0,0.46252,0.74367,1.0,0.0,,0.0,0.00114,0.00114,0.0
relu,machine-3-7,33,level,W1,46,64,R_all,0.04606,0.04606,3.63719,3.63719,2.7054,2.7054,1.76474,1.76474,0.0,19.32233,8.6937,0.0,0.0,0.0,46.0,0.0,0.04468,3.67914,2.78841,1.78663,0.9886,1.0,0.9886,1.0,1.0,0.0,0.44993,,0.0,0.0,0.00138,0.00138
relu,machine-3-7,33,level,W1,46,64,R_fault,0.04574,0.04565,3.8,3.66239,2.63661,2.73534,1.78743,1.7733,5.37031,19.32233,6.42015,0.0,0.0,0.0,30.0,0.0,0.04468,3.67914,2.78841,1.78663,1.03285,1.03757,0.99545,0.9639,1.00797,0.27793,0.33227,,0.0,8e-05,0.00106,0.00098
relu,machine-3-7,33,level,W1,46,64,R_fault_rec,0.04574,0.04574,3.64816,3.64816,2.73069,2.73069,1.76989,1.76989,0.0,19.32233,7.38257,0.0,0.0,0.0,38.0,0.0,0.04468,3.67914,2.78841,1.78663,0.99158,1.0,0.99158,1.0,1.0,0.0,0.38207,,0.0,0.0,0.00106,0.00106
relu,machine-3-7,33,level,W2_f0995,30,0,R0,0.11605,0.10872,1.20482,2.12439,1.11116,1.92843,0.25012,0.86231,22.99993,22.99993,0.0,4218.60094,4218.60094,0.0,0.0,0.0,0.10872,2.12439,1.92843,0.86231,0.56714,0.56714,1.0,0.5762,0.29006,1.0,0.0,1.0,0.0,0.00732,0.00732,0.0
relu,machine-3-7,33,level,W2_f0995,30,0,R_all,0.1591,0.1591,1.82211,1.82211,1.72312,1.72312,0.72521,0.72521,0.0,22.99993,33.68731,0.0,4218.60094,0.0,30.0,0.0,0.10872,2.12439,1.92843,0.86231,0.85771,1.0,0.85771,1.0,1.0,0.0,1.46467,0.0,0.0,0.0,0.05037,0.05037
relu,machine-3-7,33,level,W2_f0995,30,0,R_fault,0.1591,0.1591,1.82211,1.82211,1.72312,1.72312,0.72521,0.72521,0.0,22.99993,33.68731,0.0,4218.60094,0.0,30.0,0.0,0.10872,2.12439,1.92843,0.86231,0.85771,1.0,0.85771,1.0,1.0,0.0,1.46467,0.0,0.0,0.0,0.05037,0.05037
relu,machine-3-7,33,level,W2_f0995,30,0,R_fault_rec,0.1591,0.1591,1.82211,1.82211,1.72312,1.72312,0.72521,0.72521,0.0,22.99993,33.68731,0.0,4218.60094,0.0,30.0,0.0,0.10872,2.12439,1.92843,0.86231,0.85771,1.0,0.85771,1.0,1.0,0.0,1.46467,0.0,0.0,0.0,0.05037,0.05037
relu,machine-3-7,33,level,W2_f0995,30,64,R0,0.08228,0.07479,2.05419,2.68284,1.74068,2.30122,0.68879,1.14473,15.03018,15.03018,0.0,3214.98513,3214.98513,0.0,0.0,0.0,0.07479,2.68284,2.30122,1.14473,0.76568,0.76568,1.0,0.75642,0.6017,1.0,0.0,1.0,0.0,0.00749,0.00749,0.0
relu,machine-3-7,33,level,W2_f0995,30,64,R_all,0.08114,0.08057,2.531,2.54373,2.20082,2.20976,1.05835,1.06761,0.32494,15.03018,14.02412,336.64602,3214.98513,6.47839,30.0,0.0,0.07479,2.68284,2.30122,1.14473,0.94341,0.99499,0.94815,0.99595,0.99132,0.02162,0.93306,0.10471,0.43103,0.00057,0.00635,0.00578
relu,machine-3-7,33,level,W2_f0995,30,64,R_fault,0.08114,0.08057,2.531,2.54373,2.20082,2.20976,1.05835,1.06761,0.32494,15.03018,14.02412,336.64602,3214.98513,6.47839,30.0,0.0,0.07479,2.68284,2.30122,1.14473,0.94341,0.99499,0.94815,0.99595,0.99132,0.02162,0.93306,0.10471,0.43103,0.00057,0.00635,0.00578
relu,machine-3-7,33,level,W2_f0995,30,64,R_fault_rec,0.08309,0.08309,2.49173,2.49173,2.17523,2.17523,1.03998,1.03998,0.0,15.03018,18.82204,0.0,3214.98513,7.89853,38.0,0.0,0.07479,2.68284,2.30122,1.14473,0.92877,1.0,0.92877,1.0,1.0,0.0,1.25228,0.0,0.52551,0.0,0.0083,0.0083
relu,machine-3-7,33,level,W2_f0995,38,0,R0,0.10799,0.10067,1.30233,2.20152,1.18369,1.9816,0.2925,0.89896,21.88803,21.88803,0.0,4256.83137,4256.83137,0.0,0.0,0.0,0.10067,2.20152,1.9816,0.89896,0.59156,0.59156,1.0,0.59734,0.32538,1.0,0.0,1.0,0.0,0.00732,0.00732,0.0
relu,machine-3-7,33,level,W2_f0995,38,0,R_all,0.1591,0.1591,1.82211,1.82211,1.72312,1.72312,0.72521,0.72521,0.0,21.88803,41.45128,0.0,4256.83137,0.0,38.0,0.0,0.10067,2.20152,1.9816,0.89896,0.82766,1.0,0.82766,1.0,1.0,0.0,1.89379,0.0,0.0,0.0,0.05843,0.05843
relu,machine-3-7,33,level,W2_f0995,38,0,R_fault,0.13582,0.13428,1.8758,1.92273,1.75497,1.79023,0.73715,0.76933,0.75359,21.88803,29.87224,445.73933,4256.83137,1.47985,30.0,0.0,0.10067,2.20152,1.9816,0.89896,0.85205,0.97559,0.87337,0.9803,0.95818,0.03443,1.36478,0.10471,0.06761,0.00155,0.03516,0.03361
relu,machine-3-7,33,level,W2_f0995,38,0,R_fault_rec,0.1591,0.1591,1.82211,1.82211,1.72312,1.72312,0.72521,0.72521,0.0,21.88803,41.45128,0.0,4256.83137,0.0,38.0,0.0,0.10067,2.20152,1.9816,0.89896,0.82766,1.0,0.82766,1.0,1.0,0.0,1.89379,0.0,0.0,0.0,0.05843,0.05843
relu,machine-3-7,33,level,W2_f0995,38,64,R0,0.08537,0.07544,2.14481,2.74398,1.8028,2.33671,0.73924,1.17835,14.28116,14.28116,0.0,3088.61385,3088.61385,0.0,0.0,0.0,0.07544,2.74398,2.33671,1.17835,0.78164,0.78164,1.0,0.77152,0.62736,1.0,0.0,1.0,0.0,0.00993,0.00993,0.0
relu,machine-3-7,33,level,W2_f0995,38,64,R_all,0.08228,0.08228,2.5732,2.5732,2.22674,2.22674,1.08224,1.08224,0.0,14.28116,17.05382,0.0,3088.61385,8.28064,38.0,0.0,0.07544,2.74398,2.33671,1.17835,0.93776,1.0,0.93776,1.0,1.0,0.0,1.19415,0.0,0.57983,0.0,0.00684,0.00684
relu,machine-3-7,33,level,W2_f0995,38,64,R_fault,0.08024,0.08016,2.60942,2.61995,2.25003,2.25713,1.10003,1.10777,0.29254,14.28116,12.75626,323.41349,3088.61385,6.71125,30.0,0.0,0.07544,2.74398,2.33671,1.17835,0.95096,0.99598,0.9548,0.99686,0.99301,0.02048,0.89322,0.10471,0.46994,8e-05,0.0048,0.00472
relu,machine-3-7,33,level,W2_f0995,38,64,R_fault_rec,0.08228,0.08228,2.5732,2.5732,2.22674,2.22674,1.08224,1.08224,0.0,14.28116,17.05382,0.0,3088.61385,8.28064,38.0,0.0,0.07544,2.74398,2.33671,1.17835,0.93776,1.0,0.93776,1.0,1.0,0.0,1.19415,0.0,0.57983,0.0,0.00684,0.00684
relu,machine-3-7,33,level,W2_f0995,46,0,R0,0.10181,0.09546,1.42417,2.2764,1.27492,2.03296,0.35497,0.93526,20.70545,20.70545,0.0,4089.50829,4089.50829,0.0,0.0,0.0,0.09546,2.2764,2.03296,0.93526,0.62563,0.62563,1.0,0.62712,0.37954,1.0,0.0,1.0,0.0,0.00635,0.00635,0.0
relu,machine-3-7,33,level,W2_f0995,46,0,R_all,0.1591,0.1591,1.82211,1.82211,1.72312,1.72312,0.72521,0.72521,0.0,20.70545,48.73521,0.0,4089.50829,0.0,46.0,0.0,0.09546,2.2764,2.03296,0.93526,0.80044,1.0,0.80044,1.0,1.0,0.0,2.35374,0.0,0.0,0.0,0.06364,0.06364
relu,machine-3-7,33,level,W2_f0995,46,0,R_fault,0.11743,0.11637,1.98183,2.02073,1.82667,1.85613,0.78665,0.81352,0.66096,20.70545,26.59208,428.21868,4089.50829,2.72706,30.0,0.0,0.09546,2.2764,2.03296,0.93526,0.8706,0.98075,0.88769,0.98413,0.96697,0.03192,1.2843,0.10471,0.13171,0.00106,0.02197,0.02091
relu,machine-3-7,33,level,W2_f0995,46,0,R_fault_rec,0.13281,0.13281,1.92796,1.92796,1.79342,1.79342,0.77162,0.77162,0.0,20.70545,36.68467,0.0,4089.50829,1.98476,38.0,0.0,0.09546,2.2764,2.03296,0.93526,0.84693,1.0,0.84693,1.0,1.0,0.0,1.77174,0.0,0.09586,0.0,0.03735,0.03735
relu,machine-3-7,33,level,W2_f0995,46,64,R0,0.087,0.07699,2.23232,2.80333,1.8595,2.36801,0.78869,1.21136,13.56901,13.56901,0.0,2967.20984,2967.20984,0.0,0.0,0.0,0.07699,2.80333,2.36801,1.21136,0.79631,0.79631,1.0,0.78526,0.65108,1.0,0.0,1.0,0.0,0.01001,0.01001,0.0
relu,machine-3-7,33,level,W2_f0995,46,64,R_all,0.08187,0.08187,2.60348,2.60348,2.24237,2.24237,1.09726,1.09726,0.0,13.56901,19.8103,0.0,2967.20984,10.10829,46.0,0.0,0.07699,2.80333,2.36801,1.21136,0.92871,1.0,0.92871,1.0,1.0,0.0,1.45997,0.0,0.74495,0.0,0.00488,0.00488
relu,machine-3-7,33,level,W2_f0995,46,64,R_fault,0.07935,0.07926,2.68466,2.69332,2.29386,2.29938,1.14068,1.14712,0.2643,13.56901,11.64508,310.70109,2967.20984,6.87581,30.0,0.0,0.07699,2.80333,2.36801,1.21136,0.95767,0.99678,0.96076,0.9976,0.99439,0.01948,0.85821,0.10471,0.50673,8e-05,0.00236,0.00228
relu,machine-3-7,33,level,W2_f0995,46,64,R_fault_rec,0.08081,0.08081,2.65148,2.65148,2.27287,2.27287,1.12364,1.12364,0.0,13.56901,15.50884,0.0,2967.20984,8.56123,38.0,0.0,0.07699,2.80333,2.36801,1.21136,0.94583,1.0,0.94583,1.0,1.0,0.0,1.14296,0.0,0.63094,0.0,0.00382,0.00382
relu,machine-3-7,33,level,W3_b01,30,0,R0,0.07129,0.03914,-2.25857,3.45481,-1.76573,2.95987,-1.98568,1.60623,101.32699,101.32699,0.0,149.32144,149.32144,0.0,0.0,30.0,0.03914,3.45481,2.95987,1.60623,-0.65375,-0.65375,1.0,-0.59656,-1.23624,1.0,0.0,1.0,0.0,0.03215,0.03215,0.0
relu,machine-3-7,33,level,W3_b01,30,0,R_all,0.08879,0.08879,1.91219,1.91219,1.80415,1.80415,0.72986,0.72986,0.0,101.32699,129.07039,0.0,149.32144,0.0,30.0,0.0,0.03914,3.45481,2.95987,1.60623,0.55349,1.0,0.55349,1.0,1.0,0.0,1.2738,0.0,0.0,0.0,0.04964,0.04964
relu,machine-3-7,33,level,W3_b01,30,0,R_fault,0.08879,0.08879,1.91219,1.91219,1.80415,1.80415,0.72986,0.72986,0.0,101.32699,129.07039,0.0,149.32144,0.0,30.0,0.0,0.03914,3.45481,2.95987,1.60623,0.55349,1.0,0.55349,1.0,1.0,0.0,1.2738,0.0,0.0,0.0,0.04964,0.04964
relu,machine-3-7,33,level,W3_b01,30,0,R_fault_rec,0.08879,0.08879,1.91219,1.91219,1.80415,1.80415,0.72986,0.72986,0.0,101.32699,129.07039,0.0,149.32144,0.0,30.0,0.0,0.03914,3.45481,2.95987,1.60623,0.55349,1.0,0.55349,1.0,1.0,0.0,1.2738,0.0,0.0,0.0,0.04964,0.04964
relu,machine-3-7,33,level,W3_b01,30,64,R0,0.0367,0.03638,3.50618,3.81104,2.82383,3.06379,1.68691,1.83118,8.76505,8.76505,0.0,66.55568,66.55568,0.0,0.0,94.0,0.03638,3.81104,3.06379,1.83118,0.92001,0.92001,1.0,0.92168,0.92122,1.0,0.0,1.0,0.0,0.00033,0.00033,0.0
relu,machine-3-7,33,level,W3_b01,30,64,R_all,0.03703,0.03662,3.78992,3.81897,3.06851,3.07689,1.83029,1.83727,3.89934,8.76505,3.42712,33.01625,66.55568,0.0,30.0,64.0,0.03638,3.81104,3.06379,1.83118,0.99446,0.99239,1.00208,0.99728,0.9962,0.44487,0.391,0.49607,0.0,0.00041,0.00065,0.00024
relu,machine-3-7,33,level,W3_b01,30,64,R_fault,0.03703,0.03662,3.78992,3.81897,3.06851,3.07689,1.83029,1.83727,3.89934,8.76505,3.42712,33.01625,66.55568,0.0,30.0,64.0,0.03638,3.81104,3.06379,1.83118,0.99446,0.99239,1.00208,0.99728,0.9962,0.44487,0.391,0.49607,0.0,0.00041,0.00065,0.00024
relu,machine-3-7,33,level,W3_b01,30,64,R_fault_rec,0.0367,0.0367,3.8213,3.8213,3.08131,3.08131,1.83885,1.83885,0.0,8.76505,4.46977,0.0,66.55568,0.0,38.0,56.0,0.03638,3.81104,3.06379,1.83118,1.00269,1.0,1.00269,1.0,1.0,0.0,0.50995,0.0,0.0,0.0,0.00033,0.00033
relu,machine-3-7,33,level,W3_b01,38,0,R0,0.04468,0.03955,0.75226,3.5054,0.68141,2.98319,-0.55842,1.64236,50.42471,50.42471,0.0,92.98249,92.98249,0.0,0.0,38.0,0.03955,3.5054,2.98319,1.64236,0.2146,0.2146,1.0,0.22842,-0.34001,1.0,0.0,1.0,0.0,0.00513,0.00513,0.0
relu,machine-3-7,33,level,W3_b01,38,0,R_all,0.08879,0.08879,1.91219,1.91219,1.80415,1.80415,0.72986,0.72986,0.0,50.42471,132.69048,0.0,92.98249,0.0,38.0,0.0,0.03955,3.5054,2.98319,1.64236,0.5455,1.0,0.5455,1.0,1.0,0.0,2.63146,0.0,0.0,0.0,0.04924,0.04924
relu,machine-3-7,33,level,W3_b01,38,0,R_fault,0.05314,0.04948,2.67763,2.9817,2.37427,2.6146,1.04941,1.28447,8.98929,50.42471,56.70061,34.94431,92.98249,0.0,30.0,8.0,0.03955,3.5054,2.98319,1.64236,0.76386,0.89802,0.8506,0.90808,0.817,0.17827,1.12446,0.37582,0.0,0.00366,0.01359,0.00993
relu,machine-3-7,33,level,W3_b01,38,0,R_fault_rec,0.08879,0.08879,1.91219,1.91219,1.80415,1.80415,0.72986,0.72986,0.0,50.42471,132.69048,0.0,92.98249,0.0,38.0,0.0,0.03955,3.5054,2.98319,1.64236,0.5455,1.0,0.5455,1.0,1.0,0.0,2.63146,0.0,0.0,0.0,0.04924,0.04924
relu,machine-3-7,33,level,W3_b01,38,64,R0,0.0341,0.03475,3.60008,3.90285,2.82003,3.05342,1.75582,1.89802,8.57017,8.57017,0.0,66.49731,66.49731,0.0,0.0,102.0,0.03475,3.90285,3.05342,1.89802,0.92242,0.92242,1.0,0.92356,0.92508,1.0,0.0,1.0,0.0,-0.00065,-0.00065,0.0
relu,machine-3-7,33,level,W3_b01,38,64,R_all,0.03499,0.03499,3.91144,3.91144,3.07025,3.07025,1.90456,1.90456,0.0,8.57017,4.29423,0.0,66.49731,0.0,38.0,64.0,0.03475,3.90285,3.05342,1.89802,1.0022,1.0,1.0022,1.0,1.0,0.0,0.50107,0.0,0.0,0.0,0.00024,0.00024
relu,machine-3-7,33,level,W3_b01,38,64,R_fault,0.03459,0.03507,3.88185,3.9101,3.05917,3.06616,1.8977,1.90363,3.82034,8.57017,3.29468,32.98853,66.49731,0.0,30.0,72.0,0.03475,3.90285,3.05342,1.89802,0.99462,0.99277,1.00186,0.99772,0.99688,0.44577,0.38444,0.49609,0.0,-0.00049,-0.00016,0.00033
relu,machine-3-7,33,level,W3_b01,38,64,R_fault_rec,0.03499,0.03499,3.91144,3.91144,3.07025,3.07025,1.90456,1.90456,0.0,8.57017,4.29423,0.0,66.49731,0.0,38.0,64.0,0.03475,3.90285,3.05342,1.89802,1.0022,1.0,1.0022,1.0,1.0,0.0,0.50107,0.0,0.0,0.0,0.00024,0.00024
relu,machine-3-7,33,level,W3_b01,46,0,R0,0.04077,0.03914,2.30036,3.54995,1.9339,2.99689,0.68174,1.67016,24.37702,24.37702,0.0,72.75961,72.75961,0.0,0.0,46.0,0.03914,3.54995,2.99689,1.67016,0.648,0.648,1.0,0.6453,0.40819,1.0,0.0,1.0,0.0,0.00163,0.00163,0.0
relu,machine-3-7,33,level,W3_b01,46,0,R_all,0.08879,0.08879,1.91219,1.91219,1.80415,1.80415,0.72986,0.72986,0.0,24.37702,133.90385,0.0,72.75961,0.0,46.0,0.0,0.03914,3.54995,2.99689,1.67016,0.53865,1.0,0.53865,1.0,1.0,0.0,5.49303,0.0,0.0,0.0,0.04964,0.04964
relu,machine-3-7,33,level,W3_b01,46,0,R_fault,0.04224,0.04199,3.29741,3.44928,2.82158,2.93191,1.46383,1.58495,5.72485,24.37702,24.36409,33.49845,72.75961,0.0,30.0,16.0,0.03914,3.54995,2.99689,1.67016,0.92886,0.95597,0.97164,0.96237,0.92358,0.23485,0.99947,0.4604,0.0,0.00024,0.00309,0.00285
relu,machine-3-7,33,level,W3_b01,46,0,R_fault_rec,0.04932,0.04932,2.99267,2.99267,2.62053,2.62053,1.28871,1.28871,0.0,24.37702,58.12936,0.0,72.75961,0.0,38.0,8.0,0.03914,3.54995,2.99689,1.67016,0.84302,1.0,0.84302,1.0,1.0,0.0,2.3846,0.0,0.0,0.0,0.01017,0.01017
relu,machine-3-7,33,level,W3_b01,46,64,R0,0.03182,0.03141,3.66431,3.97797,2.75852,2.99077,1.79536,1.94866,8.4243,8.4243,0.0,66.43325,66.43325,0.0,0.0,110.0,0.03141,3.97797,2.99077,1.94866,0.92115,0.92115,1.0,0.92234,0.92133,1.0,0.0,1.0,0.0,0.00041,0.00041,0.0
relu,machine-3-7,33,level,W3_b01,46,64,R_all,0.03166,0.03166,3.98459,3.98459,3.0097,3.0097,1.95366,1.95366,0.0,8.4243,5.08194,0.0,66.43325,0.0,46.0,64.0,0.03141,3.97797,2.99077,1.94866,1.00166,1.0,1.00166,1.0,1.0,0.0,0.60325,0.0,0.0,0.0,0.00024,0.00024
relu,machine-3-7,33,level,W3_b01,46,64,R_fault,0.03198,0.03166,3.95187,3.98349,2.99551,3.00245,1.94357,1.95292,3.76248,8.4243,3.12102,32.9579,66.43325,0.0,30.0,80.0,0.03141,3.97797,2.99077,1.94866,0.99344,0.99206,1.00139,0.99769,0.99521,0.44662,0.37048,0.49611,0.0,0.00033,0.00057,0.00024
relu,machine-3-7,33,level,W3_b01,46,64,R_fault_rec,0.03166,0.03166,3.98509,3.98509,3.00697,3.00697,1.95411,1.95411,0.0,8.4243,4.07237,0.0,66.43325,0.0,38.0,72.0,0.03141,3.97797,2.99077,1.94866,1.00179,1.0,1.00179,1.0,1.0,0.0,0.48341,0.0,0.0,0.0,0.00024,0.00024
relu,machine-3-7,33,level,W3_b05,30,0,R0,0.18351,0.06608,-3.41883,3.51923,-2.89994,2.83022,-2.6742,1.58897,139.30348,139.30348,0.0,195.37595,195.37595,0.0,0.0,30.0,0.06608,3.51923,2.83022,1.58897,-0.97147,-0.97147,1.0,-1.02463,-1.68297,1.0,0.0,1.0,0.0,0.11743,0.11743,0.0
relu,machine-3-7,33,level,W3_b05,30,0,R_all,0.27987,0.27987,1.53735,1.53735,1.5228,1.5228,0.52915,0.52915,0.0,139.30348,191.60679,0.0,195.37595,0.0,30.0,0.0,0.06608,3.51923,2.83022,1.58897,0.43684,1.0,0.43684,1.0,1.0,0.0,1.37546,0.0,0.0,0.0,0.21379,0.21379
relu,machine-3-7,33,level,W3_b05,30,0,R_fault,0.27987,0.27987,1.53735,1.53735,1.5228,1.5228,0.52915,0.52915,0.0,139.30348,191.60679,0.0,195.37595,0.0,30.0,0.0,0.06608,3.51923,2.83022,1.58897,0.43684,1.0,0.43684,1.0,1.0,0.0,1.37546,0.0,0.0,0.0,0.21379,0.21379
relu,machine-3-7,33,level,W3_b05,30,0,R_fault_rec,0.27987,0.27987,1.53735,1.53735,1.5228,1.5228,0.52915,0.52915,0.0,139.30348,191.60679,0.0,195.37595,0.0,30.0,0.0,0.06608,3.51923,2.83022,1.58897,0.43684,1.0,0.43684,1.0,1.0,0.0,1.37546,0.0,0.0,0.0,0.21379,0.21379
relu,machine-3-7,33,level,W3_b05,30,64,R0,0.06958,0.0673,4.23129,3.84395,3.0754,2.74394,2.02326,1.79329,9.03119,9.03119,0.0,81.61487,81.61487,0.0,0.0,94.0,0.0673,3.84395,2.74394,1.79329,1.10077,1.10077,1.0,1.1208,1.12824,1.0,0.0,1.0,0.0,0.00228,0.00228,0.0
relu,machine-3-7,33,level,W3_b05,30,64,R_all,0.06982,0.06844,3.75362,3.85742,2.71546,2.75534,1.76607,1.80168,13.46056,9.03119,5.14766,109.34025,81.61487,0.0,30.0,64.0,0.0673,3.84395,2.74394,1.79329,0.9765,0.97309,1.0035,0.98553,0.98024,1.49045,0.56999,1.33971,0.0,0.00138,0.00252,0.00114
relu,machine-3-7,33,level,W3_b05,30,64,R_fault,0.06982,0.06844,3.75362,3.85742,2.71546,2.75534,1.76607,1.80168,13.46056,9.03119,5.14766,109.34025,81.61487,0.0,30.0,64.0,0.0673,3.84395,2.74394,1.79329,0.9765,0.97309,1.0035,0.98553,0.98024,1.49045,0.56999,1.33971,0.0,0.00138,0.00252,0.00114
relu,machine-3-7,33,level,W3_b05,30,64,R_fault_rec,0.0686,0.0686,3.85913,3.85913,2.75824,2.75824,1.80324,1.80324,0.0,9.03119,6.72255,0.0,81.61487,0.0,38.0,56.0,0.0673,3.84395,2.74394,1.79329,1.00395,1.0,1.00395,1.0,1.0,0.0,0.74437,0.0,0.0,0.0,0.0013,0.0013
relu,machine-3-7,33,level,W3_b05,38,0,R0,0.07381,0.06917,3.2668,3.612,2.54268,2.87337,1.25878,1.65663,31.30781,31.30781,0.0,92.34567,92.34567,0.0,0.0,38.0,0.06917,3.612,2.87337,1.65663,0.90443,0.90443,1.0,0.88491,0.75985,1.0,0.0,1.0,0.0,0.00464,0.00464,0.0
relu,machine-3-7,33,level,W3_b05,38,0,R_all,0.27987,0.27987,1.53735,1.53735,1.5228,1.5228,0.52915,0.52915,0.0,31.30781,195.98081,0.0,92.34567,0.0,38.0,0.0,0.06917,3.612,2.87337,1.65663,0.42562,1.0,0.42562,1.0,1.0,0.0,6.2598,0.0,0.0,0.0,0.21069,0.21069
relu,machine-3-7,33,level,W3_b05,38,0,R_fault,0.07316,0.06999,3.04305,3.63017,2.41445,2.89102,1.21272,1.66754,32.69282,31.30781,7.1588,117.4929,92.34567,0.0,30.0,8.0,0.06917,3.612,2.87337,1.65663,0.84248,0.83827,1.00503,0.83516,0.72725,1.04424,0.22866,1.27232,0.0,0.00317,0.00399,0.00081
relu,machine-3-7,33,level,W3_b05,38,0,R_fault_rec,0.27987,0.27987,1.53735,1.53735,1.5228,1.5228,0.52915,0.52915,0.0,31.30781,195.98081,0.0,92.34567,0.0,38.0,0.0,0.06917,3.612,2.87337,1.65663,0.42562,1.0,0.42562,1.0,1.0,0.0,6.2598,0.0,0.0,0.0,0.21069,0.21069
relu,machine-3-7,33,level,W3_b05,38,64,R0,0.06364,0.06169,4.75747,4.36318,3.31308,2.9869,2.39122,2.15012,8.88476,8.88476,0.0,81.31396,81.31396,0.0,0.0,102.0,0.06169,4.36318,2.9869,2.15012,1.09037,1.09037,1.0,1.1092,1.11213,1.0,0.0,1.0,0.0,0.00195,0.00195,0.0
relu,machine-3-7,33,level,W3_b05,38,64,R_all,0.06331,0.06331,4.36988,4.36988,2.99602,2.99602,2.15423,2.15423,0.0,8.88476,6.40129,0.0,81.31396,0.0,38.0,64.0,0.06169,4.36318,2.9869,2.15012,1.00153,1.0,1.00153,1.0,1.0,0.0,0.72048,0.0,0.0,0.0,0.00163,0.00163
relu,machine-3-7,33,level,W3_b05,38,64,R_fault,0.0651,0.06323,4.27943,4.37073,2.97552,2.99395,2.13106,2.1544,13.24736,8.88476,5.13539,108.97092,81.31396,0.0,30.0,72.0,0.06169,4.36318,2.9869,2.15012,0.9808,0.97911,1.00173,0.99384,0.98916,1.49102,0.578,1.34013,0.0,0.00187,0.00342,0.00155
relu,machine-3-7,33,level,W3_b05,38,64,R_fault_rec,0.06331,0.06331,4.36988,4.36988,2.99602,2.99602,2.15423,2.15423,0.0,8.88476,6.40129,0.0,81.31396,0.0,38.0,64.0,0.06169,4.36318,2.9869,2.15012,1.00153,1.0,1.00153,1.0,1.0,0.0,0.72048,0.0,0.0,0.0,0.00163,0.00163
relu,machine-3-7,33,level,W3_b05,46,0,R0,0.07406,0.07056,4.14718,3.71821,3.27519,2.91073,1.98095,1.72342,10.63152,10.63152,0.0,83.1134,83.1134,0.0,0.0,46.0,0.07056,3.71821,2.91073,1.72342,1.11537,1.11537,1.0,1.12521,1.14943,1.0,0.0,1.0,0.0,0.0035,0.0035,0.0
relu,machine-3-7,33,level,W3_b05,46,0,R_all,0.27987,0.27987,1.53735,1.53735,1.5228,1.5228,0.52915,0.52915,0.0,10.63152,188.88075,0.0,83.1134,0.0,46.0,0.0,0.07056,3.71821,2.91073,1.72342,0.41346,1.0,0.41346,1.0,1.0,0.0,17.7661,0.0,0.0,0.0,0.20931,0.20931
relu,machine-3-7,33,level,W3_b05,46,0,R_fault,0.07292,0.07178,3.65318,3.7429,2.88614,2.925,1.71136,1.73932,14.81799,10.63152,6.78266,111.02151,83.1134,0.0,30.0,16.0,0.07056,3.71821,2.91073,1.72342,0.98251,0.97603,1.00664,0.98671,0.98392,1.39378,0.63798,1.33578,0.0,0.00114,0.00236,0.00122
relu,machine-3-7,33,level,W3_b05,46,0,R_fault_rec,0.0721,0.0721,3.73913,3.73913,2.92095,2.92095,1.73427,1.73427,0.0,10.63152,8.51024,0.0,83.1134,0.0,38.0,8.0,0.07056,3.71821,2.91073,1.72342,1.00563,1.0,1.00563,1.0,1.0,0.0,0.80047,0.0,0.0,0.0,0.00155,0.00155
relu,machine-3-7,33,level,W3_b05,46,64,R0,0.05672,0.05363,4.75345,4.37447,3.11787,2.81136,2.37683,2.14554,8.5307,8.5307,0.0,81.05808,81.05808,0.0,0.0,110.0,0.05363,4.37447,2.81136,2.14554,1.08663,1.08663,1.0,1.10903,1.1078,1.0,0.0,1.0,0.0,0.00309,0.00309,0.0
relu,machine-3-7,33,level,W3_b05,46,64,R_all,0.05737,0.05737,4.37527,4.37527,2.82361,2.82361,2.14474,2.14474,0.0,8.5307,7.67816,0.0,81.05808,0.0,46.0,64.0,0.05363,4.37447,2.81136,2.14554,1.00018,1.0,1.00018,1.0,1.0,0.0,0.90006,0.0,0.0,0.0,0.00374,0.00374
relu,machine-3-7,33,level,W3_b05,46,64,R_fault,0.05843,0.05656,4.26874,4.37659,2.78342,2.81238,2.10992,2.14521,13.0629,8.5307,4.74392,108.62072,81.05808,0.0,30.0,80.0,0.05363,4.37447,2.81136,2.14554,0.97583,0.97536,1.00049,0.9897,0.98355,1.53128,0.5561,1.34004,0.0,0.00187,0.0048,0.00293
relu,machine-3-7,33,level,W3_b05,46,64,R_fault_rec,0.0568,0.0568,4.37953,4.37953,2.81826,2.81826,2.14782,2.14782,0.0,8.5307,6.01063,0.0,81.05808,0.0,38.0,72.0,0.05363,4.37447,2.81136,2.14554,1.00116,1.0,1.00116,1.0,1.0,0.0,0.70459,0.0,0.0,0.0,0.00317,0.00317
relu,machine-3-7,33,ramp,W1,30,0,R0,0.02547,0.02441,-0.25833,3.20273,0.36494,2.61099,-0.04674,1.44718,46.36,46.36,0.0,0.0,0.0,0.0,0.0,0.0,0.02441,3.20273,2.61099,1.44718,-0.08066,-0.08066,1.0,0.13977,-0.0323,1.0,0.0,,0.0,0.00106,0.00106,0.0
relu,machine-3-7,33,ramp,W1,30,0,R_all,0.02531,0.02531,2.80735,2.80735,2.31861,2.31861,1.19676,1.19676,0.0,46.36,35.31337,0.0,0.0,0.0,30.0,0.0,0.02441,3.20273,2.61099,1.44718,0.87655,1.0,0.87655,1.0,1.0,0.0,0.76172,,0.0,0.0,0.0009,0.0009
relu,machine-3-7,33,ramp,W1,30,0,R_fault,0.02531,0.02531,2.80735,2.80735,2.31861,2.31861,1.19676,1.19676,0.0,46.36,35.31337,0.0,0.0,0.0,30.0,0.0,0.02441,3.20273,2.61099,1.44718,0.87655,1.0,0.87655,1.0,1.0,0.0,0.76172,,0.0,0.0,0.0009,0.0009
relu,machine-3-7,33,ramp,W1,30,0,R_fault_rec,0.02531,0.02531,2.80735,2.80735,2.31861,2.31861,1.19676,1.19676,0.0,46.36,35.31337,0.0,0.0,0.0,30.0,0.0,0.02441,3.20273,2.61099,1.44718,0.87655,1.0,0.87655,1.0,1.0,0.0,0.76172,,0.0,0.0,0.0009,0.0009
relu,machine-3-7,33,ramp,W1,30,64,R0,0.02116,0.02124,1.52733,3.7652,1.4247,2.74296,1.2651,1.79696,15.97978,15.97978,0.0,0.0,0.0,0.0,0.0,0.0,0.02124,3.7652,2.74296,1.79696,0.40564,0.40564,1.0,0.5194,0.70402,1.0,0.0,,0.0,-8e-05,-8e-05,0.0
relu,machine-3-7,33,ramp,W1,30,64,R_all,0.02116,0.02116,3.85056,3.76213,2.73175,2.74308,1.8494,1.79422,3.8962,15.97978,3.37157,0.0,0.0,0.0,30.0,0.0,0.02124,3.7652,2.74296,1.79696,1.02267,1.0235,0.99918,0.99587,1.03076,0.24382,0.21099,,0.0,0.0,-8e-05,-8e-05
relu,machine-3-7,33,ramp,W1,30,64,R_fault,0.02116,0.02116,3.85056,3.76213,2.73175,2.74308,1.8494,1.79422,3.8962,15.97978,3.37157,0.0,0.0,0.0,30.0,0.0,0.02124,3.7652,2.74296,1.79696,1.02267,1.0235,0.99918,0.99587,1.03076,0.24382,0.21099,,0.0,0.0,-8e-05,-8e-05
relu,machine-3-7,33,ramp,W1,30,64,R_fault_rec,0.02116,0.02116,3.76109,3.76109,2.73367,2.73367,1.79635,1.79635,0.0,15.97978,4.46926,0.0,0.0,0.0,38.0,0.0,0.02124,3.7652,2.74296,1.79696,0.99891,1.0,0.99891,1.0,1.0,0.0,0.27968,,0.0,0.0,-8e-05,-8e-05
relu,machine-3-7,33,ramp,W1,38,0,R0,0.02474,0.02433,0.11377,3.26754,0.61358,2.64126,0.11997,1.4998,41.73117,41.73117,0.0,0.0,0.0,0.0,0.0,0.0,0.02433,3.26754,2.64126,1.4998,0.03482,0.03482,1.0,0.23231,0.07999,1.0,0.0,,0.0,0.00041,0.00041,0.0
relu,machine-3-7,33,ramp,W1,38,0,R_all,0.02531,0.02531,2.80735,2.80735,2.31861,2.31861,1.19676,1.19676,0.0,41.73117,37.49361,0.0,0.0,0.0,38.0,0.0,0.02433,3.26754,2.64126,1.4998,0.85916,1.0,0.85916,1.0,1.0,0.0,0.89846,,0.0,0.0,0.00098,0.00098
relu,machine-3-7,33,ramp,W1,38,0,R_fault,0.02466,0.02458,2.71408,3.16847,2.217,2.62362,1.05222,1.43153,19.69789,41.73117,16.778,0.0,0.0,0.0,30.0,0.0,0.02433,3.26754,2.64126,1.4998,0.83062,0.85659,0.96968,0.84501,0.73503,0.47202,0.40205,,0.0,8e-05,0.00033,0.00024
relu,machine-3-7,33,ramp,W1,38,0,R_fault_rec,0.02531,0.02531,2.80735,2.80735,2.31861,2.31861,1.19676,1.19676,0.0,41.73117,37.49361,0.0,0.0,0.0,38.0,0.0,0.02433,3.26754,2.64126,1.4998,0.85916,1.0,0.85916,1.0,1.0,0.0,0.89846,,0.0,0.0,0.00098,0.00098
relu,machine-3-7,33,ramp,W1,38,64,R0,0.021,0.02116,1.65717,3.84848,1.51023,2.77421,1.31639,1.8219,15.01874,15.01874,0.0,0.0,0.0,0.0,0.0,0.0,0.02116,3.84848,2.77421,1.8219,0.4306,0.4306,1.0,0.54438,0.72254,1.0,0.0,,0.0,-0.00016,-0.00016,0.0
relu,machine-3-7,33,ramp,W1,38,64,R_all,0.021,0.021,3.84781,3.84781,2.7758,2.7758,1.81808,1.81808,0.0,15.01874,3.66206,0.0,0.0,0.0,38.0,0.0,0.02116,3.84848,2.77421,1.8219,0.99983,1.0,0.99983,1.0,1.0,0.0,0.24383,,0.0,0.0,-0.00016,-0.00016
relu,machine-3-7,33,ramp,W1,38,64,R_fault,0.021,0.021,3.95596,3.84926,2.78082,2.77558,1.86847,1.82006,3.55976,15.01874,2.75791,0.0,0.0,0.0,30.0,0.0,0.02116,3.84848,2.77421,1.8219,1.02793,1.02772,1.0002,1.00189,1.0266,0.23702,0.18363,,0.0,0.0,-0.00016,-0.00016
relu,machine-3-7,33,ramp,W1,38,64,R_fault_rec,0.021,0.021,3.84781,3.84781,2.7758,2.7758,1.81808,1.81808,0.0,15.01874,3.66206,0.0,0.0,0.0,38.0,0.0,0.02116,3.84848,2.77421,1.8219,0.99983,1.0,0.99983,1.0,1.0,0.0,0.24383,,0.0,0.0,-0.00016,-0.00016
relu,machine-3-7,33,ramp,W1,46,0,R0,0.02401,0.02384,0.76435,3.34297,1.12254,2.67318,0.67561,1.54345,27.052,27.052,0.0,0.0,0.0,0.0,0.0,0.0,0.02384,3.34297,2.67318,1.54345,0.22864,0.22864,1.0,0.41993,0.43773,1.0,0.0,,0.0,0.00016,0.00016,0.0
relu,machine-3-7,33,ramp,W1,46,0,R_all,0.02531,0.02531,2.80735,2.80735,2.31861,2.31861,1.19676,1.19676,0.0,27.052,40.31598,0.0,0.0,0.0,46.0,0.0,0.02384,3.34297,2.67318,1.54345,0.83978,1.0,0.83978,1.0,1.0,0.0,1.49031,,0.0,0.0,0.00146,0.00146
relu,machine-3-7,33,ramp,W1,46,0,R_fault,0.02401,0.02384,3.21485,3.30444,2.56919,2.65268,1.44888,1.51045,9.70531,27.052,11.08479,0.0,0.0,0.0,30.0,0.0,0.02384,3.34297,2.67318,1.54345,0.96167,0.97289,0.98847,0.96853,0.95924,0.35876,0.40976,,0.0,0.00016,0.00016,0.0
relu,machine-3-7,33,ramp,W1,46,0,R_fault_rec,0.02393,0.02393,3.25429,3.25429,2.63142,2.63142,1.46453,1.46453,0.0,27.052,15.73253,0.0,0.0,0.0,38.0,0.0,0.02384,3.34297,2.67318,1.54345,0.97347,1.0,0.97347,1.0,1.0,0.0,0.58157,,0.0,0.0,8e-05,8e-05
relu,machine-3-7,33,ramp,W1,46,64,R0,0.02067,0.02091,1.72138,3.876,1.56504,2.79529,1.3746,1.84747,14.43917,14.43917,0.0,0.0,0.0,0.0,0.0,0.0,0.02091,3.876,2.79529,1.84747,0.44411,0.44411,1.0,0.55988,0.74404,1.0,0.0,,0.0,-0.00024,-0.00024,0.0
relu,machine-3-7,33,ramp,W1,46,64,R_all,0.02067,0.02067,3.87456,3.87456,2.79703,2.79703,1.84583,1.84583,0.0,14.43917,4.56567,0.0,0.0,0.0,46.0,0.0,0.02091,3.876,2.79529,1.84747,0.99963,1.0,0.99963,1.0,1.0,0.0,0.3162,,0.0,0.0,-0.00024,-0.00024
relu,machine-3-7,33,ramp,W1,46,64,R_fault,0.02067,0.02075,4.00602,3.87802,2.8053,2.79567,1.90111,1.84597,3.36235,14.43917,2.43119,0.0,0.0,0.0,30.0,0.0,0.02091,3.876,2.79529,1.84747,1.03355,1.03301,1.00052,1.00345,1.02987,0.23286,0.16837,,0.0,-8e-05,-0.00024,-0.00016
relu,machine-3-7,33,ramp,W1,46,64,R_fault_rec,0.02067,0.02067,3.87849,3.87849,2.79697,2.79697,1.84673,1.84673,0.0,14.43917,3.2419,0.0,0.0,0.0,38.0,0.0,0.02091,3.876,2.79529,1.84747,1.00064,1.0,1.00064,1.0,1.0,0.0,0.22452,,0.0,0.0,-0.00024,-0.00024
relu,machine-3-7,33,ramp,W2_f0995,30,0,R0,0.12638,0.1285,1.51256,2.46162,1.29571,2.06912,0.37025,1.02,22.45668,22.45668,0.0,3929.58032,3929.58032,0.0,0.0,0.0,0.1285,2.46162,2.06912,1.02,0.61445,0.61445,1.0,0.62621,0.36299,1.0,0.0,1.0,0.0,-0.00212,-0.00212,0.0
relu,machine-3-7,33,ramp,W2_f0995,30,0,R_all,0.18864,0.18864,2.24962,2.24962,1.94757,1.94757,0.91724,0.91724,0.0,22.45668,21.10933,0.0,3929.58032,0.0,30.0,0.0,0.1285,2.46162,2.06912,1.02,0.91388,1.0,0.91388,1.0,1.0,0.0,0.94,0.0,0.0,0.0,0.06014,0.06014
relu,machine-3-7,33,ramp,W2_f0995,30,0,R_fault,0.18864,0.18864,2.24962,2.24962,1.94757,1.94757,0.91724,0.91724,0.0,22.45668,21.10933,0.0,3929.58032,0.0,30.0,0.0,0.1285,2.46162,2.06912,1.02,0.91388,1.0,0.91388,1.0,1.0,0.0,0.94,0.0,0.0,0.0,0.06014,0.06014
relu,machine-3-7,33,ramp,W2_f0995,30,0,R_fault_rec,0.18864,0.18864,2.24962,2.24962,1.94757,1.94757,0.91724,0.91724,0.0,22.45668,21.10933,0.0,3929.58032,0.0,30.0,0.0,0.1285,2.46162,2.06912,1.02,0.91388,1.0,0.91388,1.0,1.0,0.0,0.94,0.0,0.0,0.0,0.06014,0.06014
relu,machine-3-7,33,ramp,W2_f0995,30,64,R0,0.1132,0.11182,2.22755,2.86175,1.7811,2.29689,0.77055,1.23112,14.67346,14.67346,0.0,2953.23778,2953.23778,0.0,0.0,0.0,0.11182,2.86175,2.29689,1.23112,0.77839,0.77839,1.0,0.77544,0.6259,1.0,0.0,1.0,0.0,0.00138,0.00138,0.0
relu,machine-3-7,33,ramp,W2_f0995,30,64,R_all,0.10767,0.10758,2.78369,2.79236,2.25685,2.26179,1.18297,1.18943,0.22086,14.67346,7.68807,268.46613,2953.23778,4.32579,30.0,0.0,0.11182,2.86175,2.29689,1.23112,0.97272,0.9969,0.97575,0.99781,0.99457,0.01505,0.52394,0.09091,0.2948,8e-05,-0.00415,-0.00423
relu,machine-3-7,33,ramp,W2_f0995,30,64,R_fault,0.10767,0.10758,2.78369,2.79236,2.25685,2.26179,1.18297,1.18943,0.22086,14.67346,7.68807,268.46613,2953.23778,4.32579,30.0,0.0,0.11182,2.86175,2.29689,1.23112,0.97272,0.9969,0.97575,0.99781,0.99457,0.01505,0.52394,0.09091,0.2948,8e-05,-0.00415,-0.00423
relu,machine-3-7,33,ramp,W2_f0995,30,64,R_fault_rec,0.10596,0.10596,2.75939,2.75939,2.2435,2.2435,1.16997,1.16997,0.0,14.67346,10.48688,0.0,2953.23778,5.32935,38.0,0.0,0.11182,2.86175,2.29689,1.23112,0.96423,1.0,0.96423,1.0,1.0,0.0,0.71468,0.0,0.3632,0.0,-0.00586,-0.00586
relu,machine-3-7,33,ramp,W2_f0995,38,0,R0,0.12093,0.11955,1.59915,2.51661,1.35567,2.10148,0.41397,1.04854,21.33058,21.33058,0.0,3910.26233,3910.26233,0.0,0.0,0.0,0.11955,2.51661,2.10148,1.04854,0.63544,0.63544,1.0,0.6451,0.3948,1.0,0.0,1.0,0.0,0.00138,0.00138,0.0
relu,machine-3-7,33,ramp,W2_f0995,38,0,R_all,0.18864,0.18864,2.24962,2.24962,1.94757,1.94757,0.91724,0.91724,0.0,21.33058,26.08523,0.0,3910.26233,0.0,38.0,0.0,0.11955,2.51661,2.10148,1.04854,0.89391,1.0,0.89391,1.0,1.0,0.0,1.2229,0.0,0.0,0.0,0.06909,0.06909
relu,machine-3-7,33,ramp,W2_f0995,38,0,R_fault,0.1486,0.14705,2.29286,2.33194,1.96904,1.99617,0.92906,0.95638,0.56071,21.33058,18.40359,355.46511,3910.26233,0.98554,30.0,0.0,0.11955,2.51661,2.10148,1.04854,0.91109,0.98324,0.92662,0.98641,0.97144,0.02629,0.86278,0.09091,0.0462,0.00155,0.02905,0.02751
relu,machine-3-7,33,ramp,W2_f0995,38,0,R_fault_rec,0.18864,0.18864,2.24962,2.24962,1.94757,1.94757,0.91724,0.91724,0.0,21.33058,26.08523,0.0,3910.26233,0.0,38.0,0.0,0.11955,2.51661,2.10148,1.04854,0.89391,1.0,0.89391,1.0,1.0,0.0,1.2229,0.0,0.0,0.0,0.06909,0.06909
relu,machine-3-7,33,ramp,W2_f0995,38,64,R0,0.11092,0.11003,2.30711,2.91143,1.83393,2.32491,0.81658,1.25874,13.94162,13.94162,0.0,2837.15499,2837.15499,0.0,0.0,0.0,0.11003,2.91143,2.32491,1.25874,0.79243,0.79243,1.0,0.78882,0.64873,1.0,0.0,1.0,0.0,0.0009,0.0009,0.0
relu,machine-3-7,33,ramp,W2_f0995,38,64,R_all,0.104,0.104,2.82404,2.82404,2.28102,2.28102,1.20511,1.20511,0.0,13.94162,9.32097,0.0,2837.15499,5.6086,38.0,0.0,0.11003,2.91143,2.32491,1.25874,0.96999,1.0,0.96999,1.0,1.0,0.0,0.66857,0.0,0.40229,0.0,-0.00602,-0.00602
relu,machine-3-7,33,ramp,W2_f0995,38,64,R_fault,0.10506,0.1049,2.84593,2.85278,2.29304,2.29659,1.21734,1.22252,0.19611,13.94162,6.86381,257.91355,2837.15499,4.50368,30.0,0.0,0.11003,2.91143,2.32491,1.25874,0.9775,0.9976,0.97986,0.99845,0.99576,0.01407,0.49233,0.09091,0.32304,0.00016,-0.00496,-0.00513
relu,machine-3-7,33,ramp,W2_f0995,38,64,R_fault_rec,0.104,0.104,2.82404,2.82404,2.28102,2.28102,1.20511,1.20511,0.0,13.94162,9.32097,0.0,2837.15499,5.6086,38.0,0.0,0.11003,2.91143,2.32491,1.25874,0.96999,1.0,0.96999,1.0,1.0,0.0,0.66857,0.0,0.40229,0.0,-0.00602,-0.00602
relu,machine-3-7,33,ramp,W2_f0995,46,0,R0,0.11825,0.11808,1.69976,2.56667,1.4247,2.12998,0.47026,1.0737,20.1712,20.1712,0.0,3756.56182,3756.56182,0.0,0.0,0.0,0.11808,2.56667,2.12998,1.0737,0.66224,0.66224,1.0,0.66888,0.43798,1.0,0.0,1.0,0.0,0.00016,0.00016,0.0
relu,machine-3-7,33,ramp,W2_f0995,46,0,R_all,0.18864,0.18864,2.24962,2.24962,1.94757,1.94757,0.91724,0.91724,0.0,20.1712,30.93646,0.0,3756.56182,0.0,46.0,0.0,0.11808,2.56667,2.12998,1.0737,0.87647,1.0,0.87647,1.0,1.0,0.0,1.53369,0.0,0.0,0.0,0.07056,0.07056
relu,machine-3-7,33,ramp,W2_f0995,46,0,R_fault,0.13135,0.13078,2.37352,2.40497,2.01681,2.03855,0.96853,0.99064,0.48383,20.1712,16.115,341.49286,3756.56182,1.80907,30.0,0.0,0.11808,2.56667,2.12998,1.0737,0.92475,0.98692,0.937,0.98933,0.97768,0.02399,0.79891,0.09091,0.08969,0.00057,0.01326,0.0127
relu,machine-3-7,33,ramp,W2_f0995,46,0,R_fault_rec,0.14518,0.14518,2.33341,2.33341,1.99643,1.99643,0.95527,0.95527,0.0,20.1712,22.65859,0.0,3756.56182,1.36075,38.0,0.0,0.11808,2.56667,2.12998,1.0737,0.90912,1.0,0.90912,1.0,1.0,0.0,1.12331,0.0,0.06746,0.0,0.0271,0.0271
relu,machine-3-7,33,ramp,W2_f0995,46,64,R0,0.10824,0.1084,2.38312,2.95944,1.88371,2.35135,0.8606,1.2854,13.25294,13.25294,0.0,2725.63506,2725.63506,0.0,0.0,0.0,0.1084,2.95944,2.35135,1.2854,0.80526,0.80526,1.0,0.80112,0.66952,1.0,0.0,1.0,0.0,-0.00016,-0.00016,0.0
relu,machine-3-7,33,ramp,W2_f0995,46,64,R_all,0.09847,0.09847,2.85877,2.85877,2.30258,2.30258,1.22322,1.22322,0.0,13.25294,10.91413,0.0,2725.63506,6.94621,46.0,0.0,0.1084,2.95944,2.35135,1.2854,0.96598,1.0,0.96598,1.0,1.0,0.0,0.82353,0.0,0.52413,0.0,-0.00993,-0.00993
relu,machine-3-7,33,ramp,W2_f0995,46,64,R_fault,0.10173,0.10173,2.90514,2.91049,2.32666,2.32907,1.25013,1.25425,0.17512,13.25294,6.16861,247.77575,2725.63506,4.64623,30.0,0.0,0.1084,2.95944,2.35135,1.2854,0.98165,0.99816,0.98346,0.99897,0.99672,0.01321,0.46545,0.09091,0.35058,0.0,-0.00667,-0.00667
relu,machine-3-7,33,ramp,W2_f0995,46,64,R_fault_rec,0.09993,0.09993,2.88551,2.88551,2.31592,2.31592,1.23871,1.23871,0.0,13.25294,8.33684,0.0,2725.63506,5.83416,38.0,0.0,0.1084,2.95944,2.35135,1.2854,0.97502,1.0,0.97502,1.0,1.0,0.0,0.62906,0.0,0.44022,0.0,-0.00846,-0.00846
relu,machine-3-7,33,ramp,W3_b01,30,0,R0,0.05078,0.0284,-2.6156,3.51905,-1.4134,2.72994,-2.22385,1.5881,102.47067,102.47067,0.0,148.65686,148.65686,0.0,0.0,30.0,0.0284,3.51905,2.72994,1.5881,-0.74327,-0.74327,1.0,-0.51774,-1.40032,1.0,0.0,1.0,0.0,0.02238,0.02238,0.0
relu,machine-3-7,33,ramp,W3_b01,30,0,R_all,0.05933,0.05933,2.58964,2.58964,2.21983,2.21983,1.06673,1.06673,0.0,102.47067,68.4027,0.0,148.65686,0.0,30.0,0.0,0.0284,3.51905,2.72994,1.5881,0.73589,1.0,0.73589,1.0,1.0,0.0,0.66753,0.0,0.0,0.0,0.03092,0.03092
relu,machine-3-7,33,ramp,W3_b01,30,0,R_fault,0.05933,0.05933,2.58964,2.58964,2.21983,2.21983,1.06673,1.06673,0.0,102.47067,68.4027,0.0,148.65686,0.0,30.0,0.0,0.0284,3.51905,2.72994,1.5881,0.73589,1.0,0.73589,1.0,1.0,0.0,0.66753,0.0,0.0,0.0,0.03092,0.03092
relu,machine-3-7,33,ramp,W3_b01,30,0,R_fault_rec,0.05933,0.05933,2.58964,2.58964,2.21983,2.21983,1.06673,1.06673,0.0,102.47067,68.4027,0.0,148.65686,0.0,30.0,0.0,0.0284,3.51905,2.72994,1.5881,0.73589,1.0,0.73589,1.0,1.0,0.0,0.66753,0.0,0.0,0.0,0.03092,0.03092
relu,machine-3-7,33,ramp,W3_b01,30,64,R0,0.02035,0.01929,3.50822,4.02145,2.59627,3.00472,1.62238,1.91808,7.81167,7.81167,0.0,60.55578,60.55578,0.0,0.0,94.0,0.01929,4.02145,3.00472,1.91808,0.87238,0.87238,1.0,0.86406,0.84584,1.0,0.0,1.0,0.0,0.00106,0.00106,0.0
relu,machine-3-7,33,ramp,W3_b01,30,64,R_all,0.01937,0.0188,3.98635,4.02613,2.97842,3.00984,1.89774,1.92165,2.75347,7.81167,2.08721,22.54855,60.55578,0.0,30.0,64.0,0.01929,4.02145,3.00472,1.91808,0.99127,0.99012,1.00116,0.98956,0.98756,0.35248,0.26719,0.37236,0.0,0.00057,8e-05,-0.00049
relu,machine-3-7,33,ramp,W3_b01,30,64,R_fault,0.01937,0.0188,3.98635,4.02613,2.97842,3.00984,1.89774,1.92165,2.75347,7.81167,2.08721,22.54855,60.55578,0.0,30.0,64.0,0.01929,4.02145,3.00472,1.91808,0.99127,0.99012,1.00116,0.98956,0.98756,0.35248,0.26719,0.37236,0.0,0.00057,8e-05,-0.00049
relu,machine-3-7,33,ramp,W3_b01,30,64,R_fault_rec,0.01896,0.01896,4.02906,4.02906,3.01339,3.01339,1.92365,1.92365,0.0,7.81167,2.60973,0.0,60.55578,0.0,38.0,56.0,0.01929,4.02145,3.00472,1.91808,1.00189,1.0,1.00189,1.0,1.0,0.0,0.33408,0.0,0.0,0.0,-0.00033,-0.00033
relu,machine-3-7,33,ramp,W3_b01,38,0,R0,0.03263,0.02702,0.3742,3.64666,0.54199,2.81045,-0.84814,1.68216,54.61065,54.61065,0.0,92.46438,92.46438,0.0,0.0,38.0,0.02702,3.64666,2.81045,1.68216,0.10261,0.10261,1.0,0.19285,-0.5042,1.0,0.0,1.0,0.0,0.00562,0.00562,0.0
relu,machine-3-7,33,ramp,W3_b01,38,0,R_all,0.05933,0.05933,2.58964,2.58964,2.21983,2.21983,1.06673,1.06673,0.0,54.61065,72.1892,0.0,92.46438,0.0,38.0,0.0,0.02702,3.64666,2.81045,1.68216,0.71014,1.0,0.71014,1.0,1.0,0.0,1.32189,0.0,0.0,0.0,0.03231,0.03231
relu,machine-3-7,33,ramp,W3_b01,38,0,R_fault,0.03182,0.03019,3.05723,3.30118,2.45346,2.61945,1.27926,1.4721,9.14107,54.61065,31.3944,25.52043,92.46438,0.0,30.0,8.0,0.02702,3.64666,2.81045,1.68216,0.83836,0.9261,0.90526,0.93663,0.869,0.16739,0.57488,0.276,0.0,0.00163,0.0048,0.00317
relu,machine-3-7,33,ramp,W3_b01,38,0,R_fault_rec,0.05933,0.05933,2.58964,2.58964,2.21983,2.21983,1.06673,1.06673,0.0,54.61065,72.1892,0.0,92.46438,0.0,38.0,0.0,0.02702,3.64666,2.81045,1.68216,0.71014,1.0,0.71014,1.0,1.0,0.0,1.32189,0.0,0.0,0.0,0.03231,0.03231
relu,machine-3-7,33,ramp,W3_b01,38,64,R0,0.02035,0.01921,3.60924,4.1275,2.64651,3.06031,1.69201,1.9937,7.63507,7.63507,0.0,60.49527,60.49527,0.0,0.0,102.0,0.01921,4.1275,3.06031,1.9937,0.87444,0.87444,1.0,0.86479,0.84868,1.0,0.0,1.0,0.0,0.00114,0.00114,0.0
relu,machine-3-7,33,ramp,W3_b01,38,64,R_all,0.0188,0.0188,4.13396,4.13396,3.06929,3.06929,1.99841,1.99841,0.0,7.63507,2.52007,0.0,60.49527,0.0,38.0,64.0,0.01921,4.1275,3.06031,1.9937,1.00157,1.0,1.00157,1.0,1.0,0.0,0.33006,0.0,0.0,0.0,-0.00041,-0.00041
relu,machine-3-7,33,ramp,W3_b01,38,64,R_fault,0.01929,0.01855,4.0907,4.13077,3.03384,3.06538,1.97194,1.99621,2.69412,7.63507,2.00974,22.53381,60.49527,0.0,30.0,72.0,0.01921,4.1275,3.06031,1.9937,0.99108,0.9903,1.00079,0.98971,0.98784,0.35286,0.26323,0.37249,0.0,0.00073,8e-05,-0.00065
relu,machine-3-7,33,ramp,W3_b01,38,64,R_fault_rec,0.0188,0.0188,4.13396,4.13396,3.06929,3.06929,1.99841,1.99841,0.0,7.63507,2.52007,0.0,60.49527,0.0,38.0,64.0,0.01921,4.1275,3.06031,1.9937,1.00157,1.0,1.00157,1.0,1.0,0.0,0.33006,0.0,0.0,0.0,-0.00041,-0.00041
relu,machine-3-7,33,ramp,W3_b01,46,0,R0,0.02726,0.02563,2.02121,3.67818,1.62009,2.82264,0.38497,1.69025,27.10052,27.10052,0.0,68.81133,68.81133,0.0,0.0,46.0,0.02563,3.67818,2.82264,1.69025,0.54951,0.54951,1.0,0.57396,0.22776,1.0,0.0,1.0,0.0,0.00163,0.00163,0.0
relu,machine-3-7,33,ramp,W3_b01,46,0,R_all,0.05933,0.05933,2.58964,2.58964,2.21983,2.21983,1.06673,1.06673,0.0,27.10052,74.88088,0.0,68.81133,0.0,46.0,0.0,0.02563,3.67818,2.82264,1.69025,0.70406,1.0,0.70406,1.0,1.0,0.0,2.76308,0.0,0.0,0.0,0.03369,0.03369
relu,machine-3-7,33,ramp,W3_b01,46,0,R_fault,0.02661,0.02572,3.42774,3.56892,2.66115,2.75793,1.50698,1.62165,5.27469,27.10052,13.79764,23.28578,68.81133,0.0,30.0,16.0,0.02563,3.67818,2.82264,1.69025,0.93191,0.96044,0.9703,0.96491,0.92929,0.19463,0.50913,0.3384,0.0,0.0009,0.00098,8e-05
relu,machine-3-7,33,ramp,W3_b01,46,0,R_fault_rec,0.02743,0.02743,3.28897,3.28897,2.60551,2.60551,1.44633,1.44633,0.0,27.10052,32.33844,0.0,68.81133,0.0,38.0,8.0,0.02563,3.67818,2.82264,1.69025,0.89418,1.0,0.89418,1.0,1.0,0.0,1.19328,0.0,0.0,0.0,0.00179,0.00179
relu,machine-3-7,33,ramp,W3_b01,46,64,R0,0.02018,0.01888,3.55183,4.07009,2.62135,3.03372,1.65478,1.95609,7.47908,7.47908,0.0,60.44863,60.44863,0.0,0.0,110.0,0.01888,4.07009,3.03372,1.95609,0.87266,0.87266,1.0,0.86407,0.84596,1.0,0.0,1.0,0.0,0.0013,0.0013,0.0
relu,machine-3-7,33,ramp,W3_b01,46,64,R_all,0.01799,0.01799,4.07424,4.07424,3.04275,3.04275,1.95971,1.95971,0.0,7.47908,2.8509,0.0,60.44863,0.0,46.0,64.0,0.01888,4.07009,3.03372,1.95609,1.00102,1.0,1.00102,1.0,1.0,0.0,0.38118,0.0,0.0,0.0,-0.0009,-0.0009
relu,machine-3-7,33,ramp,W3_b01,46,64,R_fault,0.0188,0.01815,4.03301,4.07175,3.00781,3.03789,1.93453,1.95736,2.61931,7.47908,1.95636,22.52053,60.44863,0.0,30.0,80.0,0.01888,4.07009,3.03372,1.95609,0.99089,0.99049,1.00041,0.9901,0.98834,0.35022,0.26158,0.37256,0.0,0.00065,-8e-05,-0.00073
relu,machine-3-7,33,ramp,W3_b01,46,64,R_fault_rec,0.01872,0.01872,4.07444,4.07444,3.04165,3.04165,1.9593,1.9593,0.0,7.47908,2.43979,0.0,60.44863,0.0,38.0,72.0,0.01888,4.07009,3.03372,1.95609,1.00107,1.0,1.00107,1.0,1.0,0.0,0.32621,0.0,0.0,0.0,-0.00016,-0.00016
relu,machine-3-7,33,ramp,W3_b05,30,0,R0,0.2474,0.07829,-4.489,3.80371,-2.84477,2.84688,-3.3514,1.65878,160.81134,160.81134,0.0,235.96181,235.96181,0.0,0.0,30.0,0.07829,3.80371,2.84688,1.65878,-1.18016,-1.18016,1.0,-0.99926,-2.0204,1.0,0.0,1.0,0.0,0.16911,0.16911,0.0
relu,machine-3-7,33,ramp,W3_b05,30,0,R_all,0.25667,0.25667,2.90332,2.90332,2.40894,2.40894,1.18477,1.18477,0.0,160.81134,122.79922,0.0,235.96181,0.0,30.0,0.0,0.07829,3.80371,2.84688,1.65878,0.76329,1.0,0.76329,1.0,1.0,0.0,0.76362,0.0,0.0,0.0,0.17839,0.17839
relu,machine-3-7,33,ramp,W3_b05,30,0,R_fault,0.25667,0.25667,2.90332,2.90332,2.40894,2.40894,1.18477,1.18477,0.0,160.81134,122.79922,0.0,235.96181,0.0,30.0,0.0,0.07829,3.80371,2.84688,1.65878,0.76329,1.0,0.76329,1.0,1.0,0.0,0.76362,0.0,0.0,0.0,0.17839,0.17839
relu,machine-3-7,33,ramp,W3_b05,30,0,R_fault_rec,0.25667,0.25667,2.90332,2.90332,2.40894,2.40894,1.18477,1.18477,0.0,160.81134,122.79922,0.0,235.96181,0.0,30.0,0.0,0.07829,3.80371,2.84688,1.65878,0.76329,1.0,0.76329,1.0,1.0,0.0,0.76362,0.0,0.0,0.0,0.17839,0.17839
relu,machine-3-7,33,ramp,W3_b05,30,64,R0,0.04818,0.04614,4.8747,4.44158,3.51349,3.17668,2.28094,1.99943,12.24842,12.24842,0.0,115.42004,115.42004,0.0,0.0,94.0,0.04614,4.44158,3.17668,1.99943,1.09752,1.09752,1.0,1.10603,1.14079,1.0,0.0,1.0,0.0,0.00203,0.00203,0.0
relu,machine-3-7,33,ramp,W3_b05,30,64,R_all,0.0481,0.04582,4.1802,4.46345,2.97471,3.18594,1.89373,2.02341,11.60751,12.24842,4.98854,90.75992,115.42004,0.0,30.0,64.0,0.04614,4.44158,3.17668,1.99943,0.94115,0.93654,1.00492,0.9337,0.93591,0.94767,0.40728,0.78634,0.0,0.00228,0.00195,-0.00033
relu,machine-3-7,33,ramp,W3_b05,30,64,R_fault,0.0481,0.04582,4.1802,4.46345,2.97471,3.18594,1.89373,2.02341,11.60751,12.24842,4.98854,90.75992,115.42004,0.0,30.0,64.0,0.04614,4.44158,3.17668,1.99943,0.94115,0.93654,1.00492,0.9337,0.93591,0.94767,0.40728,0.78634,0.0,0.00228,0.00195,-0.00033
relu,machine-3-7,33,ramp,W3_b05,30,64,R_fault_rec,0.04411,0.04411,4.45527,4.45527,3.18665,3.18665,2.01487,2.01487,0.0,12.24842,5.78022,0.0,115.42004,0.0,38.0,56.0,0.04614,4.44158,3.17668,1.99943,1.00308,1.0,1.00308,1.0,1.0,0.0,0.47192,0.0,0.0,0.0,-0.00203,-0.00203
relu,machine-3-7,33,ramp,W3_b05,38,0,R0,0.06999,0.06144,3.81068,4.44689,2.85458,3.27736,1.43563,2.10404,40.46527,40.46527,0.0,130.14684,130.14684,0.0,0.0,38.0,0.06144,4.44689,3.27736,2.10404,0.85693,0.85693,1.0,0.871,0.68232,1.0,0.0,1.0,0.0,0.00854,0.00854,0.0
relu,machine-3-7,33,ramp,W3_b05,38,0,R_all,0.25667,0.25667,2.90332,2.90332,2.40894,2.40894,1.18477,1.18477,0.0,40.46527,118.1335,0.0,130.14684,0.0,38.0,0.0,0.06144,4.44689,3.27736,2.10404,0.65289,1.0,0.65289,1.0,1.0,0.0,2.91938,0.0,0.0,0.0,0.19523,0.19523
relu,machine-3-7,33,ramp,W3_b05,38,0,R_fault,0.07243,0.06185,3.45647,4.44984,2.60391,3.28052,1.36926,2.10863,36.34396,40.46527,6.8662,102.42395,130.14684,0.0,30.0,8.0,0.06144,4.44689,3.27736,2.10404,0.77728,0.77676,1.00066,0.79375,0.64936,0.89815,0.16968,0.78699,0.0,0.01058,0.01099,0.00041
relu,machine-3-7,33,ramp,W3_b05,38,0,R_fault_rec,0.25667,0.25667,2.90332,2.90332,2.40894,2.40894,1.18477,1.18477,0.0,40.46527,118.1335,0.0,130.14684,0.0,38.0,0.0,0.06144,4.44689,3.27736,2.10404,0.65289,1.0,0.65289,1.0,1.0,0.0,2.91938,0.0,0.0,0.0,0.19523,0.19523
relu,machine-3-7,33,ramp,W3_b05,38,64,R0,0.05127,0.04948,5.46743,5.07272,3.7956,3.48527,2.68578,2.43063,11.55418,11.55418,0.0,114.9852,114.9852,0.0,0.0,102.0,0.04948,5.07272,3.48527,2.43063,1.07781,1.07781,1.0,1.08904,1.10497,1.0,0.0,1.0,0.0,0.00179,0.00179,0.0
relu,machine-3-7,33,ramp,W3_b05,38,64,R_all,0.04777,0.04777,5.06764,5.06764,3.48878,3.48878,2.43026,2.43026,0.0,11.55418,5.35878,0.0,114.9852,0.0,38.0,64.0,0.04948,5.07272,3.48527,2.43063,0.999,1.0,0.999,1.0,1.0,0.0,0.4638,0.0,0.0,0.0,-0.00171,-0.00171
relu,machine-3-7,33,ramp,W3_b05,38,64,R_fault,0.05054,0.04915,4.71585,5.06624,3.22601,3.48156,2.23627,2.43312,11.06092,11.55418,4.37793,90.51176,114.9852,0.0,30.0,72.0,0.04948,5.07272,3.48527,2.43063,0.92965,0.93084,0.99872,0.9266,0.9191,0.95731,0.3789,0.78716,0.0,0.00138,0.00106,-0.00033
relu,machine-3-7,33,ramp,W3_b05,38,64,R_fault_rec,0.04777,0.04777,5.06764,5.06764,3.48878,3.48878,2.43026,2.43026,0.0,11.55418,5.35878,0.0,114.9852,0.0,38.0,64.0,0.04948,5.07272,3.48527,2.43063,0.999,1.0,0.999,1.0,1.0,0.0,0.4638,0.0,0.0,0.0,-0.00171,-0.00171
relu,machine-3-7,33,ramp,W3_b05,46,0,R0,0.06421,0.06437,4.67379,4.25369,3.46067,3.13439,2.1548,1.89875,14.45563,14.45563,0.0,118.44497,118.44497,0.0,0.0,46.0,0.06437,4.25369,3.13439,1.89875,1.09876,1.09876,1.0,1.10409,1.13485,1.0,0.0,1.0,0.0,-0.00016,-0.00016,0.0
relu,machine-3-7,33,ramp,W3_b05,46,0,R_all,0.25667,0.25667,2.90332,2.90332,2.40894,2.40894,1.18477,1.18477,0.0,14.45563,121.2162,0.0,118.44497,0.0,46.0,0.0,0.06437,4.25369,3.13439,1.89875,0.68254,1.0,0.68254,1.0,1.0,0.0,8.3854,0.0,0.0,0.0,0.1923,0.1923
relu,machine-3-7,33,ramp,W3_b05,46,0,R_fault,0.06714,0.06486,3.8932,4.29178,2.86098,3.14144,1.69409,1.93357,12.76798,14.45563,6.11416,92.58141,118.44497,0.0,30.0,16.0,0.06437,4.25369,3.13439,1.89875,0.91525,0.90713,1.00896,0.91072,0.87615,0.88325,0.42296,0.78164,0.0,0.00228,0.00277,0.00049
relu,machine-3-7,33,ramp,W3_b05,46,0,R_fault_rec,0.06348,0.06348,4.29071,4.29071,3.14519,3.14519,1.92624,1.92624,0.0,14.45563,7.26463,0.0,118.44497,0.0,38.0,8.0,0.06437,4.25369,3.13439,1.89875,1.0087,1.0,1.0087,1.0,1.0,0.0,0.50255,0.0,0.0,0.0,-0.0009,-0.0009
relu,machine-3-7,33,ramp,W3_b05,46,64,R0,0.05192,0.05143,4.86524,4.4803,3.34281,3.03021,2.36809,2.13022,11.51495,11.51495,0.0,114.70575,114.70575,0.0,0.0,110.0,0.05143,4.4803,3.03021,2.13022,1.08592,1.08592,1.0,1.10316,1.11167,1.0,0.0,1.0,0.0,0.00049,0.00049,0.0
relu,machine-3-7,33,ramp,W3_b05,46,64,R_all,0.04915,0.04915,4.45164,4.45164,3.03074,3.03074,2.11705,2.11705,0.0,11.51495,6.29805,0.0,114.70575,0.0,46.0,64.0,0.05143,4.4803,3.03021,2.13022,0.9936,1.0,0.9936,1.0,1.0,0.0,0.54695,0.0,0.0,0.0,-0.00228,-0.00228
relu,machine-3-7,33,ramp,W3_b05,46,64,R_fault,0.05257,0.05103,4.15439,4.46322,2.81224,3.02385,1.95644,2.12285,10.65688,11.51495,4.45129,90.33709,114.70575,0.0,30.0,80.0,0.05143,4.4803,3.03021,2.13022,0.92726,0.9308,0.99619,0.93002,0.92161,0.92548,0.38657,0.78756,0.0,0.00155,0.00114,-0.00041
relu,machine-3-7,33,ramp,W3_b05,46,64,R_fault_rec,0.0485,0.0485,4.4634,4.4634,3.03105,3.03105,2.11909,2.11909,0.0,11.51495,5.39031,0.0,114.70575,0.0,38.0,72.0,0.05143,4.4803,3.03021,2.13022,0.99623,1.0,0.99623,1.0,1.0,0.0,0.46811,0.0,0.0,0.0,-0.00293,-0.00293
