machine,phi_seed,op,policy,episode,start,end,length,n_checkpoints,n_pass_cv,n_pass_conjunction,first_pass_time,first_conjunction_time,was_promoted,n_promotions_touching_fault,fraction_fault_written,point_recall
machine-1-1,11,W1,A_no_update,0,15849,16395,546,0,0,0,,,False,0,0.0,0.5091575091575091
machine-1-1,11,W1,A_no_update,1,16963,17517,554,0,0,0,,,False,0,0.0,0.516245487364621
machine-1-1,11,W1,A_no_update,2,18071,18528,457,0,0,0,,,False,0,0.0,0.5776805251641138
machine-1-1,11,W1,A_no_update,3,19367,20088,721,0,0,0,,,False,0,0.0,0.44244105409153955
machine-1-1,11,W1,A_no_update,4,20786,21195,409,0,0,0,,,False,0,0.0,0.2616136919315403
machine-1-1,11,W1,B_always,0,15849,16395,546,0,0,0,,,False,0,1.0,0.23809523809523808
machine-1-1,11,W1,B_always,1,16963,17517,554,0,0,0,,,False,0,1.0,0.2924187725631769
machine-1-1,11,W1,B_always,2,18071,18528,457,0,0,0,,,False,0,1.0,0.18599562363238512
machine-1-1,11,W1,B_always,3,19367,20088,721,0,0,0,,,False,0,1.0,0.18030513176144244
machine-1-1,11,W1,B_always,4,20786,21195,409,0,0,0,,,False,0,1.0,0.16136919315403422
machine-1-1,11,W1,C_threshold,0,15849,16395,546,0,0,0,,,False,0,0.11721611721611722,0.4706959706959707
machine-1-1,11,W1,C_threshold,1,16963,17517,554,0,0,0,,,False,0,0.17328519855595667,0.4693140794223827
machine-1-1,11,W1,C_threshold,2,18071,18528,457,0,0,0,,,False,0,0.1400437636761488,0.4288840262582057
machine-1-1,11,W1,C_threshold,3,19367,20088,721,0,0,0,,,False,0,0.26629680998613037,0.36893203883495146
machine-1-1,11,W1,C_threshold,4,20786,21195,409,0,0,0,,,False,0,0.19559902200489,0.19315403422982885
machine-1-1,11,W1,D_quarantine,0,15849,16395,546,0,0,0,,,False,0,0.11721611721611722,0.4706959706959707
machine-1-1,11,W1,D_quarantine,1,16963,17517,554,0,0,0,,,False,0,0.17328519855595667,0.4693140794223827
machine-1-1,11,W1,D_quarantine,2,18071,18528,457,0,0,0,,,False,0,0.1400437636761488,0.4288840262582057
machine-1-1,11,W1,D_quarantine,3,19367,20088,721,0,0,0,,,False,0,0.26629680998613037,0.36893203883495146
machine-1-1,11,W1,D_quarantine,4,20786,21195,409,0,0,0,,,False,0,0.19559902200489,0.19315403422982885
machine-1-1,11,W1,D_trail512,0,15849,16395,546,1,0,0,,,False,0,0.11721611721611722,0.46703296703296704
machine-1-1,11,W1,D_trail512,1,16963,17517,554,3,0,0,,,True,1,0.4620938628158845,0.4675090252707581
machine-1-1,11,W1,D_trail512,2,18071,18528,457,2,0,0,,,True,1,0.4551422319474836,0.424507658643326
machine-1-1,11,W1,D_trail512,3,19367,20088,721,2,0,0,,,False,0,0.17753120665742025,0.2829403606102635
machine-1-1,11,W1,D_trail512,4,20786,21195,409,2,0,0,,,False,0,0.0,0.21271393643031786
machine-1-1,11,W1,DE_stab,0,15849,16395,546,1,0,0,,,False,0,0.08791208791208792,0.3443223443223443
machine-1-1,11,W1,DE_stab,1,16963,17517,554,3,0,0,,,False,0,0.0,0.4711191335740072
machine-1-1,11,W1,DE_stab,2,18071,18528,457,2,0,0,,,False,0,0.0,0.350109409190372
machine-1-1,11,W1,DE_stab,3,19367,20088,721,2,0,0,,,False,0,0.26629680998613037,0.30235783633841884
machine-1-1,11,W1,DE_stab,4,20786,21195,409,2,0,0,,,False,0,0.0,0.24205378973105135
machine-1-1,11,W1,DEph_cv,0,15849,16395,546,1,0,0,,,False,0,0.11721611721611722,0.46703296703296704
machine-1-1,11,W1,DEph_cv,1,16963,17517,554,3,0,0,,,False,0,0.0,0.49097472924187724
machine-1-1,11,W1,DEph_cv,2,18071,18528,457,2,0,0,,,False,0,0.0,0.5557986870897156
machine-1-1,11,W1,DEph_cv,3,19367,20088,721,2,0,0,,,False,0,0.19972260748959778,0.43134535367545074
machine-1-1,11,W1,DEph_cv,4,20786,21195,409,2,0,0,,,False,0,0.0,0.25183374083129584
machine-1-1,11,W1,H_hold,0,15849,16395,546,1,0,0,,,False,0,0.11721611721611722,0.46703296703296704
machine-1-1,11,W1,H_hold,1,16963,17517,554,3,0,0,,,False,0,0.0,0.49097472924187724
machine-1-1,11,W1,H_hold,2,18071,18528,457,2,0,0,,,False,0,0.0,0.5557986870897156
machine-1-1,11,W1,H_hold,3,19367,20088,721,2,0,0,,,False,0,0.19972260748959778,0.43134535367545074
machine-1-1,11,W1,H_hold,4,20786,21195,409,2,0,0,,,False,0,0.0,0.25183374083129584
machine-1-1,11,W2_f0995,A_no_update,0,15849,16395,546,0,0,0,,,False,0,0.0,0.4945054945054945
machine-1-1,11,W2_f0995,A_no_update,1,16963,17517,554,0,0,0,,,False,0,0.0,0.5397111913357401
machine-1-1,11,W2_f0995,A_no_update,2,18071,18528,457,0,0,0,,,False,0,0.0,0.474835886214442
machine-1-1,11,W2_f0995,A_no_update,3,19367,20088,721,0,0,0,,,False,0,0.0,0.5187239944521498
machine-1-1,11,W2_f0995,A_no_update,4,20786,21195,409,0,0,0,,,False,0,0.0,0.2885085574572127
machine-1-1,11,W2_f0995,B_always,0,15849,16395,546,0,0,0,,,False,0,1.0,0.3443223443223443
machine-1-1,11,W2_f0995,B_always,1,16963,17517,554,0,0,0,,,False,0,1.0,0.48194945848375453
machine-1-1,11,W2_f0995,B_always,2,18071,18528,457,0,0,0,,,False,0,1.0,0.40043763676148797
machine-1-1,11,W2_f0995,B_always,3,19367,20088,721,0,0,0,,,False,0,1.0,0.31345353675450766
machine-1-1,11,W2_f0995,B_always,4,20786,21195,409,0,0,0,,,False,0,1.0,0.18092909535452323
machine-1-1,11,W2_f0995,C_threshold,0,15849,16395,546,0,0,0,,,False,0,0.23443223443223443,0.4706959706959707
machine-1-1,11,W2_f0995,C_threshold,1,16963,17517,554,0,0,0,,,False,0,0.2888086642599278,0.4729241877256318
machine-1-1,11,W2_f0995,C_threshold,2,18071,18528,457,0,0,0,,,False,0,0.2100656455142232,0.42669584245076586
machine-1-1,11,W2_f0995,C_threshold,3,19367,20088,721,0,0,0,,,False,0,0.22191400832177532,0.39667128987517336
machine-1-1,11,W2_f0995,C_threshold,4,20786,21195,409,0,0,0,,,False,0,0.39119804400978,0.23227383863080683
machine-1-1,11,W2_f0995,D_quarantine,0,15849,16395,546,0,0,0,,,False,0,0.23443223443223443,0.4706959706959707
machine-1-1,11,W2_f0995,D_quarantine,1,16963,17517,554,0,0,0,,,False,0,0.2888086642599278,0.4729241877256318
machine-1-1,11,W2_f0995,D_quarantine,2,18071,18528,457,0,0,0,,,False,0,0.2100656455142232,0.42669584245076586
machine-1-1,11,W2_f0995,D_quarantine,3,19367,20088,721,0,0,0,,,False,0,0.22191400832177532,0.39667128987517336
machine-1-1,11,W2_f0995,D_quarantine,4,20786,21195,409,0,0,0,,,False,0,0.39119804400978,0.23227383863080683
machine-1-1,11,W2_f0995,D_trail512,0,15849,16395,546,3,0,0,,,True,1,0.46886446886446886,0.4981684981684982
machine-1-1,11,W2_f0995,D_trail512,1,16963,17517,554,1,0,0,,,False,0,0.1444043321299639,0.7942238267148014
machine-1-1,11,W2_f0995,D_trail512,2,18071,18528,457,2,0,0,,,True,1,0.4551422319474836,0.7067833698030634
machine-1-1,11,W2_f0995,D_trail512,3,19367,20088,721,3,0,0,,,False,0,0.1553398058252427,0.40499306518723993
machine-1-1,11,W2_f0995,D_trail512,4,20786,21195,409,1,0,0,,,False,0,0.19559902200489,0.22493887530562348
machine-1-1,11,W2_f0995,DE_stab,0,15849,16395,546,2,0,0,,,True,1,0.4523809523809524,0.5366300366300366
machine-1-1,11,W2_f0995,DE_stab,1,16963,17517,554,2,0,0,,,True,1,0.5144404332129964,0.5270758122743683
machine-1-1,11,W2_f0995,DE_stab,2,18071,18528,457,1,0,0,,,True,1,0.5448577680525164,0.5098468271334792
machine-1-1,11,W2_f0995,DE_stab,3,19367,20088,721,2,0,0,,,True,1,0.4119278779472954,0.5006934812760055
machine-1-1,11,W2_f0995,DE_stab,4,20786,21195,409,1,0,0,,,False,0,0.19559902200489,0.22249388753056235
machine-1-1,11,W2_f0995,DEph_cv,0,15849,16395,546,3,0,0,,,False,0,0.0,0.5183150183150184
machine-1-1,11,W2_f0995,DEph_cv,1,16963,17517,554,1,0,0,,,False,0,0.08664259927797834,0.6841155234657039
machine-1-1,11,W2_f0995,DEph_cv,2,18071,18528,457,2,0,0,,,False,0,0.0,0.6652078774617067
machine-1-1,11,W2_f0995,DEph_cv,3,19367,20088,721,3,0,0,,,False,0,0.1553398058252427,0.4105409153952843
machine-1-1,11,W2_f0995,DEph_cv,4,20786,21195,409,1,0,0,,,False,0,0.19559902200489,0.22493887530562348
machine-1-1,11,W2_f0995,H_hold,0,15849,16395,546,3,0,0,,,False,0,0.0,0.5183150183150184
machine-1-1,11,W2_f0995,H_hold,1,16963,17517,554,1,0,0,,,False,0,0.08664259927797834,0.6841155234657039
machine-1-1,11,W2_f0995,H_hold,2,18071,18528,457,2,0,0,,,False,0,0.0,0.6652078774617067
machine-1-1,11,W2_f0995,H_hold,3,19367,20088,721,3,0,0,,,False,0,0.1553398058252427,0.4105409153952843
machine-1-1,11,W2_f0995,H_hold,4,20786,21195,409,1,0,0,,,False,0,0.19559902200489,0.22493887530562348
machine-1-1,11,W3_b01,A_no_update,0,15849,16395,546,0,0,0,,,False,0,0.0,0.5476190476190477
machine-1-1,11,W3_b01,A_no_update,1,16963,17517,554,0,0,0,,,False,0,0.0,0.5776173285198556
machine-1-1,11,W3_b01,A_no_update,2,18071,18528,457,0,0,0,,,False,0,0.0,0.5426695842450766
machine-1-1,11,W3_b01,A_no_update,3,19367,20088,721,0,0,0,,,False,0,0.0,0.550624133148405
machine-1-1,11,W3_b01,A_no_update,4,20786,21195,409,0,0,0,,,False,0,0.0,0.3202933985330073
machine-1-1,11,W3_b01,B_always,0,15849,16395,546,0,0,0,,,False,0,1.0,0.12454212454212454
machine-1-1,11,W3_b01,B_always,1,16963,17517,554,0,0,0,,,False,0,1.0,0.22021660649819494
machine-1-1,11,W3_b01,B_always,2,18071,18528,457,0,0,0,,,False,0,1.0,0.1137855579868709
machine-1-1,11,W3_b01,B_always,3,19367,20088,721,0,0,0,,,False,0,1.0,0.07766990291262135
machine-1-1,11,W3_b01,B_always,4,20786,21195,409,0,0,0,,,False,0,1.0,0.06356968215158924
machine-1-1,11,W3_b01,C_threshold,0,15849,16395,546,0,0,0,,,False,0,0.05860805860805861,0.5018315018315018
machine-1-1,11,W3_b01,C_threshold,1,16963,17517,554,0,0,0,,,False,0,0.259927797833935,0.3844765342960289
machine-1-1,11,W3_b01,C_threshold,2,18071,18528,457,0,0,0,,,False,0,0.1400437636761488,0.5010940919037199
machine-1-1,11,W3_b01,C_threshold,3,19367,20088,721,0,0,0,,,False,0,0.332871012482663,0.3092926490984743
machine-1-1,11,W3_b01,C_threshold,4,20786,21195,409,0,0,0,,,False,0,0.508557457212714,0.09046454767726161
machine-1-1,11,W3_b01,D_quarantine,0,15849,16395,546,0,0,0,,,False,0,0.05860805860805861,0.5018315018315018
machine-1-1,11,W3_b01,D_quarantine,1,16963,17517,554,0,0,0,,,True,1,0.6010830324909747,0.3844765342960289
machine-1-1,11,W3_b01,D_quarantine,2,18071,18528,457,0,0,0,,,False,0,0.24507658643326038,0.3851203501094092
machine-1-1,11,W3_b01,D_quarantine,3,19367,20088,721,0,0,0,,,False,0,0.332871012482663,0.3106796116504854
machine-1-1,11,W3_b01,D_quarantine,4,20786,21195,409,0,0,0,,,False,0,0.508557457212714,0.08801955990220049
machine-1-1,11,W3_b01,D_trail512,0,15849,16395,546,3,0,0,,,True,1,0.4981684981684982,0.4597069597069597
machine-1-1,11,W3_b01,D_trail512,1,16963,17517,554,0,0,0,,,False,0,0.2888086642599278,0.3664259927797834
machine-1-1,11,W3_b01,D_trail512,2,18071,18528,457,1,0,0,,,False,0,0.175054704595186,0.39606126914660833
machine-1-1,11,W3_b01,D_trail512,3,19367,20088,721,2,0,0,,,False,0,0.26629680998613037,0.3092926490984743
machine-1-1,11,W3_b01,D_trail512,4,20786,21195,409,1,0,0,,,False,0,0.35207823960880197,0.08068459657701711
machine-1-1,11,W3_b01,DE_stab,0,15849,16395,546,3,0,0,,,False,0,0.0,0.532967032967033
machine-1-1,11,W3_b01,DE_stab,1,16963,17517,554,2,0,0,,,True,1,0.4566787003610108,0.5180505415162455
machine-1-1,11,W3_b01,DE_stab,2,18071,18528,457,1,0,0,,,False,0,0.175054704595186,0.43326039387308535
machine-1-1,11,W3_b01,DE_stab,3,19367,20088,721,1,0,0,,,True,1,0.6116504854368932,0.29819694868238555
machine-1-1,11,W3_b01,DE_stab,4,20786,21195,409,1,0,0,,,False,0,0.35207823960880197,0.09290953545232274
machine-1-1,11,W3_b01,DEph_cv,0,15849,16395,546,3,0,0,,,False,0,0.0,0.532967032967033
machine-1-1,11,W3_b01,DEph_cv,1,16963,17517,554,3,0,0,,,False,0,0.0,0.51985559566787
machine-1-1,11,W3_b01,DEph_cv,2,18071,18528,457,2,0,0,,,False,0,0.0,0.5010940919037199
machine-1-1,11,W3_b01,DEph_cv,3,19367,20088,721,2,0,0,,,False,0,0.26629680998613037,0.361997226074896
machine-1-1,11,W3_b01,DEph_cv,4,20786,21195,409,1,0,0,,,False,0,0.31295843520782396,0.15158924205378974
machine-1-1,11,W3_b01,H_hold,0,15849,16395,546,3,0,0,,,False,0,0.0,0.532967032967033
machine-1-1,11,W3_b01,H_hold,1,16963,17517,554,3,0,0,,,False,0,0.0,0.51985559566787
machine-1-1,11,W3_b01,H_hold,2,18071,18528,457,2,0,0,,,False,0,0.0,0.5010940919037199
machine-1-1,11,W3_b01,H_hold,3,19367,20088,721,2,0,0,,,False,0,0.26629680998613037,0.361997226074896
machine-1-1,11,W3_b01,H_hold,4,20786,21195,409,3,0,0,,,False,0,0.11735941320293398,0.6625916870415648
machine-1-1,22,W1,A_no_update,0,15849,16395,546,0,0,0,,,False,0,0.0,0.48534798534798534
machine-1-1,22,W1,A_no_update,1,16963,17517,554,0,0,0,,,False,0,0.0,0.5036101083032491
machine-1-1,22,W1,A_no_update,2,18071,18528,457,0,0,0,,,False,0,0.0,0.5536105032822757
machine-1-1,22,W1,A_no_update,3,19367,20088,721,0,0,0,,,False,0,0.0,0.4077669902912621
machine-1-1,22,W1,A_no_update,4,20786,21195,409,0,0,0,,,False,0,0.0,0.2469437652811736
machine-1-1,22,W1,B_always,0,15849,16395,546,0,0,0,,,False,0,1.0,0.19047619047619047
machine-1-1,22,W1,B_always,1,16963,17517,554,0,0,0,,,False,0,1.0,0.2833935018050541
machine-1-1,22,W1,B_always,2,18071,18528,457,0,0,0,,,False,0,1.0,0.18161925601750548
machine-1-1,22,W1,B_always,3,19367,20088,721,0,0,0,,,False,0,1.0,0.1678224687933426
machine-1-1,22,W1,B_always,4,20786,21195,409,0,0,0,,,False,0,1.0,0.1491442542787286
machine-1-1,22,W1,C_threshold,0,15849,16395,546,0,0,0,,,False,0,0.14652014652014653,0.3882783882783883
machine-1-1,22,W1,C_threshold,1,16963,17517,554,0,0,0,,,False,0,0.17328519855595667,0.44404332129963897
machine-1-1,22,W1,C_threshold,2,18071,18528,457,0,0,0,,,False,0,0.2100656455142232,0.38293216630196936
machine-1-1,22,W1,C_threshold,3,19367,20088,721,0,0,0,,,False,0,0.26629680998613037,0.3342579750346741
machine-1-1,22,W1,C_threshold,4,20786,21195,409,0,0,0,,,False,0,0.31295843520782396,0.14180929095354522
machine-1-1,22,W1,D_quarantine,0,15849,16395,546,0,0,0,,,False,0,0.14652014652014653,0.3882783882783883
machine-1-1,22,W1,D_quarantine,1,16963,17517,554,0,0,0,,,False,0,0.17328519855595667,0.44404332129963897
machine-1-1,22,W1,D_quarantine,2,18071,18528,457,0,0,0,,,False,0,0.2100656455142232,0.38293216630196936
machine-1-1,22,W1,D_quarantine,3,19367,20088,721,0,0,0,,,False,0,0.26629680998613037,0.3342579750346741
machine-1-1,22,W1,D_quarantine,4,20786,21195,409,0,0,0,,,False,0,0.31295843520782396,0.14180929095354522
machine-1-1,22,W1,D_trail512,0,15849,16395,546,3,0,0,,,True,1,0.4981684981684982,0.44871794871794873
machine-1-1,22,W1,D_trail512,1,16963,17517,554,3,0,0,,,True,1,0.4620938628158845,0.40974729241877256
machine-1-1,22,W1,D_trail512,2,18071,18528,457,2,0,0,,,True,1,0.4551422319474836,0.26914660831509846
machine-1-1,22,W1,D_trail512,3,19367,20088,721,2,0,0,,,False,0,0.22191400832177532,0.2302357836338419
machine-1-1,22,W1,D_trail512,4,20786,21195,409,2,0,0,,,False,0,0.0,0.19559902200489
machine-1-1,22,W1,DE_stab,0,15849,16395,546,3,0,0,,,False,0,0.0,0.2857142857142857
machine-1-1,22,W1,DE_stab,1,16963,17517,554,3,0,0,,,False,0,0.0,0.4693140794223827
machine-1-1,22,W1,DE_stab,2,18071,18528,457,2,0,0,,,False,0,0.0,0.33916849015317285
machine-1-1,22,W1,DE_stab,3,19367,20088,721,2,0,0,,,False,0,0.24410540915395285,0.24826629680998613
machine-1-1,22,W1,DE_stab,4,20786,21195,409,2,0,0,,,False,0,0.0,0.24449877750611246
machine-1-1,22,W1,DEph_cv,0,15849,16395,546,3,0,0,,,False,0,0.0,0.5018315018315018
machine-1-1,22,W1,DEph_cv,1,16963,17517,554,3,0,0,,,False,0,0.0,0.5252707581227437
machine-1-1,22,W1,DEph_cv,2,18071,18528,457,2,0,0,,,False,0,0.0,0.5536105032822757
machine-1-1,22,W1,DEph_cv,3,19367,20088,721,2,0,0,,,False,0,0.1553398058252427,0.4105409153952843
machine-1-1,22,W1,DEph_cv,4,20786,21195,409,2,0,0,,,False,0,0.0,0.24938875305623473
machine-1-1,22,W1,H_hold,0,15849,16395,546,3,0,0,,,False,0,0.0,0.5018315018315018
machine-1-1,22,W1,H_hold,1,16963,17517,554,3,0,0,,,False,0,0.0,0.5252707581227437
machine-1-1,22,W1,H_hold,2,18071,18528,457,2,0,0,,,False,0,0.0,0.5536105032822757
machine-1-1,22,W1,H_hold,3,19367,20088,721,2,0,0,,,False,0,0.1553398058252427,0.4105409153952843
machine-1-1,22,W1,H_hold,4,20786,21195,409,2,0,0,,,False,0,0.0,0.24938875305623473
machine-1-1,22,W2_f0995,A_no_update,0,15849,16395,546,0,0,0,,,False,0,0.0,0.4926739926739927
machine-1-1,22,W2_f0995,A_no_update,1,16963,17517,554,0,0,0,,,False,0,0.0,0.5397111913357401
machine-1-1,22,W2_f0995,A_no_update,2,18071,18528,457,0,0,0,,,False,0,0.0,0.474835886214442
machine-1-1,22,W2_f0995,A_no_update,3,19367,20088,721,0,0,0,,,False,0,0.0,0.5173370319001387
machine-1-1,22,W2_f0995,A_no_update,4,20786,21195,409,0,0,0,,,False,0,0.0,0.2885085574572127
machine-1-1,22,W2_f0995,B_always,0,15849,16395,546,0,0,0,,,False,0,1.0,0.358974358974359
machine-1-1,22,W2_f0995,B_always,1,16963,17517,554,0,0,0,,,False,0,1.0,0.4891696750902527
machine-1-1,22,W2_f0995,B_always,2,18071,18528,457,0,0,0,,,False,0,1.0,0.4113785557986871
machine-1-1,22,W2_f0995,B_always,3,19367,20088,721,0,0,0,,,False,0,1.0,0.33841886269070737
machine-1-1,22,W2_f0995,B_always,4,20786,21195,409,0,0,0,,,False,0,1.0,0.19315403422982885
machine-1-1,22,W2_f0995,C_threshold,0,15849,16395,546,0,0,0,,,False,0,0.20512820512820512,0.47435897435897434
machine-1-1,22,W2_f0995,C_threshold,1,16963,17517,554,0,0,0,,,False,0,0.2888086642599278,0.4747292418772563
machine-1-1,22,W2_f0995,C_threshold,2,18071,18528,457,0,0,0,,,False,0,0.2100656455142232,0.4310722100656455
machine-1-1,22,W2_f0995,C_threshold,3,19367,20088,721,0,0,0,,,False,0,0.22191400832177532,0.39528432732316227
machine-1-1,22,W2_f0995,C_threshold,4,20786,21195,409,0,0,0,,,False,0,0.39119804400978,0.22982885085574573
machine-1-1,22,W2_f0995,D_quarantine,0,15849,16395,546,0,0,0,,,False,0,0.20512820512820512,0.47435897435897434
machine-1-1,22,W2_f0995,D_quarantine,1,16963,17517,554,0,0,0,,,False,0,0.2888086642599278,0.4747292418772563
machine-1-1,22,W2_f0995,D_quarantine,2,18071,18528,457,0,0,0,,,False,0,0.2100656455142232,0.4310722100656455
machine-1-1,22,W2_f0995,D_quarantine,3,19367,20088,721,0,0,0,,,False,0,0.22191400832177532,0.39528432732316227
machine-1-1,22,W2_f0995,D_quarantine,4,20786,21195,409,0,0,0,,,False,0,0.39119804400978,0.22982885085574573
machine-1-1,22,W2_f0995,D_trail512,0,15849,16395,546,3,0,0,,,True,1,0.46886446886446886,0.49633699633699635
machine-1-1,22,W2_f0995,D_trail512,1,16963,17517,554,1,0,0,,,False,0,0.1444043321299639,0.8050541516245487
machine-1-1,22,W2_f0995,D_trail512,2,18071,18528,457,2,0,0,,,True,1,0.4551422319474836,0.7067833698030634
machine-1-1,22,W2_f0995,D_trail512,3,19367,20088,721,3,0,0,,,False,0,0.1553398058252427,0.40499306518723993
machine-1-1,22,W2_f0995,D_trail512,4,20786,21195,409,1,0,0,,,False,0,0.19559902200489,0.22493887530562348
machine-1-1,22,W2_f0995,DE_stab,0,15849,16395,546,2,0,0,,,True,1,0.4523809523809524,0.5366300366300366
machine-1-1,22,W2_f0995,DE_stab,1,16963,17517,554,2,0,0,,,True,1,0.5144404332129964,0.5397111913357401
machine-1-1,22,W2_f0995,DE_stab,2,18071,18528,457,1,0,0,,,True,1,0.5448577680525164,0.5185995623632386
machine-1-1,22,W2_f0995,DE_stab,3,19367,20088,721,3,0,0,,,True,1,0.34535367545076284,0.521497919556172
machine-1-1,22,W2_f0995,DE_stab,4,20786,21195,409,1,0,0,,,False,0,0.19559902200489,0.21026894865525672
machine-1-1,22,W2_f0995,DEph_cv,0,15849,16395,546,3,0,0,,,False,0,0.0,0.5164835164835165
machine-1-1,22,W2_f0995,DEph_cv,1,16963,17517,554,1,0,0,,,False,0,0.08664259927797834,0.6931407942238267
machine-1-1,22,W2_f0995,DEph_cv,2,18071,18528,457,2,0,0,,,False,0,0.0,0.6717724288840262
machine-1-1,22,W2_f0995,DEph_cv,3,19367,20088,721,3,0,0,,,False,0,0.1553398058252427,0.4091539528432732
machine-1-1,22,W2_f0995,DEph_cv,4,20786,21195,409,1,0,0,,,False,0,0.19559902200489,0.22493887530562348
machine-1-1,22,W2_f0995,H_hold,0,15849,16395,546,3,0,0,,,False,0,0.0,0.5164835164835165
machine-1-1,22,W2_f0995,H_hold,1,16963,17517,554,1,0,0,,,False,0,0.08664259927797834,0.6931407942238267
machine-1-1,22,W2_f0995,H_hold,2,18071,18528,457,2,0,0,,,False,0,0.0,0.6717724288840262
machine-1-1,22,W2_f0995,H_hold,3,19367,20088,721,3,0,0,,,False,0,0.1553398058252427,0.4091539528432732
machine-1-1,22,W2_f0995,H_hold,4,20786,21195,409,1,0,0,,,False,0,0.19559902200489,0.22493887530562348
machine-1-1,22,W3_b01,A_no_update,0,15849,16395,546,0,0,0,,,False,0,0.0,0.521978021978022
machine-1-1,22,W3_b01,A_no_update,1,16963,17517,554,0,0,0,,,False,0,0.0,0.5577617328519856
machine-1-1,22,W3_b01,A_no_update,2,18071,18528,457,0,0,0,,,False,0,0.0,0.5076586433260394
machine-1-1,22,W3_b01,A_no_update,3,19367,20088,721,0,0,0,,,False,0,0.0,0.5381414701803051
machine-1-1,22,W3_b01,A_no_update,4,20786,21195,409,0,0,0,,,False,0,0.0,0.3056234718826406
machine-1-1,22,W3_b01,B_always,0,15849,16395,546,0,0,0,,,False,0,1.0,0.08241758241758242
machine-1-1,22,W3_b01,B_always,1,16963,17517,554,0,0,0,,,False,0,1.0,0.20397111913357402
machine-1-1,22,W3_b01,B_always,2,18071,18528,457,0,0,0,,,False,0,1.0,0.08315098468271334
machine-1-1,22,W3_b01,B_always,3,19367,20088,721,0,0,0,,,False,0,1.0,0.059639389736477116
machine-1-1,22,W3_b01,B_always,4,20786,21195,409,0,0,0,,,False,0,1.0,0.06601466992665037
machine-1-1,22,W3_b01,C_threshold,0,15849,16395,546,0,0,0,,,False,0,0.5567765567765568,0.10073260073260074
machine-1-1,22,W3_b01,C_threshold,1,16963,17517,554,0,0,0,,,False,0,0.02888086642599278,0.944043321299639
machine-1-1,22,W3_b01,C_threshold,2,18071,18528,457,0,0,0,,,False,0,0.175054704595186,0.7396061269146609
machine-1-1,22,W3_b01,C_threshold,3,19367,20088,721,0,0,0,,,False,0,0.11095700416088766,0.8335644937586685
machine-1-1,22,W3_b01,C_threshold,4,20786,21195,409,0,0,0,,,False,0,0.0,0.9926650366748166
machine-1-1,22,W3_b01,D_quarantine,0,15849,16395,546,0,0,0,,,True,1,0.5769230769230769,0.10073260073260074
machine-1-1,22,W3_b01,D_quarantine,1,16963,17517,554,0,0,0,,,True,1,0.7454873646209387,0.36101083032490977
machine-1-1,22,W3_b01,D_quarantine,2,18071,18528,457,0,0,0,,,False,0,0.3150984682713348,0.3479212253829322
machine-1-1,22,W3_b01,D_quarantine,3,19367,20088,721,0,0,0,,,False,0,0.37725381414701803,0.2884882108183079
machine-1-1,22,W3_b01,D_quarantine,4,20786,21195,409,0,0,0,,,False,0,0.58679706601467,0.07579462102689487
machine-1-1,22,W3_b01,D_trail512,0,15849,16395,546,3,0,0,,,True,1,0.5274725274725275,0.4358974358974359
machine-1-1,22,W3_b01,D_trail512,1,16963,17517,554,0,0,0,,,False,0,0.2888086642599278,0.36101083032490977
machine-1-1,22,W3_b01,D_trail512,2,18071,18528,457,1,0,0,,,False,0,0.175054704595186,0.36980306345733044
machine-1-1,22,W3_b01,D_trail512,3,19367,20088,721,2,0,0,,,False,0,0.26629680998613037,0.289875173370319
machine-1-1,22,W3_b01,D_trail512,4,20786,21195,409,1,0,0,,,False,0,0.35207823960880197,0.07579462102689487
machine-1-1,22,W3_b01,DE_stab,0,15849,16395,546,3,0,0,,,False,0,0.0,0.5073260073260073
machine-1-1,22,W3_b01,DE_stab,1,16963,17517,554,2,0,0,,,True,1,0.4566787003610108,0.5072202166064982
machine-1-1,22,W3_b01,DE_stab,2,18071,18528,457,1,0,0,,,False,0,0.175054704595186,0.4201312910284464
machine-1-1,22,W3_b01,DE_stab,3,19367,20088,721,1,0,0,,,True,1,0.6116504854368932,0.2829403606102635
machine-1-1,22,W3_b01,DE_stab,4,20786,21195,409,1,0,0,,,False,0,0.35207823960880197,0.07579462102689487
machine-1-1,22,W3_b01,DEph_cv,0,15849,16395,546,3,0,0,,,False,0,0.0,0.5073260073260073
machine-1-1,22,W3_b01,DEph_cv,1,16963,17517,554,1,0,0,,,False,0,0.20216606498194944,0.37364620938628157
machine-1-1,22,W3_b01,DEph_cv,2,18071,18528,457,2,0,0,,,False,0,0.0,0.4223194748358862
machine-1-1,22,W3_b01,DEph_cv,3,19367,20088,721,2,0,0,,,False,0,0.26629680998613037,0.3259361997226075
machine-1-1,22,W3_b01,DEph_cv,4,20786,21195,409,1,0,0,,,False,0,0.35207823960880197,0.1198044009779951
machine-1-1,22,W3_b01,H_hold,0,15849,16395,546,3,0,0,,,False,0,0.0,0.5073260073260073
machine-1-1,22,W3_b01,H_hold,1,16963,17517,554,1,0,0,,,False,0,0.20216606498194944,0.37364620938628157
machine-1-1,22,W3_b01,H_hold,2,18071,18528,457,4,0,0,,,False,0,0.0,0.838074398249453
machine-1-1,22,W3_b01,H_hold,3,19367,20088,721,2,0,0,,,False,0,0.26629680998613037,0.3231622746185853
machine-1-1,22,W3_b01,H_hold,4,20786,21195,409,3,0,0,,,False,0,0.11735941320293398,0.7995110024449877
machine-1-1,33,W1,A_no_update,0,15849,16395,546,0,0,0,,,False,0,0.0,0.4981684981684982
machine-1-1,33,W1,A_no_update,1,16963,17517,554,0,0,0,,,False,0,0.0,0.5072202166064982
machine-1-1,33,W1,A_no_update,2,18071,18528,457,0,0,0,,,False,0,0.0,0.5667396061269147
machine-1-1,33,W1,A_no_update,3,19367,20088,721,0,0,0,,,False,0,0.0,0.4174757281553398
machine-1-1,33,W1,A_no_update,4,20786,21195,409,0,0,0,,,False,0,0.0,0.25183374083129584
machine-1-1,33,W1,B_always,0,15849,16395,546,0,0,0,,,False,0,1.0,0.1684981684981685
machine-1-1,33,W1,B_always,1,16963,17517,554,0,0,0,,,False,0,1.0,0.30866425992779783
machine-1-1,33,W1,B_always,2,18071,18528,457,0,0,0,,,False,0,1.0,0.18818380743982493
machine-1-1,33,W1,B_always,3,19367,20088,721,0,0,0,,,False,0,1.0,0.14424410540915394
machine-1-1,33,W1,B_always,4,20786,21195,409,0,0,0,,,False,0,1.0,0.17114914425427874
machine-1-1,33,W1,C_threshold,0,15849,16395,546,0,0,0,,,False,0,0.11721611721611722,0.4175824175824176
machine-1-1,33,W1,C_threshold,1,16963,17517,554,0,0,0,,,False,0,0.17328519855595667,0.463898916967509
machine-1-1,33,W1,C_threshold,2,18071,18528,457,0,0,0,,,False,0,0.2100656455142232,0.4048140043763676
machine-1-1,33,W1,C_threshold,3,19367,20088,721,0,0,0,,,False,0,0.24410540915395285,0.34535367545076284
machine-1-1,33,W1,C_threshold,4,20786,21195,409,0,0,0,,,False,0,0.27383863080684595,0.17603911980440098
machine-1-1,33,W1,D_quarantine,0,15849,16395,546,0,0,0,,,False,0,0.11721611721611722,0.4175824175824176
machine-1-1,33,W1,D_quarantine,1,16963,17517,554,0,0,0,,,False,0,0.17328519855595667,0.463898916967509
machine-1-1,33,W1,D_quarantine,2,18071,18528,457,0,0,0,,,False,0,0.2100656455142232,0.4048140043763676
machine-1-1,33,W1,D_quarantine,3,19367,20088,721,0,0,0,,,False,0,0.24410540915395285,0.34535367545076284
machine-1-1,33,W1,D_quarantine,4,20786,21195,409,0,0,0,,,False,0,0.27383863080684595,0.17603911980440098
machine-1-1,33,W1,D_trail512,0,15849,16395,546,3,0,0,,,True,1,0.4981684981684982,0.4542124542124542
machine-1-1,33,W1,D_trail512,1,16963,17517,554,3,0,0,,,True,1,0.4620938628158845,0.42418772563176893
machine-1-1,33,W1,D_trail512,2,18071,18528,457,2,0,0,,,True,1,0.4551422319474836,0.2735229759299781
machine-1-1,33,W1,D_trail512,3,19367,20088,721,2,0,0,,,False,0,0.22191400832177532,0.20804438280166435
machine-1-1,33,W1,D_trail512,4,20786,21195,409,2,0,0,,,False,0,0.0,0.2176039119804401
machine-1-1,33,W1,DE_stab,0,15849,16395,546,3,0,0,,,False,0,0.0,0.30036630036630035
machine-1-1,33,W1,DE_stab,1,16963,17517,554,3,0,0,,,False,0,0.0,0.4620938628158845
machine-1-1,33,W1,DE_stab,2,18071,18528,457,2,0,0,,,False,0,0.0,0.3238512035010941
machine-1-1,33,W1,DE_stab,3,19367,20088,721,2,0,0,,,False,0,0.1553398058252427,0.27600554785020803
machine-1-1,33,W1,DE_stab,4,20786,21195,409,2,0,0,,,False,0,0.0,0.2273838630806846
machine-1-1,33,W1,DEph_cv,0,15849,16395,546,3,0,0,,,False,0,0.0,0.5128205128205128
machine-1-1,33,W1,DEph_cv,1,16963,17517,554,3,0,0,,,False,0,0.0,0.5324909747292419
machine-1-1,33,W1,DEph_cv,2,18071,18528,457,2,0,0,,,False,0,0.0,0.5667396061269147
machine-1-1,33,W1,DEph_cv,3,19367,20088,721,2,0,0,,,False,0,0.1553398058252427,0.4133148404993065
machine-1-1,33,W1,DEph_cv,4,20786,21195,409,2,0,0,,,False,0,0.0,0.2469437652811736
machine-1-1,33,W1,H_hold,0,15849,16395,546,3,0,0,,,False,0,0.0,0.5128205128205128
machine-1-1,33,W1,H_hold,1,16963,17517,554,3,0,0,,,False,0,0.0,0.5324909747292419
machine-1-1,33,W1,H_hold,2,18071,18528,457,2,0,0,,,False,0,0.0,0.5667396061269147
machine-1-1,33,W1,H_hold,3,19367,20088,721,2,0,0,,,False,0,0.1553398058252427,0.4133148404993065
machine-1-1,33,W1,H_hold,4,20786,21195,409,2,0,0,,,False,0,0.0,0.2469437652811736
machine-1-1,33,W2_f0995,A_no_update,0,15849,16395,546,0,0,0,,,False,0,0.0,0.4926739926739927
machine-1-1,33,W2_f0995,A_no_update,1,16963,17517,554,0,0,0,,,False,0,0.0,0.5397111913357401
machine-1-1,33,W2_f0995,A_no_update,2,18071,18528,457,0,0,0,,,False,0,0.0,0.474835886214442
machine-1-1,33,W2_f0995,A_no_update,3,19367,20088,721,0,0,0,,,False,0,0.0,0.5173370319001387
machine-1-1,33,W2_f0995,A_no_update,4,20786,21195,409,0,0,0,,,False,0,0.0,0.2885085574572127
machine-1-1,33,W2_f0995,B_always,0,15849,16395,546,0,0,0,,,False,0,1.0,0.3516483516483517
machine-1-1,33,W2_f0995,B_always,1,16963,17517,554,0,0,0,,,False,0,1.0,0.4855595667870036
machine-1-1,33,W2_f0995,B_always,2,18071,18528,457,0,0,0,,,False,0,1.0,0.40700218818380746
machine-1-1,33,W2_f0995,B_always,3,19367,20088,721,0,0,0,,,False,0,1.0,0.3273231622746186
machine-1-1,33,W2_f0995,B_always,4,20786,21195,409,0,0,0,,,False,0,1.0,0.1882640586797066
machine-1-1,33,W2_f0995,C_threshold,0,15849,16395,546,0,0,0,,,False,0,0.20512820512820512,0.4725274725274725
machine-1-1,33,W2_f0995,C_threshold,1,16963,17517,554,0,0,0,,,False,0,0.2888086642599278,0.4747292418772563
machine-1-1,33,W2_f0995,C_threshold,2,18071,18528,457,0,0,0,,,False,0,0.2100656455142232,0.42669584245076586
machine-1-1,33,W2_f0995,C_threshold,3,19367,20088,721,0,0,0,,,False,0,0.22191400832177532,0.39667128987517336
machine-1-1,33,W2_f0995,C_threshold,4,20786,21195,409,0,0,0,,,False,0,0.39119804400978,0.23227383863080683
machine-1-1,33,W2_f0995,D_quarantine,0,15849,16395,546,0,0,0,,,False,0,0.20512820512820512,0.4725274725274725
machine-1-1,33,W2_f0995,D_quarantine,1,16963,17517,554,0,0,0,,,False,0,0.2888086642599278,0.4747292418772563
machine-1-1,33,W2_f0995,D_quarantine,2,18071,18528,457,0,0,0,,,False,0,0.2100656455142232,0.42669584245076586
machine-1-1,33,W2_f0995,D_quarantine,3,19367,20088,721,0,0,0,,,False,0,0.22191400832177532,0.39667128987517336
machine-1-1,33,W2_f0995,D_quarantine,4,20786,21195,409,0,0,0,,,False,0,0.39119804400978,0.23227383863080683
machine-1-1,33,W2_f0995,D_trail512,0,15849,16395,546,3,0,0,,,True,1,0.46886446886446886,0.49633699633699635
machine-1-1,33,W2_f0995,D_trail512,1,16963,17517,554,1,0,0,,,False,0,0.08664259927797834,0.7382671480144405
machine-1-1,33,W2_f0995,D_trail512,2,18071,18528,457,2,0,0,,,True,1,0.4551422319474836,0.6630196936542669
machine-1-1,33,W2_f0995,D_trail512,3,19367,20088,721,3,0,0,,,False,0,0.1553398058252427,0.40499306518723993
machine-1-1,33,W2_f0995,D_trail512,4,20786,21195,409,1,0,0,,,False,0,0.19559902200489,0.22493887530562348
machine-1-1,33,W2_f0995,DE_stab,0,15849,16395,546,2,0,0,,,True,1,0.4523809523809524,0.5366300366300366
machine-1-1,33,W2_f0995,DE_stab,1,16963,17517,554,2,0,0,,,True,1,0.5144404332129964,0.5306859205776173
machine-1-1,33,W2_f0995,DE_stab,2,18071,18528,457,1,0,0,,,True,1,0.5448577680525164,0.5032822757111597
machine-1-1,33,W2_f0995,DE_stab,3,19367,20088,721,3,0,0,,,True,1,0.34535367545076284,0.5228848821081831
machine-1-1,33,W2_f0995,DE_stab,4,20786,21195,409,1,0,0,,,False,0,0.19559902200489,0.22249388753056235
machine-1-1,33,W2_f0995,DEph_cv,0,15849,16395,546,3,0,0,,,False,0,0.0,0.5164835164835165
machine-1-1,33,W2_f0995,DEph_cv,1,16963,17517,554,1,0,0,,,False,0,0.08664259927797834,0.6805054151624549
machine-1-1,33,W2_f0995,DEph_cv,2,18071,18528,457,2,0,0,,,False,0,0.0,0.6542669584245077
machine-1-1,33,W2_f0995,DEph_cv,3,19367,20088,721,3,0,0,,,False,0,0.1553398058252427,0.4119278779472954
machine-1-1,33,W2_f0995,DEph_cv,4,20786,21195,409,1,0,0,,,False,0,0.19559902200489,0.22493887530562348
machine-1-1,33,W2_f0995,H_hold,0,15849,16395,546,3,0,0,,,False,0,0.0,0.5164835164835165
machine-1-1,33,W2_f0995,H_hold,1,16963,17517,554,1,0,0,,,False,0,0.08664259927797834,0.6805054151624549
machine-1-1,33,W2_f0995,H_hold,2,18071,18528,457,2,0,0,,,False,0,0.0,0.6542669584245077
machine-1-1,33,W2_f0995,H_hold,3,19367,20088,721,3,0,0,,,False,0,0.1553398058252427,0.4119278779472954
machine-1-1,33,W2_f0995,H_hold,4,20786,21195,409,1,0,0,,,False,0,0.19559902200489,0.22493887530562348
machine-1-1,33,W3_b01,A_no_update,0,15849,16395,546,0,0,0,,,False,0,0.0,0.5073260073260073
machine-1-1,33,W3_b01,A_no_update,1,16963,17517,554,0,0,0,,,False,0,0.0,0.5541516245487365
machine-1-1,33,W3_b01,A_no_update,2,18071,18528,457,0,0,0,,,False,0,0.0,0.49452954048140046
machine-1-1,33,W3_b01,A_no_update,3,19367,20088,721,0,0,0,,,False,0,0.0,0.5173370319001387
machine-1-1,33,W3_b01,A_no_update,4,20786,21195,409,0,0,0,,,False,0,0.0,0.293398533007335
machine-1-1,33,W3_b01,B_always,0,15849,16395,546,0,0,0,,,False,0,1.0,0.08608058608058608
machine-1-1,33,W3_b01,B_always,1,16963,17517,554,0,0,0,,,False,0,1.0,0.2003610108303249
machine-1-1,33,W3_b01,B_always,2,18071,18528,457,0,0,0,,,False,0,1.0,0.0962800875273523
machine-1-1,33,W3_b01,B_always,3,19367,20088,721,0,0,0,,,False,0,1.0,0.05409153952843273
machine-1-1,33,W3_b01,B_always,4,20786,21195,409,0,0,0,,,False,0,1.0,0.061124694376528114
machine-1-1,33,W3_b01,C_threshold,0,15849,16395,546,0,0,0,,,False,0,0.5860805860805861,0.0989010989010989
machine-1-1,33,W3_b01,C_threshold,1,16963,17517,554,0,0,0,,,False,0,0.02888086642599278,0.944043321299639
machine-1-1,33,W3_b01,C_threshold,2,18071,18528,457,0,0,0,,,False,0,0.2100656455142232,0.7352297592997812
machine-1-1,33,W3_b01,C_threshold,3,19367,20088,721,0,0,0,,,False,0,0.1553398058252427,0.7725381414701803
machine-1-1,33,W3_b01,C_threshold,4,20786,21195,409,0,0,0,,,False,0,0.0,1.0
machine-1-1,33,W3_b01,D_quarantine,0,15849,16395,546,0,0,0,,,True,1,0.6062271062271062,0.0989010989010989
machine-1-1,33,W3_b01,D_quarantine,1,16963,17517,554,0,0,0,,,False,0,0.4043321299638989,0.3555956678700361
machine-1-1,33,W3_b01,D_quarantine,2,18071,18528,457,0,0,0,,,False,0,0.2800875273522976,0.36980306345733044
machine-1-1,33,W3_b01,D_quarantine,3,19367,20088,721,0,0,0,,,False,0,0.39944521497919555,0.2787794729542302
machine-1-1,33,W3_b01,D_quarantine,4,20786,21195,409,0,0,0,,,False,0,0.58679706601467,0.07090464547677261
machine-1-1,33,W3_b01,D_trail512,0,15849,16395,546,3,0,0,,,True,1,0.5274725274725275,0.4267399267399267
machine-1-1,33,W3_b01,D_trail512,1,16963,17517,554,0,0,0,,,False,0,0.2888086642599278,0.3574007220216607
machine-1-1,33,W3_b01,D_trail512,2,18071,18528,457,1,0,0,,,False,0,0.175054704595186,0.3785557986870897
machine-1-1,33,W3_b01,D_trail512,3,19367,20088,721,1,0,0,,,False,0,0.332871012482663,0.27323162274618584
machine-1-1,33,W3_b01,D_trail512,4,20786,21195,409,1,0,0,,,False,0,0.35207823960880197,0.07579462102689487
machine-1-1,33,W3_b01,DE_stab,0,15849,16395,546,3,0,0,,,False,0,0.0,0.49633699633699635
machine-1-1,33,W3_b01,DE_stab,1,16963,17517,554,2,0,0,,,True,1,0.4566787003610108,0.5018050541516246
machine-1-1,33,W3_b01,DE_stab,2,18071,18528,457,1,0,0,,,False,0,0.175054704595186,0.41575492341356673
machine-1-1,33,W3_b01,DE_stab,3,19367,20088,721,1,0,0,,,True,1,0.6879334257975035,0.26768377253814146
machine-1-1,33,W3_b01,DE_stab,4,20786,21195,409,1,0,0,,,False,0,0.35207823960880197,0.06356968215158924
machine-1-1,33,W3_b01,DEph_cv,0,15849,16395,546,3,0,0,,,False,0,0.0,0.49633699633699635
machine-1-1,33,W3_b01,DEph_cv,1,16963,17517,554,1,0,0,,,False,0,0.20216606498194944,0.37184115523465705
machine-1-1,33,W3_b01,DEph_cv,2,18071,18528,457,1,0,0,,,False,0,0.1050328227571116,0.4179431072210066
machine-1-1,33,W3_b01,DEph_cv,3,19367,20088,721,2,0,0,,,False,0,0.26629680998613037,0.29542302357836336
machine-1-1,33,W3_b01,DEph_cv,4,20786,21195,409,1,0,0,,,False,0,0.35207823960880197,0.08068459657701711
machine-1-1,33,W3_b01,H_hold,0,15849,16395,546,3,0,0,,,False,0,0.0,0.49633699633699635
machine-1-1,33,W3_b01,H_hold,1,16963,17517,554,1,0,0,,,False,0,0.20216606498194944,0.37184115523465705
machine-1-1,33,W3_b01,H_hold,2,18071,18528,457,4,0,0,,,False,0,0.0,0.7811816192560175
machine-1-1,33,W3_b01,H_hold,3,19367,20088,721,2,0,0,,,False,0,0.26629680998613037,0.3106796116504854
machine-1-1,33,W3_b01,H_hold,4,20786,21195,409,3,0,0,,,False,0,0.11735941320293398,0.5134474327628362
machine-2-2,11,W1,A_no_update,2,15630,16502,872,0,0,0,,,False,0,0.0,0.03096330275229358
machine-2-2,11,W1,A_no_update,3,17090,17942,852,0,0,0,,,False,0,0.0,0.03990610328638498
machine-2-2,11,W1,A_no_update,4,18541,19382,841,0,0,0,,,False,0,0.0,0.02140309155766944
machine-2-2,11,W1,B_always,2,15630,16502,872,0,0,0,,,False,0,1.0,0.028669724770642203
machine-2-2,11,W1,B_always,3,17090,17942,852,0,0,0,,,False,0,1.0,0.028169014084507043
machine-2-2,11,W1,B_always,4,18541,19382,841,0,0,0,,,False,0,1.0,0.019024970273483946
machine-2-2,11,W1,C_threshold,2,15630,16502,872,0,0,0,,,False,0,0.6811926605504587,0.02522935779816514
machine-2-2,11,W1,C_threshold,3,17090,17942,852,0,0,0,,,False,0,0.6384976525821596,0.029342723004694836
machine-2-2,11,W1,C_threshold,4,18541,19382,841,0,0,0,,,False,0,0.72294887039239,0.020214030915576695
machine-2-2,11,W1,D_quarantine,2,15630,16502,872,0,0,0,,,False,0,0.6811926605504587,0.02522935779816514
machine-2-2,11,W1,D_quarantine,3,17090,17942,852,0,0,0,,,False,0,0.6384976525821596,0.029342723004694836
machine-2-2,11,W1,D_quarantine,4,18541,19382,841,0,0,0,,,False,0,0.72294887039239,0.020214030915576695
machine-2-2,11,W1,D_trail512,2,15630,16502,872,0,0,0,,,False,0,0.4793577981651376,0.02522935779816514
machine-2-2,11,W1,D_trail512,3,17090,17942,852,0,0,0,,,False,0,0.48826291079812206,0.029342723004694836
machine-2-2,11,W1,D_trail512,4,18541,19382,841,0,0,0,,,False,0,0.5897740784780023,0.019024970273483946
machine-2-2,11,W1,DE_stab,2,15630,16502,872,0,0,0,,,False,0,0.4793577981651376,0.02522935779816514
machine-2-2,11,W1,DE_stab,3,17090,17942,852,0,0,0,,,False,0,0.48826291079812206,0.029342723004694836
machine-2-2,11,W1,DE_stab,4,18541,19382,841,0,0,0,,,False,0,0.5897740784780023,0.019024970273483946
machine-2-2,11,W1,DEph_cv,2,15630,16502,872,0,0,0,,,False,0,0.4793577981651376,0.02522935779816514
machine-2-2,11,W1,DEph_cv,3,17090,17942,852,0,0,0,,,False,0,0.48826291079812206,0.029342723004694836
machine-2-2,11,W1,DEph_cv,4,18541,19382,841,0,0,0,,,False,0,0.5897740784780023,0.019024970273483946
machine-2-2,11,W1,H_hold,2,15630,16502,872,0,0,0,,,False,0,0.4793577981651376,0.02522935779816514
machine-2-2,11,W1,H_hold,3,17090,17942,852,0,0,0,,,False,0,0.48826291079812206,0.029342723004694836
machine-2-2,11,W1,H_hold,4,18541,19382,841,0,0,0,,,False,0,0.5897740784780023,0.019024970273483946
machine-2-2,11,W2_f0995,A_no_update,2,15630,16502,872,0,0,0,,,False,0,0.0,0.045871559633027525
machine-2-2,11,W2_f0995,A_no_update,3,17090,17942,852,0,0,0,,,False,0,0.0,0.03403755868544601
machine-2-2,11,W2_f0995,A_no_update,4,18541,19382,841,0,0,0,,,False,0,0.0,0.0178359096313912
machine-2-2,11,W2_f0995,B_always,2,15630,16502,872,0,0,0,,,False,0,1.0,0.02408256880733945
machine-2-2,11,W2_f0995,B_always,3,17090,17942,852,0,0,0,,,False,0,1.0,0.02112676056338028
machine-2-2,11,W2_f0995,B_always,4,18541,19382,841,0,0,0,,,False,0,1.0,0.011890606420927468
machine-2-2,11,W2_f0995,C_threshold,2,15630,16502,872,0,0,0,,,False,0,0.6444954128440367,0.02522935779816514
machine-2-2,11,W2_f0995,C_threshold,3,17090,17942,852,0,0,0,,,False,0,0.6572769953051644,0.025821596244131457
machine-2-2,11,W2_f0995,C_threshold,4,18541,19382,841,0,0,0,,,False,0,0.8180737217598097,0.011890606420927468
machine-2-2,11,W2_f0995,D_quarantine,2,15630,16502,872,0,0,0,,,False,0,0.6444954128440367,0.02522935779816514
machine-2-2,11,W2_f0995,D_quarantine,3,17090,17942,852,0,0,0,,,False,0,0.6572769953051644,0.025821596244131457
machine-2-2,11,W2_f0995,D_quarantine,4,18541,19382,841,0,0,0,,,False,0,0.8180737217598097,0.011890606420927468
machine-2-2,11,W2_f0995,D_trail512,2,15630,16502,872,2,0,0,,,False,0,0.4059633027522936,0.028669724770642203
machine-2-2,11,W2_f0995,D_trail512,3,17090,17942,852,1,0,0,,,False,0,0.3755868544600939,0.025821596244131457
machine-2-2,11,W2_f0995,D_trail512,4,18541,19382,841,0,0,0,,,False,0,0.7419738406658739,0.011890606420927468
machine-2-2,11,W2_f0995,DE_stab,2,15630,16502,872,2,0,0,,,True,1,0.6444954128440367,0.02981651376146789
machine-2-2,11,W2_f0995,DE_stab,3,17090,17942,852,1,0,0,,,True,1,0.6948356807511737,0.025821596244131457
machine-2-2,11,W2_f0995,DE_stab,4,18541,19382,841,0,0,0,,,False,0,0.7419738406658739,0.011890606420927468
machine-2-2,11,W2_f0995,DEph_cv,2,15630,16502,872,2,0,0,,,False,0,0.4059633027522936,0.028669724770642203
machine-2-2,11,W2_f0995,DEph_cv,3,17090,17942,852,1,0,0,,,False,0,0.3755868544600939,0.025821596244131457
machine-2-2,11,W2_f0995,DEph_cv,4,18541,19382,841,0,0,0,,,False,0,0.7419738406658739,0.011890606420927468
machine-2-2,11,W2_f0995,H_hold,2,15630,16502,872,2,0,0,,,False,0,0.4059633027522936,0.028669724770642203
machine-2-2,11,W2_f0995,H_hold,3,17090,17942,852,1,0,0,,,False,0,0.3755868544600939,0.025821596244131457
machine-2-2,11,W2_f0995,H_hold,4,18541,19382,841,0,0,0,,,False,0,0.7419738406658739,0.011890606420927468
machine-2-2,11,W3_b01,A_no_update,2,15630,16502,872,0,0,0,,,False,0,0.0,0.04128440366972477
machine-2-2,11,W3_b01,A_no_update,3,17090,17942,852,0,0,0,,,False,0,0.0,0.03990610328638498
machine-2-2,11,W3_b01,A_no_update,4,18541,19382,841,0,0,0,,,False,0,0.0,0.02140309155766944
machine-2-2,11,W3_b01,B_always,2,15630,16502,872,0,0,0,,,False,0,1.0,0.022935779816513763
machine-2-2,11,W3_b01,B_always,3,17090,17942,852,0,0,0,,,False,0,1.0,0.018779342723004695
machine-2-2,11,W3_b01,B_always,4,18541,19382,841,0,0,0,,,False,0,1.0,0.013079667063020214
machine-2-2,11,W3_b01,C_threshold,2,15630,16502,872,0,0,0,,,False,0,0.6995412844036697,0.022935779816513763
machine-2-2,11,W3_b01,C_threshold,3,17090,17942,852,0,0,0,,,False,0,0.6948356807511737,0.02112676056338028
machine-2-2,11,W3_b01,C_threshold,4,18541,19382,841,0,0,0,,,False,0,0.7990487514863258,0.013079667063020214
machine-2-2,11,W3_b01,D_quarantine,2,15630,16502,872,0,0,0,,,False,0,0.6995412844036697,0.022935779816513763
machine-2-2,11,W3_b01,D_quarantine,3,17090,17942,852,0,0,0,,,False,0,0.6948356807511737,0.02112676056338028
machine-2-2,11,W3_b01,D_quarantine,4,18541,19382,841,0,0,0,,,False,0,0.7990487514863258,0.013079667063020214
machine-2-2,11,W3_b01,D_trail512,2,15630,16502,872,0,0,0,,,False,0,0.5344036697247706,0.022935779816513763
machine-2-2,11,W3_b01,D_trail512,3,17090,17942,852,1,0,0,,,False,0,0.4507042253521127,0.02464788732394366
machine-2-2,11,W3_b01,D_trail512,4,18541,19382,841,0,0,0,,,False,0,0.72294887039239,0.013079667063020214
machine-2-2,11,W3_b01,DE_stab,2,15630,16502,872,0,0,0,,,False,0,0.5344036697247706,0.022935779816513763
machine-2-2,11,W3_b01,DE_stab,3,17090,17942,852,1,0,0,,,False,0,0.4507042253521127,0.02464788732394366
machine-2-2,11,W3_b01,DE_stab,4,18541,19382,841,0,0,0,,,False,0,0.72294887039239,0.013079667063020214
machine-2-2,11,W3_b01,DEph_cv,2,15630,16502,872,0,0,0,,,False,0,0.5344036697247706,0.022935779816513763
machine-2-2,11,W3_b01,DEph_cv,3,17090,17942,852,1,0,0,,,False,0,0.4507042253521127,0.02464788732394366
machine-2-2,11,W3_b01,DEph_cv,4,18541,19382,841,0,0,0,,,False,0,0.72294887039239,0.013079667063020214
machine-2-2,11,W3_b01,H_hold,2,15630,16502,872,0,0,0,,,False,0,0.5344036697247706,0.022935779816513763
machine-2-2,11,W3_b01,H_hold,3,17090,17942,852,1,0,0,,,False,0,0.4507042253521127,0.02464788732394366
machine-2-2,11,W3_b01,H_hold,4,18541,19382,841,0,0,0,,,False,0,0.72294887039239,0.013079667063020214
machine-2-2,22,W1,A_no_update,2,15630,16502,872,0,0,0,,,False,0,0.0,0.026376146788990827
machine-2-2,22,W1,A_no_update,3,17090,17942,852,0,0,0,,,False,0,0.0,0.03403755868544601
machine-2-2,22,W1,A_no_update,4,18541,19382,841,0,0,0,,,False,0,0.0,0.02140309155766944
machine-2-2,22,W1,B_always,2,15630,16502,872,0,0,0,,,False,0,1.0,0.027522935779816515
machine-2-2,22,W1,B_always,3,17090,17942,852,0,0,0,,,False,0,1.0,0.025821596244131457
machine-2-2,22,W1,B_always,4,18541,19382,841,0,0,0,,,False,0,1.0,0.020214030915576695
machine-2-2,22,W1,C_threshold,2,15630,16502,872,0,0,0,,,False,0,0.6972477064220184,0.02408256880733945
machine-2-2,22,W1,C_threshold,3,17090,17942,852,0,0,0,,,False,0,0.676056338028169,0.025821596244131457
machine-2-2,22,W1,C_threshold,4,18541,19382,841,0,0,0,,,False,0,0.6848989298454221,0.022592152199762187
machine-2-2,22,W1,D_quarantine,2,15630,16502,872,0,0,0,,,False,0,0.6972477064220184,0.02408256880733945
machine-2-2,22,W1,D_quarantine,3,17090,17942,852,0,0,0,,,False,0,0.676056338028169,0.025821596244131457
machine-2-2,22,W1,D_quarantine,4,18541,19382,841,0,0,0,,,False,0,0.6848989298454221,0.022592152199762187
machine-2-2,22,W1,D_trail512,2,15630,16502,872,0,0,0,,,False,0,0.5137614678899083,0.02408256880733945
machine-2-2,22,W1,D_trail512,3,17090,17942,852,0,0,0,,,False,0,0.4507042253521127,0.03169014084507042
machine-2-2,22,W1,D_trail512,4,18541,19382,841,0,0,0,,,False,0,0.5707491082045184,0.02140309155766944
machine-2-2,22,W1,DE_stab,2,15630,16502,872,0,0,0,,,False,0,0.5137614678899083,0.02408256880733945
machine-2-2,22,W1,DE_stab,3,17090,17942,852,0,0,0,,,False,0,0.4507042253521127,0.03169014084507042
machine-2-2,22,W1,DE_stab,4,18541,19382,841,0,0,0,,,False,0,0.5707491082045184,0.02140309155766944
machine-2-2,22,W1,DEph_cv,2,15630,16502,872,0,0,0,,,False,0,0.5137614678899083,0.02408256880733945
machine-2-2,22,W1,DEph_cv,3,17090,17942,852,0,0,0,,,False,0,0.4507042253521127,0.03169014084507042
machine-2-2,22,W1,DEph_cv,4,18541,19382,841,0,0,0,,,False,0,0.5707491082045184,0.02140309155766944
machine-2-2,22,W1,H_hold,2,15630,16502,872,0,0,0,,,False,0,0.5137614678899083,0.02408256880733945
machine-2-2,22,W1,H_hold,3,17090,17942,852,0,0,0,,,False,0,0.4507042253521127,0.03169014084507042
machine-2-2,22,W1,H_hold,4,18541,19382,841,0,0,0,,,False,0,0.5707491082045184,0.02140309155766944
machine-2-2,22,W2_f0995,A_no_update,2,15630,16502,872,0,0,0,,,False,0,0.0,0.04472477064220184
machine-2-2,22,W2_f0995,A_no_update,3,17090,17942,852,0,0,0,,,False,0,0.0,0.03403755868544601
machine-2-2,22,W2_f0995,A_no_update,4,18541,19382,841,0,0,0,,,False,0,0.0,0.016646848989298454
machine-2-2,22,W2_f0995,B_always,2,15630,16502,872,0,0,0,,,False,0,1.0,0.02408256880733945
machine-2-2,22,W2_f0995,B_always,3,17090,17942,852,0,0,0,,,False,0,1.0,0.01995305164319249
machine-2-2,22,W2_f0995,B_always,4,18541,19382,841,0,0,0,,,False,0,1.0,0.011890606420927468
machine-2-2,22,W2_f0995,C_threshold,2,15630,16502,872,0,0,0,,,False,0,0.6444954128440367,0.02522935779816514
machine-2-2,22,W2_f0995,C_threshold,3,17090,17942,852,0,0,0,,,False,0,0.6572769953051644,0.025821596244131457
machine-2-2,22,W2_f0995,C_threshold,4,18541,19382,841,0,0,0,,,False,0,0.8180737217598097,0.011890606420927468
machine-2-2,22,W2_f0995,D_quarantine,2,15630,16502,872,0,0,0,,,False,0,0.6444954128440367,0.02522935779816514
machine-2-2,22,W2_f0995,D_quarantine,3,17090,17942,852,0,0,0,,,False,0,0.6572769953051644,0.025821596244131457
machine-2-2,22,W2_f0995,D_quarantine,4,18541,19382,841,0,0,0,,,False,0,0.8180737217598097,0.011890606420927468
machine-2-2,22,W2_f0995,D_trail512,2,15630,16502,872,2,0,0,,,False,0,0.4059633027522936,0.028669724770642203
machine-2-2,22,W2_f0995,D_trail512,3,17090,17942,852,1,0,0,,,False,0,0.3755868544600939,0.025821596244131457
machine-2-2,22,W2_f0995,D_trail512,4,18541,19382,841,0,0,0,,,False,0,0.7419738406658739,0.011890606420927468
machine-2-2,22,W2_f0995,DE_stab,2,15630,16502,872,2,0,0,,,True,1,0.6444954128440367,0.02981651376146789
machine-2-2,22,W2_f0995,DE_stab,3,17090,17942,852,1,0,0,,,True,1,0.6948356807511737,0.025821596244131457
machine-2-2,22,W2_f0995,DE_stab,4,18541,19382,841,0,0,0,,,False,0,0.7419738406658739,0.011890606420927468
machine-2-2,22,W2_f0995,DEph_cv,2,15630,16502,872,2,0,0,,,False,0,0.4059633027522936,0.028669724770642203
machine-2-2,22,W2_f0995,DEph_cv,3,17090,17942,852,1,0,0,,,False,0,0.3755868544600939,0.025821596244131457
machine-2-2,22,W2_f0995,DEph_cv,4,18541,19382,841,0,0,0,,,False,0,0.7419738406658739,0.011890606420927468
machine-2-2,22,W2_f0995,H_hold,2,15630,16502,872,2,0,0,,,False,0,0.4059633027522936,0.028669724770642203
machine-2-2,22,W2_f0995,H_hold,3,17090,17942,852,1,0,0,,,False,0,0.3755868544600939,0.025821596244131457
machine-2-2,22,W2_f0995,H_hold,4,18541,19382,841,0,0,0,,,False,0,0.7419738406658739,0.011890606420927468
machine-2-2,22,W3_b01,A_no_update,2,15630,16502,872,0,0,0,,,False,0,0.0,0.04472477064220184
machine-2-2,22,W3_b01,A_no_update,3,17090,17942,852,0,0,0,,,False,0,0.0,0.04342723004694836
machine-2-2,22,W3_b01,A_no_update,4,18541,19382,841,0,0,0,,,False,0,0.0,0.020214030915576695
machine-2-2,22,W3_b01,B_always,2,15630,16502,872,0,0,0,,,False,0,1.0,0.0194954128440367
machine-2-2,22,W3_b01,B_always,3,17090,17942,852,0,0,0,,,False,0,1.0,0.014084507042253521
machine-2-2,22,W3_b01,B_always,4,18541,19382,841,0,0,0,,,False,0,1.0,0.011890606420927468
machine-2-2,22,W3_b01,C_threshold,2,15630,16502,872,0,0,0,,,False,0,0.7178899082568807,0.0194954128440367
machine-2-2,22,W3_b01,C_threshold,3,17090,17942,852,0,0,0,,,False,0,0.7511737089201878,0.01643192488262911
machine-2-2,22,W3_b01,C_threshold,4,18541,19382,841,0,0,0,,,False,0,0.8180737217598097,0.011890606420927468
machine-2-2,22,W3_b01,D_quarantine,2,15630,16502,872,0,0,0,,,False,0,0.7178899082568807,0.0194954128440367
machine-2-2,22,W3_b01,D_quarantine,3,17090,17942,852,0,0,0,,,False,0,0.7511737089201878,0.01643192488262911
machine-2-2,22,W3_b01,D_quarantine,4,18541,19382,841,0,0,0,,,False,0,0.8180737217598097,0.011890606420927468
machine-2-2,22,W3_b01,D_trail512,2,15630,16502,872,0,0,0,,,False,0,0.5894495412844036,0.0194954128440367
machine-2-2,22,W3_b01,D_trail512,3,17090,17942,852,0,0,0,,,False,0,0.6197183098591549,0.017605633802816902
machine-2-2,22,W3_b01,D_trail512,4,18541,19382,841,0,0,0,,,False,0,0.7419738406658739,0.011890606420927468
machine-2-2,22,W3_b01,DE_stab,2,15630,16502,872,0,0,0,,,False,0,0.5894495412844036,0.0194954128440367
machine-2-2,22,W3_b01,DE_stab,3,17090,17942,852,0,0,0,,,False,0,0.6197183098591549,0.017605633802816902
machine-2-2,22,W3_b01,DE_stab,4,18541,19382,841,0,0,0,,,False,0,0.7419738406658739,0.011890606420927468
machine-2-2,22,W3_b01,DEph_cv,2,15630,16502,872,0,0,0,,,False,0,0.5894495412844036,0.0194954128440367
machine-2-2,22,W3_b01,DEph_cv,3,17090,17942,852,0,0,0,,,False,0,0.6197183098591549,0.017605633802816902
machine-2-2,22,W3_b01,DEph_cv,4,18541,19382,841,0,0,0,,,False,0,0.7419738406658739,0.011890606420927468
machine-2-2,22,W3_b01,H_hold,2,15630,16502,872,0,0,0,,,False,0,0.5894495412844036,0.0194954128440367
machine-2-2,22,W3_b01,H_hold,3,17090,17942,852,0,0,0,,,False,0,0.6197183098591549,0.017605633802816902
machine-2-2,22,W3_b01,H_hold,4,18541,19382,841,0,0,0,,,False,0,0.7419738406658739,0.011890606420927468
machine-2-2,33,W1,A_no_update,2,15630,16502,872,0,0,0,,,False,0,0.0,0.026376146788990827
machine-2-2,33,W1,A_no_update,3,17090,17942,852,0,0,0,,,False,0,0.0,0.035211267605633804
machine-2-2,33,W1,A_no_update,4,18541,19382,841,0,0,0,,,False,0,0.0,0.02140309155766944
machine-2-2,33,W1,B_always,2,15630,16502,872,0,0,0,,,False,0,1.0,0.022935779816513763
machine-2-2,33,W1,B_always,3,17090,17942,852,0,0,0,,,False,0,1.0,0.02464788732394366
machine-2-2,33,W1,B_always,4,18541,19382,841,0,0,0,,,False,0,1.0,0.015457788347205707
machine-2-2,33,W1,C_threshold,2,15630,16502,872,0,0,0,,,False,0,0.6995412844036697,0.02408256880733945
machine-2-2,33,W1,C_threshold,3,17090,17942,852,0,0,0,,,False,0,0.676056338028169,0.025821596244131457
machine-2-2,33,W1,C_threshold,4,18541,19382,841,0,0,0,,,False,0,0.703923900118906,0.019024970273483946
machine-2-2,33,W1,D_quarantine,2,15630,16502,872,0,0,0,,,False,0,0.6995412844036697,0.02408256880733945
machine-2-2,33,W1,D_quarantine,3,17090,17942,852,0,0,0,,,False,0,0.676056338028169,0.025821596244131457
machine-2-2,33,W1,D_quarantine,4,18541,19382,841,0,0,0,,,False,0,0.703923900118906,0.019024970273483946
machine-2-2,33,W1,D_trail512,2,15630,16502,872,0,0,0,,,False,0,0.5344036697247706,0.026376146788990827
machine-2-2,33,W1,D_trail512,3,17090,17942,852,1,0,0,,,False,0,0.48826291079812206,0.02699530516431925
machine-2-2,33,W1,D_trail512,4,18541,19382,841,0,0,0,,,False,0,0.6468489892984542,0.0178359096313912
machine-2-2,33,W1,DE_stab,2,15630,16502,872,0,0,0,,,False,0,0.5344036697247706,0.026376146788990827
machine-2-2,33,W1,DE_stab,3,17090,17942,852,1,0,0,,,True,1,0.7511737089201878,0.02699530516431925
machine-2-2,33,W1,DE_stab,4,18541,19382,841,0,0,0,,,False,0,0.703923900118906,0.016646848989298454
machine-2-2,33,W1,DEph_cv,2,15630,16502,872,0,0,0,,,False,0,0.5344036697247706,0.026376146788990827
machine-2-2,33,W1,DEph_cv,3,17090,17942,852,1,0,0,,,False,0,0.48826291079812206,0.02699530516431925
machine-2-2,33,W1,DEph_cv,4,18541,19382,841,0,0,0,,,False,0,0.6468489892984542,0.0178359096313912
machine-2-2,33,W1,H_hold,2,15630,16502,872,0,0,0,,,False,0,0.5344036697247706,0.026376146788990827
machine-2-2,33,W1,H_hold,3,17090,17942,852,1,0,0,,,False,0,0.48826291079812206,0.02699530516431925
machine-2-2,33,W1,H_hold,4,18541,19382,841,0,0,0,,,False,0,0.6468489892984542,0.0178359096313912
machine-2-2,33,W2_f0995,A_no_update,2,15630,16502,872,0,0,0,,,False,0,0.0,0.045871559633027525
machine-2-2,33,W2_f0995,A_no_update,3,17090,17942,852,0,0,0,,,False,0,0.0,0.03403755868544601
machine-2-2,33,W2_f0995,A_no_update,4,18541,19382,841,0,0,0,,,False,0,0.0,0.016646848989298454
machine-2-2,33,W2_f0995,B_always,2,15630,16502,872,0,0,0,,,False,0,1.0,0.02408256880733945
machine-2-2,33,W2_f0995,B_always,3,17090,17942,852,0,0,0,,,False,0,1.0,0.01995305164319249
machine-2-2,33,W2_f0995,B_always,4,18541,19382,841,0,0,0,,,False,0,1.0,0.011890606420927468
machine-2-2,33,W2_f0995,C_threshold,2,15630,16502,872,0,0,0,,,False,0,0.6444954128440367,0.02522935779816514
machine-2-2,33,W2_f0995,C_threshold,3,17090,17942,852,0,0,0,,,False,0,0.6572769953051644,0.025821596244131457
machine-2-2,33,W2_f0995,C_threshold,4,18541,19382,841,0,0,0,,,False,0,0.8180737217598097,0.011890606420927468
machine-2-2,33,W2_f0995,D_quarantine,2,15630,16502,872,0,0,0,,,False,0,0.6444954128440367,0.02522935779816514
machine-2-2,33,W2_f0995,D_quarantine,3,17090,17942,852,0,0,0,,,False,0,0.6572769953051644,0.025821596244131457
machine-2-2,33,W2_f0995,D_quarantine,4,18541,19382,841,0,0,0,,,False,0,0.8180737217598097,0.011890606420927468
machine-2-2,33,W2_f0995,D_trail512,2,15630,16502,872,2,0,0,,,False,0,0.4059633027522936,0.028669724770642203
machine-2-2,33,W2_f0995,D_trail512,3,17090,17942,852,1,0,0,,,False,0,0.3755868544600939,0.025821596244131457
machine-2-2,33,W2_f0995,D_trail512,4,18541,19382,841,0,0,0,,,False,0,0.7419738406658739,0.011890606420927468
machine-2-2,33,W2_f0995,DE_stab,2,15630,16502,872,2,0,0,,,True,1,0.6444954128440367,0.02981651376146789
machine-2-2,33,W2_f0995,DE_stab,3,17090,17942,852,1,0,0,,,True,1,0.6948356807511737,0.025821596244131457
machine-2-2,33,W2_f0995,DE_stab,4,18541,19382,841,0,0,0,,,False,0,0.7419738406658739,0.011890606420927468
machine-2-2,33,W2_f0995,DEph_cv,2,15630,16502,872,2,0,0,,,False,0,0.4059633027522936,0.028669724770642203
machine-2-2,33,W2_f0995,DEph_cv,3,17090,17942,852,1,0,0,,,False,0,0.3755868544600939,0.025821596244131457
machine-2-2,33,W2_f0995,DEph_cv,4,18541,19382,841,0,0,0,,,False,0,0.7419738406658739,0.011890606420927468
machine-2-2,33,W2_f0995,H_hold,2,15630,16502,872,2,0,0,,,False,0,0.4059633027522936,0.028669724770642203
machine-2-2,33,W2_f0995,H_hold,3,17090,17942,852,1,0,0,,,False,0,0.3755868544600939,0.025821596244131457
machine-2-2,33,W2_f0995,H_hold,4,18541,19382,841,0,0,0,,,False,0,0.7419738406658739,0.011890606420927468
machine-2-2,33,W3_b01,A_no_update,2,15630,16502,872,0,0,0,,,False,0,0.0,0.040137614678899085
machine-2-2,33,W3_b01,A_no_update,3,17090,17942,852,0,0,0,,,False,0,0.0,0.03990610328638498
machine-2-2,33,W3_b01,A_no_update,4,18541,19382,841,0,0,0,,,False,0,0.0,0.0178359096313912
machine-2-2,33,W3_b01,B_always,2,15630,16502,872,0,0,0,,,False,0,1.0,0.01834862385321101
machine-2-2,33,W3_b01,B_always,3,17090,17942,852,0,0,0,,,False,0,1.0,0.015258215962441314
machine-2-2,33,W3_b01,B_always,4,18541,19382,841,0,0,0,,,False,0,1.0,0.011890606420927468
machine-2-2,33,W3_b01,C_threshold,2,15630,16502,872,0,0,0,,,False,0,0.7178899082568807,0.0194954128440367
machine-2-2,33,W3_b01,C_threshold,3,17090,17942,852,0,0,0,,,False,0,0.7323943661971831,0.017605633802816902
machine-2-2,33,W3_b01,C_threshold,4,18541,19382,841,0,0,0,,,False,0,0.8180737217598097,0.011890606420927468
machine-2-2,33,W3_b01,D_quarantine,2,15630,16502,872,0,0,0,,,False,0,0.7178899082568807,0.0194954128440367
machine-2-2,33,W3_b01,D_quarantine,3,17090,17942,852,0,0,0,,,False,0,0.7323943661971831,0.017605633802816902
machine-2-2,33,W3_b01,D_quarantine,4,18541,19382,841,0,0,0,,,False,0,0.8180737217598097,0.011890606420927468
machine-2-2,33,W3_b01,D_trail512,2,15630,16502,872,0,0,0,,,False,0,0.5894495412844036,0.01834862385321101
machine-2-2,33,W3_b01,D_trail512,3,17090,17942,852,0,0,0,,,False,0,0.5633802816901409,0.01995305164319249
machine-2-2,33,W3_b01,D_trail512,4,18541,19382,841,0,0,0,,,False,0,0.7419738406658739,0.011890606420927468
machine-2-2,33,W3_b01,DE_stab,2,15630,16502,872,0,0,0,,,False,0,0.5894495412844036,0.01834862385321101
machine-2-2,33,W3_b01,DE_stab,3,17090,17942,852,0,0,0,,,False,0,0.5633802816901409,0.01995305164319249
machine-2-2,33,W3_b01,DE_stab,4,18541,19382,841,0,0,0,,,False,0,0.7419738406658739,0.011890606420927468
machine-2-2,33,W3_b01,DEph_cv,2,15630,16502,872,0,0,0,,,False,0,0.5894495412844036,0.01834862385321101
machine-2-2,33,W3_b01,DEph_cv,3,17090,17942,852,0,0,0,,,False,0,0.5633802816901409,0.01995305164319249
machine-2-2,33,W3_b01,DEph_cv,4,18541,19382,841,0,0,0,,,False,0,0.7419738406658739,0.011890606420927468
machine-2-2,33,W3_b01,H_hold,2,15630,16502,872,0,0,0,,,False,0,0.5894495412844036,0.01834862385321101
machine-2-2,33,W3_b01,H_hold,3,17090,17942,852,0,0,0,,,False,0,0.5633802816901409,0.01995305164319249
machine-2-2,33,W3_b01,H_hold,4,18541,19382,841,0,0,0,,,False,0,0.7419738406658739,0.011890606420927468
machine-2-4,11,W1,A_no_update,5,5099,5380,281,0,0,0,,,False,0,0.0,0.03914590747330961
machine-2-4,11,W1,A_no_update,15,17965,18350,385,0,0,0,,,False,0,0.0,0.06493506493506493
machine-2-4,11,W1,A_no_update,16,18579,18980,401,0,0,0,,,False,0,0.0,0.8354114713216958
machine-2-4,11,W1,A_no_update,17,19404,19741,337,0,0,0,,,False,0,0.0,0.06528189910979229
machine-2-4,11,W1,B_always,5,5099,5380,281,0,0,0,,,False,0,1.0,0.028469750889679714
machine-2-4,11,W1,B_always,15,17965,18350,385,0,0,0,,,False,0,1.0,0.05974025974025974
machine-2-4,11,W1,B_always,16,18579,18980,401,0,0,0,,,False,0,1.0,0.20199501246882792
machine-2-4,11,W1,B_always,17,19404,19741,337,0,0,0,,,False,0,1.0,0.04451038575667656
machine-2-4,11,W1,C_threshold,5,5099,5380,281,0,0,0,,,False,0,0.5444839857651246,0.03202846975088968
machine-2-4,11,W1,C_threshold,15,17965,18350,385,0,0,0,,,False,0,0.32727272727272727,0.06493506493506493
machine-2-4,11,W1,C_threshold,16,18579,18980,401,0,0,0,,,False,0,0.12219451371571072,0.8354114713216958
machine-2-4,11,W1,C_threshold,17,19404,19741,337,0,0,0,,,False,0,0.7596439169139466,0.04451038575667656
machine-2-4,11,W1,D_quarantine,5,5099,5380,281,0,0,0,,,False,0,0.5444839857651246,0.03202846975088968
machine-2-4,11,W1,D_quarantine,15,17965,18350,385,0,0,0,,,False,0,0.32727272727272727,0.06493506493506493
machine-2-4,11,W1,D_quarantine,16,18579,18980,401,0,0,0,,,False,0,0.12219451371571072,0.8354114713216958
machine-2-4,11,W1,D_quarantine,17,19404,19741,337,0,0,0,,,False,0,0.7596439169139466,0.04451038575667656
machine-2-4,11,W1,D_trail512,5,5099,5380,281,0,0,0,,,False,0,0.2597864768683274,0.03558718861209965
machine-2-4,11,W1,D_trail512,15,17965,18350,385,1,0,0,,,False,0,0.2025974025974026,0.05974025974025974
machine-2-4,11,W1,D_trail512,16,18579,18980,401,2,0,0,,,False,0,0.12219451371571072,0.8354114713216958
machine-2-4,11,W1,D_trail512,17,19404,19741,337,0,0,0,,,False,0,0.7596439169139466,0.04451038575667656
machine-2-4,11,W1,DE_stab,5,5099,5380,281,0,0,0,,,False,0,0.2597864768683274,0.03558718861209965
machine-2-4,11,W1,DE_stab,15,17965,18350,385,1,0,0,,,True,1,0.8675324675324675,0.05974025974025974
machine-2-4,11,W1,DE_stab,16,18579,18980,401,2,0,0,,,False,0,0.12219451371571072,0.8354114713216958
machine-2-4,11,W1,DE_stab,17,19404,19741,337,0,0,0,,,False,0,0.7596439169139466,0.04451038575667656
machine-2-4,11,W1,DEph_cv,5,5099,5380,281,0,0,0,,,False,0,0.2597864768683274,0.03558718861209965
machine-2-4,11,W1,DEph_cv,15,17965,18350,385,1,0,0,,,False,0,0.2025974025974026,0.05974025974025974
machine-2-4,11,W1,DEph_cv,16,18579,18980,401,2,0,0,,,False,0,0.12219451371571072,0.8354114713216958
machine-2-4,11,W1,DEph_cv,17,19404,19741,337,0,0,0,,,False,0,0.7596439169139466,0.04451038575667656
machine-2-4,11,W1,H_hold,5,5099,5380,281,0,0,0,,,False,0,0.2597864768683274,0.03558718861209965
machine-2-4,11,W1,H_hold,15,17965,18350,385,1,0,0,,,False,0,0.2025974025974026,0.05974025974025974
machine-2-4,11,W1,H_hold,16,18579,18980,401,2,0,0,,,False,0,0.12219451371571072,0.8354114713216958
machine-2-4,11,W1,H_hold,17,19404,19741,337,0,0,0,,,False,0,0.7596439169139466,0.04451038575667656
machine-2-4,11,W2_f0995,A_no_update,5,5099,5380,281,0,0,0,,,False,0,0.0,0.014234875444839857
machine-2-4,11,W2_f0995,A_no_update,15,17965,18350,385,0,0,0,,,False,0,0.0,0.012987012987012988
machine-2-4,11,W2_f0995,A_no_update,16,18579,18980,401,0,0,0,,,False,0,0.0,0.8728179551122195
machine-2-4,11,W2_f0995,A_no_update,17,19404,19741,337,0,0,0,,,False,0,0.0,0.008902077151335312
machine-2-4,11,W2_f0995,B_always,5,5099,5380,281,0,0,0,,,False,0,1.0,0.010676156583629894
machine-2-4,11,W2_f0995,B_always,15,17965,18350,385,0,0,0,,,False,0,1.0,0.01038961038961039
machine-2-4,11,W2_f0995,B_always,16,18579,18980,401,0,0,0,,,False,0,1.0,0.4463840399002494
machine-2-4,11,W2_f0995,B_always,17,19404,19741,337,0,0,0,,,False,0,1.0,0.008902077151335312
machine-2-4,11,W2_f0995,C_threshold,5,5099,5380,281,0,0,0,,,False,0,0.8291814946619217,0.014234875444839857
machine-2-4,11,W2_f0995,C_threshold,15,17965,18350,385,0,0,0,,,False,0,0.9090909090909091,0.01038961038961039
machine-2-4,11,W2_f0995,C_threshold,16,18579,18980,401,0,0,0,,,False,0,0.16209476309226933,0.8254364089775561
machine-2-4,11,W2_f0995,C_threshold,17,19404,19741,337,0,0,0,,,False,0,0.8931750741839762,0.008902077151335312
machine-2-4,11,W2_f0995,D_quarantine,5,5099,5380,281,0,0,0,,,False,0,0.8291814946619217,0.014234875444839857
machine-2-4,11,W2_f0995,D_quarantine,15,17965,18350,385,0,0,0,,,False,0,0.9090909090909091,0.01038961038961039
machine-2-4,11,W2_f0995,D_quarantine,16,18579,18980,401,0,0,0,,,False,0,0.16209476309226933,0.8254364089775561
machine-2-4,11,W2_f0995,D_quarantine,17,19404,19741,337,0,0,0,,,False,0,0.8931750741839762,0.008902077151335312
machine-2-4,11,W2_f0995,D_trail512,5,5099,5380,281,0,0,0,,,False,0,0.7722419928825622,0.014234875444839857
machine-2-4,11,W2_f0995,D_trail512,15,17965,18350,385,0,0,0,,,False,0,0.9090909090909091,0.01038961038961039
machine-2-4,11,W2_f0995,D_trail512,16,18579,18980,401,1,0,0,,,False,0,0.16209476309226933,0.8254364089775561
machine-2-4,11,W2_f0995,D_trail512,17,19404,19741,337,0,0,0,,,False,0,0.8931750741839762,0.008902077151335312
machine-2-4,11,W2_f0995,DE_stab,5,5099,5380,281,0,0,0,,,False,0,0.7722419928825622,0.014234875444839857
machine-2-4,11,W2_f0995,DE_stab,15,17965,18350,385,0,0,0,,,False,0,0.9090909090909091,0.01038961038961039
machine-2-4,11,W2_f0995,DE_stab,16,18579,18980,401,1,0,0,,,False,0,0.16209476309226933,0.8254364089775561
machine-2-4,11,W2_f0995,DE_stab,17,19404,19741,337,0,0,0,,,False,0,0.8931750741839762,0.008902077151335312
machine-2-4,11,W2_f0995,DEph_cv,5,5099,5380,281,0,0,0,,,False,0,0.7722419928825622,0.014234875444839857
machine-2-4,11,W2_f0995,DEph_cv,15,17965,18350,385,0,0,0,,,False,0,0.9090909090909091,0.01038961038961039
machine-2-4,11,W2_f0995,DEph_cv,16,18579,18980,401,1,0,0,,,False,0,0.16209476309226933,0.8254364089775561
machine-2-4,11,W2_f0995,DEph_cv,17,19404,19741,337,0,0,0,,,False,0,0.8931750741839762,0.008902077151335312
machine-2-4,11,W2_f0995,H_hold,5,5099,5380,281,0,0,0,,,False,0,0.7722419928825622,0.014234875444839857
machine-2-4,11,W2_f0995,H_hold,15,17965,18350,385,0,0,0,,,False,0,0.9090909090909091,0.01038961038961039
machine-2-4,11,W2_f0995,H_hold,16,18579,18980,401,1,0,0,,,False,0,0.16209476309226933,0.8254364089775561
machine-2-4,11,W2_f0995,H_hold,17,19404,19741,337,0,0,0,,,False,0,0.8931750741839762,0.008902077151335312
machine-2-4,11,W3_b01,A_no_update,5,5099,5380,281,0,0,0,,,False,0,0.0,0.03558718861209965
machine-2-4,11,W3_b01,A_no_update,15,17965,18350,385,0,0,0,,,False,0,0.0,0.04415584415584416
machine-2-4,11,W3_b01,A_no_update,16,18579,18980,401,0,0,0,,,False,0,0.0,0.9301745635910225
machine-2-4,11,W3_b01,A_no_update,17,19404,19741,337,0,0,0,,,False,0,0.0,0.04747774480712166
machine-2-4,11,W3_b01,B_always,5,5099,5380,281,0,0,0,,,False,0,1.0,0.021352313167259787
machine-2-4,11,W3_b01,B_always,15,17965,18350,385,0,0,0,,,False,0,1.0,0.03636363636363636
machine-2-4,11,W3_b01,B_always,16,18579,18980,401,0,0,0,,,False,0,1.0,0.2743142144638404
machine-2-4,11,W3_b01,B_always,17,19404,19741,337,0,0,0,,,False,0,1.0,0.032640949554896145
machine-2-4,11,W3_b01,C_threshold,5,5099,5380,281,0,0,0,,,False,0,0.6583629893238434,0.02491103202846975
machine-2-4,11,W3_b01,C_threshold,15,17965,18350,385,0,0,0,,,False,0,0.535064935064935,0.03896103896103896
machine-2-4,11,W3_b01,C_threshold,16,18579,18980,401,0,0,0,,,False,0,0.12219451371571072,0.8354114713216958
machine-2-4,11,W3_b01,C_threshold,17,19404,19741,337,0,0,0,,,False,0,0.7596439169139466,0.04154302670623145
machine-2-4,11,W3_b01,D_quarantine,5,5099,5380,281,0,0,0,,,False,0,0.6583629893238434,0.02491103202846975
machine-2-4,11,W3_b01,D_quarantine,15,17965,18350,385,0,0,0,,,False,0,0.535064935064935,0.03896103896103896
machine-2-4,11,W3_b01,D_quarantine,16,18579,18980,401,0,0,0,,,False,0,0.12219451371571072,0.8354114713216958
machine-2-4,11,W3_b01,D_quarantine,17,19404,19741,337,0,0,0,,,False,0,0.7596439169139466,0.04154302670623145
machine-2-4,11,W3_b01,D_trail512,5,5099,5380,281,0,0,0,,,False,0,0.4306049822064057,0.03202846975088968
machine-2-4,11,W3_b01,D_trail512,15,17965,18350,385,0,0,0,,,False,0,0.45194805194805193,0.03896103896103896
machine-2-4,11,W3_b01,D_trail512,16,18579,18980,401,2,0,0,,,False,0,0.12219451371571072,0.8354114713216958
machine-2-4,11,W3_b01,D_trail512,17,19404,19741,337,0,0,0,,,False,0,0.7596439169139466,0.04154302670623145
machine-2-4,11,W3_b01,DE_stab,5,5099,5380,281,0,0,0,,,False,0,0.4306049822064057,0.03202846975088968
machine-2-4,11,W3_b01,DE_stab,15,17965,18350,385,0,0,0,,,False,0,0.45194805194805193,0.03896103896103896
machine-2-4,11,W3_b01,DE_stab,16,18579,18980,401,2,0,0,,,False,0,0.12219451371571072,0.8354114713216958
machine-2-4,11,W3_b01,DE_stab,17,19404,19741,337,0,0,0,,,False,0,0.7596439169139466,0.04154302670623145
machine-2-4,11,W3_b01,DEph_cv,5,5099,5380,281,0,0,0,,,False,0,0.4306049822064057,0.03202846975088968
machine-2-4,11,W3_b01,DEph_cv,15,17965,18350,385,0,0,0,,,False,0,0.45194805194805193,0.03896103896103896
machine-2-4,11,W3_b01,DEph_cv,16,18579,18980,401,2,0,0,,,False,0,0.12219451371571072,0.8354114713216958
machine-2-4,11,W3_b01,DEph_cv,17,19404,19741,337,0,0,0,,,False,0,0.7596439169139466,0.04154302670623145
machine-2-4,11,W3_b01,H_hold,5,5099,5380,281,0,0,0,,,False,0,0.4306049822064057,0.03202846975088968
machine-2-4,11,W3_b01,H_hold,15,17965,18350,385,0,0,0,,,False,0,0.45194805194805193,0.03896103896103896
machine-2-4,11,W3_b01,H_hold,16,18579,18980,401,2,0,0,,,False,0,0.12219451371571072,0.8354114713216958
machine-2-4,11,W3_b01,H_hold,17,19404,19741,337,0,0,0,,,False,0,0.7596439169139466,0.04154302670623145
machine-2-4,22,W1,A_no_update,5,5099,5380,281,0,0,0,,,False,0,0.0,0.05693950177935943
machine-2-4,22,W1,A_no_update,15,17965,18350,385,0,0,0,,,False,0,0.0,0.07012987012987013
machine-2-4,22,W1,A_no_update,16,18579,18980,401,0,0,0,,,False,0,0.0,0.8453865336658354
machine-2-4,22,W1,A_no_update,17,19404,19741,337,0,0,0,,,False,0,0.0,0.10979228486646884
machine-2-4,22,W1,B_always,5,5099,5380,281,0,0,0,,,False,0,1.0,0.05338078291814947
machine-2-4,22,W1,B_always,15,17965,18350,385,0,0,0,,,False,0,1.0,0.06493506493506493
machine-2-4,22,W1,B_always,16,18579,18980,401,0,0,0,,,False,0,1.0,0.2169576059850374
machine-2-4,22,W1,B_always,17,19404,19741,337,0,0,0,,,False,0,1.0,0.050445103857566766
machine-2-4,22,W1,C_threshold,5,5099,5380,281,0,0,0,,,False,0,0.4306049822064057,0.05338078291814947
machine-2-4,22,W1,C_threshold,15,17965,18350,385,0,0,0,,,False,0,0.36883116883116884,0.06493506493506493
machine-2-4,22,W1,C_threshold,16,18579,18980,401,0,0,0,,,False,0,0.08229426433915212,0.8503740648379052
machine-2-4,22,W1,C_threshold,17,19404,19741,337,0,0,0,,,False,0,0.712166172106825,0.05341246290801187
machine-2-4,22,W1,D_quarantine,5,5099,5380,281,0,0,0,,,False,0,0.4306049822064057,0.05338078291814947
machine-2-4,22,W1,D_quarantine,15,17965,18350,385,0,0,0,,,False,0,0.36883116883116884,0.06493506493506493
machine-2-4,22,W1,D_quarantine,16,18579,18980,401,0,0,0,,,False,0,0.08229426433915212,0.8503740648379052
machine-2-4,22,W1,D_quarantine,17,19404,19741,337,0,0,0,,,False,0,0.712166172106825,0.05341246290801187
machine-2-4,22,W1,D_trail512,5,5099,5380,281,0,0,0,,,False,0,0.20284697508896798,0.05693950177935943
machine-2-4,22,W1,D_trail512,15,17965,18350,385,2,0,0,,,False,0,0.07792207792207792,0.07792207792207792
machine-2-4,22,W1,D_trail512,16,18579,18980,401,2,0,0,,,False,0,0.04987531172069826,0.8503740648379052
machine-2-4,22,W1,D_trail512,17,19404,19741,337,0,0,0,,,False,0,0.6646884272997032,0.05341246290801187
machine-2-4,22,W1,DE_stab,5,5099,5380,281,0,0,0,,,False,0,0.20284697508896798,0.05693950177935943
machine-2-4,22,W1,DE_stab,15,17965,18350,385,1,0,0,,,True,1,0.7506493506493507,0.07532467532467532
machine-2-4,22,W1,DE_stab,16,18579,18980,401,2,0,0,,,False,0,0.04987531172069826,0.8503740648379052
machine-2-4,22,W1,DE_stab,17,19404,19741,337,0,0,0,,,False,0,0.6646884272997032,0.04451038575667656
machine-2-4,22,W1,DEph_cv,5,5099,5380,281,0,0,0,,,False,0,0.20284697508896798,0.05693950177935943
machine-2-4,22,W1,DEph_cv,15,17965,18350,385,2,0,0,,,False,0,0.07792207792207792,0.07792207792207792
machine-2-4,22,W1,DEph_cv,16,18579,18980,401,2,0,0,,,False,0,0.04987531172069826,0.8503740648379052
machine-2-4,22,W1,DEph_cv,17,19404,19741,337,0,0,0,,,False,0,0.6646884272997032,0.05341246290801187
machine-2-4,22,W1,H_hold,5,5099,5380,281,0,0,0,,,False,0,0.20284697508896798,0.05693950177935943
machine-2-4,22,W1,H_hold,15,17965,18350,385,2,0,0,,,False,0,0.07792207792207792,0.07792207792207792
machine-2-4,22,W1,H_hold,16,18579,18980,401,2,0,0,,,False,0,0.04987531172069826,0.8503740648379052
machine-2-4,22,W1,H_hold,17,19404,19741,337,0,0,0,,,False,0,0.6646884272997032,0.05341246290801187
machine-2-4,22,W2_f0995,A_no_update,5,5099,5380,281,0,0,0,,,False,0,0.0,0.014234875444839857
machine-2-4,22,W2_f0995,A_no_update,15,17965,18350,385,0,0,0,,,False,0,0.0,0.012987012987012988
machine-2-4,22,W2_f0995,A_no_update,16,18579,18980,401,0,0,0,,,False,0,0.0,0.8728179551122195
machine-2-4,22,W2_f0995,A_no_update,17,19404,19741,337,0,0,0,,,False,0,0.0,0.008902077151335312
machine-2-4,22,W2_f0995,B_always,5,5099,5380,281,0,0,0,,,False,0,1.0,0.010676156583629894
machine-2-4,22,W2_f0995,B_always,15,17965,18350,385,0,0,0,,,False,0,1.0,0.01038961038961039
machine-2-4,22,W2_f0995,B_always,16,18579,18980,401,0,0,0,,,False,0,1.0,0.4538653366583541
machine-2-4,22,W2_f0995,B_always,17,19404,19741,337,0,0,0,,,False,0,1.0,0.008902077151335312
machine-2-4,22,W2_f0995,C_threshold,5,5099,5380,281,0,0,0,,,False,0,0.8861209964412812,0.010676156583629894
machine-2-4,22,W2_f0995,C_threshold,15,17965,18350,385,0,0,0,,,False,0,0.9090909090909091,0.01038961038961039
machine-2-4,22,W2_f0995,C_threshold,16,18579,18980,401,0,0,0,,,False,0,0.16209476309226933,0.8254364089775561
machine-2-4,22,W2_f0995,C_threshold,17,19404,19741,337,0,0,0,,,False,0,0.8931750741839762,0.008902077151335312
machine-2-4,22,W2_f0995,D_quarantine,5,5099,5380,281,0,0,0,,,False,0,0.8861209964412812,0.010676156583629894
machine-2-4,22,W2_f0995,D_quarantine,15,17965,18350,385,0,0,0,,,False,0,0.9090909090909091,0.01038961038961039
machine-2-4,22,W2_f0995,D_quarantine,16,18579,18980,401,0,0,0,,,False,0,0.16209476309226933,0.8254364089775561
machine-2-4,22,W2_f0995,D_quarantine,17,19404,19741,337,0,0,0,,,False,0,0.8931750741839762,0.008902077151335312
machine-2-4,22,W2_f0995,D_trail512,5,5099,5380,281,0,0,0,,,False,0,0.8861209964412812,0.010676156583629894
machine-2-4,22,W2_f0995,D_trail512,15,17965,18350,385,0,0,0,,,False,0,0.9090909090909091,0.01038961038961039
machine-2-4,22,W2_f0995,D_trail512,16,18579,18980,401,1,0,0,,,False,0,0.16209476309226933,0.8254364089775561
machine-2-4,22,W2_f0995,D_trail512,17,19404,19741,337,0,0,0,,,False,0,0.8931750741839762,0.008902077151335312
machine-2-4,22,W2_f0995,DE_stab,5,5099,5380,281,0,0,0,,,False,0,0.8861209964412812,0.010676156583629894
machine-2-4,22,W2_f0995,DE_stab,15,17965,18350,385,0,0,0,,,False,0,0.9090909090909091,0.01038961038961039
machine-2-4,22,W2_f0995,DE_stab,16,18579,18980,401,1,0,0,,,False,0,0.16209476309226933,0.8254364089775561
machine-2-4,22,W2_f0995,DE_stab,17,19404,19741,337,0,0,0,,,False,0,0.8931750741839762,0.008902077151335312
machine-2-4,22,W2_f0995,DEph_cv,5,5099,5380,281,0,0,0,,,False,0,0.8861209964412812,0.010676156583629894
machine-2-4,22,W2_f0995,DEph_cv,15,17965,18350,385,0,0,0,,,False,0,0.9090909090909091,0.01038961038961039
machine-2-4,22,W2_f0995,DEph_cv,16,18579,18980,401,1,0,0,,,False,0,0.16209476309226933,0.8254364089775561
machine-2-4,22,W2_f0995,DEph_cv,17,19404,19741,337,0,0,0,,,False,0,0.8931750741839762,0.008902077151335312
machine-2-4,22,W2_f0995,H_hold,5,5099,5380,281,0,0,0,,,False,0,0.8861209964412812,0.010676156583629894
machine-2-4,22,W2_f0995,H_hold,15,17965,18350,385,0,0,0,,,False,0,0.9090909090909091,0.01038961038961039
machine-2-4,22,W2_f0995,H_hold,16,18579,18980,401,1,0,0,,,False,0,0.16209476309226933,0.8254364089775561
machine-2-4,22,W2_f0995,H_hold,17,19404,19741,337,0,0,0,,,False,0,0.8931750741839762,0.008902077151335312
machine-2-4,22,W3_b01,A_no_update,5,5099,5380,281,0,0,0,,,False,0,0.0,0.028469750889679714
machine-2-4,22,W3_b01,A_no_update,15,17965,18350,385,0,0,0,,,False,0,0.0,0.033766233766233764
machine-2-4,22,W3_b01,A_no_update,16,18579,18980,401,0,0,0,,,False,0,0.0,0.9476309226932669
machine-2-4,22,W3_b01,A_no_update,17,19404,19741,337,0,0,0,,,False,0,0.0,0.06528189910979229
machine-2-4,22,W3_b01,B_always,5,5099,5380,281,0,0,0,,,False,0,1.0,0.021352313167259787
machine-2-4,22,W3_b01,B_always,15,17965,18350,385,0,0,0,,,False,0,1.0,0.02857142857142857
machine-2-4,22,W3_b01,B_always,16,18579,18980,401,0,0,0,,,False,0,1.0,0.22443890274314215
machine-2-4,22,W3_b01,B_always,17,19404,19741,337,0,0,0,,,False,0,1.0,0.020771513353115726
machine-2-4,22,W3_b01,C_threshold,5,5099,5380,281,0,0,0,,,False,0,0.7153024911032029,0.021352313167259787
machine-2-4,22,W3_b01,C_threshold,15,17965,18350,385,0,0,0,,,False,0,0.6181818181818182,0.02857142857142857
machine-2-4,22,W3_b01,C_threshold,16,18579,18980,401,0,0,0,,,False,0,0.08229426433915212,0.8528678304239401
machine-2-4,22,W3_b01,C_threshold,17,19404,19741,337,0,0,0,,,False,0,0.798219584569733,0.02967359050445104
machine-2-4,22,W3_b01,D_quarantine,5,5099,5380,281,0,0,0,,,False,0,0.7153024911032029,0.021352313167259787
machine-2-4,22,W3_b01,D_quarantine,15,17965,18350,385,0,0,0,,,False,0,0.6181818181818182,0.02857142857142857
machine-2-4,22,W3_b01,D_quarantine,16,18579,18980,401,0,0,0,,,False,0,0.08229426433915212,0.8528678304239401
machine-2-4,22,W3_b01,D_quarantine,17,19404,19741,337,0,0,0,,,False,0,0.798219584569733,0.02967359050445104
machine-2-4,22,W3_b01,D_trail512,5,5099,5380,281,0,0,0,,,False,0,0.6014234875444839,0.021352313167259787
machine-2-4,22,W3_b01,D_trail512,15,17965,18350,385,0,0,0,,,False,0,0.45194805194805193,0.02857142857142857
machine-2-4,22,W3_b01,D_trail512,16,18579,18980,401,2,0,0,,,False,0,0.08229426433915212,0.8528678304239401
machine-2-4,22,W3_b01,D_trail512,17,19404,19741,337,0,0,0,,,False,0,0.798219584569733,0.02967359050445104
machine-2-4,22,W3_b01,DE_stab,5,5099,5380,281,0,0,0,,,False,0,0.6014234875444839,0.021352313167259787
machine-2-4,22,W3_b01,DE_stab,15,17965,18350,385,0,0,0,,,False,0,0.45194805194805193,0.02857142857142857
machine-2-4,22,W3_b01,DE_stab,16,18579,18980,401,2,0,0,,,False,0,0.08229426433915212,0.8528678304239401
machine-2-4,22,W3_b01,DE_stab,17,19404,19741,337,0,0,0,,,False,0,0.798219584569733,0.02967359050445104
machine-2-4,22,W3_b01,DEph_cv,5,5099,5380,281,0,0,0,,,False,0,0.6014234875444839,0.021352313167259787
machine-2-4,22,W3_b01,DEph_cv,15,17965,18350,385,0,0,0,,,False,0,0.45194805194805193,0.02857142857142857
machine-2-4,22,W3_b01,DEph_cv,16,18579,18980,401,2,0,0,,,False,0,0.08229426433915212,0.8528678304239401
machine-2-4,22,W3_b01,DEph_cv,17,19404,19741,337,0,0,0,,,False,0,0.798219584569733,0.02967359050445104
machine-2-4,22,W3_b01,H_hold,5,5099,5380,281,0,0,0,,,False,0,0.6014234875444839,0.021352313167259787
machine-2-4,22,W3_b01,H_hold,15,17965,18350,385,0,0,0,,,False,0,0.45194805194805193,0.02857142857142857
machine-2-4,22,W3_b01,H_hold,16,18579,18980,401,2,0,0,,,False,0,0.08229426433915212,0.8528678304239401
machine-2-4,22,W3_b01,H_hold,17,19404,19741,337,0,0,0,,,False,0,0.798219584569733,0.02967359050445104
machine-2-4,33,W1,A_no_update,5,5099,5380,281,0,0,0,,,False,0,0.0,0.03914590747330961
machine-2-4,33,W1,A_no_update,15,17965,18350,385,0,0,0,,,False,0,0.0,0.06493506493506493
machine-2-4,33,W1,A_no_update,16,18579,18980,401,0,0,0,,,False,0,0.0,0.8379052369077307
machine-2-4,33,W1,A_no_update,17,19404,19741,337,0,0,0,,,False,0,0.0,0.050445103857566766
machine-2-4,33,W1,B_always,5,5099,5380,281,0,0,0,,,False,0,1.0,0.03202846975088968
machine-2-4,33,W1,B_always,15,17965,18350,385,0,0,0,,,False,0,1.0,0.05454545454545454
machine-2-4,33,W1,B_always,16,18579,18980,401,0,0,0,,,False,0,1.0,0.19201995012468828
machine-2-4,33,W1,B_always,17,19404,19741,337,0,0,0,,,False,0,1.0,0.04451038575667656
machine-2-4,33,W1,C_threshold,5,5099,5380,281,0,0,0,,,False,0,0.5444839857651246,0.03558718861209965
machine-2-4,33,W1,C_threshold,15,17965,18350,385,0,0,0,,,False,0,0.45194805194805193,0.05194805194805195
machine-2-4,33,W1,C_threshold,16,18579,18980,401,0,0,0,,,False,0,0.12219451371571072,0.8329177057356608
machine-2-4,33,W1,C_threshold,17,19404,19741,337,0,0,0,,,False,0,0.7596439169139466,0.04451038575667656
machine-2-4,33,W1,D_quarantine,5,5099,5380,281,0,0,0,,,False,0,0.5444839857651246,0.03558718861209965
machine-2-4,33,W1,D_quarantine,15,17965,18350,385,0,0,0,,,False,0,0.45194805194805193,0.05194805194805195
machine-2-4,33,W1,D_quarantine,16,18579,18980,401,0,0,0,,,False,0,0.12219451371571072,0.8329177057356608
machine-2-4,33,W1,D_quarantine,17,19404,19741,337,0,0,0,,,False,0,0.7596439169139466,0.04451038575667656
machine-2-4,33,W1,D_trail512,5,5099,5380,281,0,0,0,,,False,0,0.4306049822064057,0.03558718861209965
machine-2-4,33,W1,D_trail512,15,17965,18350,385,1,0,0,,,False,0,0.2025974025974026,0.05454545454545454
machine-2-4,33,W1,D_trail512,16,18579,18980,401,2,0,0,,,False,0,0.12219451371571072,0.8329177057356608
machine-2-4,33,W1,D_trail512,17,19404,19741,337,0,0,0,,,False,0,0.7596439169139466,0.04451038575667656
machine-2-4,33,W1,DE_stab,5,5099,5380,281,0,0,0,,,False,0,0.4306049822064057,0.03558718861209965
machine-2-4,33,W1,DE_stab,15,17965,18350,385,1,0,0,,,True,1,0.8675324675324675,0.05454545454545454
machine-2-4,33,W1,DE_stab,16,18579,18980,401,2,0,0,,,False,0,0.12219451371571072,0.8329177057356608
machine-2-4,33,W1,DE_stab,17,19404,19741,337,0,0,0,,,False,0,0.7596439169139466,0.04451038575667656
machine-2-4,33,W1,DEph_cv,5,5099,5380,281,0,0,0,,,False,0,0.4306049822064057,0.03558718861209965
machine-2-4,33,W1,DEph_cv,15,17965,18350,385,1,0,0,,,False,0,0.2025974025974026,0.05454545454545454
machine-2-4,33,W1,DEph_cv,16,18579,18980,401,2,0,0,,,False,0,0.12219451371571072,0.8329177057356608
machine-2-4,33,W1,DEph_cv,17,19404,19741,337,0,0,0,,,False,0,0.7596439169139466,0.04451038575667656
machine-2-4,33,W1,H_hold,5,5099,5380,281,0,0,0,,,False,0,0.4306049822064057,0.03558718861209965
machine-2-4,33,W1,H_hold,15,17965,18350,385,1,0,0,,,False,0,0.2025974025974026,0.05454545454545454
machine-2-4,33,W1,H_hold,16,18579,18980,401,2,0,0,,,False,0,0.12219451371571072,0.8329177057356608
machine-2-4,33,W1,H_hold,17,19404,19741,337,0,0,0,,,False,0,0.7596439169139466,0.04451038575667656
machine-2-4,33,W2_f0995,A_no_update,5,5099,5380,281,0,0,0,,,False,0,0.0,0.014234875444839857
machine-2-4,33,W2_f0995,A_no_update,15,17965,18350,385,0,0,0,,,False,0,0.0,0.01038961038961039
machine-2-4,33,W2_f0995,A_no_update,16,18579,18980,401,0,0,0,,,False,0,0.0,0.8728179551122195
machine-2-4,33,W2_f0995,A_no_update,17,19404,19741,337,0,0,0,,,False,0,0.0,0.008902077151335312
machine-2-4,33,W2_f0995,B_always,5,5099,5380,281,0,0,0,,,False,0,1.0,0.010676156583629894
machine-2-4,33,W2_f0995,B_always,15,17965,18350,385,0,0,0,,,False,0,1.0,0.01038961038961039
machine-2-4,33,W2_f0995,B_always,16,18579,18980,401,0,0,0,,,False,0,1.0,0.4389027431421446
machine-2-4,33,W2_f0995,B_always,17,19404,19741,337,0,0,0,,,False,0,1.0,0.008902077151335312
machine-2-4,33,W2_f0995,C_threshold,5,5099,5380,281,0,0,0,,,False,0,0.8861209964412812,0.010676156583629894
machine-2-4,33,W2_f0995,C_threshold,15,17965,18350,385,0,0,0,,,False,0,0.9090909090909091,0.01038961038961039
machine-2-4,33,W2_f0995,C_threshold,16,18579,18980,401,0,0,0,,,False,0,0.16209476309226933,0.8254364089775561
machine-2-4,33,W2_f0995,C_threshold,17,19404,19741,337,0,0,0,,,False,0,0.8931750741839762,0.008902077151335312
machine-2-4,33,W2_f0995,D_quarantine,5,5099,5380,281,0,0,0,,,False,0,0.8861209964412812,0.010676156583629894
machine-2-4,33,W2_f0995,D_quarantine,15,17965,18350,385,0,0,0,,,False,0,0.9090909090909091,0.01038961038961039
machine-2-4,33,W2_f0995,D_quarantine,16,18579,18980,401,0,0,0,,,False,0,0.16209476309226933,0.8254364089775561
machine-2-4,33,W2_f0995,D_quarantine,17,19404,19741,337,0,0,0,,,False,0,0.8931750741839762,0.008902077151335312
machine-2-4,33,W2_f0995,D_trail512,5,5099,5380,281,0,0,0,,,False,0,0.8861209964412812,0.010676156583629894
machine-2-4,33,W2_f0995,D_trail512,15,17965,18350,385,0,0,0,,,False,0,0.9090909090909091,0.01038961038961039
machine-2-4,33,W2_f0995,D_trail512,16,18579,18980,401,1,0,0,,,False,0,0.16209476309226933,0.8254364089775561
machine-2-4,33,W2_f0995,D_trail512,17,19404,19741,337,0,0,0,,,False,0,0.8931750741839762,0.008902077151335312
machine-2-4,33,W2_f0995,DE_stab,5,5099,5380,281,0,0,0,,,False,0,0.8861209964412812,0.010676156583629894
machine-2-4,33,W2_f0995,DE_stab,15,17965,18350,385,0,0,0,,,False,0,0.9090909090909091,0.01038961038961039
machine-2-4,33,W2_f0995,DE_stab,16,18579,18980,401,1,0,0,,,False,0,0.16209476309226933,0.8254364089775561
machine-2-4,33,W2_f0995,DE_stab,17,19404,19741,337,0,0,0,,,False,0,0.8931750741839762,0.008902077151335312
machine-2-4,33,W2_f0995,DEph_cv,5,5099,5380,281,0,0,0,,,False,0,0.8861209964412812,0.010676156583629894
machine-2-4,33,W2_f0995,DEph_cv,15,17965,18350,385,0,0,0,,,False,0,0.9090909090909091,0.01038961038961039
machine-2-4,33,W2_f0995,DEph_cv,16,18579,18980,401,1,0,0,,,False,0,0.16209476309226933,0.8254364089775561
machine-2-4,33,W2_f0995,DEph_cv,17,19404,19741,337,0,0,0,,,False,0,0.8931750741839762,0.008902077151335312
machine-2-4,33,W2_f0995,H_hold,5,5099,5380,281,0,0,0,,,False,0,0.8861209964412812,0.010676156583629894
machine-2-4,33,W2_f0995,H_hold,15,17965,18350,385,0,0,0,,,False,0,0.9090909090909091,0.01038961038961039
machine-2-4,33,W2_f0995,H_hold,16,18579,18980,401,1,0,0,,,False,0,0.16209476309226933,0.8254364089775561
machine-2-4,33,W2_f0995,H_hold,17,19404,19741,337,0,0,0,,,False,0,0.8931750741839762,0.008902077151335312
machine-2-4,33,W3_b01,A_no_update,5,5099,5380,281,0,0,0,,,False,0,0.0,0.028469750889679714
machine-2-4,33,W3_b01,A_no_update,15,17965,18350,385,0,0,0,,,False,0,0.0,0.04155844155844156
machine-2-4,33,W3_b01,A_no_update,16,18579,18980,401,0,0,0,,,False,0,0.0,0.8827930174563591
machine-2-4,33,W3_b01,A_no_update,17,19404,19741,337,0,0,0,,,False,0,0.0,0.06824925816023739
machine-2-4,33,W3_b01,B_always,5,5099,5380,281,0,0,0,,,False,0,1.0,0.02491103202846975
machine-2-4,33,W3_b01,B_always,15,17965,18350,385,0,0,0,,,False,0,1.0,0.02857142857142857
machine-2-4,33,W3_b01,B_always,16,18579,18980,401,0,0,0,,,False,0,1.0,0.2518703241895262
machine-2-4,33,W3_b01,B_always,17,19404,19741,337,0,0,0,,,False,0,1.0,0.026706231454005934
machine-2-4,33,W3_b01,C_threshold,5,5099,5380,281,0,0,0,,,False,0,0.6583629893238434,0.02491103202846975
machine-2-4,33,W3_b01,C_threshold,15,17965,18350,385,0,0,0,,,False,0,0.6181818181818182,0.03116883116883117
machine-2-4,33,W3_b01,C_threshold,16,18579,18980,401,0,0,0,,,False,0,0.12219451371571072,0.8379052369077307
machine-2-4,33,W3_b01,C_threshold,17,19404,19741,337,0,0,0,,,False,0,0.7596439169139466,0.032640949554896145
machine-2-4,33,W3_b01,D_quarantine,5,5099,5380,281,0,0,0,,,False,0,0.6583629893238434,0.02491103202846975
machine-2-4,33,W3_b01,D_quarantine,15,17965,18350,385,0,0,0,,,False,0,0.6181818181818182,0.03116883116883117
machine-2-4,33,W3_b01,D_quarantine,16,18579,18980,401,0,0,0,,,False,0,0.12219451371571072,0.8379052369077307
machine-2-4,33,W3_b01,D_quarantine,17,19404,19741,337,0,0,0,,,False,0,0.7596439169139466,0.032640949554896145
machine-2-4,33,W3_b01,D_trail512,5,5099,5380,281,0,0,0,,,False,0,0.4306049822064057,0.02491103202846975
machine-2-4,33,W3_b01,D_trail512,15,17965,18350,385,0,0,0,,,False,0,0.45194805194805193,0.03116883116883117
machine-2-4,33,W3_b01,D_trail512,16,18579,18980,401,2,0,0,,,False,0,0.12219451371571072,0.8379052369077307
machine-2-4,33,W3_b01,D_trail512,17,19404,19741,337,0,0,0,,,False,0,0.7596439169139466,0.032640949554896145
machine-2-4,33,W3_b01,DE_stab,5,5099,5380,281,0,0,0,,,False,0,0.4306049822064057,0.02491103202846975
machine-2-4,33,W3_b01,DE_stab,15,17965,18350,385,0,0,0,,,False,0,0.45194805194805193,0.03116883116883117
machine-2-4,33,W3_b01,DE_stab,16,18579,18980,401,2,0,0,,,False,0,0.12219451371571072,0.8379052369077307
machine-2-4,33,W3_b01,DE_stab,17,19404,19741,337,0,0,0,,,False,0,0.7596439169139466,0.032640949554896145
machine-2-4,33,W3_b01,DEph_cv,5,5099,5380,281,0,0,0,,,False,0,0.4306049822064057,0.02491103202846975
machine-2-4,33,W3_b01,DEph_cv,15,17965,18350,385,0,0,0,,,False,0,0.45194805194805193,0.03116883116883117
machine-2-4,33,W3_b01,DEph_cv,16,18579,18980,401,2,0,0,,,False,0,0.12219451371571072,0.8379052369077307
machine-2-4,33,W3_b01,DEph_cv,17,19404,19741,337,0,0,0,,,False,0,0.7596439169139466,0.032640949554896145
machine-2-4,33,W3_b01,H_hold,5,5099,5380,281,0,0,0,,,False,0,0.4306049822064057,0.02491103202846975
machine-2-4,33,W3_b01,H_hold,15,17965,18350,385,0,0,0,,,False,0,0.45194805194805193,0.03116883116883117
machine-2-4,33,W3_b01,H_hold,16,18579,18980,401,2,0,0,,,False,0,0.12219451371571072,0.8379052369077307
machine-2-4,33,W3_b01,H_hold,17,19404,19741,337,0,0,0,,,False,0,0.7596439169139466,0.032640949554896145
machine-3-2,11,W1,A_no_update,1,3080,3917,837,0,0,0,,,False,0,0.0,0.007168458781362007
machine-3-2,11,W1,B_always,1,3080,3917,837,0,0,0,,,False,0,1.0,0.0047789725209080045
machine-3-2,11,W1,C_threshold,1,3080,3917,837,0,0,0,,,False,0,0.9235364396654719,0.0047789725209080045
machine-3-2,11,W1,D_quarantine,1,3080,3917,837,0,0,0,,,False,0,0.9235364396654719,0.0047789725209080045
machine-3-2,11,W1,D_trail512,1,3080,3917,837,0,0,0,,,False,0,0.9235364396654719,0.0047789725209080045
machine-3-2,11,W1,DE_stab,1,3080,3917,837,0,0,0,,,False,0,0.9235364396654719,0.0047789725209080045
machine-3-2,11,W1,DEph_cv,1,3080,3917,837,0,0,0,,,False,0,0.9235364396654719,0.0047789725209080045
machine-3-2,11,W1,H_hold,1,3080,3917,837,0,0,0,,,False,0,0.9235364396654719,0.0047789725209080045
machine-3-2,11,W2_f0995,A_no_update,1,3080,3917,837,0,0,0,,,False,0,0.0,0.005973715651135006
machine-3-2,11,W2_f0995,B_always,1,3080,3917,837,0,0,0,,,False,0,1.0,0.0035842293906810036
machine-3-2,11,W2_f0995,C_threshold,1,3080,3917,837,0,0,0,,,False,0,0.942652329749104,0.0035842293906810036
machine-3-2,11,W2_f0995,D_quarantine,1,3080,3917,837,0,0,0,,,False,0,0.942652329749104,0.0035842293906810036
machine-3-2,11,W2_f0995,D_trail512,1,3080,3917,837,0,0,0,,,False,0,0.942652329749104,0.0035842293906810036
machine-3-2,11,W2_f0995,DE_stab,1,3080,3917,837,0,0,0,,,False,0,0.942652329749104,0.0035842293906810036
machine-3-2,11,W2_f0995,DEph_cv,1,3080,3917,837,0,0,0,,,False,0,0.942652329749104,0.0035842293906810036
machine-3-2,11,W2_f0995,H_hold,1,3080,3917,837,0,0,0,,,False,0,0.942652329749104,0.0035842293906810036
machine-3-2,11,W3_b01,A_no_update,1,3080,3917,837,0,0,0,,,False,0,0.0,0.007168458781362007
machine-3-2,11,W3_b01,B_always,1,3080,3917,837,0,0,0,,,False,0,1.0,0.0023894862604540022
machine-3-2,11,W3_b01,C_threshold,1,3080,3917,837,0,0,0,,,False,0,0.961768219832736,0.0023894862604540022
machine-3-2,11,W3_b01,D_quarantine,1,3080,3917,837,0,0,0,,,False,0,0.961768219832736,0.0023894862604540022
machine-3-2,11,W3_b01,D_trail512,1,3080,3917,837,0,0,0,,,False,0,0.961768219832736,0.0023894862604540022
machine-3-2,11,W3_b01,DE_stab,1,3080,3917,837,0,0,0,,,False,0,0.961768219832736,0.0023894862604540022
machine-3-2,11,W3_b01,DEph_cv,1,3080,3917,837,0,0,0,,,False,0,0.961768219832736,0.0023894862604540022
machine-3-2,11,W3_b01,H_hold,1,3080,3917,837,0,0,0,,,False,0,0.961768219832736,0.0023894862604540022
machine-3-2,22,W1,A_no_update,1,3080,3917,837,0,0,0,,,False,0,0.0,0.008363201911589008
machine-3-2,22,W1,B_always,1,3080,3917,837,0,0,0,,,False,0,1.0,0.0035842293906810036
machine-3-2,22,W1,C_threshold,1,3080,3917,837,0,0,0,,,False,0,0.9235364396654719,0.0047789725209080045
machine-3-2,22,W1,D_quarantine,1,3080,3917,837,0,0,0,,,False,0,0.9235364396654719,0.0047789725209080045
machine-3-2,22,W1,D_trail512,1,3080,3917,837,0,0,0,,,False,0,0.9235364396654719,0.0047789725209080045
machine-3-2,22,W1,DE_stab,1,3080,3917,837,0,0,0,,,False,0,0.9235364396654719,0.0047789725209080045
machine-3-2,22,W1,DEph_cv,1,3080,3917,837,0,0,0,,,False,0,0.9235364396654719,0.0047789725209080045
machine-3-2,22,W1,H_hold,1,3080,3917,837,0,0,0,,,False,0,0.9235364396654719,0.0047789725209080045
machine-3-2,22,W2_f0995,A_no_update,1,3080,3917,837,0,0,0,,,False,0,0.0,0.005973715651135006
machine-3-2,22,W2_f0995,B_always,1,3080,3917,837,0,0,0,,,False,0,1.0,0.0035842293906810036
machine-3-2,22,W2_f0995,C_threshold,1,3080,3917,837,0,0,0,,,False,0,0.942652329749104,0.0035842293906810036
machine-3-2,22,W2_f0995,D_quarantine,1,3080,3917,837,0,0,0,,,False,0,0.942652329749104,0.0035842293906810036
machine-3-2,22,W2_f0995,D_trail512,1,3080,3917,837,0,0,0,,,False,0,0.942652329749104,0.0035842293906810036
machine-3-2,22,W2_f0995,DE_stab,1,3080,3917,837,0,0,0,,,False,0,0.942652329749104,0.0035842293906810036
machine-3-2,22,W2_f0995,DEph_cv,1,3080,3917,837,0,0,0,,,False,0,0.942652329749104,0.0035842293906810036
machine-3-2,22,W2_f0995,H_hold,1,3080,3917,837,0,0,0,,,False,0,0.942652329749104,0.0035842293906810036
machine-3-2,22,W3_b01,A_no_update,1,3080,3917,837,0,0,0,,,False,0,0.0,0.011947431302270013
machine-3-2,22,W3_b01,B_always,1,3080,3917,837,0,0,0,,,False,0,1.0,0.0023894862604540022
machine-3-2,22,W3_b01,C_threshold,1,3080,3917,837,0,0,0,,,False,0,0.961768219832736,0.0023894862604540022
machine-3-2,22,W3_b01,D_quarantine,1,3080,3917,837,0,0,0,,,False,0,0.961768219832736,0.0023894862604540022
machine-3-2,22,W3_b01,D_trail512,1,3080,3917,837,0,0,0,,,False,0,0.961768219832736,0.0023894862604540022
machine-3-2,22,W3_b01,DE_stab,1,3080,3917,837,0,0,0,,,False,0,0.961768219832736,0.0023894862604540022
machine-3-2,22,W3_b01,DEph_cv,1,3080,3917,837,0,0,0,,,False,0,0.961768219832736,0.0023894862604540022
machine-3-2,22,W3_b01,H_hold,1,3080,3917,837,0,0,0,,,False,0,0.961768219832736,0.0023894862604540022
machine-3-2,33,W1,A_no_update,1,3080,3917,837,0,0,0,,,False,0,0.0,0.005973715651135006
machine-3-2,33,W1,B_always,1,3080,3917,837,0,0,0,,,False,0,1.0,0.0035842293906810036
machine-3-2,33,W1,C_threshold,1,3080,3917,837,0,0,0,,,False,0,0.942652329749104,0.0035842293906810036
machine-3-2,33,W1,D_quarantine,1,3080,3917,837,0,0,0,,,False,0,0.942652329749104,0.0035842293906810036
machine-3-2,33,W1,D_trail512,1,3080,3917,837,0,0,0,,,False,0,0.942652329749104,0.0035842293906810036
machine-3-2,33,W1,DE_stab,1,3080,3917,837,0,0,0,,,False,0,0.942652329749104,0.0035842293906810036
machine-3-2,33,W1,DEph_cv,1,3080,3917,837,0,0,0,,,False,0,0.942652329749104,0.0035842293906810036
machine-3-2,33,W1,H_hold,1,3080,3917,837,0,0,0,,,False,0,0.942652329749104,0.0035842293906810036
machine-3-2,33,W2_f0995,A_no_update,1,3080,3917,837,0,0,0,,,False,0,0.0,0.005973715651135006
machine-3-2,33,W2_f0995,B_always,1,3080,3917,837,0,0,0,,,False,0,1.0,0.0035842293906810036
machine-3-2,33,W2_f0995,C_threshold,1,3080,3917,837,0,0,0,,,False,0,0.942652329749104,0.0035842293906810036
machine-3-2,33,W2_f0995,D_quarantine,1,3080,3917,837,0,0,0,,,False,0,0.942652329749104,0.0035842293906810036
machine-3-2,33,W2_f0995,D_trail512,1,3080,3917,837,0,0,0,,,False,0,0.942652329749104,0.0035842293906810036
machine-3-2,33,W2_f0995,DE_stab,1,3080,3917,837,0,0,0,,,False,0,0.942652329749104,0.0035842293906810036
machine-3-2,33,W2_f0995,DEph_cv,1,3080,3917,837,0,0,0,,,False,0,0.942652329749104,0.0035842293906810036
machine-3-2,33,W2_f0995,H_hold,1,3080,3917,837,0,0,0,,,False,0,0.942652329749104,0.0035842293906810036
machine-3-2,33,W3_b01,A_no_update,1,3080,3917,837,0,0,0,,,False,0,0.0,0.009557945041816009
machine-3-2,33,W3_b01,B_always,1,3080,3917,837,0,0,0,,,False,0,1.0,0.0023894862604540022
machine-3-2,33,W3_b01,C_threshold,1,3080,3917,837,0,0,0,,,False,0,0.961768219832736,0.0023894862604540022
machine-3-2,33,W3_b01,D_quarantine,1,3080,3917,837,0,0,0,,,False,0,0.961768219832736,0.0023894862604540022
machine-3-2,33,W3_b01,D_trail512,1,3080,3917,837,0,0,0,,,False,0,0.961768219832736,0.0023894862604540022
machine-3-2,33,W3_b01,DE_stab,1,3080,3917,837,0,0,0,,,False,0,0.961768219832736,0.0023894862604540022
machine-3-2,33,W3_b01,DEph_cv,1,3080,3917,837,0,0,0,,,False,0,0.961768219832736,0.0023894862604540022
machine-3-2,33,W3_b01,H_hold,1,3080,3917,837,0,0,0,,,False,0,0.961768219832736,0.0023894862604540022
machine-3-3,11,W1,A_no_update,21,19349,19830,481,0,0,0,,,False,0,0.0,0.060291060291060294
machine-3-3,11,W1,B_always,21,19349,19830,481,0,0,0,,,False,0,1.0,0.058212058212058215
machine-3-3,11,W1,C_threshold,21,19349,19830,481,0,0,0,,,False,0,0.40124740124740127,0.060291060291060294
machine-3-3,11,W1,D_quarantine,21,19349,19830,481,0,0,0,,,False,0,0.40124740124740127,0.060291060291060294
machine-3-3,11,W1,D_trail512,21,19349,19830,481,1,0,0,,,False,0,0.20166320166320167,0.058212058212058215
machine-3-3,11,W1,DE_stab,21,19349,19830,481,1,0,0,,,True,1,0.7671517671517671,0.056133056133056136
machine-3-3,11,W1,DEph_cv,21,19349,19830,481,1,0,0,,,False,0,0.20166320166320167,0.058212058212058215
machine-3-3,11,W1,H_hold,21,19349,19830,481,1,0,0,,,False,0,0.20166320166320167,0.058212058212058215
machine-3-3,11,W2_f0995,A_no_update,21,19349,19830,481,0,0,0,,,False,0,0.0,0.07484407484407485
machine-3-3,11,W2_f0995,B_always,21,19349,19830,481,0,0,0,,,False,0,1.0,0.004158004158004158
machine-3-3,11,W2_f0995,C_threshold,21,19349,19830,481,0,0,0,,,False,0,0.9334719334719335,0.004158004158004158
machine-3-3,11,W2_f0995,D_quarantine,21,19349,19830,481,0,0,0,,,False,0,0.9334719334719335,0.004158004158004158
machine-3-3,11,W2_f0995,D_trail512,21,19349,19830,481,0,0,0,,,False,0,0.9334719334719335,0.004158004158004158
machine-3-3,11,W2_f0995,DE_stab,21,19349,19830,481,0,0,0,,,False,0,0.9334719334719335,0.004158004158004158
machine-3-3,11,W2_f0995,DEph_cv,21,19349,19830,481,0,0,0,,,False,0,0.9334719334719335,0.004158004158004158
machine-3-3,11,W2_f0995,H_hold,21,19349,19830,481,0,0,0,,,False,0,0.9334719334719335,0.004158004158004158
machine-3-3,11,W3_b01,A_no_update,21,19349,19830,481,0,0,0,,,False,0,0.0,0.060291060291060294
machine-3-3,11,W3_b01,B_always,21,19349,19830,481,0,0,0,,,False,0,1.0,0.02079002079002079
machine-3-3,11,W3_b01,C_threshold,21,19349,19830,481,0,0,0,,,False,0,0.6340956340956341,0.04781704781704782
machine-3-3,11,W3_b01,D_quarantine,21,19349,19830,481,0,0,0,,,False,0,0.6340956340956341,0.04781704781704782
machine-3-3,11,W3_b01,D_trail512,21,19349,19830,481,0,0,0,,,False,0,0.5675675675675675,0.05405405405405406
machine-3-3,11,W3_b01,DE_stab,21,19349,19830,481,0,0,0,,,False,0,0.5675675675675675,0.05405405405405406
machine-3-3,11,W3_b01,DEph_cv,21,19349,19830,481,0,0,0,,,False,0,0.5675675675675675,0.05405405405405406
machine-3-3,11,W3_b01,H_hold,21,19349,19830,481,0,0,0,,,False,0,0.5675675675675675,0.05405405405405406
machine-3-3,22,W1,A_no_update,21,19349,19830,481,0,0,0,,,False,0,0.0,0.056133056133056136
machine-3-3,22,W1,B_always,21,19349,19830,481,0,0,0,,,False,0,1.0,0.05197505197505198
machine-3-3,22,W1,C_threshold,21,19349,19830,481,0,0,0,,,False,0,0.40124740124740127,0.060291060291060294
machine-3-3,22,W1,D_quarantine,21,19349,19830,481,0,0,0,,,False,0,0.40124740124740127,0.060291060291060294
machine-3-3,22,W1,D_trail512,21,19349,19830,481,2,0,0,,,False,0,0.1683991683991684,0.05197505197505198
machine-3-3,22,W1,DE_stab,21,19349,19830,481,1,0,0,,,True,1,0.7671517671517671,0.058212058212058215
machine-3-3,22,W1,DEph_cv,21,19349,19830,481,2,0,0,,,False,0,0.1683991683991684,0.05197505197505198
machine-3-3,22,W1,H_hold,21,19349,19830,481,2,0,0,,,False,0,0.1683991683991684,0.05197505197505198
machine-3-3,22,W2_f0995,A_no_update,21,19349,19830,481,0,0,0,,,False,0,0.0,0.08316008316008316
machine-3-3,22,W2_f0995,B_always,21,19349,19830,481,0,0,0,,,False,0,1.0,0.004158004158004158
machine-3-3,22,W2_f0995,C_threshold,21,19349,19830,481,0,0,0,,,False,0,0.9334719334719335,0.004158004158004158
machine-3-3,22,W2_f0995,D_quarantine,21,19349,19830,481,0,0,0,,,False,0,0.9334719334719335,0.004158004158004158
machine-3-3,22,W2_f0995,D_trail512,21,19349,19830,481,0,0,0,,,False,0,0.9334719334719335,0.004158004158004158
machine-3-3,22,W2_f0995,DE_stab,21,19349,19830,481,0,0,0,,,False,0,0.9334719334719335,0.004158004158004158
machine-3-3,22,W2_f0995,DEph_cv,21,19349,19830,481,0,0,0,,,False,0,0.9334719334719335,0.004158004158004158
machine-3-3,22,W2_f0995,H_hold,21,19349,19830,481,0,0,0,,,False,0,0.9334719334719335,0.004158004158004158
machine-3-3,22,W3_b01,A_no_update,21,19349,19830,481,0,0,0,,,False,0,0.0,0.035343035343035345
machine-3-3,22,W3_b01,B_always,21,19349,19830,481,0,0,0,,,False,0,1.0,0.004158004158004158
machine-3-3,22,W3_b01,C_threshold,21,19349,19830,481,0,0,0,,,False,0,0.9334719334719335,0.004158004158004158
machine-3-3,22,W3_b01,D_quarantine,21,19349,19830,481,0,0,0,,,False,0,0.9334719334719335,0.004158004158004158
machine-3-3,22,W3_b01,D_trail512,21,19349,19830,481,0,0,0,,,False,0,0.9334719334719335,0.004158004158004158
machine-3-3,22,W3_b01,DE_stab,21,19349,19830,481,0,0,0,,,False,0,0.9334719334719335,0.004158004158004158
machine-3-3,22,W3_b01,DEph_cv,21,19349,19830,481,0,0,0,,,False,0,0.9334719334719335,0.004158004158004158
machine-3-3,22,W3_b01,H_hold,21,19349,19830,481,0,0,0,,,False,0,0.9334719334719335,0.004158004158004158
machine-3-3,33,W1,A_no_update,21,19349,19830,481,0,0,0,,,False,0,0.0,0.062370062370062374
machine-3-3,33,W1,B_always,21,19349,19830,481,0,0,0,,,False,0,1.0,0.06444906444906445
machine-3-3,33,W1,C_threshold,21,19349,19830,481,0,0,0,,,False,0,0.33471933471933474,0.062370062370062374
machine-3-3,33,W1,D_quarantine,21,19349,19830,481,0,0,0,,,False,0,0.33471933471933474,0.062370062370062374
machine-3-3,33,W1,D_trail512,21,19349,19830,481,2,0,0,,,False,0,0.06860706860706861,0.060291060291060294
machine-3-3,33,W1,DE_stab,21,19349,19830,481,1,0,0,,,True,1,0.6008316008316008,0.060291060291060294
machine-3-3,33,W1,DEph_cv,21,19349,19830,481,2,0,0,,,False,0,0.06860706860706861,0.060291060291060294
machine-3-3,33,W1,H_hold,21,19349,19830,481,2,0,0,,,False,0,0.06860706860706861,0.060291060291060294
machine-3-3,33,W2_f0995,A_no_update,21,19349,19830,481,0,0,0,,,False,0,0.0,0.06860706860706861
machine-3-3,33,W2_f0995,B_always,21,19349,19830,481,0,0,0,,,False,0,1.0,0.004158004158004158
machine-3-3,33,W2_f0995,C_threshold,21,19349,19830,481,0,0,0,,,False,0,0.9334719334719335,0.004158004158004158
machine-3-3,33,W2_f0995,D_quarantine,21,19349,19830,481,0,0,0,,,False,0,0.9334719334719335,0.004158004158004158
machine-3-3,33,W2_f0995,D_trail512,21,19349,19830,481,0,0,0,,,False,0,0.9334719334719335,0.004158004158004158
machine-3-3,33,W2_f0995,DE_stab,21,19349,19830,481,0,0,0,,,False,0,0.9334719334719335,0.004158004158004158
machine-3-3,33,W2_f0995,DEph_cv,21,19349,19830,481,0,0,0,,,False,0,0.9334719334719335,0.004158004158004158
machine-3-3,33,W2_f0995,H_hold,21,19349,19830,481,0,0,0,,,False,0,0.9334719334719335,0.004158004158004158
machine-3-3,33,W3_b01,A_no_update,21,19349,19830,481,0,0,0,,,False,0,0.0,0.058212058212058215
machine-3-3,33,W3_b01,B_always,21,19349,19830,481,0,0,0,,,False,0,1.0,0.006237006237006237
machine-3-3,33,W3_b01,C_threshold,21,19349,19830,481,0,0,0,,,False,0,0.9002079002079002,0.006237006237006237
machine-3-3,33,W3_b01,D_quarantine,21,19349,19830,481,0,0,0,,,False,0,0.9002079002079002,0.006237006237006237
machine-3-3,33,W3_b01,D_trail512,21,19349,19830,481,0,0,0,,,False,0,0.9002079002079002,0.006237006237006237
machine-3-3,33,W3_b01,DE_stab,21,19349,19830,481,0,0,0,,,False,0,0.9002079002079002,0.006237006237006237
machine-3-3,33,W3_b01,DEph_cv,21,19349,19830,481,0,0,0,,,False,0,0.9002079002079002,0.006237006237006237
machine-3-3,33,W3_b01,H_hold,21,19349,19830,481,0,0,0,,,False,0,0.9002079002079002,0.006237006237006237
