machine,phi_seed,op,policy,tau,file,n_test,n_initial,written_frac,mem_size_end,promotions,discards,quarantined_points,n_checks,runtime_s,AP,AUROC,VUS_PR,VUS_ROC,point_recall,normal_FPR,event_recall,anomaly_written_frac,fault_promotions,majority_fault_promotions,nonanomaly_promotions,benign_promotions,mean_time_to_promotion,mean_quarantine_duration,PF_recall,persistent_nonanomaly_FPR
machine-1-1,11,W1,A_no_update,6.938160113421189,traces/machine-1-1__s11__W1__A_no_update.npz,28479,22775,0.0,22775,0,0,0,0,3.8498010635375977,0.5018686197930892,0.8830100112589414,0.524204441788198,0.9035380454791512,0.4669636228656273,0.05064960248206322,1.0,0.0,0,0,0,NOT_EVALUABLE,,,0.49247049247049246,0.3390112172829248
machine-1-1,11,W1,B_always,6.938160113421189,traces/machine-1-1__s11__W1__B_always.npz,28479,22775,1.0,51254,0,0,0,0,6.382492780685425,0.4212616357872924,0.8525759669035204,0.4504481376975906,0.8783682518151986,0.214550853749072,0.01795617607135932,1.0,1.0,0,0,0,NOT_EVALUABLE,,,0.2254782254782255,0.0922309929372663
machine-1-1,11,W1,C_threshold,6.938160113421189,traces/machine-1-1__s11__W1__C_threshold.npz,28479,22775,0.7707784683450963,44726,0,0,0,0,5.386415004730225,0.45848448758197213,0.866539206409463,0.48507005448394597,0.8915711467043724,0.39420935412026725,0.03676556137289121,1.0,0.18411284335560504,0,0,0,NOT_EVALUABLE,,,0.4171754171754172,0.27253842958039054
machine-1-1,11,W1,D_quarantine,6.938160113421189,traces/machine-1-1__s11__W1__D_quarantine.npz,28479,22775,0.7707784683450963,44726,0,194,6528,0,5.728050231933594,0.45848448758197213,0.866539206409463,0.48507005448394597,0.8915711467043724,0.39420935412026725,0.03676556137289121,1.0,0.18411284335560504,0,0,0,NOT_EVALUABLE,,49.649484536082475,0.4171754171754172,0.27253842958039054
machine-1-1,11,W1,D_trail512,6.938160113421189,traces/machine-1-1__s11__W1__D_trail512.npz,28479,22775,0.7275185224200288,43494,2,128,12368,24,7.2649571895599365,0.4502868505209684,0.8910000231772097,0.4748495878211697,0.9094120756809504,0.3723088344469191,0.04397905759162304,1.0,0.24350408314773572,2,2,0,NOT_EVALUABLE,512.0,110.8923076923077,0.39316239316239315,0.3211466555878687
machine-1-1,11,W1,DE_stab,6.938160113421189,traces/machine-1-1__s11__W1__DE_stab.npz,28479,22775,0.7421257768882334,43910,3,129,12240,23,6.797059059143066,0.4440649984577093,0.8950628872555434,0.4620356694734647,0.9124558592544525,0.3459539717891611,0.039635446965289894,1.0,0.09020044543429843,1,0,2,NOT_EVALUABLE,341.3333333333333,108.36363636363636,0.36385836385836384,0.28043207312006646
machine-1-1,11,W1,DEph_cv,6.938160113421189,traces/machine-1-1__s11__W1__DEph_cv.npz,28479,22775,0.7145967203904632,43126,0,130,12288,25,6.9924280643463135,0.5064428839274421,0.9006144191899234,0.5303473252241095,0.9185695559320973,0.44506310319227915,0.04048865619546248,1.0,0.07720861172976985,0,0,0,NOT_EVALUABLE,,110.52307692307693,0.4725274725274725,0.304943913585376
machine-1-1,11,W1,H_hold,6.938160113421189,traces/machine-1-1__s11__W1__H_hold.npz,28479,22775,0.7145967203904632,43126,0,130,12288,25,6.7633960247039795,0.5064428839274421,0.9006144191899234,0.5303473252241095,0.9185695559320973,0.44506310319227915,0.04048865619546248,1.0,0.07720861172976985,0,0,0,NOT_EVALUABLE,,110.52307692307693,0.4725274725274725,0.304943913585376
machine-1-1,11,W2_f0995,A_no_update,11.313308589810966,traces/machine-1-1__s11__W2_f0995__A_no_update.npz,28479,22775,0.0,0,0,0,0,0,0.02087712287902832,0.4692497092610617,0.8963246487896962,0.4751026194083292,0.9114442441965199,0.4758723088344469,0.09714950552646888,1.0,0.0,0,0,0,NOT_EVALUABLE,,,0.45516362090947726,0.8538699690402477
machine-1-1,11,W2_f0995,B_always,11.313308589810966,traces/machine-1-1__s11__W2_f0995__B_always.npz,28479,22775,1.0,28479,0,0,0,0,0.043261051177978516,0.38802097520465184,0.8485412753713069,0.42110618464593436,0.8748002390577219,0.34966592427616927,0.07477215435330618,1.0,1.0,0,0,0,NOT_EVALUABLE,,,0.36039099022524435,0.4823529411764706
machine-1-1,11,W2_f0995,C_threshold,11.313308589810966,traces/machine-1-1__s11__W2_f0995__C_threshold.npz,28479,22775,0.8320165736156466,23695,0,0,0,0,0.031929969787597656,0.45165050504248183,0.9082561971323889,0.45712951118521256,0.9206451832162742,0.40794357832219746,0.07643979057591622,1.0,0.2613214550853749,0,0,0,NOT_EVALUABLE,,,0.41563960900977476,0.8823529411764706
machine-1-1,11,W2_f0995,D_quarantine,11.313308589810966,traces/machine-1-1__s11__W2_f0995__D_quarantine.npz,28479,22775,0.8320165736156466,23695,0,67,4784,0,0.03235602378845215,0.45165050504248183,0.9082561971323889,0.45712951118521256,0.9206451832162742,0.40794357832219746,0.07643979057591622,1.0,0.2613214550853749,0,0,0,NOT_EVALUABLE,,87.40298507462687,0.41563960900977476,0.8823529411764706
machine-1-1,11,W2_f0995,D_trail512,11.313308589810966,traces/machine-1-1__s11__W2_f0995__D_trail512.npz,28479,22775,0.814038414270164,23183,3,43,7440,23,0.2510957717895508,0.42428420025606384,0.8921148685542705,0.4299386109347169,0.9114981705423777,0.5282108389012621,0.09912739965095986,1.0,0.27319970304380103,2,2,1,NOT_EVALUABLE,512.0,176.69565217391303,0.5665108372290693,0.8743034055727554
machine-1-1,11,W2_f0995,DE_stab,11.313308589810966,traces/machine-1-1__s11__W2_f0995__DE_stab.npz,28479,22775,0.8511183679202219,24239,7,41,7344,21,0.23808622360229492,0.4813165479618861,0.9090187777145803,0.4877331257550766,0.9255068429616293,0.4729027468448404,0.09245685476051968,1.0,0.4298440979955457,4,4,3,NOT_EVALUABLE,329.14285714285717,166.66666666666666,0.4738631534211645,0.8953560371517028
machine-1-1,11,W2_f0995,DEph_cv,11.313308589810966,traces/machine-1-1__s11__W2_f0995__DEph_cv.npz,28479,22775,0.8134765967906177,23167,0,44,6720,19,0.34834790229797363,0.48004652157499567,0.9138700700023711,0.4870939007117593,0.9328762827164924,0.504083147735709,0.07585805700988947,1.0,0.08908685968819599,0,0,0,NOT_EVALUABLE,,168.72727272727272,0.5342116447088823,0.8755417956656347
machine-1-1,11,W2_f0995,H_hold,11.313308589810966,traces/machine-1-1__s11__W2_f0995__H_hold.npz,28479,22775,0.8134765967906177,23167,0,44,6720,19,0.19872403144836426,0.48004652157499567,0.9138700700023711,0.4870939007117593,0.9328762827164924,0.504083147735709,0.07585805700988947,1.0,0.08908685968819599,0,0,0,NOT_EVALUABLE,,168.72727272727272,0.5342116447088823,0.8755417956656347
machine-1-1,11,W3_b01,A_no_update,9.109125715218479,traces/machine-1-1__s11__W3_b01__A_no_update.npz,28479,22775,0.0,0,0,0,0,0,0.0120849609375,0.4893629518810731,0.9094172529708937,0.5016573190620901,0.9227380604692845,0.5193021529324424,0.09986426216792708,1.0,0.0,0,0,0,NOT_EVALUABLE,,,0.4923599320882852,0.3630252100840336
machine-1-1,11,W3_b01,B_always,9.109125715218479,traces/machine-1-1__s11__W3_b01__B_always.npz,28479,22775,1.0,28479,0,0,0,0,0.21521306037902832,0.414436014833724,0.8636270619978841,0.4730043259921662,0.8930187014212106,0.12175204157386786,0.008919914679076983,1.0,1.0,0,0,0,NOT_EVALUABLE,,,0.13455008488964346,0.04831932773109244
machine-1-1,11,W3_b01,C_threshold,9.109125715218479,traces/machine-1-1__s11__W3_b01__C_threshold.npz,28479,22775,0.83763474841111,23855,0,0,0,0,0.17842602729797363,0.4204106985250099,0.8732436677631933,0.4436291009190397,0.8962838475274957,0.3637713437268003,0.06775256932324995,1.0,0.2553823311061618,0,0,0,NOT_EVALUABLE,,,0.3960101867572156,0.28361344537815125
machine-1-1,11,W3_b01,D_quarantine,9.109125715218479,traces/machine-1-1__s11__W3_b01__D_quarantine.npz,28479,22775,0.8702201622247973,24783,1,67,4208,0,0.1842360496520996,0.44571589809374257,0.8782997544511401,0.46981030009599273,0.9007625196280639,0.344097995545657,0.054372697304634475,1.0,0.3433556050482554,1,0,0,NOT_EVALUABLE,512.0,77.6470588235294,0.3735144312393888,0.2886554621848739
machine-1-1,11,W3_b01,D_trail512,9.109125715218479,traces/machine-1-1__s11__W3_b01__D_trail512.npz,28479,22775,0.8370729309315637,23839,4,46,7136,21,0.4948689937591553,0.378255908172876,0.862625216314625,0.3958353233095893,0.8817023878335313,0.3322197475872309,0.08776420399457048,1.0,0.3147735708982925,1,1,3,NOT_EVALUABLE,512.0,157.44,0.3769100169779287,0.44159663865546217
machine-1-1,11,W3_b01,DE_stab,9.109125715218479,traces/machine-1-1__s11__W3_b01__DE_stab.npz,28479,22775,0.8455001931247585,24079,5,43,7056,21,0.4790019989013672,0.4594955313398109,0.8859691650978863,0.4820932899124433,0.9037357351958628,0.38344469190794356,0.07554779910800853,1.0,0.34075723830734966,2,2,3,NOT_EVALUABLE,332.8,161.33333333333334,0.41850594227504245,0.5894957983193277
machine-1-1,11,W3_b01,DEph_cv,9.109125715218479,traces/machine-1-1__s11__W3_b01__DEph_cv.npz,28479,22775,0.7932511675269497,22591,2,41,7712,27,0.4928429126739502,0.4748008686421002,0.8980177079639917,0.4958491257772888,0.9130168713558368,0.42130660727542685,0.09078921853790964,1.0,0.11878247958426132,0,0,2,NOT_EVALUABLE,704.0,194.6046511627907,0.4617996604414261,0.7722689075630252
machine-1-1,11,W3_b01,H_hold,9.109125715218479,traces/machine-1-1__s11__W3_b01__H_hold.npz,28479,22775,0.7713402858246428,21967,0,42,7856,28,0.45604467391967773,0.4836579550871448,0.9043107234614831,0.505863773090649,0.9194204722271379,0.49888641425389757,0.0980802792321117,1.0,0.08908685968819599,0,0,0,NOT_EVALUABLE,,203.04761904761904,0.5233446519524618,0.8659663865546219
machine-1-1,22,W1,A_no_update,7.014551712711198,traces/machine-1-1__s22__W1__A_no_update.npz,28479,22775,0.0,22775,0,0,0,0,3.83168888092041,0.49465775260972894,0.8820854997186344,0.5148249010430618,0.9015817057622424,0.44394951744617667,0.0506108202443281,1.0,0.0,0,0,0,NOT_EVALUABLE,,,0.4561332250203087,0.35048372911169745
machine-1-1,22,W1,B_always,7.014551712711198,traces/machine-1-1__s22__W1__B_always.npz,28479,22775,1.0,51254,0,0,0,0,5.859225749969482,0.41480432964989283,0.8533380436333284,0.4435236324065713,0.8781771809057674,0.19710467706013363,0.016521233275159978,1.0,1.0,0,0,0,NOT_EVALUABLE,,,0.20674248578391552,0.09542656112576957
machine-1-1,22,W1,C_threshold,7.014551712711198,traces/machine-1-1__s22__W1__C_threshold.npz,28479,22775,0.7848239053337547,45126,0,0,0,0,5.741956949234009,0.44824637453724575,0.8578167010941803,0.47172947357902323,0.8829506273874108,0.34743875278396436,0.034748885010665115,1.0,0.21974758723088345,0,0,0,NOT_EVALUABLE,,,0.35824532900081235,0.272207563764292
machine-1-1,22,W1,D_quarantine,7.014551712711198,traces/machine-1-1__s22__W1__D_quarantine.npz,28479,22775,0.7848239053337547,45126,0,188,6128,0,5.703991174697876,0.44824637453724575,0.8578167010941803,0.47172947357902323,0.8829506273874108,0.34743875278396436,0.034748885010665115,1.0,0.21974758723088345,0,0,0,NOT_EVALUABLE,,48.59574468085106,0.35824532900081235,0.272207563764292
machine-1-1,22,W1,D_trail512,7.014551712711198,traces/machine-1-1__s22__W1__D_trail512.npz,28479,22775,0.7398785069700481,43846,3,121,12048,24,7.20896577835083,0.41405290583227244,0.8875901517876899,0.4414905674837812,0.9061230395538304,0.31365998515219007,0.042660461508629045,1.0,0.3325909428359317,3,3,0,NOT_EVALUABLE,512.0,112.7741935483871,0.3310316815597076,0.32849604221635886
machine-1-1,22,W1,DE_stab,7.014551712711198,traces/machine-1-1__s22__W1__DE_stab.npz,28479,22775,0.7353839671336775,43718,3,120,12144,22,6.7242491245269775,0.4308816170924644,0.8942870841472347,0.4508938345613863,0.9101469634598286,0.317743132887899,0.03967422920302501,1.0,0.06644394951744617,1,0,2,NOT_EVALUABLE,298.6666666666667,114.34146341463415,0.335093419983753,0.29331574318381703
machine-1-1,22,W1,DEph_cv,7.014551712711198,traces/machine-1-1__s22__W1__DEph_cv.npz,28479,22775,0.7134730854313704,43094,0,122,12064,25,6.969177961349487,0.5255641338767236,0.9055598598944877,0.546398797474488,0.9217871718649643,0.4528582034149963,0.044328097731239094,1.0,0.041573867854491464,0,0,0,NOT_EVALUABLE,,114.88524590163935,0.46588139723801786,0.351363236587511
machine-1-1,22,W1,H_hold,7.014551712711198,traces/machine-1-1__s22__W1__H_hold.npz,28479,22775,0.7134730854313704,43094,0,122,12064,25,6.850141286849976,0.5255641338767236,0.9055598598944877,0.546398797474488,0.9217871718649643,0.4528582034149963,0.044328097731239094,1.0,0.041573867854491464,0,0,0,NOT_EVALUABLE,,114.88524590163935,0.46588139723801786,0.351363236587511
machine-1-1,22,W2_f0995,A_no_update,11.367713055798651,traces/machine-1-1__s22__W2_f0995__A_no_update.npz,28479,22775,0.0,0,0,0,0,0,0.020647764205932617,0.4687675352121287,0.8960482065806289,0.4745080799891855,0.9111492567396358,0.47512991833704527,0.09734341671514446,1.0,0.0,0,0,0,NOT_EVALUABLE,,,0.45431364215894604,0.8538699690402477
machine-1-1,22,W2_f0995,B_always,11.367713055798651,traces/machine-1-1__s22__W2_f0995__B_always.npz,28479,22775,1.0,28479,0,0,0,0,0.04689216613769531,0.4045072434062259,0.8537575439298095,0.4371408365708415,0.8793116013486558,0.3645137342242019,0.07244522008919915,1.0,1.0,0,0,0,NOT_EVALUABLE,,,0.36761580960475987,0.47554179566563465
machine-1-1,22,W2_f0995,C_threshold,11.367713055798651,traces/machine-1-1__s22__W2_f0995__C_threshold.npz,28479,22775,0.8303311211770076,23647,0,0,0,0,0.03217887878417969,0.45553025670304287,0.9084598326720631,0.4610201003649403,0.9207457012582488,0.40905716406829995,0.07620709714950552,1.0,0.2553823311061618,0,0,0,NOT_EVALUABLE,,,0.4169145771355716,0.8811145510835914
machine-1-1,22,W2_f0995,D_quarantine,11.367713055798651,traces/machine-1-1__s22__W2_f0995__D_quarantine.npz,28479,22775,0.8303311211770076,23647,0,67,4832,0,0.0324857234954834,0.45553025670304287,0.9084598326720631,0.4610201003649403,0.9207457012582488,0.40905716406829995,0.07620709714950552,1.0,0.2553823311061618,0,0,0,NOT_EVALUABLE,,88.11940298507463,0.4169145771355716,0.8811145510835914
machine-1-1,22,W2_f0995,D_trail512,11.367713055798651,traces/machine-1-1__s22__W2_f0995__D_trail512.npz,28479,22775,0.814038414270164,23183,3,43,7440,23,0.2555520534515381,0.42616062227831825,0.8931851517869701,0.431767772007685,0.9122421484272529,0.5300668151447662,0.09811906146984681,1.0,0.27319970304380103,2,2,1,NOT_EVALUABLE,512.0,176.69565217391303,0.5686357841053974,0.8724458204334365
machine-1-1,22,W2_f0995,DE_stab,11.367713055798651,traces/machine-1-1__s22__W2_f0995__DE_stab.npz,28479,22775,0.849432915481583,24191,7,40,7360,22,0.21045804023742676,0.49149216113412303,0.9100303189572733,0.5000431358829511,0.9265208986442021,0.4806978470675575,0.09261198371146015,1.0,0.41202672605790647,4,4,3,NOT_EVALUABLE,329.14285714285717,170.2127659574468,0.4768380790480238,0.8941176470588236
machine-1-1,22,W2_f0995,DEph_cv,11.367713055798651,traces/machine-1-1__s22__W2_f0995__DEph_cv.npz,28479,22775,0.8134765967906177,23167,0,44,6720,19,0.1795649528503418,0.4810361554097053,0.9142749585797352,0.4893750223051016,0.9331552370923931,0.5063103192279139,0.07531510568159783,1.0,0.08908685968819599,0,0,0,NOT_EVALUABLE,,168.72727272727272,0.536761580960476,0.8724458204334365
machine-1-1,22,W2_f0995,H_hold,11.367713055798651,traces/machine-1-1__s22__W2_f0995__H_hold.npz,28479,22775,0.8134765967906177,23167,0,44,6720,19,0.2058548927307129,0.4810361554097053,0.9142749585797352,0.4893750223051016,0.9331552370923931,0.5063103192279139,0.07531510568159783,1.0,0.08908685968819599,0,0,0,NOT_EVALUABLE,,168.72727272727272,0.536761580960476,0.8724458204334365
machine-1-1,22,W3_b01,A_no_update,9.94819906308723,traces/machine-1-1__s22__W3_b01__A_no_update.npz,28479,22775,0.0,0,0,0,0,0,0.01821589469909668,0.4755835481763325,0.9013617762322464,0.483486228436474,0.9153066834567208,0.49851521900519674,0.102152414194299,1.0,0.0,0,0,0,NOT_EVALUABLE,,,0.43295194508009155,0.3767548155403199
machine-1-1,22,W3_b01,B_always,9.94819906308723,traces/machine-1-1__s22__W3_b01__B_always.npz,28479,22775,1.0,28479,0,0,0,0,0.21175408363342285,0.405914089677591,0.8671043560341865,0.46435661499784797,0.8955167615263697,0.10022271714922049,0.008066705448904402,1.0,1.0,0,0,0,NOT_EVALUABLE,,,0.11853546910755149,0.03852432255958211
machine-1-1,22,W3_b01,C_threshold,9.94819906308723,traces/machine-1-1__s22__W3_b01__C_threshold.npz,28479,22775,0.7511148565609748,21391,0,0,0,0,0.16079378128051758,0.27839406074555767,0.8470486630708881,0.29703220569344896,0.8637253739078046,0.7152932442464737,0.16319565638937367,1.0,0.17817371937639198,0,0,0,NOT_EVALUABLE,,,0.6901601830663615,0.6016976820111002
machine-1-1,22,W3_b01,D_quarantine,9.94819906308723,traces/machine-1-1__s22__W3_b01__D_quarantine.npz,28479,22775,0.8999964886407529,25631,2,68,3872,0,0.19074201583862305,0.33923753080788677,0.8418768055010316,0.3643605861714919,0.8672935123937828,0.24387527839643652,0.0627108784176847,1.0,0.5137342242019303,2,0,0,NOT_EVALUABLE,512.0,70.85714285714286,0.2732265446224256,0.28697355533790403
machine-1-1,22,W3_b01,D_trail512,9.94819906308723,traces/machine-1-1__s22__W3_b01__D_trail512.npz,28479,22775,0.8685347097861582,24735,3,45,5952,16,0.4442307949066162,0.40412513805836303,0.883479558492871,0.42698706736565345,0.9030237199953319,0.31588715664439493,0.06170254023657165,1.0,0.3207126948775056,1,1,2,NOT_EVALUABLE,512.0,139.0,0.36292906178489703,0.2781586679725759
machine-1-1,22,W3_b01,DE_stab,9.94819906308723,traces/machine-1-1__s22__W3_b01__DE_stab.npz,28479,22775,0.8651638049088802,24639,5,41,6432,21,0.4102168083190918,0.48399071280306566,0.8975023029652863,0.5053189178492186,0.9148339106977224,0.36711210096510766,0.05685476051968198,1.0,0.34075723830734966,2,2,3,NOT_EVALUABLE,358.4,154.08695652173913,0.38032036613272313,0.3774077701599739
machine-1-1,22,W3_b01,DEph_cv,9.94819906308723,traces/machine-1-1__s22__W3_b01__DEph_cv.npz,28479,22775,0.8443765581656659,24047,2,42,6288,22,0.44678282737731934,0.48873385162699007,0.9089372472010641,0.5113291025243536,0.9250951236669294,0.35820341499628805,0.0665115377157262,1.0,0.16629547141796586,0,0,2,NOT_EVALUABLE,640.0,158.1818181818182,0.39725400457665905,0.4730656219392752
machine-1-1,22,W3_b01,H_hold,9.94819906308723,traces/machine-1-1__s22__W3_b01__H_hold.npz,28479,22775,0.7792057305382913,22191,0,40,7568,32,0.6534769535064697,0.4564359216684246,0.8994571134527292,0.47386697811070755,0.9147355759526246,0.5311804008908686,0.09970913321698661,1.0,0.13066072754268745,0,0,0,NOT_EVALUABLE,,205.2,0.5867276887871854,0.7554684949396017
machine-1-1,33,W1,A_no_update,7.0325055002693935,traces/machine-1-1__s33__W1__A_no_update.npz,28479,22775,0.0,22775,0,0,0,0,3.911561965942383,0.49765856347225473,0.8816753854722659,0.5194079540548906,0.9017740972136451,0.4528582034149963,0.04983517548962575,1.0,0.0,0,0,0,NOT_EVALUABLE,,,0.4642567018683997,0.3295341922695738
machine-1-1,33,W1,B_always,7.0325055002693935,traces/machine-1-1__s33__W1__B_always.npz,28479,22775,1.0,51254,0,0,0,0,5.91800594329834,0.4015449546841534,0.8454237031451474,0.43042079774680364,0.8730813978333033,0.19673348181143283,0.019352336629823542,1.0,1.0,0,0,0,NOT_EVALUABLE,,,0.20389926888708368,0.10158572844400396
machine-1-1,33,W1,C_threshold,7.0325055002693935,traces/machine-1-1__s33__W1__C_threshold.npz,28479,22775,0.7763966431405597,44886,0,0,0,0,5.1435511112213135,0.48630787697407,0.8693752619132656,0.5119344588734108,0.8937306539764767,0.36971046770601335,0.030987007950358737,1.0,0.20193021529324426,0,0,0,NOT_EVALUABLE,,,0.38302193338748985,0.19127849355797819
machine-1-1,33,W1,D_quarantine,7.0325055002693935,traces/machine-1-1__s33__W1__D_quarantine.npz,28479,22775,0.7763966431405597,44886,0,205,6368,0,5.617380857467651,0.48630787697407,0.8693752619132656,0.5119344588734108,0.8937306539764767,0.36971046770601335,0.030987007950358737,1.0,0.20193021529324426,0,0,0,NOT_EVALUABLE,,47.06341463414634,0.38302193338748985,0.19127849355797819
machine-1-1,33,W1,D_trail512,7.0325055002693935,traces/machine-1-1__s33__W1__D_trail512.npz,28479,22775,0.7365076020927701,43750,3,136,12624,23,6.680761814117432,0.4092894928572324,0.8863546265669271,0.43315951548784604,0.904528845855644,0.31588715664439493,0.044909831297265855,1.0,0.3325909428359317,3,3,0,NOT_EVALUABLE,512.0,106.4748201438849,0.3330625507717303,0.30277502477700696
machine-1-1,33,W1,DE_stab,7.0325055002693935,traces/machine-1-1__s33__W1__DE_stab.npz,28479,22775,0.7387548720109555,43814,4,134,12752,24,6.4588940143585205,0.4398356775590977,0.8960848438467892,0.46323968569576646,0.9132600596258317,0.3214550853749072,0.038394415357766144,1.0,0.042687453600593915,1,0,3,NOT_EVALUABLE,288.0,107.94202898550725,0.3399675060926076,0.3012884043607532
machine-1-1,33,W1,DEph_cv,7.0325055002693935,traces/machine-1-1__s33__W1__DEph_cv.npz,28479,22775,0.7134730854313704,43094,0,137,12544,24,8.165895938873291,0.522430342854721,0.9054018014018327,0.542806031066004,0.9220062271050591,0.45953971789161097,0.043436106263331394,1.0,0.041573867854491464,0,0,0,NOT_EVALUABLE,,107.56204379562044,0.4744110479285134,0.3270564915758176
machine-1-1,33,W1,H_hold,7.0325055002693935,traces/machine-1-1__s33__W1__H_hold.npz,28479,22775,0.7134730854313704,43094,0,137,12544,24,7.8258819580078125,0.522430342854721,0.9054018014018327,0.542806031066004,0.9220062271050591,0.45953971789161097,0.043436106263331394,1.0,0.041573867854491464,0,0,0,NOT_EVALUABLE,,107.56204379562044,0.4744110479285134,0.3270564915758176
machine-1-1,33,W2_f0995,A_no_update,11.331686979273943,traces/machine-1-1__s33__W2_f0995__A_no_update.npz,28479,22775,0.0,0,0,0,0,0,0.02022576332092285,0.4687886796952209,0.8959816260871156,0.4745711856582179,0.9111170757256697,0.47512991833704527,0.09718828776420399,1.0,0.0,0,0,0,NOT_EVALUABLE,,,0.45431364215894604,0.848743987172635
machine-1-1,33,W2_f0995,B_always,11.331686979273943,traces/machine-1-1__s33__W2_f0995__B_always.npz,28479,22775,1.0,28479,0,0,0,0,0.05712485313415527,0.3842511111661642,0.8461773799359359,0.4168571172163762,0.8726766999710437,0.3578322197475872,0.07675004847779716,1.0,1.0,0,0,0,NOT_EVALUABLE,,,0.36506587335316615,0.4537680384820951
machine-1-1,33,W2_f0995,C_threshold,11.331686979273943,traces/machine-1-1__s33__W2_f0995__C_threshold.npz,28479,22775,0.822465676463359,23423,0,0,0,0,0.0490419864654541,0.4404953460921443,0.9033687282434741,0.44335612396631674,0.9159412619848132,0.4086859688195991,0.08547605196819856,1.0,0.2553823311061618,0,0,0,NOT_EVALUABLE,,,0.416489587760306,0.874933190807055
machine-1-1,33,W2_f0995,D_quarantine,11.331686979273943,traces/machine-1-1__s33__W2_f0995__D_quarantine.npz,28479,22775,0.822465676463359,23423,0,66,5056,0,0.0486292839050293,0.4404953460921443,0.9033687282434741,0.44335612396631674,0.9159412619848132,0.4086859688195991,0.08547605196819856,1.0,0.2553823311061618,0,0,0,NOT_EVALUABLE,,92.60606060606061,0.416489587760306,0.874933190807055
machine-1-1,33,W2_f0995,D_trail512,11.331686979273943,traces/machine-1-1__s33__W2_f0995__D_trail512.npz,28479,22775,0.8129147793110714,23151,3,43,7472,23,0.4182898998260498,0.4195896975325166,0.8911052203569606,0.42024551887333794,0.9101470083168508,0.5089086859688196,0.10281171223579601,1.0,0.2613214550853749,2,2,1,NOT_EVALUABLE,512.0,177.3913043478261,0.5444113897152572,0.8679850347407804
machine-1-1,33,W2_f0995,DE_stab,11.331686979273943,traces/machine-1-1__s33__W2_f0995__DE_stab.npz,28479,22775,0.8511183679202219,24239,8,39,7536,23,0.44417786598205566,0.47363688334713755,0.9038566732872869,0.48011278072503966,0.9206496778801725,0.4784706755753526,0.10017452006980802,1.0,0.41202672605790647,4,4,4,NOT_EVALUABLE,320.0,173.61702127659575,0.47301317467063325,0.8856226616782469
machine-1-1,33,W2_f0995,DEph_cv,11.331686979273943,traces/machine-1-1__s33__W2_f0995__DEph_cv.npz,28479,22775,0.805611152076969,22943,0,43,6912,20,0.39198803901672363,0.4616628394936111,0.9080293627894074,0.46567960827071564,0.9270136147745022,0.5014847809948033,0.08470040721349621,1.0,0.08908685968819599,0,0,0,NOT_EVALUABLE,,176.74418604651163,0.531236719082023,0.8685195082843399
machine-1-1,33,W2_f0995,H_hold,11.331686979273943,traces/machine-1-1__s33__W2_f0995__H_hold.npz,28479,22775,0.805611152076969,22943,0,43,6912,20,0.3697640895843506,0.4616628394936111,0.9080293627894074,0.46567960827071564,0.9270136147745022,0.5014847809948033,0.08470040721349621,1.0,0.08908685968819599,0,0,0,NOT_EVALUABLE,,176.74418604651163,0.531236719082023,0.8685195082843399
machine-1-1,33,W3_b01,A_no_update,10.135501709268603,traces/machine-1-1__s33__W3_b01__A_no_update.npz,28479,22775,0.0,0,0,0,0,0,0.017139196395874023,0.4717079063781054,0.8984672306646287,0.47975224334680416,0.9130220640201362,0.48515219005196736,0.09916618188869497,1.0,0.0,0,0,0,NOT_EVALUABLE,,,0.42105263157894735,0.37381651975187724
machine-1-1,33,W3_b01,B_always,10.135501709268603,traces/machine-1-1__s33__W3_b01__B_always.npz,28479,22775,1.0,28479,0,0,0,0,0.2670938968658447,0.40852960862250975,0.863938637113853,0.46915585422496514,0.8932997416632277,0.10022271714922049,0.00736862516967229,1.0,1.0,0,0,0,NOT_EVALUABLE,,,0.11670480549199085,0.030035912504080966
machine-1-1,33,W3_b01,C_threshold,10.135501709268603,traces/machine-1-1__s33__W3_b01__C_threshold.npz,28479,22775,0.5382211454053865,15328,0,0,0,0,0.15208816528320312,0.13290877334565246,0.6448534718092431,0.1372508460865237,0.6684342774061071,0.7000742390497402,0.41465968586387436,1.0,0.20193021529324426,0,0,0,NOT_EVALUABLE,,,0.6691075514874142,0.9689846555664381
machine-1-1,33,W3_b01,D_quarantine,10.135501709268603,traces/machine-1-1__s33__W3_b01__D_quarantine.npz,28479,22775,0.8926928614066505,25423,1,68,3568,0,0.24129080772399902,0.3495953208351596,0.8403082050633133,0.3748814062656278,0.8666875559644979,0.24276169265033407,0.052239674229203024,1.0,0.44951744617668893,1,0,0,NOT_EVALUABLE,512.0,67.47826086956522,0.27185354691075514,0.19849820437479596
machine-1-1,33,W3_b01,D_trail512,10.135501709268603,traces/machine-1-1__s33__W3_b01__D_trail512.npz,28479,22775,0.8561747252361389,24383,4,44,6528,19,0.5434579849243164,0.36231355659260717,0.8534947273287661,0.38229545316372554,0.8744734879015148,0.3103192279138827,0.07605196819856505,1.0,0.33853006681514475,1,1,3,NOT_EVALUABLE,512.0,150.66666666666666,0.35560640732265447,0.38393731635651324
machine-1-1,33,W3_b01,DE_stab,10.135501709268603,traces/machine-1-1__s33__W3_b01__DE_stab.npz,28479,22775,0.8640401699497876,24607,4,43,6272,17,0.5108442306518555,0.4669153978063713,0.8859514294939925,0.491843671670515,0.9058805160543137,0.3570898292501856,0.05929804149699438,1.0,0.36117297698589457,2,2,2,NOT_EVALUABLE,320.0,148.08510638297872,0.3697940503432494,0.376428338230493
machine-1-1,33,W3_b01,DEph_cv,10.135501709268603,traces/machine-1-1__s33__W3_b01__DEph_cv.npz,28479,22775,0.8297693036974613,23631,2,43,6736,21,0.5597403049468994,0.44138486909720515,0.889369031418651,0.4614287974533278,0.905874942712705,0.34075723830734966,0.07791351560985069,1.0,0.18411284335560504,0,0,2,NOT_EVALUABLE,640.0,164.9777777777778,0.3757437070938215,0.5432582435520731
machine-1-1,33,W3_b01,H_hold,10.135501709268603,traces/machine-1-1__s33__W3_b01__H_hold.npz,28479,22775,0.7730257382632817,22015,0,41,7776,32,0.7544331550598145,0.4100651820601916,0.8854205706229011,0.42615541374824056,0.9007441815424291,0.47216035634743875,0.11122745782431646,1.0,0.13066072754268745,0,0,0,NOT_EVALUABLE,,205.65853658536585,0.51441647597254,0.8197845249755142
machine-1-2,11,W1,A_no_update,19.257441128414523,traces/machine-1-2__s11__W1__A_no_update.npz,23694,18947,0.0,18947,0,0,0,0,3.0719149112701416,0.1318895762839501,0.8297748937233671,0.15040159109664733,0.8945040139200231,0.11439114391143912,0.00989115411195577,0.9,0.0,0,0,0,NOT_EVALUABLE,,,0.1341991341991342,0.042704626334519574
machine-1-2,11,W1,B_always,19.257441128414523,traces/machine-1-2__s11__W1__B_always.npz,23694,18947,1.0,42641,0,0,0,0,5.256088018417358,0.12174037676601629,0.8021732519502112,0.14433057600004084,0.8846953602035714,0.1033210332103321,0.008854526606772634,0.9,1.0,0,0,0,NOT_EVALUABLE,,,0.12121212121212122,0.03914590747330961
machine-1-2,11,W1,C_threshold,19.257441128414523,traces/machine-1-2__s11__W1__C_threshold.npz,23694,18947,0.8548155651219718,39201,0,0,0,0,4.775709867477417,0.12886236042978821,0.8077087854499831,0.14994295521427875,0.8875468241513528,0.11254612546125461,0.009329647546648237,0.9,0.35977859778597787,0,0,0,NOT_EVALUABLE,,,0.12987012987012986,0.042704626334519574
machine-1-2,11,W1,D_quarantine,19.257441128414523,traces/machine-1-2__s11__W1__D_quarantine.npz,23694,18947,0.8548155651219718,39201,0,169,3440,0,4.772403955459595,0.12886236042978821,0.8077087854499831,0.14994295521427875,0.8875468241513528,0.11254612546125461,0.009329647546648237,0.9,0.35977859778597787,0,0,0,NOT_EVALUABLE,,36.35502958579882,0.12987012987012986,0.042704626334519574
machine-1-2,11,W1,D_trail512,19.257441128414523,traces/machine-1-2__s11__W1__D_trail512.npz,23694,18947,0.8034945555836921,37985,0,123,8592,2,5.071965932846069,0.13161825435741606,0.8200556342553751,0.15315041653965455,0.8935865338207408,0.11254612546125461,0.009416033172080165,0.9,0.14391143911439114,0,0,0,NOT_EVALUABLE,,85.85365853658537,0.12987012987012986,0.042704626334519574
machine-1-2,11,W1,DE_stab,19.257441128414523,traces/machine-1-2__s11__W1__DE_stab.npz,23694,18947,0.8034945555836921,37985,0,123,8592,2,4.751983165740967,0.13161825435741606,0.8200556342553751,0.15315041653965455,0.8935865338207408,0.11254612546125461,0.009416033172080165,0.9,0.14391143911439114,0,0,0,NOT_EVALUABLE,,85.85365853658537,0.12987012987012986,0.042704626334519574
machine-1-2,11,W1,DEph_cv,19.257441128414523,traces/machine-1-2__s11__W1__DEph_cv.npz,23694,18947,0.8034945555836921,37985,0,123,8592,2,4.823360919952393,0.13161825435741606,0.8200556342553751,0.15315041653965455,0.8935865338207408,0.11254612546125461,0.009416033172080165,0.9,0.14391143911439114,0,0,0,NOT_EVALUABLE,,85.85365853658537,0.12987012987012986,0.042704626334519574
machine-1-2,11,W1,H_hold,19.257441128414523,traces/machine-1-2__s11__W1__H_hold.npz,23694,18947,0.8034945555836921,37985,0,123,8592,2,4.8878562450408936,0.13161825435741606,0.8200556342553751,0.15315041653965455,0.8935865338207408,0.11254612546125461,0.009416033172080165,0.9,0.14391143911439114,0,0,0,NOT_EVALUABLE,,85.85365853658537,0.12987012987012986,0.042704626334519574
machine-1-2,11,W2_f0995,A_no_update,22.6237547460176,traces/machine-1-2__s11__W2_f0995__A_no_update.npz,23694,18947,0.0,0,0,0,0,0,0.016818761825561523,0.2774110560082134,0.8633520061228602,0.3525997476064547,0.9413191374904483,0.2066420664206642,0.0047944022114720115,0.9,0.0,0,0,0,NOT_EVALUABLE,,,,
machine-1-2,11,W2_f0995,B_always,22.6237547460176,traces/machine-1-2__s11__W2_f0995__B_always.npz,23694,18947,1.0,23694,0,0,0,0,0.03375530242919922,0.24747193536981726,0.8853495398291923,0.2837962812689339,0.9350044864787351,0.09778597785977859,0.0033258465791292328,0.8,1.0,0,0,0,NOT_EVALUABLE,,,,
machine-1-2,11,W2_f0995,C_threshold,22.6237547460176,traces/machine-1-2__s11__W2_f0995__C_threshold.npz,23694,18947,0.9371992909597366,22206,0,0,0,0,0.02863001823425293,0.2729389240692501,0.8867123846385319,0.32809849244333,0.9362728490983128,0.2158671586715867,0.0035418106427090533,0.8,0.35977859778597787,0,0,0,NOT_EVALUABLE,,,,
machine-1-2,11,W2_f0995,D_quarantine,22.6237547460176,traces/machine-1-2__s11__W2_f0995__D_quarantine.npz,23694,18947,0.9371992909597366,22206,0,66,1488,0,0.02946615219116211,0.2729389240692501,0.8867123846385319,0.32809849244333,0.9362728490983128,0.2158671586715867,0.0035418106427090533,0.8,0.35977859778597787,0,0,0,NOT_EVALUABLE,,38.54545454545455,,
machine-1-2,11,W2_f0995,D_trail512,22.6237547460176,traces/machine-1-2__s11__W2_f0995__D_trail512.npz,23694,18947,0.9277454207816325,21982,0,56,3504,0,0.025738954544067383,0.2729727400342098,0.8886017514287098,0.3289699950215887,0.9372759534478036,0.22509225092250923,0.0036713890808569454,0.8,0.33948339483394835,0,0,0,NOT_EVALUABLE,,78.57142857142857,,
machine-1-2,11,W2_f0995,DE_stab,22.6237547460176,traces/machine-1-2__s11__W2_f0995__DE_stab.npz,23694,18947,0.9277454207816325,21982,0,56,3504,0,0.025542020797729492,0.2729727400342098,0.8886017514287098,0.3289699950215887,0.9372759534478036,0.22509225092250923,0.0036713890808569454,0.8,0.33948339483394835,0,0,0,NOT_EVALUABLE,,78.57142857142857,,
machine-1-2,11,W2_f0995,DEph_cv,22.6237547460176,traces/machine-1-2__s11__W2_f0995__DEph_cv.npz,23694,18947,0.9277454207816325,21982,0,56,3504,0,0.024268150329589844,0.2729727400342098,0.8886017514287098,0.3289699950215887,0.9372759534478036,0.22509225092250923,0.0036713890808569454,0.8,0.33948339483394835,0,0,0,NOT_EVALUABLE,,78.57142857142857,,
machine-1-2,11,W2_f0995,H_hold,22.6237547460176,traces/machine-1-2__s11__W2_f0995__H_hold.npz,23694,18947,0.9277454207816325,21982,0,56,3504,0,0.02516007423400879,0.2729727400342098,0.8886017514287098,0.3289699950215887,0.9372759534478036,0.22509225092250923,0.0036713890808569454,0.8,0.33948339483394835,0,0,0,NOT_EVALUABLE,,78.57142857142857,,
machine-1-2,11,W3_b01,A_no_update,20.553491726566925,traces/machine-1-2__s11__W3_b01__A_no_update.npz,23694,18947,0.0,0,0,0,0,0,0.009907960891723633,0.24540403161967045,0.8691180473916004,0.29651425241052154,0.9381697816848019,0.16236162361623616,0.005183137525915688,0.9,0.0,0,0,0,NOT_EVALUABLE,,,,
machine-1-2,11,W3_b01,B_always,20.553491726566925,traces/machine-1-2__s11__W3_b01__B_always.npz,23694,18947,1.0,23694,0,0,0,0,0.17665314674377441,0.1593437155254766,0.8649372700102261,0.1998979722707585,0.928354401063555,0.07380073800738007,0.0038009675190048375,0.9,1.0,0,0,0,NOT_EVALUABLE,,,,
machine-1-2,11,W3_b01,C_threshold,20.553491726566925,traces/machine-1-2__s11__W3_b01__C_threshold.npz,23694,18947,0.9250443150164599,21918,0,0,0,0,0.16592693328857422,0.2532990750908135,0.8755115399719996,0.31184196983934476,0.9336787019177639,0.28413284132841327,0.005010366275051832,0.9,0.3247232472324723,0,0,0,NOT_EVALUABLE,,,,
machine-1-2,11,W3_b01,D_quarantine,20.553491726566925,traces/machine-1-2__s11__W3_b01__D_quarantine.npz,23694,18947,0.9250443150164599,21918,0,80,1776,0,0.1645050048828125,0.2532990750908135,0.8755115399719996,0.31184196983934476,0.9336787019177639,0.28413284132841327,0.005010366275051832,0.9,0.3247232472324723,0,0,0,NOT_EVALUABLE,,38.2,,
machine-1-2,11,W3_b01,D_trail512,20.553491726566925,traces/machine-1-2__s11__W3_b01__D_trail512.npz,23694,18947,0.9101882333080105,21566,0,63,4144,0,0.15572309494018555,0.2553730707862139,0.88980756406562,0.3117263556922863,0.9363619278881039,0.2859778597785978,0.0049239806496199036,0.9,0.24538745387453875,0,0,0,NOT_EVALUABLE,,81.77777777777777,,
machine-1-2,11,W3_b01,DE_stab,20.553491726566925,traces/machine-1-2__s11__W3_b01__DE_stab.npz,23694,18947,0.9101882333080105,21566,0,63,4144,0,0.15771007537841797,0.2553730707862139,0.88980756406562,0.3117263556922863,0.9363619278881039,0.2859778597785978,0.0049239806496199036,0.9,0.24538745387453875,0,0,0,NOT_EVALUABLE,,81.77777777777777,,
machine-1-2,11,W3_b01,DEph_cv,20.553491726566925,traces/machine-1-2__s11__W3_b01__DEph_cv.npz,23694,18947,0.9101882333080105,21566,0,63,4144,0,0.1561880111694336,0.2553730707862139,0.88980756406562,0.3117263556922863,0.9363619278881039,0.2859778597785978,0.0049239806496199036,0.9,0.24538745387453875,0,0,0,NOT_EVALUABLE,,81.77777777777777,,
machine-1-2,11,W3_b01,H_hold,20.553491726566925,traces/machine-1-2__s11__W3_b01__H_hold.npz,23694,18947,0.9101882333080105,21566,0,63,4144,0,0.1558542251586914,0.2553730707862139,0.88980756406562,0.3117263556922863,0.9363619278881039,0.2859778597785978,0.0049239806496199036,0.9,0.24538745387453875,0,0,0,NOT_EVALUABLE,,81.77777777777777,,
machine-1-2,22,W1,A_no_update,19.444215791023602,traces/machine-1-2__s22__W1__A_no_update.npz,23694,18947,0.0,18947,0,0,0,0,3.454235076904297,0.13189500836694723,0.8321753621820944,0.15106430094733042,0.8954232661744881,0.11070110701107011,0.007688320663441603,0.9,0.0,0,0,0,NOT_EVALUABLE,,,0.2236842105263158,0.03888888888888889
machine-1-2,22,W1,B_always,19.444215791023602,traces/machine-1-2__s22__W1__B_always.npz,23694,18947,1.0,42641,0,0,0,0,5.367905139923096,0.12370763067065464,0.8006274752191199,0.14491080144794297,0.8859657986116908,0.1014760147601476,0.006824464409122322,0.9,1.0,0,0,0,NOT_EVALUABLE,,,0.18421052631578946,0.027777777777777776
machine-1-2,22,W1,C_threshold,19.444215791023602,traces/machine-1-2__s22__W1__C_threshold.npz,23694,18947,0.8872288343040432,39969,0,0,0,0,5.200407028198242,0.1305629644814174,0.8062234945950013,0.15184558212598254,0.888016694081927,0.11254612546125461,0.006954042847270215,0.9,0.3892988929889299,0,0,0,NOT_EVALUABLE,,,0.2236842105263158,0.03333333333333333
machine-1-2,22,W1,D_quarantine,19.444215791023602,traces/machine-1-2__s22__W1__D_quarantine.npz,23694,18947,0.8872288343040432,39969,0,125,2672,0,4.9639201164245605,0.1305629644814174,0.8062234945950013,0.15184558212598254,0.888016694081927,0.11254612546125461,0.006954042847270215,0.9,0.3892988929889299,0,0,0,NOT_EVALUABLE,,37.376,0.2236842105263158,0.03333333333333333
machine-1-2,22,W1,D_trail512,19.444215791023602,traces/machine-1-2__s22__W1__D_trail512.npz,23694,18947,0.8554908415632649,39217,0,95,6464,1,5.178070783615112,0.13389266441527672,0.8245048127312649,0.15546641815633397,0.8945932038115317,0.11070110701107011,0.006954042847270215,0.9,0.2011070110701107,0,0,0,NOT_EVALUABLE,,84.0421052631579,0.2236842105263158,0.03333333333333333
machine-1-2,22,W1,DE_stab,19.444215791023602,traces/machine-1-2__s22__W1__DE_stab.npz,23694,18947,0.8554908415632649,39217,0,95,6464,1,4.961540699005127,0.13389266441527672,0.8245048127312649,0.15546641815633397,0.8945932038115317,0.11070110701107011,0.006954042847270215,0.9,0.2011070110701107,0,0,0,NOT_EVALUABLE,,84.0421052631579,0.2236842105263158,0.03333333333333333
machine-1-2,22,W1,DEph_cv,19.444215791023602,traces/machine-1-2__s22__W1__DEph_cv.npz,23694,18947,0.8554908415632649,39217,0,95,6464,1,5.303579807281494,0.13389266441527672,0.8245048127312649,0.15546641815633397,0.8945932038115317,0.11070110701107011,0.006954042847270215,0.9,0.2011070110701107,0,0,0,NOT_EVALUABLE,,84.0421052631579,0.2236842105263158,0.03333333333333333
machine-1-2,22,W1,H_hold,19.444215791023602,traces/machine-1-2__s22__W1__H_hold.npz,23694,18947,0.8554908415632649,39217,0,95,6464,1,5.016990423202515,0.13389266441527672,0.8245048127312649,0.15546641815633397,0.8945932038115317,0.11070110701107011,0.006954042847270215,0.9,0.2011070110701107,0,0,0,NOT_EVALUABLE,,84.0421052631579,0.2236842105263158,0.03333333333333333
machine-1-2,22,W2_f0995,A_no_update,22.616317589147656,traces/machine-1-2__s22__W2_f0995__A_no_update.npz,23694,18947,0.0,0,0,0,0,0,0.011449098587036133,0.27734767098379653,0.8636364650619555,0.3486509636652524,0.9413171842557916,0.20848708487084872,0.0047944022114720115,0.9,0.0,0,0,0,NOT_EVALUABLE,,,,
machine-1-2,22,W2_f0995,B_always,22.616317589147656,traces/machine-1-2__s22__W2_f0995__B_always.npz,23694,18947,1.0,23694,0,0,0,0,0.03395819664001465,0.2427473712101133,0.8856043933625238,0.2780551812164423,0.9349707562015243,0.09778597785977859,0.0032826537664132687,0.8,1.0,0,0,0,NOT_EVALUABLE,,,,
machine-1-2,22,W2_f0995,C_threshold,22.616317589147656,traces/machine-1-2__s22__W2_f0995__C_threshold.npz,23694,18947,0.9371992909597366,22206,0,0,0,0,0.030691862106323242,0.2720345783880574,0.8870776507955128,0.3268768829188593,0.9362198075200366,0.2158671586715867,0.0035418106427090533,0.8,0.35977859778597787,0,0,0,NOT_EVALUABLE,,,,
machine-1-2,22,W2_f0995,D_quarantine,22.616317589147656,traces/machine-1-2__s22__W2_f0995__D_quarantine.npz,23694,18947,0.9371992909597366,22206,0,66,1488,0,0.029304027557373047,0.2720345783880574,0.8870776507955128,0.3268768829188593,0.9362198075200366,0.2158671586715867,0.0035418106427090533,0.8,0.35977859778597787,0,0,0,NOT_EVALUABLE,,38.54545454545455,,
machine-1-2,22,W2_f0995,D_trail512,22.616317589147656,traces/machine-1-2__s22__W2_f0995__D_trail512.npz,23694,18947,0.9277454207816325,21982,0,56,3504,0,0.02527022361755371,0.2720537158542333,0.8888822257909863,0.3284393450434014,0.9372341930714077,0.22693726937269373,0.0037145818935729095,0.8,0.33948339483394835,0,0,0,NOT_EVALUABLE,,78.57142857142857,,
machine-1-2,22,W2_f0995,DE_stab,22.616317589147656,traces/machine-1-2__s22__W2_f0995__DE_stab.npz,23694,18947,0.9277454207816325,21982,0,56,3504,0,0.02464008331298828,0.2720537158542333,0.8888822257909863,0.3284393450434014,0.9372341930714077,0.22693726937269373,0.0037145818935729095,0.8,0.33948339483394835,0,0,0,NOT_EVALUABLE,,78.57142857142857,,
machine-1-2,22,W2_f0995,DEph_cv,22.616317589147656,traces/machine-1-2__s22__W2_f0995__DEph_cv.npz,23694,18947,0.9277454207816325,21982,0,56,3504,0,0.02486705780029297,0.2720537158542333,0.8888822257909863,0.3284393450434014,0.9372341930714077,0.22693726937269373,0.0037145818935729095,0.8,0.33948339483394835,0,0,0,NOT_EVALUABLE,,78.57142857142857,,
machine-1-2,22,W2_f0995,H_hold,22.616317589147656,traces/machine-1-2__s22__W2_f0995__H_hold.npz,23694,18947,0.9277454207816325,21982,0,56,3504,0,0.024685144424438477,0.2720537158542333,0.8888822257909863,0.3284393450434014,0.9372341930714077,0.22693726937269373,0.0037145818935729095,0.8,0.33948339483394835,0,0,0,NOT_EVALUABLE,,78.57142857142857,,
machine-1-2,22,W3_b01,A_no_update,20.1392995714325,traces/machine-1-2__s22__W3_b01__A_no_update.npz,23694,18947,0.0,0,0,0,0,0,0.009923934936523438,0.23341818162675093,0.8607748615279864,0.2811083055723678,0.9330920123523853,0.16420664206642066,0.006219765031098825,0.9,0.0,0,0,0,NOT_EVALUABLE,,,,
machine-1-2,22,W3_b01,B_always,20.1392995714325,traces/machine-1-2__s22__W3_b01__B_always.npz,23694,18947,1.0,23694,0,0,0,0,0.17357683181762695,0.1593471126482756,0.8659662471279169,0.19721443403286953,0.9282652511511721,0.08487084870848709,0.004405666897028334,0.9,1.0,0,0,0,NOT_EVALUABLE,,,,
machine-1-2,22,W3_b01,C_threshold,20.1392995714325,traces/machine-1-2__s22__W3_b01__C_threshold.npz,23694,18947,0.9176162741622351,21742,0,0,0,0,0.1833200454711914,0.2431630310670288,0.8750744318949755,0.29883651729085786,0.9348499125764811,0.2564575645756458,0.00531271596406358,0.9,0.2952029520295203,0,0,0,NOT_EVALUABLE,,,,
machine-1-2,22,W3_b01,D_quarantine,20.1392995714325,traces/machine-1-2__s22__W3_b01__D_quarantine.npz,23694,18947,0.9176162741622351,21742,0,86,1952,0,0.16374874114990234,0.2431630310670288,0.8750744318949755,0.29883651729085786,0.9348499125764811,0.2564575645756458,0.00531271596406358,0.9,0.2952029520295203,0,0,0,NOT_EVALUABLE,,38.69767441860465,,
machine-1-2,22,W3_b01,D_trail512,20.1392995714325,traces/machine-1-2__s22__W3_b01__D_trail512.npz,23694,18947,0.89938381024732,21310,0,70,4624,0,0.15400409698486328,0.2456250086264045,0.8910130180906163,0.29919104687746395,0.937967882591248,0.26014760147601473,0.0055286800276434,0.9,0.24538745387453875,0,0,0,NOT_EVALUABLE,,82.05714285714286,,
machine-1-2,22,W3_b01,DE_stab,20.1392995714325,traces/machine-1-2__s22__W3_b01__DE_stab.npz,23694,18947,0.89938381024732,21310,0,70,4624,0,0.15451312065124512,0.2456250086264045,0.8910130180906163,0.29919104687746395,0.937967882591248,0.26014760147601473,0.0055286800276434,0.9,0.24538745387453875,0,0,0,NOT_EVALUABLE,,82.05714285714286,,
machine-1-2,22,W3_b01,DEph_cv,20.1392995714325,traces/machine-1-2__s22__W3_b01__DEph_cv.npz,23694,18947,0.89938381024732,21310,0,70,4624,0,0.15163803100585938,0.2456250086264045,0.8910130180906163,0.29919104687746395,0.937967882591248,0.26014760147601473,0.0055286800276434,0.9,0.24538745387453875,0,0,0,NOT_EVALUABLE,,82.05714285714286,,
machine-1-2,22,W3_b01,H_hold,20.1392995714325,traces/machine-1-2__s22__W3_b01__H_hold.npz,23694,18947,0.89938381024732,21310,0,70,4624,0,0.1525111198425293,0.2456250086264045,0.8910130180906163,0.29919104687746395,0.937967882591248,0.26014760147601473,0.0055286800276434,0.9,0.24538745387453875,0,0,0,NOT_EVALUABLE,,82.05714285714286,,
machine-1-2,33,W1,A_no_update,19.297417277008666,traces/machine-1-2__s33__W1__A_no_update.npz,23694,18947,0.0,18947,0,0,0,0,3.3271191120147705,0.13054627112342404,0.8289080888822018,0.1511102114679551,0.8972427637841448,0.11070110701107011,0.010107118175535591,0.9,0.0,0,0,0,NOT_EVALUABLE,,,0.12987012987012986,0.03914590747330961
machine-1-2,33,W1,B_always,19.297417277008666,traces/machine-1-2__s33__W1__B_always.npz,23694,18947,1.0,42641,0,0,0,0,5.120560884475708,0.12361222494270237,0.8006201037520051,0.14612095825586605,0.8878468705870958,0.10516605166051661,0.008638562543192813,0.9,1.0,0,0,0,NOT_EVALUABLE,,,0.12121212121212122,0.03202846975088968
machine-1-2,33,W1,C_threshold,19.297417277008666,traces/machine-1-2__s33__W1__C_threshold.npz,23694,18947,0.8561661180045581,39233,0,0,0,0,5.142206907272339,0.12887800789444398,0.8048644351336395,0.14962906036257764,0.8885312559975862,0.11623616236162361,0.009329647546648237,0.9,0.35977859778597787,0,0,0,NOT_EVALUABLE,,,0.1341991341991342,0.03914590747330961
machine-1-2,33,W1,D_quarantine,19.297417277008666,traces/machine-1-2__s33__W1__D_quarantine.npz,23694,18947,0.8561661180045581,39233,0,163,3408,0,5.182268857955933,0.12887800789444398,0.8048644351336395,0.14962906036257764,0.8885312559975862,0.11623616236162361,0.009329647546648237,0.9,0.35977859778597787,0,0,0,NOT_EVALUABLE,,36.9079754601227,0.1341991341991342,0.03914590747330961
machine-1-2,33,W1,D_trail512,19.297417277008666,traces/machine-1-2__s33__W1__D_trail512.npz,23694,18947,0.8014687262598126,37937,0,109,8192,2,5.163708925247192,0.13253363300937454,0.8185082636935562,0.1530558250523752,0.8948367866251775,0.11623616236162361,0.009286454733932274,0.9,0.14391143911439114,0,0,0,NOT_EVALUABLE,,91.1559633027523,0.1341991341991342,0.03914590747330961
machine-1-2,33,W1,DE_stab,19.297417277008666,traces/machine-1-2__s33__W1__DE_stab.npz,23694,18947,0.8014687262598126,37937,0,109,8192,2,5.041316032409668,0.13253363300937454,0.8185082636935562,0.1530558250523752,0.8948367866251775,0.11623616236162361,0.009286454733932274,0.9,0.14391143911439114,0,0,0,NOT_EVALUABLE,,91.1559633027523,0.1341991341991342,0.03914590747330961
machine-1-2,33,W1,DEph_cv,19.297417277008666,traces/machine-1-2__s33__W1__DEph_cv.npz,23694,18947,0.8014687262598126,37937,0,109,8192,2,4.993415117263794,0.13253363300937454,0.8185082636935562,0.1530558250523752,0.8948367866251775,0.11623616236162361,0.009286454733932274,0.9,0.14391143911439114,0,0,0,NOT_EVALUABLE,,91.1559633027523,0.1341991341991342,0.03914590747330961
machine-1-2,33,W1,H_hold,19.297417277008666,traces/machine-1-2__s33__W1__H_hold.npz,23694,18947,0.8014687262598126,37937,0,109,8192,2,4.931629180908203,0.13253363300937454,0.8185082636935562,0.1530558250523752,0.8948367866251775,0.11623616236162361,0.009286454733932274,0.9,0.14391143911439114,0,0,0,NOT_EVALUABLE,,91.1559633027523,0.1341991341991342,0.03914590747330961
machine-1-2,33,W2_f0995,A_no_update,22.626028902505237,traces/machine-1-2__s33__W2_f0995__A_no_update.npz,23694,18947,0.0,0,0,0,0,0,0.016907930374145508,0.27747260030314824,0.8634506243991258,0.34889741357763543,0.9412749668609903,0.20848708487084872,0.0047944022114720115,0.9,0.0,0,0,0,NOT_EVALUABLE,,,,
machine-1-2,33,W2_f0995,B_always,22.626028902505237,traces/machine-1-2__s33__W2_f0995__B_always.npz,23694,18947,1.0,23694,0,0,0,0,0.04306983947753906,0.24291404830565647,0.8856957995547475,0.2773253702312369,0.9347416373169034,0.09778597785977859,0.0032826537664132687,0.8,1.0,0,0,0,NOT_EVALUABLE,,,,
machine-1-2,33,W2_f0995,C_threshold,22.626028902505237,traces/machine-1-2__s33__W2_f0995__C_threshold.npz,23694,18947,0.9371992909597366,22206,0,0,0,0,0.033968210220336914,0.2721002387826059,0.8867035787237623,0.32713977241881537,0.9360536341123523,0.2140221402214022,0.0035418106427090533,0.8,0.35977859778597787,0,0,0,NOT_EVALUABLE,,,,
machine-1-2,33,W2_f0995,D_quarantine,22.626028902505237,traces/machine-1-2__s33__W2_f0995__D_quarantine.npz,23694,18947,0.9371992909597366,22206,0,66,1488,0,0.029448986053466797,0.2721002387826059,0.8867035787237623,0.32713977241881537,0.9360536341123523,0.2140221402214022,0.0035418106427090533,0.8,0.35977859778597787,0,0,0,NOT_EVALUABLE,,38.54545454545455,,
machine-1-2,33,W2_f0995,D_trail512,22.626028902505237,traces/machine-1-2__s33__W2_f0995__D_trail512.npz,23694,18947,0.9277454207816325,21982,0,56,3504,0,0.025477886199951172,0.2722401472849188,0.8885970097822956,0.32792802267142424,0.9371034773415036,0.22509225092250923,0.0036281962681409814,0.8,0.33948339483394835,0,0,0,NOT_EVALUABLE,,78.57142857142857,,
machine-1-2,33,W2_f0995,DE_stab,22.626028902505237,traces/machine-1-2__s33__W2_f0995__DE_stab.npz,23694,18947,0.9277454207816325,21982,0,56,3504,0,0.025090932846069336,0.2722401472849188,0.8885970097822956,0.32792802267142424,0.9371034773415036,0.22509225092250923,0.0036281962681409814,0.8,0.33948339483394835,0,0,0,NOT_EVALUABLE,,78.57142857142857,,
machine-1-2,33,W2_f0995,DEph_cv,22.626028902505237,traces/machine-1-2__s33__W2_f0995__DEph_cv.npz,23694,18947,0.9277454207816325,21982,0,56,3504,0,0.02471923828125,0.2722401472849188,0.8885970097822956,0.32792802267142424,0.9371034773415036,0.22509225092250923,0.0036281962681409814,0.8,0.33948339483394835,0,0,0,NOT_EVALUABLE,,78.57142857142857,,
machine-1-2,33,W2_f0995,H_hold,22.626028902505237,traces/machine-1-2__s33__W2_f0995__H_hold.npz,23694,18947,0.9277454207816325,21982,0,56,3504,0,0.025351762771606445,0.2722401472849188,0.8885970097822956,0.32792802267142424,0.9371034773415036,0.22509225092250923,0.0036281962681409814,0.8,0.33948339483394835,0,0,0,NOT_EVALUABLE,,78.57142857142857,,
machine-1-2,33,W3_b01,A_no_update,21.158786791509012,traces/machine-1-2__s33__W3_b01__A_no_update.npz,23694,18947,0.0,0,0,0,0,0,0.009171009063720703,0.2535859984442185,0.8732825278537858,0.31241021566919014,0.9378501440114232,0.18265682656826568,0.004535245335176226,0.9,0.0,0,0,0,NOT_EVALUABLE,,,,
machine-1-2,33,W3_b01,B_always,21.158786791509012,traces/machine-1-2__s33__W3_b01__B_always.npz,23694,18947,1.0,23694,0,0,0,0,0.17405915260314941,0.15981067230503704,0.8641297955178929,0.19780998317148518,0.927261476351088,0.07564575645756458,0.0031530753282653767,0.9,1.0,0,0,0,NOT_EVALUABLE,,,,
machine-1-2,33,W3_b01,C_threshold,21.158786791509012,traces/machine-1-2__s33__W3_b01__C_threshold.npz,23694,18947,0.9365240145184435,22190,0,0,0,0,0.1636509895324707,0.2539001880822502,0.8733113363441858,0.3136552875548763,0.933108014838083,0.2785977859778598,0.004319281271596406,0.9,0.35424354243542433,0,0,0,NOT_EVALUABLE,,,,
machine-1-2,33,W3_b01,D_quarantine,21.158786791509012,traces/machine-1-2__s33__W3_b01__D_quarantine.npz,23694,18947,0.9365240145184435,22190,0,67,1504,0,0.1656203269958496,0.2539001880822502,0.8733113363441858,0.3136552875548763,0.933108014838083,0.2785977859778598,0.004319281271596406,0.9,0.35424354243542433,0,0,0,NOT_EVALUABLE,,38.44776119402985,,
machine-1-2,33,W3_b01,D_trail512,21.158786791509012,traces/machine-1-2__s33__W3_b01__D_trail512.npz,23694,18947,0.9243690385751667,21902,0,55,3552,0,0.1558239459991455,0.25267210626007974,0.8763303306624981,0.3130148413685594,0.9323386132016512,0.28044280442804426,0.004276088458880442,0.9,0.3339483394833948,0,0,0,NOT_EVALUABLE,,80.58181818181818,,
machine-1-2,33,W3_b01,DE_stab,21.158786791509012,traces/machine-1-2__s33__W3_b01__DE_stab.npz,23694,18947,0.9243690385751667,21902,0,55,3552,0,0.1547248363494873,0.25267210626007974,0.8763303306624981,0.3130148413685594,0.9323386132016512,0.28044280442804426,0.004276088458880442,0.9,0.3339483394833948,0,0,0,NOT_EVALUABLE,,80.58181818181818,,
machine-1-2,33,W3_b01,DEph_cv,21.158786791509012,traces/machine-1-2__s33__W3_b01__DEph_cv.npz,23694,18947,0.9243690385751667,21902,0,55,3552,0,0.15374994277954102,0.25267210626007974,0.8763303306624981,0.3130148413685594,0.9323386132016512,0.28044280442804426,0.004276088458880442,0.9,0.3339483394833948,0,0,0,NOT_EVALUABLE,,80.58181818181818,,
machine-1-2,33,W3_b01,H_hold,21.158786791509012,traces/machine-1-2__s33__W3_b01__H_hold.npz,23694,18947,0.9243690385751667,21902,0,55,3552,0,0.15625691413879395,0.25267210626007974,0.8763303306624981,0.3130148413685594,0.9323386132016512,0.28044280442804426,0.004276088458880442,0.9,0.3339483394833948,0,0,0,NOT_EVALUABLE,,80.58181818181818,,
machine-1-3,11,W1,A_no_update,21.018917661570658,traces/machine-1-3__s11__W1__A_no_update.npz,23703,18953,0.0,18953,0,0,0,0,2.6144461631774902,0.16549984924979944,0.7431313002524033,0.16954195910681866,0.8424647972768585,0.09057527539779682,0.029930962160272655,0.4166666666666667,0.0,0,0,0,NOT_EVALUABLE,,,,
machine-1-3,11,W1,B_always,21.018917661570658,traces/machine-1-3__s11__W1__B_always.npz,23703,18953,1.0,42656,0,0,0,0,4.423033714294434,0.39727545180472557,0.8552688002510661,0.49554780380248,0.9296249845124815,0.05263157894736842,0.00034955868216376827,0.3333333333333333,1.0,0,0,0,NOT_EVALUABLE,,,,
machine-1-3,11,W1,C_threshold,21.018917661570658,traces/machine-1-3__s11__W1__C_threshold.npz,23703,18953,0.9925747795637683,42480,0,0,0,0,4.106302976608276,0.3797293784384704,0.8562319050167339,0.4835568824130324,0.9288431759434392,0.06609547123623011,0.0009612863759503626,0.3333333333333333,0.8873929008567931,0,0,0,NOT_EVALUABLE,,,,
machine-1-3,11,W1,D_quarantine,21.018917661570658,traces/machine-1-3__s11__W1__D_quarantine.npz,23703,18953,0.9925747795637683,42480,0,7,176,0,4.094449281692505,0.3797293784384704,0.8562319050167339,0.4835568824130324,0.9288431759434392,0.06609547123623011,0.0009612863759503626,0.3333333333333333,0.8873929008567931,0,0,0,NOT_EVALUABLE,,41.142857142857146,,
machine-1-3,11,W1,D_trail512,21.018917661570658,traces/machine-1-3__s11__W1__D_trail512.npz,23703,18953,0.9925747795637683,42480,0,7,400,0,4.21976113319397,0.3551473666333948,0.8560573396038541,0.4592926243425327,0.9286441921619983,0.06609547123623011,0.0009612863759503626,0.3333333333333333,0.8873929008567931,0,0,0,NOT_EVALUABLE,,73.14285714285714,,
machine-1-3,11,W1,DE_stab,21.018917661570658,traces/machine-1-3__s11__W1__DE_stab.npz,23703,18953,0.9925747795637683,42480,0,7,400,0,4.522143125534058,0.3551473666333948,0.8560573396038541,0.4592926243425327,0.9286441921619983,0.06609547123623011,0.0009612863759503626,0.3333333333333333,0.8873929008567931,0,0,0,NOT_EVALUABLE,,73.14285714285714,,
machine-1-3,11,W1,DEph_cv,21.018917661570658,traces/machine-1-3__s11__W1__DEph_cv.npz,23703,18953,0.9925747795637683,42480,0,7,400,0,4.275879859924316,0.3551473666333948,0.8560573396038541,0.4592926243425327,0.9286441921619983,0.06609547123623011,0.0009612863759503626,0.3333333333333333,0.8873929008567931,0,0,0,NOT_EVALUABLE,,73.14285714285714,,
machine-1-3,11,W1,H_hold,21.018917661570658,traces/machine-1-3__s11__W1__H_hold.npz,23703,18953,0.9925747795637683,42480,0,7,400,0,4.231370210647583,0.3551473666333948,0.8560573396038541,0.4592926243425327,0.9286441921619983,0.06609547123623011,0.0009612863759503626,0.3333333333333333,0.8873929008567931,0,0,0,NOT_EVALUABLE,,73.14285714285714,,
machine-1-3,11,W2_f0995,A_no_update,21.647261392258812,traces/machine-1-3__s11__W2_f0995__A_no_update.npz,23703,18953,0.0,0,0,0,0,0,0.017551898956298828,0.18036602362153087,0.7156611542004107,0.19499963103280102,0.8484628062013861,0.09179926560587515,0.029930962160272655,0.5,0.0,0,0,0,NOT_EVALUABLE,,,0.8166666666666667,1.0
machine-1-3,11,W2_f0995,B_always,21.647261392258812,traces/machine-1-3__s11__W2_f0995__B_always.npz,23703,18953,1.0,23703,0,0,0,0,0.04582095146179199,0.2571899762786237,0.7531065316451688,0.31264016110866355,0.8495025285283772,0.08200734394124846,0.0007865070348684785,0.3333333333333333,1.0,0,0,0,NOT_EVALUABLE,,,0.8166666666666667,0.029310344827586206
machine-1-3,11,W2_f0995,C_threshold,21.647261392258812,traces/machine-1-3__s11__W2_f0995__C_threshold.npz,23703,18953,0.965278656710121,22880,0,0,0,0,0.04166412353515625,0.159284277174426,0.7366393548096568,0.17531402518254297,0.8304693681889039,0.08690330477356181,0.029887267325002183,0.3333333333333333,0.8690330477356181,0,0,0,NOT_EVALUABLE,,,0.8166666666666667,1.0
machine-1-3,11,W2_f0995,D_quarantine,21.647261392258812,traces/machine-1-3__s11__W2_f0995__D_quarantine.npz,23703,18953,0.9966248998017129,23623,1,4,592,0,0.03779196739196777,0.17605891817445618,0.7459111635330286,0.20405523416206212,0.8402344731921835,0.08690330477356181,0.019793760377523378,0.3333333333333333,0.9424724602203183,1,0,0,NOT_EVALUABLE,512.0,131.2,0.8166666666666667,0.7793103448275862
machine-1-3,11,W2_f0995,D_trail512,21.647261392258812,traces/machine-1-3__s11__W2_f0995__D_trail512.npz,23703,18953,0.985824579167194,23367,1,4,720,3,0.04758787155151367,0.17585625999541385,0.7446620367612082,0.20399686639365697,0.8400184070378789,0.08690330477356181,0.019793760377523378,0.3333333333333333,0.8690330477356181,0,0,1,NOT_EVALUABLE,512.0,156.8,0.8166666666666667,0.7793103448275862
machine-1-3,11,W2_f0995,DE_stab,21.647261392258812,traces/machine-1-3__s11__W2_f0995__DE_stab.npz,23703,18953,0.9912247394844534,23495,1,4,592,2,0.051367998123168945,0.19039373077820398,0.7498170111641642,0.2303108148233877,0.8453155081471397,0.08690330477356181,0.014200821462903085,0.3333333333333333,0.8690330477356181,0,0,1,NOT_EVALUABLE,384.0,131.2,0.8166666666666667,0.5586206896551724
machine-1-3,11,W2_f0995,DEph_cv,21.647261392258812,traces/machine-1-3__s11__W2_f0995__DEph_cv.npz,23703,18953,0.9912247394844534,23495,1,4,592,2,0.04106307029724121,0.19039373077820398,0.7498170111641642,0.2303108148233877,0.8453155081471397,0.08690330477356181,0.014200821462903085,0.3333333333333333,0.8690330477356181,0,0,1,NOT_EVALUABLE,384.0,131.2,0.8166666666666667,0.5586206896551724
machine-1-3,11,W2_f0995,H_hold,21.647261392258812,traces/machine-1-3__s11__W2_f0995__H_hold.npz,23703,18953,0.965278656710121,22880,0,4,951,4,0.0699760913848877,0.1594116695622497,0.7377960645981877,0.1757166714273331,0.8315998568794708,0.08690330477356181,0.029887267325002183,0.3333333333333333,0.8690330477356181,0,0,0,NOT_EVALUABLE,,203.0,0.8166666666666667,1.0
machine-1-3,11,W3_b01,A_no_update,21.476667841510043,traces/machine-1-3__s11__W3_b01__A_no_update.npz,23703,18953,0.0,0,0,0,0,0,0.010064840316772461,0.1887018733906299,0.7585720495744379,0.20409994881125879,0.8695441921328818,0.09424724602203183,0.029930962160272655,0.5833333333333334,0.0,0,0,0,NOT_EVALUABLE,,,0.8166666666666667,1.0
machine-1-3,11,W3_b01,B_always,21.476667841510043,traces/machine-1-3__s11__W3_b01__B_always.npz,23703,18953,1.0,23703,0,0,0,0,0.17940306663513184,0.4266691099079404,0.8852434572466091,0.5564480649428353,0.9483124043767509,0.05263157894736842,0.00026216901162282616,0.3333333333333333,1.0,0,0,0,NOT_EVALUABLE,,,0.6666666666666666,0.006896551724137931
machine-1-3,11,W3_b01,C_threshold,21.476667841510043,traces/machine-1-3__s11__W3_b01__C_threshold.npz,23703,18953,0.965278656710121,22880,0,0,0,0,0.172637939453125,0.21407585917386657,0.8557459671057578,0.2511869305823637,0.9166341958042364,0.06364749082007344,0.029930962160272655,0.3333333333333333,0.8873929008567931,0,0,0,NOT_EVALUABLE,,,0.8166666666666667,1.0
machine-1-3,11,W3_b01,D_quarantine,21.476667841510043,traces/machine-1-3__s11__W3_b01__D_quarantine.npz,23703,18953,0.9966248998017129,23623,1,5,592,0,0.17650198936462402,0.24374069900736337,0.8649786269681528,0.29804713704579316,0.9264979260724171,0.06364749082007344,0.01983745521279385,0.3333333333333333,0.9608323133414932,1,0,0,NOT_EVALUABLE,512.0,112.0,0.8166666666666667,0.7793103448275862
machine-1-3,11,W3_b01,D_trail512,21.476667841510043,traces/machine-1-3__s11__W3_b01__D_trail512.npz,23703,18953,0.9824494789689069,23287,1,5,832,3,0.22286176681518555,0.2398008339273204,0.8630875016619547,0.2850186019504359,0.9214330886240235,0.06731946144430845,0.01983745521279385,0.5,0.7931456548347613,0,0,1,NOT_EVALUABLE,512.0,152.0,0.8166666666666667,0.7793103448275862
machine-1-3,11,W3_b01,DE_stab,21.476667841510043,traces/machine-1-3__s11__W3_b01__DE_stab.npz,23703,18953,0.9878496392861663,23415,1,5,704,2,0.18507003784179688,0.2640234293871798,0.8681948770399525,0.32204351709544154,0.92681211880499,0.06731946144430845,0.014244516298173556,0.5,0.7931456548347613,0,0,1,NOT_EVALUABLE,384.0,130.66666666666666,0.8166666666666667,0.5586206896551724
machine-1-3,11,W3_b01,DEph_cv,21.476667841510043,traces/machine-1-3__s11__W3_b01__DEph_cv.npz,23703,18953,0.9878496392861663,23415,1,5,704,2,0.1861591339111328,0.2640234293871798,0.8681948770399525,0.32204351709544154,0.92681211880499,0.06731946144430845,0.014244516298173556,0.5,0.7931456548347613,0,0,1,NOT_EVALUABLE,384.0,130.66666666666666,0.8166666666666667,0.5586206896551724
machine-1-3,11,W3_b01,H_hold,21.476667841510043,traces/machine-1-3__s11__W3_b01__H_hold.npz,23703,18953,0.9619035565118339,22800,0,5,1063,4,0.211198091506958,0.2108455753463817,0.8538424874458909,0.24020499346840546,0.9116247758797853,0.06731946144430845,0.029930962160272655,0.5,0.7931456548347613,0,0,0,NOT_EVALUABLE,,190.5,0.8166666666666667,1.0
machine-1-3,22,W1,A_no_update,21.213821664772063,traces/machine-1-3__s22__W1__A_no_update.npz,23703,18953,0.0,18953,0,0,0,0,2.6272807121276855,0.1684322240742752,0.7390094653602641,0.1778169671819477,0.8464640088927861,0.08935128518971848,0.029930962160272655,0.4166666666666667,0.0,0,0,0,NOT_EVALUABLE,,,,
machine-1-3,22,W1,B_always,21.213821664772063,traces/machine-1-3__s22__W1__B_always.npz,23703,18953,1.0,42656,0,0,0,0,4.4593727588653564,0.4093701203707442,0.8633507670556132,0.5071899932531568,0.9331548304850206,0.05263157894736842,0.00034955868216376827,0.3333333333333333,1.0,0,0,0,NOT_EVALUABLE,,,,
machine-1-3,22,W1,C_threshold,21.213821664772063,traces/machine-1-3__s22__W1__C_threshold.npz,23703,18953,0.9918997595241109,42464,0,0,0,0,4.352709054946899,0.3890600319543615,0.8630014223016513,0.4976157821684114,0.9328700541113905,0.06609547123623011,0.0008302018701389495,0.3333333333333333,0.8678090575275398,0,0,0,NOT_EVALUABLE,,,,
machine-1-3,22,W1,D_quarantine,21.213821664772063,traces/machine-1-3__s22__W1__D_quarantine.npz,23703,18953,0.9918997595241109,42464,0,8,192,0,4.403594017028809,0.3890600319543615,0.8630014223016513,0.4976157821684114,0.9328700541113905,0.06609547123623011,0.0008302018701389495,0.3333333333333333,0.8678090575275398,0,0,0,NOT_EVALUABLE,,40.0,,
machine-1-3,22,W1,D_trail512,21.213821664772063,traces/machine-1-3__s22__W1__D_trail512.npz,23703,18953,0.990549719444796,42432,0,8,480,0,4.4290688037872314,0.3581360154436131,0.8602168258595553,0.4649300055653076,0.9308995511876873,0.06731946144430845,0.0008302018701389495,0.4166666666666667,0.828641370869033,0,0,0,NOT_EVALUABLE,,76.0,,
machine-1-3,22,W1,DE_stab,21.213821664772063,traces/machine-1-3__s22__W1__DE_stab.npz,23703,18953,0.990549719444796,42432,0,8,480,0,4.419197082519531,0.3581360154436131,0.8602168258595553,0.4649300055653076,0.9308995511876873,0.06731946144430845,0.0008302018701389495,0.4166666666666667,0.828641370869033,0,0,0,NOT_EVALUABLE,,76.0,,
machine-1-3,22,W1,DEph_cv,21.213821664772063,traces/machine-1-3__s22__W1__DEph_cv.npz,23703,18953,0.990549719444796,42432,0,8,480,0,4.369236946105957,0.3581360154436131,0.8602168258595553,0.4649300055653076,0.9308995511876873,0.06731946144430845,0.0008302018701389495,0.4166666666666667,0.828641370869033,0,0,0,NOT_EVALUABLE,,76.0,,
machine-1-3,22,W1,H_hold,21.213821664772063,traces/machine-1-3__s22__W1__H_hold.npz,23703,18953,0.990549719444796,42432,0,8,480,0,4.583025932312012,0.3581360154436131,0.8602168258595553,0.4649300055653076,0.9308995511876873,0.06731946144430845,0.0008302018701389495,0.4166666666666667,0.828641370869033,0,0,0,NOT_EVALUABLE,,76.0,,
machine-1-3,22,W2_f0995,A_no_update,21.617964995082335,traces/machine-1-3__s22__W2_f0995__A_no_update.npz,23703,18953,0.0,0,0,0,0,0,0.017117977142333984,0.18052471757722344,0.714461337879165,0.1952811536297716,0.8478739311813862,0.09302325581395349,0.029930962160272655,0.5,0.0,0,0,0,NOT_EVALUABLE,,,0.8166666666666667,1.0
machine-1-3,22,W2_f0995,B_always,21.617964995082335,traces/machine-1-3__s22__W2_f0995__B_always.npz,23703,18953,1.0,23703,0,0,0,0,0.041146039962768555,0.2522294382941266,0.7527650754936581,0.3086345529822615,0.848094683905518,0.08200734394124846,0.0007865070348684785,0.3333333333333333,1.0,0,0,0,NOT_EVALUABLE,,,0.8166666666666667,0.029310344827586206
machine-1-3,22,W2_f0995,C_threshold,21.617964995082335,traces/machine-1-3__s22__W2_f0995__C_threshold.npz,23703,18953,0.965278656710121,22880,0,0,0,0,0.029857873916625977,0.15838960279886216,0.7372996442053108,0.17408965951320943,0.8299551405410006,0.08690330477356181,0.029887267325002183,0.3333333333333333,0.8690330477356181,0,0,0,NOT_EVALUABLE,,,0.8166666666666667,1.0
machine-1-3,22,W2_f0995,D_quarantine,21.617964995082335,traces/machine-1-3__s22__W2_f0995__D_quarantine.npz,23703,18953,0.9966248998017129,23623,1,4,592,0,0.029454708099365234,0.17478866605161844,0.7465467442213447,0.20208471180691912,0.8397943613198685,0.08690330477356181,0.019793760377523378,0.3333333333333333,0.9424724602203183,1,0,0,NOT_EVALUABLE,512.0,131.2,0.8166666666666667,0.7793103448275862
machine-1-3,22,W2_f0995,D_trail512,21.617964995082335,traces/machine-1-3__s22__W2_f0995__D_trail512.npz,23703,18953,0.985824579167194,23367,1,4,720,3,0.056986093521118164,0.1743101794316109,0.7446415531358612,0.2016096687775204,0.8389076363002573,0.08690330477356181,0.019793760377523378,0.3333333333333333,0.8690330477356181,0,0,1,NOT_EVALUABLE,512.0,156.8,0.8166666666666667,0.7793103448275862
machine-1-3,22,W2_f0995,DE_stab,21.617964995082335,traces/machine-1-3__s22__W2_f0995__DE_stab.npz,23703,18953,0.9912247394844534,23495,1,4,592,2,0.04140901565551758,0.1884948536766535,0.7497739046314493,0.2273441661174159,0.8441898470493339,0.08690330477356181,0.014200821462903085,0.3333333333333333,0.8690330477356181,0,0,1,NOT_EVALUABLE,384.0,131.2,0.8166666666666667,0.5586206896551724
machine-1-3,22,W2_f0995,DEph_cv,21.617964995082335,traces/machine-1-3__s22__W2_f0995__DEph_cv.npz,23703,18953,0.9912247394844534,23495,1,4,592,2,0.06500411033630371,0.1884948536766535,0.7497739046314493,0.2273441661174159,0.8441898470493339,0.08690330477356181,0.014200821462903085,0.3333333333333333,0.8690330477356181,0,0,1,NOT_EVALUABLE,384.0,131.2,0.8166666666666667,0.5586206896551724
machine-1-3,22,W2_f0995,H_hold,21.617964995082335,traces/machine-1-3__s22__W2_f0995__H_hold.npz,23703,18953,0.965278656710121,22880,0,4,951,4,0.09244394302368164,0.1585163933254877,0.7384306826095947,0.17452069892810704,0.8310853697973745,0.08690330477356181,0.029887267325002183,0.3333333333333333,0.8690330477356181,0,0,0,NOT_EVALUABLE,,203.0,0.8166666666666667,1.0
machine-1-3,22,W3_b01,A_no_update,21.489817819334615,traces/machine-1-3__s22__W3_b01__A_no_update.npz,23703,18953,0.0,0,0,0,0,0,0.009279966354370117,0.1842945023573101,0.7298229872484885,0.20105964226430012,0.8565093049029546,0.09547123623011015,0.029930962160272655,0.5833333333333334,0.0,0,0,0,NOT_EVALUABLE,,,0.8166666666666667,1.0
machine-1-3,22,W3_b01,B_always,21.489817819334615,traces/machine-1-3__s22__W3_b01__B_always.npz,23703,18953,1.0,23703,0,0,0,0,0.17617583274841309,0.4253057241240346,0.8839602891496365,0.5560985398727374,0.9476184427274961,0.05385556915544676,0.00026216901162282616,0.3333333333333333,1.0,0,0,0,NOT_EVALUABLE,,,0.6666666666666666,0.006896551724137931
machine-1-3,22,W3_b01,C_threshold,21.489817819334615,traces/machine-1-3__s22__W3_b01__C_threshold.npz,23703,18953,0.9639286166308062,22848,0,0,0,0,0.1716749668121338,0.2255619411282043,0.8477683705227904,0.25708329093958654,0.9121470850239365,0.08812729498164015,0.029930962160272655,0.3333333333333333,0.8629130966952264,0,0,0,NOT_EVALUABLE,,,0.8166666666666667,1.0
machine-1-3,22,W3_b01,D_quarantine,21.489817819334615,traces/machine-1-3__s22__W3_b01__D_quarantine.npz,23703,18953,0.995274859722398,23591,1,5,624,0,0.17737412452697754,0.25209317302913764,0.8567410006555829,0.30043461480202344,0.9217851337844889,0.08812729498164015,0.01983745521279385,0.3333333333333333,0.9363525091799265,1,0,0,NOT_EVALUABLE,512.0,117.33333333333333,0.8166666666666667,0.7793103448275862
machine-1-3,22,W3_b01,D_trail512,21.489817819334615,traces/machine-1-3__s22__W3_b01__D_trail512.npz,23703,18953,0.9810994388895921,23255,1,5,864,3,0.21333599090576172,0.24748818345692025,0.8536517704537554,0.28421624024875153,0.9152097124812835,0.09179926560587515,0.01983745521279385,0.5,0.7686658506731946,0,0,1,NOT_EVALUABLE,512.0,157.33333333333334,0.8166666666666667,0.7793103448275862
machine-1-3,22,W3_b01,DE_stab,21.489817819334615,traces/machine-1-3__s22__W3_b01__DE_stab.npz,23703,18953,0.9864995992068515,23383,1,5,736,2,0.20177102088928223,0.2684969171464681,0.8585962395058858,0.31833741272725474,0.920451933178569,0.09179926560587515,0.014244516298173556,0.5,0.7686658506731946,0,0,1,NOT_EVALUABLE,384.0,136.0,0.8166666666666667,0.5586206896551724
machine-1-3,22,W3_b01,DEph_cv,21.489817819334615,traces/machine-1-3__s22__W3_b01__DEph_cv.npz,23703,18953,0.9864995992068515,23383,1,5,736,2,0.21770405769348145,0.2684969171464681,0.8585962395058858,0.31833741272725474,0.920451933178569,0.09179926560587515,0.014244516298173556,0.5,0.7686658506731946,0,0,1,NOT_EVALUABLE,384.0,136.0,0.8166666666666667,0.5586206896551724
machine-1-3,22,W3_b01,H_hold,21.489817819334615,traces/machine-1-3__s22__W3_b01__H_hold.npz,23703,18953,0.9605535164325191,22768,0,5,1095,4,0.25240278244018555,0.22211193557751255,0.8446988751976028,0.24619261591678576,0.9057272284356335,0.09179926560587515,0.029930962160272655,0.5,0.7686658506731946,0,0,0,NOT_EVALUABLE,,195.83333333333334,0.8166666666666667,1.0
machine-1-3,33,W1,A_no_update,20.643784450120993,traces/machine-1-3__s33__W1__A_no_update.npz,23703,18953,0.0,18953,0,0,0,0,2.46710205078125,0.17012974501854242,0.7382000412667502,0.17862629857935244,0.8423884497967314,0.09302325581395349,0.029974656995543126,0.5,0.0,0,0,0,NOT_EVALUABLE,,,,
machine-1-3,33,W1,B_always,20.643784450120993,traces/machine-1-3__s33__W1__B_always.npz,23703,18953,1.0,42656,0,0,0,0,4.4115989208221436,0.39704713817084547,0.8609933050099525,0.4943804847753925,0.9308257806241665,0.056303549571603426,0.00034955868216376827,0.4166666666666667,1.0,0,0,0,NOT_EVALUABLE,,,,
machine-1-3,33,W1,C_threshold,20.643784450120993,traces/machine-1-3__s33__W1__C_threshold.npz,23703,18953,0.990549719444796,42432,0,0,0,0,4.439277172088623,0.36826414771257243,0.8590117415563341,0.4753298057795615,0.9296357662370158,0.06976744186046512,0.0012671502228436598,0.4166666666666667,0.8518971848225214,0,0,0,NOT_EVALUABLE,,,,
machine-1-3,33,W1,D_quarantine,20.643784450120993,traces/machine-1-3__s33__W1__D_quarantine.npz,23703,18953,0.990549719444796,42432,0,9,224,0,4.417399883270264,0.36826414771257243,0.8590117415563341,0.4753298057795615,0.9296357662370158,0.06976744186046512,0.0012671502228436598,0.4166666666666667,0.8518971848225214,0,0,0,NOT_EVALUABLE,,40.888888888888886,,
machine-1-3,33,W1,D_trail512,20.643784450120993,traces/machine-1-3__s33__W1__D_trail512.npz,23703,18953,0.9891996793654811,42400,0,8,512,0,4.387451887130737,0.3452080744024092,0.8581274158510743,0.4462516566310274,0.9290027054511214,0.06976744186046512,0.0012671502228436598,0.4166666666666667,0.8127294981640147,0,0,0,NOT_EVALUABLE,,80.0,,
machine-1-3,33,W1,DE_stab,20.643784450120993,traces/machine-1-3__s33__W1__DE_stab.npz,23703,18953,0.9891996793654811,42400,0,8,512,0,4.4794158935546875,0.3452080744024092,0.8581274158510743,0.4462516566310274,0.9290027054511214,0.06976744186046512,0.0012671502228436598,0.4166666666666667,0.8127294981640147,0,0,0,NOT_EVALUABLE,,80.0,,
machine-1-3,33,W1,DEph_cv,20.643784450120993,traces/machine-1-3__s33__W1__DEph_cv.npz,23703,18953,0.9891996793654811,42400,0,8,512,0,4.343419075012207,0.3452080744024092,0.8581274158510743,0.4462516566310274,0.9290027054511214,0.06976744186046512,0.0012671502228436598,0.4166666666666667,0.8127294981640147,0,0,0,NOT_EVALUABLE,,80.0,,
machine-1-3,33,W1,H_hold,20.643784450120993,traces/machine-1-3__s33__W1__H_hold.npz,23703,18953,0.9891996793654811,42400,0,8,512,0,4.203888893127441,0.3452080744024092,0.8581274158510743,0.4462516566310274,0.9290027054511214,0.06976744186046512,0.0012671502228436598,0.4166666666666667,0.8127294981640147,0,0,0,NOT_EVALUABLE,,80.0,,
machine-1-3,33,W2_f0995,A_no_update,21.657176009880178,traces/machine-1-3__s33__W2_f0995__A_no_update.npz,23703,18953,0.0,0,0,0,0,0,0.017092227935791016,0.17875338437686442,0.7133439106567372,0.1925414912604004,0.8466968590181154,0.09179926560587515,0.029930962160272655,0.5,0.0,0,0,0,NOT_EVALUABLE,,,0.8166666666666667,1.0
machine-1-3,33,W2_f0995,B_always,21.657176009880178,traces/machine-1-3__s33__W2_f0995__B_always.npz,23703,18953,1.0,23703,0,0,0,0,0.04476594924926758,0.25478066586173076,0.7519893718329935,0.31056467436999813,0.8484990585124899,0.08200734394124846,0.0007865070348684785,0.3333333333333333,1.0,0,0,0,NOT_EVALUABLE,,,0.8166666666666667,0.029310344827586206
machine-1-3,33,W2_f0995,C_threshold,21.657176009880178,traces/machine-1-3__s33__W2_f0995__C_threshold.npz,23703,18953,0.965278656710121,22880,0,0,0,0,0.04187488555908203,0.15759465898654948,0.7354874049236217,0.17337976429614266,0.8293779917463558,0.08690330477356181,0.029887267325002183,0.3333333333333333,0.8690330477356181,0,0,0,NOT_EVALUABLE,,,0.8166666666666667,1.0
machine-1-3,33,W2_f0995,D_quarantine,21.657176009880178,traces/machine-1-3__s33__W2_f0995__D_quarantine.npz,23703,18953,0.9966248998017129,23623,1,4,592,0,0.04329204559326172,0.17387031021385502,0.7447665406879139,0.20122461835555866,0.8391350509703276,0.08690330477356181,0.019793760377523378,0.3333333333333333,0.9424724602203183,1,0,0,NOT_EVALUABLE,512.0,131.2,0.8166666666666667,0.7793103448275862
machine-1-3,33,W2_f0995,D_trail512,21.657176009880178,traces/machine-1-3__s33__W2_f0995__D_trail512.npz,23703,18953,0.985824579167194,23367,1,4,720,3,0.07908916473388672,0.17364194865096644,0.7433641343593187,0.2011949224175284,0.8388364222714261,0.08690330477356181,0.019793760377523378,0.3333333333333333,0.8690330477356181,0,0,1,NOT_EVALUABLE,512.0,156.8,0.8166666666666667,0.7793103448275862
machine-1-3,33,W2_f0995,DE_stab,21.657176009880178,traces/machine-1-3__s33__W2_f0995__DE_stab.npz,23703,18953,0.9912247394844534,23495,1,4,592,2,0.06591582298278809,0.1877758010686369,0.7485211945622445,0.22685615674595574,0.8441242136702576,0.08690330477356181,0.014200821462903085,0.3333333333333333,0.8690330477356181,0,0,1,NOT_EVALUABLE,384.0,131.2,0.8166666666666667,0.5586206896551724
machine-1-3,33,W2_f0995,DEph_cv,21.657176009880178,traces/machine-1-3__s33__W2_f0995__DEph_cv.npz,23703,18953,0.9912247394844534,23495,1,4,592,2,0.06476783752441406,0.1877758010686369,0.7485211945622445,0.22685615674595574,0.8441242136702576,0.08690330477356181,0.014200821462903085,0.3333333333333333,0.8690330477356181,0,0,1,NOT_EVALUABLE,384.0,131.2,0.8166666666666667,0.5586206896551724
machine-1-3,33,W2_f0995,H_hold,21.657176009880178,traces/machine-1-3__s33__W2_f0995__H_hold.npz,23703,18953,0.965278656710121,22880,0,4,951,4,0.06822586059570312,0.1577197871656191,0.7365851240104351,0.173805954774073,0.8305471802461927,0.08690330477356181,0.029887267325002183,0.3333333333333333,0.8690330477356181,0,0,0,NOT_EVALUABLE,,203.0,0.8166666666666667,1.0
machine-1-3,33,W3_b01,A_no_update,21.738081470254297,traces/machine-1-3__s33__W3_b01__A_no_update.npz,23703,18953,0.0,0,0,0,0,0,0.00946187973022461,0.17870800683036991,0.715988544572636,0.19133301861347674,0.8470850507625342,0.09424724602203183,0.029887267325002183,0.5833333333333334,0.0,0,0,0,NOT_EVALUABLE,,,0.8166666666666667,1.0
machine-1-3,33,W3_b01,B_always,21.738081470254297,traces/machine-1-3__s33__W3_b01__B_always.npz,23703,18953,1.0,23703,0,0,0,0,0.18420624732971191,0.4274964510947483,0.8843008093652632,0.5554829851855754,0.9475967179728408,0.05752753977968176,0.00021847417635235516,0.3333333333333333,1.0,0,0,0,NOT_EVALUABLE,,,0.6666666666666666,0.006896551724137931
machine-1-3,33,W3_b01,C_threshold,21.738081470254297,traces/machine-1-3__s33__W3_b01__C_threshold.npz,23703,18953,0.9646036366704637,22864,0,0,0,0,0.17142200469970703,0.22661179085949484,0.8486230671720649,0.2517469883796689,0.9125402835757275,0.08812729498164015,0.029887267325002183,0.3333333333333333,0.8641370869033048,0,0,0,NOT_EVALUABLE,,,0.8166666666666667,1.0
machine-1-3,33,W3_b01,D_quarantine,21.738081470254297,traces/machine-1-3__s33__W3_b01__D_quarantine.npz,23703,18953,0.9959498797620554,23607,1,4,608,0,0.17849397659301758,0.2533739249129764,0.8576102444225976,0.29593121521273824,0.9223177537983928,0.08812729498164015,0.019793760377523378,0.3333333333333333,0.9375764993880049,1,0,0,NOT_EVALUABLE,512.0,134.4,0.8166666666666667,0.7793103448275862
machine-1-3,33,W3_b01,D_trail512,21.738081470254297,traces/machine-1-3__s33__W3_b01__D_trail512.npz,23703,18953,0.9831244990085644,23303,1,4,784,3,0.2127091884613037,0.25095542369529,0.8562258080629753,0.28781806912072055,0.919244190213634,0.08935128518971848,0.019793760377523378,0.4166666666666667,0.8090575275397797,0,0,1,NOT_EVALUABLE,512.0,169.6,0.8166666666666667,0.7793103448275862
machine-1-3,33,W3_b01,DE_stab,21.738081470254297,traces/machine-1-3__s33__W3_b01__DE_stab.npz,23703,18953,0.9885246593258238,23431,1,4,656,2,0.21783781051635742,0.2726113201907729,0.8611979808172721,0.32437151238087997,0.9245012023885939,0.08935128518971848,0.014200821462903085,0.4166666666666667,0.8090575275397797,0,0,1,NOT_EVALUABLE,384.0,144.0,0.8166666666666667,0.5586206896551724
machine-1-3,33,W3_b01,DEph_cv,21.738081470254297,traces/machine-1-3__s33__W3_b01__DEph_cv.npz,23703,18953,0.9885246593258238,23431,1,4,656,2,0.19626879692077637,0.2726113201907729,0.8611979808172721,0.32437151238087997,0.9245012023885939,0.08935128518971848,0.014200821462903085,0.4166666666666667,0.8090575275397797,0,0,1,NOT_EVALUABLE,384.0,144.0,0.8166666666666667,0.5586206896551724
machine-1-3,33,W3_b01,H_hold,21.738081470254297,traces/machine-1-3__s33__W3_b01__H_hold.npz,23703,18953,0.9625785765514914,22816,0,4,1015,4,0.24253201484680176,0.22471191874019467,0.8472316781458759,0.24495021554996124,0.9095022237003957,0.08935128518971848,0.029887267325002183,0.4166666666666667,0.8090575275397797,0,0,0,NOT_EVALUABLE,,215.8,0.8166666666666667,1.0
machine-2-2,11,W1,A_no_update,9.25865482519745,traces/machine-2-2__s11__W1__A_no_update.npz,23700,18951,0.0,18951,0,0,0,0,3.897310256958008,0.15655861226702647,0.565719798922837,0.19335302106235783,0.629526771489681,0.04482880338863396,0.02242775674509992,1.0,0.0,0,0,0,NOT_EVALUABLE,,,,0.09765625
machine-2-2,11,W1,B_always,9.25865482519745,traces/machine-2-2__s11__W1__B_always.npz,23700,18951,1.0,42651,0,0,0,0,5.457906007766724,0.1470902775029599,0.5422008694028106,0.17867394873734063,0.6054861854484703,0.040240028238616304,0.015478985958690756,1.0,1.0,0,0,0,NOT_EVALUABLE,,,,0.1015625
machine-2-2,11,W1,C_threshold,9.25865482519745,traces/machine-2-2__s11__W1__C_threshold.npz,23700,18951,0.8150210970464135,38267,0,0,0,0,5.309262037277222,0.1481110638600795,0.5417658533629632,0.18366342816097583,0.6061965687024171,0.039887045534768795,0.017252120573153784,1.0,0.6629015178256266,0,0,0,NOT_EVALUABLE,,,,0.09375
machine-2-2,11,W1,D_quarantine,9.25865482519745,traces/machine-2-2__s11__W1__D_quarantine.npz,23700,18951,0.8150210970464135,38267,0,217,4384,0,5.432249069213867,0.1481110638600795,0.5417658533629632,0.18366342816097583,0.6061965687024171,0.039887045534768795,0.017252120573153784,1.0,0.6629015178256266,0,0,0,NOT_EVALUABLE,,36.20276497695853,,0.09375
machine-2-2,11,W1,D_trail512,9.25865482519745,traces/machine-2-2__s11__W1__D_trail512.npz,23700,18951,0.7265822784810126,36171,0,145,11120,1,5.18241810798645,0.14893081671787786,0.5442018687564397,0.18477866562430587,0.6089878629258862,0.039534062830921285,0.018114726601811473,1.0,0.5037063183903989,0,0,0,NOT_EVALUABLE,,92.6896551724138,,0.09765625
machine-2-2,11,W1,DE_stab,9.25865482519745,traces/machine-2-2__s11__W1__DE_stab.npz,23700,18951,0.7265822784810126,36171,0,145,11120,1,5.051451206207275,0.14893081671787786,0.5442018687564397,0.18477866562430587,0.6089878629258862,0.039534062830921285,0.018114726601811473,1.0,0.5037063183903989,0,0,0,NOT_EVALUABLE,,92.6896551724138,,0.09765625
machine-2-2,11,W1,DEph_cv,9.25865482519745,traces/machine-2-2__s11__W1__DEph_cv.npz,23700,18951,0.7265822784810126,36171,0,145,11120,1,5.486588001251221,0.14893081671787786,0.5442018687564397,0.18477866562430587,0.6089878629258862,0.039534062830921285,0.018114726601811473,1.0,0.5037063183903989,0,0,0,NOT_EVALUABLE,,92.6896551724138,,0.09765625
machine-2-2,11,W1,H_hold,9.25865482519745,traces/machine-2-2__s11__W1__H_hold.npz,23700,18951,0.7265822784810126,36171,0,145,11120,1,6.678108215332031,0.14893081671787786,0.5442018687564397,0.18477866562430587,0.6089878629258862,0.039534062830921285,0.018114726601811473,1.0,0.5037063183903989,0,0,0,NOT_EVALUABLE,,92.6896551724138,,0.09765625
machine-2-2,11,W2_f0995,A_no_update,12.98928812400602,traces/machine-2-2__s11__W2_f0995__A_no_update.npz,23700,18951,0.0,0,0,0,0,0,0.016975879669189453,0.2053832744522326,0.6864155502117685,0.24770103821556005,0.7317749179666596,0.046593716907871514,0.01658120477308669,1.0,0.0,0,0,0,NOT_EVALUABLE,,,0.0625,
machine-2-2,11,W2_f0995,B_always,12.98928812400602,traces/machine-2-2__s11__W2_f0995__B_always.npz,23700,18951,1.0,23700,0,0,0,0,0.04848003387451172,0.1570382693562563,0.5821073343147788,0.1927775955911009,0.6431296408051359,0.032827391457818565,0.010686730243925815,1.0,1.0,0,0,0,NOT_EVALUABLE,,,0.028125,
machine-2-2,11,W2_f0995,C_threshold,12.98928812400602,traces/machine-2-2__s11__W2_f0995__C_threshold.npz,23700,18951,0.8744303797468355,20724,0,0,0,0,0.04127097129821777,0.16078977107374642,0.5837304846888783,0.19749157750996826,0.6444933078742371,0.03494528768090364,0.011501413715435855,1.0,0.6854924108718673,0,0,0,NOT_EVALUABLE,,,0.0328125,
machine-2-2,11,W2_f0995,D_quarantine,12.98928812400602,traces/machine-2-2__s11__W2_f0995__D_quarantine.npz,23700,18951,0.8744303797468355,20724,0,141,2976,0,0.03990030288696289,0.16078977107374642,0.5837304846888783,0.19749157750996826,0.6444933078742371,0.03494528768090364,0.011501413715435855,1.0,0.6854924108718673,0,0,0,NOT_EVALUABLE,,37.1063829787234,0.0328125,
machine-2-2,11,W2_f0995,D_trail512,12.98928812400602,traces/machine-2-2__s11__W2_f0995__D_trail512.npz,23700,18951,0.819746835443038,19428,0,89,7120,3,0.061776161193847656,0.16515948302000874,0.5837380883561701,0.20291856823693005,0.6463492310407111,0.03600423579244617,0.011741026501174102,1.0,0.4924108718672785,0,0,0,NOT_EVALUABLE,,96.0,0.0375,
machine-2-2,11,W2_f0995,DE_stab,12.98928812400602,traces/machine-2-2__s11__W2_f0995__DE_stab.npz,23700,18951,0.84,19908,2,88,7120,3,0.0770120620727539,0.16963967353058143,0.6087944557204453,0.20691189128229281,0.6670652481448841,0.03635721849629368,0.011741026501174102,1.0,0.6618425697140841,2,2,0,NOT_EVALUABLE,320.0,94.75555555555556,0.0375,
machine-2-2,11,W2_f0995,DEph_cv,12.98928812400602,traces/machine-2-2__s11__W2_f0995__DEph_cv.npz,23700,18951,0.819746835443038,19428,0,89,7120,3,0.07796502113342285,0.16515948302000874,0.5837380883561701,0.20291856823693005,0.6463492310407111,0.03600423579244617,0.011741026501174102,1.0,0.4924108718672785,0,0,0,NOT_EVALUABLE,,96.0,0.0375,
machine-2-2,11,W2_f0995,H_hold,12.98928812400602,traces/machine-2-2__s11__W2_f0995__H_hold.npz,23700,18951,0.819746835443038,19428,0,89,7120,3,0.07861876487731934,0.16515948302000874,0.5837380883561701,0.20291856823693005,0.6463492310407111,0.03600423579244617,0.011741026501174102,1.0,0.4924108718672785,0,0,0,NOT_EVALUABLE,,96.0,0.0375,
machine-2-2,11,W3_b01,A_no_update,10.310171185073452,traces/machine-2-2__s11__W3_b01__A_no_update.npz,23700,18951,0.0,0,0,0,0,0,0.01604318618774414,0.2049273444113498,0.6799654920373702,0.24960649841446186,0.7341856814421402,0.04800564772326156,0.020846312359227487,1.0,0.0,0,0,0,NOT_EVALUABLE,,,0.05078125,0.0703125
machine-2-2,11,W3_b01,B_always,10.310171185073452,traces/machine-2-2__s11__W3_b01__B_always.npz,23700,18951,1.0,23700,0,0,0,0,0.23941707611083984,0.1567295049881126,0.579365463730414,0.1962096894402908,0.6478829056488531,0.033180374161666075,0.012507787415536493,1.0,1.0,0,0,0,NOT_EVALUABLE,,,0.03125,0.0390625
machine-2-2,11,W3_b01,C_threshold,10.310171185073452,traces/machine-2-2__s11__W3_b01__C_threshold.npz,23700,18951,0.8683544303797468,20580,0,0,0,0,0.21746826171875,0.15032938259575196,0.5501677619358927,0.18860727918249376,0.616365394842051,0.03423932227320861,0.012843245315570039,1.0,0.708083303918108,0,0,0,NOT_EVALUABLE,,,0.03125,0.04296875
machine-2-2,11,W3_b01,D_quarantine,10.310171185073452,traces/machine-2-2__s11__W3_b01__D_quarantine.npz,23700,18951,0.8683544303797468,20580,0,155,3120,0,0.2140181064605713,0.15032938259575196,0.5501677619358927,0.18860727918249376,0.616365394842051,0.03423932227320861,0.012843245315570039,1.0,0.708083303918108,0,0,0,NOT_EVALUABLE,,36.12903225806452,0.03125,0.04296875
machine-2-2,11,W3_b01,D_trail512,10.310171185073452,traces/machine-2-2__s11__W3_b01__D_trail512.npz,23700,18951,0.8123206751054852,19252,0,100,7648,2,0.22636795043945312,0.1599551464078085,0.5841948074107794,0.20002378869014986,0.6492035812547426,0.03529827038475115,0.012939090429865338,1.0,0.5485351217790329,0,0,0,NOT_EVALUABLE,,92.48,0.0390625,0.046875
machine-2-2,11,W3_b01,DE_stab,10.310171185073452,traces/machine-2-2__s11__W3_b01__DE_stab.npz,23700,18951,0.8123206751054852,19252,0,100,7648,2,0.22980022430419922,0.1599551464078085,0.5841948074107794,0.20002378869014986,0.6492035812547426,0.03529827038475115,0.012939090429865338,1.0,0.5485351217790329,0,0,0,NOT_EVALUABLE,,92.48,0.0390625,0.046875
machine-2-2,11,W3_b01,DEph_cv,10.310171185073452,traces/machine-2-2__s11__W3_b01__DEph_cv.npz,23700,18951,0.8123206751054852,19252,0,100,7648,2,0.23334717750549316,0.1599551464078085,0.5841948074107794,0.20002378869014986,0.6492035812547426,0.03529827038475115,0.012939090429865338,1.0,0.5485351217790329,0,0,0,NOT_EVALUABLE,,92.48,0.0390625,0.046875
machine-2-2,11,W3_b01,H_hold,10.310171185073452,traces/machine-2-2__s11__W3_b01__H_hold.npz,23700,18951,0.8123206751054852,19252,0,100,7648,2,0.23166203498840332,0.1599551464078085,0.5841948074107794,0.20002378869014986,0.6492035812547426,0.03529827038475115,0.012939090429865338,1.0,0.5485351217790329,0,0,0,NOT_EVALUABLE,,92.48,0.0390625,0.046875
machine-2-2,22,W1,A_no_update,9.385352886976694,traces/machine-2-2__s22__W1__A_no_update.npz,23700,18951,0.0,18951,0,0,0,0,4.884161949157715,0.15190523199866304,0.5540686800782952,0.18770861908429226,0.618534176642643,0.04200494175785387,0.021852686059328125,1.0,0.0,0,0,0,NOT_EVALUABLE,,,,0.02734375
machine-2-2,22,W1,B_always,9.385352886976694,traces/machine-2-2__s22__W1__B_always.npz,23700,18951,1.0,42651,0,0,0,0,7.094674110412598,0.1476040078826093,0.542274436363995,0.17756893487644543,0.6050904314095276,0.039181080127073775,0.016149901758757846,1.0,1.0,0,0,0,NOT_EVALUABLE,,,,0.0234375
machine-2-2,22,W1,C_threshold,9.385352886976694,traces/machine-2-2__s22__W1__C_threshold.npz,23700,18951,0.8008438818565401,37931,0,0,0,0,6.852005958557129,0.14731495060895236,0.540296873898092,0.1822293630235737,0.604631448573841,0.039181080127073775,0.018162649158959123,1.0,0.6678432756794918,0,0,0,NOT_EVALUABLE,,,,0.0234375
machine-2-2,22,W1,D_quarantine,9.385352886976694,traces/machine-2-2__s22__W1__D_quarantine.npz,23700,18951,0.8008438818565401,37931,0,230,4720,0,6.24137020111084,0.14731495060895236,0.540296873898092,0.1822293630235737,0.604631448573841,0.039181080127073775,0.018162649158959123,1.0,0.6678432756794918,0,0,0,NOT_EVALUABLE,,36.52173913043478,,0.0234375
machine-2-2,22,W1,D_trail512,9.385352886976694,traces/machine-2-2__s22__W1__D_trail512.npz,23700,18951,0.7083544303797469,35739,0,143,11488,1,6.473819971084595,0.14816609339975223,0.5425993726154066,0.18353134583472505,0.6071299877651571,0.04059301094246382,0.018593952173287968,1.0,0.49699964701729615,0,0,0,NOT_EVALUABLE,,96.33566433566433,,0.02734375
machine-2-2,22,W1,DE_stab,9.385352886976694,traces/machine-2-2__s22__W1__DE_stab.npz,23700,18951,0.7083544303797469,35739,0,143,11488,1,6.41267204284668,0.14816609339975223,0.5425993726154066,0.18353134583472505,0.6071299877651571,0.04059301094246382,0.018593952173287968,1.0,0.49699964701729615,0,0,0,NOT_EVALUABLE,,96.33566433566433,,0.02734375
machine-2-2,22,W1,DEph_cv,9.385352886976694,traces/machine-2-2__s22__W1__DEph_cv.npz,23700,18951,0.7083544303797469,35739,0,143,11488,1,6.131937026977539,0.14816609339975223,0.5425993726154066,0.18353134583472505,0.6071299877651571,0.04059301094246382,0.018593952173287968,1.0,0.49699964701729615,0,0,0,NOT_EVALUABLE,,96.33566433566433,,0.02734375
machine-2-2,22,W1,H_hold,9.385352886976694,traces/machine-2-2__s22__W1__H_hold.npz,23700,18951,0.7083544303797469,35739,0,143,11488,1,5.956587076187134,0.14816609339975223,0.5425993726154066,0.18353134583472505,0.6071299877651571,0.04059301094246382,0.018593952173287968,1.0,0.49699964701729615,0,0,0,NOT_EVALUABLE,,96.33566433566433,,0.02734375
machine-2-2,22,W2_f0995,A_no_update,13.002961296581175,traces/machine-2-2__s22__W2_f0995__A_no_update.npz,23700,18951,0.0,0,0,0,0,0,0.0183260440826416,0.20555438167910597,0.6865707360710245,0.24794246576091225,0.7320114283607815,0.04588775150017649,0.01658120477308669,1.0,0.0,0,0,0,NOT_EVALUABLE,,,0.0609375,
machine-2-2,22,W2_f0995,B_always,13.002961296581175,traces/machine-2-2__s22__W2_f0995__B_always.npz,23700,18951,1.0,23700,0,0,0,0,0.04621124267578125,0.15742399631829543,0.5829054402691675,0.19294525837605717,0.643600515334958,0.032474408753971055,0.010590885129630518,1.0,1.0,0,0,0,NOT_EVALUABLE,,,0.0265625,
machine-2-2,22,W2_f0995,C_threshold,13.002961296581175,traces/machine-2-2__s22__W2_f0995__C_threshold.npz,23700,18951,0.8737552742616034,20708,0,0,0,0,0.04260396957397461,0.16102017959696016,0.5842465360305314,0.19774790682169377,0.6449140909217195,0.03494528768090364,0.011597258829731154,1.0,0.6854924108718673,0,0,0,NOT_EVALUABLE,,,0.0328125,
machine-2-2,22,W2_f0995,D_quarantine,13.002961296581175,traces/machine-2-2__s22__W2_f0995__D_quarantine.npz,23700,18951,0.8737552742616034,20708,0,142,2992,0,0.04307293891906738,0.16102017959696016,0.5842465360305314,0.19774790682169377,0.6449140909217195,0.03494528768090364,0.011597258829731154,1.0,0.6854924108718673,0,0,0,NOT_EVALUABLE,,37.070422535211264,0.0328125,
machine-2-2,22,W2_f0995,D_trail512,13.002961296581175,traces/machine-2-2__s22__W2_f0995__D_trail512.npz,23700,18951,0.8190717299578059,19412,0,90,7168,3,0.08146786689758301,0.1654950370599424,0.5843459842174256,0.2033581597619521,0.6470344510756117,0.03600423579244617,0.011788949058321752,1.0,0.4924108718672785,0,0,0,NOT_EVALUABLE,,95.64444444444445,0.0375,
machine-2-2,22,W2_f0995,DE_stab,13.002961296581175,traces/machine-2-2__s22__W2_f0995__DE_stab.npz,23700,18951,0.8393248945147679,19892,2,89,7168,3,0.0782160758972168,0.17004250113839725,0.6097253678859762,0.20740296019795892,0.6679154604116739,0.03635721849629368,0.011788949058321752,1.0,0.6618425697140841,2,2,0,NOT_EVALUABLE,320.0,94.41758241758242,0.0375,
machine-2-2,22,W2_f0995,DEph_cv,13.002961296581175,traces/machine-2-2__s22__W2_f0995__DEph_cv.npz,23700,18951,0.8190717299578059,19412,0,90,7168,3,0.0764780044555664,0.1654950370599424,0.5843459842174256,0.2033581597619521,0.6470344510756117,0.03600423579244617,0.011788949058321752,1.0,0.4924108718672785,0,0,0,NOT_EVALUABLE,,95.64444444444445,0.0375,
machine-2-2,22,W2_f0995,H_hold,13.002961296581175,traces/machine-2-2__s22__W2_f0995__H_hold.npz,23700,18951,0.8190717299578059,19412,0,90,7168,3,0.07409501075744629,0.1654950370599424,0.5843459842174256,0.2033581597619521,0.6470344510756117,0.03600423579244617,0.011788949058321752,1.0,0.4924108718672785,0,0,0,NOT_EVALUABLE,,95.64444444444445,0.0375,
machine-2-2,22,W3_b01,A_no_update,11.383019313484352,traces/machine-2-2__s22__W3_b01__A_no_update.npz,23700,18951,0.0,0,0,0,0,0,0.014601945877075195,0.21383196071091043,0.6971527573037453,0.2596364204508575,0.7484985804481569,0.049770561242499116,0.020942157473522786,1.0,0.0,0,0,0,NOT_EVALUABLE,,,,
machine-2-2,22,W3_b01,B_always,11.383019313484352,traces/machine-2-2__s22__W3_b01__B_always.npz,23700,18951,1.0,23700,0,0,0,0,0.22212815284729004,0.15538753707340902,0.5753298786351514,0.19397357111950983,0.6438917013001245,0.029650547123190964,0.009680356543825179,1.0,1.0,0,0,0,NOT_EVALUABLE,,,,
machine-2-2,22,W3_b01,C_threshold,11.383019313484352,traces/machine-2-2__s22__W3_b01__C_threshold.npz,23700,18951,0.8940084388185654,21188,0,0,0,0,0.21937298774719238,0.14951724558324897,0.5474070386547609,0.18802147749235315,0.6141502162092044,0.03106247793858101,0.010974265586811712,1.0,0.7363219202259089,0,0,0,NOT_EVALUABLE,,,,
machine-2-2,22,W3_b01,D_quarantine,11.383019313484352,traces/machine-2-2__s22__W3_b01__D_quarantine.npz,23700,18951,0.8940084388185654,21188,0,125,2512,0,0.2060389518737793,0.14951724558324897,0.5474070386547609,0.18802147749235315,0.6141502162092044,0.03106247793858101,0.010974265586811712,1.0,0.7363219202259089,0,0,0,NOT_EVALUABLE,,36.096,,
machine-2-2,22,W3_b01,D_trail512,11.383019313484352,traces/machine-2-2__s22__W3_b01__D_trail512.npz,23700,18951,0.8521518987341772,20196,0,92,6448,0,0.19329619407653809,0.1576672433475527,0.5784207059549199,0.19727080710715872,0.6438941558904534,0.03141546064242852,0.01121387837254996,1.0,0.6223085068831627,0,0,0,NOT_EVALUABLE,,86.08695652173913,,
machine-2-2,22,W3_b01,DE_stab,11.383019313484352,traces/machine-2-2__s22__W3_b01__DE_stab.npz,23700,18951,0.8521518987341772,20196,0,92,6448,0,0.19714903831481934,0.1576672433475527,0.5784207059549199,0.19727080710715872,0.6438941558904534,0.03141546064242852,0.01121387837254996,1.0,0.6223085068831627,0,0,0,NOT_EVALUABLE,,86.08695652173913,,
machine-2-2,22,W3_b01,DEph_cv,11.383019313484352,traces/machine-2-2__s22__W3_b01__DEph_cv.npz,23700,18951,0.8521518987341772,20196,0,92,6448,0,0.19716596603393555,0.1576672433475527,0.5784207059549199,0.19727080710715872,0.6438941558904534,0.03141546064242852,0.01121387837254996,1.0,0.6223085068831627,0,0,0,NOT_EVALUABLE,,86.08695652173913,,
machine-2-2,22,W3_b01,H_hold,11.383019313484352,traces/machine-2-2__s22__W3_b01__H_hold.npz,23700,18951,0.8521518987341772,20196,0,92,6448,0,0.19220519065856934,0.1576672433475527,0.5784207059549199,0.19727080710715872,0.6438941558904534,0.03141546064242852,0.01121387837254996,1.0,0.6223085068831627,0,0,0,NOT_EVALUABLE,,86.08695652173913,,
machine-2-2,33,W1,A_no_update,9.503145473286049,traces/machine-2-2__s33__W1__A_no_update.npz,23700,18951,0.0,18951,0,0,0,0,5.44186806678772,0.15203943892402588,0.5552113531092173,0.18884156460585377,0.6210332102055196,0.042710907165548886,0.02166099583073753,1.0,0.0,0,0,0,NOT_EVALUABLE,,,0.04296875,
machine-2-2,33,W1,B_always,9.503145473286049,traces/machine-2-2__s33__W1__B_always.npz,23700,18951,1.0,42651,0,0,0,0,7.906528949737549,0.1461759154901776,0.5405034923500087,0.177320951807134,0.6037999914036454,0.03635721849629368,0.015431063401543106,1.0,1.0,0,0,0,NOT_EVALUABLE,,,0.03125,
machine-2-2,33,W1,C_threshold,9.503145473286049,traces/machine-2-2__s33__W1__C_threshold.npz,23700,18951,0.8102953586497891,38155,0,0,0,0,6.5634119510650635,0.1470773446294898,0.5397574533320479,0.18327578354332436,0.605684786528828,0.03847511471937875,0.01753965591603968,1.0,0.6741969643487469,0,0,0,NOT_EVALUABLE,,,0.03515625,
machine-2-2,33,W1,D_quarantine,9.503145473286049,traces/machine-2-2__s33__W1__D_quarantine.npz,23700,18951,0.8102953586497891,38155,0,218,4496,0,6.469963788986206,0.1470773446294898,0.5397574533320479,0.18327578354332436,0.605684786528828,0.03847511471937875,0.01753965591603968,1.0,0.6741969643487469,0,0,0,NOT_EVALUABLE,,36.62385321100918,0.03515625,
machine-2-2,33,W1,D_trail512,9.503145473286049,traces/machine-2-2__s33__W1__D_trail512.npz,23700,18951,0.7326582278481013,36315,0,144,10944,1,6.919232130050659,0.14701838730240316,0.540263084520082,0.18310642640422034,0.6061679166430011,0.039181080127073775,0.01777926870177793,1.0,0.5372396752559124,0,0,0,NOT_EVALUABLE,,92.0,0.0390625,
machine-2-2,33,W1,DE_stab,9.503145473286049,traces/machine-2-2__s33__W1__DE_stab.npz,23700,18951,0.7441350210970464,36587,1,143,10896,1,6.3816819190979,0.14712803909580519,0.540483438629042,0.18303583113457086,0.6061125675971428,0.03882809742322626,0.01777926870177793,1.0,0.6332509707024356,1,1,0,NOT_EVALUABLE,256.0,91.55555555555556,0.0390625,
machine-2-2,33,W1,DEph_cv,9.503145473286049,traces/machine-2-2__s33__W1__DEph_cv.npz,23700,18951,0.7326582278481013,36315,0,144,10944,1,6.290919065475464,0.14701838730240316,0.540263084520082,0.18310642640422034,0.6061679166430011,0.039181080127073775,0.01777926870177793,1.0,0.5372396752559124,0,0,0,NOT_EVALUABLE,,92.0,0.0390625,
machine-2-2,33,W1,H_hold,9.503145473286049,traces/machine-2-2__s33__W1__H_hold.npz,23700,18951,0.7326582278481013,36315,0,144,10944,1,6.505244255065918,0.14701838730240316,0.540263084520082,0.18310642640422034,0.6061679166430011,0.039181080127073775,0.01777926870177793,1.0,0.5372396752559124,0,0,0,NOT_EVALUABLE,,92.0,0.0390625,
machine-2-2,33,W2_f0995,A_no_update,13.001354204182524,traces/machine-2-2__s33__W2_f0995__A_no_update.npz,23700,18951,0.0,0,0,0,0,0,0.019166946411132812,0.20531422547557127,0.6865596477419704,0.24766456198360684,0.7318753566756447,0.04588775150017649,0.01653328221593904,1.0,0.0,0,0,0,NOT_EVALUABLE,,,0.0625,
machine-2-2,33,W2_f0995,B_always,13.001354204182524,traces/machine-2-2__s33__W2_f0995__B_always.npz,23700,18951,1.0,23700,0,0,0,0,0.048377037048339844,0.15712038044083743,0.5819757545015868,0.19260022470892263,0.6428517152913964,0.032474408753971055,0.010830497915368765,1.0,1.0,0,0,0,NOT_EVALUABLE,,,0.0265625,
machine-2-2,33,W2_f0995,C_threshold,13.001354204182524,traces/machine-2-2__s33__W2_f0995__C_threshold.npz,23700,18951,0.8744303797468355,20724,0,0,0,0,0.04407095909118652,0.16083800778426263,0.583791170242626,0.19754150167149911,0.6445032470202295,0.03494528768090364,0.011549336272583505,1.0,0.6854924108718673,0,0,0,NOT_EVALUABLE,,,0.0328125,
machine-2-2,33,W2_f0995,D_quarantine,13.001354204182524,traces/machine-2-2__s33__W2_f0995__D_quarantine.npz,23700,18951,0.8744303797468355,20724,0,141,2976,0,0.04333972930908203,0.16083800778426263,0.583791170242626,0.19754150167149911,0.6445032470202295,0.03494528768090364,0.011549336272583505,1.0,0.6854924108718673,0,0,0,NOT_EVALUABLE,,37.1063829787234,0.0328125,
machine-2-2,33,W2_f0995,D_trail512,13.001354204182524,traces/machine-2-2__s33__W2_f0995__D_trail512.npz,23700,18951,0.8190717299578059,19412,0,90,7168,3,0.07959103584289551,0.16528460978973686,0.5841405329580409,0.20297665144062532,0.646691903535998,0.03600423579244617,0.011788949058321752,1.0,0.4924108718672785,0,0,0,NOT_EVALUABLE,,95.64444444444445,0.0375,
machine-2-2,33,W2_f0995,DE_stab,13.001354204182524,traces/machine-2-2__s33__W2_f0995__DE_stab.npz,23700,18951,0.8393248945147679,19892,2,89,7168,3,0.07865500450134277,0.16971119814477836,0.6090553655409342,0.20691203231209707,0.6672538512325976,0.03635721849629368,0.011788949058321752,1.0,0.6618425697140841,2,2,0,NOT_EVALUABLE,320.0,94.41758241758242,0.0375,
machine-2-2,33,W2_f0995,DEph_cv,13.001354204182524,traces/machine-2-2__s33__W2_f0995__DEph_cv.npz,23700,18951,0.8190717299578059,19412,0,90,7168,3,0.07706785202026367,0.16528460978973686,0.5841405329580409,0.20297665144062532,0.646691903535998,0.03600423579244617,0.011788949058321752,1.0,0.4924108718672785,0,0,0,NOT_EVALUABLE,,95.64444444444445,0.0375,
machine-2-2,33,W2_f0995,H_hold,13.001354204182524,traces/machine-2-2__s33__W2_f0995__H_hold.npz,23700,18951,0.8190717299578059,19412,0,90,7168,3,0.07762479782104492,0.16528460978973686,0.5841405329580409,0.20297665144062532,0.646691903535998,0.03600423579244617,0.011788949058321752,1.0,0.4924108718672785,0,0,0,NOT_EVALUABLE,,95.64444444444445,0.0375,
machine-2-2,33,W3_b01,A_no_update,11.263964222201057,traces/machine-2-2__s33__W3_b01__A_no_update.npz,23700,18951,0.0,0,0,0,0,0,0.015674829483032227,0.19848443692106088,0.67358160014687,0.24233669711732064,0.7272125959031208,0.046593716907871514,0.020319164230603346,1.0,0.0,0,0,0,NOT_EVALUABLE,,,,
machine-2-2,33,W3_b01,B_always,11.263964222201057,traces/machine-2-2__s33__W3_b01__B_always.npz,23700,18951,1.0,23700,0,0,0,0,0.23537993431091309,0.1546970434704025,0.5729709064067046,0.19589060933614846,0.6430932496924459,0.030003529827038473,0.009392821200939282,1.0,1.0,0,0,0,NOT_EVALUABLE,,,,
machine-2-2,33,W3_b01,C_threshold,11.263964222201057,traces/machine-2-2__s33__W3_b01__C_threshold.npz,23700,18951,0.8967088607594936,21252,0,0,0,0,0.21666502952575684,0.14837209960713943,0.5446648551274709,0.18614696698513822,0.6118985673581332,0.03141546064242852,0.01030334978674462,1.0,0.7306741969643488,0,0,0,NOT_EVALUABLE,,,,
machine-2-2,33,W3_b01,D_quarantine,11.263964222201057,traces/machine-2-2__s33__W3_b01__D_quarantine.npz,23700,18951,0.8967088607594936,21252,0,122,2448,0,0.2247328758239746,0.14837209960713943,0.5446648551274709,0.18614696698513822,0.6118985673581332,0.03141546064242852,0.01030334978674462,1.0,0.7306741969643488,0,0,0,NOT_EVALUABLE,,36.0655737704918,,
machine-2-2,33,W3_b01,D_trail512,11.263964222201057,traces/machine-2-2__s33__W3_b01__D_trail512.npz,23700,18951,0.8595780590717299,20372,0,88,6144,0,0.2026350498199463,0.1603146027681225,0.5885063320448599,0.19996908808506605,0.6533236102643123,0.03176844334627603,0.010447117458187568,1.0,0.6053653370984822,0,0,0,NOT_EVALUABLE,,85.81818181818181,,
machine-2-2,33,W3_b01,DE_stab,11.263964222201057,traces/machine-2-2__s33__W3_b01__DE_stab.npz,23700,18951,0.8595780590717299,20372,0,88,6144,0,0.20373201370239258,0.1603146027681225,0.5885063320448599,0.19996908808506605,0.6533236102643123,0.03176844334627603,0.010447117458187568,1.0,0.6053653370984822,0,0,0,NOT_EVALUABLE,,85.81818181818181,,
machine-2-2,33,W3_b01,DEph_cv,11.263964222201057,traces/machine-2-2__s33__W3_b01__DEph_cv.npz,23700,18951,0.8595780590717299,20372,0,88,6144,0,0.21129298210144043,0.1603146027681225,0.5885063320448599,0.19996908808506605,0.6533236102643123,0.03176844334627603,0.010447117458187568,1.0,0.6053653370984822,0,0,0,NOT_EVALUABLE,,85.81818181818181,,
machine-2-2,33,W3_b01,H_hold,11.263964222201057,traces/machine-2-2__s33__W3_b01__H_hold.npz,23700,18951,0.8595780590717299,20372,0,88,6144,0,0.20453405380249023,0.1603146027681225,0.5885063320448599,0.19996908808506605,0.6533236102643123,0.03176844334627603,0.010447117458187568,1.0,0.6053653370984822,0,0,0,NOT_EVALUABLE,,85.81818181818181,,
machine-2-3,11,W1,A_no_update,5.03516414049485,traces/machine-2-3__s11__W1__A_no_update.npz,23689,18942,0.0,18942,0,0,0,0,2.925347089767456,0.41208215727295633,0.9030352477309452,0.40009016350457743,0.9581022456414185,0.724907063197026,0.09645602049530316,1.0,0.0,0,0,0,NOT_EVALUABLE,,,0.7372881355932204,0.127504105090312
machine-2-3,11,W1,B_always,5.03516414049485,traces/machine-2-3__s11__W1__B_always.npz,23689,18942,1.0,42631,0,0,0,0,4.298141956329346,0.4322664743172703,0.9320731176924372,0.42014301396850856,0.9779148218004119,0.6951672862453532,0.04052092228864219,1.0,1.0,0,0,0,NOT_EVALUABLE,,,0.6991525423728814,0.06395730706075534
machine-2-3,11,W1,C_threshold,5.03516414049485,traces/machine-2-3__s11__W1__C_threshold.npz,23689,18942,0.5846173329393389,32791,0,0,0,0,3.7848997116088867,0.4442836033418501,0.9412647341737593,0.43291229442072715,0.9801120345545048,0.724907063197026,0.04479077711357814,1.0,0.011152416356877323,0,0,0,NOT_EVALUABLE,,,0.7372881355932204,0.07208538587848932
machine-2-3,11,W1,D_quarantine,5.03516414049485,traces/machine-2-3__s11__W1__D_quarantine.npz,23689,18942,0.5846173329393389,32791,0,338,9840,0,3.8138811588287354,0.4442836033418501,0.9412647341737593,0.43291229442072715,0.9801120345545048,0.724907063197026,0.04479077711357814,1.0,0.011152416356877323,0,0,0,NOT_EVALUABLE,,45.112426035502956,0.7372881355932204,0.07208538587848932
machine-2-3,11,W1,D_trail512,5.03516414049485,traces/machine-2-3__s11__W1__D_trail512.npz,23689,18942,0.5761323821182828,32590,12,76,15552,53,7.089001893997192,0.4364370880848529,0.935608367010689,0.42606278560700817,0.9783166134092889,0.7137546468401487,0.04210076857386849,1.0,0.3159851301115242,2,0,10,NOT_EVALUABLE,512.0,190.4659090909091,0.7245762711864406,0.06748768472906404
machine-2-3,11,W1,DE_stab,5.03516414049485,traces/machine-2-3__s11__W1__DE_stab.npz,23689,18942,0.5828865718265862,32750,13,77,15680,52,7.474238872528076,0.4450435549244388,0.9349275711986388,0.43552494400686287,0.9795068038260907,0.724907063197026,0.04329632792485055,1.0,0.0,0,0,13,NOT_EVALUABLE,423.38461538461536,187.83333333333334,0.7372881355932204,0.06904761904761905
machine-2-3,11,W1,DEph_cv,5.03516414049485,traces/machine-2-3__s11__W1__DEph_cv.npz,23689,18942,0.37553294778167084,27838,0,53,16489,95,8.457056760787964,0.4287106833860755,0.9275177064054171,0.419457294020323,0.973204094898317,0.724907063197026,0.05700256191289496,1.0,0.0,0,0,0,NOT_EVALUABLE,,321.05555555555554,0.7372881355932204,0.0938423645320197
machine-2-3,11,W1,H_hold,5.03516414049485,traces/machine-2-3__s11__W1__H_hold.npz,23689,18942,0.37553294778167084,27838,0,53,16489,95,8.761416912078857,0.4287106833860755,0.9275177064054171,0.419457294020323,0.973204094898317,0.724907063197026,0.05700256191289496,1.0,0.0,0,0,0,NOT_EVALUABLE,,321.05555555555554,0.7372881355932204,0.0938423645320197
machine-2-3,11,W2_f0995,A_no_update,10.067357789735023,traces/machine-2-3__s11__W2_f0995__A_no_update.npz,23689,18942,0.0,0,0,0,0,0,0.018421173095703125,0.5462941378810728,0.8846610624160711,0.5288766227148318,0.9663945243645614,0.8029739776951673,0.0697267292912041,1.0,0.0,0,0,0,NOT_EVALUABLE,,,0.8351648351648352,0.4666666666666667
machine-2-3,11,W2_f0995,B_always,10.067357789735023,traces/machine-2-3__s11__W2_f0995__B_always.npz,23689,18942,1.0,23689,0,0,0,0,0.04440116882324219,0.4946601160710236,0.9561804164457666,0.4834022196254644,0.9825739555366311,0.550185873605948,0.009564474807856533,1.0,1.0,0,0,0,NOT_EVALUABLE,,,0.6043956043956044,0.17575757575757575
machine-2-3,11,W2_f0995,C_threshold,10.067357789735023,traces/machine-2-3__s11__W2_f0995__C_threshold.npz,23689,18942,0.9135463717337161,21641,0,0,0,0,0.04291701316833496,0.5153535105340823,0.9609401934609317,0.4977075739009035,0.985409403263207,0.620817843866171,0.012980358667805295,1.0,0.01858736059479554,0,0,0,NOT_EVALUABLE,,,0.6923076923076923,0.3696969696969697
machine-2-3,11,W2_f0995,D_quarantine,10.067357789735023,traces/machine-2-3__s11__W2_f0995__D_quarantine.npz,23689,18942,0.9135463717337161,21641,0,71,2048,0,0.04320502281188965,0.5153535105340823,0.9609401934609317,0.4977075739009035,0.985409403263207,0.620817843866171,0.012980358667805295,1.0,0.01858736059479554,0,0,0,NOT_EVALUABLE,,44.84507042253521,0.6923076923076923,0.3696969696969697
machine-2-3,11,W2_f0995,D_trail512,10.067357789735023,traces/machine-2-3__s11__W2_f0995__D_trail512.npz,23689,18942,0.9081430199670734,21513,0,64,4224,1,0.05283999443054199,0.513481393096458,0.9596111416226717,0.4945795031993562,0.9848309945120167,0.620817843866171,0.012980358667805295,1.0,0.01486988847583643,0,0,0,NOT_EVALUABLE,,82.0,0.6923076923076923,0.3696969696969697
machine-2-3,11,W2_f0995,DE_stab,10.067357789735023,traces/machine-2-3__s11__W2_f0995__DE_stab.npz,23689,18942,0.9081430199670734,21513,0,64,4224,1,0.05196785926818848,0.513481393096458,0.9596111416226717,0.4945795031993562,0.9848309945120167,0.620817843866171,0.012980358667805295,1.0,0.01486988847583643,0,0,0,NOT_EVALUABLE,,82.0,0.6923076923076923,0.3696969696969697
machine-2-3,11,W2_f0995,DEph_cv,10.067357789735023,traces/machine-2-3__s11__W2_f0995__DEph_cv.npz,23689,18942,0.9081430199670734,21513,0,64,4224,1,0.05118513107299805,0.513481393096458,0.9596111416226717,0.4945795031993562,0.9848309945120167,0.620817843866171,0.012980358667805295,1.0,0.01486988847583643,0,0,0,NOT_EVALUABLE,,82.0,0.6923076923076923,0.3696969696969697
machine-2-3,11,W2_f0995,H_hold,10.067357789735023,traces/machine-2-3__s11__W2_f0995__H_hold.npz,23689,18942,0.9081430199670734,21513,0,64,4224,1,0.05196499824523926,0.513481393096458,0.9596111416226717,0.4945795031993562,0.9848309945120167,0.620817843866171,0.012980358667805295,1.0,0.01486988847583643,0,0,0,NOT_EVALUABLE,,82.0,0.6923076923076923,0.3696969696969697
machine-2-3,11,W3_b01,A_no_update,7.085535366627786,traces/machine-2-3__s11__W3_b01__A_no_update.npz,23689,18942,0.0,0,0,0,0,0,0.015620946884155273,0.46057005313787136,0.8572974041187432,0.46669237663938123,0.9479619943206326,0.7955390334572491,0.1778394534585824,1.0,0.0,0,0,0,NOT_EVALUABLE,,,0.8350515463917526,0.10983981693363844
machine-2-3,11,W3_b01,B_always,7.085535366627786,traces/machine-2-3__s11__W3_b01__B_always.npz,23689,18942,1.0,23689,0,0,0,0,0.23609209060668945,0.5079636127541919,0.9480369778951679,0.5399253145083442,0.9875607023134627,0.654275092936803,0.013321947053800172,1.0,1.0,0,0,0,NOT_EVALUABLE,,,0.8144329896907216,0.057208237986270026
machine-2-3,11,W3_b01,C_threshold,7.085535366627786,traces/machine-2-3__s11__W3_b01__C_threshold.npz,23689,18942,0.8986871543754485,21289,0,0,0,0,0.2132730484008789,0.5657382974225125,0.9559087489166631,0.5681933007860008,0.9897813401997863,0.7806691449814126,0.015200683176771989,1.0,0.01486988847583643,0,0,0,NOT_EVALUABLE,,,0.8350515463917526,0.08161708619374523
machine-2-3,11,W3_b01,D_quarantine,7.085535366627786,traces/machine-2-3__s11__W3_b01__D_quarantine.npz,23689,18942,0.8986871543754485,21289,0,94,2400,0,0.2130720615386963,0.5657382974225125,0.9559087489166631,0.5681933007860008,0.9897813401997863,0.7806691449814126,0.015200683176771989,1.0,0.01486988847583643,0,0,0,NOT_EVALUABLE,,41.53191489361702,0.8350515463917526,0.08161708619374523
machine-2-3,11,W3_b01,D_trail512,7.085535366627786,traces/machine-2-3__s11__W3_b01__D_trail512.npz,23689,18942,0.8784245852505382,20809,2,66,5504,7,0.3009159564971924,0.5598304382950395,0.9514284172330705,0.5615128113929263,0.9893154127470924,0.7881040892193308,0.017421007685738683,1.0,0.022304832713754646,1,0,1,NOT_EVALUABLE,512.0,96.47058823529412,0.8556701030927835,0.12509534706331046
machine-2-3,11,W3_b01,DE_stab,7.085535366627786,traces/machine-2-3__s11__W3_b01__DE_stab.npz,23689,18942,0.8791000042213686,20825,2,66,5488,7,0.3027219772338867,0.556134557599467,0.9507760342096325,0.5587359885449295,0.9874212692140688,0.7806691449814126,0.017250213492741247,1.0,0.0037174721189591076,0,0,2,NOT_EVALUABLE,512.0,96.23529411764706,0.8350515463917526,0.12128146453089245
machine-2-3,11,W3_b01,DEph_cv,7.085535366627786,traces/machine-2-3__s11__W3_b01__DEph_cv.npz,23689,18942,0.8514078264173245,20169,0,67,5664,8,0.30869102478027344,0.5572867488285353,0.9507030181048194,0.5636433950824729,0.9889950395113948,0.7881040892193308,0.017549103330486763,1.0,0.0,0,0,0,NOT_EVALUABLE,,100.53731343283582,0.8556701030927835,0.12433257055682685
machine-2-3,11,W3_b01,H_hold,7.085535366627786,traces/machine-2-3__s11__W3_b01__H_hold.npz,23689,18942,0.8514078264173245,20169,0,67,5664,8,0.3627891540527344,0.5572867488285353,0.9507030181048194,0.5636433950824729,0.9889950395113948,0.7881040892193308,0.017549103330486763,1.0,0.0,0,0,0,NOT_EVALUABLE,,100.53731343283582,0.8556701030927835,0.12433257055682685
machine-2-3,22,W1,A_no_update,4.925280485082559,traces/machine-2-3__s22__W1__A_no_update.npz,23689,18942,0.0,18942,0,0,0,0,3.879693031311035,0.4031349125870358,0.9063003374613886,0.3891787607580768,0.9612151989972264,0.7769516728624535,0.12011101622544834,1.0,0.0,0,0,0,NOT_EVALUABLE,,,0.7966101694915254,0.18170964660936006
machine-2-3,22,W1,B_always,4.925280485082559,traces/machine-2-3__s22__W1__B_always.npz,23689,18942,1.0,42631,0,0,0,0,5.3535850048065186,0.42280016844183466,0.9306515258778599,0.42678020442490877,0.9791025106244277,0.7026022304832714,0.040392826643894104,1.0,1.0,0,0,0,NOT_EVALUABLE,,,0.7033898305084746,0.06391276663482967
machine-2-3,22,W1,C_threshold,4.925280485082559,traces/machine-2-3__s22__W1__C_threshold.npz,23689,18942,0.5798894001435265,32679,0,0,0,0,4.802209138870239,0.43273150027724283,0.9425807700976827,0.42765667796940054,0.9809795783556962,0.758364312267658,0.04577284372331341,1.0,0.011152416356877323,0,0,0,NOT_EVALUABLE,,,0.7754237288135594,0.07394141992995862
machine-2-3,22,W1,D_quarantine,4.925280485082559,traces/machine-2-3__s22__W1__D_quarantine.npz,23689,18942,0.5798894001435265,32679,0,340,9952,0,4.74303412437439,0.43273150027724283,0.9425807700976827,0.42765667796940054,0.9809795783556962,0.758364312267658,0.04577284372331341,1.0,0.011152416356877323,0,0,0,NOT_EVALUABLE,,45.25,0.7754237288135594,0.07394141992995862
machine-2-3,22,W1,D_trail512,4.925280485082559,traces/machine-2-3__s22__W1__D_trail512.npz,23689,18942,0.5619485837308456,32254,12,77,15913,54,8.03695797920227,0.42903753972765984,0.9349437617262277,0.42737700793041977,0.9798233088963328,0.7620817843866171,0.04457728437233134,1.0,0.3159851301115242,2,0,10,NOT_EVALUABLE,512.0,190.5,0.7796610169491526,0.0715536453358803
machine-2-3,22,W1,DE_stab,4.925280485082559,traces/machine-2-3__s22__W1__DE_stab.npz,23689,18942,0.6240871290472371,33726,16,83,15657,46,7.570645093917847,0.43957338259154066,0.934707094308236,0.43212736392905754,0.9807241129940805,0.7695167286245354,0.046071733561058925,1.0,0.0,0,0,16,NOT_EVALUABLE,416.0,169.85,0.788135593220339,0.07290671760585801
machine-2-3,22,W1,DEph_cv,4.925280485082559,traces/machine-2-3__s22__W1__DEph_cv.npz,23689,18942,0.364050825277555,27566,0,51,16697,97,9.955135822296143,0.42085111305584144,0.9277488182502166,0.4160801461339598,0.9749874009421169,0.7769516728624535,0.06357813834329633,1.0,0.0,0,0,0,NOT_EVALUABLE,,336.78846153846155,0.7966101694915254,0.10569882203120025
machine-2-3,22,W1,H_hold,4.925280485082559,traces/machine-2-3__s22__W1__H_hold.npz,23689,18942,0.364050825277555,27566,0,51,16697,97,10.260611295700073,0.42085111305584144,0.9277488182502166,0.4160801461339598,0.9749874009421169,0.7769516728624535,0.06357813834329633,1.0,0.0,0,0,0,NOT_EVALUABLE,,336.78846153846155,0.7966101694915254,0.10569882203120025
machine-2-3,22,W2_f0995,A_no_update,10.07198048340431,traces/machine-2-3__s22__W2_f0995__A_no_update.npz,23689,18942,0.0,0,0,0,0,0,0.018390178680419922,0.5462533570645755,0.8843684424394999,0.5280385861956401,0.9662615945238583,0.8029739776951673,0.07028181041844578,1.0,0.0,0,0,0,NOT_EVALUABLE,,,0.8351648351648352,0.4666666666666667
machine-2-3,22,W2_f0995,B_always,10.07198048340431,traces/machine-2-3__s22__W2_f0995__B_always.npz,23689,18942,1.0,23689,0,0,0,0,0.04607582092285156,0.4954297380866322,0.9566101797148564,0.4800899171415159,0.9827710604502837,0.5539033457249071,0.009906063193851409,1.0,1.0,0,0,0,NOT_EVALUABLE,,,0.6153846153846154,0.18787878787878787
machine-2-3,22,W2_f0995,C_threshold,10.07198048340431,traces/machine-2-3__s22__W2_f0995__C_threshold.npz,23689,18942,0.9135463717337161,21641,0,0,0,0,0.042784929275512695,0.5162810665727032,0.9612970199905396,0.4987605378793286,0.9855302836067286,0.620817843866171,0.012980358667805295,1.0,0.01858736059479554,0,0,0,NOT_EVALUABLE,,,0.6923076923076923,0.3696969696969697
machine-2-3,22,W2_f0995,D_quarantine,10.07198048340431,traces/machine-2-3__s22__W2_f0995__D_quarantine.npz,23689,18942,0.9135463717337161,21641,0,71,2048,0,0.04276919364929199,0.5162810665727032,0.9612970199905396,0.4987605378793286,0.9855302836067286,0.620817843866171,0.012980358667805295,1.0,0.01858736059479554,0,0,0,NOT_EVALUABLE,,44.84507042253521,0.6923076923076923,0.3696969696969697
machine-2-3,22,W2_f0995,D_trail512,10.07198048340431,traces/machine-2-3__s22__W2_f0995__D_trail512.npz,23689,18942,0.9081430199670734,21513,0,64,4224,1,0.05267691612243652,0.5143062578846321,0.9599903491757117,0.49541427928941156,0.9849859163193309,0.620817843866171,0.013065755764304014,1.0,0.01486988847583643,0,0,0,NOT_EVALUABLE,,82.0,0.6923076923076923,0.3696969696969697
machine-2-3,22,W2_f0995,DE_stab,10.07198048340431,traces/machine-2-3__s22__W2_f0995__DE_stab.npz,23689,18942,0.9081430199670734,21513,0,64,4224,1,0.05130171775817871,0.5143062578846321,0.9599903491757117,0.49541427928941156,0.9849859163193309,0.620817843866171,0.013065755764304014,1.0,0.01486988847583643,0,0,0,NOT_EVALUABLE,,82.0,0.6923076923076923,0.3696969696969697
machine-2-3,22,W2_f0995,DEph_cv,10.07198048340431,traces/machine-2-3__s22__W2_f0995__DEph_cv.npz,23689,18942,0.9081430199670734,21513,0,64,4224,1,0.0490880012512207,0.5143062578846321,0.9599903491757117,0.49541427928941156,0.9849859163193309,0.620817843866171,0.013065755764304014,1.0,0.01486988847583643,0,0,0,NOT_EVALUABLE,,82.0,0.6923076923076923,0.3696969696969697
machine-2-3,22,W2_f0995,H_hold,10.07198048340431,traces/machine-2-3__s22__W2_f0995__H_hold.npz,23689,18942,0.9081430199670734,21513,0,64,4224,1,0.05070996284484863,0.5143062578846321,0.9599903491757117,0.49541427928941156,0.9849859163193309,0.620817843866171,0.013065755764304014,1.0,0.01486988847583643,0,0,0,NOT_EVALUABLE,,82.0,0.6923076923076923,0.3696969696969697
machine-2-3,22,W3_b01,A_no_update,7.431085486648112,traces/machine-2-3__s22__W3_b01__A_no_update.npz,23689,18942,0.0,0,0,0,0,0,0.01535177230834961,0.4480947948316116,0.8529256442083943,0.431396649669473,0.946397375001262,0.7881040892193308,0.18326216908625106,1.0,0.0,0,0,0,NOT_EVALUABLE,,,0.8351648351648352,0.3939393939393939
machine-2-3,22,W3_b01,B_always,7.431085486648112,traces/machine-2-3__s22__W3_b01__B_always.npz,23689,18942,1.0,23689,0,0,0,0,0.23893308639526367,0.4964412027307694,0.9515107984469792,0.5221695657280133,0.9873303762041884,0.6171003717472119,0.011315115286080273,1.0,1.0,0,0,0,NOT_EVALUABLE,,,0.8021978021978022,0.2606060606060606
machine-2-3,22,W3_b01,C_threshold,7.431085486648112,traces/machine-2-3__s22__W3_b01__C_threshold.npz,23689,18942,0.9027396682004306,21385,0,0,0,0,0.22285890579223633,0.5447059189690454,0.9608330502636516,0.5327839546660245,0.9892743683450073,0.724907063197026,0.013748932536293767,1.0,0.01858736059479554,0,0,0,NOT_EVALUABLE,,,0.8131868131868132,0.42424242424242425
machine-2-3,22,W3_b01,D_quarantine,7.431085486648112,traces/machine-2-3__s22__W3_b01__D_quarantine.npz,23689,18942,0.9027396682004306,21385,0,92,2304,0,0.2195119857788086,0.5447059189690454,0.9608330502636516,0.5327839546660245,0.9892743683450073,0.724907063197026,0.013748932536293767,1.0,0.01858736059479554,0,0,0,NOT_EVALUABLE,,41.04347826086956,0.8131868131868132,0.42424242424242425
machine-2-3,22,W3_b01,D_trail512,7.431085486648112,traces/machine-2-3__s22__W3_b01__D_trail512.npz,23689,18942,0.8743720714255562,20713,0,70,5216,1,0.2206709384918213,0.5033709642940534,0.9547279515173063,0.48193913734765,0.9844584343228919,0.724907063197026,0.02762596071733561,1.0,0.007434944237918215,0,0,0,NOT_EVALUABLE,,90.51428571428572,0.8131868131868132,0.4121212121212121
machine-2-3,22,W3_b01,DE_stab,7.431085486648112,traces/machine-2-3__s22__W3_b01__DE_stab.npz,23689,18942,0.8743720714255562,20713,0,70,5216,1,0.22357916831970215,0.5033709642940534,0.9547279515173063,0.48193913734765,0.9844584343228919,0.724907063197026,0.02762596071733561,1.0,0.007434944237918215,0,0,0,NOT_EVALUABLE,,90.51428571428572,0.8131868131868132,0.4121212121212121
machine-2-3,22,W3_b01,DEph_cv,7.431085486648112,traces/machine-2-3__s22__W3_b01__DEph_cv.npz,23689,18942,0.8743720714255562,20713,0,70,5216,1,0.22682476043701172,0.5033709642940534,0.9547279515173063,0.48193913734765,0.9844584343228919,0.724907063197026,0.02762596071733561,1.0,0.007434944237918215,0,0,0,NOT_EVALUABLE,,90.51428571428572,0.8131868131868132,0.4121212121212121
machine-2-3,22,W3_b01,H_hold,7.431085486648112,traces/machine-2-3__s22__W3_b01__H_hold.npz,23689,18942,0.8743720714255562,20713,0,70,5216,1,0.22969603538513184,0.5033709642940534,0.9547279515173063,0.48193913734765,0.9844584343228919,0.724907063197026,0.02762596071733561,1.0,0.007434944237918215,0,0,0,NOT_EVALUABLE,,90.51428571428572,0.8131868131868132,0.4121212121212121
machine-2-3,33,W1,A_no_update,5.016175793990011,traces/machine-2-3__s33__W1__A_no_update.npz,23689,18942,0.0,18942,0,0,0,0,3.6929149627685547,0.39881001584746867,0.9068547836659798,0.39059506732272753,0.9608437092230422,0.7509293680297398,0.08953885567890692,1.0,0.0,0,0,0,NOT_EVALUABLE,,,0.7711864406779662,0.12512187195320118
machine-2-3,33,W1,B_always,5.016175793990011,traces/machine-2-3__s33__W1__B_always.npz,23689,18942,1.0,42631,0,0,0,0,5.741719007492065,0.41831081632076755,0.9375658335423287,0.4160008673024782,0.9795948354116372,0.7174721189591078,0.04005123825789923,1.0,1.0,0,0,0,NOT_EVALUABLE,,,0.7245762711864406,0.06247968800779981
machine-2-3,33,W1,C_threshold,5.016175793990011,traces/machine-2-3__s33__W1__C_threshold.npz,23689,18942,0.5859681708809996,32823,0,0,0,0,4.393615961074829,0.4291453690809893,0.9426790243778552,0.42599127283517885,0.9800223167717308,0.7472118959107806,0.04432109308283518,1.0,0.011152416356877323,0,0,0,NOT_EVALUABLE,,,0.7711864406779662,0.07166070848228795
machine-2-3,33,W1,D_quarantine,5.016175793990011,traces/machine-2-3__s33__W1__D_quarantine.npz,23689,18942,0.5859681708809996,32823,0,336,9808,0,4.424333095550537,0.4291453690809893,0.9426790243778552,0.42599127283517885,0.9800223167717308,0.7472118959107806,0.04432109308283518,1.0,0.011152416356877323,0,0,0,NOT_EVALUABLE,,45.19047619047619,0.7711864406779662,0.07166070848228795
machine-2-3,33,W1,D_trail512,5.016175793990011,traces/machine-2-3__s33__W1__D_trail512.npz,23689,18942,0.6163620245683651,33543,18,66,15808,60,7.993587970733643,0.429309133796166,0.9324866110686065,0.4267808952651165,0.9787032519652318,0.7360594795539034,0.046242527754056365,1.0,0.8587360594795539,5,0,13,NOT_EVALUABLE,512.0,200.76190476190476,0.7415254237288136,0.07312317192070199
machine-2-3,33,W1,DE_stab,5.016175793990011,traces/machine-2-3__s33__W1__DE_stab.npz,23689,18942,0.6251424711891596,33751,17,73,15568,55,7.568980932235718,0.4275288437885745,0.9341402671119592,0.4263253923505136,0.9791719133151329,0.7472118959107806,0.0444064901793339,1.0,0.02973977695167286,1,0,16,NOT_EVALUABLE,421.6470588235294,185.95555555555555,0.7711864406779662,0.07052323691907703
machine-2-3,33,W1,DEph_cv,5.016175793990011,traces/machine-2-3__s33__W1__DEph_cv.npz,23689,18942,0.3849888133732956,28062,0,50,16169,96,9.161309957504272,0.41019012937334853,0.9287010434953763,0.4095003625552222,0.9731299648668085,0.7472118959107806,0.05811272416737831,1.0,0.0,0,0,0,NOT_EVALUABLE,,332.72549019607845,0.7711864406779662,0.09652258693532662
machine-2-3,33,W1,H_hold,5.016175793990011,traces/machine-2-3__s33__W1__H_hold.npz,23689,18942,0.3849888133732956,28062,0,50,16169,96,9.449783086776733,0.41019012937334853,0.9287010434953763,0.4095003625552222,0.9731299648668085,0.7472118959107806,0.05811272416737831,1.0,0.0,0,0,0,NOT_EVALUABLE,,332.72549019607845,0.7711864406779662,0.09652258693532662
machine-2-3,33,W2_f0995,A_no_update,10.077521869070686,traces/machine-2-3__s33__W2_f0995__A_no_update.npz,23689,18942,0.0,0,0,0,0,0,0.01685190200805664,0.5453116733137865,0.8842543944583952,0.5267284899521142,0.966015554097282,0.7992565055762082,0.07075149444918873,1.0,0.0,0,0,0,NOT_EVALUABLE,,,0.8241758241758241,0.4666666666666667
machine-2-3,33,W2_f0995,B_always,10.077521869070686,traces/machine-2-3__s33__W2_f0995__B_always.npz,23689,18942,1.0,23689,0,0,0,0,0.04855012893676758,0.4931263662470221,0.9560038285835829,0.4789089537368532,0.9824627704981577,0.550185873605948,0.010162254483347566,1.0,1.0,0,0,0,NOT_EVALUABLE,,,0.6153846153846154,0.18787878787878787
machine-2-3,33,W2_f0995,C_threshold,10.077521869070686,traces/machine-2-3__s33__W2_f0995__C_threshold.npz,23689,18942,0.9135463717337161,21641,0,0,0,0,0.04330015182495117,0.5150355789749247,0.9610301937466468,0.4978067438403737,0.9853734736199458,0.620817843866171,0.013236549957301452,1.0,0.01858736059479554,0,0,0,NOT_EVALUABLE,,,0.6923076923076923,0.3696969696969697
machine-2-3,33,W2_f0995,D_quarantine,10.077521869070686,traces/machine-2-3__s33__W2_f0995__D_quarantine.npz,23689,18942,0.9135463717337161,21641,0,71,2048,0,0.04049420356750488,0.5150355789749247,0.9610301937466468,0.4978067438403737,0.9853734736199458,0.620817843866171,0.013236549957301452,1.0,0.01858736059479554,0,0,0,NOT_EVALUABLE,,44.84507042253521,0.6923076923076923,0.3696969696969697
machine-2-3,33,W2_f0995,D_trail512,10.077521869070686,traces/machine-2-3__s33__W2_f0995__D_trail512.npz,23689,18942,0.9081430199670734,21513,0,64,4224,1,0.045929908752441406,0.5130101427338164,0.9596957450658573,0.49474373075538775,0.9848525937902088,0.620817843866171,0.01336464560204953,1.0,0.01486988847583643,0,0,0,NOT_EVALUABLE,,82.0,0.6923076923076923,0.3696969696969697
machine-2-3,33,W2_f0995,DE_stab,10.077521869070686,traces/machine-2-3__s33__W2_f0995__DE_stab.npz,23689,18942,0.9081430199670734,21513,0,64,4224,1,0.05151510238647461,0.5130101427338164,0.9596957450658573,0.49474373075538775,0.9848525937902088,0.620817843866171,0.01336464560204953,1.0,0.01486988847583643,0,0,0,NOT_EVALUABLE,,82.0,0.6923076923076923,0.3696969696969697
machine-2-3,33,W2_f0995,DEph_cv,10.077521869070686,traces/machine-2-3__s33__W2_f0995__DEph_cv.npz,23689,18942,0.9081430199670734,21513,0,64,4224,1,0.05094313621520996,0.5130101427338164,0.9596957450658573,0.49474373075538775,0.9848525937902088,0.620817843866171,0.01336464560204953,1.0,0.01486988847583643,0,0,0,NOT_EVALUABLE,,82.0,0.6923076923076923,0.3696969696969697
machine-2-3,33,W2_f0995,H_hold,10.077521869070686,traces/machine-2-3__s33__W2_f0995__H_hold.npz,23689,18942,0.9081430199670734,21513,0,64,4224,1,0.053855180740356445,0.5130101427338164,0.9596957450658573,0.49474373075538775,0.9848525937902088,0.620817843866171,0.01336464560204953,1.0,0.01486988847583643,0,0,0,NOT_EVALUABLE,,82.0,0.6923076923076923,0.3696969696969697
machine-2-3,33,W3_b01,A_no_update,6.943493778397466,traces/machine-2-3__s33__W3_b01__A_no_update.npz,23689,18942,0.0,0,0,0,0,0,0.01747417449951172,0.49462428742922643,0.8640581398671107,0.5062559044667129,0.9559038167449738,0.8141263940520446,0.2004269854824936,1.0,0.0,0,0,0,NOT_EVALUABLE,,,0.8571428571428571,0.42424242424242425
machine-2-3,33,W3_b01,B_always,6.943493778397466,traces/machine-2-3__s33__W3_b01__B_always.npz,23689,18942,1.0,23689,0,0,0,0,0.2557220458984375,0.4951826952899653,0.9482069784348522,0.5218214149601612,0.985791773678056,0.6431226765799256,0.014645602049530316,1.0,1.0,0,0,0,NOT_EVALUABLE,,,0.8461538461538461,0.3515151515151515
machine-2-3,33,W3_b01,C_threshold,6.943493778397466,traces/machine-2-3__s33__W3_b01__C_threshold.npz,23689,18942,0.885854193929672,20985,0,0,0,0,0.24211502075195312,0.5403950309395913,0.9545343001088893,0.5372912390257111,0.9862395305267722,0.7881040892193308,0.030529461998292057,1.0,0.011152416356877323,0,0,0,NOT_EVALUABLE,,,0.8571428571428571,0.46060606060606063
machine-2-3,33,W3_b01,D_quarantine,6.943493778397466,traces/machine-2-3__s33__W3_b01__D_quarantine.npz,23689,18942,0.885854193929672,20985,0,86,2704,0,0.21666193008422852,0.5403950309395913,0.9545343001088893,0.5372912390257111,0.9862395305267722,0.7881040892193308,0.030529461998292057,1.0,0.011152416356877323,0,0,0,NOT_EVALUABLE,,47.44186046511628,0.8571428571428571,0.46060606060606063
machine-2-3,33,W3_b01,D_trail512,6.943493778397466,traces/machine-2-3__s33__W3_b01__D_trail512.npz,23689,18942,0.86221452995061,20425,0,72,5568,1,0.22067570686340332,0.5383336431429634,0.9507703199057773,0.5352545447100518,0.9853023660972641,0.79182156133829,0.030871050384286933,1.0,0.0,0,0,0,NOT_EVALUABLE,,93.33333333333333,0.8571428571428571,0.46060606060606063
machine-2-3,33,W3_b01,DE_stab,6.943493778397466,traces/machine-2-3__s33__W3_b01__DE_stab.npz,23689,18942,0.86221452995061,20425,0,72,5568,1,0.22418498992919922,0.5383336431429634,0.9507703199057773,0.5352545447100518,0.9853023660972641,0.79182156133829,0.030871050384286933,1.0,0.0,0,0,0,NOT_EVALUABLE,,93.33333333333333,0.8571428571428571,0.46060606060606063
machine-2-3,33,W3_b01,DEph_cv,6.943493778397466,traces/machine-2-3__s33__W3_b01__DEph_cv.npz,23689,18942,0.86221452995061,20425,0,72,5568,1,0.2293250560760498,0.5383336431429634,0.9507703199057773,0.5352545447100518,0.9853023660972641,0.79182156133829,0.030871050384286933,1.0,0.0,0,0,0,NOT_EVALUABLE,,93.33333333333333,0.8571428571428571,0.46060606060606063
machine-2-3,33,W3_b01,H_hold,6.943493778397466,traces/machine-2-3__s33__W3_b01__H_hold.npz,23689,18942,0.86221452995061,20425,0,72,5568,1,0.23868274688720703,0.5383336431429634,0.9507703199057773,0.5352545447100518,0.9853023660972641,0.79182156133829,0.030871050384286933,1.0,0.0,0,0,0,NOT_EVALUABLE,,93.33333333333333,0.8571428571428571,0.46060606060606063
machine-2-4,11,W1,A_no_update,7.16386716184506,traces/machine-2-4__s11__W1__A_no_update.npz,23689,18943,0.0,18943,0,0,0,0,3.4751060009002686,0.4304237671587263,0.7881982408259042,0.4732283014607443,0.8556741847941213,0.2615112160566706,0.00413730393271198,1.0,0.0,0,0,0,NOT_EVALUABLE,,,0.546875,
machine-2-4,11,W1,B_always,7.16386716184506,traces/machine-2-4__s11__W1__B_always.npz,23689,18943,1.0,42632,0,0,0,0,5.583961725234985,0.34604520231350216,0.794562545474943,0.3942148679837969,0.868971835235847,0.10153482880755609,0.0020459195271652648,1.0,1.0,0,0,0,NOT_EVALUABLE,,,0.15,
machine-2-4,11,W1,C_threshold,7.16386716184506,traces/machine-2-4__s11__W1__C_threshold.npz,23689,18943,0.9209759804128499,40760,0,0,0,0,5.170867919921875,0.4989446116729507,0.8352071671328114,0.5584862604182576,0.9033249224141497,0.256198347107438,0.0022732439190725163,1.0,0.40968122786304606,0,0,0,NOT_EVALUABLE,,,0.5484375,
machine-2-4,11,W1,D_quarantine,7.16386716184506,traces/machine-2-4__s11__W1__D_quarantine.npz,23689,18943,0.9209759804128499,40760,0,67,1872,0,5.601404905319214,0.4989446116729507,0.8352071671328114,0.5584862604182576,0.9033249224141497,0.256198347107438,0.0022732439190725163,1.0,0.40968122786304606,0,0,0,NOT_EVALUABLE,,43.940298507462686,0.5484375,
machine-2-4,11,W1,D_trail512,7.16386716184506,traces/machine-2-4__s11__W1__D_trail512.npz,23689,18943,0.9081430199670734,40456,0,55,3936,3,5.561875104904175,0.5283003094712189,0.8592532165596293,0.588276211580886,0.9197387676524393,0.25560802833530105,0.0023187087974539666,1.0,0.3152302243211334,0,0,0,NOT_EVALUABLE,,87.56363636363636,0.5453125,
machine-2-4,11,W1,DE_stab,7.16386716184506,traces/machine-2-4__s11__W1__DE_stab.npz,23689,18943,0.9189497235003589,40712,1,55,3936,3,5.89372181892395,0.5288542899228904,0.8590440620158117,0.588915141426476,0.9197311195130429,0.25560802833530105,0.0023187087974539666,1.0,0.46635182998819363,1,1,0,NOT_EVALUABLE,256.0,86.0,0.5453125,
machine-2-4,11,W1,DEph_cv,7.16386716184506,traces/machine-2-4__s11__W1__DEph_cv.npz,23689,18943,0.9081430199670734,40456,0,55,3936,3,5.738976001739502,0.5283003094712189,0.8592532165596293,0.588276211580886,0.9197387676524393,0.25560802833530105,0.0023187087974539666,1.0,0.3152302243211334,0,0,0,NOT_EVALUABLE,,87.56363636363636,0.5453125,
machine-2-4,11,W1,H_hold,7.16386716184506,traces/machine-2-4__s11__W1__H_hold.npz,23689,18943,0.9081430199670734,40456,0,55,3936,3,5.786251068115234,0.5283003094712189,0.8592532165596293,0.588276211580886,0.9197387676524393,0.25560802833530105,0.0023187087974539666,1.0,0.3152302243211334,0,0,0,NOT_EVALUABLE,,87.56363636363636,0.5453125,
machine-2-4,11,W2_f0995,A_no_update,12.589577505285675,traces/machine-2-4__s11__W2_f0995__A_no_update.npz,23689,18943,0.0,0,0,0,0,0,0.016314029693603516,0.2721399370370542,0.4306931810465672,0.28045243546074167,0.5104229005260643,0.22845336481700118,0.01800409183905433,1.0,0.0,0,0,0,NOT_EVALUABLE,,,0.984375,
machine-2-4,11,W2_f0995,B_always,12.589577505285675,traces/machine-2-4__s11__W2_f0995__B_always.npz,23689,18943,1.0,23689,0,0,0,0,0.04834413528442383,0.301950555069942,0.7668565464996472,0.3512365005679456,0.8451203200483791,0.1257378984651712,0.0010002273243919072,1.0,1.0,0,0,0,NOT_EVALUABLE,,,0.35546875,
machine-2-4,11,W2_f0995,C_threshold,12.589577505285675,traces/machine-2-4__s11__W2_f0995__C_threshold.npz,23689,18943,0.9594748617501794,22729,0,0,0,0,0.0427248477935791,0.39605117648714133,0.7953445601702437,0.43142346476152094,0.8682057945001624,0.2166469893742621,0.0005910434189588542,1.0,0.641086186540732,0,0,0,NOT_EVALUABLE,,,0.984375,
machine-2-4,11,W2_f0995,D_quarantine,12.589577505285675,traces/machine-2-4__s11__W2_f0995__D_quarantine.npz,23689,18943,0.9594748617501794,22729,0,33,960,0,0.042575836181640625,0.39605117648714133,0.7953445601702437,0.43142346476152094,0.8682057945001624,0.2166469893742621,0.0005910434189588542,1.0,0.641086186540732,0,0,0,NOT_EVALUABLE,,45.09090909090909,0.984375,
machine-2-4,11,W2_f0995,D_trail512,12.589577505285675,traces/machine-2-4__s11__W2_f0995__D_trail512.npz,23689,18943,0.9581240238085187,22697,0,31,1984,1,0.05023479461669922,0.40323422766246486,0.799398637073522,0.43806131541267906,0.8713816260240365,0.2166469893742621,0.0005910434189588542,1.0,0.6316410861865407,0,0,0,NOT_EVALUABLE,,80.0,0.984375,
machine-2-4,11,W2_f0995,DE_stab,12.589577505285675,traces/machine-2-4__s11__W2_f0995__DE_stab.npz,23689,18943,0.9581240238085187,22697,0,31,1984,1,0.04949784278869629,0.40323422766246486,0.799398637073522,0.43806131541267906,0.8713816260240365,0.2166469893742621,0.0005910434189588542,1.0,0.6316410861865407,0,0,0,NOT_EVALUABLE,,80.0,0.984375,
machine-2-4,11,W2_f0995,DEph_cv,12.589577505285675,traces/machine-2-4__s11__W2_f0995__DEph_cv.npz,23689,18943,0.9581240238085187,22697,0,31,1984,1,0.048583269119262695,0.40323422766246486,0.799398637073522,0.43806131541267906,0.8713816260240365,0.2166469893742621,0.0005910434189588542,1.0,0.6316410861865407,0,0,0,NOT_EVALUABLE,,80.0,0.984375,
machine-2-4,11,W2_f0995,H_hold,12.589577505285675,traces/machine-2-4__s11__W2_f0995__H_hold.npz,23689,18943,0.9581240238085187,22697,0,31,1984,1,0.04924893379211426,0.40323422766246486,0.799398637073522,0.43806131541267906,0.8713816260240365,0.2166469893742621,0.0005910434189588542,1.0,0.6316410861865407,0,0,0,NOT_EVALUABLE,,80.0,0.984375,
machine-2-4,11,W3_b01,A_no_update,7.762664109978177,traces/machine-2-4__s11__W3_b01__A_no_update.npz,23689,18943,0.0,0,0,0,0,0,0.014355897903442383,0.3108950024054293,0.559512492508628,0.3309145619004542,0.668133308388946,0.26741440377804016,0.036872016367356215,1.0,0.0,0,0,0,NOT_EVALUABLE,,,0.9635416666666666,
machine-2-4,11,W3_b01,B_always,7.762664109978177,traces/machine-2-4__s11__W3_b01__B_always.npz,23689,18943,1.0,23689,0,0,0,0,0.2248852252960205,0.3566278709886941,0.8105153097744389,0.39912034684729686,0.8791195804226758,0.10330578512396695,0.0015458058649693112,1.0,1.0,0,0,0,NOT_EVALUABLE,,,0.2864583333333333,
machine-2-4,11,W3_b01,C_threshold,7.762664109978177,traces/machine-2-4__s11__W3_b01__C_threshold.npz,23689,18943,0.933133521887796,22105,0,0,0,0,0.20917510986328125,0.4772935694089124,0.8341811477493141,0.5169389403438109,0.8975240446609335,0.24144037780401417,0.0015003409865878608,1.0,0.46635182998819363,0,0,0,NOT_EVALUABLE,,,0.8723958333333334,
machine-2-4,11,W3_b01,D_quarantine,7.762664109978177,traces/machine-2-4__s11__W3_b01__D_quarantine.npz,23689,18943,0.933133521887796,22105,0,56,1584,0,0.21255779266357422,0.4772935694089124,0.8341811477493141,0.5169389403438109,0.8975240446609335,0.24144037780401417,0.0015003409865878608,1.0,0.46635182998819363,0,0,0,NOT_EVALUABLE,,44.285714285714285,0.8723958333333334,
machine-2-4,11,W3_b01,D_trail512,7.762664109978177,traces/machine-2-4__s11__W3_b01__D_trail512.npz,23689,18943,0.9263793321794926,21945,0,50,3344,2,0.23963594436645508,0.5140210517256946,0.859309752431123,0.5584133809236653,0.9166483388385959,0.2426210153482881,0.0015458058649693112,1.0,0.4002361275088548,0,0,0,NOT_EVALUABLE,,82.88,0.8723958333333334,
machine-2-4,11,W3_b01,DE_stab,7.762664109978177,traces/machine-2-4__s11__W3_b01__DE_stab.npz,23689,18943,0.9263793321794926,21945,0,50,3344,2,0.23992300033569336,0.5140210517256946,0.859309752431123,0.5584133809236653,0.9166483388385959,0.2426210153482881,0.0015458058649693112,1.0,0.4002361275088548,0,0,0,NOT_EVALUABLE,,82.88,0.8723958333333334,
machine-2-4,11,W3_b01,DEph_cv,7.762664109978177,traces/machine-2-4__s11__W3_b01__DEph_cv.npz,23689,18943,0.9263793321794926,21945,0,50,3344,2,0.23218202590942383,0.5140210517256946,0.859309752431123,0.5584133809236653,0.9166483388385959,0.2426210153482881,0.0015458058649693112,1.0,0.4002361275088548,0,0,0,NOT_EVALUABLE,,82.88,0.8723958333333334,
machine-2-4,11,W3_b01,H_hold,7.762664109978177,traces/machine-2-4__s11__W3_b01__H_hold.npz,23689,18943,0.9263793321794926,21945,0,50,3344,2,0.22910380363464355,0.5140210517256946,0.859309752431123,0.5584133809236653,0.9166483388385959,0.2426210153482881,0.0015458058649693112,1.0,0.4002361275088548,0,0,0,NOT_EVALUABLE,,82.88,0.8723958333333334,
machine-2-4,22,W1,A_no_update,6.787221222549435,traces/machine-2-4__s22__W1__A_no_update.npz,23689,18943,0.0,18943,0,0,0,0,4.118091106414795,0.42268418380839906,0.7849757632476846,0.4620407420385389,0.8527185994225376,0.2833530106257379,0.00959308933848602,1.0,0.0,0,0,0,NOT_EVALUABLE,,,0.4986111111111111,0.0
machine-2-4,22,W1,B_always,6.787221222549435,traces/machine-2-4__s22__W1__B_always.npz,23689,18943,1.0,42632,0,0,0,0,6.015791893005371,0.35105288465697365,0.7932438090335546,0.40031515987212957,0.8682844869644334,0.11334120425029516,0.0025005683109797683,1.0,1.0,0,0,0,NOT_EVALUABLE,,,0.14305555555555555,0.020833333333333332
machine-2-4,22,W1,C_threshold,6.787221222549435,traces/machine-2-4__s22__W1__C_threshold.npz,23689,18943,0.9121955337920554,40552,0,0,0,0,6.096495866775513,0.5157383139636426,0.8385717425850513,0.5732338741834568,0.9064725689173418,0.27213695395513576,0.0030916117299386223,1.0,0.371900826446281,0,0,0,NOT_EVALUABLE,,,0.49583333333333335,0.020833333333333332
machine-2-4,22,W1,D_quarantine,6.787221222549435,traces/machine-2-4__s22__W1__D_quarantine.npz,23689,18943,0.9121955337920554,40552,0,75,2080,0,5.539456129074097,0.5157383139636426,0.8385717425850513,0.5732338741834568,0.9064725689173418,0.27213695395513576,0.0030916117299386223,1.0,0.371900826446281,0,0,0,NOT_EVALUABLE,,43.733333333333334,0.49583333333333335,0.020833333333333332
machine-2-4,22,W1,D_trail512,6.787221222549435,traces/machine-2-4__s22__W1__D_trail512.npz,23689,18943,0.8959854784921272,40168,0,60,4384,4,6.0478880405426025,0.5440182910325086,0.8586474654940629,0.6045075510201947,0.9214057434585737,0.27508854781582054,0.0031370766083200726,1.0,0.24144037780401417,0,0,0,NOT_EVALUABLE,,89.06666666666666,0.5027777777777778,0.020833333333333332
machine-2-4,22,W1,DE_stab,6.787221222549435,traces/machine-2-4__s22__W1__DE_stab.npz,23689,18943,0.907467600996243,40440,1,60,4368,3,5.950124740600586,0.5370544845164744,0.8551822043917354,0.5979095302259092,0.9190615374241369,0.27213695395513576,0.0031370766083200726,1.0,0.39433293978748524,1,1,0,NOT_EVALUABLE,256.0,87.34426229508196,0.5013888888888889,0.020833333333333332
machine-2-4,22,W1,DEph_cv,6.787221222549435,traces/machine-2-4__s22__W1__DEph_cv.npz,23689,18943,0.8959854784921272,40168,0,60,4384,4,5.84845495223999,0.5440182910325086,0.8586474654940629,0.6045075510201947,0.9214057434585737,0.27508854781582054,0.0031370766083200726,1.0,0.24144037780401417,0,0,0,NOT_EVALUABLE,,89.06666666666666,0.5027777777777778,0.020833333333333332
machine-2-4,22,W1,H_hold,6.787221222549435,traces/machine-2-4__s22__W1__H_hold.npz,23689,18943,0.8959854784921272,40168,0,60,4384,4,5.554342985153198,0.5440182910325086,0.8586474654940629,0.6045075510201947,0.9214057434585737,0.27508854781582054,0.0031370766083200726,1.0,0.24144037780401417,0,0,0,NOT_EVALUABLE,,89.06666666666666,0.5027777777777778,0.020833333333333332
machine-2-4,22,W2_f0995,A_no_update,12.679897902515842,traces/machine-2-4__s22__W2_f0995__A_no_update.npz,23689,18943,0.0,0,0,0,0,0,0.018599987030029297,0.27354038790790014,0.4400258269495079,0.2822572371911603,0.5205666522886359,0.22845336481700118,0.016822005001136623,1.0,0.0,0,0,0,NOT_EVALUABLE,,,0.984375,
machine-2-4,22,W2_f0995,B_always,12.679897902515842,traces/machine-2-4__s22__W2_f0995__B_always.npz,23689,18943,1.0,23689,0,0,0,0,0.046875,0.305855494556272,0.7715038810205067,0.3554574215849569,0.8490496704898266,0.12750885478158205,0.0011820868379177085,1.0,1.0,0,0,0,NOT_EVALUABLE,,,0.36328125,
machine-2-4,22,W2_f0995,C_threshold,12.679897902515842,traces/machine-2-4__s22__W2_f0995__C_threshold.npz,23689,18943,0.9601502807210097,22745,0,0,0,0,0.04412198066711426,0.3967785700328628,0.7974200157650941,0.4325285195245617,0.8700385187675506,0.2154663518299882,0.0005910434189588542,1.0,0.6505312868949232,0,0,0,NOT_EVALUABLE,,,0.984375,
machine-2-4,22,W2_f0995,D_quarantine,12.679897902515842,traces/machine-2-4__s22__W2_f0995__D_quarantine.npz,23689,18943,0.9601502807210097,22745,0,32,944,0,0.04347109794616699,0.3967785700328628,0.7974200157650941,0.4325285195245617,0.8700385187675506,0.2154663518299882,0.0005910434189588542,1.0,0.6505312868949232,0,0,0,NOT_EVALUABLE,,45.5,0.984375,
machine-2-4,22,W2_f0995,D_trail512,12.679897902515842,traces/machine-2-4__s22__W2_f0995__D_trail512.npz,23689,18943,0.9594748617501794,22729,0,31,1952,1,0.053166866302490234,0.40360030630435645,0.8012447151104697,0.43864877699748933,0.8730258709196084,0.2154663518299882,0.0005910434189588542,1.0,0.6505312868949232,0,0,0,NOT_EVALUABLE,,78.96774193548387,0.984375,
machine-2-4,22,W2_f0995,DE_stab,12.679897902515842,traces/machine-2-4__s22__W2_f0995__DE_stab.npz,23689,18943,0.9594748617501794,22729,0,31,1952,1,0.05344796180725098,0.40360030630435645,0.8012447151104697,0.43864877699748933,0.8730258709196084,0.2154663518299882,0.0005910434189588542,1.0,0.6505312868949232,0,0,0,NOT_EVALUABLE,,78.96774193548387,0.984375,
machine-2-4,22,W2_f0995,DEph_cv,12.679897902515842,traces/machine-2-4__s22__W2_f0995__DEph_cv.npz,23689,18943,0.9594748617501794,22729,0,31,1952,1,0.05236196517944336,0.40360030630435645,0.8012447151104697,0.43864877699748933,0.8730258709196084,0.2154663518299882,0.0005910434189588542,1.0,0.6505312868949232,0,0,0,NOT_EVALUABLE,,78.96774193548387,0.984375,
machine-2-4,22,W2_f0995,H_hold,12.679897902515842,traces/machine-2-4__s22__W2_f0995__H_hold.npz,23689,18943,0.9594748617501794,22729,0,31,1952,1,0.05304384231567383,0.40360030630435645,0.8012447151104697,0.43864877699748933,0.8730258709196084,0.2154663518299882,0.0005910434189588542,1.0,0.6505312868949232,0,0,0,NOT_EVALUABLE,,78.96774193548387,0.984375,
machine-2-4,22,W3_b01,A_no_update,8.453706677902478,traces/machine-2-4__s22__W3_b01__A_no_update.npz,23689,18943,0.0,0,0,0,0,0,0.016410112380981445,0.30336888387233396,0.5514690738181615,0.3231258320259231,0.6641862413599064,0.27036599763872493,0.09142987042509661,1.0,0.0,0,0,0,NOT_EVALUABLE,,,0.984375,
machine-2-4,22,W3_b01,B_always,8.453706677902478,traces/machine-2-4__s22__W3_b01__B_always.npz,23689,18943,1.0,23689,0,0,0,0,0.23644304275512695,0.35495006127782003,0.8154284286463087,0.4008915641463947,0.8822322381296042,0.08677685950413223,0.0014094112298249602,1.0,1.0,0,0,0,NOT_EVALUABLE,,,0.234375,
machine-2-4,22,W3_b01,C_threshold,8.453706677902478,traces/machine-2-4__s22__W3_b01__C_threshold.npz,23689,18943,0.9385368736544387,22233,0,0,0,0,0.22722196578979492,0.4844748758677802,0.8397375382888619,0.5283545937842121,0.9017446179786799,0.23789846517119245,0.0013184814730620596,1.0,0.5118063754427391,0,0,0,NOT_EVALUABLE,,,0.890625,
machine-2-4,22,W3_b01,D_quarantine,8.453706677902478,traces/machine-2-4__s22__W3_b01__D_quarantine.npz,23689,18943,0.9385368736544387,22233,0,54,1456,0,0.22520661354064941,0.4844748758677802,0.8397375382888619,0.5283545937842121,0.9017446179786799,0.23789846517119245,0.0013184814730620596,1.0,0.5118063754427391,0,0,0,NOT_EVALUABLE,,42.96296296296296,0.890625,
machine-2-4,22,W3_b01,D_trail512,8.453706677902478,traces/machine-2-4__s22__W3_b01__D_trail512.npz,23689,18943,0.931107264975305,22057,0,47,3136,2,0.23859715461730957,0.5047782914328988,0.8607661583492868,0.5589685642732417,0.9174111229987736,0.23907910271546634,0.0013184814730620596,1.0,0.4268004722550177,0,0,0,NOT_EVALUABLE,,82.72340425531915,0.890625,
machine-2-4,22,W3_b01,DE_stab,8.453706677902478,traces/machine-2-4__s22__W3_b01__DE_stab.npz,23689,18943,0.931107264975305,22057,0,47,3136,2,0.23104310035705566,0.5047782914328988,0.8607661583492868,0.5589685642732417,0.9174111229987736,0.23907910271546634,0.0013184814730620596,1.0,0.4268004722550177,0,0,0,NOT_EVALUABLE,,82.72340425531915,0.890625,
machine-2-4,22,W3_b01,DEph_cv,8.453706677902478,traces/machine-2-4__s22__W3_b01__DEph_cv.npz,23689,18943,0.931107264975305,22057,0,47,3136,2,0.2413787841796875,0.5047782914328988,0.8607661583492868,0.5589685642732417,0.9174111229987736,0.23907910271546634,0.0013184814730620596,1.0,0.4268004722550177,0,0,0,NOT_EVALUABLE,,82.72340425531915,0.890625,
machine-2-4,22,W3_b01,H_hold,8.453706677902478,traces/machine-2-4__s22__W3_b01__H_hold.npz,23689,18943,0.931107264975305,22057,0,47,3136,2,0.24119806289672852,0.5047782914328988,0.8607661583492868,0.5589685642732417,0.9174111229987736,0.23907910271546634,0.0013184814730620596,1.0,0.4268004722550177,0,0,0,NOT_EVALUABLE,,82.72340425531915,0.890625,
machine-2-4,33,W1,A_no_update,7.194417631810031,traces/machine-2-4__s33__W1__A_no_update.npz,23689,18943,0.0,18943,0,0,0,0,3.4112191200256348,0.41600573489948767,0.7845570113203253,0.4571980604811711,0.8508265267793845,0.2597402597402597,0.007319845419413503,1.0,0.0,0,0,0,NOT_EVALUABLE,,,0.55,
machine-2-4,33,W1,B_always,7.194417631810031,traces/machine-2-4__s33__W1__B_always.npz,23689,18943,1.0,42632,0,0,0,0,5.2170209884643555,0.3531388359464243,0.7984939155163793,0.4020585792525596,0.8725311050062757,0.09622195985832349,0.001773130256876563,1.0,1.0,0,0,0,NOT_EVALUABLE,,,0.140625,
machine-2-4,33,W1,C_threshold,7.194417631810031,traces/machine-2-4__s33__W1__C_threshold.npz,23689,18943,0.9257039132086623,40872,0,0,0,0,5.209190845489502,0.5086942762654398,0.8392919341709355,0.5667020755723561,0.906065713231216,0.2514757969303424,0.002364173675835417,1.0,0.4474616292798111,0,0,0,NOT_EVALUABLE,,,0.5390625,
machine-2-4,33,W1,D_quarantine,7.194417631810031,traces/machine-2-4__s33__W1__D_quarantine.npz,23689,18943,0.9257039132086623,40872,0,63,1760,0,5.299150228500366,0.5086942762654398,0.8392919341709355,0.5667020755723561,0.906065713231216,0.2514757969303424,0.002364173675835417,1.0,0.4474616292798111,0,0,0,NOT_EVALUABLE,,43.93650793650794,0.5390625,
machine-2-4,33,W1,D_trail512,7.194417631810031,traces/machine-2-4__s33__W1__D_trail512.npz,23689,18943,0.9162480476170375,40648,0,54,3712,3,6.052931785583496,0.5355558650465247,0.862016724311874,0.5943263226467207,0.922161654266017,0.25206611570247933,0.002364173675835417,1.0,0.371900826446281,0,0,0,NOT_EVALUABLE,,84.74074074074075,0.540625,
machine-2-4,33,W1,DE_stab,7.194417631810031,traces/machine-2-4__s33__W1__DE_stab.npz,23689,18943,0.927054751150323,40904,1,54,3712,3,5.375488042831421,0.5348251695596361,0.8616292261335555,0.5935490919767521,0.9220421957999196,0.25206611570247933,0.002364173675835417,1.0,0.5230224321133412,1,1,0,NOT_EVALUABLE,256.0,83.2,0.540625,
machine-2-4,33,W1,DEph_cv,7.194417631810031,traces/machine-2-4__s33__W1__DEph_cv.npz,23689,18943,0.9162480476170375,40648,0,54,3712,3,5.739941835403442,0.5355558650465247,0.862016724311874,0.5943263226467207,0.922161654266017,0.25206611570247933,0.002364173675835417,1.0,0.371900826446281,0,0,0,NOT_EVALUABLE,,84.74074074074075,0.540625,
machine-2-4,33,W1,H_hold,7.194417631810031,traces/machine-2-4__s33__W1__H_hold.npz,23689,18943,0.9162480476170375,40648,0,54,3712,3,6.849043846130371,0.5355558650465247,0.862016724311874,0.5943263226467207,0.922161654266017,0.25206611570247933,0.002364173675835417,1.0,0.371900826446281,0,0,0,NOT_EVALUABLE,,84.74074074074075,0.540625,
machine-2-4,33,W2_f0995,A_no_update,12.72476475381835,traces/machine-2-4__s33__W2_f0995__A_no_update.npz,23689,18943,0.0,0,0,0,0,0,0.018548965454101562,0.2730797224535586,0.43553937744249593,0.28171510166617747,0.5156191375701185,0.22786304604486424,0.01654921573084792,1.0,0.0,0,0,0,NOT_EVALUABLE,,,0.984375,
machine-2-4,33,W2_f0995,B_always,12.72476475381835,traces/machine-2-4__s33__W2_f0995__B_always.npz,23689,18943,1.0,23689,0,0,0,0,0.04929804801940918,0.3055728859705705,0.7702309717809108,0.35504525865799313,0.8481038755532573,0.12396694214876033,0.000681973175721755,1.0,1.0,0,0,0,NOT_EVALUABLE,,,0.35546875,
machine-2-4,33,W2_f0995,C_threshold,12.72476475381835,traces/machine-2-4__s33__W2_f0995__C_threshold.npz,23689,18943,0.9601502807210097,22745,0,0,0,0,0.05185985565185547,0.39808711183342116,0.798202325686878,0.4335894908250256,0.8704284255718098,0.2154663518299882,0.0005910434189588542,1.0,0.6505312868949232,0,0,0,NOT_EVALUABLE,,,0.984375,
machine-2-4,33,W2_f0995,D_quarantine,12.72476475381835,traces/machine-2-4__s33__W2_f0995__D_quarantine.npz,23689,18943,0.9601502807210097,22745,0,32,944,0,0.05470585823059082,0.39808711183342116,0.798202325686878,0.4335894908250256,0.8704284255718098,0.2154663518299882,0.0005910434189588542,1.0,0.6505312868949232,0,0,0,NOT_EVALUABLE,,45.5,0.984375,
machine-2-4,33,W2_f0995,D_trail512,12.72476475381835,traces/machine-2-4__s33__W2_f0995__D_trail512.npz,23689,18943,0.9594748617501794,22729,0,31,1952,1,0.06677889823913574,0.4050670825219154,0.8019902961738917,0.4400149320551544,0.873396746146164,0.2154663518299882,0.0005910434189588542,1.0,0.6505312868949232,0,0,0,NOT_EVALUABLE,,78.96774193548387,0.984375,
machine-2-4,33,W2_f0995,DE_stab,12.72476475381835,traces/machine-2-4__s33__W2_f0995__DE_stab.npz,23689,18943,0.9594748617501794,22729,0,31,1952,1,0.06702208518981934,0.4050670825219154,0.8019902961738917,0.4400149320551544,0.873396746146164,0.2154663518299882,0.0005910434189588542,1.0,0.6505312868949232,0,0,0,NOT_EVALUABLE,,78.96774193548387,0.984375,
machine-2-4,33,W2_f0995,DEph_cv,12.72476475381835,traces/machine-2-4__s33__W2_f0995__DEph_cv.npz,23689,18943,0.9594748617501794,22729,0,31,1952,1,0.06603789329528809,0.4050670825219154,0.8019902961738917,0.4400149320551544,0.873396746146164,0.2154663518299882,0.0005910434189588542,1.0,0.6505312868949232,0,0,0,NOT_EVALUABLE,,78.96774193548387,0.984375,
machine-2-4,33,W2_f0995,H_hold,12.72476475381835,traces/machine-2-4__s33__W2_f0995__H_hold.npz,23689,18943,0.9594748617501794,22729,0,31,1952,1,0.06785893440246582,0.4050670825219154,0.8019902961738917,0.4400149320551544,0.873396746146164,0.2154663518299882,0.0005910434189588542,1.0,0.6505312868949232,0,0,0,NOT_EVALUABLE,,78.96774193548387,0.984375,
machine-2-4,33,W3_b01,A_no_update,8.135754215508742,traces/machine-2-4__s33__W3_b01__A_no_update.npz,23689,18943,0.0,0,0,0,0,0,0.018614768981933594,0.32003338956435784,0.5847256259002731,0.33820048429433497,0.6880744600638341,0.2603305785123967,0.02359627187997272,1.0,0.0,0,0,0,NOT_EVALUABLE,,,0.921875,
machine-2-4,33,W3_b01,B_always,8.135754215508742,traces/machine-2-4__s33__W3_b01__B_always.npz,23689,18943,1.0,23689,0,0,0,0,0.34514498710632324,0.35313909682873207,0.8099925844475224,0.3970331150952584,0.879258814694415,0.09445100354191263,0.0014548761082064105,1.0,1.0,0,0,0,NOT_EVALUABLE,,,0.2630208333333333,
machine-2-4,33,W3_b01,C_threshold,8.135754215508742,traces/machine-2-4__s33__W3_b01__C_threshold.npz,23689,18943,0.9358351977711173,22169,0,0,0,0,0.28673410415649414,0.47207433822237516,0.8358608925018647,0.5130108888980534,0.8973875791859397,0.23553719008264462,0.0015458058649693112,1.0,0.5041322314049587,0,0,0,NOT_EVALUABLE,,,0.875,
machine-2-4,33,W3_b01,D_quarantine,8.135754215508742,traces/machine-2-4__s33__W3_b01__D_quarantine.npz,23689,18943,0.9358351977711173,22169,0,58,1520,0,0.2679131031036377,0.47207433822237516,0.8358608925018647,0.5130108888980534,0.8973875791859397,0.23553719008264462,0.0015458058649693112,1.0,0.5041322314049587,0,0,0,NOT_EVALUABLE,,42.206896551724135,0.875,
machine-2-4,33,W3_b01,D_trail512,8.135754215508742,traces/machine-2-4__s33__W3_b01__D_trail512.npz,23689,18943,0.9277301701211533,21977,0,50,3312,2,0.2764580249786377,0.5003273349243381,0.8584051650678364,0.544540188467058,0.9140730417096732,0.23671782762691854,0.0015003409865878608,1.0,0.4002361275088548,0,0,0,NOT_EVALUABLE,,82.24,0.875,
machine-2-4,33,W3_b01,DE_stab,8.135754215508742,traces/machine-2-4__s33__W3_b01__DE_stab.npz,23689,18943,0.9277301701211533,21977,0,50,3312,2,0.27085185050964355,0.5003273349243381,0.8584051650678364,0.544540188467058,0.9140730417096732,0.23671782762691854,0.0015003409865878608,1.0,0.4002361275088548,0,0,0,NOT_EVALUABLE,,82.24,0.875,
machine-2-4,33,W3_b01,DEph_cv,8.135754215508742,traces/machine-2-4__s33__W3_b01__DEph_cv.npz,23689,18943,0.9277301701211533,21977,0,50,3312,2,0.258497953414917,0.5003273349243381,0.8584051650678364,0.544540188467058,0.9140730417096732,0.23671782762691854,0.0015003409865878608,1.0,0.4002361275088548,0,0,0,NOT_EVALUABLE,,82.24,0.875,
machine-2-4,33,W3_b01,H_hold,8.135754215508742,traces/machine-2-4__s33__W3_b01__H_hold.npz,23689,18943,0.9277301701211533,21977,0,50,3312,2,0.25834178924560547,0.5003273349243381,0.8584051650678364,0.544540188467058,0.9140730417096732,0.23671782762691854,0.0015003409865878608,1.0,0.4002361275088548,0,0,0,NOT_EVALUABLE,,82.24,0.875,
machine-3-1,11,W1,A_no_update,7.937199294453009,traces/machine-3-1__s11__W1__A_no_update.npz,28700,22952,0.0,22952,0,0,0,0,5.765070199966431,0.4752778510545685,0.8523564347740172,0.3793602665999966,0.9236673062687434,0.737012987012987,0.1808960270498732,1.0,0.0,0,0,0,NOT_EVALUABLE,,,0.7578125,0.5061383928571429
machine-3-1,11,W1,B_always,7.937199294453009,traces/machine-3-1__s11__W1__B_always.npz,28700,22952,1.0,51652,0,0,0,0,8.594458103179932,0.2890825191324133,0.9237646510998158,0.2836673781727459,0.9610395403577324,0.5454545454545454,0.02042828965905889,1.0,1.0,0,0,0,NOT_EVALUABLE,,,0.59765625,0.039248511904761904
machine-3-1,11,W1,C_threshold,7.937199294453009,traces/machine-3-1__s11__W1__C_threshold.npz,28700,22952,0.6972822299651568,42964,0,0,0,0,7.31616997718811,0.4963931888413116,0.9307701227344084,0.41367343298609693,0.9665097523823764,0.6298701298701299,0.023527754296985066,1.0,0.07142857142857142,0,0,0,NOT_EVALUABLE,,,0.703125,0.04966517857142857
machine-3-1,11,W1,D_quarantine,7.937199294453009,traces/machine-3-1__s11__W1__D_quarantine.npz,28700,22952,0.6972822299651568,42964,0,395,8688,0,8.237835884094238,0.4963931888413116,0.9307701227344084,0.41367343298609693,0.9665097523823764,0.6298701298701299,0.023527754296985066,1.0,0.07142857142857142,0,0,0,NOT_EVALUABLE,,37.99493670886076,0.703125,0.04966517857142857
machine-3-1,11,W1,D_trail512,7.937199294453009,traces/machine-3-1__s11__W1__D_trail512.npz,28700,22952,0.5301742160278745,38168,3,183,20112,25,9.424005031585693,0.48918325509085475,0.92919380299188,0.4063541465302587,0.9680260223769269,0.6331168831168831,0.02638067061143984,1.0,0.0,0,0,3,NOT_EVALUABLE,512.0,123.84946236559139,0.70703125,0.06063988095238095
machine-3-1,11,W1,DE_stab,7.937199294453009,traces/machine-3-1__s11__W1__DE_stab.npz,28700,22952,0.5418815331010453,38504,3,184,19808,26,9.378440856933594,0.5143660072466527,0.9313563611297128,0.43684231830327513,0.9698822082229732,0.6493506493506493,0.025570583262890956,1.0,0.0,0,0,3,NOT_EVALUABLE,341.3333333333333,121.6470588235294,0.7265625,0.058407738095238096
machine-3-1,11,W1,DEph_cv,7.937199294453009,traces/machine-3-1__s11__W1__DEph_cv.npz,28700,22952,0.5017421602787456,37352,0,184,20192,27,8.629990100860596,0.5121841560729218,0.9301039505366429,0.4233416341473376,0.969551569959748,0.6558441558441559,0.027578191039729503,1.0,0.0,0,0,0,NOT_EVALUABLE,,125.71739130434783,0.734375,0.06696428571428571
machine-3-1,11,W1,H_hold,7.937199294453009,traces/machine-3-1__s11__W1__H_hold.npz,28700,22952,0.5017421602787456,37352,0,184,20192,27,8.568201065063477,0.5121841560729218,0.9301039505366429,0.4233416341473376,0.969551569959748,0.6558441558441559,0.027578191039729503,1.0,0.0,0,0,0,NOT_EVALUABLE,,125.71739130434783,0.734375,0.06696428571428571
machine-3-1,11,W2_f0995,A_no_update,11.12211508207072,traces/machine-3-1__s11__W2_f0995__A_no_update.npz,28700,22952,0.0,0,0,0,0,0,0.020066022872924805,0.46020044731383003,0.7945265586062289,0.36687699003218044,0.8902711901075478,0.7272727272727273,0.1349323753169907,1.0,0.0,0,0,0,NOT_EVALUABLE,,,0.9794520547945206,0.1341918626353117
machine-3-1,11,W2_f0995,B_always,11.12211508207072,traces/machine-3-1__s11__W2_f0995__B_always.npz,28700,22952,1.0,28700,0,0,0,0,0.058524131774902344,0.4268527833988809,0.8566453006700259,0.3621176616073276,0.9309363903999212,0.5974025974025974,0.022717666948436178,1.0,1.0,0,0,0,NOT_EVALUABLE,,,0.7602739726027398,0.059537140724150804
machine-3-1,11,W2_f0995,C_threshold,11.12211508207072,traces/machine-3-1__s11__W2_f0995__C_threshold.npz,28700,22952,0.7080139372822299,20320,0,0,0,0,0.04323291778564453,0.402928284653049,0.8301780636945472,0.27899350268493167,0.9045717360686963,0.6688311688311688,0.09576641307410538,1.0,0.0,0,0,0,NOT_EVALUABLE,,,0.8561643835616438,0.40276222471071293
machine-3-1,11,W2_f0995,D_quarantine,11.12211508207072,traces/machine-3-1__s11__W2_f0995__D_quarantine.npz,28700,22952,0.7080139372822299,20320,0,299,8380,0,0.04215693473815918,0.402928284653049,0.8301780636945472,0.27899350268493167,0.9045717360686963,0.6688311688311688,0.09576641307410538,1.0,0.0,0,0,0,NOT_EVALUABLE,,43.88,0.8561643835616438,0.40276222471071293
machine-3-1,11,W2_f0995,D_trail512,11.12211508207072,traces/machine-3-1__s11__W2_f0995__D_trail512.npz,28700,22952,0.6137979094076655,17616,7,174,18444,32,0.5376129150390625,0.4836485202602014,0.8248864231007088,0.36415038837900826,0.9114224382891823,0.6883116883116883,0.12105522682445759,1.0,0.19480519480519481,1,0,6,NOT_EVALUABLE,512.0,116.63736263736264,0.8972602739726028,0.5156774916013438
machine-3-1,11,W2_f0995,DE_stab,11.12211508207072,traces/machine-3-1__s11__W2_f0995__DE_stab.npz,28700,22952,0.7191637630662021,20640,16,162,17340,26,0.4694712162017822,0.47339231876179483,0.8275477956109824,0.3511725350684606,0.9149218191386177,0.6883116883116883,0.10154268808114962,1.0,0.262987012987013,2,0,14,NOT_EVALUABLE,312.0,111.35195530726257,0.8972602739726028,0.3885778275475924
machine-3-1,11,W2_f0995,DEph_cv,11.12211508207072,traces/machine-3-1__s11__W2_f0995__DEph_cv.npz,28700,22952,0.5591637630662021,16048,3,160,18540,39,0.6796109676361084,0.45707632831476946,0.8175725373527571,0.3459140825211872,0.9060094783647461,0.6883116883116883,0.1478233305156382,1.0,0.0,0,0,3,NOT_EVALUABLE,469.3333333333333,128.65853658536585,0.8972602739726028,0.4970138111235536
machine-3-1,11,W2_f0995,H_hold,11.12211508207072,traces/machine-3-1__s11__W2_f0995__H_hold.npz,28700,22952,0.5636236933797909,16176,0,179,18252,28,0.5270969867706299,0.3819091479034478,0.8191375931760546,0.263129184364705,0.8901830534460053,0.6688311688311688,0.1309876021414483,1.0,0.0,0,0,0,NOT_EVALUABLE,,117.31111111111112,0.8561643835616438,0.5810003732736095
machine-3-1,11,W3_b01,A_no_update,7.661538403334537,traces/machine-3-1__s11__W3_b01__A_no_update.npz,28700,22952,0.0,0,0,0,0,0,0.018795013427734375,0.4967416141962644,0.8359704626874956,0.4042009118601376,0.9195445209474505,0.7987012987012987,0.21587066779374472,1.0,0.0,0,0,0,NOT_EVALUABLE,,,0.7906137184115524,0.5484279626857077
machine-3-1,11,W3_b01,B_always,7.661538403334537,traces/machine-3-1__s11__W3_b01__B_always.npz,28700,22952,1.0,28700,0,0,0,0,0.29926085472106934,0.3283921297438779,0.9287344981026298,0.3093261154584438,0.9710180501937262,0.6883116883116883,0.023281205973513665,1.0,1.0,0,0,0,NOT_EVALUABLE,,,0.6823104693140795,0.03639295174478867
machine-3-1,11,W3_b01,C_threshold,7.661538403334537,traces/machine-3-1__s11__W3_b01__C_threshold.npz,28700,22952,0.6398606271777003,18364,0,0,0,0,0.19602394104003906,0.5553828205262203,0.9334456752039171,0.48226450529567344,0.9766152715806447,0.7467532467532467,0.03095942519019442,1.0,0.0,0,0,0,NOT_EVALUABLE,,,0.7364620938628159,0.058620292525624784
machine-3-1,11,W3_b01,D_quarantine,7.661538403334537,traces/machine-3-1__s11__W3_b01__D_quarantine.npz,28700,22952,0.6398606271777003,18364,0,436,10336,0,0.19459772109985352,0.5553828205262203,0.9334456752039171,0.48226450529567344,0.9766152715806447,0.7467532467532467,0.03095942519019442,1.0,0.0,0,0,0,NOT_EVALUABLE,,39.706422018348626,0.7364620938628159,0.058620292525624784
machine-3-1,11,W3_b01,D_trail512,7.661538403334537,traces/machine-3-1__s11__W3_b01__D_trail512.npz,28700,22952,0.4805574912891986,13792,6,162,21628,41,0.7144031524658203,0.5317248204725517,0.9097698318165351,0.4406250229016245,0.9623235116849115,0.7435064935064936,0.05019019442096365,1.0,0.0,0,0,6,NOT_EVALUABLE,512.0,143.31360946745562,0.7328519855595668,0.10940919037199125
machine-3-1,11,W3_b01,DE_stab,7.661538403334537,traces/machine-3-1__s11__W3_b01__DE_stab.npz,28700,22952,0.50397212543554,14464,7,164,21276,38,0.6309900283813477,0.5509960515344349,0.9127142317389569,0.4812359352814529,0.9671151331800402,0.7435064935064936,0.0449774584389969,1.0,0.06818181818181818,1,0,6,NOT_EVALUABLE,329.14285714285717,138.95348837209303,0.7328519855595668,0.10422664977542324
machine-3-1,11,W3_b01,DEph_cv,7.661538403334537,traces/machine-3-1__s11__W3_b01__DEph_cv.npz,28700,22952,0.4181184668989547,12000,0,158,21756,49,0.7521340847015381,0.5350750854704862,0.9060435901095244,0.4596550723041922,0.9618825311910713,0.7435064935064936,0.05980557903634827,1.0,0.0,0,0,0,NOT_EVALUABLE,,152.72955974842768,0.7328519855595668,0.1514453529885984
machine-3-1,11,W3_b01,H_hold,7.661538403334537,traces/machine-3-1__s11__W3_b01__H_hold.npz,28700,22952,0.4181184668989547,12000,0,158,21756,49,0.9391124248504639,0.5350750854704862,0.9060435901095244,0.4596550723041922,0.9618825311910713,0.7435064935064936,0.05980557903634827,1.0,0.0,0,0,0,NOT_EVALUABLE,,152.72955974842768,0.7328519855595668,0.1514453529885984
machine-3-1,22,W1,A_no_update,7.969937763220059,traces/machine-3-1__s22__W1__A_no_update.npz,28700,22952,0.0,22952,0,0,0,0,6.4258177280426025,0.4785217615864602,0.8685485759661582,0.382546399005935,0.9302274262369452,0.75,0.18322062552831783,1.0,0.0,0,0,0,NOT_EVALUABLE,,,0.7734375,0.49917763157894735
machine-3-1,22,W1,B_always,7.969937763220059,traces/machine-3-1__s22__W1__B_always.npz,28700,22952,1.0,51652,0,0,0,0,10.273385047912598,0.2867005971049191,0.9220273773845203,0.27603834651892767,0.9572181485554057,0.5584415584415584,0.020533953226260917,1.0,1.0,0,0,0,NOT_EVALUABLE,,,0.6171875,0.038240131578947366
machine-3-1,22,W1,C_threshold,7.969937763220059,traces/machine-3-1__s22__W1__C_threshold.npz,28700,22952,0.6995121951219512,43028,0,0,0,0,7.129331111907959,0.5048030076906506,0.9416407768056119,0.4391071372415982,0.9720446538464245,0.6363636363636364,0.02321076359537898,1.0,0.07142857142857142,0,0,0,NOT_EVALUABLE,,,0.70703125,0.04564144736842105
machine-3-1,22,W1,D_quarantine,7.969937763220059,traces/machine-3-1__s22__W1__D_quarantine.npz,28700,22952,0.6995121951219512,43028,0,394,8624,0,7.2805938720703125,0.5048030076906506,0.9416407768056119,0.4391071372415982,0.9720446538464245,0.6363636363636364,0.02321076359537898,1.0,0.07142857142857142,0,0,0,NOT_EVALUABLE,,37.888324873096444,0.70703125,0.04564144736842105
machine-3-1,22,W1,D_trail512,7.969937763220059,traces/machine-3-1__s22__W1__D_trail512.npz,28700,22952,0.5234843205574913,37976,1,189,19984,19,8.295701742172241,0.5019728185606243,0.9389320615282153,0.43792045911725647,0.972446577515115,0.6396103896103896,0.02419695688926458,1.0,0.0,0,0,1,NOT_EVALUABLE,512.0,121.07368421052631,0.70703125,0.04954769736842105
machine-3-1,22,W1,DE_stab,7.969937763220059,traces/machine-3-1__s22__W1__DE_stab.npz,28700,22952,0.5301742160278745,38168,2,189,20048,19,7.8366539478302,0.49543483516441583,0.9380444418219145,0.41742328443071824,0.9717346836303189,0.6396103896103896,0.025394477317554242,1.0,0.0,0,0,2,NOT_EVALUABLE,256.0,120.77486910994764,0.70703125,0.055098684210526314
machine-3-1,22,W1,DEph_cv,7.969937763220059,traces/machine-3-1__s22__W1__DEph_cv.npz,28700,22952,0.5062020905923345,37480,0,187,20160,23,8.24590277671814,0.493708735345414,0.9377825699941085,0.41592826905332686,0.9716270881825336,0.6396103896103896,0.02574668920822767,1.0,0.0,0,0,0,NOT_EVALUABLE,,123.78609625668449,0.70703125,0.05592105263157895
machine-3-1,22,W1,H_hold,7.969937763220059,traces/machine-3-1__s22__W1__H_hold.npz,28700,22952,0.5062020905923345,37480,0,187,20160,23,8.48745608329773,0.493708735345414,0.9377825699941085,0.41592826905332686,0.9716270881825336,0.6396103896103896,0.02574668920822767,1.0,0.0,0,0,0,NOT_EVALUABLE,,123.78609625668449,0.70703125,0.05592105263157895
machine-3-1,22,W2_f0995,A_no_update,11.181964787279451,traces/machine-3-1__s22__W2_f0995__A_no_update.npz,28700,22952,0.0,0,0,0,0,0,0.020258188247680664,0.46029858418448377,0.7946196431773355,0.3670978568480276,0.890116327857724,0.724025974025974,0.13310087348548888,1.0,0.0,0,0,0,NOT_EVALUABLE,,,0.9726027397260274,0.12486328837039737
machine-3-1,22,W2_f0995,B_always,11.181964787279451,traces/machine-3-1__s22__W2_f0995__B_always.npz,28700,22952,1.0,28700,0,0,0,0,0.0579831600189209,0.42654664327221214,0.8550781864655491,0.36427571143916254,0.9297954442320847,0.5941558441558441,0.022224570301493378,1.0,1.0,0,0,0,NOT_EVALUABLE,,,0.7534246575342466,0.05596062705067444
machine-3-1,22,W2_f0995,C_threshold,11.181964787279451,traces/machine-3-1__s22__W2_f0995__C_threshold.npz,28700,22952,0.7186062717770035,20624,0,0,0,0,0.047408103942871094,0.4021359356350368,0.8306814522473863,0.2788270242734035,0.9056972424676892,0.6655844155844156,0.09016624401239785,1.0,0.0,0,0,0,NOT_EVALUABLE,,,0.8561643835616438,0.36474662777980316
machine-3-1,22,W2_f0995,D_quarantine,11.181964787279451,traces/machine-3-1__s22__W2_f0995__D_quarantine.npz,28700,22952,0.7186062717770035,20624,0,298,8076,0,0.04717683792114258,0.4021359356350368,0.8306814522473863,0.2788270242734035,0.9056972424676892,0.6655844155844156,0.09016624401239785,1.0,0.0,0,0,0,NOT_EVALUABLE,,42.95652173913044,0.8561643835616438,0.36474662777980316
machine-3-1,22,W2_f0995,D_trail512,11.181964787279451,traces/machine-3-1__s22__W2_f0995__D_trail512.npz,28700,22952,0.6015331010452961,17264,5,177,18380,30,0.5302059650421143,0.4126846747646984,0.8180174907510073,0.2879218335148347,0.8909994088052151,0.6655844155844156,0.1203155818540434,1.0,0.0,0,0,5,NOT_EVALUABLE,512.0,115.91256830601093,0.8561643835616438,0.5246080933284725
machine-3-1,22,W2_f0995,DE_stab,11.181964787279451,traces/machine-3-1__s22__W2_f0995__DE_stab.npz,28700,22952,0.7230662020905924,20752,16,165,17324,25,0.45929598808288574,0.4719135289244552,0.8267508590310787,0.34911929223222515,0.9142585619888596,0.685064935064935,0.10302197802197802,1.0,0.262987012987013,2,0,14,NOT_EVALUABLE,312.0,109.6923076923077,0.8972602739726028,0.3800583302952971
machine-3-1,22,W2_f0995,DEph_cv,11.181964787279451,traces/machine-3-1__s22__W2_f0995__DEph_cv.npz,28700,22952,0.5647386759581882,16208,3,162,18444,40,0.6901848316192627,0.4555519684694608,0.815973175176472,0.3419891090830392,0.9040086168171503,0.685064935064935,0.1490560721329952,1.0,0.0,0,0,3,NOT_EVALUABLE,469.3333333333333,126.72289156626506,0.8972602739726028,0.502916514764856
machine-3-1,22,W2_f0995,H_hold,11.181964787279451,traces/machine-3-1__s22__W2_f0995__H_hold.npz,28700,22952,0.5697560975609756,16352,0,180,18108,29,0.5122489929199219,0.38150121502184114,0.8178599102362838,0.26221930294226775,0.888840104286524,0.6655844155844156,0.13081149619611157,1.0,0.0,0,0,0,NOT_EVALUABLE,,115.95580110497238,0.8561643835616438,0.5829383886255924
machine-3-1,22,W3_b01,A_no_update,8.210510488989785,traces/machine-3-1__s22__W3_b01__A_no_update.npz,28700,22952,0.0,0,0,0,0,0,0.01905989646911621,0.47883464728362013,0.8266831611611831,0.38128092978246075,0.9120180081245816,0.7857142857142857,0.22013243167089322,1.0,0.0,0,0,0,NOT_EVALUABLE,,,0.7833935018050542,0.6310258548790659
machine-3-1,22,W3_b01,B_always,8.210510488989785,traces/machine-3-1__s22__W3_b01__B_always.npz,28700,22952,1.0,28700,0,0,0,0,0.29445910453796387,0.33569677170862566,0.928425512216721,0.3076802778438716,0.9701242721524818,0.6688311688311688,0.019265990419836572,1.0,1.0,0,0,0,NOT_EVALUABLE,,,0.6606498194945848,0.0316930775646372
machine-3-1,22,W3_b01,C_threshold,8.210510488989785,traces/machine-3-1__s22__W3_b01__C_threshold.npz,28700,22952,0.6978397212543554,20028,0,0,0,0,0.21410179138183594,0.5634855276461925,0.9406201056269737,0.4849297756232637,0.9797266682015395,0.7402597402597403,0.025605804451958297,1.0,0.0,0,0,0,NOT_EVALUABLE,,,0.7328519855595668,0.055713094245204334
machine-3-1,22,W3_b01,D_quarantine,8.210510488989785,traces/machine-3-1__s22__W3_b01__D_quarantine.npz,28700,22952,0.6978397212543554,20028,0,396,8672,0,0.23090696334838867,0.5634855276461925,0.9406201056269737,0.4849297756232637,0.9797266682015395,0.7402597402597403,0.025605804451958297,1.0,0.0,0,0,0,NOT_EVALUABLE,,37.898989898989896,0.7328519855595668,0.055713094245204334
machine-3-1,22,W3_b01,D_trail512,8.210510488989785,traces/machine-3-1__s22__W3_b01__D_trail512.npz,28700,22952,0.516794425087108,14832,4,178,20588,28,0.5096397399902344,0.5346971881443917,0.9190713133020825,0.45152073058993847,0.9668297638451206,0.7337662337662337,0.038109326570865035,1.0,0.0,0,0,4,NOT_EVALUABLE,512.0,128.0655737704918,0.7256317689530686,0.09791492910758966
machine-3-1,22,W3_b01,DE_stab,8.210510488989785,traces/machine-3-1__s22__W3_b01__DE_stab.npz,28700,22952,0.5363066202090593,15392,5,179,20316,27,0.46576428413391113,0.5508431636971428,0.9203387043359571,0.47956694335563527,0.9694397809345136,0.7337662337662337,0.0362778247393632,1.0,0.06818181818181818,1,0,4,NOT_EVALUABLE,358.4,125.29729729729729,0.7256317689530686,0.10208507089241034
machine-3-1,22,W3_b01,DEph_cv,8.210510488989785,traces/machine-3-1__s22__W3_b01__DEph_cv.npz,28700,22952,0.47777003484320557,13712,0,174,20556,33,0.5054311752319336,0.542784203024964,0.9170657639064234,0.4684145044053186,0.9665441573168629,0.7337662337662337,0.04363905325443787,1.0,0.0,0,0,0,NOT_EVALUABLE,,133.37142857142857,0.7256317689530686,0.13494578815679734
machine-3-1,22,W3_b01,H_hold,8.210510488989785,traces/machine-3-1__s22__W3_b01__H_hold.npz,28700,22952,0.47777003484320557,13712,0,174,20556,33,0.504676103591919,0.542784203024964,0.9170657639064234,0.4684145044053186,0.9665441573168629,0.7337662337662337,0.04363905325443787,1.0,0.0,0,0,0,NOT_EVALUABLE,,133.37142857142857,0.7256317689530686,0.13494578815679734
machine-3-1,33,W1,A_no_update,7.665330608475823,traces/machine-3-1__s33__W1__A_no_update.npz,28700,22952,0.0,22952,0,0,0,0,5.469089984893799,0.48454056273265717,0.8595826106128304,0.3860355833386398,0.9268296340758522,0.7564935064935064,0.19375176105945335,1.0,0.0,0,0,0,NOT_EVALUABLE,,,0.765625,0.4682716836734694
machine-3-1,33,W1,B_always,7.665330608475823,traces/machine-3-1__s33__W1__B_always.npz,28700,22952,1.0,51652,0,0,0,0,7.95051908493042,0.2884749437855352,0.9239306938482763,0.2826293574224307,0.9592312833142149,0.551948051948052,0.02211890673429135,1.0,1.0,0,0,0,NOT_EVALUABLE,,,0.60546875,0.04049744897959184
machine-3-1,33,W1,C_threshold,7.665330608475823,traces/machine-3-1__s33__W1__C_threshold.npz,28700,22952,0.6705226480836237,42196,0,0,0,0,7.738867998123169,0.4808260908060493,0.9351559612548623,0.4044048571899532,0.9679648219415093,0.6428571428571429,0.025253592561284868,1.0,0.07142857142857142,0,0,0,NOT_EVALUABLE,,,0.70703125,0.04878826530612245
machine-3-1,33,W1,D_quarantine,7.665330608475823,traces/machine-3-1__s33__W1__D_quarantine.npz,28700,22952,0.6705226480836237,42196,0,414,9456,0,7.182008981704712,0.4808260908060493,0.9351559612548623,0.4044048571899532,0.9679648219415093,0.6428571428571429,0.025253592561284868,1.0,0.07142857142857142,0,0,0,NOT_EVALUABLE,,38.84057971014493,0.70703125,0.04878826530612245
machine-3-1,33,W1,D_trail512,7.665330608475823,traces/machine-3-1__s33__W1__D_trail512.npz,28700,22952,0.4878048780487805,36952,1,181,20748,27,8.433290004730225,0.517239700050821,0.9328379953379955,0.43789365378849904,0.9718857788285635,0.698051948051948,0.02877571146801916,1.0,0.0,0,0,1,NOT_EVALUABLE,512.0,129.20218579234972,0.76953125,0.06441326530612244
machine-3-1,33,W1,DE_stab,7.665330608475823,traces/machine-3-1__s33__W1__DE_stab.npz,28700,22952,0.5318466898954703,38216,5,181,20512,25,8.087028980255127,0.5078927678741116,0.9334448747223473,0.4262894210821815,0.97114695201832,0.6753246753246753,0.026768103691180614,1.0,0.0,0,0,5,NOT_EVALUABLE,307.2,125.82795698924731,0.7421875,0.05660076530612245
machine-3-1,33,W1,DEph_cv,7.665330608475823,traces/machine-3-1__s33__W1__DEph_cv.npz,28700,22952,0.4783275261324042,36680,0,182,20796,27,9.06026816368103,0.5169377443468703,0.9325127711116721,0.43519878120373123,0.9716635803350779,0.698051948051948,0.029057480980557902,1.0,0.0,0,0,0,NOT_EVALUABLE,,129.55191256830602,0.76953125,0.06473214285714286
machine-3-1,33,W1,H_hold,7.665330608475823,traces/machine-3-1__s33__W1__H_hold.npz,28700,22952,0.4783275261324042,36680,0,182,20796,27,8.228212833404541,0.5169377443468703,0.9325127711116721,0.43519878120373123,0.9716635803350779,0.698051948051948,0.029057480980557902,1.0,0.0,0,0,0,NOT_EVALUABLE,,129.55191256830602,0.76953125,0.06473214285714286
machine-3-1,33,W2_f0995,A_no_update,11.184837526065744,traces/machine-3-1__s33__W2_f0995__A_no_update.npz,28700,22952,0.0,0,0,0,0,0,0.020515918731689453,0.4605191894325048,0.7945504586988104,0.3671238638205049,0.890125099543595,0.7207792207792207,0.13232600732600733,1.0,0.0,0,0,0,NOT_EVALUABLE,,,0.9657534246575342,0.12431644185198687
machine-3-1,33,W2_f0995,B_always,11.184837526065744,traces/machine-3-1__s33__W2_f0995__B_always.npz,28700,22952,1.0,28700,0,0,0,0,0.058983802795410156,0.4252154285229694,0.8534080388475993,0.360963422033653,0.9296041503122603,0.5876623376623377,0.022083685545224007,1.0,1.0,0,0,0,NOT_EVALUABLE,,,0.7602739726027398,0.055231498359460444
machine-3-1,33,W2_f0995,C_threshold,11.184837526065744,traces/machine-3-1__s33__W2_f0995__C_threshold.npz,28700,22952,0.7102439024390244,20384,0,0,0,0,0.04713702201843262,0.40197311701968047,0.8294116597688027,0.27896564108612104,0.9038834119136643,0.6655844155844156,0.09573119188503804,1.0,0.0,0,0,0,NOT_EVALUABLE,,,0.8561643835616438,0.3937294932555596
machine-3-1,33,W2_f0995,D_quarantine,11.184837526065744,traces/machine-3-1__s33__W2_f0995__D_quarantine.npz,28700,22952,0.7102439024390244,20384,0,297,8316,0,0.047316789627075195,0.40197311701968047,0.8294116597688027,0.27896564108612104,0.9038834119136643,0.6655844155844156,0.09573119188503804,1.0,0.0,0,0,0,NOT_EVALUABLE,,43.852348993288594,0.8561643835616438,0.3937294932555596
machine-3-1,33,W2_f0995,D_trail512,11.184837526065744,traces/machine-3-1__s33__W2_f0995__D_trail512.npz,28700,22952,0.6015331010452961,17264,5,177,18380,30,0.3092820644378662,0.4120609180389326,0.8178132535962207,0.28763668636589446,0.8907378514264744,0.6655844155844156,0.12112566920259228,1.0,0.0,0,0,5,NOT_EVALUABLE,512.0,115.91256830601093,0.8561643835616438,0.528800583302953
machine-3-1,33,W2_f0995,DE_stab,11.184837526065744,traces/machine-3-1__s33__W2_f0995__DE_stab.npz,28700,22952,0.7230662020905924,20752,16,165,17324,25,0.26471590995788574,0.4645172389004642,0.8265023095036831,0.349659364270473,0.9124655024544202,0.685064935064935,0.10112003381234151,1.0,0.10714285714285714,2,0,14,NOT_EVALUABLE,312.0,109.6923076923077,0.8972602739726028,0.3740430185927816
machine-3-1,33,W2_f0995,DEph_cv,11.184837526065744,traces/machine-3-1__s33__W2_f0995__DEph_cv.npz,28700,22952,0.5641811846689896,16192,3,162,18460,40,0.39595794677734375,0.4555950949777752,0.8159175988846318,0.3442535463775964,0.9044834370127206,0.685064935064935,0.1488799661876585,1.0,0.0,0,0,3,NOT_EVALUABLE,469.3333333333333,126.81927710843374,0.8972602739726028,0.5049216186656945
machine-3-1,33,W2_f0995,H_hold,11.184837526065744,traces/machine-3-1__s33__W2_f0995__H_hold.npz,28700,22952,0.569198606271777,16336,0,180,18124,29,0.2993199825286865,0.38136077530646306,0.8175917489104301,0.2621817287170306,0.888565150678392,0.6655844155844156,0.13137503522118907,1.0,0.0,0,0,0,NOT_EVALUABLE,,116.04419889502762,0.8561643835616438,0.5858549033904484
machine-3-1,33,W3_b01,A_no_update,8.263170020497284,traces/machine-3-1__s33__W3_b01__A_no_update.npz,28700,22952,0.0,0,0,0,0,0,0.017395973205566406,0.4992721734610382,0.8335166436127974,0.4053041509936698,0.9181600372467624,0.788961038961039,0.1991053817976895,1.0,0.0,0,0,0,NOT_EVALUABLE,,,0.7870036101083032,0.5667893137098065
machine-3-1,33,W3_b01,B_always,8.263170020497284,traces/machine-3-1__s33__W3_b01__B_always.npz,28700,22952,1.0,28700,0,0,0,0,0.33202099800109863,0.31744791785562954,0.9283521537985824,0.30214920957017166,0.9698405375941924,0.6331168831168831,0.019301211608903916,1.0,1.0,0,0,0,NOT_EVALUABLE,,,0.6209386281588448,0.03327467605183171
machine-3-1,33,W3_b01,C_threshold,8.263170020497284,traces/machine-3-1__s33__W3_b01__C_threshold.npz,28700,22952,0.6944947735191638,19932,0,0,0,0,0.23968100547790527,0.5630701187355249,0.9394688415979624,0.4911820317451282,0.979946329884322,0.7402597402597403,0.025429698506621582,1.0,0.0,0,0,0,NOT_EVALUABLE,,,0.7364620938628159,0.05631099024156135
machine-3-1,33,W3_b01,D_quarantine,8.263170020497284,traces/machine-3-1__s33__W3_b01__D_quarantine.npz,28700,22952,0.6944947735191638,19932,0,396,8768,0,0.2358551025390625,0.5630701187355249,0.9394688415979624,0.4911820317451282,0.979946329884322,0.7402597402597403,0.025429698506621582,1.0,0.0,0,0,0,NOT_EVALUABLE,,38.14141414141414,0.7364620938628159,0.05631099024156135
machine-3-1,33,W3_b01,D_trail512,8.263170020497284,traces/machine-3-1__s33__W3_b01__D_trail512.npz,28700,22952,0.5173519163763066,14848,3,172,20124,28,0.4631962776184082,0.5519285292085647,0.9223518011292736,0.48007651196267,0.9709072119114411,0.737012987012987,0.03240349394195548,1.0,0.19480519480519481,1,0,2,NOT_EVALUABLE,512.0,129.97727272727272,0.7328519855595668,0.08382658774596065
machine-3-1,33,W3_b01,DE_stab,8.263170020497284,traces/machine-3-1__s33__W3_b01__DE_stab.npz,28700,22952,0.5424390243902439,15568,6,170,20108,30,0.5030536651611328,0.5556289639845661,0.9221469922019373,0.490951611801915,0.970996997542676,0.737012987012987,0.03388278388278388,1.0,0.06818181818181818,1,0,5,NOT_EVALUABLE,341.3333333333333,128.97175141242937,0.7328519855595668,0.09054551271796513
machine-3-1,33,W3_b01,DEph_cv,8.263170020497284,traces/machine-3-1__s33__W3_b01__DEph_cv.npz,28700,22952,0.482787456445993,13856,0,168,20220,33,0.5201108455657959,0.5510123995757692,0.9200373802022153,0.48439522987320816,0.9690769104547108,0.737012987012987,0.038144547759932375,1.0,0.0,0,0,0,NOT_EVALUABLE,,135.55029585798817,0.7328519855595668,0.10958246680531115
machine-3-1,33,W3_b01,H_hold,8.263170020497284,traces/machine-3-1__s33__W3_b01__H_hold.npz,28700,22952,0.482787456445993,13856,0,168,20220,33,0.5168471336364746,0.5510123995757692,0.9200373802022153,0.48439522987320816,0.9690769104547108,0.737012987012987,0.038144547759932375,1.0,0.0,0,0,0,NOT_EVALUABLE,,135.55029585798817,0.7328519855595668,0.10958246680531115
machine-3-2,11,W1,A_no_update,14.134150025159377,traces/machine-3-2__s11__W1__A_no_update.npz,23703,18953,0.0,18953,0,0,0,0,4.206017017364502,0.05704556723654674,0.5317098038188997,0.06492542672755228,0.6057786267183008,0.018034265103697024,0.008674869434363104,0.9,0.0,0,0,0,NOT_EVALUABLE,,,,
machine-3-2,11,W1,B_always,14.134150025159377,traces/machine-3-2__s11__W1__B_always.npz,23703,18953,1.0,42656,0,0,0,0,7.043442964553833,0.057838194031266554,0.5012715338216702,0.06999877119239689,0.5990278444787939,0.014427412082957619,0.0028326104275471363,0.8,1.0,0,0,0,NOT_EVALUABLE,,,,
machine-3-2,11,W1,C_threshold,14.134150025159377,traces/machine-3-2__s11__W1__C_threshold.npz,23703,18953,0.9419482765894612,41280,0,0,0,0,6.4085822105407715,0.05784744108879396,0.506967445014608,0.06913951708204859,0.6008579947106001,0.015329125338142471,0.0033194653447818005,0.9,0.8539224526600541,0,0,0,NOT_EVALUABLE,,,,
machine-3-2,11,W1,D_quarantine,14.134150025159377,traces/machine-3-2__s11__W1__D_quarantine.npz,23703,18953,0.9419482765894612,41280,0,83,1376,0,6.503247976303101,0.05784744108879396,0.506967445014608,0.06913951708204859,0.6008579947106001,0.015329125338142471,0.0033194653447818005,0.9,0.8539224526600541,0,0,0,NOT_EVALUABLE,,32.57831325301205,,
machine-3-2,11,W1,D_trail512,14.134150025159377,traces/machine-3-2__s11__W1__D_trail512.npz,23703,18953,0.9281525545289626,40953,0,71,3984,0,5.593348979949951,0.0582010627278593,0.511465674752819,0.06966748630626057,0.6047892285857489,0.015329125338142471,0.0033194653447818005,0.9,0.8106402164111812,0,0,0,NOT_EVALUABLE,,71.98591549295774,,
machine-3-2,11,W1,DE_stab,14.134150025159377,traces/machine-3-2__s11__W1__DE_stab.npz,23703,18953,0.9281525545289626,40953,0,71,3984,0,5.926774978637695,0.0582010627278593,0.511465674752819,0.06966748630626057,0.6047892285857489,0.015329125338142471,0.0033194653447818005,0.9,0.8106402164111812,0,0,0,NOT_EVALUABLE,,71.98591549295774,,
machine-3-2,11,W1,DEph_cv,14.134150025159377,traces/machine-3-2__s11__W1__DEph_cv.npz,23703,18953,0.9281525545289626,40953,0,71,3984,0,6.02665901184082,0.0582010627278593,0.511465674752819,0.06966748630626057,0.6047892285857489,0.015329125338142471,0.0033194653447818005,0.9,0.8106402164111812,0,0,0,NOT_EVALUABLE,,71.98591549295774,,
machine-3-2,11,W1,H_hold,14.134150025159377,traces/machine-3-2__s11__W1__H_hold.npz,23703,18953,0.9281525545289626,40953,0,71,3984,0,5.7696692943573,0.0582010627278593,0.511465674752819,0.06966748630626057,0.6047892285857489,0.015329125338142471,0.0033194653447818005,0.9,0.8106402164111812,0,0,0,NOT_EVALUABLE,,71.98591549295774,,
machine-3-2,11,W2_f0995,A_no_update,17.254632708144445,traces/machine-3-2__s11__W2_f0995__A_no_update.npz,23703,18953,0.0,0,0,0,0,0,0.01666998863220215,0.0637902720159731,0.6022263425586067,0.07449144278454703,0.66012812383274,0.017132551848512173,0.006727449765424449,0.9,0.0,0,0,0,NOT_EVALUABLE,,,,
machine-3-2,11,W2_f0995,B_always,17.254632708144445,traces/machine-3-2__s11__W2_f0995__B_always.npz,23703,18953,1.0,23703,0,0,0,0,0.0465700626373291,0.055265302037966424,0.4561480369398325,0.060853882283084276,0.5439936416492072,0.015329125338142471,0.0037620607240860405,0.9,1.0,0,0,0,NOT_EVALUABLE,,,,
machine-3-2,11,W2_f0995,C_threshold,17.254632708144445,traces/machine-3-2__s11__W2_f0995__C_threshold.npz,23703,18953,0.930472935915285,22055,0,0,0,0,0.04446005821228027,0.05584742001045903,0.4654024509008472,0.061068381007224594,0.5514499994760317,0.015329125338142471,0.004071877489599009,0.9,0.8584310189359784,0,0,0,NOT_EVALUABLE,,,,
machine-3-2,11,W2_f0995,D_quarantine,17.254632708144445,traces/machine-3-2__s11__W2_f0995__D_quarantine.npz,23703,18953,0.930472935915285,22055,0,100,1648,0,0.0391850471496582,0.05584742001045903,0.4654024509008472,0.061068381007224594,0.5514499994760317,0.015329125338142471,0.004071877489599009,0.9,0.8584310189359784,0,0,0,NOT_EVALUABLE,,32.48,,
machine-3-2,11,W2_f0995,D_trail512,17.254632708144445,traces/machine-3-2__s11__W2_f0995__D_trail512.npz,23703,18953,0.9081972746065898,21527,0,83,4832,0,0.034790992736816406,0.05610685844024345,0.472428582705831,0.061553489337863164,0.5590039586462695,0.015329125338142471,0.004071877489599009,0.9,0.8151487826871056,0,0,0,NOT_EVALUABLE,,74.21686746987952,,
machine-3-2,11,W2_f0995,DE_stab,17.254632708144445,traces/machine-3-2__s11__W2_f0995__DE_stab.npz,23703,18953,0.9081972746065898,21527,0,83,4832,0,0.03460979461669922,0.05610685844024345,0.472428582705831,0.061553489337863164,0.5590039586462695,0.015329125338142471,0.004071877489599009,0.9,0.8151487826871056,0,0,0,NOT_EVALUABLE,,74.21686746987952,,
machine-3-2,11,W2_f0995,DEph_cv,17.254632708144445,traces/machine-3-2__s11__W2_f0995__DEph_cv.npz,23703,18953,0.9081972746065898,21527,0,83,4832,0,0.033837080001831055,0.05610685844024345,0.472428582705831,0.061553489337863164,0.5590039586462695,0.015329125338142471,0.004071877489599009,0.9,0.8151487826871056,0,0,0,NOT_EVALUABLE,,74.21686746987952,,
machine-3-2,11,W2_f0995,H_hold,17.254632708144445,traces/machine-3-2__s11__W2_f0995__H_hold.npz,23703,18953,0.9081972746065898,21527,0,83,4832,0,0.03437519073486328,0.05610685844024345,0.472428582705831,0.061553489337863164,0.5590039586462695,0.015329125338142471,0.004071877489599009,0.9,0.8151487826871056,0,0,0,NOT_EVALUABLE,,74.21686746987952,,
machine-3-2,11,W3_b01,A_no_update,14.980219268255471,traces/machine-3-2__s11__W3_b01__A_no_update.npz,23703,18953,0.0,0,0,0,0,0,0.012847900390625,0.0541413704540175,0.5075869388626919,0.06489962804419627,0.5946394156164236,0.018935978358881875,0.010799327255023458,0.9,0.0,0,0,0,NOT_EVALUABLE,,,,
machine-3-2,11,W3_b01,B_always,14.980219268255471,traces/machine-3-2__s11__W3_b01__B_always.npz,23703,18953,1.0,23703,0,0,0,0,0.24315118789672852,0.06199298115302883,0.5316493410596891,0.07172148410632954,0.6249258264022182,0.013525698827772768,0.0026113127378950165,0.9,1.0,0,0,0,NOT_EVALUABLE,,,,
machine-3-2,11,W3_b01,C_threshold,14.980219268255471,traces/machine-3-2__s11__W3_b01__C_threshold.npz,23703,18953,0.9540986373032949,22615,0,0,0,0,0.2386782169342041,0.05953670942852575,0.508686423209143,0.06759140819446952,0.5988309962367918,0.013525698827772768,0.0026113127378950165,0.9,0.8827772768259693,0,0,0,NOT_EVALUABLE,,,,
machine-3-2,11,W3_b01,D_quarantine,14.980219268255471,traces/machine-3-2__s11__W3_b01__D_quarantine.npz,23703,18953,0.9540986373032949,22615,0,66,1088,0,0.24610400199890137,0.05953670942852575,0.508686423209143,0.06759140819446952,0.5988309962367918,0.013525698827772768,0.0026113127378950165,0.9,0.8827772768259693,0,0,0,NOT_EVALUABLE,,32.484848484848484,,
machine-3-2,11,W3_b01,D_trail512,14.980219268255471,traces/machine-3-2__s11__W3_b01__D_trail512.npz,23703,18953,0.9385731763911741,22247,0,56,3248,0,0.23794198036193848,0.05998065875892972,0.5216063370718609,0.06861315706826787,0.6115862773240838,0.013525698827772768,0.0026998318137558645,0.9,0.8394950405770965,0,0,0,NOT_EVALUABLE,,74.0,,
machine-3-2,11,W3_b01,DE_stab,14.980219268255471,traces/machine-3-2__s11__W3_b01__DE_stab.npz,23703,18953,0.9385731763911741,22247,0,56,3248,0,0.22698974609375,0.05998065875892972,0.5216063370718609,0.06861315706826787,0.6115862773240838,0.013525698827772768,0.0026998318137558645,0.9,0.8394950405770965,0,0,0,NOT_EVALUABLE,,74.0,,
machine-3-2,11,W3_b01,DEph_cv,14.980219268255471,traces/machine-3-2__s11__W3_b01__DEph_cv.npz,23703,18953,0.9385731763911741,22247,0,56,3248,0,0.2373981475830078,0.05998065875892972,0.5216063370718609,0.06861315706826787,0.6115862773240838,0.013525698827772768,0.0026998318137558645,0.9,0.8394950405770965,0,0,0,NOT_EVALUABLE,,74.0,,
machine-3-2,11,W3_b01,H_hold,14.980219268255471,traces/machine-3-2__s11__W3_b01__H_hold.npz,23703,18953,0.9385731763911741,22247,0,56,3248,0,0.22629308700561523,0.05998065875892972,0.5216063370718609,0.06861315706826787,0.6115862773240838,0.013525698827772768,0.0026998318137558645,0.9,0.8394950405770965,0,0,0,NOT_EVALUABLE,,74.0,,
machine-3-2,22,W1,A_no_update,14.01678921114853,traces/machine-3-2__s22__W1__A_no_update.npz,23703,18953,0.0,18953,0,0,0,0,4.0500030517578125,0.05783752360437128,0.5433367325509865,0.06493073491986626,0.6129575629388583,0.018935978358881875,0.009073205275736922,0.9,0.0,0,0,0,NOT_EVALUABLE,,,,
machine-3-2,22,W1,B_always,14.01678921114853,traces/machine-3-2__s22__W1__B_always.npz,23703,18953,1.0,42656,0,0,0,0,6.709985971450806,0.05637291852069387,0.5043212714053134,0.06779468788481983,0.6005144579909757,0.014427412082957619,0.0035407630344339207,0.9,1.0,0,0,0,NOT_EVALUABLE,,,,
machine-3-2,22,W1,C_threshold,14.01678921114853,traces/machine-3-2__s22__W1__C_threshold.npz,23703,18953,0.930472935915285,41008,0,0,0,0,6.938713312149048,0.05751315483988227,0.5086505047383247,0.06776017866148214,0.6029571591936322,0.015329125338142471,0.004027617951668585,0.9,0.8539224526600541,0,0,0,NOT_EVALUABLE,,,,
machine-3-2,22,W1,D_quarantine,14.01678921114853,traces/machine-3-2__s22__W1__D_quarantine.npz,23703,18953,0.930472935915285,41008,0,99,1648,0,6.6277971267700195,0.05751315483988227,0.5086505047383247,0.06776017866148214,0.6029571591936322,0.015329125338142471,0.004027617951668585,0.9,0.8539224526600541,0,0,0,NOT_EVALUABLE,,32.64646464646464,,
machine-3-2,22,W1,D_trail512,14.01678921114853,traces/machine-3-2__s22__W1__D_trail512.npz,23703,18953,0.914652153735814,40633,0,85,4752,0,6.370451927185059,0.05739876222619373,0.5079944738235364,0.0676665259230515,0.6025518173042623,0.015329125338142471,0.004027617951668585,0.9,0.8106402164111812,0,0,0,NOT_EVALUABLE,,71.8,,
machine-3-2,22,W1,DE_stab,14.01678921114853,traces/machine-3-2__s22__W1__DE_stab.npz,23703,18953,0.914652153735814,40633,0,85,4752,0,6.10110068321228,0.05739876222619373,0.5079944738235364,0.0676665259230515,0.6025518173042623,0.015329125338142471,0.004027617951668585,0.9,0.8106402164111812,0,0,0,NOT_EVALUABLE,,71.8,,
machine-3-2,22,W1,DEph_cv,14.01678921114853,traces/machine-3-2__s22__W1__DEph_cv.npz,23703,18953,0.914652153735814,40633,0,85,4752,0,6.33444619178772,0.05739876222619373,0.5079944738235364,0.0676665259230515,0.6025518173042623,0.015329125338142471,0.004027617951668585,0.9,0.8106402164111812,0,0,0,NOT_EVALUABLE,,71.8,,
machine-3-2,22,W1,H_hold,14.01678921114853,traces/machine-3-2__s22__W1__H_hold.npz,23703,18953,0.914652153735814,40633,0,85,4752,0,6.16904878616333,0.05739876222619373,0.5079944738235364,0.0676665259230515,0.6025518173042623,0.015329125338142471,0.004027617951668585,0.9,0.8106402164111812,0,0,0,NOT_EVALUABLE,,71.8,,
machine-3-2,22,W2_f0995,A_no_update,17.279396723097513,traces/machine-3-2__s22__W2_f0995__A_no_update.npz,23703,18953,0.0,0,0,0,0,0,0.018338680267333984,0.0640434514494359,0.6039819176839643,0.0748125370275579,0.6615928881611697,0.017132551848512173,0.006638930689563601,0.9,0.0,0,0,0,NOT_EVALUABLE,,,,
machine-3-2,22,W2_f0995,B_always,17.279396723097513,traces/machine-3-2__s22__W2_f0995__B_always.npz,23703,18953,1.0,23703,0,0,0,0,0.0467829704284668,0.05551728882724205,0.45779767253098236,0.06106155389220369,0.544918532125321,0.015329125338142471,0.0037178011861556167,0.9,1.0,0,0,0,NOT_EVALUABLE,,,,
machine-3-2,22,W2_f0995,C_threshold,17.279396723097513,traces/machine-3-2__s22__W2_f0995__C_threshold.npz,23703,18953,0.9311479559549424,22071,0,0,0,0,0.043141841888427734,0.05607303190520066,0.46703957489132863,0.06128110154068646,0.5523901496741898,0.015329125338142471,0.004027617951668585,0.9,0.8584310189359784,0,0,0,NOT_EVALUABLE,,,,
machine-3-2,22,W2_f0995,D_quarantine,17.279396723097513,traces/machine-3-2__s22__W2_f0995__D_quarantine.npz,23703,18953,0.9311479559549424,22071,0,99,1632,0,0.04348897933959961,0.05607303190520066,0.46703957489132863,0.06128110154068646,0.5523901496741898,0.015329125338142471,0.004027617951668585,0.9,0.8584310189359784,0,0,0,NOT_EVALUABLE,,32.484848484848484,,
machine-3-2,22,W2_f0995,D_trail512,17.279396723097513,traces/machine-3-2__s22__W2_f0995__D_trail512.npz,23703,18953,0.9088722946462473,21543,0,82,4784,0,0.03879904747009277,0.056323304517009995,0.4741696507599191,0.061783675841960116,0.5600189873544213,0.015329125338142471,0.004027617951668585,0.9,0.8151487826871056,0,0,0,NOT_EVALUABLE,,74.34146341463415,,
machine-3-2,22,W2_f0995,DE_stab,17.279396723097513,traces/machine-3-2__s22__W2_f0995__DE_stab.npz,23703,18953,0.9088722946462473,21543,0,82,4784,0,0.03879404067993164,0.056323304517009995,0.4741696507599191,0.061783675841960116,0.5600189873544213,0.015329125338142471,0.004027617951668585,0.9,0.8151487826871056,0,0,0,NOT_EVALUABLE,,74.34146341463415,,
machine-3-2,22,W2_f0995,DEph_cv,17.279396723097513,traces/machine-3-2__s22__W2_f0995__DEph_cv.npz,23703,18953,0.9088722946462473,21543,0,82,4784,0,0.03895401954650879,0.056323304517009995,0.4741696507599191,0.061783675841960116,0.5600189873544213,0.015329125338142471,0.004027617951668585,0.9,0.8151487826871056,0,0,0,NOT_EVALUABLE,,74.34146341463415,,
machine-3-2,22,W2_f0995,H_hold,17.279396723097513,traces/machine-3-2__s22__W2_f0995__H_hold.npz,23703,18953,0.9088722946462473,21543,0,82,4784,0,0.04092693328857422,0.056323304517009995,0.4741696507599191,0.061783675841960116,0.5600189873544213,0.015329125338142471,0.004027617951668585,0.9,0.8151487826871056,0,0,0,NOT_EVALUABLE,,74.34146341463415,,
machine-3-2,22,W3_b01,A_no_update,15.169048124002382,traces/machine-3-2__s22__W3_b01__A_no_update.npz,23703,18953,0.0,0,0,0,0,0,0.01314091682434082,0.06377544893655164,0.5863910062383998,0.07460854612854323,0.6580099268869163,0.02254283137962128,0.01048951048951049,0.9,0.0,0,0,0,NOT_EVALUABLE,,,,
machine-3-2,22,W3_b01,B_always,15.169048124002382,traces/machine-3-2__s22__W3_b01__B_always.npz,23703,18953,1.0,23703,0,0,0,0,0.2432098388671875,0.06277891750153217,0.5375771458911704,0.07174269312824577,0.6328383623133538,0.013525698827772768,0.0026555722758254403,0.9,1.0,0,0,0,NOT_EVALUABLE,,,,
machine-3-2,22,W3_b01,C_threshold,15.169048124002382,traces/machine-3-2__s22__W3_b01__C_threshold.npz,23703,18953,0.9534236172636376,22599,0,0,0,0,0.23246097564697266,0.05999545813712353,0.5143916133403754,0.06753327567662282,0.6068323995015102,0.013525698827772768,0.0026555722758254403,0.9,0.8827772768259693,0,0,0,NOT_EVALUABLE,,,,
machine-3-2,22,W3_b01,D_quarantine,15.169048124002382,traces/machine-3-2__s22__W3_b01__D_quarantine.npz,23703,18953,0.9534236172636376,22599,0,67,1104,0,0.23470616340637207,0.05999545813712353,0.5143916133403754,0.06753327567662282,0.6068323995015102,0.013525698827772768,0.0026555722758254403,0.9,0.8827772768259693,0,0,0,NOT_EVALUABLE,,32.47761194029851,,
machine-3-2,22,W3_b01,D_trail512,15.169048124002382,traces/machine-3-2__s22__W3_b01__D_trail512.npz,23703,18953,0.9405982365101464,22295,0,57,3232,0,0.22116398811340332,0.06124827086868621,0.5358434610783059,0.06967510333561996,0.6272753862073647,0.013525698827772768,0.0026555722758254403,0.9,0.8394950405770965,0,0,0,NOT_EVALUABLE,,72.70175438596492,,
machine-3-2,22,W3_b01,DE_stab,15.169048124002382,traces/machine-3-2__s22__W3_b01__DE_stab.npz,23703,18953,0.9405982365101464,22295,0,57,3232,0,0.22530412673950195,0.06124827086868621,0.5358434610783059,0.06967510333561996,0.6272753862073647,0.013525698827772768,0.0026555722758254403,0.9,0.8394950405770965,0,0,0,NOT_EVALUABLE,,72.70175438596492,,
machine-3-2,22,W3_b01,DEph_cv,15.169048124002382,traces/machine-3-2__s22__W3_b01__DEph_cv.npz,23703,18953,0.9405982365101464,22295,0,57,3232,0,0.22009801864624023,0.06124827086868621,0.5358434610783059,0.06967510333561996,0.6272753862073647,0.013525698827772768,0.0026555722758254403,0.9,0.8394950405770965,0,0,0,NOT_EVALUABLE,,72.70175438596492,,
machine-3-2,22,W3_b01,H_hold,15.169048124002382,traces/machine-3-2__s22__W3_b01__H_hold.npz,23703,18953,0.9405982365101464,22295,0,57,3232,0,0.22047686576843262,0.06124827086868621,0.5358434610783059,0.06967510333561996,0.6272753862073647,0.013525698827772768,0.0026555722758254403,0.9,0.8394950405770965,0,0,0,NOT_EVALUABLE,,72.70175438596492,,
machine-3-2,33,W1,A_no_update,14.040659445183337,traces/machine-3-2__s33__W1__A_no_update.npz,23703,18953,0.0,18953,0,0,0,0,3.269984006881714,0.05713483946140195,0.5218262977962103,0.06431732264187273,0.5974461199706433,0.018034265103697024,0.008542090820571833,0.9,0.0,0,0,0,NOT_EVALUABLE,,,,
machine-3-2,33,W1,B_always,14.040659445183337,traces/machine-3-2__s33__W1__B_always.npz,23703,18953,1.0,42656,0,0,0,0,5.847438097000122,0.05702661331032874,0.5064712512949606,0.06822659307803927,0.6013331685354313,0.014427412082957619,0.0031866867309905283,0.9,1.0,0,0,0,NOT_EVALUABLE,,,,
machine-3-2,33,W1,C_threshold,14.040659445183337,traces/machine-3-2__s33__W1__C_threshold.npz,23703,18953,0.9270978357169979,40928,0,0,0,0,5.628271818161011,0.05728675434884513,0.5097315509364224,0.06779241302871529,0.6020195904899444,0.014427412082957619,0.004337434717181552,0.9,0.8683498647430117,0,0,0,NOT_EVALUABLE,,,,
machine-3-2,33,W1,D_quarantine,14.040659445183337,traces/machine-3-2__s33__W1__D_quarantine.npz,23703,18953,0.9270978357169979,40928,0,103,1728,0,5.545817136764526,0.05728675434884513,0.5097315509364224,0.06779241302871529,0.6020195904899444,0.014427412082957619,0.004337434717181552,0.9,0.8683498647430117,0,0,0,NOT_EVALUABLE,,32.77669902912621,,
machine-3-2,33,W1,D_trail512,14.040659445183337,traces/machine-3-2__s33__W1__D_trail512.npz,23703,18953,0.9119520735771843,40569,0,90,4976,0,5.228097200393677,0.05712512692217932,0.5077947870804932,0.06752047007466715,0.5997033755683335,0.014427412082957619,0.004337434717181552,0.9,0.8250676284941388,0,0,0,NOT_EVALUABLE,,71.18888888888888,,
machine-3-2,33,W1,DE_stab,14.040659445183337,traces/machine-3-2__s33__W1__DE_stab.npz,23703,18953,0.9119520735771843,40569,0,90,4976,0,5.376675128936768,0.05712512692217932,0.5077947870804932,0.06752047007466715,0.5997033755683335,0.014427412082957619,0.004337434717181552,0.9,0.8250676284941388,0,0,0,NOT_EVALUABLE,,71.18888888888888,,
machine-3-2,33,W1,DEph_cv,14.040659445183337,traces/machine-3-2__s33__W1__DEph_cv.npz,23703,18953,0.9119520735771843,40569,0,90,4976,0,5.445876121520996,0.05712512692217932,0.5077947870804932,0.06752047007466715,0.5997033755683335,0.014427412082957619,0.004337434717181552,0.9,0.8250676284941388,0,0,0,NOT_EVALUABLE,,71.18888888888888,,
machine-3-2,33,W1,H_hold,14.040659445183337,traces/machine-3-2__s33__W1__H_hold.npz,23703,18953,0.9119520735771843,40569,0,90,4976,0,5.048387050628662,0.05712512692217932,0.5077947870804932,0.06752047007466715,0.5997033755683335,0.014427412082957619,0.004337434717181552,0.9,0.8250676284941388,0,0,0,NOT_EVALUABLE,,71.18888888888888,,
machine-3-2,33,W2_f0995,A_no_update,17.259075628596573,traces/machine-3-2__s33__W2_f0995__A_no_update.npz,23703,18953,0.0,0,0,0,0,0,0.017008066177368164,0.06402197709784757,0.6037124692887098,0.07472051932807058,0.6613510381973359,0.017132551848512173,0.006638930689563601,0.9,0.0,0,0,0,NOT_EVALUABLE,,,,
machine-3-2,33,W2_f0995,B_always,17.259075628596573,traces/machine-3-2__s33__W2_f0995__B_always.npz,23703,18953,1.0,23703,0,0,0,0,0.04053974151611328,0.05541186757610457,0.45717442719816853,0.061017472813803215,0.5447725362848974,0.015329125338142471,0.0037620607240860405,0.9,1.0,0,0,0,NOT_EVALUABLE,,,,
machine-3-2,33,W2_f0995,C_threshold,17.259075628596573,traces/machine-3-2__s33__W2_f0995__C_threshold.npz,23703,18953,0.930472935915285,22055,0,0,0,0,0.03960299491882324,0.05599126185092605,0.4664095848678835,0.06125286819277384,0.5522589246216998,0.015329125338142471,0.004071877489599009,0.9,0.8584310189359784,0,0,0,NOT_EVALUABLE,,,,
machine-3-2,33,W2_f0995,D_quarantine,17.259075628596573,traces/machine-3-2__s33__W2_f0995__D_quarantine.npz,23703,18953,0.930472935915285,22055,0,100,1648,0,0.039920806884765625,0.05599126185092605,0.4664095848678835,0.06125286819277384,0.5522589246216998,0.015329125338142471,0.004071877489599009,0.9,0.8584310189359784,0,0,0,NOT_EVALUABLE,,32.48,,
machine-3-2,33,W2_f0995,D_trail512,17.259075628596573,traces/machine-3-2__s33__W2_f0995__D_trail512.npz,23703,18953,0.9081972746065898,21527,0,83,4832,0,0.035620927810668945,0.05623758109931094,0.4734921884908759,0.061745450766210144,0.5597980336622789,0.015329125338142471,0.004071877489599009,0.9,0.8151487826871056,0,0,0,NOT_EVALUABLE,,74.21686746987952,,
machine-3-2,33,W2_f0995,DE_stab,17.259075628596573,traces/machine-3-2__s33__W2_f0995__DE_stab.npz,23703,18953,0.9081972746065898,21527,0,83,4832,0,0.03554797172546387,0.05623758109931094,0.4734921884908759,0.061745450766210144,0.5597980336622789,0.015329125338142471,0.004071877489599009,0.9,0.8151487826871056,0,0,0,NOT_EVALUABLE,,74.21686746987952,,
machine-3-2,33,W2_f0995,DEph_cv,17.259075628596573,traces/machine-3-2__s33__W2_f0995__DEph_cv.npz,23703,18953,0.9081972746065898,21527,0,83,4832,0,0.0361018180847168,0.05623758109931094,0.4734921884908759,0.061745450766210144,0.5597980336622789,0.015329125338142471,0.004071877489599009,0.9,0.8151487826871056,0,0,0,NOT_EVALUABLE,,74.21686746987952,,
machine-3-2,33,W2_f0995,H_hold,17.259075628596573,traces/machine-3-2__s33__W2_f0995__H_hold.npz,23703,18953,0.9081972746065898,21527,0,83,4832,0,0.035859107971191406,0.05623758109931094,0.4734921884908759,0.061745450766210144,0.5597980336622789,0.015329125338142471,0.004071877489599009,0.9,0.8151487826871056,0,0,0,NOT_EVALUABLE,,74.21686746987952,,
machine-3-2,33,W3_b01,A_no_update,15.3659443649084,traces/machine-3-2__s33__W3_b01__A_no_update.npz,23703,18953,0.0,0,0,0,0,0,0.014632940292358398,0.06446592374563381,0.5939880421823328,0.07730361937049719,0.6683246892105612,0.020739404869251576,0.010135434186067098,0.9,0.0,0,0,0,NOT_EVALUABLE,,,,
machine-3-2,33,W3_b01,B_always,15.3659443649084,traces/machine-3-2__s33__W3_b01__B_always.npz,23703,18953,1.0,23703,0,0,0,0,0.2629261016845703,0.0620717463730092,0.5348709285714913,0.07227625107270334,0.6314388897999701,0.013525698827772768,0.0024785341241037443,0.9,1.0,0,0,0,NOT_EVALUABLE,,,,
machine-3-2,33,W3_b01,C_threshold,15.3659443649084,traces/machine-3-2__s33__W3_b01__C_threshold.npz,23703,18953,0.9547736573429524,22631,0,0,0,0,0.2504730224609375,0.059551643984895285,0.5105187241791093,0.06751934729336256,0.6029935848621151,0.013525698827772768,0.0025670531999645923,0.9,0.8827772768259693,0,0,0,NOT_EVALUABLE,,,,
machine-3-2,33,W3_b01,D_quarantine,15.3659443649084,traces/machine-3-2__s33__W3_b01__D_quarantine.npz,23703,18953,0.9547736573429524,22631,0,65,1072,0,0.2518148422241211,0.059551643984895285,0.5105187241791093,0.06751934729336256,0.6029935848621151,0.013525698827772768,0.0025670531999645923,0.9,0.8827772768259693,0,0,0,NOT_EVALUABLE,,32.49230769230769,,
machine-3-2,33,W3_b01,D_trail512,15.3659443649084,traces/machine-3-2__s33__W3_b01__D_trail512.npz,23703,18953,0.9412732565498039,22311,0,56,3184,0,0.23482704162597656,0.060460830692532885,0.5268970879139694,0.06984650818584957,0.6219623319825361,0.013525698827772768,0.0026113127378950165,0.9,0.8394950405770965,0,0,0,NOT_EVALUABLE,,72.85714285714286,,
machine-3-2,33,W3_b01,DE_stab,15.3659443649084,traces/machine-3-2__s33__W3_b01__DE_stab.npz,23703,18953,0.9412732565498039,22311,0,56,3184,0,0.23423004150390625,0.060460830692532885,0.5268970879139694,0.06984650818584957,0.6219623319825361,0.013525698827772768,0.0026113127378950165,0.9,0.8394950405770965,0,0,0,NOT_EVALUABLE,,72.85714285714286,,
machine-3-2,33,W3_b01,DEph_cv,15.3659443649084,traces/machine-3-2__s33__W3_b01__DEph_cv.npz,23703,18953,0.9412732565498039,22311,0,56,3184,0,0.2331371307373047,0.060460830692532885,0.5268970879139694,0.06984650818584957,0.6219623319825361,0.013525698827772768,0.0026113127378950165,0.9,0.8394950405770965,0,0,0,NOT_EVALUABLE,,72.85714285714286,,
machine-3-2,33,W3_b01,H_hold,15.3659443649084,traces/machine-3-2__s33__W3_b01__H_hold.npz,23703,18953,0.9412732565498039,22311,0,56,3184,0,0.23673319816589355,0.060460830692532885,0.5268970879139694,0.06984650818584957,0.6219623319825361,0.013525698827772768,0.0026113127378950165,0.9,0.8394950405770965,0,0,0,NOT_EVALUABLE,,72.85714285714286,,
machine-3-3,11,W1,A_no_update,7.517718400549854,traces/machine-3-3__s11__W1__A_no_update.npz,23703,18954,0.0,18954,0,0,0,0,3.78114914894104,0.14391655858102126,0.7505262716797734,0.17583632712132913,0.8764529024265848,0.1060126582278481,0.007585280221923627,0.9230769230769231,0.0,0,0,0,NOT_EVALUABLE,,,0.06951871657754011,0.0
machine-3-3,11,W1,B_always,7.517718400549854,traces/machine-3-3__s11__W1__B_always.npz,23703,18954,1.0,42657,0,0,0,0,5.157118082046509,0.15083114399926117,0.7854926646362439,0.19385253401756972,0.8922144587848596,0.10443037974683544,0.006414979844826839,0.9615384615384616,1.0,0,0,0,NOT_EVALUABLE,,,0.06951871657754011,0.0
machine-3-3,11,W1,C_threshold,7.517718400549854,traces/machine-3-3__s11__W1__C_threshold.npz,23703,18954,0.9014470742100156,40321,0,0,0,0,4.966244220733643,0.16033595650105392,0.79846181353214,0.19405036353843935,0.8962776268344018,0.1060126582278481,0.006111568635949894,0.9615384615384616,0.33544303797468356,0,0,0,NOT_EVALUABLE,,,0.07219251336898395,0.0
machine-3-3,11,W1,D_quarantine,7.517718400549854,traces/machine-3-3__s11__W1__D_quarantine.npz,23703,18954,0.9014470742100156,40321,0,111,2336,0,4.850679159164429,0.16033595650105392,0.79846181353214,0.19405036353843935,0.8962776268344018,0.1060126582278481,0.006111568635949894,0.9615384615384616,0.33544303797468356,0,0,0,NOT_EVALUABLE,,37.04504504504504,0.07219251336898395,0.0
machine-3-3,11,W1,D_trail512,7.517718400549854,traces/machine-3-3__s11__W1__D_trail512.npz,23703,18954,0.8697211323461165,39569,0,76,5520,2,4.742870092391968,0.1622372920062815,0.8012684357972554,0.19789918430964393,0.8985081454928533,0.10443037974683544,0.0060248797191279095,0.9615384615384616,0.18354430379746836,0,0,0,NOT_EVALUABLE,,88.63157894736842,0.06951871657754011,0.0
machine-3-3,11,W1,DE_stab,7.517718400549854,traces/machine-3-3__s11__W1__DE_stab.npz,23703,18954,0.8811964730202928,39841,1,76,5504,1,4.662333726882935,0.16056142010608748,0.7960450856437118,0.1967397389187745,0.8965110589176849,0.10284810126582279,0.0060248797191279095,0.9615384615384616,0.6139240506329114,1,1,0,NOT_EVALUABLE,256.0,87.27272727272727,0.06684491978609626,0.0
machine-3-3,11,W1,DEph_cv,7.517718400549854,traces/machine-3-3__s11__W1__DEph_cv.npz,23703,18954,0.8697211323461165,39569,0,76,5520,2,4.909703969955444,0.1622372920062815,0.8012684357972554,0.19789918430964393,0.8985081454928533,0.10443037974683544,0.0060248797191279095,0.9615384615384616,0.18354430379746836,0,0,0,NOT_EVALUABLE,,88.63157894736842,0.06951871657754011,0.0
machine-3-3,11,W1,H_hold,7.517718400549854,traces/machine-3-3__s11__W1__H_hold.npz,23703,18954,0.8697211323461165,39569,0,76,5520,2,4.491063117980957,0.1622372920062815,0.8012684357972554,0.19789918430964393,0.8985081454928533,0.10443037974683544,0.0060248797191279095,0.9615384615384616,0.18354430379746836,0,0,0,NOT_EVALUABLE,,88.63157894736842,0.06951871657754011,0.0
machine-3-3,11,W2_f0995,A_no_update,11.822471837949731,traces/machine-3-3__s11__W2_f0995__A_no_update.npz,23703,18954,0.0,0,0,0,0,0,0.017444849014282227,0.07012597399294919,0.5164804615252092,0.06826303790363938,0.6824108024898132,0.11392405063291139,0.0342854666030948,0.9615384615384616,0.0,0,0,0,NOT_EVALUABLE,,,,
machine-3-3,11,W2_f0995,B_always,11.822471837949731,traces/machine-3-3__s11__W2_f0995__B_always.npz,23703,18954,1.0,23703,0,0,0,0,0.048558712005615234,0.17999916854726758,0.8302517846669253,0.242593273903536,0.9274287527927816,0.05063291139240506,0.001950500628494647,0.8846153846153846,1.0,0,0,0,NOT_EVALUABLE,,,,
machine-3-3,11,W2_f0995,C_threshold,11.822471837949731,traces/machine-3-3__s11__W2_f0995__C_threshold.npz,23703,18954,0.9682740581361009,22951,0,0,0,0,0.04198718070983887,0.17812193124083928,0.831637710008016,0.24234873191689577,0.9289458113948293,0.05221518987341772,0.002167222920549608,0.8846153846153846,0.7753164556962026,0,0,0,NOT_EVALUABLE,,,,
machine-3-3,11,W2_f0995,D_quarantine,11.822471837949731,traces/machine-3-3__s11__W2_f0995__D_quarantine.npz,23703,18954,0.9682740581361009,22951,0,44,752,0,0.04267692565917969,0.17812193124083928,0.831637710008016,0.24234873191689577,0.9289458113948293,0.05221518987341772,0.002167222920549608,0.8846153846153846,0.7753164556962026,0,0,0,NOT_EVALUABLE,,33.09090909090909,,
machine-3-3,11,W2_f0995,D_trail512,11.822471837949731,traces/machine-3-3__s11__W2_f0995__D_trail512.npz,23703,18954,0.9635489178584989,22839,0,39,2112,0,0.0384371280670166,0.17821799802551772,0.8293794431499022,0.24347519736284765,0.92727829334672,0.05221518987341772,0.0022105673789606,0.8846153846153846,0.7753164556962026,0,0,0,NOT_EVALUABLE,,70.15384615384616,,
machine-3-3,11,W2_f0995,DE_stab,11.822471837949731,traces/machine-3-3__s11__W2_f0995__DE_stab.npz,23703,18954,0.9635489178584989,22839,0,39,2112,0,0.037925004959106445,0.17821799802551772,0.8293794431499022,0.24347519736284765,0.92727829334672,0.05221518987341772,0.0022105673789606,0.8846153846153846,0.7753164556962026,0,0,0,NOT_EVALUABLE,,70.15384615384616,,
machine-3-3,11,W2_f0995,DEph_cv,11.822471837949731,traces/machine-3-3__s11__W2_f0995__DEph_cv.npz,23703,18954,0.9635489178584989,22839,0,39,2112,0,0.03751492500305176,0.17821799802551772,0.8293794431499022,0.24347519736284765,0.92727829334672,0.05221518987341772,0.0022105673789606,0.8846153846153846,0.7753164556962026,0,0,0,NOT_EVALUABLE,,70.15384615384616,,
machine-3-3,11,W2_f0995,H_hold,11.822471837949731,traces/machine-3-3__s11__W2_f0995__H_hold.npz,23703,18954,0.9635489178584989,22839,0,39,2112,0,0.03765392303466797,0.17821799802551772,0.8293794431499022,0.24347519736284765,0.92727829334672,0.05221518987341772,0.0022105673789606,0.8846153846153846,0.7753164556962026,0,0,0,NOT_EVALUABLE,,70.15384615384616,,
machine-3-3,11,W3_b01,A_no_update,8.170815890202833,traces/machine-3-3__s11__W3_b01__A_no_update.npz,23703,18954,0.0,0,0,0,0,0,0.016115903854370117,0.07187873325133938,0.5118482625730478,0.07328616878249695,0.6894743567759608,0.11234177215189874,0.041740713449785444,0.9615384615384616,0.0,0,0,0,NOT_EVALUABLE,,,,
machine-3-3,11,W3_b01,B_always,8.170815890202833,traces/machine-3-3__s11__W3_b01__B_always.npz,23703,18954,1.0,23703,0,0,0,0,0.22894024848937988,0.18344690405852185,0.8490095791253088,0.21846479094353072,0.9239665893937742,0.07120253164556962,0.003294178839235404,0.9230769230769231,1.0,0,0,0,NOT_EVALUABLE,,,,
machine-3-3,11,W3_b01,C_threshold,8.170815890202833,traces/machine-3-3__s11__W3_b01__C_threshold.npz,23703,18954,0.9439733367084335,22375,0,0,0,0,0.2215287685394287,0.1835525482465418,0.847107635263515,0.22133336293764347,0.9237287193400766,0.09018987341772151,0.004681201508387153,0.9230769230769231,0.5332278481012658,0,0,0,NOT_EVALUABLE,,,,
machine-3-3,11,W3_b01,D_quarantine,8.170815890202833,traces/machine-3-3__s11__W3_b01__D_quarantine.npz,23703,18954,0.9439733367084335,22375,0,71,1328,0,0.22594404220581055,0.1835525482465418,0.847107635263515,0.22133336293764347,0.9237287193400766,0.09018987341772151,0.004681201508387153,0.9230769230769231,0.5332278481012658,0,0,0,NOT_EVALUABLE,,34.70422535211268,,
machine-3-3,11,W3_b01,D_trail512,8.170815890202833,traces/machine-3-3__s11__W3_b01__D_trail512.npz,23703,18954,0.925747795637683,21943,0,58,3616,0,0.20742082595825195,0.1925948105223136,0.864217585889239,0.23472811971509763,0.9332775993973497,0.0949367088607595,0.004897923800442114,0.9230769230769231,0.46044303797468356,0,0,0,NOT_EVALUABLE,,78.34482758620689,,
machine-3-3,11,W3_b01,DE_stab,8.170815890202833,traces/machine-3-3__s11__W3_b01__DE_stab.npz,23703,18954,0.925747795637683,21943,0,58,3616,0,0.20488286018371582,0.1925948105223136,0.864217585889239,0.23472811971509763,0.9332775993973497,0.0949367088607595,0.004897923800442114,0.9230769230769231,0.46044303797468356,0,0,0,NOT_EVALUABLE,,78.34482758620689,,
machine-3-3,11,W3_b01,DEph_cv,8.170815890202833,traces/machine-3-3__s11__W3_b01__DEph_cv.npz,23703,18954,0.925747795637683,21943,0,58,3616,0,0.20775103569030762,0.1925948105223136,0.864217585889239,0.23472811971509763,0.9332775993973497,0.0949367088607595,0.004897923800442114,0.9230769230769231,0.46044303797468356,0,0,0,NOT_EVALUABLE,,78.34482758620689,,
machine-3-3,11,W3_b01,H_hold,8.170815890202833,traces/machine-3-3__s11__W3_b01__H_hold.npz,23703,18954,0.925747795637683,21943,0,58,3616,0,0.2079620361328125,0.1925948105223136,0.864217585889239,0.23472811971509763,0.9332775993973497,0.0949367088607595,0.004897923800442114,0.9230769230769231,0.46044303797468356,0,0,0,NOT_EVALUABLE,,78.34482758620689,,
machine-3-3,22,W1,A_no_update,7.565700907749831,traces/machine-3-3__s22__W1__A_no_update.npz,23703,18954,0.0,18954,0,0,0,0,4.621889114379883,0.14169193128360846,0.7520061557360904,0.17627264492969125,0.8760601907680595,0.0981012658227848,0.006935113345758745,0.9230769230769231,0.0,0,0,0,NOT_EVALUABLE,,,0.059895833333333336,
machine-3-3,22,W1,B_always,7.565700907749831,traces/machine-3-3__s22__W1__B_always.npz,23703,18954,1.0,42657,0,0,0,0,5.8389482498168945,0.1498364014242085,0.784047209247842,0.19183920017067776,0.889729600185861,0.0949367088607595,0.005721468510250964,0.9230769230769231,1.0,0,0,0,NOT_EVALUABLE,,,0.059895833333333336,
machine-3-3,22,W1,C_threshold,7.565700907749831,traces/machine-3-3__s22__W1__C_threshold.npz,23703,18954,0.906847234527275,40449,0,0,0,0,4.895711898803711,0.15846474705365743,0.7912717771612013,0.19337638444234612,0.8937164117764224,0.10126582278481013,0.005851501885483941,0.9230769230769231,0.34177215189873417,0,0,0,NOT_EVALUABLE,,,0.0703125,
machine-3-3,22,W1,D_quarantine,7.565700907749831,traces/machine-3-3__s22__W1__D_quarantine.npz,23703,18954,0.906847234527275,40449,0,108,2208,0,4.808558940887451,0.15846474705365743,0.7912717771612013,0.19337638444234612,0.8937164117764224,0.10126582278481013,0.005851501885483941,0.9230769230769231,0.34177215189873417,0,0,0,NOT_EVALUABLE,,36.44444444444444,0.0703125,
machine-3-3,22,W1,D_trail512,7.565700907749831,traces/machine-3-3__s22__W1__D_trail512.npz,23703,18954,0.8724212125047462,39633,0,71,5296,2,5.187229871749878,0.15868805846009687,0.7962282365553995,0.19212234569093586,0.8955324958461552,0.0949367088607595,0.00563477959342898,0.9230769230769231,0.16455696202531644,0,0,0,NOT_EVALUABLE,,90.59154929577464,0.059895833333333336,
machine-3-3,22,W1,DE_stab,7.565700907749831,traces/machine-3-3__s22__W1__DE_stab.npz,23703,18954,0.8845715732185799,39921,1,71,5264,1,5.000196218490601,0.15695011391794975,0.7895899161586495,0.18991814517130948,0.8922216517156575,0.09968354430379747,0.00563477959342898,0.9230769230769231,0.620253164556962,1,1,0,NOT_EVALUABLE,256.0,88.88888888888889,0.06770833333333333,
machine-3-3,22,W1,DEph_cv,7.565700907749831,traces/machine-3-3__s22__W1__DEph_cv.npz,23703,18954,0.8724212125047462,39633,0,71,5296,2,4.87017297744751,0.15868805846009687,0.7962282365553995,0.19212234569093586,0.8955324958461552,0.0949367088607595,0.00563477959342898,0.9230769230769231,0.16455696202531644,0,0,0,NOT_EVALUABLE,,90.59154929577464,0.059895833333333336,
machine-3-3,22,W1,H_hold,7.565700907749831,traces/machine-3-3__s22__W1__H_hold.npz,23703,18954,0.8724212125047462,39633,0,71,5296,2,4.924316883087158,0.15868805846009687,0.7962282365553995,0.19212234569093586,0.8955324958461552,0.0949367088607595,0.00563477959342898,0.9230769230769231,0.16455696202531644,0,0,0,NOT_EVALUABLE,,90.59154929577464,0.059895833333333336,
machine-3-3,22,W2_f0995,A_no_update,11.649776779587507,traces/machine-3-3__s22__W2_f0995__A_no_update.npz,23703,18954,0.0,0,0,0,0,0,0.016624927520751953,0.06932183894168352,0.5233420538908784,0.06881073490019715,0.6873371483563144,0.12183544303797468,0.03983355727970179,0.9615384615384616,0.0,0,0,0,NOT_EVALUABLE,,,,
machine-3-3,22,W2_f0995,B_always,11.649776779587507,traces/machine-3-3__s22__W2_f0995__B_always.npz,23703,18954,1.0,23703,0,0,0,0,0.04966306686401367,0.1808633178765606,0.8333442266004393,0.24984232403425108,0.9305906502608872,0.05221518987341772,0.0020805340037276234,0.8846153846153846,1.0,0,0,0,NOT_EVALUABLE,,,,
machine-3-3,22,W2_f0995,C_threshold,11.649776779587507,traces/machine-3-3__s22__W2_f0995__C_threshold.npz,23703,18954,0.9675990380964435,22935,0,0,0,0,0.04459691047668457,0.17907645328317687,0.8348565847090627,0.24951388890400242,0.932000707877946,0.05221518987341772,0.0023406007541935765,0.8846153846153846,0.7753164556962026,0,0,0,NOT_EVALUABLE,,,,
machine-3-3,22,W2_f0995,D_quarantine,11.649776779587507,traces/machine-3-3__s22__W2_f0995__D_quarantine.npz,23703,18954,0.9675990380964435,22935,0,45,768,0,0.04155611991882324,0.17907645328317687,0.8348565847090627,0.24951388890400242,0.932000707877946,0.05221518987341772,0.0023406007541935765,0.8846153846153846,0.7753164556962026,0,0,0,NOT_EVALUABLE,,33.06666666666667,,
machine-3-3,22,W2_f0995,D_trail512,11.649776779587507,traces/machine-3-3__s22__W2_f0995__D_trail512.npz,23703,18954,0.9628738978188415,22823,0,40,2160,0,0.036791086196899414,0.17888725205200398,0.8324687988482444,0.25005229081946156,0.9302374527646166,0.05221518987341772,0.0023406007541935765,0.8846153846153846,0.7753164556962026,0,0,0,NOT_EVALUABLE,,70.0,,
machine-3-3,22,W2_f0995,DE_stab,11.649776779587507,traces/machine-3-3__s22__W2_f0995__DE_stab.npz,23703,18954,0.9628738978188415,22823,0,40,2160,0,0.035987138748168945,0.17888725205200398,0.8324687988482444,0.25005229081946156,0.9302374527646166,0.05221518987341772,0.0023406007541935765,0.8846153846153846,0.7753164556962026,0,0,0,NOT_EVALUABLE,,70.0,,
machine-3-3,22,W2_f0995,DEph_cv,11.649776779587507,traces/machine-3-3__s22__W2_f0995__DEph_cv.npz,23703,18954,0.9628738978188415,22823,0,40,2160,0,0.03461098670959473,0.17888725205200398,0.8324687988482444,0.25005229081946156,0.9302374527646166,0.05221518987341772,0.0023406007541935765,0.8846153846153846,0.7753164556962026,0,0,0,NOT_EVALUABLE,,70.0,,
machine-3-3,22,W2_f0995,H_hold,11.649776779587507,traces/machine-3-3__s22__W2_f0995__H_hold.npz,23703,18954,0.9628738978188415,22823,0,40,2160,0,0.03612780570983887,0.17888725205200398,0.8324687988482444,0.25005229081946156,0.9302374527646166,0.05221518987341772,0.0023406007541935765,0.8846153846153846,0.7753164556962026,0,0,0,NOT_EVALUABLE,,70.0,,
machine-3-3,22,W3_b01,A_no_update,9.60106606143981,traces/machine-3-3__s22__W3_b01__A_no_update.npz,23703,18954,0.0,0,0,0,0,0,0.013032913208007812,0.06481982828956667,0.48710433779269163,0.0626615949923629,0.6680211535526366,0.08069620253164557,0.03554245589701357,0.9615384615384616,0.0,0,0,0,NOT_EVALUABLE,,,,
machine-3-3,22,W3_b01,B_always,9.60106606143981,traces/machine-3-3__s22__W3_b01__B_always.npz,23703,18954,1.0,23703,0,0,0,0,0.24126791954040527,0.17671939021729752,0.840900564794753,0.21061173389794544,0.9209969161002378,0.05221518987341772,0.001690433878028694,0.8846153846153846,1.0,0,0,0,NOT_EVALUABLE,,,,
machine-3-3,22,W3_b01,C_threshold,9.60106606143981,traces/machine-3-3__s22__W3_b01__C_threshold.npz,23703,18954,0.9689490781757584,22967,0,0,0,0,0.23579716682434082,0.16809373622958182,0.8453080858264169,0.20506903276612604,0.9235515940586351,0.05221518987341772,0.0026440119630705213,0.8846153846153846,0.7800632911392406,0,0,0,NOT_EVALUABLE,,,,
machine-3-3,22,W3_b01,D_quarantine,9.60106606143981,traces/machine-3-3__s22__W3_b01__D_quarantine.npz,23703,18954,0.9689490781757584,22967,0,43,736,0,0.2362511157989502,0.16809373622958182,0.8453080858264169,0.20506903276612604,0.9235515940586351,0.05221518987341772,0.0026440119630705213,0.8846153846153846,0.7800632911392406,0,0,0,NOT_EVALUABLE,,33.116279069767444,,
machine-3-3,22,W3_b01,D_trail512,9.60106606143981,traces/machine-3-3__s22__W3_b01__D_trail512.npz,23703,18954,0.9635489178584989,22839,0,39,2112,0,0.230543851852417,0.16778850932825562,0.8536650277157635,0.2065035253000075,0.9270917227355704,0.05221518987341772,0.0026873564214815134,0.8846153846153846,0.7737341772151899,0,0,0,NOT_EVALUABLE,,70.15384615384616,,
machine-3-3,22,W3_b01,DE_stab,9.60106606143981,traces/machine-3-3__s22__W3_b01__DE_stab.npz,23703,18954,0.9635489178584989,22839,0,39,2112,0,0.2269151210784912,0.16778850932825562,0.8536650277157635,0.2065035253000075,0.9270917227355704,0.05221518987341772,0.0026873564214815134,0.8846153846153846,0.7737341772151899,0,0,0,NOT_EVALUABLE,,70.15384615384616,,
machine-3-3,22,W3_b01,DEph_cv,9.60106606143981,traces/machine-3-3__s22__W3_b01__DEph_cv.npz,23703,18954,0.9635489178584989,22839,0,39,2112,0,0.22519993782043457,0.16778850932825562,0.8536650277157635,0.2065035253000075,0.9270917227355704,0.05221518987341772,0.0026873564214815134,0.8846153846153846,0.7737341772151899,0,0,0,NOT_EVALUABLE,,70.15384615384616,,
machine-3-3,22,W3_b01,H_hold,9.60106606143981,traces/machine-3-3__s22__W3_b01__H_hold.npz,23703,18954,0.9635489178584989,22839,0,39,2112,0,0.23605704307556152,0.16778850932825562,0.8536650277157635,0.2065035253000075,0.9270917227355704,0.05221518987341772,0.0026873564214815134,0.8846153846153846,0.7737341772151899,0,0,0,NOT_EVALUABLE,,70.15384615384616,,
machine-3-3,33,W1,A_no_update,7.565790609924976,traces/machine-3-3__s33__W1__A_no_update.npz,23703,18954,0.0,18954,0,0,0,0,2.8609988689422607,0.14337014174129675,0.7568048742215143,0.1757424440681787,0.8763211405681555,0.10126582278481013,0.006761735512114776,0.9230769230769231,0.0,0,0,0,NOT_EVALUABLE,,,0.07291666666666667,
machine-3-3,33,W1,B_always,7.565790609924976,traces/machine-3-3__s33__W1__B_always.npz,23703,18954,1.0,42657,0,0,0,0,5.136649131774902,0.15536752146980276,0.7957000102600174,0.19563841565884488,0.8951839326670346,0.10126582278481013,0.0057648129686619564,0.9615384615384616,1.0,0,0,0,NOT_EVALUABLE,,,0.07552083333333333,
machine-3-3,33,W1,C_threshold,7.565790609924976,traces/machine-3-3__s33__W1__C_threshold.npz,23703,18954,0.9048221744083027,40401,0,0,0,0,4.60538911819458,0.16187644816285945,0.804326929143881,0.19449551996532738,0.8982380521629829,0.10126582278481013,0.005721468510250964,0.9615384615384616,0.27531645569620256,0,0,0,NOT_EVALUABLE,,,0.07291666666666667,
machine-3-3,33,W1,D_quarantine,7.565790609924976,traces/machine-3-3__s33__W1__D_quarantine.npz,23703,18954,0.9048221744083027,40401,0,111,2256,0,4.446861028671265,0.16187644816285945,0.804326929143881,0.19449551996532738,0.8982380521629829,0.10126582278481013,0.005721468510250964,0.9615384615384616,0.27531645569620256,0,0,0,NOT_EVALUABLE,,36.32432432432432,0.07291666666666667,
machine-3-3,33,W1,D_trail512,7.565790609924976,traces/machine-3-3__s33__W1__D_trail512.npz,23703,18954,0.8764713327426908,39729,0,75,5328,2,4.824331045150757,0.16266058758467558,0.8086301011352407,0.19605872778105038,0.9007282499194217,0.09968354430379747,0.005548090676606996,0.9615384615384616,0.06645569620253164,0,0,0,NOT_EVALUABLE,,87.04,0.0703125,
machine-3-3,33,W1,DE_stab,7.565790609924976,traces/machine-3-3__s33__W1__DE_stab.npz,23703,18954,0.8872716533772096,39985,1,75,5328,1,4.926081895828247,0.15937093518697437,0.8048816284787356,0.19307984213660173,0.8987126123901336,0.09968354430379747,0.005548090676606996,0.9615384615384616,0.47151898734177217,1,1,0,NOT_EVALUABLE,256.0,85.89473684210526,0.0703125,
machine-3-3,33,W1,DEph_cv,7.565790609924976,traces/machine-3-3__s33__W1__DEph_cv.npz,23703,18954,0.8764713327426908,39729,0,75,5328,2,4.9719812870025635,0.16266058758467558,0.8086301011352407,0.19605872778105038,0.9007282499194217,0.09968354430379747,0.005548090676606996,0.9615384615384616,0.06645569620253164,0,0,0,NOT_EVALUABLE,,87.04,0.0703125,
machine-3-3,33,W1,H_hold,7.565790609924976,traces/machine-3-3__s33__W1__H_hold.npz,23703,18954,0.8764713327426908,39729,0,75,5328,2,5.04428505897522,0.16266058758467558,0.8086301011352407,0.19605872778105038,0.9007282499194217,0.09968354430379747,0.005548090676606996,0.9615384615384616,0.06645569620253164,0,0,0,NOT_EVALUABLE,,87.04,0.0703125,
machine-3-3,33,W2_f0995,A_no_update,12.020364637871593,traces/machine-3-3__s33__W2_f0995__A_no_update.npz,23703,18954,0.0,0,0,0,0,0,0.017043113708496094,0.06764441058154974,0.510024503335603,0.06534620376909393,0.6760687667826724,0.10917721518987342,0.0364526895236444,0.9615384615384616,0.0,0,0,0,NOT_EVALUABLE,,,,
machine-3-3,33,W2_f0995,B_always,12.020364637871593,traces/machine-3-3__s33__W2_f0995__B_always.npz,23703,18954,1.0,23703,0,0,0,0,0.045554161071777344,0.18154081283493753,0.8309934755616811,0.24505606162083807,0.9286044374133164,0.04588607594936709,0.0018638117116726626,0.8846153846153846,1.0,0,0,0,NOT_EVALUABLE,,,,
machine-3-3,33,W2_f0995,C_threshold,12.020364637871593,traces/machine-3-3__s33__W2_f0995__C_threshold.npz,23703,18954,0.9702991182550732,22999,0,0,0,0,0.04465508460998535,0.1800778765677378,0.8326406678558046,0.24588395753802866,0.9303977568770001,0.04588607594936709,0.0020371895453166313,0.8846153846153846,0.7832278481012658,0,0,0,NOT_EVALUABLE,,,,
machine-3-3,33,W2_f0995,D_quarantine,12.020364637871593,traces/machine-3-3__s33__W2_f0995__D_quarantine.npz,23703,18954,0.9702991182550732,22999,0,42,704,0,0.043044090270996094,0.1800778765677378,0.8326406678558046,0.24588395753802866,0.9303977568770001,0.04588607594936709,0.0020371895453166313,0.8846153846153846,0.7832278481012658,0,0,0,NOT_EVALUABLE,,32.76190476190476,,
machine-3-3,33,W2_f0995,D_trail512,12.020364637871593,traces/machine-3-3__s33__W2_f0995__D_trail512.npz,23703,18954,0.9648989579378138,22871,0,38,2048,0,0.03876090049743652,0.1798143172303918,0.830442719749546,0.24627802894354908,0.9286935486188562,0.04588607594936709,0.0021238784621386156,0.8846153846153846,0.7832278481012658,0,0,0,NOT_EVALUABLE,,69.89473684210526,,
machine-3-3,33,W2_f0995,DE_stab,12.020364637871593,traces/machine-3-3__s33__W2_f0995__DE_stab.npz,23703,18954,0.9648989579378138,22871,0,38,2048,0,0.03779029846191406,0.1798143172303918,0.830442719749546,0.24627802894354908,0.9286935486188562,0.04588607594936709,0.0021238784621386156,0.8846153846153846,0.7832278481012658,0,0,0,NOT_EVALUABLE,,69.89473684210526,,
machine-3-3,33,W2_f0995,DEph_cv,12.020364637871593,traces/machine-3-3__s33__W2_f0995__DEph_cv.npz,23703,18954,0.9648989579378138,22871,0,38,2048,0,0.03716897964477539,0.1798143172303918,0.830442719749546,0.24627802894354908,0.9286935486188562,0.04588607594936709,0.0021238784621386156,0.8846153846153846,0.7832278481012658,0,0,0,NOT_EVALUABLE,,69.89473684210526,,
machine-3-3,33,W2_f0995,H_hold,12.020364637871593,traces/machine-3-3__s33__W2_f0995__H_hold.npz,23703,18954,0.9648989579378138,22871,0,38,2048,0,0.038477182388305664,0.1798143172303918,0.830442719749546,0.24627802894354908,0.9286935486188562,0.04588607594936709,0.0021238784621386156,0.8846153846153846,0.7832278481012658,0,0,0,NOT_EVALUABLE,,69.89473684210526,,
machine-3-3,33,W3_b01,A_no_update,9.000291440569622,traces/machine-3-3__s33__W3_b01__A_no_update.npz,23703,18954,0.0,0,0,0,0,0,0.013113737106323242,0.06823617761888146,0.5089119498477184,0.06929198553586759,0.6783420159273365,0.1060126582278481,0.04247756924277231,0.9615384615384616,0.0,0,0,0,NOT_EVALUABLE,,,,
machine-3-3,33,W3_b01,B_always,9.000291440569622,traces/machine-3-3__s33__W3_b01__B_always.npz,23703,18954,1.0,23703,0,0,0,0,0.2649650573730469,0.18030183234161642,0.8495857449403574,0.21502328482146962,0.9241375997635756,0.05379746835443038,0.0021238784621386156,0.8846153846153846,1.0,0,0,0,NOT_EVALUABLE,,,,
machine-3-3,33,W3_b01,C_threshold,9.000291440569622,traces/machine-3-3__s33__W3_b01__C_threshold.npz,23703,18954,0.9635489178584989,22839,0,0,0,0,0.25551533699035645,0.17403024590524402,0.8529077684791417,0.21363258180158287,0.9283545358849563,0.05379746835443038,0.0029040787135364743,0.8846153846153846,0.754746835443038,0,0,0,NOT_EVALUABLE,,,,
machine-3-3,33,W3_b01,D_quarantine,9.000291440569622,traces/machine-3-3__s33__W3_b01__D_quarantine.npz,23703,18954,0.9635489178584989,22839,0,50,864,0,0.25443196296691895,0.17403024590524402,0.8529077684791417,0.21363258180158287,0.9283545358849563,0.05379746835443038,0.0029040787135364743,0.8846153846153846,0.754746835443038,0,0,0,NOT_EVALUABLE,,33.28,,
machine-3-3,33,W3_b01,D_trail512,9.000291440569622,traces/machine-3-3__s33__W3_b01__D_trail512.npz,23703,18954,0.9581487575412395,22711,0,45,2432,0,0.23731279373168945,0.1740099503962173,0.8582593688498191,0.2162068965554626,0.9314837402142228,0.05379746835443038,0.0029474231719474665,0.8846153846153846,0.7484177215189873,0,0,0,NOT_EVALUABLE,,70.04444444444445,,
machine-3-3,33,W3_b01,DE_stab,9.000291440569622,traces/machine-3-3__s33__W3_b01__DE_stab.npz,23703,18954,0.9581487575412395,22711,0,45,2432,0,0.23662209510803223,0.1740099503962173,0.8582593688498191,0.2162068965554626,0.9314837402142228,0.05379746835443038,0.0029474231719474665,0.8846153846153846,0.7484177215189873,0,0,0,NOT_EVALUABLE,,70.04444444444445,,
machine-3-3,33,W3_b01,DEph_cv,9.000291440569622,traces/machine-3-3__s33__W3_b01__DEph_cv.npz,23703,18954,0.9581487575412395,22711,0,45,2432,0,0.2328052520751953,0.1740099503962173,0.8582593688498191,0.2162068965554626,0.9314837402142228,0.05379746835443038,0.0029474231719474665,0.8846153846153846,0.7484177215189873,0,0,0,NOT_EVALUABLE,,70.04444444444445,,
machine-3-3,33,W3_b01,H_hold,9.000291440569622,traces/machine-3-3__s33__W3_b01__H_hold.npz,23703,18954,0.9581487575412395,22711,0,45,2432,0,0.2394578456878662,0.1740099503962173,0.8582593688498191,0.2162068965554626,0.9314837402142228,0.05379746835443038,0.0029474231719474665,0.8846153846153846,0.7484177215189873,0,0,0,NOT_EVALUABLE,,70.04444444444445,,
