phi,machine,phi_seed,family,op,sweep,offset,L,n_benign,n_fault,n_recovery,base64_B,base64_D,fpr_B,fpr_D,l256_B,l256_D,l64_B,l64_D,l64v_B,l64v_D,mean_B,mean_D,wn_B,wn_D,fpr_C,mean_C,lift_64_identical_C,lift_256_identical_C,base_64_C,util_B,util_D,ratio64,ratio256,ratio64v,BmD64
pca,machine-1-6,0,level,W1,A,-16,38,16,22,0,4.55159,4.44396,0.13582,0.13192,0.12851,2.12169,0.02446,2.72256,0.409,1.17503,6.38467,6.19644,38.0,38.0,0.07699,7.37954,1.41248,1.57097,7.34314,-0.05884,-0.05493,0.00898,0.06057,0.34808,-2.6981
pca,machine-1-6,0,level,W1,A,-8,38,8,30,0,4.84303,4.3024,0.13704,0.12785,-0.23292,2.14909,-0.43545,2.76789,0.01957,1.16814,6.57479,6.10717,38.0,38.0,0.07699,7.37954,1.41248,1.57097,7.34314,-0.06006,-0.05086,-0.15732,-0.10838,0.01676,-3.20334
pca,machine-1-6,0,level,W1,A,0,38,0,30,8,5.69224,4.16181,0.15047,0.12085,-0.83574,2.13289,-1.30121,2.80533,-1.09703,1.16249,7.16244,6.00372,38.0,38.0,0.07699,7.37954,1.41248,1.57097,7.34314,-0.07349,-0.04386,-0.46384,-0.39184,-0.94369,-4.10654
pca,machine-1-6,0,level,W1,A,8,38,8,22,8,3.83462,3.91022,0.08903,0.11312,0.86114,2.24374,0.71321,2.9802,0.68329,1.24349,5.68407,5.8126,38.0,38.0,0.07699,7.37954,1.41248,1.57097,7.34314,-0.01204,-0.03613,0.23931,0.3838,0.54949,-2.267
pca,machine-1-6,0,level,W1,A,16,38,16,14,8,3.60948,3.793,0.08301,0.10392,1.09427,2.3882,1.0833,3.01453,0.8268,1.25548,5.55296,5.68915,38.0,38.0,0.07699,7.37954,1.41248,1.57097,7.34314,-0.00602,-0.02694,0.35936,0.4582,0.65855,-1.93124
pca,machine-1-6,0,level,W1,A,30,38,30,0,8,3.28549,3.3606,0.07869,0.08285,2.78578,2.65357,3.40646,3.26295,1.58293,1.40682,5.32481,5.35596,38.0,38.0,0.07699,7.37954,1.41248,1.57097,7.34314,-0.00171,-0.00586,1.04398,1.04983,1.12518,0.14351
pca,machine-1-6,0,level,W1,B,0,16,0,16,0,7.20552,4.53763,0.19409,0.12964,-1.89432,2.02504,-2.71412,2.72453,-2.12459,1.12357,8.33755,6.34044,16.0,16.0,0.07699,7.37954,1.41248,1.57097,7.34314,-0.11711,-0.05265,-0.99618,-0.93545,-1.89094,-5.43865
pca,machine-1-6,0,level,W1,B,0,30,0,30,0,7.19536,4.37787,0.19255,0.1263,-1.94979,2.0657,-2.88288,2.74459,-2.18464,1.14508,8.30612,6.18545,30.0,30.0,0.07699,7.37954,1.41248,1.57097,7.34314,-0.11556,-0.04932,-1.05039,-0.94389,-1.90785,-5.62747
pca,machine-1-6,0,level,W1,B,0,38,0,30,8,5.69224,4.16181,0.15047,0.12085,-0.83574,2.13289,-1.30121,2.80533,-1.09703,1.16249,7.16244,6.00372,38.0,38.0,0.07699,7.37954,1.41248,1.57097,7.34314,-0.07349,-0.04386,-0.46384,-0.39184,-0.94369,-4.10654
pca,machine-1-6,0,level,W1,B,0,46,8,30,8,4.14757,3.97665,0.10417,0.11377,0.45366,2.2202,0.30349,2.94834,0.36329,1.22543,5.99877,5.85057,46.0,46.0,0.07699,7.37954,1.41248,1.57097,7.34314,-0.02718,-0.03678,0.10294,0.20433,0.29646,-2.64485
pca,machine-1-6,0,level,W1,B,0,62,24,30,8,3.54882,3.66823,0.08952,0.10034,0.98356,2.4673,0.96893,3.063,0.86124,1.29217,5.53805,5.59447,62.0,62.0,0.07699,7.37954,1.41248,1.57097,7.34314,-0.01253,-0.02336,0.31633,0.39864,0.66651,-2.09407
pca,machine-1-6,0,level,W2p_split_f0995,A,-16,38,16,22,0,6.02958,5.79863,0.0144,0.01204,1.08896,1.94991,1.08779,2.09357,0.0802,0.75016,6.5873,6.41015,242.63217,232.41118,0.04801,7.66426,1.58124,1.58522,7.54494,0.03361,0.03597,0.51958,0.55846,0.10691,-1.00578
pca,machine-1-6,0,level,W2p_split_f0995,A,-8,38,8,30,0,6.15612,5.79875,0.01611,0.01213,0.7759,1.94884,0.71372,2.09017,-0.16104,0.7473,6.6855,6.40829,258.13632,228.7672,0.04801,7.66426,1.58124,1.58522,7.54494,0.0319,0.03589,0.34147,0.39813,-0.21549,-1.37645
pca,machine-1-6,0,level,W2p_split_f0995,A,0,38,0,30,8,6.14449,5.76717,0.01538,0.01188,0.79639,1.95671,0.72011,2.09866,-0.16915,0.75026,6.67143,6.38359,257.79211,227.77132,0.04801,7.66426,1.58124,1.58522,7.54494,0.03263,0.03613,0.34313,0.40701,-0.22546,-1.37855
pca,machine-1-6,0,level,W2p_split_f0995,A,8,38,8,22,8,5.99223,5.72737,0.01359,0.01156,1.10758,1.97087,1.08034,2.11458,0.07188,0.75798,6.54143,6.34783,238.47021,226.42007,0.04801,7.66426,1.58124,1.58522,7.54494,0.03442,0.03646,0.5109,0.56198,0.09483,-1.03424
pca,machine-1-6,0,level,W2p_split_f0995,A,16,38,16,14,8,5.83865,5.67425,0.01253,0.01147,1.42732,1.9884,1.45985,2.13363,0.31924,0.76667,6.4195,6.30393,224.92666,227.19464,0.04801,7.66426,1.58124,1.58522,7.54494,0.03548,0.03654,0.68421,0.71782,0.41639,-0.67378
pca,machine-1-6,0,level,W2p_split_f0995,A,30,38,30,0,8,5.60925,5.5823,0.01172,0.01172,2.00162,2.03054,2.13312,2.18109,0.75996,0.79345,6.24755,6.23126,224.09683,227.96309,0.04801,7.66426,1.58124,1.58522,7.54494,0.0363,0.0363,0.97801,0.98576,0.9578,-0.04797
pca,machine-1-6,0,level,W2p_split_f0995,B,0,16,0,16,0,6.86017,6.67727,0.02531,0.02002,1.08996,1.77407,1.05229,1.82873,0.11422,0.62793,7.16062,7.01239,125.10387,104.40279,0.04801,7.66426,1.58124,1.58522,7.54494,0.02271,0.02799,0.57542,0.61438,0.1819,-0.77644
pca,machine-1-6,0,level,W2p_split_f0995,B,0,30,0,30,0,6.45755,6.07163,0.01961,0.01359,0.67609,1.89377,0.58615,2.00372,-0.22383,0.70623,6.89274,6.58769,226.60618,184.56643,0.04801,7.66426,1.58124,1.58522,7.54494,0.0284,0.03442,0.29253,0.35701,-0.31694,-1.41756
pca,machine-1-6,0,level,W2p_split_f0995,B,0,38,0,30,8,6.14449,5.76717,0.01538,0.01188,0.79639,1.95671,0.72011,2.09866,-0.16915,0.75026,6.67143,6.38359,257.79211,227.77132,0.04801,7.66426,1.58124,1.58522,7.54494,0.03263,0.03613,0.34313,0.40701,-0.22546,-1.37855
pca,machine-1-6,0,level,W2p_split_f0995,B,0,46,8,30,8,5.82497,5.49421,0.01416,0.01302,0.94252,2.01665,0.90519,2.19061,-0.06856,0.79484,6.44838,6.20124,286.31564,268.62001,0.04801,7.66426,1.58124,1.58522,7.54494,0.03385,0.03499,0.41321,0.46737,-0.08626,-1.28542
pca,machine-1-6,0,level,W2p_split_f0995,B,0,62,24,30,8,5.2595,5.00225,0.01725,0.01668,1.1936,2.12344,1.23547,2.36249,0.11064,0.88054,6.07443,5.88993,348.83652,346.00445,0.04801,7.66426,1.58124,1.58522,7.54494,0.03076,0.03133,0.52295,0.56211,0.12564,-1.12702
pca,machine-1-6,0,level,W3_b01,A,-16,38,16,22,0,4.69303,2.92989,0.07666,0.04053,-1.00047,2.6969,-1.43448,3.13527,-1.48711,1.35652,5.36817,3.88317,8.54285,6.6257,0.14315,6.32712,1.76708,1.75451,6.11769,0.06649,0.10262,-0.45753,-0.37097,-1.09627,-4.56975
pca,machine-1-6,0,level,W3_b01,A,-8,38,8,30,0,4.88702,2.79497,0.08341,0.04102,-1.35666,2.7605,-1.89294,3.23066,-1.61601,1.421,5.52898,3.78711,8.63868,6.53643,0.14315,6.32712,1.76708,1.75451,6.11769,0.05973,0.10213,-0.58593,-0.49146,-1.13723,-5.12361
pca,machine-1-6,0,level,W3_b01,A,0,38,0,30,8,3.7549,2.73537,0.04468,0.03947,0.32615,2.8138,0.11188,3.27809,-0.87815,1.44766,4.53627,3.72026,7.44958,6.45067,0.14315,6.32712,1.76708,1.75451,6.11769,0.09847,0.10368,0.03413,0.11591,-0.6066,-3.16621
pca,machine-1-6,0,level,W3_b01,A,8,38,8,22,8,2.96782,2.62558,0.03817,0.03947,1.36107,2.86795,1.41659,3.34742,0.18136,1.48908,3.89049,3.62817,7.41008,6.38092,0.14315,6.32712,1.76708,1.75451,6.11769,0.10498,0.10368,0.42319,0.47458,0.12179,-1.93083
pca,machine-1-6,0,level,W3_b01,A,16,38,16,14,8,2.6902,2.57258,0.03988,0.04085,1.87061,2.89731,2.08939,3.3916,0.72328,1.52859,3.68437,3.59542,7.26717,6.33999,0.14315,6.32712,1.76708,1.75451,6.11769,0.10327,0.10229,0.61605,0.64564,0.47317,-1.30221
pca,machine-1-6,0,level,W3_b01,A,30,38,30,0,8,2.39379,2.37842,0.04036,0.04053,2.93672,3.0288,3.38568,3.53562,1.55455,1.62902,3.46404,3.45049,6.47996,6.29444,0.14315,6.32712,1.76708,1.75451,6.11769,0.10278,0.10262,0.95759,0.9696,0.95429,-0.14994
pca,machine-1-6,0,level,W3_b01,B,0,16,0,16,0,4.82808,3.27311,0.06641,0.03743,-0.66308,2.71504,-1.05245,3.0698,-1.43436,1.3185,5.37753,4.07774,6.42803,4.94756,0.14315,6.32712,1.76708,1.75451,6.11769,0.07674,0.10571,-0.34284,-0.24423,-1.08787,-4.12225
pca,machine-1-6,0,level,W3_b01,B,0,30,0,30,0,5.0727,2.81872,0.0839,0.04012,-1.45637,2.78343,-2.05934,3.24589,-1.75671,1.42969,5.64035,3.79161,8.1246,6.19539,0.14315,6.32712,1.76708,1.75451,6.11769,0.05924,0.10303,-0.63444,-0.52323,-1.22874,-5.30523
pca,machine-1-6,0,level,W3_b01,B,0,38,0,30,8,3.7549,2.73537,0.04468,0.03947,0.32615,2.8138,0.11188,3.27809,-0.87815,1.44766,4.53627,3.72026,7.44958,6.45067,0.14315,6.32712,1.76708,1.75451,6.11769,0.09847,0.10368,0.03413,0.11591,-0.6066,-3.16621
pca,machine-1-6,0,level,W3_b01,B,0,46,8,30,8,3.0204,2.6282,0.03914,0.03947,1.27773,2.84654,1.33705,3.32916,0.05826,1.4757,3.95351,3.63831,7.55529,6.63209,0.14315,6.32712,1.76708,1.75451,6.11769,0.104,0.10368,0.40162,0.44887,0.03948,-1.99211
pca,machine-1-6,0,level,W3_b01,B,0,62,24,30,8,2.51886,2.45892,0.04012,0.04118,2.0257,2.92862,2.2966,3.44241,0.89251,1.55895,3.59053,3.53788,7.77816,6.78861,0.14315,6.32712,1.76708,1.75451,6.11769,0.10303,0.10197,0.66715,0.69169,0.57251,-1.14581
pca,machine-1-6,0,level,W3_b05,A,-16,38,16,22,0,7.48851,4.02226,0.19548,0.03963,-2.51943,2.5536,-3.30883,2.90562,-2.33502,1.23508,7.93315,5.04495,14.02373,10.8648,0.11011,7.37515,1.52151,1.70623,7.34165,-0.08537,0.07048,-1.13877,-0.98662,-1.89058,-6.21445
pca,machine-1-6,0,level,W3_b05,A,-8,38,8,30,0,7.26517,3.50965,0.2006,0.03947,-2.75084,2.8242,-3.58987,3.26293,-2.46474,1.46045,7.76515,4.64644,13.69556,10.41076,0.11011,7.37515,1.52151,1.70623,7.34165,-0.09049,0.07064,-1.1002,-0.97402,-1.68766,-6.8528
pca,machine-1-6,0,level,W3_b05,A,0,38,0,30,8,4.0619,3.67803,0.0363,0.03548,2.54009,2.80461,2.76351,3.20237,0.83396,1.43849,5.08755,4.78706,11.83726,10.46115,0.11011,7.37515,1.52151,1.70623,7.34165,0.07381,0.07463,0.86296,0.90568,0.57974,-0.43886
pca,machine-1-6,0,level,W3_b05,A,8,38,8,22,8,3.2749,3.26391,0.03564,0.03638,2.94401,2.93741,3.29755,3.36448,1.64195,1.49651,4.41236,4.38551,11.67998,10.10496,0.11011,7.37515,1.52151,1.70623,7.34165,0.07446,0.07373,0.98011,1.00225,1.09718,-0.06694
pca,machine-1-6,0,level,W3_b05,A,16,38,16,14,8,3.5436,3.50756,0.07121,0.07243,2.82394,2.85775,3.21564,3.35635,1.61562,1.54977,4.69668,4.68823,11.59643,10.07319,0.11011,7.37515,1.52151,1.70623,7.34165,0.0389,0.03768,0.95808,0.98817,1.04249,-0.14071
pca,machine-1-6,0,level,W3_b05,A,30,38,30,0,8,2.80722,2.78021,0.03678,0.03735,3.34178,3.21249,3.84221,3.78927,1.98083,1.81689,4.16279,4.14256,11.15393,9.98299,0.11011,7.37515,1.52151,1.70623,7.34165,0.07332,0.07275,1.01397,1.04025,1.09023,0.05294
pca,machine-1-6,0,level,W3_b05,B,0,16,0,16,0,7.31752,4.05072,0.15234,0.06779,-2.34001,2.65257,-3.17671,2.98452,-2.27697,1.33534,7.78236,5.07492,12.86684,10.01358,0.11011,7.37515,1.52151,1.70623,7.34165,-0.04224,0.04232,-1.0644,-0.88216,-1.70517,-6.16124
pca,machine-1-6,0,level,W3_b05,B,0,30,0,30,0,7.18491,3.52764,0.16813,0.03971,-2.64435,2.80151,-3.51881,3.23697,-2.44525,1.44583,7.6529,4.66166,13.08456,10.20876,0.11011,7.37515,1.52151,1.70623,7.34165,-0.05802,0.07039,-1.08707,-0.9439,-1.69124,-6.75579
pca,machine-1-6,0,level,W3_b05,B,0,38,0,30,8,4.0619,3.67803,0.0363,0.03548,2.54009,2.80461,2.76351,3.20237,0.83396,1.43849,5.08755,4.78706,11.83726,10.46115,0.11011,7.37515,1.52151,1.70623,7.34165,0.07381,0.07463,0.86296,0.90568,0.57974,-0.43886
pca,machine-1-6,0,level,W3_b05,B,0,46,8,30,8,3.33779,3.30716,0.03638,0.03638,3.44169,2.93155,3.92175,3.36602,1.83609,1.50361,4.46723,4.42492,11.71733,10.57442,0.11011,7.37515,1.52151,1.70623,7.34165,0.07373,0.07373,1.1651,1.17402,1.22112,0.55573
pca,machine-1-6,0,level,W3_b05,B,0,62,24,30,8,3.14381,3.0862,0.03727,0.03735,3.56696,3.05077,4.15392,3.60863,2.01148,1.68827,4.46689,4.4135,12.3181,11.23653,0.11011,7.37515,1.52151,1.70623,7.34165,0.07284,0.07275,1.15111,1.1692,1.19144,0.5453
pca,machine-1-6,0,ramp,W1,A,-16,38,16,22,0,4.49266,4.11255,0.10962,0.09277,0.23026,2.28662,-0.03505,2.95373,0.2203,1.25586,6.50819,6.33042,38.0,38.0,0.07935,6.95509,2.48778,2.19726,5.60593,-0.03027,-0.01343,-0.01187,0.1007,0.17541,-2.98878
pca,machine-1-6,0,ramp,W1,A,-8,38,8,30,0,4.71792,4.12348,0.12549,0.09432,-0.06522,2.23832,-0.34098,2.96325,0.05433,1.24294,6.65828,6.38745,38.0,38.0,0.07935,6.95509,2.48778,2.19726,5.60593,-0.04614,-0.01497,-0.11507,-0.02914,0.04371,-3.30423
pca,machine-1-6,0,ramp,W1,A,0,38,0,30,8,5.16374,4.06835,0.11003,0.09383,0.00456,2.28885,-0.78958,2.96181,-0.57527,1.23946,6.78932,6.31535,38.0,38.0,0.07935,6.95509,2.48778,2.19726,5.60593,-0.03068,-0.01449,-0.26659,0.00199,-0.46413,-3.75138
pca,machine-1-6,0,ramp,W1,A,8,38,8,22,8,4.21856,3.92417,0.11092,0.09627,0.48411,2.37265,0.3615,3.09593,0.4079,1.32178,6.42615,6.21082,38.0,38.0,0.07935,6.95509,2.48778,2.19726,5.60593,-0.03158,-0.01693,0.11676,0.20404,0.3086,-2.73444
pca,machine-1-6,0,ramp,W1,A,16,38,16,14,8,3.97524,3.87006,0.10498,0.09163,0.70937,2.41007,0.72431,3.12735,0.61382,1.34887,6.27269,6.12988,38.0,38.0,0.07935,6.95509,2.48778,2.19726,5.60593,-0.02563,-0.01229,0.23161,0.29433,0.45506,-2.40303
pca,machine-1-6,0,ramp,W1,A,30,38,30,0,8,3.74517,3.74827,0.09367,0.09326,2.58117,2.44374,3.14877,3.20889,1.42443,1.35752,6.03565,6.02974,38.0,38.0,0.07935,6.95509,2.48778,2.19726,5.60593,-0.01432,-0.01392,0.98126,1.05624,1.04929,-0.06012
pca,machine-1-6,0,ramp,W1,B,0,16,0,16,0,6.05387,4.37133,0.14152,0.09188,-0.75019,2.37262,-1.58252,2.95306,-1.06488,1.21521,7.39306,6.43582,16.0,16.0,0.07935,6.95509,2.48778,2.19726,5.60593,-0.06217,-0.01253,-0.53589,-0.31618,-0.8763,-4.53558
pca,machine-1-6,0,ramp,W1,B,0,30,0,30,0,6.06929,4.22924,0.15316,0.09334,-0.8946,2.32295,-1.76308,2.9221,-1.19119,1.22679,7.46371,6.43329,30.0,30.0,0.07935,6.95509,2.48778,2.19726,5.60593,-0.07381,-0.014,-0.60336,-0.38511,-0.97098,-4.68518
pca,machine-1-6,0,ramp,W1,B,0,38,0,30,8,5.16374,4.06835,0.11003,0.09383,0.00456,2.28885,-0.78958,2.96181,-0.57527,1.23946,6.78932,6.31535,38.0,38.0,0.07935,6.95509,2.48778,2.19726,5.60593,-0.03068,-0.01449,-0.26659,0.00199,-0.46413,-3.75138
pca,machine-1-6,0,ramp,W1,B,0,46,8,30,8,4.30639,3.93389,0.11141,0.09481,0.38796,2.31452,0.16167,3.06225,0.21657,1.30055,6.44429,6.24799,46.0,46.0,0.07935,6.95509,2.48778,2.19726,5.60593,-0.03206,-0.01546,0.0528,0.16762,0.16653,-2.90058
pca,machine-1-6,0,ramp,W1,B,0,62,24,30,8,3.83648,3.7545,0.10677,0.09391,0.69212,2.37732,0.67898,3.17692,0.66072,1.39979,6.19971,6.10494,62.0,62.0,0.07935,6.95509,2.48778,2.19726,5.60593,-0.02743,-0.01457,0.21372,0.29113,0.47202,-2.49794
pca,machine-1-6,0,ramp,W2p_split_f0995,A,-16,38,16,22,0,5.44323,5.33189,0.06706,0.06226,1.51729,2.2314,1.65956,2.55467,0.4451,1.06285,7.06909,7.02575,193.70883,164.14791,0.10026,7.65767,2.24102,2.068,6.33147,0.0332,0.038,0.64962,0.67997,0.41878,-0.89511
pca,machine-1-6,0,ramp,W2p_split_f0995,A,-8,38,8,30,0,5.49672,5.31101,0.06803,0.0616,1.26396,2.23683,1.3397,2.56404,0.22795,1.0684,7.09644,7.01064,219.9618,165.31506,0.10026,7.65767,2.24102,2.068,6.33147,0.03223,0.03866,0.52249,0.56507,0.21335,-1.22434
pca,machine-1-6,0,ramp,W2p_split_f0995,A,0,38,0,30,8,5.48223,5.27943,0.06795,0.06095,1.2871,2.24644,1.36243,2.57715,0.23229,1.07568,7.07934,6.98252,219.95165,165.99343,0.10026,7.65767,2.24102,2.068,6.33147,0.03231,0.03931,0.52866,0.57295,0.21595,-1.21472
pca,machine-1-6,0,ramp,W2p_split_f0995,A,8,38,8,22,8,5.38504,5.25189,0.06567,0.06047,1.53844,2.25372,1.67982,2.58833,0.45587,1.08157,7.02124,6.96378,196.83093,166.54795,0.10026,7.65767,2.24102,2.068,6.33147,0.03459,0.03979,0.649,0.68262,0.42149,-0.90851
pca,machine-1-6,0,ramp,W2p_split_f0995,A,16,38,16,14,8,5.28243,5.20368,0.06136,0.05965,1.8059,2.26845,2.01953,2.60566,0.68614,1.09015,6.95263,6.92216,177.6218,168.72185,0.10026,7.65767,2.24102,2.068,6.33147,0.0389,0.04061,0.77505,0.79609,0.62939,-0.58614
pca,machine-1-6,0,ramp,W2p_split_f0995,A,30,38,30,0,8,5.14078,5.12067,0.05916,0.05884,2.27271,2.29637,2.60159,2.6378,1.08058,1.10713,6.86619,6.85352,170.58535,173.51213,0.10026,7.65767,2.24102,2.068,6.33147,0.0411,0.04142,0.98628,0.9897,0.97602,-0.0362
pca,machine-1-6,0,ramp,W2p_split_f0995,B,0,16,0,16,0,5.92208,5.84212,0.0826,0.08122,1.59401,2.15522,1.71431,2.3986,0.51446,0.9851,7.36771,7.3379,110.97276,77.69089,0.10026,7.65767,2.24102,2.068,6.33147,0.01766,0.01904,0.71471,0.7396,0.52224,-0.6843
pca,machine-1-6,0,ramp,W2p_split_f0995,B,0,30,0,30,0,5.67533,5.47763,0.0743,0.06632,1.2124,2.21352,1.26234,2.51382,0.18731,1.04368,7.20354,7.10824,200.1379,134.34423,0.10026,7.65767,2.24102,2.068,6.33147,0.02596,0.03394,0.50216,0.54772,0.17947,-1.25148
pca,machine-1-6,0,ramp,W2p_split_f0995,B,0,38,0,30,8,5.48223,5.27943,0.06795,0.06095,1.2871,2.24644,1.36243,2.57715,0.23229,1.07568,7.07934,6.98252,219.95165,165.99343,0.10026,7.65767,2.24102,2.068,6.33147,0.03231,0.03931,0.52866,0.57295,0.21595,-1.21472
pca,machine-1-6,0,ramp,W2p_split_f0995,B,0,46,8,30,8,5.28341,5.10782,0.06055,0.05762,1.38508,2.27802,1.49902,2.63727,0.31412,1.10735,6.95794,6.8808,237.57848,196.76602,0.10026,7.65767,2.24102,2.068,6.33147,0.03971,0.04264,0.5684,0.60802,0.28367,-1.13824
pca,machine-1-6,0,ramp,W2p_split_f0995,B,0,62,24,30,8,4.90993,4.77625,0.04932,0.05046,1.56024,2.33961,1.74837,2.75524,0.46215,1.17001,6.72989,6.6814,279.76338,256.31866,0.10026,7.65767,2.24102,2.068,6.33147,0.05094,0.0498,0.63456,0.66688,0.395,-1.00688
pca,machine-1-6,0,ramp,W3_b01,A,-16,38,16,22,0,4.30864,3.11982,0.11011,0.08032,-0.16255,2.67619,-0.75071,3.22422,-1.01196,1.47026,5.4457,4.72765,6.76007,4.07863,0.22078,6.13886,2.46023,2.15514,4.76923,0.11068,0.14046,-0.23283,-0.06074,-0.68828,-3.97493
pca,machine-1-6,0,ramp,W3_b01,A,-8,38,8,30,0,4.54103,3.08906,0.12516,0.07617,-0.50301,2.69801,-1.14634,3.23338,-1.1074,1.47598,5.62774,4.68138,7.12972,4.11478,0.22078,6.13886,2.46023,2.15514,4.76923,0.09562,0.14461,-0.35453,-0.18644,-0.75028,-4.37973
pca,machine-1-6,0,ramp,W3_b01,A,0,38,0,30,8,3.8337,3.00853,0.09937,0.07015,0.48517,2.73181,0.30596,3.28672,-0.63682,1.50973,5.19347,4.60909,5.89948,4.16719,0.22078,6.13886,2.46023,2.15514,4.76923,0.12142,0.15063,0.09309,0.1776,-0.42181,-2.98077
pca,machine-1-6,0,ramp,W3_b01,A,8,38,8,22,8,3.27805,2.97301,0.08659,0.07023,1.14626,2.76436,1.32006,3.32032,0.15903,1.53209,4.84579,4.56939,5.55032,4.19526,0.22078,6.13886,2.46023,2.15514,4.76923,0.1342,0.15055,0.39757,0.41466,0.1038,-2.00026
pca,machine-1-6,0,ramp,W3_b01,A,16,38,16,14,8,3.01055,2.88398,0.08008,0.0708,1.61078,2.80223,1.94065,3.37348,0.60053,1.57019,4.6244,4.4941,5.22296,4.15955,0.22078,6.13886,2.46023,2.15514,4.76923,0.14071,0.14998,0.57527,0.57482,0.38246,-1.43283
pca,machine-1-6,0,ramp,W3_b01,A,30,38,30,0,8,2.80994,2.7915,0.06966,0.0682,2.72714,2.85465,3.28527,3.40812,1.50507,1.59624,4.40146,4.37279,4.56679,4.40896,0.22078,6.13886,2.46023,2.15514,4.76923,0.15112,0.15259,0.96395,0.95533,0.94288,-0.12286
pca,machine-1-6,0,ramp,W3_b01,B,0,16,0,16,0,4.49573,3.53871,0.13729,0.10775,0.01056,2.53397,-0.39009,3.03761,-0.92571,1.35514,5.71903,5.11457,5.37095,2.9732,0.22078,6.13886,2.46023,2.15514,4.76923,0.0835,0.11304,-0.12842,0.00417,-0.6831,-3.4277
pca,machine-1-6,0,ramp,W3_b01,B,0,30,0,30,0,4.7263,3.1586,0.146,0.07967,-0.65185,2.67037,-1.28284,3.2042,-1.20426,1.45697,5.82398,4.7488,6.90299,3.87481,0.22078,6.13886,2.46023,2.15514,4.76923,0.07479,0.14111,-0.40036,-0.24411,-0.82655,-4.48704
pca,machine-1-6,0,ramp,W3_b01,B,0,38,0,30,8,3.8337,3.00853,0.09937,0.07015,0.48517,2.73181,0.30596,3.28672,-0.63682,1.50973,5.19347,4.60909,5.89948,4.16719,0.22078,6.13886,2.46023,2.15514,4.76923,0.12142,0.15063,0.09309,0.1776,-0.42181,-2.98077
pca,machine-1-6,0,ramp,W3_b01,B,0,46,8,30,8,3.30125,2.94701,0.08439,0.06828,1.1266,2.77977,1.21727,3.32732,0.02685,1.53609,4.80649,4.5392,5.81153,4.41812,0.22078,6.13886,2.46023,2.15514,4.76923,0.13639,0.15251,0.36584,0.40529,0.01748,-2.11005
pca,machine-1-6,0,ramp,W3_b01,B,0,62,24,30,8,2.82946,2.76008,0.07511,0.06779,1.7267,2.85747,2.03522,3.42627,0.70709,1.60393,4.46783,4.3828,5.98835,4.76519,0.22078,6.13886,2.46023,2.15514,4.76923,0.14567,0.15299,0.594,0.60428,0.44085,-1.39105
pca,machine-1-6,0,ramp,W3_b05,A,-16,38,16,22,0,6.51979,3.87025,0.13306,0.07072,-1.4182,2.54236,-2.42087,3.14962,-1.69302,1.42752,7.37501,5.66307,12.74327,9.1962,0.16268,7.34879,2.09571,1.93341,6.04127,0.02962,0.09196,-0.76862,-0.55783,-1.18598,-5.57048
pca,machine-1-6,0,ramp,W3_b05,A,-8,38,8,30,0,6.55093,3.86595,0.12158,0.06535,-1.53398,2.60365,-2.54329,3.15472,-1.79895,1.43772,7.37186,5.61339,12.50307,9.05997,0.16268,7.34879,2.09571,1.93341,6.04127,0.0411,0.09733,-0.80619,-0.58917,-1.25125,-5.69801
pca,machine-1-6,0,ramp,W3_b05,A,0,38,0,30,8,4.11456,3.55306,0.05859,0.06242,2.09837,2.72586,2.45322,3.38428,0.56301,1.57435,5.7613,5.42454,10.6132,9.17256,0.16268,7.34879,2.09571,1.93341,6.04127,0.10409,0.10026,0.72489,0.7698,0.35761,-0.93106
pca,machine-1-6,0,ramp,W3_b05,A,8,38,8,22,8,3.77692,3.72385,0.11035,0.10864,2.28553,2.77467,2.9249,3.37819,1.3608,1.58473,5.6533,5.54465,10.45049,9.30894,0.16268,7.34879,2.09571,1.93341,6.04127,0.05233,0.05404,0.86582,0.82371,0.8587,-0.4533
pca,machine-1-6,0,ramp,W3_b05,A,16,38,16,14,8,3.43841,3.37692,0.05876,0.05607,2.42188,2.84504,3.10832,3.51728,1.49706,1.67069,5.42665,5.30929,10.05034,8.76246,0.16268,7.34879,2.09571,1.93341,6.04127,0.10392,0.10661,0.88373,0.85126,0.89607,-0.40896
pca,machine-1-6,0,ramp,W3_b05,A,30,38,30,0,8,3.57696,3.56907,0.07869,0.07633,2.66727,2.79225,3.3553,3.39888,1.65931,1.61173,5.35435,5.31033,10.0582,9.21565,0.16268,7.34879,2.09571,1.93341,6.04127,0.08398,0.08634,0.98718,0.95524,1.02952,-0.04358
pca,machine-1-6,0,ramp,W3_b05,B,0,16,0,16,0,6.60672,4.16545,0.15544,0.09709,-1.24897,2.44413,-2.2116,3.00807,-1.63588,1.36371,7.49124,5.92457,11.63579,8.21215,0.16268,7.34879,2.09571,1.93341,6.04127,0.00724,0.06559,-0.73522,-0.51101,-1.19959,-5.21968
pca,machine-1-6,0,ramp,W3_b05,B,0,30,0,30,0,6.61673,3.87124,0.13045,0.06543,-1.61339,2.60194,-2.58581,3.14022,-1.83514,1.43163,7.45116,5.60858,11.94338,8.83409,0.16268,7.34879,2.09571,1.93341,6.04127,0.03223,0.09725,-0.82345,-0.62007,-1.28185,-5.72603
pca,machine-1-6,0,ramp,W3_b05,B,0,38,0,30,8,4.11456,3.55306,0.05859,0.06242,2.09837,2.72586,2.45322,3.38428,0.56301,1.57435,5.7613,5.42454,10.6132,9.17256,0.16268,7.34879,2.09571,1.93341,6.04127,0.10409,0.10026,0.72489,0.7698,0.35761,-0.93106
pca,machine-1-6,0,ramp,W3_b05,B,0,46,8,30,8,3.78275,3.726,0.11344,0.10718,3.0426,2.78032,3.72434,3.38915,1.7815,1.59443,5.64412,5.5469,11.17205,9.89963,0.16268,7.34879,2.09571,1.93341,6.04127,0.04924,0.0555,1.0989,1.09433,1.11733,0.33519
pca,machine-1-6,0,ramp,W3_b05,B,0,62,24,30,8,3.34892,3.32088,0.05965,0.05054,3.22807,2.84798,3.99944,3.53932,1.98579,1.66782,5.36256,5.26373,11.42865,10.23873,0.16268,7.34879,2.09571,1.93341,6.04127,0.10303,0.11214,1.13,1.13346,1.19065,0.46012
pca,machine-2-7,0,level,W1,A,-16,38,16,22,0,4.00492,3.73993,0.12614,0.11833,0.02784,2.68131,-0.04855,3.58331,0.58683,1.6426,4.86248,4.68389,38.0,38.0,0.23185,7.18214,1.93409,1.93339,7.5056,0.10571,0.11353,-0.01355,0.01038,0.35725,-3.63186
pca,machine-2-7,0,level,W1,A,-8,38,8,30,0,4.06673,3.61018,0.1438,0.11222,-0.06927,2.73684,-0.20652,3.64165,0.46093,1.68263,4.92887,4.60792,38.0,38.0,0.23185,7.18214,1.93409,1.93339,7.5056,0.08805,0.11963,-0.05671,-0.02531,0.27393,-3.84817
pca,machine-2-7,0,level,W1,A,0,38,0,30,8,5.24828,3.53732,0.16146,0.11149,-1.15797,2.75998,-1.4663,3.71824,-1.11237,1.74271,5.93723,4.56274,38.0,38.0,0.23185,7.18214,1.93409,1.93339,7.5056,0.07039,0.12036,-0.39435,-0.41956,-0.6383,-5.18453
pca,machine-2-7,0,level,W1,A,8,38,8,22,8,3.41487,3.37536,0.1106,0.10701,0.23973,2.85036,0.63941,3.77133,0.79716,1.75576,4.66,4.49567,38.0,38.0,0.23185,7.18214,1.93409,1.93339,7.5056,0.12126,0.12484,0.16955,0.0841,0.45403,-3.13192
pca,machine-2-7,0,level,W1,A,16,38,16,14,8,3.38249,3.32938,0.09692,0.10522,0.34617,2.84039,0.75076,3.78201,0.80002,1.76538,4.60834,4.47828,38.0,38.0,0.23185,7.18214,1.93409,1.93339,7.5056,0.13493,0.12663,0.19851,0.12187,0.45317,-3.03125
pca,machine-2-7,0,level,W1,A,30,38,30,0,8,3.15191,3.13272,0.0922,0.09261,2.64109,2.78652,3.75832,3.74626,1.78079,1.77168,4.53245,4.41484,38.0,38.0,0.23185,7.18214,1.93409,1.93339,7.5056,0.13965,0.13924,1.00322,0.94781,1.00514,0.01206
pca,machine-2-7,0,level,W1,B,0,16,0,16,0,7.11395,3.8556,0.3138,0.13485,-2.55863,2.66877,-3.11667,3.52641,-2.37761,1.62775,7.69633,4.86444,16.0,16.0,0.23185,7.18214,1.93409,1.93339,7.5056,-0.08195,0.09701,-0.88381,-0.95873,-1.46068,-6.64308
pca,machine-2-7,0,level,W1,B,0,30,0,30,0,7.11588,3.62544,0.31144,0.11776,-2.77261,2.72457,-3.44386,3.64598,-2.54053,1.69558,7.6926,4.63897,30.0,30.0,0.23185,7.18214,1.93409,1.93339,7.5056,-0.07959,0.1141,-0.94456,-1.01763,-1.49832,-7.08984
pca,machine-2-7,0,level,W1,B,0,38,0,30,8,5.24828,3.53732,0.16146,0.11149,-1.15797,2.75998,-1.4663,3.71824,-1.11237,1.74271,5.93723,4.56274,38.0,38.0,0.23185,7.18214,1.93409,1.93339,7.5056,0.07039,0.12036,-0.39435,-0.41956,-0.6383,-5.18453
pca,machine-2-7,0,level,W1,B,0,46,8,30,8,3.56508,3.40563,0.11759,0.10742,-0.07158,2.86857,0.30725,3.74667,0.51314,1.76606,4.82257,4.50158,46.0,46.0,0.23185,7.18214,1.93409,1.93339,7.5056,0.11426,0.12443,0.08201,-0.02495,0.29056,-3.43942
pca,machine-2-7,0,level,W1,B,0,62,24,30,8,3.28797,3.26432,0.09277,0.10246,0.12332,2.89275,0.60696,3.77719,0.7126,1.79531,4.65205,4.42906,62.0,62.0,0.23185,7.18214,1.93409,1.93339,7.5056,0.13908,0.12939,0.16069,0.04263,0.39692,-3.17024
pca,machine-2-7,0,level,W2p_split_f0995,A,-16,38,16,22,0,6.42778,6.17031,0.03052,0.02897,1.21562,2.32431,1.27347,2.50493,0.18898,1.04547,6.04195,5.82982,260.58162,247.2676,0.03646,7.71357,1.80831,1.79553,8.40822,0.00594,0.00749,0.50838,0.523,0.18076,-1.23147
pca,machine-2-7,0,level,W2p_split_f0995,A,-8,38,8,30,0,6.56258,6.14672,0.03141,0.02922,0.81478,2.32721,0.82226,2.51451,-0.119,1.05029,6.16245,5.81484,280.33183,246.59359,0.03646,7.71357,1.80831,1.79553,8.40822,0.00505,0.00724,0.32701,0.35011,-0.11331,-1.69224
pca,machine-2-7,0,level,W2p_split_f0995,A,0,38,0,30,8,6.57382,6.13241,0.03149,0.02954,0.82671,2.32694,0.82943,2.51792,-0.12933,1.05159,6.17009,5.80249,278.95223,245.26354,0.03646,7.71357,1.80831,1.79553,8.40822,0.00496,0.00692,0.32941,0.35528,-0.12299,-1.68849
pca,machine-2-7,0,level,W2p_split_f0995,A,8,38,8,22,8,6.39695,6.09544,0.03076,0.02995,1.20889,2.32713,1.26383,2.51869,0.17826,1.05078,6.034,5.78768,259.09908,246.13704,0.03646,7.71357,1.80831,1.79553,8.40822,0.0057,0.00651,0.50178,0.51948,0.16965,-1.25486
pca,machine-2-7,0,level,W2p_split_f0995,A,16,38,16,14,8,6.22152,6.04295,0.03068,0.02995,1.60432,2.32493,1.72415,2.53033,0.49476,1.0561,5.9256,5.78031,245.36154,247.99642,0.03646,7.71357,1.80831,1.79553,8.40822,0.00578,0.00651,0.68139,0.69005,0.46848,-0.80618
pca,machine-2-7,0,level,W2p_split_f0995,A,30,38,30,0,8,6.02933,5.99565,0.02987,0.02995,2.26985,2.31474,2.48683,2.54291,1.02157,1.06304,5.8298,5.80216,243.79466,248.43542,0.03646,7.71357,1.80831,1.79553,8.40822,0.00659,0.00651,0.97795,0.98061,0.96099,-0.05608
pca,machine-2-7,0,level,W2p_split_f0995,B,0,16,0,16,0,7.42328,7.20983,0.0341,0.03288,1.16627,2.07543,1.17376,2.16027,0.19286,0.86551,6.87262,6.69061,136.09511,112.11113,0.03646,7.71357,1.80831,1.79553,8.40822,0.00236,0.00358,0.54334,0.56194,0.22283,-0.98652
pca,machine-2-7,0,level,W2p_split_f0995,B,0,30,0,30,0,6.92592,6.46651,0.03255,0.0297,0.66196,2.24851,0.63875,2.40102,-0.21548,0.98928,6.4646,6.07369,246.72303,199.47471,0.03646,7.71357,1.80831,1.79553,8.40822,0.00391,0.00675,0.26603,0.2944,-0.21782,-1.76226
pca,machine-2-7,0,level,W2p_split_f0995,B,0,38,0,30,8,6.57382,6.13241,0.03149,0.02954,0.82671,2.32694,0.82943,2.51792,-0.12933,1.05159,6.17009,5.80249,278.95223,245.26354,0.03646,7.71357,1.80831,1.79553,8.40822,0.00496,0.00692,0.32941,0.35528,-0.12299,-1.68849
pca,machine-2-7,0,level,W2p_split_f0995,B,0,46,8,30,8,6.18304,5.80643,0.03125,0.02954,1.02049,2.39212,1.06814,2.61994,0.00793,1.10556,5.88769,5.57985,314.22806,294.18076,0.03646,7.71357,1.80831,1.79553,8.40822,0.00521,0.00692,0.4077,0.42661,0.00718,-1.5518
pca,machine-2-7,0,level,W2p_split_f0995,B,0,62,24,30,8,5.55873,5.27706,0.03133,0.02954,1.31926,2.48751,1.47578,2.80695,0.24596,1.20868,5.48213,5.25904,382.94351,378.85962,0.03646,7.71357,1.80831,1.79553,8.40822,0.00513,0.00692,0.52576,0.53036,0.2035,-1.33117
pca,machine-2-7,0,level,W3_b01,A,-16,38,16,22,0,5.33763,3.01236,0.1888,0.10946,-1.51809,2.93939,-2.0065,3.54424,-1.70221,1.67431,5.47756,3.47781,8.5438,6.21189,0.29085,6.22242,1.97515,1.92661,6.57049,0.10205,0.1814,-0.56613,-0.51646,-1.01666,-5.55074
pca,machine-2-7,0,level,W3_b01,A,-8,38,8,30,0,5.49112,3.06696,0.20736,0.1237,-1.67298,2.92679,-2.22415,3.49978,-1.64924,1.6687,5.59194,3.51302,8.65626,6.27578,0.29085,6.22242,1.97515,1.92661,6.57049,0.0835,0.16715,-0.63551,-0.57161,-0.98834,-5.72393
pca,machine-2-7,0,level,W3_b01,A,0,38,0,30,8,3.91878,2.90787,0.11605,0.1049,0.53019,2.98766,0.50198,3.61094,-0.74212,1.73122,4.15625,3.36975,7.27391,6.18355,0.29085,6.22242,1.97515,1.92661,6.57049,0.1748,0.18595,0.13902,0.17746,-0.42867,-3.10896
pca,machine-2-7,0,level,W3_b01,A,8,38,8,22,8,3.01902,2.75699,0.08341,0.08114,1.58446,2.88451,1.8755,3.6528,0.53723,1.73854,3.58363,3.43978,7.39979,6.24761,0.29085,6.22242,1.97515,1.92661,6.57049,0.20744,0.20972,0.51344,0.5493,0.30901,-1.77731
pca,machine-2-7,0,level,W3_b01,A,16,38,16,14,8,2.85058,2.79258,0.10498,0.10693,1.91771,2.80293,2.4046,3.61404,1.02013,1.72043,3.65304,3.62724,7.44441,6.37087,0.29085,6.22242,1.97515,1.92661,6.57049,0.18587,0.18392,0.66535,0.68418,0.59295,-1.20945
pca,machine-2-7,0,level,W3_b01,A,30,38,30,0,8,2.7923,2.79085,0.12606,0.12655,2.73088,2.82596,3.4067,3.59056,1.63501,1.71738,3.60448,3.60318,6.56483,6.34665,0.29085,6.22242,1.97515,1.92661,6.57049,0.16479,0.16431,0.94879,0.96635,0.95204,-0.18386
pca,machine-2-7,0,level,W3_b01,B,0,16,0,16,0,5.24128,3.31609,0.1547,0.10832,-1.06209,2.96195,-1.41455,3.45692,-1.66976,1.63496,5.28672,3.65978,6.73692,5.05942,0.29085,6.22242,1.97515,1.92661,6.57049,0.13615,0.18254,-0.40919,-0.35858,-1.02129,-4.87147
pca,machine-2-7,0,level,W3_b01,B,0,30,0,30,0,5.56923,3.05951,0.1971,0.12101,-1.71325,2.95419,-2.31333,3.52659,-1.77571,1.6896,5.60085,3.49479,8.16695,6.06803,0.29085,6.22242,1.97515,1.92661,6.57049,0.09375,0.16984,-0.65597,-0.57994,-1.05096,-5.83992
pca,machine-2-7,0,level,W3_b01,B,0,38,0,30,8,3.91878,2.90787,0.11605,0.1049,0.53019,2.98766,0.50198,3.61094,-0.74212,1.73122,4.15625,3.36975,7.27391,6.18355,0.29085,6.22242,1.97515,1.92661,6.57049,0.1748,0.18595,0.13902,0.17746,-0.42867,-3.10896
pca,machine-2-7,0,level,W3_b01,B,0,46,8,30,8,3.07111,2.77853,0.09025,0.08683,1.53878,2.86951,1.90318,3.62132,0.47672,1.71651,3.67688,3.46291,7.39691,6.39488,0.29085,6.22242,1.97515,1.92661,6.57049,0.2006,0.20402,0.52555,0.53625,0.27772,-1.71814
pca,machine-2-7,0,level,W3_b01,B,0,62,24,30,8,2.76424,2.75182,0.10319,0.1036,2.05372,2.77675,2.63986,3.60058,1.21087,1.70092,3.61557,3.60296,7.66442,6.62673,0.29085,6.22242,1.97515,1.92661,6.57049,0.18766,0.18726,0.73318,0.73961,0.71189,-0.96071
pca,machine-2-7,0,level,W3_b05,A,-16,38,16,22,0,7.48511,3.13606,0.34806,0.06291,-3.46279,3.27189,-4.07614,3.95369,-2.70136,1.9439,7.7772,3.78416,12.31593,8.56819,0.28695,7.33702,1.89976,1.83226,7.46012,-0.06112,0.22404,-1.03097,-1.05834,-1.38966,-8.02984
pca,machine-2-7,0,level,W3_b05,A,-8,38,8,30,0,7.69899,3.63236,0.34684,0.09204,-3.32366,3.10033,-3.84493,3.66095,-2.51369,1.84202,7.99508,4.24072,12.75246,9.1059,0.28695,7.33702,1.89976,1.83226,7.46012,-0.0599,0.19491,-1.05025,-1.07203,-1.36463,-7.50588
pca,machine-2-7,0,level,W3_b05,A,0,38,0,30,8,3.43251,2.98969,0.06738,0.06128,3.11117,3.2583,3.73875,4.00531,1.50111,1.99321,4.1445,3.70959,10.33109,8.81,0.28695,7.33702,1.89976,1.83226,7.46012,0.21956,0.22567,0.93345,0.95484,0.75311,-0.26656
pca,machine-2-7,0,level,W3_b05,A,8,38,8,22,8,2.91772,2.92554,0.10254,0.10278,2.97565,3.02297,3.77775,3.93505,2.0558,1.91387,4.02023,4.02194,10.83274,9.03104,0.28695,7.33702,1.89976,1.83226,7.46012,0.18441,0.18416,0.96002,0.98435,1.07416,-0.15731
pca,machine-2-7,0,level,W3_b05,A,16,38,16,14,8,3.51898,3.5284,0.08659,0.0874,2.87618,2.88644,3.66094,3.77456,2.04288,1.87447,4.70679,4.70499,11.15936,9.28885,0.28695,7.33702,1.89976,1.83226,7.46012,0.20036,0.19954,0.9699,0.99644,1.08985,-0.11362
pca,machine-2-7,0,level,W3_b05,A,30,38,30,0,8,3.55708,3.55827,0.0918,0.09049,2.97967,2.93488,3.56753,3.67369,1.96799,1.87487,4.53209,4.51933,10.47804,9.08674,0.28695,7.33702,1.89976,1.83226,7.46012,0.19515,0.19645,0.9711,1.01526,1.04967,-0.10616
pca,machine-2-7,0,level,W3_b05,B,0,16,0,16,0,7.68138,3.63379,0.32723,0.12077,-3.29132,3.13566,-3.78331,3.6748,-2.51541,1.81632,8.00752,4.30043,12.11556,8.66402,0.28695,7.33702,1.89976,1.83226,7.46012,-0.04028,0.16618,-1.02953,-1.04964,-1.3849,-7.45811
pca,machine-2-7,0,level,W3_b05,B,0,30,0,30,0,7.58874,3.62542,0.31755,0.09196,-3.23911,3.09235,-3.76569,3.65412,-2.48591,1.84051,7.87959,4.23881,12.36084,9.03377,0.28695,7.33702,1.89976,1.83226,7.46012,-0.0306,0.19499,-1.03053,-1.04746,-1.35067,-7.41981
pca,machine-2-7,0,level,W3_b05,B,0,38,0,30,8,3.43251,2.98969,0.06738,0.06128,3.11117,3.2583,3.73875,4.00531,1.50111,1.99321,4.1445,3.70959,10.33109,8.81,0.28695,7.33702,1.89976,1.83226,7.46012,0.21956,0.22567,0.93345,0.95484,0.75311,-0.26656
pca,machine-2-7,0,level,W3_b05,B,0,46,8,30,8,2.95147,2.9657,0.11369,0.11491,3.68237,2.96319,4.69309,3.90774,2.48564,1.90246,4.12667,4.14496,10.35334,9.20231,0.28695,7.33702,1.89976,1.83226,7.46012,0.17326,0.17204,1.20097,1.2427,1.30654,0.78535
pca,machine-2-7,0,level,W3_b05,B,0,62,24,30,8,3.02063,3.02164,0.09888,0.09871,3.83143,3.02701,4.72872,3.90117,2.55195,1.90485,4.07188,4.07294,10.62738,9.50538,0.28695,7.33702,1.89976,1.83226,7.46012,0.18807,0.18823,1.21213,1.26575,1.33971,0.82755
pca,machine-2-7,0,ramp,W1,A,-16,38,16,22,0,3.92792,3.10081,0.18677,0.15812,-0.02789,2.50858,-0.50607,3.69569,0.09815,1.64326,6.22749,5.88797,38.0,38.0,0.23739,6.58291,2.26642,2.00129,4.99667,0.05062,0.07926,-0.13693,-0.01112,0.05973,-4.20175
pca,machine-2-7,0,ramp,W1,A,-8,38,8,30,0,4.13887,3.15898,0.2216,0.184,-0.31431,2.50592,-0.78582,3.70187,-0.13077,1.62064,6.38671,5.92752,38.0,38.0,0.23739,6.58291,2.26642,2.00129,4.99667,0.01579,0.05339,-0.21228,-0.12543,-0.08069,-4.48769
pca,machine-2-7,0,ramp,W1,A,0,38,0,30,8,4.40468,3.09043,0.22249,0.18433,-0.42493,2.55602,-0.99689,3.77449,-0.77094,1.66351,6.53608,5.87583,38.0,38.0,0.23739,6.58291,2.26642,2.00129,4.99667,0.01489,0.05306,-0.26411,-0.16625,-0.46344,-4.77138
pca,machine-2-7,0,ramp,W1,A,8,38,8,22,8,2.98965,2.97614,0.21753,0.18188,0.36582,2.61935,0.63589,3.87701,0.72199,1.73361,5.9852,5.78611,38.0,38.0,0.23739,6.58291,2.26642,2.00129,4.99667,0.01986,0.0555,0.16401,0.13966,0.41647,-3.24112
pca,machine-2-7,0,ramp,W1,A,16,38,16,14,8,2.92851,2.90186,0.21981,0.18042,0.45185,2.6128,0.77287,3.85562,0.76872,1.76146,6.00353,5.75442,38.0,38.0,0.23739,6.58291,2.26642,2.00129,4.99667,0.01758,0.05697,0.20045,0.17294,0.43641,-3.08275
pca,machine-2-7,0,ramp,W1,A,30,38,30,0,8,2.5462,2.44081,0.18571,0.16781,2.62286,2.78783,3.86371,4.05177,1.80769,1.9029,5.63521,5.47891,38.0,38.0,0.23739,6.58291,2.26642,2.00129,4.99667,0.05168,0.06958,0.95359,0.94083,0.94997,-0.18806
pca,machine-2-7,0,ramp,W1,B,0,16,0,16,0,5.41224,3.19378,0.28654,0.17765,-0.94803,2.52372,-1.96649,3.63159,-1.26508,1.69316,7.17341,5.93707,16.0,16.0,0.23739,6.58291,2.26642,2.00129,4.99667,-0.04915,0.05973,-0.54149,-0.37565,-0.74717,-5.59807
pca,machine-2-7,0,ramp,W1,B,0,30,0,30,0,5.48531,3.14417,0.29159,0.18441,-1.12544,2.50481,-2.17752,3.72562,-1.43914,1.63675,7.19193,5.91482,30.0,30.0,0.23739,6.58291,2.26642,2.00129,4.99667,-0.0542,0.05298,-0.58447,-0.44931,-0.87927,-5.90314
pca,machine-2-7,0,ramp,W1,B,0,38,0,30,8,4.40468,3.09043,0.22249,0.18433,-0.42493,2.55602,-0.99689,3.77449,-0.77094,1.66351,6.53608,5.87583,38.0,38.0,0.23739,6.58291,2.26642,2.00129,4.99667,0.01489,0.05306,-0.26411,-0.16625,-0.46344,-4.77138
pca,machine-2-7,0,ramp,W1,B,0,46,8,30,8,3.07017,2.98416,0.21672,0.18221,0.28284,2.6138,0.41918,3.86625,0.58181,1.72228,6.0076,5.79248,46.0,46.0,0.23739,6.58291,2.26642,2.00129,4.99667,0.02067,0.05518,0.10842,0.10821,0.33782,-3.44707
pca,machine-2-7,0,ramp,W1,B,0,62,24,30,8,2.67993,2.64968,0.1866,0.14331,0.62574,2.77612,0.81226,3.87579,0.95443,1.69141,5.73432,5.49913,62.0,62.0,0.23739,6.58291,2.26642,2.00129,4.99667,0.05078,0.09408,0.20957,0.2254,0.56428,-3.06353
pca,machine-2-7,0,ramp,W2p_split_f0995,A,-16,38,16,22,0,4.85137,4.67105,0.07951,0.07707,1.30251,2.23899,1.66129,2.89494,0.43576,1.27088,6.66741,6.55198,185.4394,157.70695,0.08757,7.18503,2.50388,2.0675,5.69084,0.00806,0.0105,0.57386,0.58174,0.34288,-1.23365
pca,machine-2-7,0,ramp,W2p_split_f0995,A,-8,38,8,30,0,4.9198,4.6315,0.07975,0.07601,1.00568,2.24859,1.25796,2.91144,0.15851,1.28086,6.71386,6.52269,214.03217,158.61473,0.08757,7.18503,2.50388,2.0675,5.69084,0.00781,0.01156,0.43208,0.44725,0.12375,-1.65348
pca,machine-2-7,0,ramp,W2p_split_f0995,A,0,38,0,30,8,4.90818,4.58453,0.07967,0.07422,1.03352,2.25685,1.28438,2.92962,0.14915,1.2913,6.70485,6.49274,215.23288,160.27471,0.08757,7.18503,2.50388,2.0675,5.69084,0.00789,0.01335,0.43841,0.45795,0.1155,-1.64524
pca,machine-2-7,0,ramp,W2p_split_f0995,A,8,38,8,22,8,4.77862,4.54604,0.07821,0.07178,1.33544,2.26521,1.67121,2.94323,0.42759,1.29936,6.60779,6.46431,191.73485,162.38827,0.08757,7.18503,2.50388,2.0675,5.69084,0.00936,0.01579,0.56781,0.58954,0.32908,-1.27202
pca,machine-2-7,0,ramp,W2p_split_f0995,A,16,38,16,14,8,4.6553,4.51063,0.07699,0.07096,1.65461,2.25933,2.10851,2.9406,0.72653,1.29565,6.52497,6.43936,171.64627,165.41834,0.08757,7.18503,2.50388,2.0675,5.69084,0.01058,0.0166,0.71703,0.73235,0.56075,-0.83209
pca,machine-2-7,0,ramp,W2p_split_f0995,A,30,38,30,0,8,4.46844,4.43234,0.07259,0.07064,2.22157,2.25862,2.87546,2.94459,1.24055,1.29328,6.40377,6.38307,163.67894,168.3352,0.08757,7.18503,2.50388,2.0675,5.69084,0.01497,0.01693,0.97652,0.9836,0.95923,-0.06913
pca,machine-2-7,0,ramp,W2p_split_f0995,B,0,16,0,16,0,5.31102,5.16341,0.08016,0.0804,1.40008,2.16483,1.72789,2.70242,0.50336,1.1625,6.93961,6.84004,106.8,71.92797,0.08757,7.18503,2.50388,2.0675,5.69084,0.00741,0.00716,0.63938,0.64674,0.433,-0.97454
pca,machine-2-7,0,ramp,W2p_split_f0995,B,0,30,0,30,0,5.09738,4.78507,0.07992,0.07869,0.9395,2.22791,1.15158,2.85081,0.09422,1.24657,6.8203,6.60713,197.41873,128.89432,0.08757,7.18503,2.50388,2.0675,5.69084,0.00765,0.00887,0.40395,0.4217,0.07559,-1.69923
pca,machine-2-7,0,ramp,W2p_split_f0995,B,0,38,0,30,8,4.90818,4.58453,0.07967,0.07422,1.03352,2.25685,1.28438,2.92962,0.14915,1.2913,6.70485,6.49274,215.23288,160.27471,0.08757,7.18503,2.50388,2.0675,5.69084,0.00789,0.01335,0.43841,0.45795,0.1155,-1.64524
pca,machine-2-7,0,ramp,W2p_split_f0995,B,0,46,8,30,8,4.67403,4.39671,0.07837,0.06706,1.15902,2.28289,1.4753,3.00443,0.27161,1.33429,6.56448,6.39028,230.95454,191.11926,0.08757,7.18503,2.50388,2.0675,5.69084,0.0092,0.02051,0.49104,0.5077,0.20356,-1.52913
pca,machine-2-7,0,ramp,W2p_split_f0995,B,0,62,24,30,8,4.26216,4.05157,0.06885,0.05534,1.34102,2.30724,1.78196,3.11948,0.46319,1.39702,6.3325,6.20999,269.03971,247.76306,0.08757,7.18503,2.50388,2.0675,5.69084,0.01872,0.03223,0.57124,0.58122,0.33156,-1.33752
pca,machine-2-7,0,ramp,W3_b01,A,-16,38,16,22,0,3.65254,2.3645,0.26383,0.18213,-0.09876,2.60851,-0.79845,3.53387,-0.84337,1.67722,5.30855,4.58949,6.39242,3.3394,0.28613,5.51641,2.62951,2.16797,3.84704,0.0223,0.104,-0.22594,-0.03786,-0.50284,-4.33232
pca,machine-2-7,0,ramp,W3_b01,A,-8,38,8,30,0,3.81865,2.27151,0.27596,0.17651,-0.3567,2.64234,-1.16023,3.60599,-0.9154,1.73027,5.44536,4.52157,6.6812,3.39361,0.28613,5.51641,2.62951,2.16797,3.84704,0.01017,0.10962,-0.32175,-0.135,-0.52905,-4.76622
pca,machine-2-7,0,ramp,W3_b01,A,0,38,0,30,8,3.17351,2.20276,0.2325,0.16878,0.51206,2.65794,0.40463,3.64375,-0.63469,1.75527,5.13955,4.47512,5.45519,3.45352,0.28613,5.51641,2.62951,2.16797,3.84704,0.05363,0.11735,0.11105,0.19265,-0.36159,-3.23912
pca,machine-2-7,0,ramp,W3_b01,A,8,38,8,22,8,2.48198,2.14512,0.19108,0.16536,1.12444,2.68496,1.4096,3.66738,0.23674,1.77061,4.71951,4.41566,5.23878,3.56668,0.28613,5.51641,2.62951,2.16797,3.84704,0.09505,0.12077,0.38436,0.41879,0.13371,-2.25779
pca,machine-2-7,0,ramp,W3_b01,A,16,38,16,14,8,2.24234,2.12755,0.1783,0.16235,1.49888,2.67092,1.9583,3.64301,0.65941,1.75053,4.53513,4.38851,5.12733,3.79764,0.28613,5.51641,2.62951,2.16797,3.84704,0.10783,0.12378,0.53755,0.56118,0.37669,-1.68471
pca,machine-2-7,0,ramp,W3_b01,A,30,38,30,0,8,1.94082,1.94075,0.1569,0.15454,2.69215,2.80365,3.62906,3.79935,1.73592,1.85768,4.2211,4.19182,3.94108,3.69353,0.28613,5.51641,2.62951,2.16797,3.84704,0.12923,0.13159,0.95518,0.96023,0.93445,-0.17029
pca,machine-2-7,0,ramp,W3_b01,B,0,16,0,16,0,3.81289,2.56464,0.28426,0.19458,-0.05486,2.54533,-0.6445,3.4413,-1.05359,1.61814,5.47215,4.7278,5.02269,2.34223,0.28613,5.51641,2.62951,2.16797,3.84704,0.00187,0.09155,-0.18728,-0.02155,-0.65111,-4.08579
pca,machine-2-7,0,ramp,W3_b01,B,0,30,0,30,0,4.02994,2.29708,0.29696,0.17651,-0.48724,2.6273,-1.34062,3.58828,-1.07766,1.71802,5.62582,4.54204,6.4447,3.21168,0.28613,5.51641,2.62951,2.16797,3.84704,-0.01082,0.10962,-0.37361,-0.18545,-0.62727,-4.9289
pca,machine-2-7,0,ramp,W3_b01,B,0,38,0,30,8,3.17351,2.20276,0.2325,0.16878,0.51206,2.65794,0.40463,3.64375,-0.63469,1.75527,5.13955,4.47512,5.45519,3.45352,0.28613,5.51641,2.62951,2.16797,3.84704,0.05363,0.11735,0.11105,0.19265,-0.36159,-3.23912
pca,machine-2-7,0,ramp,W3_b01,B,0,46,8,30,8,2.50211,2.13743,0.19255,0.16528,1.07126,2.69567,1.33876,3.67659,0.13935,1.77621,4.70976,4.40977,5.4787,3.67692,0.28613,5.51641,2.62951,2.16797,3.84704,0.09359,0.12085,0.36413,0.3974,0.07845,-2.33783
pca,machine-2-7,0,ramp,W3_b01,B,0,62,24,30,8,2.09898,2.03876,0.17204,0.15853,1.52657,2.76753,1.95882,3.71473,0.73962,1.79621,4.3687,4.26942,5.79562,4.09066,0.28613,5.51641,2.62951,2.16797,3.84704,0.1141,0.1276,0.52731,0.5516,0.41177,-1.75591
pca,machine-2-7,0,ramp,W3_b05,A,-16,38,16,22,0,6.52578,3.33929,0.39494,0.16284,-1.341,2.62597,-2.9151,3.58235,-1.71698,1.80616,7.46875,5.53897,12.14144,6.96835,0.25049,6.62925,2.51467,2.14041,5.12872,-0.14445,0.08765,-0.81374,-0.51067,-0.95062,-6.49745
pca,machine-2-7,0,ramp,W3_b05,A,-8,38,8,30,0,6.39465,2.90509,0.38778,0.1377,-1.73023,2.82907,-3.36337,3.94734,-2.09138,2.05373,7.40221,5.19595,11.86481,6.99027,0.25049,6.62925,2.51467,2.14041,5.12872,-0.13729,0.11279,-0.85206,-0.61159,-1.01834,-7.31071
pca,machine-2-7,0,ramp,W3_b05,A,0,38,0,30,8,3.7742,2.8393,0.19238,0.14323,1.79904,2.83934,2.51087,3.98991,0.55936,2.09974,5.86696,5.1788,9.79052,6.89763,0.25049,6.62925,2.51467,2.14041,5.12872,0.05811,0.10726,0.62931,0.63361,0.26639,-1.47904
pca,machine-2-7,0,ramp,W3_b05,A,8,38,8,22,8,2.75284,2.77915,0.15804,0.14453,2.36719,2.93361,3.20693,3.99926,1.73246,2.11609,5.11501,5.04302,9.03186,7.1894,0.25049,6.62925,2.51467,2.14041,5.12872,0.09245,0.10596,0.80188,0.80692,0.81871,-0.79233
pca,machine-2-7,0,ramp,W3_b05,A,16,38,16,14,8,2.94539,2.98056,0.15747,0.14689,2.23278,2.70619,3.04937,3.75657,1.66485,1.95306,5.30588,5.23506,9.62856,7.80202,0.25049,6.62925,2.51467,2.14041,5.12872,0.09302,0.1036,0.81174,0.82507,0.85243,-0.7072
pca,machine-2-7,0,ramp,W3_b05,A,30,38,30,0,8,2.36442,2.38521,0.11149,0.10921,2.78078,3.00799,3.86311,4.23469,2.09101,2.23262,4.79192,4.75571,8.42486,6.91455,0.25049,6.62925,2.51467,2.14041,5.12872,0.139,0.14128,0.91225,0.92446,0.93657,-0.37158
pca,machine-2-7,0,ramp,W3_b05,B,0,16,0,16,0,6.37688,3.04018,0.41243,0.1359,-1.74253,2.81102,-3.30785,3.82672,-2.09688,1.94874,7.40258,5.27367,10.48368,5.33307,0.25049,6.62925,2.51467,2.14041,5.12872,-0.16195,0.11458,-0.86441,-0.61989,-1.07602,-7.13458
pca,machine-2-7,0,ramp,W3_b05,B,0,30,0,30,0,6.38357,2.90949,0.40381,0.13452,-1.75062,2.82237,-3.34658,3.91952,-2.11472,2.02853,7.44192,5.19506,11.20503,6.64731,0.25049,6.62925,2.51467,2.14041,5.12872,-0.15332,0.11597,-0.85383,-0.62026,-1.04249,-7.2661
pca,machine-2-7,0,ramp,W3_b05,B,0,38,0,30,8,3.7742,2.8393,0.19238,0.14323,1.79904,2.83934,2.51087,3.98991,0.55936,2.09974,5.86696,5.1788,9.79052,6.89763,0.25049,6.62925,2.51467,2.14041,5.12872,0.05811,0.10726,0.62931,0.63361,0.26639,-1.47904
pca,machine-2-7,0,ramp,W3_b05,B,0,46,8,30,8,2.84382,2.79021,0.16243,0.14616,3.07012,2.95705,4.16591,4.02708,2.26264,2.13255,5.19387,5.06011,9.85696,7.39749,0.25049,6.62925,2.51467,2.14041,5.12872,0.08805,0.10433,1.03447,1.03824,1.06101,0.13882
pca,machine-2-7,0,ramp,W3_b05,B,0,62,24,30,8,2.76077,2.68183,0.12899,0.12329,3.26278,3.04604,4.25685,4.08535,2.37615,2.12988,4.97446,4.85495,10.43448,8.20484,0.25049,6.62925,2.51467,2.14041,5.12872,0.1215,0.1272,1.04198,1.07116,1.11563,0.1715
pca,machine-3-7,0,level,W1,A,-16,38,16,22,0,4.21717,3.91793,0.20451,0.18913,-0.01498,2.19451,-0.15638,3.56766,0.25617,1.73184,7.09763,6.92263,38.0,38.0,0.16618,8.22381,1.66654,1.38675,8.02531,-0.03833,-0.02295,-0.04383,-0.00683,0.14792,-3.72404
pca,machine-3-7,0,level,W1,A,-8,38,8,30,0,4.29714,3.72592,0.20158,0.18278,-0.18662,2.25896,-0.38963,3.68428,0.07459,1.74405,7.22843,6.8261,38.0,38.0,0.16618,8.22381,1.66654,1.38675,8.02531,-0.0354,-0.0166,-0.10576,-0.08261,0.04277,-4.07391
pca,machine-3-7,0,level,W1,A,0,38,0,30,8,5.09778,3.54828,0.24137,0.17505,-0.97521,2.35227,-1.25286,3.75497,-0.99524,1.75779,7.79041,6.71208,38.0,38.0,0.16618,8.22381,1.66654,1.38675,8.02531,-0.0752,-0.00887,-0.33365,-0.41458,-0.56619,-5.00783
pca,machine-3-7,0,level,W1,A,8,38,8,22,8,3.18187,3.3471,0.15812,0.17163,0.66157,2.39718,0.9597,3.9189,0.98708,1.86274,6.46876,6.59866,38.0,38.0,0.16618,8.22381,1.66654,1.38675,8.02531,0.00806,-0.00545,0.24489,0.27598,0.52991,-2.9592
pca,machine-3-7,0,level,W1,A,16,38,16,14,8,2.99723,3.17875,0.15666,0.16341,0.79113,2.44378,1.17291,4.02301,1.13311,1.94286,6.36168,6.50755,38.0,38.0,0.16618,8.22381,1.66654,1.38675,8.02531,0.00952,0.00277,0.29155,0.32373,0.58322,-2.85009
pca,machine-3-7,0,level,W1,A,30,38,30,0,8,2.758,2.82916,0.14827,0.14852,2.57448,2.48728,4.11326,4.28731,2.18796,2.07502,6.21547,6.27498,38.0,38.0,0.16618,8.22381,1.66654,1.38675,8.02531,0.0179,0.01766,0.9594,1.03506,1.05443,-0.17405
pca,machine-3-7,0,level,W1,B,0,16,0,16,0,6.89419,3.99811,0.3597,0.19002,-2.38179,2.1628,-2.95261,3.49615,-2.30051,1.61532,9.20626,6.98976,16.0,16.0,0.16618,8.22381,1.66654,1.38675,8.02531,-0.19352,-0.02384,-0.84453,-1.10125,-1.42418,-6.44876
pca,machine-3-7,0,level,W1,B,0,30,0,30,0,6.87409,3.69134,0.35669,0.18156,-2.4585,2.28754,-3.11954,3.71561,-2.44842,1.74317,9.19577,6.80987,30.0,30.0,0.16618,8.22381,1.66654,1.38675,8.02531,-0.19051,-0.01538,-0.83958,-1.07473,-1.40458,-6.83516
pca,machine-3-7,0,level,W1,B,0,38,0,30,8,5.09778,3.54828,0.24137,0.17505,-0.97521,2.35227,-1.25286,3.75497,-0.99524,1.75779,7.79041,6.71208,38.0,38.0,0.16618,8.22381,1.66654,1.38675,8.02531,-0.0752,-0.00887,-0.33365,-0.41458,-0.56619,-5.00783
pca,machine-3-7,0,level,W1,B,0,46,8,30,8,3.49448,3.42775,0.16943,0.17301,0.28645,2.34192,0.44058,3.84191,0.55811,1.83235,6.66862,6.64366,46.0,46.0,0.16618,8.22381,1.66654,1.38675,8.02531,-0.00326,-0.00684,0.11468,0.12232,0.30459,-3.40133
pca,machine-3-7,0,level,W1,B,0,62,24,30,8,2.94722,3.13203,0.15243,0.15951,0.63862,2.40497,1.03378,4.03053,1.09946,1.9457,6.30477,6.48772,62.0,62.0,0.16618,8.22381,1.66654,1.38675,8.02531,0.01375,0.00667,0.25649,0.26554,0.56507,-2.99676
pca,machine-3-7,0,level,W2p_split_f0995,A,-16,38,16,22,0,6.01502,5.73433,0.07951,0.07625,1.16727,2.33631,1.39793,2.77778,0.2494,1.20325,7.10922,6.87214,279.40293,271.23012,0.15324,8.77421,1.84356,1.70635,8.54959,0.07373,0.07699,0.50325,0.49962,0.20727,-1.37985
pca,machine-3-7,0,level,W2p_split_f0995,A,-8,38,8,30,0,6.15713,5.6898,0.08618,0.0734,0.75447,2.34811,0.89344,2.79264,-0.09253,1.21192,7.22895,6.83839,300.06274,271.36125,0.15324,8.77421,1.84356,1.70635,8.54959,0.06706,0.07983,0.31993,0.32131,-0.07635,-1.8992
pca,machine-3-7,0,level,W2p_split_f0995,A,0,38,0,30,8,6.16027,5.65297,0.08716,0.07072,0.78079,2.36077,0.89389,2.80782,-0.1108,1.22088,7.21537,6.80642,300.49514,270.58755,0.15324,8.77421,1.84356,1.70635,8.54959,0.06608,0.08252,0.31836,0.33073,-0.09075,-1.91392
pca,machine-3-7,0,level,W2p_split_f0995,A,8,38,8,22,8,5.96939,5.61653,0.08285,0.06787,1.20812,2.37373,1.37519,2.82314,0.23252,1.2302,7.03643,6.77533,280.40143,269.98689,0.15324,8.77421,1.84356,1.70635,8.54959,0.07039,0.08537,0.48711,0.50896,0.18901,-1.44796
pca,machine-3-7,0,level,W2p_split_f0995,A,16,38,16,14,8,5.7866,5.58064,0.07731,0.06779,1.6475,2.38599,1.90441,2.83507,0.59792,1.23653,6.88307,6.74156,264.7619,270.26379,0.15324,8.77421,1.84356,1.70635,8.54959,0.07593,0.08545,0.67173,0.69049,0.48355,-0.93066
pca,machine-3-7,0,level,W2p_split_f0995,A,30,38,30,0,8,5.56576,5.52446,0.06909,0.06877,2.37109,2.41183,2.77431,2.85407,1.19292,1.24603,6.69496,6.6753,264.61941,270.4139,0.15324,8.77421,1.84356,1.70635,8.54959,0.08415,0.08447,0.97205,0.98311,0.95737,-0.07976
pca,machine-3-7,0,level,W2p_split_f0995,B,0,16,0,16,0,7.26758,6.98743,0.10229,0.09383,1.07623,2.11748,1.20535,2.36928,0.20232,0.99984,7.87037,7.60908,142.27361,121.06131,0.15324,8.77421,1.84356,1.70635,8.54959,0.05094,0.05941,0.50874,0.50826,0.20235,-1.16392
pca,machine-3-7,0,level,W2p_split_f0995,B,0,30,0,30,0,6.61441,6.06537,0.0922,0.07837,0.57619,2.29712,0.65637,2.67116,-0.22307,1.15088,7.50769,7.03397,261.75111,218.18174,0.15324,8.77421,1.84356,1.70635,8.54959,0.06104,0.07487,0.24572,0.25083,-0.19383,-2.0148
pca,machine-3-7,0,level,W2p_split_f0995,B,0,38,0,30,8,6.16027,5.65297,0.08716,0.07072,0.78079,2.36077,0.89389,2.80782,-0.1108,1.22088,7.21537,6.80642,300.49514,270.58755,0.15324,8.77421,1.84356,1.70635,8.54959,0.06608,0.08252,0.31836,0.33073,-0.09075,-1.91392
pca,machine-3-7,0,level,W2p_split_f0995,B,0,46,8,30,8,5.71049,5.30072,0.08162,0.06584,1.00129,2.4072,1.19049,2.92653,0.06581,1.28362,6.94458,6.62782,336.08421,320.79426,0.15324,8.77421,1.84356,1.70635,8.54959,0.07161,0.0874,0.40679,0.41596,0.05127,-1.73604
pca,machine-3-7,0,level,W2p_split_f0995,B,0,62,24,30,8,4.99858,4.72396,0.07552,0.06917,1.32813,2.47041,1.67027,3.12361,0.35364,1.39239,6.55725,6.35982,413.35936,415.15804,0.15324,8.77421,1.84356,1.70635,8.54959,0.07772,0.08407,0.53472,0.53762,0.25398,-1.45334
pca,machine-3-7,0,level,W3_b01,A,-16,38,16,22,0,5.15666,3.06223,0.11841,0.04321,-1.52619,2.77225,-1.77005,4.08333,-1.6215,1.90919,6.91417,5.17835,9.52974,7.20351,0.09505,7.45337,2.09663,1.91823,7.28846,-0.02336,0.05184,-0.43348,-0.55053,-0.84931,-5.85339
pca,machine-3-7,0,level,W3_b01,A,-8,38,8,30,0,5.27326,2.92222,0.11475,0.04159,-1.67284,2.83241,-2.16487,4.18301,-1.6915,1.97531,6.952,5.07154,9.57558,7.15026,0.09505,7.45337,2.09663,1.91823,7.28846,-0.01969,0.05347,-0.51754,-0.59061,-0.85632,-6.34787
pca,machine-3-7,0,level,W3_b01,A,0,38,0,30,8,3.78989,2.8033,0.08529,0.04435,0.51461,2.89425,0.546,4.27625,-0.72076,2.04638,5.65681,4.98111,8.19136,7.10409,0.09505,7.45337,2.09663,1.91823,7.28846,0.00977,0.0507,0.12768,0.1778,-0.35221,-3.73025
pca,machine-3-7,0,level,W3_b01,A,8,38,8,22,8,2.86649,2.64131,0.05729,0.0494,1.75814,2.95141,2.11456,4.40223,0.68809,2.13542,4.95918,4.88792,8.29361,7.06814,0.09505,7.45337,2.09663,1.91823,7.28846,0.03776,0.04565,0.48034,0.5957,0.32223,-2.28767
pca,machine-3-7,0,level,W3_b01,A,16,38,16,14,8,2.54421,2.52457,0.05282,0.04956,2.1555,2.97004,2.81621,4.45955,1.28054,2.17813,4.79513,4.81061,8.25224,7.04164,0.09505,7.45337,2.09663,1.91823,7.28846,0.04224,0.04549,0.6315,0.72575,0.58791,-1.64334
pca,machine-3-7,0,level,W3_b01,A,30,38,30,0,8,2.36513,2.36518,0.05176,0.05282,2.95784,3.02287,4.24731,4.54478,2.08708,2.23225,4.69168,4.69781,7.31384,7.05791,0.09505,7.45337,2.09663,1.91823,7.28846,0.04329,0.04224,0.93455,0.97849,0.93497,-0.29746
pca,machine-3-7,0,level,W3_b01,B,0,16,0,16,0,5.23627,3.3731,0.09538,0.0424,-1.07407,2.88827,-1.29568,3.99772,-1.67606,1.8707,6.58651,5.12558,7.33043,5.72776,0.09505,7.45337,2.09663,1.91823,7.28846,-0.00033,0.05265,-0.32411,-0.37187,-0.89595,-5.2934
pca,machine-3-7,0,level,W3_b01,B,0,30,0,30,0,5.46225,2.92686,0.10783,0.04085,-1.647,2.87344,-2.3534,4.20742,-1.92195,1.99609,6.9226,5.03472,8.98259,6.91029,0.09505,7.45337,2.09663,1.91823,7.28846,-0.01278,0.0542,-0.55935,-0.57318,-0.96286,-6.56083
pca,machine-3-7,0,level,W3_b01,B,0,38,0,30,8,3.78989,2.8033,0.08529,0.04435,0.51461,2.89425,0.546,4.27625,-0.72076,2.04638,5.65681,4.98111,8.19136,7.10409,0.09505,7.45337,2.09663,1.91823,7.28846,0.00977,0.0507,0.12768,0.1778,-0.35221,-3.73025
pca,machine-3-7,0,level,W3_b01,B,0,46,8,30,8,2.90558,2.64417,0.06071,0.05143,1.59818,2.90886,2.08714,4.37472,0.60855,2.10982,5.08088,4.90843,8.30038,7.18084,0.09505,7.45337,2.09663,1.91823,7.28846,0.03434,0.04362,0.47709,0.54942,0.28844,-2.28759
pca,machine-3-7,0,level,W3_b01,B,0,62,24,30,8,2.42435,2.42119,0.05322,0.05298,2.24468,2.97119,3.01753,4.52053,1.49343,2.21265,4.76195,4.76609,8.50963,7.24018,0.09505,7.45337,2.09663,1.91823,7.28846,0.04183,0.04207,0.66752,0.75548,0.67495,-1.50301
pca,machine-3-7,0,level,W3_b05,A,-16,38,16,22,0,7.29452,3.14348,0.29549,0.05176,-3.16593,2.77021,-3.92012,4.2394,-2.48562,1.9512,8.83371,5.39317,12.91388,8.79585,0.09782,7.86732,2.13489,1.94217,7.81671,-0.19767,0.04606,-0.92469,-1.14285,-1.27389,-8.15952
pca,machine-3-7,0,level,W3_b05,A,-8,38,8,30,0,7.28152,3.01618,0.29354,0.04753,-3.29864,2.92436,-4.00862,4.36718,-2.55319,2.05479,8.81058,5.21747,12.78898,8.57607,0.09782,7.86732,2.13489,1.94217,7.81671,-0.19572,0.05029,-0.9179,-1.12799,-1.24255,-8.3758
pca,machine-3-7,0,level,W3_b05,A,0,38,0,30,8,3.65456,3.09275,0.08927,0.05029,2.60564,3.00178,3.58105,4.43509,1.40089,2.13846,5.80209,5.27625,10.47292,8.60132,0.09782,7.86732,2.13489,1.94217,7.81671,0.00854,0.04753,0.80743,0.86803,0.65509,-0.85405
pca,machine-3-7,0,level,W3_b05,A,8,38,8,22,8,2.70742,2.64797,0.05298,0.05851,3.07522,3.03691,3.90612,4.66504,2.22086,2.25982,5.02267,5.01801,10.50912,8.37773,0.09782,7.86732,2.13489,1.94217,7.81671,0.04484,0.03931,0.83732,1.01262,0.98276,-0.75892
pca,machine-3-7,0,level,W3_b05,A,16,38,16,14,8,2.6076,2.62319,0.04907,0.05412,3.06861,3.05423,3.90364,4.64527,2.22529,2.26202,4.93235,4.96532,10.50164,8.29663,0.09782,7.86732,2.13489,1.94217,7.81671,0.04875,0.0437,0.84035,1.00471,0.98376,-0.74163
pca,machine-3-7,0,level,W3_b05,A,30,38,30,0,8,2.74404,2.72992,0.05599,0.06396,3.20743,3.06473,4.12941,4.5724,2.23378,2.22369,4.99446,5.01524,10.16455,8.48597,0.09782,7.86732,2.13489,1.94217,7.81671,0.04183,0.03385,0.90312,1.04656,1.00454,-0.44298
pca,machine-3-7,0,level,W3_b05,B,0,16,0,16,0,7.17526,3.34772,0.26668,0.06095,-2.99861,2.70515,-3.64689,4.07736,-2.38443,1.84535,8.6406,5.4367,12.20685,8.32934,0.09782,7.86732,2.13489,1.94217,7.81671,-0.16886,0.03687,-0.89443,-1.10848,-1.29213,-7.72425
pca,machine-3-7,0,level,W3_b05,B,0,30,0,30,0,7.14152,3.0189,0.27425,0.04606,-3.1468,2.89072,-3.89512,4.3334,-2.52645,2.02863,8.62453,5.21152,12.3039,8.49023,0.09782,7.86732,2.13489,1.94217,7.81671,-0.17643,0.05176,-0.89886,-1.08859,-1.2454,-8.22851
pca,machine-3-7,0,level,W3_b05,B,0,38,0,30,8,3.65456,3.09275,0.08927,0.05029,2.60564,3.00178,3.58105,4.43509,1.40089,2.13846,5.80209,5.27625,10.47292,8.60132,0.09782,7.86732,2.13489,1.94217,7.81671,0.00854,0.04753,0.80743,0.86803,0.65509,-0.85405
pca,machine-3-7,0,level,W3_b05,B,0,46,8,30,8,2.67936,2.6498,0.05078,0.05802,3.59787,2.99862,4.92999,4.62594,2.6515,2.23511,5.01888,5.01952,9.88744,8.49115,0.09782,7.86732,2.13489,1.94217,7.81671,0.04704,0.03979,1.06573,1.19984,1.1863,0.30405
pca,machine-3-7,0,level,W3_b05,B,0,62,24,30,8,2.4789,2.4564,0.05143,0.05778,3.66275,3.11604,5.03174,4.77545,2.67744,2.34779,4.85272,4.84287,9.99462,8.67323,0.09782,7.86732,2.13489,1.94217,7.81671,0.04639,0.04004,1.05367,1.17545,1.14041,0.25629
pca,machine-3-7,0,ramp,W1,A,-16,38,16,22,0,4.13433,3.42415,0.17936,0.17196,-0.17441,2.37645,-0.79192,3.82756,-0.18349,1.79864,6.91211,6.40729,38.0,38.0,0.0887,6.69402,2.76133,2.33342,5.21025,-0.09066,-0.08325,-0.2069,-0.07339,-0.10202,-4.61948
pca,machine-3-7,0,ramp,W1,A,-8,38,8,30,0,4.53775,3.23133,0.18384,0.17204,-0.44817,2.44081,-1.25275,3.93708,-0.65423,1.86821,7.06456,6.31757,38.0,38.0,0.0887,6.69402,2.76133,2.33342,5.21025,-0.09513,-0.08333,-0.31819,-0.18362,-0.35019,-5.18983
pca,machine-3-7,0,ramp,W1,A,0,38,0,30,8,4.49742,3.09404,0.15755,0.17253,-0.20563,2.56473,-1.19839,4.07605,-0.82009,1.98083,6.88041,6.23134,38.0,38.0,0.0887,6.69402,2.76133,2.33342,5.21025,-0.06885,-0.08382,-0.29401,-0.08018,-0.41401,-5.27444
pca,machine-3-7,0,ramp,W1,A,8,38,8,22,8,3.35921,2.96568,0.18311,0.17725,0.51548,2.61353,0.08505,4.16681,0.35178,2.05355,6.34372,6.16437,38.0,38.0,0.0887,6.69402,2.76133,2.33342,5.21025,-0.0944,-0.08854,0.02041,0.19723,0.1713,-4.08176
pca,machine-3-7,0,ramp,W1,A,16,38,16,14,8,3.00294,2.83221,0.17798,0.17708,0.75727,2.60263,0.48517,4.26254,0.69138,2.1269,6.16101,6.09788,38.0,38.0,0.0887,6.69402,2.76133,2.33342,5.21025,-0.08927,-0.08838,0.11382,0.29096,0.32506,-3.77737
pca,machine-3-7,0,ramp,W1,A,30,38,30,0,8,2.64791,2.59967,0.17,0.17008,2.75486,2.70306,4.02299,4.4045,2.04159,2.18347,5.94975,5.92061,38.0,38.0,0.0887,6.69402,2.76133,2.33342,5.21025,-0.0813,-0.08138,0.91338,1.01916,0.93502,-0.38151
pca,machine-3-7,0,ramp,W1,B,0,16,0,16,0,5.30971,3.65501,0.17131,0.17383,-0.63271,2.18777,-1.84915,3.64016,-1.13209,1.67127,7.38152,6.54216,16.0,16.0,0.0887,6.69402,2.76133,2.33342,5.21025,-0.0826,-0.08512,-0.50798,-0.2892,-0.67739,-5.48931
pca,machine-3-7,0,ramp,W1,B,0,30,0,30,0,5.26033,3.21098,0.17277,0.17196,-0.75901,2.45326,-2.03533,3.96169,-1.34331,1.88345,7.36589,6.29755,30.0,30.0,0.0887,6.69402,2.76133,2.33342,5.21025,-0.08407,-0.08325,-0.51375,-0.30939,-0.71322,-5.99702
pca,machine-3-7,0,ramp,W1,B,0,38,0,30,8,4.49742,3.09404,0.15755,0.17253,-0.20563,2.56473,-1.19839,4.07605,-0.82009,1.98083,6.88041,6.23134,38.0,38.0,0.0887,6.69402,2.76133,2.33342,5.21025,-0.06885,-0.08382,-0.29401,-0.08018,-0.41401,-5.27444
pca,machine-3-7,0,ramp,W1,B,0,46,8,30,8,3.4742,2.96458,0.18359,0.17668,0.35334,2.59708,-0.14324,4.15371,0.14586,2.04109,6.40497,6.16217,46.0,46.0,0.0887,6.69402,2.76133,2.33342,5.21025,-0.09489,-0.08797,-0.03449,0.13605,0.07146,-4.29696
pca,machine-3-7,0,ramp,W1,B,0,62,24,30,8,2.83948,2.68566,0.17244,0.17163,0.74975,2.6722,0.5198,4.35193,0.77468,2.17298,6.07656,5.99714,62.0,62.0,0.0887,6.69402,2.76133,2.33342,5.21025,-0.08374,-0.08293,0.11944,0.28057,0.35651,-3.83213
pca,machine-3-7,0,ramp,W2p_split_f0995,A,-16,38,16,22,0,5.43132,5.21465,0.12223,0.12264,1.15368,2.12808,1.40368,2.73668,0.24529,1.1914,7.31099,7.19792,185.57036,156.09408,0.20475,7.99706,2.29502,1.9229,6.4611,0.08252,0.08211,0.51291,0.54212,0.20588,-1.33301
pca,machine-3-7,0,ramp,W2p_split_f0995,A,-8,38,8,30,0,5.50225,5.15202,0.1215,0.12085,0.83357,2.13792,0.95378,2.7594,-0.07731,1.20378,7.34649,7.15415,216.66841,159.72592,0.20475,7.99706,2.29502,1.9229,6.4611,0.08325,0.0839,0.34565,0.3899,-0.06423,-1.80562
pca,machine-3-7,0,ramp,W2p_split_f0995,A,0,38,0,30,8,5.47341,5.09021,0.11816,0.11678,0.86323,2.15337,0.98102,2.79059,-0.08723,1.22418,7.31953,7.10723,218.97913,162.87312,0.20475,7.99706,2.29502,1.9229,6.4611,0.08659,0.08797,0.35154,0.40087,-0.07126,-1.80958
pca,machine-3-7,0,ramp,W2p_split_f0995,A,8,38,8,22,8,5.2935,5.02508,0.11149,0.11401,1.18027,2.16353,1.41072,2.8146,0.22832,1.23763,7.19935,7.06124,197.54895,166.94528,0.20475,7.99706,2.29502,1.9229,6.4611,0.09326,0.09074,0.50122,0.54553,0.18448,-1.40388
pca,machine-3-7,0,ramp,W2p_split_f0995,A,16,38,16,14,8,5.12767,4.96587,0.1084,0.11149,1.5342,2.17843,1.91108,2.84209,0.58637,1.2542,7.09662,7.01985,177.14125,171.43184,0.20475,7.99706,2.29502,1.9229,6.4611,0.09635,0.09326,0.67242,0.70427,0.46752,-0.93101
pca,machine-3-7,0,ramp,W2p_split_f0995,A,30,38,30,0,8,4.90915,4.87536,0.10254,0.10278,2.16263,2.2023,2.79914,2.88027,1.21316,1.27746,6.96294,6.94362,170.73434,175.24127,0.20475,7.99706,2.29502,1.9229,6.4611,0.10221,0.10197,0.97183,0.98199,0.94967,-0.08113
pca,machine-3-7,0,ramp,W2p_split_f0995,B,0,16,0,16,0,5.99693,5.82256,0.15462,0.14209,1.24002,2.03575,1.46779,2.51738,0.31916,1.0667,7.65516,7.55813,105.43269,70.80842,0.20475,7.99706,2.29502,1.9229,6.4611,0.05013,0.06266,0.58306,0.60912,0.2992,-1.0496
pca,machine-3-7,0,ramp,W2p_split_f0995,B,0,30,0,30,0,5.71842,5.33258,0.1307,0.12297,0.75178,2.11105,0.82581,2.69381,-0.15891,1.16642,7.4761,7.2556,199.78853,130.38046,0.20475,7.99706,2.29502,1.9229,6.4611,0.07406,0.08179,0.30656,0.35612,-0.13624,-1.868
pca,machine-3-7,0,ramp,W2p_split_f0995,B,0,38,0,30,8,5.47341,5.09021,0.11816,0.11678,0.86323,2.15337,0.98102,2.79059,-0.08723,1.22418,7.31953,7.10723,218.97913,162.87312,0.20475,7.99706,2.29502,1.9229,6.4611,0.08659,0.08797,0.35154,0.40087,-0.07126,-1.80958
pca,machine-3-7,0,ramp,W2p_split_f0995,B,0,46,8,30,8,5.18263,4.85925,0.10791,0.10986,1.00391,2.1842,1.20096,2.87378,0.06041,1.27096,7.14227,6.97461,235.02622,194.79682,0.20475,7.99706,2.29502,1.9229,6.4611,0.09684,0.09489,0.4179,0.45962,0.04753,-1.67281
pca,machine-3-7,0,ramp,W2p_split_f0995,B,0,62,24,30,8,4.66041,4.43228,0.10107,0.10286,1.24906,2.24963,1.59908,3.03788,0.32629,1.36636,6.84141,6.7381,276.76473,257.86725,0.20475,7.99706,2.29502,1.9229,6.4611,0.10368,0.10189,0.52638,0.55523,0.2388,-1.4388
pca,machine-3-7,0,ramp,W3_b01,A,-16,38,16,22,0,4.03558,2.65027,0.07479,0.05046,-0.39244,2.77122,-0.98277,4.36123,-1.16984,2.28034,5.974,5.14323,7.09133,3.75777,0.04704,6.43029,3.1692,2.32909,4.69695,-0.02775,-0.00342,-0.22534,-0.14161,-0.51301,-5.344
pca,machine-3-7,0,ramp,W3_b01,A,-8,38,8,30,0,4.26532,2.55484,0.06567,0.04891,-0.62275,2.82394,-1.47023,4.43094,-1.24774,2.33078,6.14275,5.05499,7.5381,3.83566,0.04704,6.43029,3.1692,2.32909,4.69695,-0.01864,-0.00187,-0.33181,-0.22053,-0.53533,-5.90117
pca,machine-3-7,0,ramp,W3_b01,A,0,38,0,30,8,3.65042,2.43825,0.05355,0.0498,0.19719,2.88746,-0.01697,4.54849,-1.05222,2.42782,5.77871,4.96533,6.38376,3.93388,0.04704,6.43029,3.1692,2.32909,4.69695,-0.00651,-0.00277,-0.00373,0.06829,-0.4334,-4.56546
pca,machine-3-7,0,ramp,W3_b01,A,8,38,8,22,8,2.87456,2.30828,0.04191,0.05387,0.9807,2.89397,1.23594,4.58812,-0.11118,2.44477,5.2738,4.8723,5.99958,4.00052,0.04704,6.43029,3.1692,2.32909,4.69695,0.00513,-0.00684,0.26938,0.33888,-0.04548,-3.35219
pca,machine-3-7,0,ramp,W3_b01,A,16,38,16,14,8,2.44725,2.20103,0.04321,0.04582,1.45683,2.93839,2.07023,4.65869,0.48998,2.49467,4.95796,4.78047,5.68775,4.04592,0.04704,6.43029,3.1692,2.32909,4.69695,0.00382,0.00122,0.44438,0.49579,0.19641,-2.58846
pca,machine-3-7,0,ramp,W3_b01,A,30,38,30,0,8,2.08094,2.0579,0.03312,0.03459,2.82773,3.01433,4.39505,4.77981,2.24221,2.59182,4.67624,4.65241,4.44226,4.19413,0.04704,6.43029,3.1692,2.32909,4.69695,0.01392,0.01245,0.9195,0.9381,0.86511,-0.38476
pca,machine-3-7,0,ramp,W3_b01,B,0,16,0,16,0,4.36307,3.15697,0.05591,0.04785,-0.25768,2.65574,-0.59041,4.04314,-1.16089,2.05502,6.23178,5.47455,5.68736,2.69712,0.04704,6.43029,3.1692,2.32909,4.69695,-0.00887,-0.00081,-0.14603,-0.09703,-0.56491,-4.63355
pca,machine-3-7,0,ramp,W3_b01,B,0,30,0,30,0,4.53873,2.627,0.06502,0.04883,-0.75796,2.80591,-1.6866,4.38963,-1.41918,2.30067,6.35817,5.10475,7.28511,3.57126,0.04704,6.43029,3.1692,2.32909,4.69695,-0.01799,-0.00179,-0.38422,-0.27013,-0.61686,-6.07623
pca,machine-3-7,0,ramp,W3_b01,B,0,38,0,30,8,3.65042,2.43825,0.05355,0.0498,0.19719,2.88746,-0.01697,4.54849,-1.05222,2.42782,5.77871,4.96533,6.38376,3.93388,0.04704,6.43029,3.1692,2.32909,4.69695,-0.00651,-0.00277,-0.00373,0.06829,-0.4334,-4.56546
pca,machine-3-7,0,ramp,W3_b01,B,0,46,8,30,8,2.8911,2.28284,0.05086,0.0555,0.83408,2.90888,1.0241,4.62569,-0.27686,2.47378,5.25956,4.85636,6.39811,4.19,0.04704,6.43029,3.1692,2.32909,4.69695,-0.00382,-0.00846,0.22139,0.28673,-0.11192,-3.60159
pca,machine-3-7,0,ramp,W3_b01,B,0,62,24,30,8,2.2314,2.07593,0.04069,0.04378,1.44485,3.01677,1.99056,4.7784,0.55007,2.58907,4.78036,4.66501,6.59324,4.4924,0.04704,6.43029,3.1692,2.32909,4.69695,0.00635,0.00326,0.41658,0.47894,0.21246,-2.78784
pca,machine-3-7,0,ramp,W3_b05,A,-16,38,16,22,0,6.11762,2.64311,0.13224,0.04899,-1.84179,2.85145,-3.33056,4.67593,-2.04872,2.52231,7.51984,5.21605,12.58287,7.36904,0.06738,6.93366,3.12171,2.2216,5.22211,-0.06486,0.01839,-0.71228,-0.64591,-0.81224,-8.0065
pca,machine-3-7,0,ramp,W3_b05,A,-8,38,8,30,0,6.17217,2.93628,0.12874,0.05509,-1.72225,2.7771,-3.04635,4.40772,-1.82534,2.3011,7.5864,5.37076,12.62889,7.80465,0.06738,6.93366,3.12171,2.2216,5.22211,-0.06136,0.01229,-0.69114,-0.62016,-0.79325,-7.45407
pca,machine-3-7,0,ramp,W3_b05,A,0,38,0,30,8,3.88423,2.76473,0.09375,0.08016,1.16014,2.95761,1.79928,4.6418,-0.05046,2.49731,6.02893,5.1759,10.50684,7.59042,0.06738,6.93366,3.12171,2.2216,5.22211,-0.02637,-0.01278,0.38762,0.39225,-0.0202,-2.84252
pca,machine-3-7,0,ramp,W3_b05,A,8,38,8,22,8,2.51315,2.45795,0.04769,0.05615,2.31526,2.89507,3.41744,4.70625,1.60727,2.51354,5.04125,4.94401,8.80546,7.12285,0.06738,6.93366,3.12171,2.2216,5.22211,0.01969,0.01123,0.72615,0.79972,0.63944,-1.28881
pca,machine-3-7,0,ramp,W3_b05,A,16,38,16,14,8,2.4642,2.49672,0.0411,0.0494,2.38774,2.94062,3.46143,4.68942,1.65239,2.52176,4.95611,4.97854,8.85878,7.0302,0.06738,6.93366,3.12171,2.2216,5.22211,0.02629,0.01799,0.73813,0.81199,0.65525,-1.228
pca,machine-3-7,0,ramp,W3_b05,A,30,38,30,0,8,2.4524,2.43925,0.03931,0.04045,2.8321,3.05197,4.12017,4.82182,2.10729,2.63055,4.90443,4.8945,8.86111,7.42416,0.06738,6.93366,3.12171,2.2216,5.22211,0.02808,0.02694,0.85448,0.92796,0.80108,-0.70165
pca,machine-3-7,0,ramp,W3_b05,B,0,16,0,16,0,6.11022,2.90294,0.14046,0.0603,-1.77048,2.77292,-3.13087,4.46979,-1.91217,2.35198,7.59344,5.38226,11.2586,6.20356,0.06738,6.93366,3.12171,2.2216,5.22211,-0.07308,0.00708,-0.70045,-0.63849,-0.813,-7.60066
pca,machine-3-7,0,ramp,W3_b05,B,0,30,0,30,0,6.08793,2.93368,0.13314,0.05583,-1.68742,2.77917,-2.99527,4.44689,-1.83304,2.34183,7.58033,5.36797,11.56082,7.09325,0.06738,6.93366,3.12171,2.2216,5.22211,-0.06576,0.01156,-0.67357,-0.60717,-0.78274,-7.44216
pca,machine-3-7,0,ramp,W3_b05,B,0,38,0,30,8,3.88423,2.76473,0.09375,0.08016,1.16014,2.95761,1.79928,4.6418,-0.05046,2.49731,6.02893,5.1759,10.50684,7.59042,0.06738,6.93366,3.12171,2.2216,5.22211,-0.02637,-0.01278,0.38762,0.39225,-0.0202,-2.84252
pca,machine-3-7,0,ramp,W3_b05,B,0,46,8,30,8,2.61918,2.51541,0.05412,0.0599,2.64894,2.93089,3.79664,4.76757,1.85357,2.55958,5.12652,5.00692,10.37658,7.81008,0.06738,6.93366,3.12171,2.2216,5.22211,0.01326,0.00749,0.79635,0.9038,0.72417,-0.97093
pca,machine-3-7,0,ramp,W3_b05,B,0,62,24,30,8,2.76909,2.70808,0.04639,0.05046,2.87509,3.04589,3.94623,4.81134,2.03061,2.66024,5.23111,5.18461,10.92606,8.62659,0.06738,6.93366,3.12171,2.2216,5.22211,0.021,0.01693,0.82019,0.94392,0.76332,-0.86511
relu,machine-1-6,11,level,W1,A,-16,38,16,22,0,4.1346,4.03348,0.07454,0.06982,0.43191,2.25568,0.32461,2.9108,0.67554,1.31628,5.44631,5.24704,38.0,38.0,0.14478,6.60225,1.64608,1.79705,6.53608,0.07023,0.07495,0.11152,0.19148,0.51322,-2.58619
relu,machine-1-6,11,level,W1,A,-8,38,8,30,0,4.14557,3.8731,0.07601,0.06966,0.16219,2.40005,0.12511,2.93634,0.52426,1.24394,5.47976,5.11036,38.0,38.0,0.14478,6.60225,1.64608,1.79705,6.53608,0.06877,0.07511,0.04261,0.06758,0.42145,-2.81123
relu,machine-1-6,11,level,W1,A,0,38,0,30,8,5.0773,3.95512,0.08846,0.07992,-0.0257,2.3695,-0.89892,2.8881,-0.65017,1.23134,5.73264,5.09382,38.0,38.0,0.14478,6.60225,1.64608,1.79705,6.53608,0.05632,0.06486,-0.31125,-0.01085,-0.52801,-3.78702
relu,machine-1-6,11,level,W1,A,8,38,8,22,8,3.69848,3.59807,0.07365,0.07251,0.80406,2.41079,0.63287,3.07744,0.52558,1.36936,5.05945,4.96416,38.0,38.0,0.14478,6.60225,1.64608,1.79705,6.53608,0.07113,0.07227,0.20565,0.33353,0.38381,-2.44457
relu,machine-1-6,11,level,W1,A,16,38,16,14,8,3.51191,3.48147,0.07259,0.07235,0.95365,2.49253,0.88534,3.16153,0.67445,1.41765,4.90811,4.84434,38.0,38.0,0.14478,6.60225,1.64608,1.79705,6.53608,0.07218,0.07243,0.28003,0.3826,0.47575,-2.27619
relu,machine-1-6,11,level,W1,A,30,38,30,0,8,3.12052,3.11993,0.06828,0.06795,2.72361,2.63456,3.46475,3.35346,1.60434,1.55768,4.67743,4.65006,38.0,38.0,0.14478,6.60225,1.64608,1.79705,6.53608,0.0765,0.07682,1.03319,1.0338,1.02996,0.11129
relu,machine-1-6,11,level,W1,B,0,16,0,16,0,6.43488,4.26734,0.14616,0.08341,-0.58252,2.22885,-1.98311,2.81163,-1.52125,1.15822,6.63408,5.44317,16.0,16.0,0.14478,6.60225,1.64608,1.79705,6.53608,-0.00138,0.06136,-0.70533,-0.26136,-1.31344,-4.79474
relu,machine-1-6,11,level,W1,B,0,30,0,30,0,6.4701,4.11059,0.14722,0.08171,-0.90732,2.34925,-2.32111,2.77732,-1.64839,1.15837,6.64267,5.21902,30.0,30.0,0.14478,6.60225,1.64608,1.79705,6.53608,-0.00244,0.06307,-0.83574,-0.38622,-1.42303,-5.09843
relu,machine-1-6,11,level,W1,B,0,38,0,30,8,5.0773,3.95512,0.08846,0.07992,-0.0257,2.3695,-0.89892,2.8881,-0.65017,1.23134,5.73264,5.09382,38.0,38.0,0.14478,6.60225,1.64608,1.79705,6.53608,0.05632,0.06486,-0.31125,-0.01085,-0.52801,-3.78702
relu,machine-1-6,11,level,W1,B,0,46,8,30,8,3.89319,3.69737,0.07869,0.07821,0.55088,2.38146,0.35126,3.02535,0.40061,1.35933,5.15754,5.00212,46.0,46.0,0.14478,6.60225,1.64608,1.79705,6.53608,0.06608,0.06657,0.11611,0.23132,0.29471,-2.67409
relu,machine-1-6,11,level,W1,B,0,62,24,30,8,3.29378,3.25079,0.07568,0.07674,0.96711,2.56128,0.94646,3.27817,0.83495,1.49083,4.78274,4.71384,62.0,62.0,0.14478,6.60225,1.64608,1.79705,6.53608,0.06909,0.06803,0.28871,0.37759,0.56006,-2.33172
relu,machine-1-6,11,level,W2_f0995,A,-16,38,16,22,0,6.29671,6.16297,0.01522,0.01237,1.27371,1.81753,1.28317,1.92001,0.24374,0.66395,6.7606,6.65789,265.04647,251.12934,0.04688,7.5861,1.59068,1.58629,7.45514,0.03166,0.03451,0.66831,0.70079,0.3671,-0.63684
relu,machine-1-6,11,level,W2_f0995,A,-8,38,8,30,0,6.36218,6.16046,0.01611,0.01237,1.07587,1.81637,1.04812,1.9173,0.0924,0.66189,6.80995,6.65492,280.49537,247.74081,0.04688,7.5861,1.59068,1.58629,7.45514,0.03076,0.03451,0.54666,0.59232,0.1396,-0.86918
relu,machine-1-6,11,level,W2_f0995,A,0,38,0,30,8,6.35159,6.14263,0.01603,0.01245,1.09225,1.8193,1.06098,1.91924,0.09775,0.66202,6.79741,6.63859,278.13923,246.82149,0.04688,7.5861,1.59068,1.58629,7.45514,0.03084,0.03442,0.55281,0.60037,0.14766,-0.85826
relu,machine-1-6,11,level,W2_f0995,A,8,38,8,22,8,6.26445,6.11636,0.01506,0.01229,1.29052,1.82745,1.29111,1.92699,0.24858,0.66546,6.7229,6.61269,258.81502,245.65982,0.04688,7.5861,1.59068,1.58629,7.45514,0.03182,0.03459,0.67002,0.70619,0.37354,-0.63587
relu,machine-1-6,11,level,W2_f0995,A,16,38,16,14,8,6.17682,6.08519,0.01335,0.0118,1.49269,1.83556,1.5287,1.93563,0.40156,0.66925,6.65122,6.58437,245.54983,245.5271,0.04688,7.5861,1.59068,1.58629,7.45514,0.03353,0.03507,0.78977,0.8132,0.60001,-0.40692
relu,machine-1-6,11,level,W2_f0995,A,30,38,30,0,8,6.04107,6.02752,0.01099,0.0109,1.84424,1.858,1.94029,1.96039,0.66875,0.68231,6.54441,6.53544,243.34922,245.88512,0.04688,7.5861,1.59068,1.58629,7.45514,0.03589,0.03597,0.98975,0.99259,0.98014,-0.0201
relu,machine-1-6,11,level,W2_f0995,B,0,16,0,16,0,6.95524,6.85837,0.02433,0.02238,1.29164,1.68749,1.27456,1.73223,0.28082,0.57876,7.22806,7.15307,135.81847,113.26583,0.04688,7.5861,1.59068,1.58629,7.45514,0.02254,0.0245,0.73579,0.76542,0.48522,-0.45766
relu,machine-1-6,11,level,W2_f0995,B,0,30,0,30,0,6.59875,6.39018,0.01904,0.01579,1.02698,1.77072,0.98076,1.85069,0.06519,0.631,6.97702,6.81643,244.31189,200.15663,0.04688,7.5861,1.59068,1.58629,7.45514,0.02783,0.03109,0.52994,0.57998,0.10331,-0.86993
relu,machine-1-6,11,level,W2_f0995,B,0,38,0,30,8,6.35159,6.14263,0.01603,0.01245,1.09225,1.8193,1.06098,1.91924,0.09775,0.66202,6.79741,6.63859,278.13923,246.82149,0.04688,7.5861,1.59068,1.58629,7.45514,0.03084,0.03442,0.55281,0.60037,0.14766,-0.85826
relu,machine-1-6,11,level,W2_f0995,B,0,46,8,30,8,6.10073,5.90928,0.01278,0.01066,1.1746,1.8684,1.16691,1.98859,0.14944,0.69423,6.61419,6.46931,311.67058,291.41591,0.04688,7.5861,1.59068,1.58629,7.45514,0.0341,0.03621,0.5868,0.62866,0.21526,-0.82169
relu,machine-1-6,11,level,W2_f0995,B,0,62,24,30,8,5.63042,5.4689,0.01082,0.01025,1.33086,1.96331,1.37278,2.12756,0.2504,0.76006,6.27991,6.15927,381.75489,374.86136,0.04688,7.5861,1.59068,1.58629,7.45514,0.03605,0.03662,0.64524,0.67787,0.32945,-0.75478
relu,machine-1-6,11,level,W3_b01,A,-16,38,16,22,0,5.71141,3.34388,0.04761,0.01473,-1.58605,2.47308,-2.21666,3.14947,-2.02363,1.37442,6.44002,4.64253,9.23885,7.4653,0.07544,7.54667,1.61449,1.53595,7.38046,0.02783,0.06071,-0.70382,-0.64133,-1.47235,-5.36613
relu,machine-1-6,11,level,W3_b01,A,-8,38,8,30,0,5.90086,3.19274,0.05469,0.01497,-1.89412,2.53624,-2.62386,3.23294,-2.17508,1.42497,6.58005,4.51762,9.28041,7.35947,0.07544,7.54667,1.61449,1.53595,7.38046,0.02075,0.06047,-0.8116,-0.74682,-1.52641,-5.85681
relu,machine-1-6,11,level,W3_b01,A,0,38,0,30,8,4.05249,3.15244,0.02205,0.0144,0.38715,2.57913,0.35506,3.25942,-0.80224,1.44047,5.12402,4.45673,7.94838,7.30516,0.07544,7.54667,1.61449,1.53595,7.38046,0.05339,0.06104,0.10893,0.15011,-0.55693,-2.90436
relu,machine-1-6,11,level,W3_b01,A,8,38,8,22,8,3.17718,3.01317,0.01587,0.01416,1.58774,2.63955,2.02422,3.34891,0.51778,1.49909,4.46588,4.34724,7.86493,7.24409,0.07544,7.54667,1.61449,1.53595,7.38046,0.05957,0.06128,0.60444,0.60152,0.3454,-1.32469
relu,machine-1-6,11,level,W3_b01,A,16,38,16,14,8,2.97423,2.94643,0.01628,0.01497,2.06941,2.64959,2.66908,3.38396,1.04539,1.51972,4.32304,4.30588,7.7839,7.20639,0.07544,7.54667,1.61449,1.53595,7.38046,0.05916,0.06047,0.78874,0.78103,0.68788,-0.71489
relu,machine-1-6,11,level,W3_b01,A,30,38,30,0,8,2.68445,2.68777,0.01685,0.01693,2.76765,2.78727,3.5465,3.57319,1.64202,1.65062,4.13182,4.13707,7.38791,7.2685,0.07544,7.54667,1.61449,1.53595,7.38046,0.05859,0.05851,0.99253,0.99296,0.99479,-0.02669
relu,machine-1-6,11,level,W3_b01,B,0,16,0,16,0,5.64291,3.67502,0.04183,0.01278,-1.17169,2.40851,-1.68844,3.01242,-1.82147,1.27158,6.34828,4.85821,7.44774,6.0611,0.07544,7.54667,1.61449,1.53595,7.38046,0.03361,0.06266,-0.56049,-0.48648,-1.43245,-4.70086
relu,machine-1-6,11,level,W3_b01,B,0,30,0,30,0,5.96925,3.22457,0.05355,0.01408,-1.9201,2.53139,-2.66852,3.21679,-2.20986,1.40954,6.61779,4.53202,8.88096,7.1141,0.07544,7.54667,1.61449,1.53595,7.38046,0.02189,0.06136,-0.82956,-0.75852,-1.56779,-5.88531
relu,machine-1-6,11,level,W3_b01,B,0,38,0,30,8,4.05249,3.15244,0.02205,0.0144,0.38715,2.57913,0.35506,3.25942,-0.80224,1.44047,5.12402,4.45673,7.94838,7.30516,0.07544,7.54667,1.61449,1.53595,7.38046,0.05339,0.06104,0.10893,0.15011,-0.55693,-2.90436
relu,machine-1-6,11,level,W3_b01,B,0,46,8,30,8,3.22727,3.00627,0.01676,0.0144,1.58079,2.63541,2.00429,3.35037,0.44181,1.5005,4.51332,4.34854,7.85839,7.38911,0.07544,7.54667,1.61449,1.53595,7.38046,0.05868,0.06104,0.59823,0.59983,0.29444,-1.34608
relu,machine-1-6,11,level,W3_b01,B,0,62,24,30,8,2.83423,2.82228,0.01855,0.01709,2.3096,2.70987,2.98596,3.47025,1.27023,1.57884,4.2601,4.24804,8.08182,7.60171,0.07544,7.54667,1.61449,1.53595,7.38046,0.05688,0.05835,0.86045,0.85229,0.80453,-0.48429
relu,machine-1-6,11,level,W3_b05,A,-16,38,16,22,0,9.32744,5.96283,0.03776,0.01733,-2.95249,1.68985,-3.51889,3.01147,-2.67225,1.32068,11.15962,8.56021,16.54294,13.81369,0.06982,12.15404,1.38756,1.04043,11.9275,0.03206,0.05249,-1.1685,-1.74719,-2.02339,-6.53036
relu,machine-1-6,11,level,W3_b05,A,-8,38,8,30,0,9.14098,5.5083,0.03158,0.01636,-3.09941,1.88275,-3.68721,3.17453,-2.79606,1.39449,10.98971,8.18336,16.41183,13.57075,0.06982,12.15404,1.38756,1.04043,11.9275,0.03825,0.05347,-1.1615,-1.64622,-2.00507,-6.86174
relu,machine-1-6,11,level,W3_b05,A,0,38,0,30,8,5.73772,5.57632,0.02083,0.01676,1.68105,1.91355,2.80706,3.16244,1.01377,1.38434,8.28864,8.1647,14.37688,13.56318,0.06982,12.15404,1.38756,1.04043,11.9275,0.04899,0.05306,0.88763,0.8785,0.73231,-0.35538
relu,machine-1-6,11,level,W3_b05,A,8,38,8,22,8,5.09694,5.11377,0.00806,0.01099,2.10625,2.08726,3.4059,3.45002,1.59317,1.56071,7.76283,7.81333,14.69579,13.39918,0.06982,12.15404,1.38756,1.04043,11.9275,0.06177,0.05884,0.98721,1.0091,1.0208,-0.04412
relu,machine-1-6,11,level,W3_b05,A,16,38,16,14,8,5.26046,5.26811,0.01343,0.01831,1.99113,1.94531,3.28296,3.31147,1.49838,1.44303,7.89468,7.94767,14.68389,13.37622,0.06982,12.15404,1.38756,1.04043,11.9275,0.0564,0.05151,0.99139,1.02355,1.03836,-0.02851
relu,machine-1-6,11,level,W3_b05,A,30,38,30,0,8,4.23102,4.2509,0.00643,0.00854,2.41713,2.35768,3.94581,3.89556,1.91287,1.81078,7.12038,7.15951,14.41283,13.28658,0.06982,12.15404,1.38756,1.04043,11.9275,0.0634,0.06128,1.0129,1.02521,1.05638,0.05025
relu,machine-1-6,11,level,W3_b05,B,0,16,0,16,0,9.34778,6.15144,0.04468,0.01375,-2.7871,1.68984,-3.39047,3.07477,-2.61035,1.37606,11.23395,8.84256,15.83872,13.42313,0.06982,12.15404,1.38756,1.04043,11.9275,0.02515,0.05607,-1.10267,-1.64932,-1.89697,-6.46525
relu,machine-1-6,11,level,W3_b05,B,0,30,0,30,0,9.12433,5.53817,0.03182,0.01611,-3.07521,1.8544,-3.65886,3.15803,-2.77749,1.38227,10.96543,8.20317,15.9776,13.37686,0.06982,12.15404,1.38756,1.04043,11.9275,0.038,0.05371,-1.15859,-1.65834,-2.00937,-6.81689
relu,machine-1-6,11,level,W3_b05,B,0,38,0,30,8,5.73772,5.57632,0.02083,0.01676,1.68105,1.91355,2.80706,3.16244,1.01377,1.38434,8.28864,8.1647,14.37688,13.56318,0.06982,12.15404,1.38756,1.04043,11.9275,0.04899,0.05306,0.88763,0.8785,0.73231,-0.35538
relu,machine-1-6,11,level,W3_b05,B,0,46,8,30,8,5.07572,5.07212,0.01302,0.01261,2.3852,2.09043,3.80153,3.45564,1.74074,1.55582,7.77995,7.77082,14.14712,13.56231,0.06982,12.15404,1.38756,1.04043,11.9275,0.0568,0.05721,1.1001,1.14101,1.11885,0.34589
relu,machine-1-6,11,level,W3_b05,B,0,62,24,30,8,4.63214,4.62051,0.01676,0.01668,2.41976,2.10616,3.93855,3.57971,1.77553,1.57419,7.53014,7.52061,14.7403,14.16899,0.06982,12.15404,1.38756,1.04043,11.9275,0.05306,0.05314,1.10024,1.1489,1.1279,0.35884
relu,machine-1-6,11,ramp,W1,A,-16,38,16,22,0,4.06004,3.91248,0.12801,0.12118,0.74723,2.58265,0.55762,3.09349,0.74306,1.34722,5.72628,5.64464,38.0,38.0,0.21151,6.29506,2.58396,2.21673,5.01325,0.0835,0.09033,0.18026,0.28933,0.55155,-2.53587
relu,machine-1-6,11,ramp,W1,A,-8,38,8,30,0,4.12437,3.92395,0.13452,0.12321,0.5788,2.4903,0.41295,3.0711,0.63403,1.32623,5.79706,5.66035,38.0,38.0,0.21151,6.29506,2.58396,2.21673,5.01325,0.07699,0.0883,0.13446,0.23242,0.47807,-2.65814
relu,machine-1-6,11,ramp,W1,A,0,38,0,30,8,4.67607,3.88638,0.1464,0.12085,0.49461,2.55712,-0.17568,3.11793,-0.09904,1.39483,5.99061,5.57975,38.0,38.0,0.21151,6.29506,2.58396,2.21673,5.01325,0.0651,0.09066,-0.05635,0.19342,-0.071,-3.29361
relu,machine-1-6,11,ramp,W1,A,8,38,8,22,8,3.964,3.7708,0.16097,0.12712,0.96401,2.49823,0.73854,3.15629,0.67798,1.42602,5.67835,5.54669,38.0,38.0,0.21151,6.29506,2.58396,2.21673,5.01325,0.05054,0.08439,0.23399,0.38588,0.47543,-2.41775
relu,machine-1-6,11,ramp,W1,A,16,38,16,14,8,3.81449,3.67325,0.14608,0.11963,1.11425,2.65212,0.91181,3.20654,0.73538,1.4339,5.5415,5.42812,38.0,38.0,0.21151,6.29506,2.58396,2.21673,5.01325,0.06543,0.09188,0.28436,0.42014,0.51285,-2.29473
relu,machine-1-6,11,ramp,W1,A,30,38,30,0,8,3.74123,3.66351,0.12915,0.12793,2.49295,2.54983,3.03468,3.18706,1.3079,1.42334,5.40833,5.37614,38.0,38.0,0.21151,6.29506,2.58396,2.21673,5.01325,0.08236,0.08358,0.95219,0.97769,0.91889,-0.15238
relu,machine-1-6,11,ramp,W1,B,0,16,0,16,0,5.0147,4.17971,0.19002,0.13949,0.24472,2.50936,-0.41305,3.01636,-0.12748,1.3392,6.29061,5.78753,16.0,16.0,0.21151,6.29506,2.58396,2.21673,5.01325,0.02148,0.07202,-0.13694,0.09752,-0.09519,-3.42942
relu,machine-1-6,11,ramp,W1,B,0,30,0,30,0,5.01387,4.04852,0.19019,0.12671,0.13421,2.48102,-0.52798,3.04095,-0.18422,1.33382,6.29191,5.69143,30.0,30.0,0.21151,6.29506,2.58396,2.21673,5.01325,0.02132,0.0848,-0.17362,0.05409,-0.13812,-3.56893
relu,machine-1-6,11,ramp,W1,B,0,38,0,30,8,4.67607,3.88638,0.1464,0.12085,0.49461,2.55712,-0.17568,3.11793,-0.09904,1.39483,5.99061,5.57975,38.0,38.0,0.21151,6.29506,2.58396,2.21673,5.01325,0.0651,0.09066,-0.05635,0.19342,-0.071,-3.29361
relu,machine-1-6,11,ramp,W1,B,0,46,8,30,8,3.99097,3.80507,0.15356,0.12231,0.81914,2.56193,0.59085,3.20205,0.59155,1.48159,5.70463,5.55755,46.0,46.0,0.21151,6.29506,2.58396,2.21673,5.01325,0.05794,0.08919,0.18452,0.31974,0.39927,-2.61121
relu,machine-1-6,11,ramp,W1,B,0,62,24,30,8,3.65724,3.5733,0.11507,0.11393,1.13943,2.70053,0.9275,3.33502,0.88314,1.57501,5.38289,5.39007,62.0,62.0,0.21151,6.29506,2.58396,2.21673,5.01325,0.09644,0.09757,0.27811,0.42193,0.56072,-2.40752
relu,machine-1-6,11,ramp,W2_f0995,A,-16,38,16,22,0,5.56469,5.49227,0.07332,0.06999,1.68666,2.18596,1.84523,2.45803,0.58344,1.00701,7.06826,7.05407,212.40028,180.1699,0.10352,7.5756,2.24069,2.06111,6.27737,0.03019,0.03353,0.75069,0.77159,0.57938,-0.6128
relu,machine-1-6,11,ramp,W2_f0995,A,-8,38,8,30,0,5.59542,5.47785,0.07316,0.06844,1.51007,2.1889,1.62563,2.46281,0.43389,1.00939,7.07533,7.04144,238.32116,181.23322,0.10352,7.5756,2.24069,2.06111,6.27737,0.03035,0.03507,0.66007,0.68987,0.42985,-0.83718
relu,machine-1-6,11,ramp,W2_f0995,A,0,38,0,30,8,5.57815,5.45416,0.07251,0.06706,1.53294,2.19581,1.64924,2.4717,0.44632,1.01396,7.05536,7.0183,236.60102,182.37743,0.10352,7.5756,2.24069,2.06111,6.27737,0.03101,0.03646,0.66725,0.69812,0.44017,-0.82246
relu,machine-1-6,11,ramp,W2_f0995,A,8,38,8,22,8,5.51953,5.43595,0.07031,0.06657,1.71178,2.19956,1.87493,2.47811,0.60323,1.01722,7.02553,7.00515,211.92755,182.43673,0.10352,7.5756,2.24069,2.06111,6.27737,0.0332,0.03695,0.7566,0.77824,0.59301,-0.60319
relu,machine-1-6,11,ramp,W2_f0995,A,16,38,16,14,8,5.44969,5.40063,0.06795,0.0651,1.89816,2.20819,2.10604,2.48904,0.75905,1.02239,6.98236,6.97338,194.12748,184.40352,0.10352,7.5756,2.24069,2.06111,6.27737,0.03556,0.03841,0.84613,0.8596,0.74242,-0.383
relu,machine-1-6,11,ramp,W2_f0995,A,30,38,30,0,8,5.34801,5.33729,0.06445,0.06405,2.21472,2.22482,2.49576,2.51147,1.0229,1.03384,6.92696,6.92166,187.34257,189.29843,0.10352,7.5756,2.24069,2.06111,6.27737,0.03906,0.03947,0.99375,0.99546,0.98942,-0.01571
relu,machine-1-6,11,ramp,W2_f0995,B,0,16,0,16,0,5.95932,5.91104,0.08765,0.08846,1.75366,2.12287,1.89716,2.34272,0.64689,0.952,7.33433,7.32803,119.96209,84.60827,0.10352,7.5756,2.24069,2.06111,6.27737,0.01587,0.01506,0.80981,0.82608,0.6795,-0.44556
relu,machine-1-6,11,ramp,W2_f0995,B,0,30,0,30,0,5.74072,5.61976,0.07853,0.07454,1.48377,2.16775,1.5834,2.42324,0.41634,0.99046,7.16822,7.13231,215.06568,147.60891,0.10352,7.5756,2.24069,2.06111,6.27737,0.02498,0.02897,0.65342,0.68447,0.42035,-0.83985
relu,machine-1-6,11,ramp,W2_f0995,B,0,38,0,30,8,5.57815,5.45416,0.07251,0.06706,1.53294,2.19581,1.64924,2.4717,0.44632,1.01396,7.05536,7.0183,236.60102,182.37743,0.10352,7.5756,2.24069,2.06111,6.27737,0.03101,0.03646,0.66725,0.69812,0.44017,-0.82246
relu,machine-1-6,11,ramp,W2_f0995,B,0,46,8,30,8,5.4175,5.30572,0.06543,0.06234,1.59294,2.22421,1.73509,2.52103,0.49319,1.03925,6.95228,6.92183,257.97256,216.15779,0.10352,7.5756,2.24069,2.06111,6.27737,0.03809,0.04118,0.68825,0.71618,0.47456,-0.78594
relu,machine-1-6,11,ramp,W2_f0995,B,0,62,24,30,8,5.09863,5.00725,0.0529,0.05501,1.70634,2.27911,1.90182,2.6208,0.58356,1.09038,6.74714,6.72723,307.14659,281.64828,0.10352,7.5756,2.24069,2.06111,6.27737,0.05062,0.0485,0.72566,0.74869,0.53519,-0.71899
relu,machine-1-6,11,ramp,W3_b01,A,-16,38,16,22,0,6.00661,3.70895,0.09774,0.05282,-1.02894,2.58508,-2.13125,3.21288,-1.96478,1.43294,7.01225,5.70171,7.56956,5.13598,0.11857,7.38561,2.19658,1.98604,6.09064,0.02083,0.06576,-0.66334,-0.39803,-1.37115,-5.34413
relu,machine-1-6,11,ramp,W3_b01,A,-8,38,8,30,0,6.2364,3.64115,0.10173,0.04932,-1.33173,2.62184,-2.49199,3.23995,-2.07862,1.44825,7.15103,5.60808,7.78956,5.15077,0.11857,7.38561,2.19658,1.98604,6.09064,0.01685,0.06925,-0.76914,-0.50794,-1.43527,-5.73194
relu,machine-1-6,11,ramp,W3_b01,A,0,38,0,30,8,4.42667,3.49554,0.05436,0.04704,0.61671,2.68402,0.30982,3.31715,-0.79961,1.50076,5.95417,5.47088,6.14297,5.20528,0.11857,7.38561,2.19658,1.98604,6.09064,0.06421,0.07153,0.0934,0.22977,-0.5328,-3.00732
relu,machine-1-6,11,ramp,W3_b01,A,8,38,8,22,8,3.61927,3.45989,0.04435,0.04533,1.58882,2.70785,1.93208,3.35473,0.49396,1.53023,5.50051,5.44547,5.9271,5.23723,0.11857,7.38561,2.19658,1.98604,6.09064,0.07422,0.07324,0.57593,0.58675,0.3228,-1.42264
relu,machine-1-6,11,ramp,W3_b01,A,16,38,16,14,8,3.33153,3.3046,0.04508,0.04598,2.06604,2.74896,2.62676,3.44665,1.03648,1.5926,5.331,5.35192,5.80839,5.23941,0.11857,7.38561,2.19658,1.98604,6.09064,0.07349,0.07259,0.76212,0.75157,0.65081,-0.81989
relu,machine-1-6,11,ramp,W3_b01,A,30,38,30,0,8,3.11371,3.11268,0.04631,0.04696,2.73455,2.79339,3.47786,3.5247,1.6067,1.63517,5.19238,5.19783,5.49908,5.40694,0.11857,7.38561,2.19658,1.98604,6.09064,0.07227,0.07161,0.98671,0.97894,0.98259,-0.04684
relu,machine-1-6,11,ramp,W3_b01,B,0,16,0,16,0,5.89497,4.04421,0.08423,0.04867,-0.6619,2.48535,-1.5228,3.08099,-1.70854,1.35058,7.02319,5.98136,6.29529,4.20567,0.11857,7.38561,2.19658,1.98604,6.09064,0.03434,0.06991,-0.49426,-0.26632,-1.26504,-4.60379
relu,machine-1-6,11,ramp,W3_b01,B,0,30,0,30,0,6.28847,3.67143,0.1027,0.04891,-1.37535,2.6123,-2.5098,3.22953,-2.09082,1.4417,7.20782,5.635,7.55736,4.99461,0.11857,7.38561,2.19658,1.98604,6.09064,0.01587,0.06966,-0.77714,-0.52649,-1.45024,-5.73933
relu,machine-1-6,11,ramp,W3_b01,B,0,38,0,30,8,4.42667,3.49554,0.05436,0.04704,0.61671,2.68402,0.30982,3.31715,-0.79961,1.50076,5.95417,5.47088,6.14297,5.20528,0.11857,7.38561,2.19658,1.98604,6.09064,0.06421,0.07153,0.0934,0.22977,-0.5328,-3.00732
relu,machine-1-6,11,ramp,W3_b01,B,0,46,8,30,8,3.67022,3.4616,0.04533,0.04557,1.64254,2.71325,1.92131,3.35623,0.41709,1.53184,5.51369,5.44444,5.89856,5.35289,0.11857,7.38561,2.19658,1.98604,6.09064,0.07324,0.073,0.57246,0.60538,0.27228,-1.43492
relu,machine-1-6,11,ramp,W3_b01,B,0,62,24,30,8,3.1819,3.16991,0.04565,0.04574,2.29381,2.7813,2.92679,3.50404,1.2484,1.62806,5.24732,5.27374,6.05396,5.5585,0.11857,7.38561,2.19658,1.98604,6.09064,0.07292,0.07284,0.83526,0.82473,0.7668,-0.57726
relu,machine-1-6,11,ramp,W3_b05,A,-16,38,16,22,0,10.00382,6.26115,0.0245,0.01953,-2.2009,2.19983,-3.83363,3.00596,-2.83646,1.2475,11.593,9.47727,14.05316,10.78061,0.09302,11.97466,1.66327,1.4748,10.56618,0.06852,0.07349,-1.27534,-1.00048,-2.27371,-6.83959
relu,machine-1-6,11,ramp,W3_b05,A,-8,38,8,30,0,9.92098,6.21099,0.02458,0.01986,-2.25993,2.21955,-3.83601,2.95933,-2.83545,1.20287,11.47932,9.27394,14.18552,11.04151,0.09302,11.97466,1.66327,1.4748,10.56618,0.06844,0.07316,-1.29624,-1.01819,-2.35723,-6.79535
relu,machine-1-6,11,ramp,W3_b05,A,0,38,0,30,8,5.84557,5.6147,0.02059,0.01668,2.24007,2.47326,2.8705,3.31908,0.97504,1.46216,8.99551,8.82022,11.97208,11.23205,0.09302,11.97466,1.66327,1.4748,10.56618,0.07243,0.07633,0.86485,0.90572,0.66685,-0.44857
relu,machine-1-6,11,ramp,W3_b05,A,8,38,8,22,8,5.84933,5.84942,0.02035,0.0105,2.25738,2.49499,3.15784,3.27824,1.40186,1.44101,9.03361,9.02551,12.74175,11.57956,0.09302,11.97466,1.66327,1.4748,10.56618,0.07267,0.08252,0.96327,0.90476,0.97283,-0.1204
relu,machine-1-6,11,ramp,W3_b05,A,16,38,16,14,8,5.31236,5.33184,0.02645,0.01147,2.35222,2.59771,3.43405,3.55595,1.57835,1.61673,8.73451,8.72556,12.22256,11.02519,0.09302,11.97466,1.66327,1.4748,10.56618,0.06657,0.08154,0.96572,0.9055,0.97626,-0.1219
relu,machine-1-6,11,ramp,W3_b05,A,30,38,30,0,8,5.0859,5.10257,0.02905,0.01652,2.4237,2.57646,3.61454,3.58591,1.6879,1.6252,8.51904,8.47192,12.2443,11.32359,0.09302,11.97466,1.66327,1.4748,10.56618,0.06396,0.0765,1.00798,0.94071,1.03858,0.02863
relu,machine-1-6,11,ramp,W3_b05,B,0,16,0,16,0,10.28947,6.74218,0.05933,0.04964,-2.11743,2.11641,-3.60542,3.03526,-2.70639,1.33011,11.94462,9.96472,13.77385,10.73116,0.09302,11.97466,1.66327,1.4748,10.56618,0.03369,0.04338,-1.18784,-1.00048,-2.03472,-6.64068
relu,machine-1-6,11,ramp,W3_b05,B,0,30,0,30,0,9.92684,6.22793,0.02352,0.0166,-2.2616,2.2311,-3.81983,2.94717,-2.8232,1.1972,11.46739,9.25496,13.89694,10.91155,0.09302,11.97466,1.66327,1.4748,10.56618,0.0695,0.07642,-1.2961,-1.01367,-2.35817,-6.767
relu,machine-1-6,11,ramp,W3_b05,B,0,38,0,30,8,5.84557,5.6147,0.02059,0.01668,2.24007,2.47326,2.8705,3.31908,0.97504,1.46216,8.99551,8.82022,11.97208,11.23205,0.09302,11.97466,1.66327,1.4748,10.56618,0.07243,0.07633,0.86485,0.90572,0.66685,-0.44857
relu,machine-1-6,11,ramp,W3_b05,B,0,46,8,30,8,5.88354,5.88059,0.01652,0.01278,2.79199,2.47471,3.6373,3.25973,1.6281,1.42346,9.08151,9.07597,12.24256,11.64346,0.09302,11.97466,1.66327,1.4748,10.56618,0.0765,0.08024,1.11583,1.12821,1.14376,0.37756
relu,machine-1-6,11,ramp,W3_b05,B,0,62,24,30,8,5.01313,5.01629,0.02629,0.02336,2.85599,2.53004,4.05713,3.64975,1.89151,1.65949,8.72027,8.71001,12.19255,11.60421,0.09302,11.97466,1.66327,1.4748,10.56618,0.06673,0.06966,1.11162,1.12883,1.13982,0.40738
relu,machine-1-6,22,level,W1,A,-16,38,16,22,0,4.11206,3.95702,0.05672,0.059,0.40143,2.1963,0.28615,2.78833,0.61735,1.16406,5.43007,5.20328,38.0,38.0,0.11499,6.62654,1.65512,1.67905,6.52627,0.05827,0.05599,0.10262,0.18278,0.53034,-2.50219
relu,machine-1-6,22,level,W1,A,-8,38,8,30,0,4.10945,3.83121,0.05729,0.06063,0.1813,2.26013,0.1253,2.8752,0.53703,1.18751,5.4662,5.11389,38.0,38.0,0.11499,6.62654,1.65512,1.67905,6.52627,0.0577,0.05436,0.04358,0.08022,0.45224,-2.74989
relu,machine-1-6,22,level,W1,A,0,38,0,30,8,5.01662,3.81253,0.08081,0.05981,0.04057,2.33647,-0.82573,2.98435,-0.60131,1.26101,5.75374,5.07823,38.0,38.0,0.11499,6.62654,1.65512,1.67905,6.52627,0.03418,0.05518,-0.27669,0.01736,-0.47684,-3.81008
relu,machine-1-6,22,level,W1,A,8,38,8,22,8,3.57301,3.48354,0.05265,0.05599,1.00513,2.45727,0.83298,3.2337,0.70526,1.43922,4.97241,4.92936,38.0,38.0,0.11499,6.62654,1.65512,1.67905,6.52627,0.06234,0.059,0.2576,0.40904,0.49003,-2.40071
relu,machine-1-6,22,level,W1,A,16,38,16,14,8,3.49974,3.42045,0.05452,0.05566,1.04644,2.4557,0.97201,3.17436,0.71581,1.44675,4.86899,4.84105,38.0,38.0,0.11499,6.62654,1.65512,1.67905,6.52627,0.06047,0.05933,0.30621,0.42613,0.49478,-2.20235
relu,machine-1-6,22,level,W1,A,30,38,30,0,8,3.24905,3.23423,0.0533,0.05363,2.69213,2.57368,3.38224,3.24281,1.44038,1.41621,4.68895,4.66658,38.0,38.0,0.11499,6.62654,1.65512,1.67905,6.52627,0.06169,0.06136,1.043,1.04602,1.01707,0.13944
relu,machine-1-6,22,level,W1,B,0,16,0,16,0,6.46224,4.20165,0.13249,0.05859,-0.88439,2.11754,-2.12038,2.82722,-1.62605,1.18674,6.72451,5.4211,16.0,16.0,0.11499,6.62654,1.65512,1.67905,6.52627,-0.0175,0.0564,-0.74999,-0.41765,-1.37018,-4.94759
relu,machine-1-6,22,level,W1,B,0,30,0,30,0,6.47701,4.02893,0.13314,0.05941,-1.06697,2.25626,-2.33763,2.80682,-1.6771,1.13973,6.72268,5.18146,30.0,30.0,0.11499,6.62654,1.65512,1.67905,6.52627,-0.01815,0.05558,-0.83284,-0.47289,-1.47149,-5.14445
relu,machine-1-6,22,level,W1,B,0,38,0,30,8,5.01662,3.81253,0.08081,0.05981,0.04057,2.33647,-0.82573,2.98435,-0.60131,1.26101,5.75374,5.07823,38.0,38.0,0.11499,6.62654,1.65512,1.67905,6.52627,0.03418,0.05518,-0.27669,0.01736,-0.47684,-3.81008
relu,machine-1-6,22,level,W1,B,0,46,8,30,8,3.81768,3.55021,0.06592,0.05916,0.72778,2.40199,0.45721,3.15187,0.4883,1.34631,5.10318,4.97444,46.0,46.0,0.11499,6.62654,1.65512,1.67905,6.52627,0.04907,0.05583,0.14506,0.30299,0.36269,-2.69466
relu,machine-1-6,22,level,W1,B,0,62,24,30,8,3.40471,3.31032,0.06494,0.0577,1.01075,2.52439,0.90173,3.17564,0.82153,1.37092,4.83715,4.74472,62.0,62.0,0.11499,6.62654,1.65512,1.67905,6.52627,0.05005,0.05729,0.28395,0.4004,0.59925,-2.27391
relu,machine-1-6,22,level,W2_f0995,A,-16,38,16,22,0,6.22773,6.07433,0.01522,0.01221,1.25877,1.84509,1.27221,1.96942,0.22242,0.68708,6.71416,6.59847,264.13315,251.50653,0.04744,7.58072,1.59923,1.59545,7.45171,0.03223,0.03524,0.64598,0.68223,0.32372,-0.6972
relu,machine-1-6,22,level,W2_f0995,A,-8,38,8,30,0,6.30455,6.07256,0.01636,0.01213,1.04355,1.84288,1.01211,1.96555,0.05368,0.68413,6.77115,6.5957,279.58722,248.3215,0.04744,7.58072,1.59923,1.59545,7.45171,0.03109,0.03532,0.51492,0.56626,0.07847,-0.95344
relu,machine-1-6,22,level,W2_f0995,A,0,38,0,30,8,6.29376,6.05304,0.01619,0.01196,1.06065,1.84665,1.02321,1.96752,0.05654,0.68388,6.75838,6.57792,277.43267,247.35342,0.04744,7.58072,1.59923,1.59545,7.45171,0.03125,0.03548,0.52005,0.57436,0.08267,-0.94431
relu,machine-1-6,22,level,W2_f0995,A,8,38,8,22,8,6.19624,6.02495,0.01506,0.01204,1.27387,1.856,1.27506,1.97652,0.22343,0.68803,6.67692,6.55081,258.22999,246.18082,0.04744,7.58072,1.59923,1.59545,7.45171,0.03239,0.0354,0.64511,0.68635,0.32474,-0.70145
relu,machine-1-6,22,level,W2_f0995,A,16,38,16,14,8,6.09639,5.9902,0.01335,0.01172,1.49277,1.86602,1.53681,1.9871,0.39348,0.69277,6.59734,6.5205,245.16868,246.28425,0.04744,7.58072,1.59923,1.59545,7.45171,0.0341,0.03573,0.7734,0.79998,0.56799,-0.45028
relu,machine-1-6,22,level,W2_f0995,A,30,38,30,0,8,5.94449,5.92866,0.01074,0.01074,1.87595,1.89231,1.99126,2.01579,0.69156,0.70854,6.47995,6.46924,243.80564,246.77816,0.04744,7.58072,1.59923,1.59545,7.45171,0.0367,0.0367,0.98783,0.99135,0.97604,-0.02454
relu,machine-1-6,22,level,W2_f0995,B,0,16,0,16,0,6.91892,6.80701,0.02368,0.02165,1.27691,1.70712,1.25657,1.76254,0.25917,0.59249,7.20018,7.1154,135.22877,113.41717,0.04744,7.58072,1.59923,1.59545,7.45171,0.02376,0.0258,0.71293,0.74799,0.43743,-0.50597
relu,machine-1-6,22,level,W2_f0995,B,0,30,0,30,0,6.5529,6.31175,0.01896,0.01571,0.98924,1.79511,0.93471,1.89313,0.02072,0.65003,6.94445,6.76178,243.63125,200.69368,0.04744,7.58072,1.59923,1.59545,7.45171,0.02848,0.03174,0.49374,0.55108,0.03187,-0.95842
relu,machine-1-6,22,level,W2_f0995,B,0,38,0,30,8,6.29376,6.05304,0.01619,0.01196,1.06065,1.84665,1.02321,1.96752,0.05654,0.68388,6.75838,6.57792,277.43267,247.35342,0.04744,7.58072,1.59923,1.59545,7.45171,0.03125,0.03548,0.52005,0.57436,0.08267,-0.94431
relu,machine-1-6,22,level,W2_f0995,B,0,46,8,30,8,6.03038,5.81096,0.0127,0.01082,1.15137,1.89833,1.14214,2.04229,0.11628,0.71913,6.56795,6.40427,310.74965,292.05063,0.04744,7.58072,1.59923,1.59545,7.45171,0.03475,0.03662,0.55925,0.60652,0.1617,-0.90015
relu,machine-1-6,22,level,W2_f0995,B,0,62,24,30,8,5.54264,5.35907,0.0109,0.01025,1.32019,1.99633,1.36846,2.18932,0.23053,0.79002,6.22533,6.09041,380.91537,375.96765,0.04744,7.58072,1.59923,1.59545,7.45171,0.03654,0.03719,0.62506,0.66131,0.29181,-0.82086
relu,machine-1-6,22,level,W3_b01,A,-16,38,16,22,0,5.78125,3.36468,0.03605,0.01131,-1.55157,2.48973,-2.26453,3.11235,-2.03251,1.33923,6.50585,4.61356,9.32453,7.54626,0.10181,7.61041,1.51828,1.4653,7.49346,0.06576,0.09049,-0.72759,-0.62319,-1.51767,-5.37687
relu,machine-1-6,22,level,W3_b01,A,-8,38,8,30,0,5.9983,3.22128,0.04451,0.01156,-1.86739,2.54591,-2.68153,3.19277,-2.18308,1.38772,6.67477,4.50197,9.35523,7.43102,0.10181,7.61041,1.51828,1.4653,7.49346,0.05729,0.09025,-0.83988,-0.73348,-1.57315,-5.8743
relu,machine-1-6,22,level,W3_b01,A,0,38,0,30,8,4.22574,3.17142,0.01489,0.01123,0.33882,2.59409,0.1772,3.22143,-0.91291,1.40232,5.24771,4.42813,8.029,7.38282,0.10181,7.61041,1.51828,1.4653,7.49346,0.08691,0.09058,0.05501,0.13061,-0.651,-3.04423
relu,machine-1-6,22,level,W3_b01,A,8,38,8,22,8,3.23206,3.00703,0.01147,0.01131,1.59422,2.68229,1.90925,3.34531,0.43544,1.48857,4.48092,4.29453,7.99731,7.33057,0.10181,7.61041,1.51828,1.4653,7.49346,0.09033,0.09049,0.57072,0.59435,0.29252,-1.43606
relu,machine-1-6,22,level,W3_b01,A,16,38,16,14,8,2.96848,2.92939,0.01213,0.01188,2.08107,2.68669,2.5998,3.39589,1.00246,1.52895,4.30946,4.26917,7.94307,7.30417,0.10181,7.61041,1.51828,1.4653,7.49346,0.08968,0.08993,0.76557,0.77459,0.65565,-0.79609
relu,machine-1-6,22,level,W3_b01,A,30,38,30,0,8,2.65478,2.6581,0.01221,0.01237,2.79931,2.81641,3.55585,3.59184,1.65146,1.66547,4.09383,4.09279,7.49445,7.35893,0.10181,7.61041,1.51828,1.4653,7.49346,0.0896,0.08944,0.98998,0.99393,0.99159,-0.03599
relu,machine-1-6,22,level,W3_b01,B,0,16,0,16,0,5.79505,3.73909,0.04183,0.01115,-1.18365,2.40246,-1.77556,2.96519,-1.86275,1.23176,6.46661,4.86769,7.46308,6.10549,0.10181,7.61041,1.51828,1.4653,7.49346,0.05998,0.09066,-0.5988,-0.49268,-1.51227,-4.74075
relu,machine-1-6,22,level,W3_b01,B,0,30,0,30,0,6.11364,3.2581,0.0472,0.01115,-1.92052,2.53783,-2.76045,3.17526,-2.23722,1.37122,6.74527,4.52049,8.92346,7.17418,0.10181,7.61041,1.51828,1.4653,7.49346,0.05461,0.09066,-0.86936,-0.75675,-1.63155,-5.93571
relu,machine-1-6,22,level,W3_b01,B,0,38,0,30,8,4.22574,3.17142,0.01489,0.01123,0.33882,2.59409,0.1772,3.22143,-0.91291,1.40232,5.24771,4.42813,8.029,7.38282,0.10181,7.61041,1.51828,1.4653,7.49346,0.08691,0.09058,0.05501,0.13061,-0.651,-3.04423
relu,machine-1-6,22,level,W3_b01,B,0,46,8,30,8,3.28823,3.01091,0.01229,0.01156,1.58939,2.67836,1.88812,3.33841,0.35497,1.48471,4.52689,4.29932,7.97739,7.48191,0.10181,7.61041,1.51828,1.4653,7.49346,0.08952,0.09025,0.56557,0.59342,0.23908,-1.4503
relu,machine-1-6,22,level,W3_b01,B,0,62,24,30,8,2.8087,2.79959,0.01318,0.0127,2.33135,2.73723,2.92993,3.47257,1.24102,1.58475,4.22062,4.20111,8.23293,7.69239,0.10181,7.61041,1.51828,1.4653,7.49346,0.08862,0.08911,0.84374,0.85172,0.7831,-0.54264
relu,machine-1-6,22,level,W3_b05,A,-16,38,16,22,0,9.47866,5.69623,0.01139,0.00505,-2.90886,1.95808,-3.79899,3.06624,-2.79616,1.32136,10.89203,7.85577,16.35939,13.76573,0.09326,11.91931,1.10303,0.97068,11.76609,0.08187,0.08822,-1.23897,-1.48557,-2.11612,-6.86523
relu,machine-1-6,22,level,W3_b05,A,-8,38,8,30,0,9.32073,5.35493,0.00789,0.00439,-3.06683,2.14528,-3.98699,3.22033,-2.92464,1.39365,10.72473,7.57586,16.13487,13.47129,0.09326,11.91931,1.10303,0.97068,11.76609,0.08537,0.08887,-1.23807,-1.42957,-2.09855,-7.20732
relu,machine-1-6,22,level,W3_b05,A,0,38,0,30,8,5.53255,5.29963,0.00439,0.00456,1.97656,2.24172,2.86337,3.28419,0.95327,1.43313,7.71419,7.44118,14.24219,13.53245,0.09326,11.91931,1.10303,0.97068,11.76609,0.08887,0.0887,0.87187,0.88171,0.66517,-0.42082
relu,machine-1-6,22,level,W3_b05,A,8,38,8,22,8,4.78449,4.78897,0.00448,0.00448,2.59569,2.51378,3.68613,3.61782,1.76779,1.64895,7.03945,7.03314,14.64334,13.21228,0.09326,11.91931,1.10303,0.97068,11.76609,0.08879,0.08879,1.01888,1.03258,1.07207,0.06832
relu,machine-1-6,22,level,W3_b05,A,16,38,16,14,8,4.91309,4.93033,0.01978,0.01969,2.41187,2.30285,3.58447,3.51843,1.75254,1.63291,7.2298,7.23403,14.66955,13.26176,0.09326,11.91931,1.10303,0.97068,11.76609,0.07349,0.07357,1.01877,1.04734,1.07326,0.06604
relu,machine-1-6,22,level,W3_b05,A,30,38,30,0,8,4.11013,4.10109,0.00423,0.00415,2.85126,2.70474,4.16192,4.02571,2.06587,1.9044,6.5875,6.58016,14.38225,13.22811,0.09326,11.91931,1.10303,0.97068,11.76609,0.08903,0.08911,1.03383,1.05417,1.08479,0.13621
relu,machine-1-6,22,level,W3_b05,B,0,16,0,16,0,9.63766,5.90707,0.03573,0.00627,-2.73638,1.94608,-3.68984,3.10511,-2.73641,1.36295,11.04668,8.12382,15.68344,13.33605,0.09326,11.91931,1.10303,0.97068,11.76609,0.05754,0.087,-1.18831,-1.4061,-2.00771,-6.79495
relu,machine-1-6,22,level,W3_b05,B,0,30,0,30,0,9.33422,5.36419,0.00944,0.00448,-3.05694,2.13974,-3.99207,3.21295,-2.93101,1.38917,10.71293,7.57614,15.68944,13.2906,0.09326,11.91931,1.10303,0.97068,11.76609,0.08382,0.08879,-1.24249,-1.42865,-2.1099,-7.20501
relu,machine-1-6,22,level,W3_b05,B,0,38,0,30,8,5.53255,5.29963,0.00439,0.00456,1.97656,2.24172,2.86337,3.28419,0.95327,1.43313,7.71419,7.44118,14.24219,13.53245,0.09326,11.91931,1.10303,0.97068,11.76609,0.08887,0.0887,0.87187,0.88171,0.66517,-0.42082
relu,machine-1-6,22,level,W3_b05,B,0,46,8,30,8,4.76523,4.78817,0.00448,0.00439,2.9108,2.51648,4.08397,3.63002,1.91437,1.65673,7.03383,7.02804,14.08366,13.43065,0.09326,11.91931,1.10303,0.97068,11.76609,0.08879,0.08887,1.12506,1.1567,1.15551,0.45395
relu,machine-1-6,22,level,W3_b05,B,0,62,24,30,8,4.4608,4.4844,0.00431,0.00448,2.92754,2.52909,4.20791,3.75544,1.9948,1.74069,6.95198,6.94451,14.59207,13.99078,0.09326,11.91931,1.10303,0.97068,11.76609,0.08895,0.08879,1.12048,1.15755,1.14598,0.45247
relu,machine-1-6,22,ramp,W1,A,-16,38,16,22,0,4.093,3.91899,0.11882,0.1154,0.68615,2.53966,0.44043,3.14283,0.61265,1.36082,5.71915,5.64609,38.0,38.0,0.21069,6.33947,2.53392,2.23807,5.06036,0.09188,0.0953,0.14014,0.27017,0.45021,-2.7024
relu,machine-1-6,22,ramp,W1,A,-8,38,8,30,0,4.16834,3.93134,0.12313,0.12606,0.55026,2.50169,0.25879,3.10626,0.49253,1.31706,5.7605,5.67328,38.0,38.0,0.21069,6.33947,2.53392,2.23807,5.06036,0.08757,0.08464,0.08331,0.21995,0.37396,-2.84747
relu,machine-1-6,22,ramp,W1,A,0,38,0,30,8,4.63232,3.88421,0.11393,0.11751,0.60634,2.57449,-0.24269,3.13541,-0.22494,1.38381,5.85681,5.59505,38.0,38.0,0.21069,6.33947,2.53392,2.23807,5.06036,0.09676,0.09318,-0.0774,0.23552,-0.16255,-3.3781
relu,machine-1-6,22,ramp,W1,A,8,38,8,22,8,3.96636,3.80361,0.14176,0.13794,0.90308,2.51758,0.61024,3.07628,0.51787,1.33651,5.66201,5.61801,38.0,38.0,0.21069,6.33947,2.53392,2.23807,5.06036,0.06893,0.07275,0.19837,0.35871,0.38748,-2.46603
relu,machine-1-6,22,ramp,W1,A,16,38,16,14,8,3.83035,3.70154,0.13387,0.12931,1.07765,2.57796,0.84154,3.13357,0.62498,1.35649,5.53761,5.50064,38.0,38.0,0.21069,6.33947,2.53392,2.23807,5.06036,0.07682,0.08138,0.26856,0.41803,0.46073,-2.29203
relu,machine-1-6,22,ramp,W1,A,30,38,30,0,8,3.72315,3.67365,0.11906,0.11873,2.60151,2.62179,3.12959,3.14698,1.33122,1.39811,5.39601,5.37508,38.0,38.0,0.21069,6.33947,2.53392,2.23807,5.06036,0.09163,0.09196,0.99447,0.99227,0.95216,-0.0174
relu,machine-1-6,22,ramp,W1,B,0,16,0,16,0,5.19385,4.22604,0.15828,0.1272,0.15376,2.51903,-0.65865,2.97173,-0.34093,1.25962,6.28151,5.79382,16.0,16.0,0.21069,6.33947,2.53392,2.23807,5.06036,0.05241,0.0835,-0.22164,0.06104,-0.27066,-3.63038
relu,machine-1-6,22,ramp,W1,B,0,30,0,30,0,5.20267,4.07154,0.1556,0.12524,0.01662,2.52024,-0.83432,3.03722,-0.47438,1.29151,6.28482,5.706,30.0,30.0,0.21069,6.33947,2.53392,2.23807,5.06036,0.05509,0.08545,-0.2747,0.0066,-0.36731,-3.87154
relu,machine-1-6,22,ramp,W1,B,0,38,0,30,8,4.63232,3.88421,0.11393,0.11751,0.60634,2.57449,-0.24269,3.13541,-0.22494,1.38381,5.85681,5.59505,38.0,38.0,0.21069,6.33947,2.53392,2.23807,5.06036,0.09676,0.09318,-0.0774,0.23552,-0.16255,-3.3781
relu,machine-1-6,22,ramp,W1,B,0,46,8,30,8,4.02294,3.81454,0.1381,0.13428,0.77226,2.57605,0.44576,3.14186,0.41922,1.40494,5.66829,5.63405,46.0,46.0,0.21069,6.33947,2.53392,2.23807,5.06036,0.07259,0.07642,0.14188,0.29979,0.29839,-2.6961
relu,machine-1-6,22,ramp,W1,B,0,62,24,30,8,3.73305,3.61342,0.12004,0.11743,0.99652,2.6454,0.76545,3.26681,0.69754,1.50345,5.44833,5.44755,62.0,62.0,0.21069,6.33947,2.53392,2.23807,5.06036,0.09066,0.09326,0.23431,0.3767,0.46396,-2.50137
relu,machine-1-6,22,ramp,W2_f0995,A,-16,38,16,22,0,5.50889,5.4275,0.07072,0.06714,1.69236,2.21233,1.83088,2.49248,0.56363,1.024,7.03374,7.01414,212.69924,182.11628,0.10295,7.56455,2.25216,2.07547,6.25687,0.03223,0.03581,0.73456,0.76497,0.55042,-0.6616
relu,machine-1-6,22,ramp,W2_f0995,A,-8,38,8,30,0,5.54506,5.41286,0.0717,0.066,1.50707,2.2157,1.5925,2.49787,0.40041,1.02667,7.04456,7.00199,238.47934,183.07252,0.10295,7.56455,2.25216,2.07547,6.25687,0.03125,0.03695,0.63754,0.68018,0.39001,-0.90537
relu,machine-1-6,22,ramp,W2_f0995,A,0,38,0,30,8,5.52787,5.38913,0.07015,0.06437,1.52987,2.22314,1.61699,2.50736,0.41249,1.03164,7.02537,6.97889,237.02164,184.02221,0.10295,7.56455,2.25216,2.07547,6.25687,0.0328,0.03857,0.6449,0.68816,0.39984,-0.89036
relu,machine-1-6,22,ramp,W2_f0995,A,8,38,8,22,8,5.46227,5.37006,0.06803,0.06437,1.71733,2.22772,1.86097,2.51492,0.58291,1.03557,6.99268,6.96642,212.63922,184.036,0.10295,7.56455,2.25216,2.07547,6.25687,0.03491,0.03857,0.73997,0.77089,0.56289,-0.65395
relu,machine-1-6,22,ramp,W2_f0995,A,16,38,16,14,8,5.38612,5.33229,0.06527,0.06323,1.91102,2.23757,2.11073,2.52762,0.7524,1.04164,6.94528,6.93277,194.87398,186.0205,0.10295,7.56455,2.25216,2.07547,6.25687,0.03768,0.03971,0.83507,0.85406,0.72232,-0.41688
relu,machine-1-6,22,ramp,W2_f0995,A,30,38,30,0,8,5.27624,5.26491,0.06193,0.06152,2.24455,2.25607,2.53466,2.55245,1.04123,1.05408,6.88551,6.8793,188.82727,191.04552,0.10295,7.56455,2.25216,2.07547,6.25687,0.04102,0.04142,0.99303,0.9949,0.9878,-0.0178
relu,machine-1-6,22,ramp,W2_f0995,B,0,16,0,16,0,5.92193,5.8659,0.08602,0.08577,1.7579,2.14344,1.88144,2.36626,0.62877,0.96346,7.31298,7.30174,119.84436,85.38217,0.10295,7.56455,2.25216,2.07547,6.25687,0.01693,0.01717,0.79511,0.82013,0.65262,-0.48482
relu,machine-1-6,22,ramp,W2_f0995,B,0,30,0,30,0,5.69792,5.56075,0.0769,0.07243,1.47703,2.19306,1.54302,2.45476,0.37845,1.00587,7.14241,7.09658,215.19014,148.94044,0.10295,7.56455,2.25216,2.07547,6.25687,0.02604,0.03052,0.62858,0.6735,0.37624,-0.91174
relu,machine-1-6,22,ramp,W2_f0995,B,0,38,0,30,8,5.52787,5.38913,0.07015,0.06437,1.52987,2.22314,1.61699,2.50736,0.41249,1.03164,7.02537,6.97889,237.02164,184.02221,0.10295,7.56455,2.25216,2.07547,6.25687,0.0328,0.03857,0.6449,0.68816,0.39984,-0.89036
relu,machine-1-6,22,ramp,W2_f0995,B,0,46,8,30,8,5.36015,5.2362,0.0638,0.06047,1.5943,2.25246,1.71182,2.55944,0.46537,1.05846,6.91801,6.88007,258.38179,218.00595,0.10295,7.56455,2.25216,2.07547,6.25687,0.03914,0.04248,0.66883,0.7078,0.43967,-0.84762
relu,machine-1-6,22,ramp,W2_f0995,B,0,62,24,30,8,5.03051,4.93066,0.05379,0.05477,1.7161,2.30997,1.89421,2.66467,0.56619,1.11268,6.70516,6.68061,307.98677,284.15537,0.10295,7.56455,2.25216,2.07547,6.25687,0.04915,0.04818,0.71086,0.74291,0.50885,-0.77047
relu,machine-1-6,22,ramp,W3_b01,A,-16,38,16,22,0,5.80031,3.65662,0.0542,0.04386,-0.84536,2.59722,-1.97426,3.1928,-1.86627,1.43779,6.80181,5.63646,7.78131,5.33532,0.14787,7.57276,2.1783,1.94086,6.2204,0.09367,0.104,-0.61835,-0.32549,-1.29802,-5.16707
relu,machine-1-6,22,ramp,W3_b01,A,-8,38,8,30,0,6.03432,3.59743,0.05526,0.04305,-1.15011,2.63456,-2.33307,3.22426,-1.97643,1.45523,6.95081,5.56478,8.00556,5.35054,0.14787,7.57276,2.1783,1.94086,6.2204,0.09261,0.10482,-0.7236,-0.43655,-1.35815,-5.55734
relu,machine-1-6,22,ramp,W3_b01,A,0,38,0,30,8,4.35324,3.46359,0.04199,0.04215,0.6467,2.67288,0.33776,3.29215,-0.75683,1.49571,5.90088,5.46201,6.48043,5.41279,0.14787,7.57276,2.1783,1.94086,6.2204,0.10588,0.10571,0.1026,0.24195,-0.506,-2.95438
relu,machine-1-6,22,ramp,W3_b01,A,8,38,8,22,8,3.61142,3.4312,0.04053,0.04142,1.52987,2.68482,1.8278,3.3259,0.43823,1.5216,5.52557,5.45779,6.26299,5.43911,0.14787,7.57276,2.1783,1.94086,6.2204,0.10734,0.10645,0.54956,0.56982,0.288,-1.49811
relu,machine-1-6,22,ramp,W3_b01,A,16,38,16,14,8,3.30832,3.27335,0.04069,0.04093,1.98367,2.73323,2.50617,3.41549,0.96533,1.58337,5.33184,5.34299,6.10039,5.4366,0.14787,7.57276,2.1783,1.94086,6.2204,0.10718,0.10693,0.73377,0.72576,0.60967,-0.90931
relu,machine-1-6,22,ramp,W3_b01,A,30,38,30,0,8,3.0853,3.08121,0.0415,0.0415,2.72162,2.79318,3.45019,3.51092,1.6059,1.64538,5.18763,5.19344,5.67976,5.57307,0.14787,7.57276,2.1783,1.94086,6.2204,0.10636,0.10636,0.9827,0.97438,0.97601,-0.06073
relu,machine-1-6,22,ramp,W3_b01,B,0,16,0,16,0,5.74206,4.03233,0.059,0.04492,-0.52127,2.47029,-1.39775,3.04435,-1.62008,1.34399,6.89842,5.96945,6.42057,4.34715,0.14787,7.57276,2.1783,1.94086,6.2204,0.08887,0.10295,-0.45913,-0.21101,-1.20543,-4.4421
relu,machine-1-6,22,ramp,W3_b01,B,0,30,0,30,0,6.10838,3.63966,0.05843,0.04183,-1.21593,2.61668,-2.362,3.21246,-1.99622,1.44826,7.0438,5.60622,7.73973,5.18051,0.14787,7.57276,2.1783,1.94086,6.2204,0.08944,0.10604,-0.73526,-0.46468,-1.37836,-5.57446
relu,machine-1-6,22,ramp,W3_b01,B,0,38,0,30,8,4.35324,3.46359,0.04199,0.04215,0.6467,2.67288,0.33776,3.29215,-0.75683,1.49571,5.90088,5.46201,6.48043,5.41279,0.14787,7.57276,2.1783,1.94086,6.2204,0.10588,0.10571,0.1026,0.24195,-0.506,-2.95438
relu,machine-1-6,22,ramp,W3_b01,B,0,46,8,30,8,3.64778,3.42247,0.04045,0.0411,1.58878,2.69637,1.82456,3.32587,0.36921,1.52082,5.51697,5.43838,6.26537,5.56708,0.14787,7.57276,2.1783,1.94086,6.2204,0.10742,0.10677,0.5486,0.58923,0.24277,-1.5013
relu,machine-1-6,22,ramp,W3_b01,B,0,62,24,30,8,3.14366,3.13227,0.04012,0.03996,2.23013,2.78181,2.81914,3.48842,1.1947,1.63392,5.23087,5.25263,6.38757,5.76648,0.14787,7.57276,2.1783,1.94086,6.2204,0.10775,0.10791,0.80814,0.80168,0.73119,-0.66928
relu,machine-1-6,22,ramp,W3_b05,A,-16,38,16,22,0,9.67867,6.07102,0.02401,0.01807,-2.28599,2.26553,-3.87387,3.00341,-2.90041,1.26673,10.99221,8.95405,14.38621,11.06002,0.14461,12.0017,1.60604,1.43426,10.48785,0.12061,0.12655,-1.28982,-1.00903,-2.28969,-6.87727
relu,machine-1-6,22,ramp,W3_b05,A,-8,38,8,30,0,9.61868,5.9672,0.02368,0.01888,-2.3341,2.32259,-3.8493,3.0172,-2.89556,1.25097,10.90883,8.79471,14.53565,11.34775,0.14461,12.0017,1.60604,1.43426,10.48785,0.12093,0.12573,-1.27578,-1.00496,-2.31465,-6.8665
relu,machine-1-6,22,ramp,W3_b05,A,0,38,0,30,8,5.71733,5.42779,0.01302,0.01318,2.21488,2.47997,2.82607,3.29962,0.89744,1.43534,8.46693,8.44336,12.44643,11.47966,0.14461,12.0017,1.60604,1.43426,10.48785,0.13159,0.13143,0.85648,0.89311,0.62525,-0.47355
relu,machine-1-6,22,ramp,W3_b05,A,8,38,8,22,8,5.74597,5.71297,0.01562,0.01278,2.18383,2.47146,3.11635,3.25315,1.41102,1.43976,8.68523,8.71129,13.10401,11.80252,0.14461,12.0017,1.60604,1.43426,10.48785,0.12899,0.13184,0.95795,0.88362,0.98004,-0.1368
relu,machine-1-6,22,ramp,W3_b05,A,16,38,16,14,8,5.07044,5.06584,0.01432,0.00879,2.31576,2.65713,3.40145,3.54643,1.56946,1.60017,8.22191,8.25009,12.58698,11.31277,0.14461,12.0017,1.60604,1.43426,10.48785,0.13029,0.13582,0.95912,0.87153,0.98081,-0.14498
relu,machine-1-6,22,ramp,W3_b05,A,30,38,30,0,8,5.04971,5.03314,0.02132,0.01489,2.49127,2.68559,3.53757,3.55501,1.63991,1.59654,8.14253,8.13705,12.59699,11.69593,0.14461,12.0017,1.60604,1.43426,10.48785,0.12329,0.12972,0.99509,0.92764,1.02717,-0.01744
relu,machine-1-6,22,ramp,W3_b05,B,0,16,0,16,0,10.18315,6.71716,0.06193,0.05363,-2.19043,2.06109,-3.65055,2.76755,-2.75244,1.14046,11.48566,9.5276,14.09775,10.92351,0.14461,12.0017,1.60604,1.43426,10.48785,0.08268,0.09098,-1.31906,-1.06275,-2.41345,-6.41809
relu,machine-1-6,22,ramp,W3_b05,B,0,30,0,30,0,9.62144,5.97722,0.02197,0.01644,-2.35037,2.33031,-3.82495,3.02023,-2.88138,1.25579,10.92448,8.78719,14.19079,11.21326,0.14461,12.0017,1.60604,1.43426,10.48785,0.12264,0.12817,-1.26644,-1.00861,-2.29448,-6.84518
relu,machine-1-6,22,ramp,W3_b05,B,0,38,0,30,8,5.71733,5.42779,0.01302,0.01318,2.21488,2.47997,2.82607,3.29962,0.89744,1.43534,8.46693,8.44336,12.44643,11.47966,0.14461,12.0017,1.60604,1.43426,10.48785,0.13159,0.13143,0.85648,0.89311,0.62525,-0.47355
relu,machine-1-6,22,ramp,W3_b05,B,0,46,8,30,8,5.73899,5.72693,0.01294,0.01221,2.77545,2.45048,3.66701,3.2123,1.67143,1.40422,8.74939,8.73789,12.72255,11.93766,0.14461,12.0017,1.60604,1.43426,10.48785,0.13167,0.13241,1.14155,1.13262,1.19029,0.45471
relu,machine-1-6,22,ramp,W3_b05,B,0,62,24,30,8,4.89632,4.9043,0.02083,0.01945,2.94934,2.62727,4.07466,3.60789,1.91335,1.6275,8.2975,8.29185,12.72174,11.99568,0.14461,12.0017,1.60604,1.43426,10.48785,0.12378,0.12516,1.12937,1.12259,1.17564,0.46676
relu,machine-1-6,33,level,W1,A,-16,38,16,22,0,4.07786,3.92851,0.05575,0.05591,0.4795,2.32849,0.2842,2.91209,0.6751,1.22902,5.42945,5.20725,38.0,38.0,0.1202,6.63243,1.68451,1.74174,6.52743,0.06445,0.06429,0.09759,0.20593,0.5493,-2.62789
relu,machine-1-6,33,level,W1,A,-8,38,8,30,0,4.1523,3.76698,0.05745,0.05884,0.18254,2.35178,0.0376,2.96802,0.43281,1.24662,5.48034,5.11192,38.0,38.0,0.1202,6.63243,1.68451,1.74174,6.52743,0.06274,0.06136,0.01267,0.07762,0.34718,-2.93043
relu,machine-1-6,33,level,W1,A,0,38,0,30,8,5.0721,3.81089,0.07503,0.05851,-0.02162,2.35075,-0.91803,2.98997,-0.72883,1.28633,5.70278,5.05964,38.0,38.0,0.1202,6.63243,1.68451,1.74174,6.52743,0.04517,0.06169,-0.30704,-0.0092,-0.5666,-3.90801
relu,machine-1-6,33,level,W1,A,8,38,8,22,8,3.57333,3.49981,0.0498,0.04858,0.77031,2.43261,0.79649,3.17983,0.6117,1.40832,5.02305,4.91313,38.0,38.0,0.1202,6.63243,1.68451,1.74174,6.52743,0.07039,0.07161,0.25048,0.31666,0.43435,-2.38333
relu,machine-1-6,33,level,W1,A,16,38,16,14,8,3.32429,3.28876,0.04818,0.0459,0.96723,2.50906,1.12264,3.26185,0.84986,1.45913,4.8249,4.74545,38.0,38.0,0.1202,6.63243,1.68451,1.74174,6.52743,0.07202,0.0743,0.34417,0.38549,0.58244,-2.13921
relu,machine-1-6,33,level,W1,A,30,38,30,0,8,3.09299,3.09565,0.04842,0.04891,2.68433,2.57356,3.5024,3.36887,1.58545,1.50512,4.6586,4.64252,38.0,38.0,0.1202,6.63243,1.68451,1.74174,6.52743,0.07178,0.07129,1.03964,1.04304,1.05338,0.13353
relu,machine-1-6,33,level,W1,B,0,16,0,16,0,6.49492,4.19273,0.13411,0.06128,-0.66503,2.2977,-2.13587,2.87245,-1.57122,1.27135,6.63469,5.43881,16.0,16.0,0.1202,6.63243,1.68451,1.74174,6.52743,-0.01392,0.05892,-0.74357,-0.28943,-1.23587,-5.00832
relu,machine-1-6,33,level,W1,B,0,30,0,30,0,6.49924,3.92768,0.13509,0.06014,-0.87543,2.39142,-2.40614,2.91747,-1.7491,1.2296,6.62365,5.17751,30.0,30.0,0.1202,6.63243,1.68451,1.74174,6.52743,-0.01489,0.06006,-0.82473,-0.36607,-1.42249,-5.3236
relu,machine-1-6,33,level,W1,B,0,38,0,30,8,5.0721,3.81089,0.07503,0.05851,-0.02162,2.35075,-0.91803,2.98997,-0.72883,1.28633,5.70278,5.05964,38.0,38.0,0.1202,6.63243,1.68451,1.74174,6.52743,0.04517,0.06169,-0.30704,-0.0092,-0.5666,-3.90801
relu,machine-1-6,33,level,W1,B,0,46,8,30,8,3.75007,3.59418,0.05778,0.05924,0.50791,2.38686,0.48939,3.10912,0.45249,1.34563,5.10662,4.9717,46.0,46.0,0.1202,6.63243,1.68451,1.74174,6.52743,0.06242,0.06095,0.15741,0.2128,0.33627,-2.61972
relu,machine-1-6,33,level,W1,B,0,62,24,30,8,3.25716,3.2136,0.05648,0.06055,0.89499,2.54312,0.99928,3.28133,0.8617,1.43837,4.78079,4.72575,62.0,62.0,0.1202,6.63243,1.68451,1.74174,6.52743,0.06372,0.05965,0.30453,0.35193,0.59908,-2.28205
relu,machine-1-6,33,level,W2_f0995,A,-16,38,16,22,0,6.25846,6.10867,0.01286,0.01107,1.26289,1.83693,1.28234,1.95945,0.23724,0.68514,6.72815,6.61625,263.47255,250.38578,0.05168,7.58387,1.59708,1.59589,7.46378,0.03882,0.04061,0.65444,0.6875,0.34627,-0.67711
relu,machine-1-6,33,level,W2_f0995,A,-8,38,8,30,0,6.33285,6.10592,0.01416,0.01131,1.05327,1.8354,1.0302,1.95616,0.075,0.68263,6.78231,6.61232,278.98813,247.14666,0.05168,7.58387,1.59708,1.59589,7.46378,0.03752,0.04036,0.52664,0.57386,0.10987,-0.92597
relu,machine-1-6,33,level,W2_f0995,A,0,38,0,30,8,6.32381,6.08588,0.01424,0.01131,1.06878,1.8386,1.04078,1.95813,0.07817,0.68244,6.77074,6.59459,276.87547,246.37939,0.05168,7.58387,1.59708,1.59589,7.46378,0.03743,0.04036,0.53152,0.5813,0.11455,-0.91735
relu,machine-1-6,33,level,W2_f0995,A,8,38,8,22,8,6.22929,6.05827,0.0127,0.01123,1.27648,1.8467,1.28378,1.96552,0.2381,0.68543,6.69152,6.56809,257.62228,245.15045,0.05168,7.58387,1.59708,1.59589,7.46378,0.03898,0.04045,0.65315,0.69122,0.34738,-0.68174
relu,machine-1-6,33,level,W2_f0995,A,16,38,16,14,8,6.13137,6.02409,0.01164,0.01082,1.48989,1.8555,1.5368,1.97421,0.40097,0.68883,6.61349,6.53754,244.50421,245.28029,0.05168,7.58387,1.59708,1.59589,7.46378,0.04004,0.04085,0.77844,0.80296,0.5821,-0.43741
relu,machine-1-6,33,level,W2_f0995,A,30,38,30,0,8,5.9823,5.9648,0.01025,0.01025,1.86274,1.87889,1.9756,1.99945,0.68606,0.70209,6.49806,6.48669,242.51645,245.46802,0.05168,7.58387,1.59708,1.59589,7.46378,0.04142,0.04142,0.98807,0.9914,0.97716,-0.02386
relu,machine-1-6,33,level,W2_f0995,B,0,16,0,16,0,6.94061,6.83065,0.02515,0.02197,1.28173,1.70225,1.26643,1.75717,0.2719,0.59242,7.20924,7.12728,135.11793,113.0018,0.05168,7.58387,1.59708,1.59589,7.46378,0.02653,0.0297,0.72072,0.75296,0.45897,-0.49074
relu,machine-1-6,33,level,W2_f0995,B,0,30,0,30,0,6.5779,6.34185,0.01855,0.01335,1.00104,1.78881,0.95562,1.88562,0.04367,0.64955,6.95389,6.77708,243.26619,199.79907,0.05168,7.58387,1.59708,1.59589,7.46378,0.03312,0.03833,0.50679,0.55961,0.06723,-0.93
relu,machine-1-6,33,level,W2_f0995,B,0,38,0,30,8,6.32381,6.08588,0.01424,0.01131,1.06878,1.8386,1.04078,1.95813,0.07817,0.68244,6.77074,6.59459,276.87547,246.37939,0.05168,7.58387,1.59708,1.59589,7.46378,0.03743,0.04036,0.53152,0.5813,0.11455,-0.91735
relu,machine-1-6,33,level,W2_f0995,B,0,46,8,30,8,6.06229,5.84573,0.01172,0.01066,1.15673,1.88887,1.1558,2.03066,0.13508,0.71623,6.58132,6.4215,310.0553,290.84141,0.05168,7.58387,1.59708,1.59589,7.46378,0.03996,0.04102,0.56917,0.6124,0.18859,-0.87486
relu,machine-1-6,33,level,W2_f0995,B,0,62,24,30,8,5.57811,5.39716,0.01099,0.01017,1.3211,1.98483,1.37446,2.17318,0.24355,0.78396,6.23903,6.10702,379.75169,374.0049,0.05168,7.58387,1.59708,1.59589,7.46378,0.04069,0.0415,0.63247,0.6656,0.31067,-0.79872
relu,machine-1-6,33,level,W3_b01,A,-16,38,16,22,0,5.80098,3.37402,0.03361,0.01074,-1.45564,2.57712,-2.2722,3.16183,-2.03551,1.36284,6.45304,4.63476,9.41449,7.65474,0.09644,7.6686,1.50519,1.47023,7.57818,0.06283,0.08569,-0.71864,-0.56483,-1.49358,-5.43403
relu,machine-1-6,33,level,W3_b01,A,-8,38,8,30,0,6.02291,3.23821,0.03988,0.01115,-1.79581,2.63619,-2.69099,3.23238,-2.17881,1.40238,6.62511,4.51991,9.47157,7.55227,0.09644,7.6686,1.50519,1.47023,7.57818,0.05656,0.08529,-0.83251,-0.68121,-1.55366,-5.92337
relu,machine-1-6,33,level,W3_b01,A,0,38,0,30,8,4.23059,3.18804,0.01538,0.01058,0.39945,2.68808,0.18776,3.25592,-0.90541,1.41297,5.19713,4.43841,8.18355,7.50097,0.09644,7.6686,1.50519,1.47023,7.57818,0.08105,0.08586,0.05767,0.1486,-0.64078,-3.06816
relu,machine-1-6,33,level,W3_b01,A,8,38,8,22,8,3.26989,3.05077,0.01172,0.01034,1.62369,2.73677,1.93374,3.34423,0.44657,1.47062,4.48212,4.32367,8.13055,7.44948,0.09644,7.6686,1.50519,1.47023,7.57818,0.08472,0.0861,0.57823,0.59329,0.30366,-1.41049
relu,machine-1-6,33,level,W3_b01,A,16,38,16,14,8,2.9983,2.95321,0.01156,0.01074,2.1159,2.74584,2.63257,3.39984,1.00856,1.50712,4.30038,4.26722,8.04963,7.4114,0.09644,7.6686,1.50519,1.47023,7.57818,0.08488,0.08569,0.77432,0.77058,0.6692,-0.76726
relu,machine-1-6,33,level,W3_b01,A,30,38,30,0,8,2.66209,2.66482,0.01107,0.0109,2.86636,2.88902,3.58353,3.60408,1.64928,1.65007,4.07069,4.07311,7.64443,7.50328,0.09644,7.6686,1.50519,1.47023,7.57818,0.08537,0.08553,0.9943,0.99216,0.99952,-0.02055
relu,machine-1-6,33,level,W3_b01,B,0,16,0,16,0,5.78721,3.72375,0.02425,0.00993,-1.10232,2.46982,-1.79831,3.01405,-1.88254,1.24628,6.40878,4.87429,7.52453,6.18343,0.09644,7.6686,1.50519,1.47023,7.57818,0.07218,0.08651,-0.59664,-0.44632,-1.51053,-4.81236
relu,machine-1-6,33,level,W3_b01,B,0,30,0,30,0,6.12946,3.27234,0.03833,0.01034,-1.85315,2.62296,-2.76928,3.21547,-2.23618,1.38539,6.69733,4.54163,9.04153,7.29552,0.09644,7.6686,1.50519,1.47023,7.57818,0.05811,0.0861,-0.86124,-0.70651,-1.61411,-5.98475
relu,machine-1-6,33,level,W3_b01,B,0,38,0,30,8,4.23059,3.18804,0.01538,0.01058,0.39945,2.68808,0.18776,3.25592,-0.90541,1.41297,5.19713,4.43841,8.18355,7.50097,0.09644,7.6686,1.50519,1.47023,7.57818,0.08105,0.08586,0.05767,0.1486,-0.64078,-3.06816
relu,machine-1-6,33,level,W3_b01,B,0,46,8,30,8,3.32115,3.04716,0.01237,0.0105,1.62143,2.74207,1.91045,3.34522,0.36786,1.47349,4.52609,4.32259,8.13145,7.62089,0.09644,7.6686,1.50519,1.47023,7.57818,0.08407,0.08594,0.5711,0.59132,0.24965,-1.43477
relu,machine-1-6,33,level,W3_b01,B,0,62,24,30,8,2.81901,2.80258,0.01245,0.01139,2.37718,2.81911,2.96936,3.48679,1.25065,1.5682,4.19823,4.17893,8.37882,7.8466,0.09644,7.6686,1.50519,1.47023,7.57818,0.08398,0.08504,0.8516,0.84324,0.79751,-0.51743
relu,machine-1-6,33,level,W3_b05,A,-16,38,16,22,0,9.3284,5.76845,0.0214,0.00993,-2.60356,2.06757,-3.57217,3.06308,-2.68846,1.30248,10.71091,8.01101,16.15875,13.67951,0.06608,11.93829,1.0357,0.92643,11.79031,0.04468,0.05615,-1.1662,-1.25924,-2.06412,-6.63526
relu,machine-1-6,33,level,W3_b05,A,-8,38,8,30,0,9.21834,5.38003,0.02165,0.01017,-2.81395,2.18299,-3.85272,3.20386,-2.85987,1.36195,10.61208,7.74534,15.96427,13.22355,0.06608,11.93829,1.0357,0.92643,11.79031,0.04443,0.05591,-1.20252,-1.28904,-2.09984,-7.05658
relu,machine-1-6,33,level,W3_b05,A,0,38,0,30,8,5.68438,5.42413,0.01318,0.01107,1.95049,2.20325,2.84013,3.12024,0.96663,1.28891,7.90621,7.64475,14.28257,13.3643,0.06608,11.93829,1.0357,0.92643,11.79031,0.0529,0.05501,0.91023,0.88528,0.74996,-0.28011
relu,machine-1-6,33,level,W3_b05,A,8,38,8,22,8,4.95094,4.98934,0.00537,0.0057,2.35178,2.34139,3.42186,3.32095,1.50875,1.392,7.24285,7.27238,14.46597,13.08737,0.06608,11.93829,1.0357,0.92643,11.79031,0.06071,0.06038,1.03039,1.00444,1.08387,0.10091
relu,machine-1-6,33,level,W3_b05,A,16,38,16,14,8,4.96103,4.99954,0.00651,0.00732,2.18028,2.15232,3.36654,3.26432,1.48324,1.35594,7.35689,7.3841,14.42896,13.0333,0.06608,11.93829,1.0357,0.92643,11.79031,0.05957,0.05876,1.03131,1.01299,1.09388,0.10221
relu,machine-1-6,33,level,W3_b05,A,30,38,30,0,8,4.11254,4.15008,0.00586,0.00643,2.72281,2.63429,4.06414,3.87756,1.93657,1.75647,6.65997,6.67346,14.42291,13.26432,0.06608,11.93829,1.0357,0.92643,11.79031,0.06022,0.05965,1.04812,1.0336,1.10253,0.18659
relu,machine-1-6,33,level,W3_b05,B,0,16,0,16,0,9.53945,5.95503,0.01807,0.00822,-2.57747,1.97408,-3.61142,3.06519,-2.70861,1.31558,10.94002,8.2997,15.44885,13.1323,0.06608,11.93829,1.0357,0.92643,11.79031,0.04801,0.05786,-1.1782,-1.30566,-2.05887,-6.67662
relu,machine-1-6,33,level,W3_b05,B,0,30,0,30,0,9.24694,5.40743,0.01896,0.01034,-2.82079,2.16328,-3.8517,3.19166,-2.86203,1.35308,10.65101,7.77808,15.47825,12.98165,0.06608,11.93829,1.0357,0.92643,11.79031,0.04712,0.05575,-1.2068,-1.30394,-2.1152,-7.04337
relu,machine-1-6,33,level,W3_b05,B,0,38,0,30,8,5.68438,5.42413,0.01318,0.01107,1.95049,2.20325,2.84013,3.12024,0.96663,1.28891,7.90621,7.64475,14.28257,13.3643,0.06608,11.93829,1.0357,0.92643,11.79031,0.0529,0.05501,0.91023,0.88528,0.74996,-0.28011
relu,machine-1-6,33,level,W3_b05,B,0,46,8,30,8,5.00968,5.002,0.00806,0.00838,2.66282,2.33584,3.7677,3.32207,1.63784,1.39,7.3106,7.29593,14.01664,13.36182,0.06608,11.93829,1.0357,0.92643,11.79031,0.05802,0.0577,1.13414,1.13998,1.1783,0.44563
relu,machine-1-6,33,level,W3_b05,B,0,62,24,30,8,4.60382,4.58778,0.01245,0.0127,2.71995,2.4088,3.93954,3.50323,1.74374,1.49991,7.11968,7.09128,14.61855,14.00538,0.06608,11.93829,1.0357,0.92643,11.79031,0.05363,0.05339,1.12454,1.12917,1.16256,0.43631
relu,machine-1-6,33,ramp,W1,A,-16,38,16,22,0,4.09923,3.92846,0.12467,0.11385,0.79797,2.55023,0.46281,3.00877,0.68355,1.31522,5.69979,5.61707,38.0,38.0,0.17399,6.2703,2.56738,2.22209,5.01264,0.04932,0.06014,0.15382,0.3129,0.51973,-2.54596
relu,machine-1-6,33,ramp,W1,A,-8,38,8,30,0,4.17802,3.99325,0.12866,0.12248,0.66275,2.44847,0.35239,2.92607,0.64024,1.23647,5.7791,5.67039,38.0,38.0,0.17399,6.2703,2.56738,2.22209,5.01264,0.04533,0.05151,0.12043,0.27068,0.5178,-2.57368
relu,machine-1-6,33,ramp,W1,A,0,38,0,30,8,4.68294,3.91095,0.13534,0.11279,0.61313,2.49864,-0.19395,2.97271,-0.03139,1.27851,5.95244,5.58137,38.0,38.0,0.17399,6.2703,2.56738,2.22209,5.01264,0.03866,0.0612,-0.06524,0.24539,-0.02455,-3.16666
relu,machine-1-6,33,ramp,W1,A,8,38,8,22,8,3.9377,3.80065,0.12069,0.11247,1.06178,2.55272,0.76825,3.01843,0.85691,1.32053,5.60281,5.50197,38.0,38.0,0.17399,6.2703,2.56738,2.22209,5.01264,0.0533,0.06152,0.25452,0.41594,0.64891,-2.25017
relu,machine-1-6,33,ramp,W1,A,16,38,16,14,8,3.7538,3.69577,0.11174,0.10832,1.21559,2.59854,0.99315,3.07599,0.93022,1.35184,5.42407,5.38599,38.0,38.0,0.17399,6.2703,2.56738,2.22209,5.01264,0.06226,0.06567,0.32287,0.4678,0.68811,-2.08284
relu,machine-1-6,33,ramp,W1,A,30,38,30,0,8,3.72822,3.67933,0.12614,0.12476,2.55431,2.51883,3.08851,3.09199,1.39465,1.40512,5.42293,5.39736,38.0,38.0,0.17399,6.2703,2.56738,2.22209,5.01264,0.04785,0.04924,0.99887,1.01408,0.99255,-0.00348
relu,machine-1-6,33,ramp,W1,B,0,16,0,16,0,5.26457,4.19469,0.17367,0.12305,0.22159,2.5394,-0.7401,2.91171,-0.38707,1.23052,6.30427,5.75802,16.0,16.0,0.17399,6.2703,2.56738,2.22209,5.01264,0.00033,0.05094,-0.25418,0.08726,-0.31456,-3.65181
relu,machine-1-6,33,ramp,W1,B,0,30,0,30,0,5.28834,4.11829,0.17147,0.12321,0.12689,2.46535,-0.82718,2.85127,-0.41743,1.18011,6.3139,5.70333,30.0,30.0,0.17399,6.2703,2.56738,2.22209,5.01264,0.00252,0.05078,-0.29011,0.05147,-0.35373,-3.67845
relu,machine-1-6,33,ramp,W1,B,0,38,0,30,8,4.68294,3.91095,0.13534,0.11279,0.61313,2.49864,-0.19395,2.97271,-0.03139,1.27851,5.95244,5.58137,38.0,38.0,0.17399,6.2703,2.56738,2.22209,5.01264,0.03866,0.0612,-0.06524,0.24539,-0.02455,-3.16666
relu,machine-1-6,33,ramp,W1,B,0,46,8,30,8,3.99815,3.80443,0.12077,0.11084,0.98704,2.57842,0.59795,3.08211,0.73241,1.40556,5.60222,5.53437,46.0,46.0,0.17399,6.2703,2.56738,2.22209,5.01264,0.05322,0.06315,0.19401,0.38281,0.52108,-2.48416
relu,machine-1-6,33,ramp,W1,B,0,62,24,30,8,3.62853,3.55849,0.11304,0.10889,1.26455,2.64083,1.0143,3.25221,1.0864,1.53063,5.38498,5.40334,62.0,62.0,0.17399,6.2703,2.56738,2.22209,5.01264,0.06095,0.0651,0.31188,0.47884,0.70977,-2.23791
relu,machine-1-6,33,ramp,W2_f0995,A,-16,38,16,22,0,5.55172,5.47653,0.07056,0.06803,1.67495,2.19196,1.82401,2.46326,0.56649,1.00801,7.05464,7.04008,211.83733,180.28899,0.10514,7.58018,2.23828,2.06132,6.28552,0.03459,0.03711,0.74049,0.76413,0.56199,-0.63925
relu,machine-1-6,33,ramp,W2_f0995,A,-8,38,8,30,0,5.58485,5.46184,0.07072,0.06681,1.49051,2.19562,1.593,2.46835,0.40951,1.01056,7.06237,7.02702,237.61796,181.27321,0.10514,7.58018,2.23828,2.06132,6.28552,0.03442,0.03833,0.64537,0.67886,0.40523,-0.87535
relu,machine-1-6,33,ramp,W2_f0995,A,0,38,0,30,8,5.56942,5.43829,0.06925,0.06486,1.51342,2.20302,1.61565,2.47726,0.4208,1.01526,7.04292,7.00296,235.96423,182.29053,0.10514,7.58018,2.23828,2.06132,6.28552,0.03589,0.04028,0.65219,0.68698,0.41447,-0.86161
relu,machine-1-6,33,ramp,W2_f0995,A,8,38,8,22,8,5.50758,5.41977,0.0673,0.06437,1.69744,2.20613,1.84872,2.48201,0.58285,1.0174,7.01041,6.98883,211.63544,182.37334,0.10514,7.58018,2.23828,2.06132,6.28552,0.03784,0.04077,0.74485,0.76942,0.57288,-0.63329
relu,machine-1-6,33,ramp,W2_f0995,A,16,38,16,14,8,5.43469,5.38277,0.06429,0.06307,1.8894,2.21415,2.08919,2.49281,0.74494,1.02231,6.96486,6.95508,193.69611,184.3163,0.10514,7.58018,2.23828,2.06132,6.28552,0.04085,0.04207,0.83809,0.85333,0.72868,-0.40362
relu,machine-1-6,33,ramp,W2_f0995,A,30,38,30,0,8,5.32894,5.31693,0.06201,0.06201,2.21926,2.23039,2.49873,2.51608,1.02174,1.03403,6.90868,6.90235,186.99644,189.16607,0.10514,7.58018,2.23828,2.06132,6.28552,0.04313,0.04313,0.99311,0.99501,0.98811,-0.01735
relu,machine-1-6,33,ramp,W2_f0995,B,0,16,0,16,0,5.95758,5.90669,0.087,0.08724,1.7435,2.12657,1.87833,2.34482,0.63235,0.95169,7.33003,7.32331,119.40982,84.48492,0.10514,7.58018,2.23828,2.06132,6.28552,0.01815,0.0179,0.80106,0.81986,0.66445,-0.46649
relu,machine-1-6,33,ramp,W2_f0995,B,0,30,0,30,0,5.73481,5.60746,0.07715,0.073,1.46192,2.1742,1.54758,2.42802,0.39024,0.99145,7.15849,7.12068,214.38275,147.48345,0.10514,7.58018,2.23828,2.06132,6.28552,0.02799,0.03215,0.63738,0.67239,0.3936,-0.88044
relu,machine-1-6,33,ramp,W2_f0995,B,0,38,0,30,8,5.56942,5.43829,0.06925,0.06486,1.51342,2.20302,1.61565,2.47726,0.4208,1.01526,7.04292,7.00296,235.96423,182.29053,0.10514,7.58018,2.23828,2.06132,6.28552,0.03589,0.04028,0.65219,0.68698,0.41447,-0.86161
relu,machine-1-6,33,ramp,W2_f0995,B,0,46,8,30,8,5.40385,5.28649,0.06038,0.06047,1.57722,2.23185,1.70586,2.52694,0.47019,1.0405,6.93573,6.90321,257.13862,215.95736,0.10514,7.58018,2.23828,2.06132,6.28552,0.04476,0.04468,0.67507,0.70669,0.45189,-0.82108
relu,machine-1-6,33,ramp,W2_f0995,B,0,62,24,30,8,5.07705,4.98216,0.04671,0.05062,1.69667,2.28826,1.88139,2.62933,0.56599,1.09301,6.72469,6.70363,306.1648,281.42631,0.10514,7.58018,2.23828,2.06132,6.28552,0.05843,0.05452,0.71554,0.74146,0.51782,-0.74794
relu,machine-1-6,33,ramp,W3_b01,A,-16,38,16,22,0,5.91501,3.69976,0.07967,0.05379,-0.88926,2.66815,-1.98874,3.38622,-1.8953,1.56651,7.02919,5.81994,7.74821,5.21532,0.13631,7.3822,2.39324,2.14553,6.06723,0.05664,0.08252,-0.5873,-0.33329,-1.20989,-5.37496
relu,machine-1-6,33,ramp,W3_b01,A,-8,38,8,30,0,6.15232,3.64113,0.08586,0.05387,-1.21449,2.70847,-2.39458,3.41775,-2.03564,1.5855,7.15915,5.73952,8.00815,5.22467,0.13631,7.3822,2.39324,2.14553,6.06723,0.05046,0.08244,-0.70063,-0.4484,-1.28391,-5.81233
relu,machine-1-6,33,ramp,W3_b01,A,0,38,0,30,8,4.37091,3.50531,0.05477,0.05225,0.6983,2.76379,0.4013,3.49196,-0.75078,1.63433,5.99461,5.61196,6.40184,5.27639,0.13631,7.3822,2.39324,2.14553,6.06723,0.08154,0.08407,0.11492,0.25266,-0.45938,-3.09066
relu,machine-1-6,33,ramp,W3_b01,A,8,38,8,22,8,3.58929,3.45338,0.05151,0.05135,1.64672,2.80232,2.0313,3.52887,0.5696,1.65714,5.58199,5.55332,6.09385,5.27917,0.13631,7.3822,2.39324,2.14553,6.06723,0.0848,0.08496,0.57563,0.58763,0.34373,-1.49756
relu,machine-1-6,33,ramp,W3_b01,A,16,38,16,14,8,3.31853,3.29641,0.05086,0.05037,2.09797,2.83343,2.69873,3.59718,1.08981,1.69811,5.41207,5.4357,5.91442,5.25574,0.13631,7.3822,2.39324,2.14553,6.06723,0.08545,0.08594,0.75024,0.74043,0.64178,-0.89845
relu,machine-1-6,33,ramp,W3_b01,A,30,38,30,0,8,3.11542,3.11246,0.04932,0.04834,2.78507,2.85981,3.58168,3.64714,1.67857,1.71967,5.27208,5.27509,5.52525,5.41111,0.13631,7.3822,2.39324,2.14553,6.06723,0.087,0.08797,0.98205,0.97386,0.9761,-0.06545
relu,machine-1-6,33,ramp,W3_b01,B,0,16,0,16,0,5.78601,4.01749,0.07072,0.05078,-0.49539,2.58943,-1.34341,3.2706,-1.61272,1.4945,7.02984,6.07009,6.40979,4.23755,0.13631,7.3822,2.39324,2.14553,6.06723,0.06559,0.08553,-0.41075,-0.19131,-1.0791,-4.614
relu,machine-1-6,33,ramp,W3_b01,B,0,30,0,30,0,6.20442,3.67331,0.08415,0.05265,-1.25151,2.70219,-2.40835,3.41289,-2.04326,1.58333,7.21583,5.76696,7.76493,5.06472,0.13631,7.3822,2.39324,2.14553,6.06723,0.05216,0.08366,-0.70566,-0.46315,-1.29048,-5.82123
relu,machine-1-6,33,ramp,W3_b01,B,0,38,0,30,8,4.37091,3.50531,0.05477,0.05225,0.6983,2.76379,0.4013,3.49196,-0.75078,1.63433,5.99461,5.61196,6.40184,5.27639,0.13631,7.3822,2.39324,2.14553,6.06723,0.08154,0.08407,0.11492,0.25266,-0.45938,-3.09066
relu,machine-1-6,33,ramp,W3_b01,B,0,46,8,30,8,3.6403,3.46333,0.05168,0.05135,1.71231,2.81046,2.0195,3.53793,0.48702,1.66638,5.59348,5.56578,6.10855,5.42458,0.13631,7.3822,2.39324,2.14553,6.06723,0.08464,0.08496,0.57081,0.60926,0.29226,-1.51843
relu,machine-1-6,33,ramp,W3_b01,B,0,62,24,30,8,3.17803,3.17584,0.05111,0.04899,2.34724,2.87666,3.0039,3.66281,1.30571,1.74136,5.33415,5.36925,6.19239,5.5986,0.13631,7.3822,2.39324,2.14553,6.06723,0.08521,0.08732,0.82011,0.81596,0.74982,-0.65891
relu,machine-1-6,33,ramp,W3_b05,A,-16,38,16,22,0,9.85602,6.0921,0.01009,0.01139,-2.20157,2.40961,-3.85414,3.20627,-2.84388,1.42443,11.14756,9.09908,14.29532,11.06484,0.05786,11.58984,1.69793,1.64035,10.37446,0.04777,0.04647,-1.20206,-0.91366,-1.9965,-7.06041
relu,machine-1-6,33,ramp,W3_b05,A,-8,38,8,30,0,9.80825,6.10438,0.01074,0.00537,-2.30717,2.41868,-3.85896,3.12246,-2.84388,1.35123,11.0683,8.94725,14.42547,11.18638,0.05786,11.58984,1.69793,1.64035,10.37446,0.04712,0.05249,-1.23587,-0.9539,-2.10466,-6.98142
relu,machine-1-6,33,ramp,W3_b05,A,0,38,0,30,8,5.69313,5.49372,0.00578,0.00537,2.45456,2.61094,2.9566,3.41594,0.99564,1.53156,8.44311,8.47855,12.27576,11.44557,0.05786,11.58984,1.69793,1.64035,10.37446,0.05208,0.05249,0.86553,0.94011,0.65008,-0.45933
relu,machine-1-6,33,ramp,W3_b05,A,8,38,8,22,8,5.76913,5.72455,0.00618,0.00521,2.36555,2.69297,3.25939,3.45042,1.49236,1.58029,8.61207,8.55238,12.86659,11.69776,0.05786,11.58984,1.69793,1.64035,10.37446,0.05168,0.05265,0.94464,0.87842,0.94436,-0.19103
relu,machine-1-6,33,ramp,W3_b05,A,16,38,16,14,8,5.25729,5.25801,0.00944,0.00505,2.41936,2.72314,3.40805,3.5681,1.56676,1.63066,8.29852,8.29637,12.34238,11.1064,0.05786,11.58984,1.69793,1.64035,10.37446,0.04842,0.05282,0.95515,0.88844,0.96082,-0.16004
relu,machine-1-6,33,ramp,W3_b05,A,30,38,30,0,8,5.13207,5.12935,0.01335,0.00529,2.46372,2.67943,3.54765,3.57251,1.66603,1.64744,8.19195,8.1425,12.39966,11.47536,0.05786,11.58984,1.69793,1.64035,10.37446,0.04451,0.05257,0.99304,0.91949,1.01129,-0.02485
relu,machine-1-6,33,ramp,W3_b05,B,0,16,0,16,0,10.1379,6.67337,0.04549,0.04289,-2.07742,2.3343,-3.56994,3.08105,-2.66782,1.38178,11.46916,9.51488,14.02701,10.9306,0.05786,11.58984,1.69793,1.64035,10.37446,0.01237,0.01497,-1.15868,-0.88995,-1.93071,-6.65099
relu,machine-1-6,33,ramp,W3_b05,B,0,30,0,30,0,9.80692,6.11019,0.00789,0.00488,-2.31455,2.42701,-3.84731,3.1187,-2.83414,1.34891,11.07701,8.93821,14.14226,11.07973,0.05786,11.58984,1.69793,1.64035,10.37446,0.04997,0.05298,-1.23363,-0.95366,-2.10106,-6.96601
relu,machine-1-6,33,ramp,W3_b05,B,0,38,0,30,8,5.69313,5.49372,0.00578,0.00537,2.45456,2.61094,2.9566,3.41594,0.99564,1.53156,8.44311,8.47855,12.27576,11.44557,0.05786,11.58984,1.69793,1.64035,10.37446,0.05208,0.05249,0.86553,0.94011,0.65008,-0.45933
relu,machine-1-6,33,ramp,W3_b05,B,0,46,8,30,8,5.78802,5.79103,0.00505,0.00505,3.00954,2.69166,3.835,3.43986,1.77429,1.57556,8.63338,8.63905,12.58407,11.84502,0.05786,11.58984,1.69793,1.64035,10.37446,0.05282,0.05282,1.11487,1.1181,1.12613,0.39514
relu,machine-1-6,33,ramp,W3_b05,B,0,62,24,30,8,4.951,4.97861,0.00594,0.00537,3.12948,2.78008,4.23464,3.78671,2.02937,1.78252,8.28113,8.29901,12.58169,11.86061,0.05786,11.58984,1.69793,1.64035,10.37446,0.05192,0.05249,1.11829,1.12568,1.13849,0.44793
relu,machine-2-7,11,level,W1,A,-16,38,16,22,0,3.58335,3.2952,0.13477,0.12622,0.28586,2.79896,0.07661,3.47186,0.56606,1.67212,4.33157,4.13718,38.0,38.0,0.34603,6.38894,2.0673,1.99464,6.5784,0.21126,0.21981,0.02207,0.10213,0.33853,-3.39525
relu,machine-2-7,11,level,W1,A,-8,38,8,30,0,3.69122,3.14342,0.13989,0.12996,0.12251,2.83246,-0.11969,3.57243,0.37514,1.74645,4.4046,4.07843,38.0,38.0,0.34603,6.38894,2.0673,1.99464,6.5784,0.20614,0.21606,-0.0335,0.04325,0.2148,-3.69212
relu,machine-2-7,11,level,W1,A,0,38,0,30,8,4.51684,3.04218,0.13656,0.13151,-0.46756,2.85525,-0.98291,3.68156,-0.75224,1.82063,5.03706,4.00657,38.0,38.0,0.34603,6.38894,2.0673,1.99464,6.5784,0.20947,0.21452,-0.26698,-0.16376,-0.41318,-4.66447
relu,machine-2-7,11,level,W1,A,8,38,8,22,8,3.06658,2.95791,0.11808,0.1237,0.57477,2.77598,0.77014,3.71599,0.86131,1.83954,4.1383,4.02166,38.0,38.0,0.34603,6.38894,2.0673,1.99464,6.5784,0.22795,0.22233,0.20725,0.20705,0.46822,-2.94586
relu,machine-2-7,11,level,W1,A,16,38,16,14,8,3.01756,2.90515,0.10335,0.11613,0.74106,2.79872,0.96052,3.75749,0.90078,1.8701,4.07356,3.96555,38.0,38.0,0.34603,6.38894,2.0673,1.99464,6.5784,0.24268,0.2299,0.25563,0.26478,0.48167,-2.79697
relu,machine-2-7,11,level,W1,A,30,38,30,0,8,2.80537,2.72007,0.09139,0.09188,2.83618,2.86587,3.79773,3.84858,1.88531,1.9393,3.95358,3.83258,38.0,38.0,0.34603,6.38894,2.0673,1.99464,6.5784,0.25464,0.25415,0.98679,0.98964,0.97216,-0.05085
relu,machine-2-7,11,level,W1,B,0,16,0,16,0,6.50283,3.42608,0.33577,0.15389,-1.61501,2.72647,-2.71562,3.51401,-2.01565,1.69854,6.54457,4.45988,16.0,16.0,0.34603,6.38894,2.0673,1.99464,6.5784,0.01025,0.19214,-0.7728,-0.59235,-1.18669,-6.22963
relu,machine-2-7,11,level,W1,B,0,30,0,30,0,6.48566,3.17401,0.33732,0.13688,-1.91387,2.81458,-3.07728,3.5926,-2.28753,1.74195,6.49982,4.12075,30.0,30.0,0.34603,6.38894,2.0673,1.99464,6.5784,0.00871,0.20915,-0.85656,-0.67998,-1.3132,-6.66988
relu,machine-2-7,11,level,W1,B,0,38,0,30,8,4.51684,3.04218,0.13656,0.13151,-0.46756,2.85525,-0.98291,3.68156,-0.75224,1.82063,5.03706,4.00657,38.0,38.0,0.34603,6.38894,2.0673,1.99464,6.5784,0.20947,0.21452,-0.26698,-0.16376,-0.41318,-4.66447
relu,machine-2-7,11,level,W1,B,0,46,8,30,8,3.14936,2.97337,0.1154,0.12842,0.31053,2.83114,0.50129,3.70307,0.65412,1.82497,4.25335,4.02936,46.0,46.0,0.34603,6.38894,2.0673,1.99464,6.5784,0.23063,0.21761,0.13537,0.10969,0.35843,-3.20178
relu,machine-2-7,11,level,W1,B,0,62,24,30,8,2.92488,2.79618,0.09497,0.10897,0.49067,2.89268,0.76452,3.81459,0.853,1.91375,4.09878,3.89124,62.0,62.0,0.34603,6.38894,2.0673,1.99464,6.5784,0.25106,0.23706,0.20042,0.16963,0.44572,-3.05007
relu,machine-2-7,11,level,W2_f0995,A,-16,38,16,22,0,6.99473,6.88874,0.03288,0.03239,1.48764,2.10139,1.52647,2.19169,0.40804,0.86189,6.53718,6.44555,273.5363,255.38086,0.03817,7.68484,1.81823,1.80242,8.3593,0.00529,0.00578,0.69648,0.70793,0.47342,-0.66522
relu,machine-2-7,11,level,W2_f0995,A,-8,38,8,30,0,7.04202,6.87552,0.03394,0.03312,1.26738,2.10346,1.28914,2.197,0.2487,0.86453,6.58264,6.43726,292.39485,255.02645,0.03817,7.68484,1.81823,1.80242,8.3593,0.00423,0.00505,0.58677,0.60252,0.28768,-0.90786
relu,machine-2-7,11,level,W2_f0995,A,0,38,0,30,8,7.04372,6.86823,0.03434,0.03361,1.28051,2.10344,1.3025,2.19876,0.25486,0.86512,6.58364,6.43062,289.3943,253.84993,0.03817,7.68484,1.81823,1.80242,8.3593,0.00382,0.00456,0.59238,0.60877,0.29459,-0.89626
relu,machine-2-7,11,level,W2_f0995,A,8,38,8,22,8,6.97129,6.8477,0.03426,0.03394,1.49387,2.10181,1.5371,2.19876,0.41517,0.86452,6.53061,6.42362,271.14422,254.64729,0.03817,7.68484,1.81823,1.80242,8.3593,0.00391,0.00423,0.69907,0.71076,0.48023,-0.66167
relu,machine-2-7,11,level,W2_f0995,A,16,38,16,14,8,6.88865,6.81291,0.03483,0.03434,1.7125,2.09933,1.78349,2.20445,0.58005,0.86694,6.48638,6.42045,258.48885,256.18297,0.03817,7.68484,1.81823,1.80242,8.3593,0.00334,0.00382,0.80904,0.81574,0.66908,-0.42096
relu,machine-2-7,11,level,W2_f0995,A,30,38,30,0,8,6.79937,6.78475,0.03442,0.03434,2.07526,2.09338,2.18798,2.20944,0.85416,0.86933,6.44874,6.43592,253.79704,256.30163,0.03817,7.68484,1.81823,1.80242,8.3593,0.00374,0.00382,0.99029,0.99134,0.98255,-0.02145
relu,machine-2-7,11,level,W2_f0995,B,0,16,0,16,0,7.72977,7.65533,0.03695,0.03695,1.48998,1.93736,1.50193,1.98285,0.44166,0.76389,7.16033,7.09603,141.45673,115.95931,0.03817,7.68484,1.81823,1.80242,8.3593,0.00122,0.00122,0.75746,0.76908,0.57817,-0.48092
relu,machine-2-7,11,level,W2_f0995,B,0,30,0,30,0,7.30472,7.13206,0.03548,0.03459,1.20558,2.0457,1.21247,2.12228,0.21702,0.82844,6.80539,6.65402,254.96204,206.40688,0.03817,7.68484,1.81823,1.80242,8.3593,0.00269,0.00358,0.5713,0.58932,0.26196,-0.90981
relu,machine-2-7,11,level,W2_f0995,B,0,38,0,30,8,7.04372,6.86823,0.03434,0.03361,1.28051,2.10344,1.3025,2.19876,0.25486,0.86512,6.58364,6.43062,289.3943,253.84993,0.03817,7.68484,1.81823,1.80242,8.3593,0.00382,0.00456,0.59238,0.60877,0.29459,-0.89626
relu,machine-2-7,11,level,W2_f0995,B,0,46,8,30,8,6.75621,6.59653,0.03312,0.03215,1.37065,2.15544,1.41655,2.27333,0.31179,0.9012,6.36443,6.2258,328.86809,304.2786,0.03817,7.68484,1.81823,1.80242,8.3593,0.00505,0.00602,0.62312,0.6359,0.34597,-0.85678
relu,machine-2-7,11,level,W2_f0995,B,0,62,24,30,8,6.24208,6.10896,0.03149,0.03109,1.53127,2.24709,1.63574,2.4206,0.42311,0.97469,6.0002,5.88502,403.31779,391.79031,0.03817,7.68484,1.81823,1.80242,8.3593,0.00667,0.00708,0.67576,0.68145,0.4341,-0.78486
relu,machine-2-7,11,level,W3_b01,A,-16,38,16,22,0,6.06958,3.41394,0.05778,0.02783,-1.83425,3.04764,-2.44273,3.6949,-2.12829,1.84259,6.14637,4.01484,9.02036,7.02884,0.11979,7.33856,1.86425,1.88726,7.82449,0.06201,0.09196,-0.66111,-0.60186,-1.15506,-6.13763
relu,machine-2-7,11,level,W3_b01,A,-8,38,8,30,0,6.32613,3.38771,0.06291,0.03768,-2.16055,3.10577,-2.80439,3.75131,-2.19595,1.89147,6.34533,3.97688,9.19649,7.0884,0.11979,7.33856,1.86425,1.88726,7.82449,0.05688,0.08211,-0.74758,-0.69566,-1.16097,-6.5557
relu,machine-2-7,11,level,W3_b01,A,0,38,0,30,8,4.32711,3.21895,0.03117,0.03003,0.50634,3.14528,0.52214,3.84688,-0.84527,1.95533,4.61985,3.82584,7.76684,7.00703,0.11979,7.33856,1.86425,1.88726,7.82449,0.08862,0.08976,0.13573,0.16098,-0.43229,-3.32473
relu,machine-2-7,11,level,W3_b01,A,8,38,8,22,8,3.18022,2.98614,0.02946,0.03084,1.89087,3.07301,2.40488,3.88838,0.78077,1.96681,4.03789,3.94768,7.87036,7.22529,0.11979,7.33856,1.86425,1.88726,7.82449,0.09033,0.08895,0.61848,0.61532,0.39697,-1.4835
relu,machine-2-7,11,level,W3_b01,A,16,38,16,14,8,3.04547,3.03214,0.03426,0.03906,2.39179,3.05892,3.03758,3.81891,1.3594,1.91488,4.0501,4.06609,7.92235,7.33672,0.11979,7.33856,1.86425,1.88726,7.82449,0.08553,0.08073,0.7954,0.78191,0.70992,-0.78133
relu,machine-2-7,11,level,W3_b01,A,30,38,30,0,8,3.03228,3.03711,0.03573,0.03621,3.04671,3.07999,3.78088,3.82925,1.89128,1.91881,4.07325,4.08248,7.51503,7.40976,0.11979,7.33856,1.86425,1.88726,7.82449,0.08407,0.08358,0.98737,0.9892,0.98565,-0.04837
relu,machine-2-7,11,level,W3_b01,B,0,16,0,16,0,5.90404,3.8337,0.05778,0.03296,-1.24361,3.00494,-1.6507,3.5139,-1.83914,1.71708,5.95317,4.26268,7.42041,5.8526,0.11979,7.33856,1.86425,1.88726,7.82449,0.06201,0.08683,-0.46976,-0.41386,-1.07108,-5.1646
relu,machine-2-7,11,level,W3_b01,B,0,30,0,30,0,6.34296,3.39375,0.06087,0.03548,-2.15946,3.11194,-2.80966,3.75201,-2.21578,1.89116,6.34861,3.97542,8.83714,6.8871,0.11979,7.33856,1.86425,1.88726,7.82449,0.05892,0.08431,-0.74884,-0.69393,-1.17165,-6.56167
relu,machine-2-7,11,level,W3_b01,B,0,38,0,30,8,4.32711,3.21895,0.03117,0.03003,0.50634,3.14528,0.52214,3.84688,-0.84527,1.95533,4.61985,3.82584,7.76684,7.00703,0.11979,7.33856,1.86425,1.88726,7.82449,0.08862,0.08976,0.13573,0.16098,-0.43229,-3.32473
relu,machine-2-7,11,level,W3_b01,B,0,46,8,30,8,3.24821,2.99522,0.0297,0.03076,1.87582,3.07216,2.38823,3.87598,0.70056,1.95855,4.10995,3.96575,7.81228,7.32796,0.11979,7.33856,1.86425,1.88726,7.82449,0.09009,0.08903,0.61616,0.61059,0.35769,-1.48775
relu,machine-2-7,11,level,W3_b01,B,0,62,24,30,8,2.95627,2.9585,0.03166,0.03239,2.56194,3.03089,3.30167,3.82038,1.55524,1.90253,4.06444,4.06878,8.07398,7.59782,0.11979,7.33856,1.86425,1.88726,7.82449,0.08813,0.0874,0.86422,0.84528,0.81746,-0.51872
relu,machine-2-7,11,level,W3_b05,A,-16,38,16,22,0,9.70046,4.83255,0.06689,0.02588,-3.38178,3.29919,-4.72311,4.10954,-3.34272,1.9678,9.94639,6.29246,14.4796,11.30237,0.10425,10.86908,1.63901,1.94108,11.56393,0.03735,0.07837,-1.14931,-1.02504,-1.6987,-8.83265
relu,machine-2-7,11,level,W3_b05,A,-8,38,8,30,0,9.90961,5.24693,0.10059,0.06624,-3.32886,3.44432,-4.50345,4.23177,-3.17866,2.13109,10.05614,6.56159,14.82481,11.76145,0.10425,10.86908,1.63901,1.94108,11.56393,0.00366,0.038,-1.0642,-0.96648,-1.49157,-8.73522
relu,machine-2-7,11,level,W3_b05,A,0,38,0,30,8,5.23952,4.66348,0.02751,0.03109,2.9442,3.48748,3.53344,4.42777,1.32436,2.23155,6.24256,5.99235,12.09287,11.3745,0.10425,10.86908,1.63901,1.94108,11.56393,0.07674,0.07316,0.79802,0.84422,0.59347,-0.89433
relu,machine-2-7,11,level,W3_b05,A,8,38,8,22,8,4.39644,4.373,0.06177,0.05778,3.26177,3.4019,4.21571,4.37554,2.12024,2.16496,6.45057,6.4192,13.13098,11.99227,0.10425,10.86908,1.63901,1.94108,11.56393,0.04248,0.04647,0.96347,0.95881,0.97934,-0.15983
relu,machine-2-7,11,level,W3_b05,A,16,38,16,14,8,4.61255,4.65496,0.104,0.10425,3.16233,3.30991,4.11638,4.22211,2.05733,2.07049,7.24257,7.23383,13.70718,12.49207,0.10425,10.86908,1.63901,1.94108,11.56393,0.00024,0.0,0.97496,0.95541,0.99365,-0.10573
relu,machine-2-7,11,level,W3_b05,A,30,38,30,0,8,4.99945,5.00577,0.06266,0.06274,3.32461,3.38315,4.06758,4.1533,2.02768,2.04244,7.13219,7.1213,13.302,12.4287,0.10425,10.86908,1.63901,1.94108,11.56393,0.04159,0.0415,0.97936,0.9827,0.99277,-0.08572
relu,machine-2-7,11,level,W3_b05,B,0,16,0,16,0,9.83655,5.3405,0.10262,0.06429,-3.17393,3.22231,-4.43226,3.88748,-3.15742,1.87548,10.26714,6.97868,14.47862,11.57405,0.10425,10.86908,1.63901,1.94108,11.56393,0.00163,0.03996,-1.14014,-0.98498,-1.68353,-8.31974
relu,machine-2-7,11,level,W3_b05,B,0,30,0,30,0,9.87811,5.24417,0.09945,0.06649,-3.29161,3.43694,-4.47803,4.22115,-3.1654,2.12353,10.03256,6.57914,14.55355,11.69227,0.10425,10.86908,1.63901,1.94108,11.56393,0.0048,0.03776,-1.06086,-0.95772,-1.49063,-8.69919
relu,machine-2-7,11,level,W3_b05,B,0,38,0,30,8,5.23952,4.66348,0.02751,0.03109,2.9442,3.48748,3.53344,4.42777,1.32436,2.23155,6.24256,5.99235,12.09287,11.3745,0.10425,10.86908,1.63901,1.94108,11.56393,0.07674,0.07316,0.79802,0.84422,0.59347,-0.89433
relu,machine-2-7,11,level,W3_b05,B,0,46,8,30,8,4.46456,4.441,0.06714,0.06665,3.62779,3.37358,4.66489,4.30194,2.33843,2.11441,6.60644,6.58258,12.51833,11.97509,0.10425,10.86908,1.63901,1.94108,11.56393,0.03711,0.0376,1.08437,1.07535,1.10595,0.36296
relu,machine-2-7,11,level,W3_b05,B,0,62,24,30,8,4.3792,4.37207,0.07853,0.07593,3.58605,3.32911,4.61987,4.25331,2.30197,2.07388,6.94095,6.9001,13.02114,12.47106,0.10425,10.86908,1.63901,1.94108,11.56393,0.02572,0.02832,1.08618,1.07718,1.10998,0.36657
relu,machine-2-7,11,ramp,W1,A,-16,38,16,22,0,3.22841,2.80538,0.2452,0.22795,0.72862,2.55669,0.03337,3.45202,0.52126,1.66017,5.13966,4.98966,38.0,38.0,0.33659,5.57558,2.77158,2.21239,4.01155,0.09139,0.10864,0.00967,0.28499,0.31398,-3.41865
relu,machine-2-7,11,ramp,W1,A,-8,38,8,30,0,3.30975,2.73203,0.2526,0.22144,0.57541,2.57076,-0.15737,3.47223,0.3462,1.64831,5.18086,4.89439,38.0,38.0,0.33659,5.57558,2.77158,2.21239,4.01155,0.08398,0.11515,-0.04532,0.22383,0.21003,-3.6296
relu,machine-2-7,11,ramp,W1,A,0,38,0,30,8,3.65093,2.69732,0.28857,0.21582,0.49527,2.58296,-0.44225,3.51267,-0.23743,1.67186,5.31344,4.85102,38.0,38.0,0.33659,5.57558,2.77158,2.21239,4.01155,0.04801,0.12077,-0.1259,0.19174,-0.14202,-3.95493
relu,machine-2-7,11,ramp,W1,A,8,38,8,22,8,2.70163,2.59438,0.22249,0.20793,1.03869,2.65429,0.76177,3.61714,0.84856,1.76452,4.87316,4.79875,38.0,38.0,0.33659,5.57558,2.77158,2.21239,4.01155,0.1141,0.12866,0.2106,0.39132,0.4809,-2.85537
relu,machine-2-7,11,ramp,W1,A,16,38,16,14,8,2.60233,2.55757,0.21712,0.20272,1.09847,2.62706,0.94173,3.61051,0.9147,1.76705,4.84688,4.7764,38.0,38.0,0.33659,5.57558,2.77158,2.21239,4.01155,0.11947,0.13387,0.26083,0.41814,0.51764,-2.66878
relu,machine-2-7,11,ramp,W1,A,30,38,30,0,8,2.31097,2.32689,0.19409,0.19434,2.76889,2.66606,3.86881,3.74938,1.92516,1.84245,4.6636,4.66153,38.0,38.0,0.33659,5.57558,2.77158,2.21239,4.01155,0.1425,0.14225,1.03185,1.03857,1.04489,0.11943
relu,machine-2-7,11,ramp,W1,B,0,16,0,16,0,4.00655,2.90114,0.33732,0.2299,0.30952,2.53183,-0.70876,3.36172,-0.19881,1.55471,5.5489,4.99339,16.0,16.0,0.33659,5.57558,2.77158,2.21239,4.01155,-0.00073,0.10669,-0.21083,0.12225,-0.12787,-4.07048
relu,machine-2-7,11,ramp,W1,B,0,30,0,30,0,4.01385,2.73298,0.34082,0.22217,0.15753,2.56482,-0.88309,3.47549,-0.3099,1.64507,5.55734,4.89668,30.0,30.0,0.33659,5.57558,2.77158,2.21239,4.01155,-0.00423,0.11442,-0.25409,0.06142,-0.18838,-4.35857
relu,machine-2-7,11,ramp,W1,B,0,38,0,30,8,3.65093,2.69732,0.28857,0.21582,0.49527,2.58296,-0.44225,3.51267,-0.23743,1.67186,5.31344,4.85102,38.0,38.0,0.33659,5.57558,2.77158,2.21239,4.01155,0.04801,0.12077,-0.1259,0.19174,-0.14202,-3.95493
relu,machine-2-7,11,ramp,W1,B,0,46,8,30,8,2.71876,2.59492,0.22347,0.20874,0.942,2.64063,0.56911,3.60063,0.70377,1.75048,4.88616,4.80046,46.0,46.0,0.33659,5.57558,2.77158,2.21239,4.01155,0.11312,0.12785,0.15806,0.35673,0.40204,-3.03153
relu,machine-2-7,11,ramp,W1,B,0,62,24,30,8,2.52666,2.44034,0.20402,0.18888,1.06577,2.63676,0.76823,3.67695,0.89877,1.79969,4.7887,4.7019,62.0,62.0,0.33659,5.57558,2.77158,2.21239,4.01155,0.13257,0.14771,0.20893,0.4042,0.49941,-2.90872
relu,machine-2-7,11,ramp,W2_f0995,A,-16,38,16,22,0,4.91551,4.83917,0.07878,0.07829,1.65558,2.1818,2.07464,2.76207,0.68841,1.17535,6.69832,6.64585,207.26037,175.10558,0.08952,7.15256,2.49708,2.06688,5.65092,0.01074,0.01123,0.75112,0.75882,0.5857,-0.68742
relu,machine-2-7,11,ramp,W2_f0995,A,-8,38,8,30,0,4.94261,4.81557,0.07869,0.07796,1.47072,2.18345,1.82823,2.76765,0.51505,1.17751,6.71614,6.62918,232.59009,174.92802,0.08952,7.15256,2.49708,2.06688,5.65092,0.01082,0.01156,0.66057,0.67357,0.43741,-0.93942
relu,machine-2-7,11,ramp,W2_f0995,A,0,38,0,30,8,4.92448,4.78897,0.07861,0.07747,1.49029,2.18569,1.8526,2.77488,0.52738,1.18078,6.70484,6.61263,230.47119,175.53377,0.08952,7.15256,2.49708,2.06688,5.65092,0.0109,0.01204,0.66763,0.68184,0.44664,-0.92228
relu,machine-2-7,11,ramp,W2_f0995,A,8,38,8,22,8,4.85479,4.76224,0.07747,0.07609,1.67591,2.18956,2.10122,2.78285,0.70506,1.18475,6.65712,6.5948,207.80087,177.89686,0.08952,7.15256,2.49708,2.06688,5.65092,0.01204,0.01343,0.75506,0.76541,0.59511,-0.68163
relu,machine-2-7,11,ramp,W2_f0995,A,16,38,16,14,8,4.79509,4.74028,0.07682,0.07536,1.86165,2.1856,2.35256,2.78248,0.87986,1.1829,6.61798,6.58116,190.95134,181.00871,0.08952,7.15256,2.49708,2.06688,5.65092,0.0127,0.01416,0.84549,0.85178,0.74382,-0.42992
relu,machine-2-7,11,ramp,W2_f0995,A,30,38,30,0,8,4.6987,4.68594,0.0752,0.07446,2.17473,2.18511,2.76917,2.78789,1.16958,1.18306,6.55265,6.54447,181.38047,183.39847,0.08952,7.15256,2.49708,2.06688,5.65092,0.01432,0.01506,0.99329,0.99525,0.98861,-0.01872
relu,machine-2-7,11,ramp,W2_f0995,B,0,16,0,16,0,5.31177,5.25963,0.08162,0.08138,1.73238,2.12139,2.1164,2.61788,0.74882,1.10008,6.9406,6.90373,115.2976,78.43846,0.08952,7.15256,2.49708,2.06688,5.65092,0.00789,0.00814,0.80844,0.81663,0.68069,-0.50148
relu,machine-2-7,11,ramp,W2_f0995,B,0,30,0,30,0,5.087,4.95587,0.08,0.0791,1.44683,2.16386,1.77596,2.71852,0.49131,1.1516,6.80476,6.71426,209.79016,141.16186,0.08952,7.15256,2.49708,2.06688,5.65092,0.00952,0.01042,0.65328,0.66863,0.42664,-0.94256
relu,machine-2-7,11,ramp,W2_f0995,B,0,38,0,30,8,4.92448,4.78897,0.07861,0.07747,1.49029,2.18569,1.8526,2.77488,0.52738,1.18078,6.70484,6.61263,230.47119,175.53377,0.08952,7.15256,2.49708,2.06688,5.65092,0.0109,0.01204,0.66763,0.68184,0.44664,-0.92228
relu,machine-2-7,11,ramp,W2_f0995,B,0,46,8,30,8,4.74963,4.62675,0.0765,0.07064,1.5453,2.20757,1.95099,2.8318,0.58189,1.21086,6.59874,6.51604,252.61596,209.75169,0.08952,7.15256,2.49708,2.06688,5.65092,0.01302,0.01888,0.68896,0.7,0.48056,-0.88081
relu,machine-2-7,11,ramp,W2_f0995,B,0,62,24,30,8,4.42513,4.32145,0.066,0.05786,1.63354,2.23725,2.12433,2.93083,0.67714,1.26205,6.40814,6.33963,299.92119,272.08198,0.08952,7.15256,2.49708,2.06688,5.65092,0.02352,0.03166,0.72482,0.73016,0.53654,-0.8065
relu,machine-2-7,11,ramp,W3_b01,A,-16,38,16,22,0,5.509,3.09965,0.15601,0.09229,-1.01452,2.61369,-2.29348,3.60526,-2.07031,1.68797,6.81413,5.5293,7.07688,4.56327,0.12622,6.62537,2.38826,2.12727,5.13498,-0.02979,0.03394,-0.63615,-0.38816,-1.2265,-5.89875
relu,machine-2-7,11,ramp,W3_b01,A,-8,38,8,30,0,5.74328,2.95907,0.15861,0.08545,-1.26992,2.67362,-2.73745,3.71169,-2.20968,1.76201,6.93094,5.44112,7.31142,4.62285,0.12622,6.62537,2.38826,2.12727,5.13498,-0.03239,0.04077,-0.73752,-0.47498,-1.25407,-6.44915
relu,machine-2-7,11,ramp,W3_b01,A,0,38,0,30,8,3.95943,2.8376,0.09285,0.08105,0.66363,2.70957,0.37972,3.79743,-0.90118,1.83097,5.86058,5.36651,5.63382,4.6791,0.12622,6.62537,2.38826,2.12727,5.13498,0.03337,0.04517,0.09999,0.24492,-0.49218,-3.41771
relu,machine-2-7,11,ramp,W3_b01,A,8,38,8,22,8,2.88999,2.71095,0.0791,0.07878,1.69207,2.74188,2.26621,3.88487,0.66245,1.90397,5.34981,5.30317,5.50388,4.79095,0.12622,6.62537,2.38826,2.12727,5.13498,0.04712,0.04744,0.58334,0.61712,0.34793,-1.61866
relu,machine-2-7,11,ramp,W3_b01,A,16,38,16,14,8,2.70721,2.69524,0.08162,0.08081,2.06133,2.68582,2.95798,3.87279,1.26748,1.90708,5.34458,5.34829,5.63967,5.04829,0.12622,6.62537,2.38826,2.12727,5.13498,0.0446,0.04541,0.76379,0.76749,0.66462,-0.91481
relu,machine-2-7,11,ramp,W3_b01,A,30,38,30,0,8,2.43558,2.43783,0.08,0.07918,2.74637,2.76549,3.97923,4.0101,1.97843,2.00027,5.13465,5.13072,5.04682,4.96136,0.12622,6.62537,2.38826,2.12727,5.13498,0.04622,0.04704,0.9923,0.99309,0.98908,-0.03087
relu,machine-2-7,11,ramp,W3_b01,B,0,16,0,16,0,5.23755,3.16998,0.14266,0.09481,-0.6231,2.60614,-1.75541,3.55101,-1.93138,1.64641,6.61731,5.5531,5.76418,3.61193,0.12622,6.62537,2.38826,2.12727,5.13498,-0.01644,0.03141,-0.49434,-0.23909,-1.17308,-5.30641
relu,machine-2-7,11,ramp,W3_b01,B,0,30,0,30,0,5.79776,2.96336,0.15544,0.08512,-1.28061,2.67115,-2.77497,3.70488,-2.23778,1.75584,6.96323,5.44148,7.07515,4.46769,0.12622,6.62537,2.38826,2.12727,5.13498,-0.02922,0.0411,-0.749,-0.47942,-1.27448,-6.47984
relu,machine-2-7,11,ramp,W3_b01,B,0,38,0,30,8,3.95943,2.8376,0.09285,0.08105,0.66363,2.70957,0.37972,3.79743,-0.90118,1.83097,5.86058,5.36651,5.63382,4.6791,0.12622,6.62537,2.38826,2.12727,5.13498,0.03337,0.04517,0.09999,0.24492,-0.49218,-3.41771
relu,machine-2-7,11,ramp,W3_b01,B,0,46,8,30,8,2.95373,2.71164,0.08154,0.07869,1.71982,2.74138,2.27603,3.88583,0.58706,1.90498,5.37713,5.30263,5.4435,4.868,0.12622,6.62537,2.38826,2.12727,5.13498,0.04468,0.04753,0.58572,0.62736,0.30817,-1.6098
relu,machine-2-7,11,ramp,W3_b01,B,0,62,24,30,8,2.63577,2.6389,0.08659,0.08439,2.26344,2.72792,3.23272,3.90973,1.47434,1.9331,5.25447,5.25762,5.75896,5.21411,0.12622,6.62537,2.38826,2.12727,5.13498,0.03963,0.04183,0.82684,0.82973,0.76268,-0.67701
relu,machine-2-7,11,ramp,W3_b05,A,-16,38,16,22,0,9.70814,5.67262,0.18197,0.11068,-2.81424,2.52156,-4.30167,3.97621,-3.15325,1.94589,11.33835,8.73101,13.12159,9.02344,0.11019,9.76288,2.55779,2.18572,8.43305,-0.07178,-0.00049,-1.08185,-1.11607,-1.62047,-8.27788
relu,machine-2-7,11,ramp,W3_b05,A,-8,38,8,30,0,9.39202,5.02258,0.15568,0.0813,-2.88382,2.6846,-4.53757,4.29156,-3.31805,2.14818,11.01256,8.34341,12.97404,9.15175,0.11019,9.76288,2.55779,2.18572,8.43305,-0.04549,0.02889,-1.05732,-1.07421,-1.54459,-8.82912
relu,machine-2-7,11,ramp,W3_b05,A,0,38,0,30,8,5.37189,4.89407,0.08301,0.07715,2.16245,2.6603,3.41382,4.26974,1.23238,2.12775,8.55407,8.20124,10.32523,9.12232,0.11019,9.76288,2.55779,2.18572,8.43305,0.02718,0.03304,0.79954,0.81286,0.57919,-0.85592
relu,machine-2-7,11,ramp,W3_b05,A,8,38,8,22,8,4.58066,4.60963,0.08244,0.07943,2.65965,2.78086,4.1814,4.47955,2.17594,2.31751,8.09128,8.06704,10.54686,9.25477,0.11019,9.76288,2.55779,2.18572,8.43305,0.02775,0.03076,0.93344,0.95641,0.93891,-0.29815
relu,machine-2-7,11,ramp,W3_b05,A,16,38,16,14,8,4.76959,4.78619,0.10889,0.10628,2.45345,2.46184,4.07958,4.31114,2.13701,2.22988,8.52308,8.49631,11.25637,10.06117,0.11019,9.76288,2.55779,2.18572,8.43305,0.0013,0.00391,0.94629,0.99659,0.95835,-0.23156
relu,machine-2-7,11,ramp,W3_b05,A,30,38,30,0,8,3.75321,3.75899,0.06942,0.06844,2.86514,2.82647,4.68005,4.80519,2.47035,2.52634,7.70753,7.68737,10.20668,9.25691,0.11019,9.76288,2.55779,2.18572,8.43305,0.04077,0.04175,0.97396,1.01368,0.97784,-0.12515
relu,machine-2-7,11,ramp,W3_b05,B,0,16,0,16,0,9.22541,5.1603,0.15348,0.08773,-2.84025,2.73605,-4.40393,4.16233,-3.28639,2.05822,10.8936,8.2699,11.95164,7.87425,0.11019,9.76288,2.55779,2.18572,8.43305,-0.04329,0.02246,-1.05804,-1.03809,-1.59671,-8.56626
relu,machine-2-7,11,ramp,W3_b05,B,0,30,0,30,0,9.34269,5.02083,0.14714,0.07959,-2.83762,2.67424,-4.49208,4.28358,-3.2948,2.14146,10.97109,8.33629,12.63734,8.98368,0.11019,9.76288,2.55779,2.18572,8.43305,-0.03695,0.0306,-1.04867,-1.0611,-1.53858,-8.77566
relu,machine-2-7,11,ramp,W3_b05,B,0,38,0,30,8,5.37189,4.89407,0.08301,0.07715,2.16245,2.6603,3.41382,4.26974,1.23238,2.12775,8.55407,8.20124,10.32523,9.12232,0.11019,9.76288,2.55779,2.18572,8.43305,0.02718,0.03304,0.79954,0.81286,0.57919,-0.85592
relu,machine-2-7,11,ramp,W3_b05,B,0,46,8,30,8,4.57298,4.59051,0.07772,0.0778,3.17906,2.79028,4.94511,4.49605,2.59216,2.32713,8.06872,8.05738,10.31516,9.41118,0.11019,9.76288,2.55779,2.18572,8.43305,0.03247,0.03239,1.09988,1.13933,1.11389,0.44905
relu,machine-2-7,11,ramp,W3_b05,B,0,62,24,30,8,4.30696,4.33367,0.07389,0.07503,3.0373,2.60412,4.84674,4.37332,2.47826,2.18901,8.05377,8.07361,10.8993,10.10536,0.11019,9.76288,2.55779,2.18572,8.43305,0.0363,0.03516,1.10825,1.16635,1.13214,0.47342
relu,machine-2-7,22,level,W1,A,-16,38,16,22,0,3.59126,3.27106,0.14355,0.13574,0.40499,2.77277,0.08183,3.5377,0.60166,1.68736,4.30431,4.12095,38.0,38.0,0.3173,6.3735,2.03482,2.02241,6.51178,0.17375,0.18156,0.02313,0.14606,0.35657,-3.45586
relu,machine-2-7,22,level,W1,A,-8,38,8,30,0,3.62478,3.22563,0.14819,0.14762,0.32668,2.82395,0.01794,3.64158,0.46968,1.72382,4.30677,4.11262,38.0,38.0,0.3173,6.3735,2.03482,2.02241,6.51178,0.16911,0.16968,0.00493,0.11568,0.27247,-3.62365
relu,machine-2-7,22,level,W1,A,0,38,0,30,8,4.68875,3.08465,0.12174,0.13558,-0.32867,2.87052,-1.11524,3.6807,-0.88217,1.78969,5.02737,3.99356,38.0,38.0,0.3173,6.3735,2.03482,2.02241,6.51178,0.19556,0.18172,-0.303,-0.1145,-0.49292,-4.79594
relu,machine-2-7,22,level,W1,A,8,38,8,22,8,3.04343,2.9542,0.0944,0.11646,0.80052,2.90259,0.89048,3.75036,0.89849,1.84024,4.0405,3.90279,38.0,38.0,0.3173,6.3735,2.03482,2.02241,6.51178,0.2229,0.20085,0.23744,0.2758,0.48825,-2.85988
relu,machine-2-7,22,level,W1,A,16,38,16,14,8,3.04031,2.89627,0.09562,0.10921,0.88708,2.92927,0.99545,3.80521,0.89069,1.88943,4.0251,3.85268,38.0,38.0,0.3173,6.3735,2.03482,2.02241,6.51178,0.22168,0.20809,0.2616,0.30283,0.47141,-2.80976
relu,machine-2-7,22,level,W1,A,30,38,30,0,8,2.83211,2.74805,0.087,0.08643,2.8311,2.95686,3.76401,3.79946,1.83253,1.87419,3.91022,3.74488,38.0,38.0,0.3173,6.3735,2.03482,2.02241,6.51178,0.23031,0.23088,0.99067,0.95747,0.97777,-0.03545
relu,machine-2-7,22,level,W1,B,0,16,0,16,0,6.44296,3.48302,0.35449,0.16886,-1.66428,2.65397,-2.68053,3.4432,-2.05861,1.67643,6.5026,4.38916,16.0,16.0,0.3173,6.3735,2.03482,2.02241,6.51178,-0.03719,0.14844,-0.7785,-0.62709,-1.22797,-6.12373
relu,machine-2-7,22,level,W1,B,0,30,0,30,0,6.4272,3.22854,0.35433,0.15812,-1.828,2.8009,-2.95212,3.66778,-2.25925,1.7277,6.49057,4.1666,30.0,30.0,0.3173,6.3735,2.03482,2.02241,6.51178,-0.03703,0.15918,-0.80488,-0.65265,-1.30766,-6.6199
relu,machine-2-7,22,level,W1,B,0,38,0,30,8,4.68875,3.08465,0.12174,0.13558,-0.32867,2.87052,-1.11524,3.6807,-0.88217,1.78969,5.02737,3.99356,38.0,38.0,0.3173,6.3735,2.03482,2.02241,6.51178,0.19556,0.18172,-0.303,-0.1145,-0.49292,-4.79594
relu,machine-2-7,22,level,W1,B,0,46,8,30,8,3.1438,2.9802,0.1049,0.12687,0.45544,2.9068,0.56131,3.73338,0.6444,1.81566,4.2302,3.93248,46.0,46.0,0.3173,6.3735,2.03482,2.02241,6.51178,0.2124,0.19043,0.15035,0.15668,0.35491,-3.17207
relu,machine-2-7,22,level,W1,B,0,62,24,30,8,2.91732,2.79528,0.09139,0.10913,0.54424,2.96715,0.81478,3.84447,0.85833,1.89646,4.11098,3.82356,62.0,62.0,0.3173,6.3735,2.03482,2.02241,6.51178,0.22591,0.20817,0.21194,0.18342,0.45259,-3.02969
relu,machine-2-7,22,level,W2_f0995,A,-16,38,16,22,0,6.96297,6.84211,0.03263,0.03231,1.44463,2.10174,1.48329,2.19428,0.38185,0.86238,6.49406,6.38812,272.20709,255.30767,0.03866,7.68421,1.8176,1.80419,8.36422,0.00602,0.00635,0.67598,0.68735,0.44279,-0.711
relu,machine-2-7,22,level,W2_f0995,A,-8,38,8,30,0,7.01602,6.82792,0.03361,0.03263,1.20743,2.10383,1.22831,2.19992,0.21218,0.86529,6.54499,6.37872,291.3059,255.14993,0.03866,7.68421,1.8176,1.80419,8.36422,0.00505,0.00602,0.55835,0.57392,0.24521,-0.9716
relu,machine-2-7,22,level,W2_f0995,A,0,38,0,30,8,7.0222,6.82047,0.03434,0.03304,1.21629,2.10328,1.23645,2.20122,0.21422,0.86565,6.54912,6.37179,288.40639,253.96387,0.03866,7.68421,1.8176,1.80419,8.36422,0.00431,0.00562,0.56171,0.57828,0.24746,-0.96477
relu,machine-2-7,22,level,W2_f0995,A,8,38,8,22,8,6.94462,6.7991,0.03434,0.03394,1.44111,2.10128,1.48231,2.2002,0.38142,0.8645,6.4923,6.36569,270.02801,254.59325,0.03866,7.68421,1.8176,1.80419,8.36422,0.00431,0.00472,0.67372,0.68583,0.4412,-0.71789
relu,machine-2-7,22,level,W2_f0995,A,16,38,16,14,8,6.85696,6.76674,0.0341,0.03377,1.67697,2.0992,1.74498,2.20385,0.5561,0.86584,6.44288,6.36425,257.33335,256.065,0.03866,7.68421,1.8176,1.80419,8.36422,0.00456,0.00488,0.79179,0.79887,0.64226,-0.45887
relu,machine-2-7,22,level,W2_f0995,A,30,38,30,0,8,6.76001,6.74093,0.0341,0.03418,2.07001,2.09342,2.17913,2.20693,0.84796,0.86737,6.39977,6.3835,252.9438,255.95098,0.03866,7.68421,1.8176,1.80419,8.36422,0.00456,0.00448,0.9874,0.98882,0.97762,-0.0278
relu,machine-2-7,22,level,W2_f0995,B,0,16,0,16,0,7.71791,7.63054,0.03727,0.03695,1.45168,1.93571,1.46279,1.98186,0.41884,0.76308,7.14021,7.06319,140.87561,116.0707,0.03866,7.68421,1.8176,1.80419,8.36422,0.00138,0.00171,0.73809,0.74994,0.54888,-0.51906
relu,machine-2-7,22,level,W2_f0995,B,0,30,0,30,0,7.28717,7.09058,0.03507,0.03442,1.13989,2.04457,1.14602,2.12351,0.17758,0.82844,6.77731,6.60276,254.21252,206.60395,0.03866,7.68421,1.8176,1.80419,8.36422,0.00358,0.00423,0.53968,0.55752,0.21435,-0.97749
relu,machine-2-7,22,level,W2_f0995,B,0,38,0,30,8,7.0222,6.82047,0.03434,0.03304,1.21629,2.10328,1.23645,2.20122,0.21422,0.86565,6.54912,6.37179,288.40639,253.96387,0.03866,7.68421,1.8176,1.80419,8.36422,0.00431,0.00562,0.56171,0.57828,0.24746,-0.96477
relu,machine-2-7,22,level,W2_f0995,B,0,46,8,30,8,6.72562,6.54322,0.03247,0.03215,1.31515,2.15708,1.35774,2.27654,0.27519,0.902,6.32203,6.16241,327.39017,304.25137,0.03866,7.68421,1.8176,1.80419,8.36422,0.00618,0.00651,0.59641,0.60969,0.30509,-0.9188
relu,machine-2-7,22,level,W2_f0995,B,0,62,24,30,8,6.20249,6.05183,0.03117,0.03109,1.4917,2.25304,1.58811,2.42431,0.3928,0.97572,5.94666,5.81582,401.36951,391.57377,0.03866,7.68421,1.8176,1.80419,8.36422,0.00749,0.00757,0.65508,0.66208,0.40257,-0.8362
relu,machine-2-7,22,level,W3_b01,A,-16,38,16,22,0,5.92051,3.11111,0.0883,0.02987,-1.72541,3.38267,-2.5166,3.94315,-2.25711,1.95899,5.76212,3.47875,9.12875,7.08939,0.24943,7.24695,1.90044,1.96511,7.77864,0.16113,0.21956,-0.63822,-0.51007,-1.15218,-6.45975
relu,machine-2-7,22,level,W3_b01,A,-8,38,8,30,0,6.22001,3.1341,0.12386,0.05941,-2.08127,3.42615,-2.89691,3.96891,-2.3183,1.98168,6.00503,3.46904,9.31816,7.15104,0.24943,7.24695,1.90044,1.96511,7.77864,0.12557,0.19002,-0.7299,-0.60747,-1.16986,-6.86582
relu,machine-2-7,22,level,W3_b01,A,0,38,0,30,8,4.25724,2.99099,0.03499,0.03011,0.62748,3.46965,0.45126,4.05859,-1.00838,2.04601,4.24984,3.30825,7.83392,7.05002,0.24943,7.24695,1.90044,1.96511,7.77864,0.21444,0.21932,0.11119,0.18085,-0.49285,-3.60733
relu,machine-2-7,22,level,W3_b01,A,8,38,8,22,8,3.02619,2.75779,0.06429,0.06315,2.06622,3.37376,2.41593,4.06821,0.72257,2.04052,3.6359,3.47273,7.96766,7.2776,0.24943,7.24695,1.90044,1.96511,7.77864,0.18514,0.18628,0.59386,0.61244,0.35411,-1.65228
relu,machine-2-7,22,level,W3_b01,A,16,38,16,14,8,2.80953,2.77457,0.09627,0.0966,2.59747,3.34859,3.11894,4.01125,1.37533,2.00644,3.64358,3.63133,8.07795,7.44116,0.24943,7.24695,1.90044,1.96511,7.77864,0.15316,0.15283,0.77755,0.77569,0.68546,-0.89231
relu,machine-2-7,22,level,W3_b01,A,30,38,30,0,8,2.83205,2.83332,0.08146,0.0848,3.32981,3.40137,3.96435,4.0488,1.98662,2.0372,3.60597,3.60866,7.56226,7.43716,0.24943,7.24695,1.90044,1.96511,7.77864,0.16797,0.16463,0.97914,0.97896,0.97517,-0.08444
relu,machine-2-7,22,level,W3_b01,B,0,16,0,16,0,5.79515,3.56851,0.09098,0.04191,-1.16639,3.26893,-1.74704,3.70366,-1.99548,1.77962,5.65535,3.81615,7.47684,5.92851,0.24943,7.24695,1.90044,1.96511,7.77864,0.15845,0.20752,-0.47171,-0.35681,-1.1213,-5.4507
relu,machine-2-7,22,level,W3_b01,B,0,30,0,30,0,6.26688,3.1486,0.12614,0.05819,-2.11625,3.42165,-2.92166,3.96407,-2.34933,1.97615,6.04969,3.48162,8.9357,6.95243,0.24943,7.24695,1.90044,1.96511,7.77864,0.12329,0.19124,-0.73704,-0.61849,-1.18884,-6.88573
relu,machine-2-7,22,level,W3_b01,B,0,38,0,30,8,4.25724,2.99099,0.03499,0.03011,0.62748,3.46965,0.45126,4.05859,-1.00838,2.04601,4.24984,3.30825,7.83392,7.05002,0.24943,7.24695,1.90044,1.96511,7.77864,0.21444,0.21932,0.11119,0.18085,-0.49285,-3.60733
relu,machine-2-7,22,level,W3_b01,B,0,46,8,30,8,3.08131,2.76053,0.06478,0.06372,2.07373,3.3706,2.41835,4.06326,0.64568,2.03683,3.68929,3.47889,7.90207,7.38584,0.24943,7.24695,1.90044,1.96511,7.77864,0.18465,0.18571,0.59517,0.61524,0.317,-1.64492
relu,machine-2-7,22,level,W3_b01,B,0,62,24,30,8,2.72456,2.71352,0.06934,0.07129,2.80265,3.34316,3.40559,4.0174,1.58985,1.99982,3.59222,3.5846,8.17443,7.66095,0.24943,7.24695,1.90044,1.96511,7.77864,0.18009,0.17814,0.84771,0.83832,0.79499,-0.61181
relu,machine-2-7,22,level,W3_b05,A,-16,38,16,22,0,9.65863,4.83949,0.1001,0.03678,-3.40686,3.29281,-4.64999,4.35948,-3.34537,2.11217,10.04981,6.19869,15.1747,12.06444,0.1027,11.31231,1.56241,1.81224,12.18035,0.0026,0.06592,-1.06664,-1.03464,-1.58385,-9.00947
relu,machine-2-7,22,level,W3_b05,A,-8,38,8,30,0,9.83091,5.20127,0.13029,0.07674,-3.43527,3.47856,-4.5306,4.47062,-3.26971,2.23734,10.10968,6.33444,15.46726,12.40404,0.1027,11.31231,1.56241,1.81224,12.18035,-0.02759,0.02596,-1.01342,-0.98756,-1.46143,-9.00121
relu,machine-2-7,22,level,W3_b05,A,0,38,0,30,8,5.35635,4.74494,0.04321,0.04126,2.8423,3.55452,3.49904,4.62024,1.19298,2.32014,6.13897,5.80265,12.90161,12.04851,0.1027,11.31231,1.56241,1.81224,12.18035,0.05949,0.06144,0.75733,0.79963,0.51419,-1.1212
relu,machine-2-7,22,level,W3_b05,A,8,38,8,22,8,4.45629,4.44443,0.07821,0.07821,3.14211,3.24272,4.13847,4.33147,2.02654,2.08845,6.44968,6.44728,14.07113,12.73811,0.1027,11.31231,1.56241,1.81224,12.18035,0.0245,0.0245,0.95544,0.96897,0.97036,-0.193
relu,machine-2-7,22,level,W3_b05,A,16,38,16,14,8,4.54924,4.57609,0.11385,0.11369,3.08658,3.16123,4.1295,4.25014,2.06697,2.08374,7.31126,7.30614,14.76462,13.40758,0.1027,11.31231,1.56241,1.81224,12.18035,-0.01115,-0.01099,0.97162,0.97639,0.99195,-0.12064
relu,machine-2-7,22,level,W3_b05,A,30,38,30,0,8,5.03733,5.03587,0.09863,0.09863,3.27003,3.30807,4.32348,4.48136,2.18901,2.24996,7.0734,7.06517,14.20982,13.18487,0.1027,11.31231,1.56241,1.81224,12.18035,0.00407,0.00407,0.96477,0.9885,0.97291,-0.15788
relu,machine-2-7,22,level,W3_b05,B,0,16,0,16,0,9.83351,5.16447,0.14144,0.10474,-3.36974,3.16162,-4.57126,3.97889,-3.25799,1.8984,10.42289,6.7385,15.21122,12.35353,0.1027,11.31231,1.56241,1.81224,12.18035,-0.03874,-0.00203,-1.14888,-1.06583,-1.71618,-8.55015
relu,machine-2-7,22,level,W3_b05,B,0,30,0,30,0,9.80757,5.1957,0.13062,0.07699,-3.40601,3.46759,-4.51523,4.46684,-3.26065,2.23093,10.08952,6.34188,15.20355,12.35137,0.1027,11.31231,1.56241,1.81224,12.18035,-0.02791,0.02572,-1.01083,-0.98224,-1.46156,-8.98207
relu,machine-2-7,22,level,W3_b05,B,0,38,0,30,8,5.35635,4.74494,0.04321,0.04126,2.8423,3.55452,3.49904,4.62024,1.19298,2.32014,6.13897,5.80265,12.90161,12.04851,0.1027,11.31231,1.56241,1.81224,12.18035,0.05949,0.06144,0.75733,0.79963,0.51419,-1.1212
relu,machine-2-7,22,level,W3_b05,B,0,46,8,30,8,4.48808,4.48256,0.08423,0.08691,3.44927,3.19335,4.63484,4.28902,2.26075,2.05362,6.56392,6.57094,13.38011,12.77891,0.1027,11.31231,1.56241,1.81224,12.18035,0.01847,0.01579,1.08063,1.08014,1.10086,0.34582
relu,machine-2-7,22,level,W3_b05,B,0,62,24,30,8,4.35841,4.35432,0.08341,0.08301,3.41059,3.14905,4.70471,4.35233,2.3148,2.0951,6.88081,6.87494,13.83185,13.26924,0.1027,11.31231,1.56241,1.81224,12.18035,0.01929,0.01969,1.08096,1.08305,1.10486,0.35238
relu,machine-2-7,22,ramp,W1,A,-16,38,16,22,0,3.23189,2.86073,0.25366,0.23022,0.57125,2.43926,0.06347,3.40308,0.4854,1.58905,5.18302,5.00318,38.0,38.0,0.32625,5.58302,2.84999,2.21276,3.97561,0.07259,0.09603,0.01865,0.23419,0.30547,-3.33961
relu,machine-2-7,22,ramp,W1,A,-8,38,8,30,0,3.32172,2.81233,0.26522,0.22298,0.47728,2.45308,-0.10805,3.43214,0.35808,1.60051,5.24111,4.93744,38.0,38.0,0.32625,5.58302,2.84999,2.21276,3.97561,0.06104,0.10327,-0.03148,0.19457,0.22373,-3.54019
relu,machine-2-7,22,ramp,W1,A,0,38,0,30,8,3.69806,2.70789,0.28971,0.21997,0.4029,2.47639,-0.44129,3.51172,-0.24175,1.6851,5.36551,4.8747,38.0,38.0,0.32625,5.58302,2.84999,2.21276,3.97561,0.03654,0.10628,-0.12566,0.1627,-0.14346,-3.95301
relu,machine-2-7,22,ramp,W1,A,8,38,8,22,8,2.68485,2.62985,0.21908,0.21615,0.99182,2.54016,0.86034,3.5795,0.90054,1.721,4.87401,4.81962,38.0,38.0,0.32625,5.58302,2.84999,2.21276,3.97561,0.10718,0.11011,0.24035,0.39045,0.52326,-2.71915
relu,machine-2-7,22,ramp,W1,A,16,38,16,14,8,2.5936,2.57958,0.21606,0.21476,1.064,2.59154,1.00511,3.60554,0.96263,1.7253,4.81566,4.78166,38.0,38.0,0.32625,5.58302,2.84999,2.21276,3.97561,0.11019,0.11149,0.27877,0.41057,0.55795,-2.60043
relu,machine-2-7,22,ramp,W1,A,30,38,30,0,8,2.38643,2.32206,0.20101,0.19832,2.71129,2.66843,3.83347,3.79747,1.84116,1.83758,4.69842,4.66493,38.0,38.0,0.32625,5.58302,2.84999,2.21276,3.97561,0.12524,0.12793,1.00948,1.01606,1.00194,0.03601
relu,machine-2-7,22,ramp,W1,B,0,16,0,16,0,4.1454,2.88272,0.3527,0.23576,0.07845,2.45484,-0.86168,3.38434,-0.41315,1.57691,5.66016,5.00253,16.0,16.0,0.32625,5.58302,2.84999,2.21276,3.97561,-0.02645,0.09049,-0.25461,0.03196,-0.262,-4.24602
relu,machine-2-7,22,ramp,W1,B,0,30,0,30,0,4.14225,2.81086,0.35221,0.22412,0.01077,2.45441,-0.9832,3.42695,-0.43171,1.61203,5.66219,4.94135,30.0,30.0,0.32625,5.58302,2.84999,2.21276,3.97561,-0.02596,0.10213,-0.2869,0.00439,-0.26781,-4.41016
relu,machine-2-7,22,ramp,W1,B,0,38,0,30,8,3.69806,2.70789,0.28971,0.21997,0.4029,2.47639,-0.44129,3.51172,-0.24175,1.6851,5.36551,4.8747,38.0,38.0,0.32625,5.58302,2.84999,2.21276,3.97561,0.03654,0.10628,-0.12566,0.1627,-0.14346,-3.95301
relu,machine-2-7,22,ramp,W1,B,0,46,8,30,8,2.71026,2.63688,0.21932,0.2159,0.89053,2.53275,0.64879,3.56573,0.77075,1.71241,4.88268,4.82134,46.0,46.0,0.32625,5.58302,2.84999,2.21276,3.97561,0.10693,0.11035,0.18195,0.35161,0.4501,-2.91694
relu,machine-2-7,22,ramp,W1,B,0,62,24,30,8,2.56584,2.45832,0.20467,0.19979,1.05568,2.60395,0.8149,3.66724,0.92377,1.76586,4.76663,4.6954,62.0,62.0,0.32625,5.58302,2.84999,2.21276,3.97561,0.12158,0.12646,0.22221,0.40542,0.52313,-2.85234
relu,machine-2-7,22,ramp,W2_f0995,A,-16,38,16,22,0,4.93507,4.85074,0.07886,0.07812,1.63752,2.17557,2.04217,2.75258,0.67887,1.17471,6.69183,6.6374,205.85226,174.44919,0.09131,7.1561,2.48702,2.06109,5.67217,0.01245,0.01318,0.74191,0.75269,0.5779,-0.71041
relu,machine-2-7,22,ramp,W2_f0995,A,-8,38,8,30,0,4.96542,4.8274,0.07878,0.07764,1.44998,2.17742,1.78891,2.7583,0.50294,1.17715,6.71176,6.62159,231.2478,174.37613,0.09131,7.1561,2.48702,2.06109,5.67217,0.01253,0.01367,0.64855,0.66592,0.42725,-0.96939
relu,machine-2-7,22,ramp,W2_f0995,A,0,38,0,30,8,4.9495,4.80037,0.07861,0.07642,1.46689,2.17954,1.80963,2.76551,0.51206,1.18051,6.70141,6.60497,229.1756,175.112,0.09131,7.1561,2.48702,2.06109,5.67217,0.0127,0.01489,0.65435,0.67303,0.43377,-0.95589
relu,machine-2-7,22,ramp,W2_f0995,A,8,38,8,22,8,4.8786,4.77392,0.07731,0.07487,1.65394,2.18338,2.06162,2.77308,0.69087,1.18443,6.65373,6.58726,206.49211,177.34947,0.09131,7.1561,2.48702,2.06109,5.67217,0.014,0.01644,0.74344,0.75751,0.5833,-0.71147
relu,machine-2-7,22,ramp,W2_f0995,A,16,38,16,14,8,4.81523,4.75166,0.07585,0.07414,1.84397,2.17919,2.3213,2.77194,0.86922,1.18219,6.61352,6.57336,189.78746,180.49065,0.09131,7.1561,2.48702,2.06109,5.67217,0.01546,0.01717,0.83743,0.84617,0.73527,-0.45064
relu,machine-2-7,22,ramp,W2_f0995,A,30,38,30,0,8,4.71196,4.69673,0.0734,0.07316,2.16486,2.17828,2.75341,2.77658,1.16508,1.18172,6.54418,6.53515,180.74348,182.90014,0.09131,7.1561,2.48702,2.06109,5.67217,0.0179,0.01815,0.99165,0.99384,0.98592,-0.02317
relu,machine-2-7,22,ramp,W2_f0995,B,0,16,0,16,0,5.33467,5.27539,0.08228,0.08171,1.7167,2.11492,2.08813,2.60805,0.73968,1.09844,6.94044,6.90168,114.63961,78.2311,0.09131,7.1561,2.48702,2.06109,5.67217,0.00903,0.0096,0.80065,0.81171,0.67339,-0.51992
relu,machine-2-7,22,ramp,W2_f0995,B,0,30,0,30,0,5.11195,4.9689,0.07943,0.07918,1.42528,2.15768,1.73512,2.70919,0.478,1.15115,6.8032,6.70899,208.73196,140.75982,0.09131,7.1561,2.48702,2.06109,5.67217,0.01188,0.01213,0.64046,0.66056,0.41524,-0.97407
relu,machine-2-7,22,ramp,W2_f0995,B,0,38,0,30,8,4.9495,4.80037,0.07861,0.07642,1.46689,2.17954,1.80963,2.76551,0.51206,1.18051,6.70141,6.60497,229.1756,175.112,0.09131,7.1561,2.48702,2.06109,5.67217,0.0127,0.01489,0.65435,0.67303,0.43377,-0.95589
relu,machine-2-7,22,ramp,W2_f0995,B,0,46,8,30,8,4.77144,4.63671,0.07552,0.0695,1.52347,2.20157,1.91075,2.822,0.56842,1.21048,6.59228,6.5061,251.05456,209.18627,0.09131,7.1561,2.48702,2.06109,5.67217,0.01579,0.02181,0.67709,0.69199,0.46958,-0.91124
relu,machine-2-7,22,ramp,W2_f0995,B,0,62,24,30,8,4.44158,4.32877,0.06307,0.0555,1.61504,2.23189,2.08889,2.92051,0.66636,1.26125,6.39539,6.32456,298.04641,271.36491,0.09131,7.1561,2.48702,2.06109,5.67217,0.02824,0.03581,0.71525,0.72362,0.52834,-0.83162
relu,machine-2-7,22,ramp,W3_b01,A,-16,38,16,22,0,5.39785,2.96359,0.20402,0.09644,-1.01722,2.68784,-2.23456,3.76989,-2.04886,1.81421,6.4788,5.14515,7.16626,4.28112,0.20996,6.49555,2.74238,2.25738,5.01664,0.00594,0.11353,-0.59274,-0.37845,-1.12934,-6.00446
relu,machine-2-7,22,ramp,W3_b01,A,-8,38,8,30,0,5.62124,2.82944,0.20858,0.09619,-1.29364,2.72985,-2.67688,3.86746,-2.17996,1.89053,6.61267,5.05845,7.40868,4.32568,0.20996,6.49555,2.74238,2.25738,5.01664,0.00138,0.11377,-0.69215,-0.47389,-1.15309,-6.54435
relu,machine-2-7,22,ramp,W3_b01,A,0,38,0,30,8,3.8325,2.71244,0.10954,0.09367,0.55114,2.769,0.40066,3.94218,-0.89557,1.95456,5.54089,4.96822,5.61303,4.34341,0.20996,6.49555,2.74238,2.25738,5.01664,0.10042,0.11629,0.10164,0.19904,-0.4582,-3.54151
relu,machine-2-7,22,ramp,W3_b01,A,8,38,8,22,8,2.79769,2.63976,0.0918,0.09033,1.56061,2.8358,2.24393,4.02842,0.68396,2.02838,4.98875,4.90213,5.33521,4.40472,0.20996,6.49555,2.74238,2.25738,5.01664,0.11816,0.11963,0.55702,0.55032,0.33719,-1.7845
relu,machine-2-7,22,ramp,W3_b01,A,16,38,16,14,8,2.61583,2.60692,0.08854,0.08854,1.95778,2.79468,2.92172,4.022,1.26637,2.02946,4.91122,4.8916,5.3513,4.63231,0.20996,6.49555,2.74238,2.25738,5.01664,0.12142,0.12142,0.72643,0.70054,0.62399,-1.10029
relu,machine-2-7,22,ramp,W3_b01,A,30,38,30,0,8,2.31694,2.32137,0.08097,0.08081,2.74601,2.8343,4.0606,4.14956,2.05237,2.11363,4.69276,4.69211,4.70149,4.61087,0.20996,6.49555,2.74238,2.25738,5.01664,0.12899,0.12915,0.97856,0.96885,0.97102,-0.08896
relu,machine-2-7,22,ramp,W3_b01,B,0,16,0,16,0,5.09695,3.05711,0.18099,0.10034,-0.62663,2.67971,-1.60534,3.75866,-1.8701,1.81696,6.33778,5.24162,5.87167,3.38397,0.20996,6.49555,2.74238,2.25738,5.01664,0.02897,0.10962,-0.4271,-0.23384,-1.02925,-5.364
relu,machine-2-7,22,ramp,W3_b01,B,0,30,0,30,0,5.65908,2.83828,0.22347,0.09652,-1.32352,2.72608,-2.69296,3.8647,-2.19445,1.88927,6.66879,5.06947,7.19199,4.18679,0.20996,6.49555,2.74238,2.25738,5.01664,-0.01351,0.11344,-0.69681,-0.4855,-1.16153,-6.55766
relu,machine-2-7,22,ramp,W3_b01,B,0,38,0,30,8,3.8325,2.71244,0.10954,0.09367,0.55114,2.769,0.40066,3.94218,-0.89557,1.95456,5.54089,4.96822,5.61303,4.34341,0.20996,6.49555,2.74238,2.25738,5.01664,0.10042,0.11629,0.10164,0.19904,-0.4582,-3.54151
relu,machine-2-7,22,ramp,W3_b01,B,0,46,8,30,8,2.85849,2.63412,0.09277,0.09033,1.62224,2.83474,2.27182,4.02627,0.60847,2.02583,4.99872,4.89576,5.26,4.47249,0.20996,6.49555,2.74238,2.25738,5.01664,0.11719,0.11963,0.56425,0.57227,0.30036,-1.75445
relu,machine-2-7,22,ramp,W3_b01,B,0,62,24,30,8,2.47944,2.48573,0.0861,0.08667,2.17332,2.838,3.20673,4.06967,1.47157,2.06027,4.7686,4.76251,5.46341,4.78372,0.20996,6.49555,2.74238,2.25738,5.01664,0.12386,0.12329,0.78796,0.76579,0.71426,-0.86294
relu,machine-2-7,22,ramp,W3_b05,A,-16,38,16,22,0,10.20015,5.958,0.23283,0.12069,-2.62692,2.61542,-4.4361,4.08306,-3.17652,1.99575,11.49988,8.91914,13.84387,9.33602,0.11092,10.39916,2.70003,2.2947,9.01583,-0.12191,-0.00977,-1.08646,-1.0044,-1.59164,-8.51916
relu,machine-2-7,22,ramp,W3_b05,A,-8,38,8,30,0,9.96309,5.39808,0.19963,0.09928,-2.65762,2.78443,-4.66974,4.46283,-3.33418,2.29595,11.24502,8.59265,13.62485,9.42837,0.11092,10.39916,2.70003,2.2947,9.01583,-0.0887,0.01164,-1.04636,-0.95446,-1.4522,-9.13256
relu,machine-2-7,22,ramp,W3_b05,A,0,38,0,30,8,5.75266,5.23175,0.11182,0.10034,2.23777,2.84921,3.37993,4.53834,1.23607,2.36065,8.78249,8.47438,10.69145,9.42229,0.11092,10.39916,2.70003,2.2947,9.01583,-0.0009,0.01058,0.74475,0.7854,0.52362,-1.15841
relu,machine-2-7,22,ramp,W3_b05,A,8,38,8,22,8,4.96881,5.04504,0.09155,0.08813,2.64995,3.06902,4.19506,4.75664,2.21091,2.53139,8.2974,8.32034,10.90088,9.48532,0.11092,10.39916,2.70003,2.2947,9.01583,0.01937,0.02279,0.88194,0.86345,0.8734,-0.56158
relu,machine-2-7,22,ramp,W3_b05,A,16,38,16,14,8,5.00654,5.05135,0.12817,0.11597,2.41725,2.77715,4.08986,4.61392,2.17582,2.46369,8.58378,8.54533,11.40613,10.11287,0.11092,10.39916,2.70003,2.2947,9.01583,-0.01725,-0.00505,0.88642,0.8704,0.88316,-0.52406
relu,machine-2-7,22,ramp,W3_b05,A,30,38,30,0,8,3.89323,3.91511,0.0756,0.07332,2.76154,2.94572,4.7531,5.06599,2.51945,2.68959,7.86697,7.86127,10.52393,9.43653,0.11092,10.39916,2.70003,2.2947,9.01583,0.03532,0.0376,0.93824,0.93748,0.93674,-0.31289
relu,machine-2-7,22,ramp,W3_b05,B,0,16,0,16,0,9.77222,5.51847,0.19727,0.08398,-2.7611,2.89298,-4.56544,4.40137,-3.32678,2.2234,11.12309,8.52351,12.7293,8.27709,0.11092,10.39916,2.70003,2.2947,9.01583,-0.08634,0.02694,-1.03728,-0.95442,-1.49626,-8.96681
relu,machine-2-7,22,ramp,W3_b05,B,0,30,0,30,0,9.91629,5.3892,0.19857,0.09904,-2.63269,2.79284,-4.6291,4.46834,-3.30958,2.29843,11.21881,8.58078,13.23188,9.2445,0.11092,10.39916,2.70003,2.2947,9.01583,-0.08765,0.01188,-1.03598,-0.94266,-1.43993,-9.09744
relu,machine-2-7,22,ramp,W3_b05,B,0,38,0,30,8,5.75266,5.23175,0.11182,0.10034,2.23777,2.84921,3.37993,4.53834,1.23607,2.36065,8.78249,8.47438,10.69145,9.42229,0.11092,10.39916,2.70003,2.2947,9.01583,-0.0009,0.01058,0.74475,0.7854,0.52362,-1.15841
relu,machine-2-7,22,ramp,W3_b05,B,0,46,8,30,8,4.99055,5.02019,0.08708,0.08724,3.28815,3.07158,5.02466,4.77063,2.67622,2.53561,8.29801,8.31762,10.58801,9.58628,0.11092,10.39916,2.70003,2.2947,9.01583,0.02384,0.02368,1.05325,1.07051,1.05545,0.25403
relu,machine-2-7,22,ramp,W3_b05,B,0,62,24,30,8,4.53374,4.5427,0.10449,0.0922,3.09941,2.82036,4.95124,4.67245,2.58849,2.41576,8.14913,8.14102,11.03174,10.15817,0.11092,10.39916,2.70003,2.2947,9.01583,0.00643,0.01872,1.05967,1.09894,1.0715,0.2788
relu,machine-2-7,33,level,W1,A,-16,38,16,22,0,3.61237,3.26771,0.11898,0.10701,0.33623,2.73868,0.03984,3.51698,0.56072,1.67552,4.30279,4.15235,38.0,38.0,0.23918,6.31281,1.99333,2.02503,6.49767,0.1202,0.13216,0.01133,0.12277,0.33465,-3.47715
relu,machine-2-7,33,level,W1,A,-8,38,8,30,0,3.66073,3.18955,0.13656,0.10856,0.16783,2.8348,-0.07361,3.5965,0.48102,1.72239,4.38,4.08517,38.0,38.0,0.23918,6.31281,1.99333,2.02503,6.49767,0.10262,0.13062,-0.02047,0.0592,0.27927,-3.67012
relu,machine-2-7,33,level,W1,A,0,38,0,30,8,4.48566,3.06596,0.14714,0.09985,-0.3201,2.87775,-0.90787,3.70388,-0.64552,1.82242,5.03684,3.97799,38.0,38.0,0.23918,6.31281,1.99333,2.02503,6.49767,0.09204,0.13932,-0.24511,-0.11123,-0.35421,-4.61175
relu,machine-2-7,33,level,W1,A,8,38,8,22,8,3.05108,2.93957,0.07332,0.07772,0.70818,2.91582,0.82617,3.79476,0.9059,1.88399,4.0578,3.90245,38.0,38.0,0.23918,6.31281,1.99333,2.02503,6.49767,0.16585,0.16146,0.21771,0.24288,0.48084,-2.96859
relu,machine-2-7,33,level,W1,A,16,38,16,14,8,3.07406,2.91755,0.07186,0.07088,0.80073,2.92645,0.9088,3.81125,0.89749,1.91196,4.05698,3.86561,38.0,38.0,0.23918,6.31281,1.99333,2.02503,6.49767,0.16732,0.16829,0.23845,0.27362,0.46941,-2.90245
relu,machine-2-7,33,level,W1,A,30,38,30,0,8,2.84055,2.77293,0.05802,0.05713,2.81497,2.94425,3.7791,3.79169,1.81344,1.89861,3.95639,3.79603,38.0,38.0,0.23918,6.31281,1.99333,2.02503,6.49767,0.18115,0.18205,0.99668,0.95609,0.95514,-0.01259
relu,machine-2-7,33,level,W1,B,0,16,0,16,0,6.50227,3.4622,0.30273,0.1285,-1.51514,2.64286,-2.70738,3.37993,-2.06399,1.61277,6.3874,4.35243,16.0,16.0,0.23918,6.31281,1.99333,2.02503,6.49767,-0.06356,0.11068,-0.80102,-0.57329,-1.27978,-6.08732
relu,machine-2-7,33,level,W1,B,0,30,0,30,0,6.46585,3.20793,0.2985,0.11279,-1.70972,2.84576,-3.03234,3.58289,-2.25355,1.70637,6.37809,4.10911,30.0,30.0,0.23918,6.31281,1.99333,2.02503,6.49767,-0.05933,0.12638,-0.84634,-0.60079,-1.32067,-6.61523
relu,machine-2-7,33,level,W1,B,0,38,0,30,8,4.48566,3.06596,0.14714,0.09985,-0.3201,2.87775,-0.90787,3.70388,-0.64552,1.82242,5.03684,3.97799,38.0,38.0,0.23918,6.31281,1.99333,2.02503,6.49767,0.09204,0.13932,-0.24511,-0.11123,-0.35421,-4.61175
relu,machine-2-7,33,level,W1,B,0,46,8,30,8,3.11061,2.95582,0.07471,0.0848,0.49711,2.95731,0.58615,3.76835,0.70627,1.87075,4.15834,3.91015,46.0,46.0,0.23918,6.31281,1.99333,2.02503,6.49767,0.16447,0.15438,0.15555,0.1681,0.37753,-3.1822
relu,machine-2-7,33,level,W1,B,0,62,24,30,8,2.90119,2.776,0.06307,0.07104,0.56169,2.98635,0.8115,3.86692,0.85714,1.95277,4.07788,3.81742,62.0,62.0,0.23918,6.31281,1.99333,2.02503,6.49767,0.17611,0.16813,0.20986,0.18808,0.43894,-3.05543
relu,machine-2-7,33,level,W2_f0995,A,-16,38,16,22,0,6.92121,6.80386,0.03198,0.03158,1.45519,2.10628,1.4995,2.21922,0.39151,0.88129,6.47979,6.38098,271.41812,254.05653,0.03817,7.66023,1.82412,1.80961,8.33892,0.00618,0.00659,0.67569,0.69088,0.44424,-0.71972
relu,machine-2-7,33,level,W2_f0995,A,-8,38,8,30,0,6.97511,6.7898,0.03312,0.03223,1.22076,2.10769,1.2405,2.22392,0.21774,0.88338,6.52985,6.37263,290.449,253.76372,0.03817,7.66023,1.82412,1.80961,8.33892,0.00505,0.00594,0.5578,0.57919,0.24649,-0.98343
relu,machine-2-7,33,level,W2_f0995,A,0,38,0,30,8,6.97862,6.78183,0.03385,0.0328,1.23254,2.10702,1.25145,2.22541,0.22142,0.88372,6.53262,6.36587,287.58911,252.61703,0.03817,7.66023,1.82412,1.80961,8.33892,0.00431,0.00537,0.56235,0.58497,0.25056,-0.97396
relu,machine-2-7,33,level,W2_f0995,A,8,38,8,22,8,6.89812,6.75832,0.03394,0.03361,1.45604,2.10496,1.50244,2.22535,0.39306,0.88301,6.47632,6.35826,269.14848,253.43674,0.03817,7.66023,1.82412,1.80961,8.33892,0.00423,0.00456,0.67515,0.69172,0.44513,-0.72291
relu,machine-2-7,33,level,W2_f0995,A,16,38,16,14,8,6.8082,6.72172,0.03402,0.03361,1.68742,2.10215,1.76746,2.22926,0.57021,0.88421,6.42835,6.35491,256.45159,254.95169,0.03817,7.66023,1.82412,1.80961,8.33892,0.00415,0.00456,0.79284,0.80271,0.64489,-0.46181
relu,machine-2-7,33,level,W2_f0995,A,30,38,30,0,8,6.70951,6.69224,0.03394,0.03394,2.0753,2.09604,2.20717,2.23346,0.86742,0.88607,6.38642,6.37158,252.2594,255.09487,0.03817,7.66023,1.82412,1.80961,8.33892,0.00423,0.00423,0.98823,0.99011,0.97895,-0.02628
relu,machine-2-7,33,level,W2_f0995,B,0,16,0,16,0,7.68047,7.59686,0.03662,0.03646,1.46333,1.94179,1.4741,1.99958,0.42413,0.77524,7.11962,7.04978,140.54143,115.31945,0.03817,7.66023,1.82412,1.80961,8.33892,0.00155,0.00171,0.73721,0.7536,0.54709,-0.52548
relu,machine-2-7,33,level,W2_f0995,B,0,30,0,30,0,7.2466,7.05327,0.03467,0.03385,1.15519,2.04937,1.15617,2.14575,0.18103,0.84471,6.75906,6.59472,253.5645,205.41378,0.03817,7.66023,1.82412,1.80961,8.33892,0.0035,0.00431,0.53882,0.56368,0.21431,-0.98959
relu,machine-2-7,33,level,W2_f0995,B,0,38,0,30,8,6.97862,6.78183,0.03385,0.0328,1.23254,2.10702,1.25145,2.22541,0.22142,0.88372,6.53262,6.36587,287.58911,252.61703,0.03817,7.66023,1.82412,1.80961,8.33892,0.00431,0.00537,0.56235,0.58497,0.25056,-0.97396
relu,machine-2-7,33,level,W2_f0995,B,0,46,8,30,8,6.67872,6.50101,0.03215,0.03149,1.32806,2.15927,1.37605,2.30301,0.2852,0.92191,6.30699,6.15648,326.49747,302.87034,0.03817,7.66023,1.82412,1.80961,8.33892,0.00602,0.00667,0.5975,0.61505,0.30936,-0.92695
relu,machine-2-7,33,level,W2_f0995,B,0,62,24,30,8,6.15246,6.00584,0.03101,0.03068,1.49802,2.25173,1.60961,2.45218,0.4058,0.99699,5.93626,5.81191,400.09985,389.77403,0.03817,7.66023,1.82412,1.80961,8.33892,0.00716,0.00749,0.6564,0.66527,0.40703,-0.84257
relu,machine-2-7,33,level,W3_b01,A,-16,38,16,22,0,5.87631,3.14379,0.07699,0.03117,-1.75685,3.25106,-2.45282,3.81829,-2.17239,1.88732,5.8032,3.55574,9.1777,7.09281,0.20109,7.27951,1.90618,1.87321,7.72733,0.1241,0.16992,-0.64239,-0.54039,-1.15105,-6.27111
relu,machine-2-7,33,level,W3_b01,A,-8,38,8,30,0,6.12535,3.16891,0.09847,0.05859,-2.0756,3.28815,-2.77664,3.84705,-2.18954,1.91752,6.01945,3.56362,9.36669,7.17115,0.20109,7.27951,1.90618,1.87321,7.72733,0.10262,0.1425,-0.72176,-0.63124,-1.14186,-6.62369
relu,machine-2-7,33,level,W3_b01,A,0,38,0,30,8,4.18062,3.03154,0.03621,0.03296,0.61149,3.33366,0.56155,3.94123,-0.84285,1.9805,4.30596,3.42067,7.94848,7.10127,0.20109,7.27951,1.90618,1.87321,7.72733,0.16488,0.16813,0.14248,0.18343,-0.42557,-3.37968
relu,machine-2-7,33,level,W3_b01,A,8,38,8,22,8,3.03201,2.80236,0.03434,0.03328,1.94798,3.23942,2.39661,3.97732,0.75607,1.98946,3.69992,3.54676,8.00238,7.24262,0.20109,7.27951,1.90618,1.87321,7.72733,0.16675,0.16781,0.60257,0.60134,0.38004,-1.58071
relu,machine-2-7,33,level,W3_b01,A,16,38,16,14,8,2.83929,2.81352,0.05509,0.05827,2.46952,3.23064,3.0745,3.93273,1.37563,1.96223,3.69339,3.68032,8.0548,7.38424,0.20109,7.27951,1.90618,1.87321,7.72733,0.146,0.14282,0.78177,0.76441,0.70105,-0.85823
relu,machine-2-7,33,level,W3_b01,A,30,38,30,0,8,2.84749,2.84778,0.05843,0.05933,3.20421,3.26956,3.88605,3.95671,1.95192,1.98629,3.68345,3.6869,7.52821,7.4091,0.20109,7.27951,1.90618,1.87321,7.72733,0.14266,0.14176,0.98214,0.98001,0.98269,-0.07066
relu,machine-2-7,33,level,W3_b01,B,0,16,0,16,0,5.7075,3.59065,0.07951,0.03898,-1.19537,3.14804,-1.64332,3.61608,-1.89437,1.74206,5.66075,3.88541,7.50015,5.91417,0.20109,7.27951,1.90618,1.87321,7.72733,0.12158,0.16211,-0.45445,-0.37972,-1.08743,-5.25939
relu,machine-2-7,33,level,W3_b01,B,0,30,0,30,0,6.13835,3.18162,0.09766,0.05501,-2.09884,3.28405,-2.77577,3.85199,-2.20929,1.92033,6.04027,3.57601,8.97462,6.96072,0.20109,7.27951,1.90618,1.87321,7.72733,0.10343,0.14608,-0.72061,-0.6391,-1.15048,-6.62776
relu,machine-2-7,33,level,W3_b01,B,0,38,0,30,8,4.18062,3.03154,0.03621,0.03296,0.61149,3.33366,0.56155,3.94123,-0.84285,1.9805,4.30596,3.42067,7.94848,7.10127,0.20109,7.27951,1.90618,1.87321,7.72733,0.16488,0.16813,0.14248,0.18343,-0.42557,-3.37968
relu,machine-2-7,33,level,W3_b01,B,0,46,8,30,8,3.09593,2.8062,0.03483,0.03255,1.96235,3.23984,2.40238,3.96526,0.68573,1.98064,3.76365,3.55886,7.92738,7.34793,0.20109,7.27951,1.90618,1.87321,7.72733,0.16626,0.16854,0.60586,0.60569,0.34622,-1.56288
relu,machine-2-7,33,level,W3_b01,B,0,62,24,30,8,2.78387,2.77275,0.03939,0.03678,2.68011,3.22513,3.34135,3.92771,1.57624,1.95102,3.66632,3.65939,8.16086,7.62449,0.20109,7.27951,1.90618,1.87321,7.72733,0.1617,0.16431,0.85071,0.83101,0.8079,-0.58636
relu,machine-2-7,33,level,W3_b05,A,-16,38,16,22,0,9.18719,4.51898,0.06274,0.03239,-3.44551,3.08518,-4.52751,4.17277,-3.24233,2.0071,9.56945,5.85192,15.05786,11.61348,0.1097,10.84136,1.78878,1.83286,11.46773,0.04696,0.07731,-1.08501,-1.11679,-1.61543,-8.70028
relu,machine-2-7,33,level,W3_b05,A,-8,38,8,30,0,9.34043,4.87174,0.08732,0.07202,-3.42014,3.25275,-4.3521,4.24247,-3.0965,2.12655,9.64887,6.03779,15.33454,12.06043,0.1097,10.84136,1.78878,1.83286,11.46773,0.02238,0.03768,-1.02584,-1.05146,-1.45611,-8.59457
relu,machine-2-7,33,level,W3_b05,A,0,38,0,30,8,4.84952,4.29762,0.03483,0.03695,2.82189,3.34826,3.67804,4.52464,1.43251,2.30368,5.88363,5.49137,12.64122,11.77317,0.1097,10.84136,1.78878,1.83286,11.46773,0.07487,0.07275,0.81289,0.84279,0.62183,-0.8466
relu,machine-2-7,33,level,W3_b05,A,8,38,8,22,8,4.1424,4.12818,0.07194,0.07072,2.95167,3.14555,4.13082,4.37296,2.0743,2.13866,5.97775,5.94465,13.34223,12.00584,0.1097,10.84136,1.78878,1.83286,11.46773,0.03776,0.03898,0.94463,0.93836,0.96991,-0.24213
relu,machine-2-7,33,level,W3_b05,A,16,38,16,14,8,4.3117,4.32615,0.11092,0.10881,2.92882,3.09983,4.12432,4.276,2.09994,2.09986,6.69311,6.68559,13.88521,12.56243,0.1097,10.84136,1.78878,1.83286,11.46773,-0.00122,0.0009,0.96453,0.94483,1.00004,-0.15168
relu,machine-2-7,33,level,W3_b05,A,30,38,30,0,8,4.58935,4.5829,0.10417,0.10368,3.09888,3.21791,4.19351,4.35821,2.15083,2.19987,6.61198,6.58757,13.46589,12.47801,0.1097,10.84136,1.78878,1.83286,11.46773,0.00553,0.00602,0.96221,0.96301,0.97771,-0.1647
relu,machine-2-7,33,level,W3_b05,B,0,16,0,16,0,9.2809,4.95731,0.11947,0.07536,-3.25797,3.06003,-4.27021,3.99782,-3.07707,1.95902,9.81026,6.39985,14.96255,11.94978,0.1097,10.84136,1.78878,1.83286,11.46773,-0.00977,0.03434,-1.06814,-1.06469,-1.57072,-8.26804
relu,machine-2-7,33,level,W3_b05,B,0,30,0,30,0,9.28609,4.87381,0.08594,0.0721,-3.3714,3.25475,-4.29731,4.24564,-3.06362,2.12877,9.59977,6.0401,15.03807,11.98523,0.1097,10.84136,1.78878,1.83286,11.46773,0.02376,0.0376,-1.01217,-1.03584,-1.43915,-8.54295
relu,machine-2-7,33,level,W3_b05,B,0,38,0,30,8,4.84952,4.29762,0.03483,0.03695,2.82189,3.34826,3.67804,4.52464,1.43251,2.30368,5.88363,5.49137,12.64122,11.77317,0.1097,10.84136,1.78878,1.83286,11.46773,0.07487,0.07275,0.81289,0.84279,0.62183,-0.8466
relu,machine-2-7,33,level,W3_b05,B,0,46,8,30,8,4.1067,4.08131,0.07389,0.07316,3.42233,3.10465,4.72757,4.33523,2.36079,2.10904,6.11992,6.11252,12.67417,12.09888,0.1097,10.84136,1.78878,1.83286,11.46773,0.03581,0.03654,1.0905,1.10232,1.11936,0.39235
relu,machine-2-7,33,level,W3_b05,B,0,62,24,30,8,4.00634,3.99195,0.07446,0.07292,3.44331,3.11846,4.81136,4.40469,2.43689,2.17174,6.2697,6.25842,13.08915,12.51289,0.1097,10.84136,1.78878,1.83286,11.46773,0.03524,0.03678,1.09233,1.10417,1.12209,0.40668
relu,machine-2-7,33,ramp,W1,A,-16,38,16,22,0,3.25684,2.85716,0.20687,0.18498,0.47581,2.50821,0.00976,3.39189,0.45417,1.6122,5.18971,4.95853,38.0,38.0,0.26668,5.58857,2.77316,2.20058,4.00246,0.05981,0.08171,0.00288,0.1897,0.28171,-3.38214
relu,machine-2-7,33,ramp,W1,A,-8,38,8,30,0,3.37341,2.76954,0.21729,0.17806,0.34573,2.54068,-0.22829,3.43333,0.27221,1.62116,5.24175,4.86827,38.0,38.0,0.26668,5.58857,2.77316,2.20058,4.00246,0.0494,0.08862,-0.06649,0.13608,0.16791,-3.66162
relu,machine-2-7,33,ramp,W1,A,0,38,0,30,8,3.72761,2.70381,0.23136,0.16805,0.27753,2.55289,-0.52784,3.50311,-0.32357,1.67602,5.41198,4.82575,38.0,38.0,0.26668,5.58857,2.77316,2.20058,4.00246,0.03532,0.09863,-0.15068,0.10871,-0.19306,-4.03095
relu,machine-2-7,33,ramp,W1,A,8,38,8,22,8,2.682,2.65814,0.16276,0.16203,0.92101,2.54042,0.78395,3.55931,0.83458,1.71398,4.85358,4.79852,38.0,38.0,0.26668,5.58857,2.77316,2.20058,4.00246,0.10392,0.10465,0.22025,0.36254,0.48693,-2.77536
relu,machine-2-7,33,ramp,W1,A,16,38,16,14,8,2.66945,2.58625,0.15755,0.15381,0.98512,2.53588,0.89119,3.59404,0.82569,1.73531,4.83593,4.77448,38.0,38.0,0.26668,5.58857,2.77316,2.20058,4.00246,0.10913,0.11287,0.24796,0.38847,0.47581,-2.70285
relu,machine-2-7,33,ramp,W1,A,30,38,30,0,8,2.45468,2.39375,0.14396,0.14136,2.72233,2.5931,3.74513,3.70513,1.80572,1.79667,4.69726,4.6732,38.0,38.0,0.26668,5.58857,2.77316,2.20058,4.00246,0.12272,0.12533,1.01079,1.04984,1.00504,0.04
relu,machine-2-7,33,ramp,W1,B,0,16,0,16,0,4.27622,2.91978,0.27938,0.19059,0.08184,2.50223,-0.99076,3.37741,-0.52908,1.58399,5.71871,4.98838,16.0,16.0,0.26668,5.58857,2.77316,2.20058,4.00246,-0.0127,0.07609,-0.29335,0.03271,-0.33402,-4.36816
relu,machine-2-7,33,ramp,W1,B,0,30,0,30,0,4.28957,2.77976,0.28467,0.17863,-0.05117,2.5304,-1.19096,3.43181,-0.59248,1.61588,5.72876,4.87466,30.0,30.0,0.26668,5.58857,2.77316,2.20058,4.00246,-0.01799,0.08805,-0.34703,-0.02022,-0.36666,-4.62277
relu,machine-2-7,33,ramp,W1,B,0,38,0,30,8,3.72761,2.70381,0.23136,0.16805,0.27753,2.55289,-0.52784,3.50311,-0.32357,1.67602,5.41198,4.82575,38.0,38.0,0.26668,5.58857,2.77316,2.20058,4.00246,0.03532,0.09863,-0.15068,0.10871,-0.19306,-4.03095
relu,machine-2-7,33,ramp,W1,B,0,46,8,30,8,2.74,2.66136,0.16398,0.16195,0.81629,2.54621,0.55743,3.55293,0.65621,1.70877,4.86787,4.79512,46.0,46.0,0.26668,5.58857,2.77316,2.20058,4.00246,0.1027,0.10474,0.15689,0.32059,0.38402,-2.99549
relu,machine-2-7,33,ramp,W1,B,0,62,24,30,8,2.64049,2.50126,0.15299,0.14852,0.92493,2.54674,0.66227,3.6204,0.75777,1.7615,4.78332,4.70469,62.0,62.0,0.26668,5.58857,2.77316,2.20058,4.00246,0.11369,0.11816,0.18293,0.36318,0.43018,-2.95813
relu,machine-2-7,33,ramp,W2_f0995,A,-16,38,16,22,0,4.85349,4.77752,0.07821,0.0778,1.63145,2.19531,2.05769,2.78499,0.67602,1.1907,6.63581,6.58561,204.96344,173.30722,0.0896,7.11992,2.50697,2.07628,5.62305,0.01139,0.0118,0.73885,0.74315,0.56775,-0.72731
relu,machine-2-7,33,ramp,W2_f0995,A,-8,38,8,30,0,4.8804,4.75224,0.07829,0.07723,1.4351,2.19791,1.7986,2.79138,0.49366,1.19345,6.65338,6.56779,230.51333,173.22574,0.0896,7.11992,2.50697,2.07628,5.62305,0.01131,0.01237,0.64434,0.65294,0.41364,-0.99278
relu,machine-2-7,33,ramp,W2_f0995,A,0,38,0,30,8,4.85886,4.72285,0.0778,0.07682,1.45688,2.20096,1.82563,2.79959,0.50687,1.19735,6.63901,6.54862,228.65059,173.96859,0.0896,7.11992,2.50697,2.07628,5.62305,0.0118,0.01278,0.65211,0.66193,0.42333,-0.97396
relu,machine-2-7,33,ramp,W2_f0995,A,8,38,8,22,8,4.7843,4.69385,0.07682,0.07544,1.65509,2.20547,2.08717,2.80787,0.69347,1.20162,6.58731,6.52846,206.27162,176.26039,0.0896,7.11992,2.50697,2.07628,5.62305,0.01278,0.01416,0.74333,0.75045,0.57712,-0.72071
relu,machine-2-7,33,ramp,W2_f0995,A,16,38,16,14,8,4.72481,4.67185,0.07601,0.07438,1.8525,2.20022,2.35077,2.80546,0.87745,1.19859,6.54911,6.515,189.40557,179.34683,0.0896,7.11992,2.50697,2.07628,5.62305,0.01359,0.01522,0.83793,0.84196,0.73207,-0.45469
relu,machine-2-7,33,ramp,W2_f0995,A,30,38,30,0,8,4.62875,4.61631,0.07438,0.07422,2.18674,2.19827,2.7888,2.80864,1.18279,1.19746,6.4846,6.47687,179.70528,181.667,0.0896,7.11992,2.50697,2.07628,5.62305,0.01522,0.01538,0.99294,0.99476,0.98775,-0.01984
relu,machine-2-7,33,ramp,W2_f0995,B,0,16,0,16,0,5.26396,5.21185,0.08105,0.08105,1.71332,2.13314,2.10057,2.63443,0.73788,1.11109,6.88918,6.85447,114.44121,77.7476,0.0896,7.11992,2.50697,2.07628,5.62305,0.00854,0.00854,0.79735,0.80319,0.6641,-0.53386
relu,machine-2-7,33,ramp,W2_f0995,B,0,30,0,30,0,5.02864,4.89607,0.07894,0.0791,1.40842,2.17775,1.74213,2.74032,0.46734,1.16624,6.74487,6.65562,208.31398,139.88221,0.0896,7.11992,2.50697,2.07628,5.62305,0.01066,0.0105,0.63574,0.64673,0.40072,-0.99819
relu,machine-2-7,33,ramp,W2_f0995,B,0,38,0,30,8,4.85886,4.72285,0.0778,0.07682,1.45688,2.20096,1.82563,2.79959,0.50687,1.19735,6.63901,6.54862,228.65059,173.96859,0.0896,7.11992,2.50697,2.07628,5.62305,0.0118,0.01278,0.65211,0.66193,0.42333,-0.97396
relu,machine-2-7,33,ramp,W2_f0995,B,0,46,8,30,8,4.67816,4.55546,0.07617,0.07186,1.51754,2.22399,1.93088,2.85847,0.56584,1.22885,6.52829,6.44761,250.48832,207.77562,0.0896,7.11992,2.50697,2.07628,5.62305,0.01343,0.01774,0.67549,0.68235,0.46046,-0.92759
relu,machine-2-7,33,ramp,W2_f0995,B,0,62,24,30,8,4.34898,4.24584,0.06689,0.05998,1.61246,2.25314,2.11271,2.95791,0.66692,1.28071,6.33522,6.26846,297.21637,269.39144,0.0896,7.11992,2.50697,2.07628,5.62305,0.02271,0.02962,0.71426,0.71565,0.52074,-0.8452
relu,machine-2-7,33,ramp,W3_b01,A,-16,38,16,22,0,5.43494,2.94644,0.20264,0.09058,-1.12497,2.53239,-2.30576,3.65083,-2.0934,1.72564,6.63433,5.246,7.06367,4.07811,0.17529,6.44776,2.80418,2.16902,4.73847,-0.02734,0.08472,-0.63157,-0.44423,-1.21312,-5.95659
relu,machine-2-7,33,ramp,W3_b01,A,-8,38,8,30,0,5.67295,2.84673,0.20866,0.08822,-1.38042,2.58413,-2.71173,3.73053,-2.2019,1.78451,6.76186,5.16602,7.37456,4.20223,0.17529,6.44776,2.80418,2.16902,4.73847,-0.03337,0.08708,-0.7269,-0.53419,-1.23389,-6.44226
relu,machine-2-7,33,ramp,W3_b01,A,0,38,0,30,8,3.82372,2.71244,0.10677,0.08496,0.45726,2.63891,0.38294,3.83475,-0.8985,1.86761,5.62362,5.07108,5.67379,4.22307,0.17529,6.44776,2.80418,2.16902,4.73847,0.06852,0.09033,0.09986,0.17327,-0.4811,-3.4518
relu,machine-2-7,33,ramp,W3_b01,A,8,38,8,22,8,2.77849,2.60718,0.0791,0.07861,1.47104,2.69029,2.22105,3.91808,0.64858,1.9339,5.06626,4.99442,5.26663,4.27875,0.17529,6.44776,2.80418,2.16902,4.73847,0.09619,0.09668,0.56687,0.5468,0.33538,-1.69703
relu,machine-2-7,33,ramp,W3_b01,A,16,38,16,14,8,2.60448,2.58224,0.07544,0.07715,1.85022,2.6416,2.88082,3.90812,1.21716,1.93349,5.01286,5.01014,5.24232,4.47992,0.17529,6.44776,2.80418,2.16902,4.73847,0.09985,0.09814,0.73714,0.70042,0.62951,-1.0273
relu,machine-2-7,33,ramp,W3_b01,A,30,38,30,0,8,2.31352,2.31874,0.06991,0.06999,2.61941,2.69904,3.95735,4.03083,1.96467,2.0145,4.80795,4.81352,4.49356,4.38613,0.17529,6.44776,2.80418,2.16902,4.73847,0.10539,0.10531,0.98177,0.9705,0.97526,-0.07348
relu,machine-2-7,33,ramp,W3_b01,B,0,16,0,16,0,5.05691,3.0209,0.19295,0.10189,-0.7357,2.52946,-1.6458,3.64877,-1.90479,1.73157,6.45985,5.33014,5.79302,3.19226,0.17529,6.44776,2.80418,2.16902,4.73847,-0.01766,0.0734,-0.45106,-0.29085,-1.10004,-5.29457
relu,machine-2-7,33,ramp,W3_b01,B,0,30,0,30,0,5.67052,2.85254,0.21484,0.08927,-1.39984,2.58326,-2.7028,3.73247,-2.20242,1.78642,6.79689,5.1757,7.17152,4.05728,0.17529,6.44776,2.80418,2.16902,4.73847,-0.03955,0.08602,-0.72413,-0.54189,-1.23286,-6.43526
relu,machine-2-7,33,ramp,W3_b01,B,0,38,0,30,8,3.82372,2.71244,0.10677,0.08496,0.45726,2.63891,0.38294,3.83475,-0.8985,1.86761,5.62362,5.07108,5.67379,4.22307,0.17529,6.44776,2.80418,2.16902,4.73847,0.06852,0.09033,0.09986,0.17327,-0.4811,-3.4518
relu,machine-2-7,33,ramp,W3_b01,B,0,46,8,30,8,2.85799,2.60184,0.08105,0.07845,1.50661,2.69116,2.22152,3.9195,0.55863,1.93508,5.09588,4.98918,5.23239,4.35491,0.17529,6.44776,2.80418,2.16902,4.73847,0.09424,0.09684,0.56679,0.55984,0.28868,-1.69798
relu,machine-2-7,33,ramp,W3_b01,B,0,62,24,30,8,2.5015,2.49438,0.07601,0.07699,2.05835,2.68383,3.15695,3.94101,1.42027,1.95572,4.89638,4.89706,5.36357,4.65126,0.17529,6.44776,2.80418,2.16902,4.73847,0.09928,0.09831,0.80105,0.76695,0.72621,-0.78407
relu,machine-2-7,33,ramp,W3_b05,A,-16,38,16,22,0,9.34109,5.26947,0.24422,0.09953,-2.68173,2.28551,-4.25338,3.84544,-3.09904,1.85319,10.86074,8.27867,13.21479,8.93671,0.12109,9.86082,2.57425,2.04291,8.265,-0.12313,0.02157,-1.10608,-1.17337,-1.67228,-8.09882
relu,machine-2-7,33,ramp,W3_b05,A,-8,38,8,30,0,9.20438,4.87821,0.21208,0.06567,-2.70994,2.52943,-4.43835,4.09321,-3.23072,2.01321,10.55616,7.95198,13.11941,9.27938,0.12109,9.86082,2.57425,2.04291,8.265,-0.09098,0.05542,-1.08432,-1.07136,-1.60476,-8.53156
relu,machine-2-7,33,ramp,W3_b05,A,0,38,0,30,8,4.96652,4.55722,0.07129,0.06527,1.93771,2.54508,3.41168,4.24737,1.25714,2.14592,8.10601,7.80658,10.52682,9.1503,0.12109,9.86082,2.57425,2.04291,8.265,0.0498,0.05583,0.80324,0.76136,0.58583,-0.83569
relu,machine-2-7,33,ramp,W3_b05,A,8,38,8,22,8,4.29366,4.35839,0.06242,0.06095,2.30569,2.64035,3.96665,4.35172,2.01082,2.20705,7.65653,7.66971,10.31897,9.09702,0.12109,9.86082,2.57425,2.04291,8.265,0.05868,0.06014,0.91151,0.87325,0.91109,-0.38507
relu,machine-2-7,33,ramp,W3_b05,A,16,38,16,14,8,4.49733,4.51398,0.10775,0.09871,2.07291,2.36457,3.81476,4.15915,1.93538,2.09436,8.02954,8.00196,10.93615,9.7454,0.12109,9.86082,2.57425,2.04291,8.265,0.01335,0.02238,0.9172,0.87665,0.92409,-0.3444
relu,machine-2-7,33,ramp,W3_b05,A,30,38,30,0,8,3.44791,3.49219,0.05632,0.0603,2.51522,2.70231,4.43124,4.62658,2.28263,2.36749,7.31545,7.31299,10.0591,9.05559,0.12109,9.86082,2.57425,2.04291,8.265,0.06478,0.06079,0.95778,0.93077,0.96416,-0.19534
relu,machine-2-7,33,ramp,W3_b05,B,0,16,0,16,0,8.91665,4.83547,0.20011,0.06771,-2.69878,2.56776,-4.2993,4.09448,-3.18537,2.01157,10.45867,7.86034,11.94792,7.74049,0.12109,9.86082,2.57425,2.04291,8.265,-0.07902,0.05339,-1.05002,-1.05103,-1.58352,-8.39378
relu,machine-2-7,33,ramp,W3_b05,B,0,30,0,30,0,9.1488,4.88216,0.20321,0.06421,-2.66739,2.53659,-4.38252,4.09429,-3.19638,2.01531,10.52745,7.94452,12.74008,9.07529,0.12109,9.86082,2.57425,2.04291,8.265,-0.08211,0.05688,-1.0704,-1.05156,-1.58605,-8.47681
relu,machine-2-7,33,ramp,W3_b05,B,0,38,0,30,8,4.96652,4.55722,0.07129,0.06527,1.93771,2.54508,3.41168,4.24737,1.25714,2.14592,8.10601,7.80658,10.52682,9.1503,0.12109,9.86082,2.57425,2.04291,8.265,0.0498,0.05583,0.80324,0.76136,0.58583,-0.83569
relu,machine-2-7,33,ramp,W3_b05,B,0,46,8,30,8,4.30456,4.33052,0.05957,0.06038,2.92019,2.66191,4.78621,4.38349,2.46143,2.22913,7.65016,7.65588,10.21062,9.27827,0.12109,9.86082,2.57425,2.04291,8.265,0.06152,0.06071,1.09187,1.09703,1.10421,0.40272
relu,machine-2-7,33,ramp,W3_b05,B,0,62,24,30,8,4.01834,4.02981,0.07121,0.06315,2.77031,2.49812,4.66181,4.25212,2.34112,2.08859,7.58466,7.56514,10.83709,9.98218,0.12109,9.86082,2.57425,2.04291,8.265,0.04989,0.05794,1.09635,1.10895,1.12091,0.4097
relu,machine-3-7,11,level,W1,A,-16,38,16,22,0,4.18242,3.81183,0.05477,0.05347,0.88824,2.51461,-0.11588,3.36256,0.14523,1.58027,5.61533,5.48128,38.0,38.0,0.07381,6.9542,1.91251,1.85418,6.8869,0.01904,0.02035,-0.03446,0.35323,0.0919,-3.47844
relu,machine-3-7,11,level,W1,A,-8,38,8,30,0,4.26186,3.67064,0.05591,0.05208,0.74231,2.55157,-0.4099,3.41855,-0.02309,1.62573,5.66915,5.41913,38.0,38.0,0.07381,6.9542,1.91251,1.85418,6.8869,0.0179,0.02173,-0.1199,0.29092,-0.0142,-3.82845
relu,machine-3-7,11,level,W1,A,0,38,0,30,8,4.62714,3.47144,0.05762,0.05208,0.18946,2.58899,-0.74746,3.56207,-0.66263,1.71036,5.99987,5.35127,38.0,38.0,0.07381,6.9542,1.91251,1.85418,6.8869,0.01619,0.02173,-0.20984,0.07318,-0.38742,-4.30952
relu,machine-3-7,11,level,W1,A,8,38,8,22,8,3.26668,3.26821,0.0533,0.052,1.04142,2.59127,0.87971,3.6865,0.78957,1.80044,5.34574,5.29122,38.0,38.0,0.07381,6.9542,1.91251,1.85418,6.8869,0.02051,0.02181,0.23863,0.4019,0.43854,-2.80679
relu,machine-3-7,11,level,W1,A,16,38,16,14,8,3.07038,3.05312,0.0529,0.05282,1.13436,2.57696,1.15726,3.79536,0.93457,1.85403,5.26878,5.2259,38.0,38.0,0.07381,6.9542,1.91251,1.85418,6.8869,0.02091,0.021,0.30491,0.44019,0.50408,-2.63811
relu,machine-3-7,11,level,W1,A,30,38,30,0,8,2.79365,2.79886,0.05322,0.05298,2.56844,2.56329,4.02023,3.87487,1.96128,1.88094,5.13781,5.12964,38.0,38.0,0.07381,6.9542,1.91251,1.85418,6.8869,0.02059,0.02083,1.03751,1.00201,1.04271,0.14535
relu,machine-3-7,11,level,W1,B,0,16,0,16,0,6.3604,3.95875,0.06844,0.05436,-0.41944,2.46125,-2.34147,3.25187,-1.83255,1.50725,6.78541,5.56125,16.0,16.0,0.07381,6.9542,1.91251,1.85418,6.8869,0.00537,0.01945,-0.72004,-0.17042,-1.21583,-5.59334
relu,machine-3-7,11,level,W1,B,0,30,0,30,0,6.30615,3.67717,0.06803,0.05273,-0.57745,2.52857,-2.57122,3.40435,-1.98447,1.61622,6.75313,5.43735,30.0,30.0,0.07381,6.9542,1.91251,1.85418,6.8869,0.00578,0.02108,-0.75528,-0.22837,-1.22785,-5.97557
relu,machine-3-7,11,level,W1,B,0,38,0,30,8,4.62714,3.47144,0.05762,0.05208,0.18946,2.58899,-0.74746,3.56207,-0.66263,1.71036,5.99987,5.35127,38.0,38.0,0.07381,6.9542,1.91251,1.85418,6.8869,0.01619,0.02173,-0.20984,0.07318,-0.38742,-4.30952
relu,machine-3-7,11,level,W1,B,0,46,8,30,8,3.33539,3.27592,0.05412,0.05111,0.84571,2.60889,0.6917,3.69773,0.6325,1.80206,5.40564,5.2795,46.0,46.0,0.07381,6.9542,1.91251,1.85418,6.8869,0.01969,0.02271,0.18706,0.32416,0.35098,-3.00603
relu,machine-3-7,11,level,W1,B,0,62,24,30,8,2.92548,2.89478,0.0542,0.05062,0.98433,2.62266,1.14554,3.85577,1.02005,1.87316,5.21679,5.11379,62.0,62.0,0.07381,6.9542,1.91251,1.85418,6.8869,0.01961,0.02319,0.2971,0.37532,0.54456,-2.71024
relu,machine-3-7,11,level,W2_f0995,A,-16,38,16,22,0,6.72535,6.63779,0.10376,0.10197,1.3974,1.99338,1.57921,2.26628,0.4635,0.92734,7.51346,7.42632,286.67738,270.51044,0.15967,8.56574,1.85791,1.73045,8.37394,0.05591,0.0577,0.69683,0.70102,0.49982,-0.68707
relu,machine-3-7,11,level,W2_f0995,A,-8,38,8,30,0,6.75338,6.60877,0.10148,0.09701,1.1844,1.99629,1.3312,2.27354,0.29782,0.93091,7.54264,7.40657,306.3172,271.1072,0.15967,8.56574,1.85791,1.73045,8.37394,0.05819,0.06266,0.58552,0.5933,0.31993,-0.94234
relu,machine-3-7,11,level,W2_f0995,A,0,38,0,30,8,6.74161,6.58405,0.09912,0.09473,1.19897,1.99899,1.34352,2.27952,0.30234,0.93387,7.53108,7.38753,304.85221,270.87069,0.15967,8.56574,1.85791,1.73045,8.37394,0.06055,0.06494,0.58939,0.59979,0.32376,-0.936
relu,machine-3-7,11,level,W2_f0995,A,8,38,8,22,8,6.67313,6.56096,0.09546,0.09351,1.40675,2.00147,1.58536,2.28519,0.46575,0.93674,7.47027,7.36966,286.36732,270.61683,0.15967,8.56574,1.85791,1.73045,8.37394,0.06421,0.06616,0.69375,0.70286,0.4972,-0.69983
relu,machine-3-7,11,level,W2_f0995,A,16,38,16,14,8,6.60384,6.53517,0.09269,0.09204,1.62661,2.00511,1.84425,2.29132,0.6378,0.93957,7.40902,7.34791,273.27506,271.44105,0.15967,8.56574,1.85791,1.73045,8.37394,0.06698,0.06763,0.80489,0.81123,0.67882,-0.44706
relu,machine-3-7,11,level,W2_f0995,A,30,38,30,0,8,6.51446,6.49715,0.08887,0.08887,1.99222,2.01095,2.27019,2.29794,0.92296,0.94215,7.32036,7.30854,269.27834,271.91039,0.15967,8.56574,1.85791,1.73045,8.37394,0.0708,0.0708,0.98792,0.99069,0.97963,-0.02776
relu,machine-3-7,11,level,W2_f0995,B,0,16,0,16,0,7.60185,7.53767,0.12703,0.1241,1.41008,1.84664,1.5346,2.03867,0.48428,0.81872,8.07808,8.01445,145.00071,120.59794,0.15967,8.56574,1.85791,1.73045,8.37394,0.03263,0.03556,0.75274,0.76359,0.59151,-0.50407
relu,machine-3-7,11,level,W2_f0995,B,0,30,0,30,0,7.06125,6.90789,0.10799,0.10384,1.12818,1.94482,1.24384,2.19337,0.25937,0.89201,7.74251,7.60041,264.81105,218.17841,0.15967,8.56574,1.85791,1.73045,8.37394,0.05168,0.05583,0.56709,0.58009,0.29077,-0.94953
relu,machine-3-7,11,level,W2_f0995,B,0,38,0,30,8,6.74161,6.58405,0.09912,0.09473,1.19897,1.99899,1.34352,2.27952,0.30234,0.93387,7.53108,7.38753,304.85221,270.87069,0.15967,8.56574,1.85791,1.73045,8.37394,0.06055,0.06494,0.58939,0.59979,0.32376,-0.936
relu,machine-3-7,11,level,W2_f0995,B,0,46,8,30,8,6.42403,6.28452,0.0918,0.09058,1.2903,2.05094,1.47382,2.36337,0.36947,0.97534,7.32203,7.19275,344.3871,321.21976,0.15967,8.56574,1.85791,1.73045,8.37394,0.06787,0.06909,0.62361,0.62913,0.37881,-0.88955
relu,machine-3-7,11,level,W2_f0995,B,0,62,24,30,8,5.85285,5.74278,0.08179,0.08162,1.46063,2.14844,1.71873,2.52482,0.49657,1.05686,6.94905,6.84389,426.33399,416.16181,0.15967,8.56574,1.85791,1.73045,8.37394,0.07788,0.07804,0.68073,0.67985,0.46985,-0.80609
relu,machine-3-7,11,level,W3_b01,A,-16,38,16,22,0,5.64125,3.12241,0.07642,0.05461,-1.52777,2.83734,-2.2784,3.83827,-2.14998,1.85495,6.94377,5.15581,9.69025,7.78794,0.11475,8.20203,1.88589,1.78399,8.0677,0.03833,0.06014,-0.5936,-0.53845,-1.15905,-6.11668
relu,machine-3-7,11,level,W3_b01,A,-8,38,8,30,0,5.82489,2.97935,0.08211,0.05387,-1.77658,2.85441,-2.70572,3.9149,-2.29346,1.90417,7.07495,5.08209,9.76987,7.75581,0.11475,8.20203,1.88589,1.78399,8.0677,0.03263,0.06087,-0.69113,-0.6224,-1.20444,-6.62062
relu,machine-3-7,11,level,W3_b01,A,0,38,0,30,8,3.78585,2.8607,0.06055,0.05379,0.64524,2.88637,0.84847,3.99652,-0.64434,1.96224,5.69607,5.0094,8.39817,7.74389,0.11475,8.20203,1.88589,1.78399,8.0677,0.0542,0.06095,0.2123,0.22355,-0.32837,-3.14806
relu,machine-3-7,11,level,W3_b01,A,8,38,8,22,8,2.86005,2.71729,0.05591,0.05452,1.88878,2.89615,2.64562,4.07072,0.91083,2.0127,5.07448,4.94188,8.3543,7.70159,0.11475,8.20203,1.88589,1.78399,8.0677,0.05884,0.06022,0.64991,0.65217,0.45254,-1.4251
relu,machine-3-7,11,level,W3_b01,A,16,38,16,14,8,2.58985,2.5848,0.05509,0.05436,2.36783,2.90126,3.35434,4.14252,1.51851,2.06006,4.90266,4.8806,8.27049,7.65336,0.11475,8.20203,1.88589,1.78399,8.0677,0.05965,0.06038,0.80974,0.81614,0.73712,-0.78818
relu,machine-3-7,11,level,W3_b01,A,30,38,30,0,8,2.38988,2.39279,0.05314,0.05322,2.92652,2.92446,4.20147,4.24241,2.11578,2.13027,4.77763,4.77397,7.83304,7.70727,0.11475,8.20203,1.88589,1.78399,8.0677,0.0616,0.06152,0.99035,1.0007,0.9932,-0.04094
relu,machine-3-7,11,level,W3_b01,B,0,16,0,16,0,5.54677,3.50433,0.08439,0.0577,-1.12775,2.80349,-1.6278,3.65866,-1.9172,1.70847,6.78961,5.30011,7.83188,6.31876,0.11475,8.20203,1.88589,1.78399,8.0677,0.03035,0.05705,-0.44492,-0.40227,-1.12217,-5.28646
relu,machine-3-7,11,level,W3_b01,B,0,30,0,30,0,5.86172,2.98424,0.08618,0.05452,-1.77932,2.86545,-2.73347,3.92283,-2.32882,1.90705,7.08374,5.07619,9.36831,7.52847,0.11475,8.20203,1.88589,1.78399,8.0677,0.02856,0.06022,-0.69681,-0.62096,-1.22116,-6.6563
relu,machine-3-7,11,level,W3_b01,B,0,38,0,30,8,3.78585,2.8607,0.06055,0.05379,0.64524,2.88637,0.84847,3.99652,-0.64434,1.96224,5.69607,5.0094,8.39817,7.74389,0.11475,8.20203,1.88589,1.78399,8.0677,0.0542,0.06095,0.2123,0.22355,-0.32837,-3.14806
relu,machine-3-7,11,level,W3_b01,B,0,46,8,30,8,2.91486,2.71825,0.05623,0.05444,1.86737,2.88859,2.64774,4.06451,0.84322,2.00887,5.12671,4.94697,8.28867,7.81218,0.11475,8.20203,1.88589,1.78399,8.0677,0.05851,0.0603,0.65143,0.64646,0.41975,-1.41676
relu,machine-3-7,11,level,W3_b01,B,0,62,24,30,8,2.46552,2.4752,0.05355,0.05347,2.56714,2.90669,3.67756,4.19554,1.76633,2.09936,4.83517,4.82675,8.36817,7.87867,0.11475,8.20203,1.88589,1.78399,8.0677,0.0612,0.06128,0.87654,0.88318,0.84137,-0.51798
relu,machine-3-7,11,level,W3_b05,A,-16,38,16,22,0,8.24017,4.22757,0.10653,0.05322,-2.95511,2.75652,-3.91056,4.2028,-3.02736,2.01632,10.06153,7.2678,15.09787,12.29221,0.27604,12.14824,1.53584,1.50821,11.89423,0.16951,0.22282,-0.93046,-1.07204,-1.50143,-8.11336
relu,machine-3-7,11,level,W3_b05,A,-8,38,8,30,0,8.02654,3.90316,0.09692,0.04924,-2.96309,2.90862,-4.011,4.42969,-3.11976,2.16688,9.87137,7.06018,14.97986,12.19873,0.27604,12.14824,1.53584,1.50821,11.89423,0.17912,0.22681,-0.90548,-1.01873,-1.43975,-8.44069
relu,machine-3-7,11,level,W3_b05,A,0,38,0,30,8,4.31376,4.00489,0.04761,0.04769,2.626,2.92627,4.05569,4.40555,1.71701,2.15689,7.30447,7.09363,13.07702,12.30288,0.27604,12.14824,1.53584,1.50821,11.89423,0.22843,0.22835,0.92059,0.89739,0.79606,-0.34986
relu,machine-3-7,11,level,W3_b05,A,8,38,8,22,8,3.61789,3.63867,0.05599,0.05518,2.83666,2.89742,4.3682,4.50696,2.19756,2.1971,6.90746,6.92894,13.32157,12.05254,0.27604,12.14824,1.53584,1.50821,11.89423,0.22005,0.22087,0.96921,0.97903,1.00021,-0.13876
relu,machine-3-7,11,level,W3_b05,A,16,38,16,14,8,3.37854,3.40239,0.0577,0.05656,2.8317,2.91009,4.52058,4.69227,2.30737,2.32717,6.82973,6.85041,13.2477,11.9171,0.27604,12.14824,1.53584,1.50821,11.89423,0.21834,0.21948,0.96341,0.97306,0.9915,-0.17168
relu,machine-3-7,11,level,W3_b05,A,30,38,30,0,8,3.39758,3.40289,0.04924,0.0498,2.89607,2.89251,4.63034,4.67293,2.35684,2.31195,6.78724,6.78632,13.25883,12.22675,0.27604,12.14824,1.53584,1.50821,11.89423,0.22681,0.22624,0.99088,1.00123,1.01942,-0.0426
relu,machine-3-7,11,level,W3_b05,B,0,16,0,16,0,8.42579,4.42863,0.11344,0.05241,-2.96529,2.6533,-3.92398,3.94698,-3.00154,1.82046,10.1381,7.31803,14.67681,11.91936,0.27604,12.14824,1.53584,1.50821,11.89423,0.1626,0.22363,-0.99417,-1.11759,-1.64878,-7.87096
relu,machine-3-7,11,level,W3_b05,B,0,30,0,30,0,8.00302,3.90259,0.09871,0.0494,-2.92803,2.91572,-3.9943,4.42168,-3.11377,2.16209,9.83866,7.04937,14.66604,12.1528,0.27604,12.14824,1.53584,1.50821,11.89423,0.17733,0.22664,-0.90334,-1.00422,-1.44017,-8.41599
relu,machine-3-7,11,level,W3_b05,B,0,38,0,30,8,4.31376,4.00489,0.04761,0.04769,2.626,2.92627,4.05569,4.40555,1.71701,2.15689,7.30447,7.09363,13.07702,12.30288,0.27604,12.14824,1.53584,1.50821,11.89423,0.22843,0.22835,0.92059,0.89739,0.79606,-0.34986
relu,machine-3-7,11,level,W3_b05,B,0,46,8,30,8,3.64467,3.63527,0.05623,0.0555,3.28605,2.91143,4.98581,4.51436,2.50074,2.20111,6.94122,6.93366,12.56183,12.03389,0.27604,12.14824,1.53584,1.50821,11.89423,0.21981,0.22054,1.10443,1.12867,1.13613,0.47145
relu,machine-3-7,11,level,W3_b05,B,0,62,24,30,8,3.3376,3.33835,0.05729,0.05648,3.27224,2.92893,5.16969,4.73154,2.63237,2.3626,6.79673,6.79242,12.7,12.20836,0.27604,12.14824,1.53584,1.50821,11.89423,0.21875,0.21956,1.0926,1.11721,1.11418,0.43815
relu,machine-3-7,11,ramp,W1,A,-16,38,16,22,0,3.49906,2.99769,0.03833,0.03605,0.88661,2.52362,-0.02514,3.59591,0.42838,1.67438,5.3594,5.11803,38.0,38.0,0.03939,5.67148,3.02469,2.32695,4.05031,0.00106,0.00334,-0.00699,0.35132,0.25585,-3.62105
relu,machine-3-7,11,ramp,W1,A,-8,38,8,30,0,3.72607,2.89078,0.03849,0.0354,0.75551,2.5734,-0.34045,3.65397,0.18319,1.72338,5.43622,5.03558,38.0,38.0,0.03939,5.67148,3.02469,2.32695,4.05031,0.0009,0.00399,-0.09317,0.29359,0.1063,-3.99442
relu,machine-3-7,11,ramp,W1,A,0,38,0,30,8,3.71858,2.84044,0.03743,0.03638,0.81869,2.61594,-0.3112,3.72518,-0.0631,1.77616,5.42599,4.98816,38.0,38.0,0.03939,5.67148,3.02469,2.32695,4.05031,0.00195,0.00301,-0.08354,0.31296,-0.03553,-4.03639
relu,machine-3-7,11,ramp,W1,A,8,38,8,22,8,2.88401,2.66484,0.0363,0.03483,1.35129,2.64446,0.67172,3.80574,0.77389,1.82287,4.96235,4.92183,38.0,38.0,0.03939,5.67148,3.02469,2.32695,4.05031,0.00309,0.00456,0.1765,0.51099,0.42454,-3.13402
relu,machine-3-7,11,ramp,W1,A,16,38,16,14,8,2.66302,2.5305,0.03451,0.0332,1.3663,2.63795,0.96506,3.87257,0.96681,1.86564,4.92649,4.88562,38.0,38.0,0.03939,5.67148,3.02469,2.32695,4.05031,0.00488,0.00618,0.2492,0.51794,0.51822,-2.90751
relu,machine-3-7,11,ramp,W1,A,30,38,30,0,8,2.42843,2.39437,0.03255,0.03255,2.64211,2.66735,4.11447,3.98128,1.98287,1.93065,4.81322,4.79497,38.0,38.0,0.03939,5.67148,3.02469,2.32695,4.05031,0.00684,0.00684,1.03345,0.99054,1.02705,0.13319
relu,machine-3-7,11,ramp,W1,B,0,16,0,16,0,4.06091,3.30096,0.03768,0.03564,0.65357,2.52205,-0.44024,3.38035,0.03032,1.53026,5.66155,5.1777,16.0,16.0,0.03939,5.67148,3.02469,2.32695,4.05031,0.00171,0.00374,-0.13023,0.25914,0.01981,-3.82059
relu,machine-3-7,11,ramp,W1,B,0,30,0,30,0,4.05172,2.91571,0.0389,0.03532,0.49745,2.5888,-0.71772,3.6373,-0.16058,1.71621,5.66878,5.03894,30.0,30.0,0.03939,5.67148,3.02469,2.32695,4.05031,0.00049,0.00407,-0.19732,0.19215,-0.09357,-4.35502
relu,machine-3-7,11,ramp,W1,B,0,38,0,30,8,3.71858,2.84044,0.03743,0.03638,0.81869,2.61594,-0.3112,3.72518,-0.0631,1.77616,5.42599,4.98816,38.0,38.0,0.03939,5.67148,3.02469,2.32695,4.05031,0.00195,0.00301,-0.08354,0.31296,-0.03553,-4.03639
relu,machine-3-7,11,ramp,W1,B,0,46,8,30,8,2.92257,2.67203,0.03613,0.03483,1.24797,2.6341,0.51189,3.8033,0.68957,1.81705,4.98673,4.91813,46.0,46.0,0.03939,5.67148,3.02469,2.32695,4.05031,0.00326,0.00456,0.13459,0.47378,0.3795,-3.29141
relu,machine-3-7,11,ramp,W1,B,0,62,24,30,8,2.51262,2.40015,0.0332,0.0332,1.30939,2.66489,0.95991,4.00699,1.09453,1.95205,4.87123,4.82072,62.0,62.0,0.03939,5.67148,3.02469,2.32695,4.05031,0.00618,0.00618,0.23956,0.49135,0.56071,-3.04708
relu,machine-3-7,11,ramp,W2_f0995,A,-16,38,16,22,0,5.33972,5.24095,0.12345,0.12272,1.58821,2.131,1.95055,2.65391,0.6206,1.11838,7.19435,7.1422,196.53383,158.81061,0.18587,7.74439,2.35827,1.98478,6.22309,0.06242,0.06315,0.73497,0.74529,0.55491,-0.70336
relu,machine-3-7,11,ramp,W2_f0995,A,-8,38,8,30,0,5.35834,5.19828,0.12142,0.12036,1.3993,2.1369,1.69739,2.66411,0.44119,1.12273,7.19989,7.11218,225.78147,161.22131,0.18587,7.74439,2.35827,1.98478,6.22309,0.06445,0.06551,0.63713,0.65483,0.39296,-0.96672
relu,machine-3-7,11,ramp,W2_f0995,A,0,38,0,30,8,5.32094,5.1544,0.11776,0.11678,1.42444,2.14675,1.72897,2.67929,0.45772,1.13079,7.17167,7.07943,224.7868,163.56332,0.18587,7.74439,2.35827,1.98478,6.22309,0.06812,0.06909,0.64531,0.66353,0.40478,-0.95032
relu,machine-3-7,11,ramp,W2_f0995,A,8,38,8,22,8,5.22586,5.11253,0.11507,0.11483,1.61479,2.15295,1.9846,2.68997,0.63879,1.13552,7.11024,7.04916,202.22546,166.6815,0.18587,7.74439,2.35827,1.98478,6.22309,0.0708,0.07104,0.73778,0.75003,0.56256,-0.70537
relu,machine-3-7,11,ramp,W2_f0995,A,16,38,16,14,8,5.13709,5.07064,0.11165,0.111,1.81831,2.16089,2.25486,2.70281,0.82586,1.14199,7.05251,7.01749,183.24748,170.34821,0.18587,7.74439,2.35827,1.98478,6.22309,0.07422,0.07487,0.83426,0.84147,0.72318,-0.44795
relu,machine-3-7,11,ramp,W2_f0995,A,30,38,30,0,8,5.01705,5.00425,0.10791,0.10775,2.16218,2.17485,2.70378,2.7233,1.13844,1.15225,6.97005,6.9619,174.44269,175.69068,0.18587,7.74439,2.35827,1.98478,6.22309,0.07796,0.07813,0.99283,0.99417,0.98801,-0.01953
relu,machine-3-7,11,ramp,W2_f0995,B,0,16,0,16,0,5.80888,5.7372,0.13867,0.13599,1.654,2.05625,1.98287,2.49809,0.67482,1.03604,7.48064,7.44263,110.91057,71.61723,0.18587,7.74439,2.35827,1.98478,6.22309,0.0472,0.04989,0.79375,0.80438,0.65134,-0.51522
relu,machine-3-7,11,ramp,W2_f0995,B,0,30,0,30,0,5.52437,5.35586,0.12508,0.12394,1.36823,2.1135,1.63757,2.61295,0.41127,1.09524,7.29939,7.20582,205.57607,130.84206,0.18587,7.74439,2.35827,1.98478,6.22309,0.06079,0.06193,0.62671,0.64737,0.3755,-0.97538
relu,machine-3-7,11,ramp,W2_f0995,B,0,38,0,30,8,5.32094,5.1544,0.11776,0.11678,1.42444,2.14675,1.72897,2.67929,0.45772,1.13079,7.17167,7.07943,224.7868,163.56332,0.18587,7.74439,2.35827,1.98478,6.22309,0.06812,0.06909,0.64531,0.66353,0.40478,-0.95032
relu,machine-3-7,11,ramp,W2_f0995,B,0,46,8,30,8,5.11024,4.96147,0.1123,0.11141,1.49114,2.17536,1.83667,2.73966,0.51803,1.16228,7.04034,6.96008,244.49647,195.77805,0.18587,7.74439,2.35827,1.98478,6.22309,0.07357,0.07446,0.6704,0.68547,0.44571,-0.90299
relu,machine-3-7,11,ramp,W2_f0995,B,0,62,24,30,8,4.71524,4.5973,0.10954,0.11019,1.61768,2.23331,2.04688,2.86383,0.63776,1.22992,6.79458,6.7349,289.67169,258.76476,0.18587,7.74439,2.35827,1.98478,6.22309,0.07633,0.07568,0.71474,0.72434,0.51854,-0.81694
relu,machine-3-7,11,ramp,W3_b01,A,-16,38,16,22,0,5.5261,2.78567,0.06787,0.05103,-1.01996,2.69513,-2.53845,4.04234,-2.34555,1.97304,6.95142,5.53392,7.33071,4.17628,0.08577,7.05882,2.82593,2.23837,5.44433,0.0179,0.03475,-0.62797,-0.37845,-1.1888,-6.58079
relu,machine-3-7,11,ramp,W3_b01,A,-8,38,8,30,0,5.80203,2.70703,0.0686,0.04696,-1.28773,2.72287,-2.9982,4.079,-2.45766,1.99468,7.1103,5.47586,7.67218,4.25834,0.08577,7.05882,2.82593,2.23837,5.44433,0.01717,0.03882,-0.73503,-0.47293,-1.23211,-7.07719
relu,machine-3-7,11,ramp,W3_b01,A,0,38,0,30,8,3.74982,2.55138,0.04858,0.04484,0.584,2.80423,0.44939,4.23321,-0.99579,2.11866,5.90954,5.35798,5.86337,4.34396,0.08577,7.05882,2.82593,2.23837,5.44433,0.03719,0.04093,0.10616,0.20826,-0.47001,-3.78382
relu,machine-3-7,11,ramp,W3_b01,A,8,38,8,22,8,2.67739,2.40423,0.04338,0.04354,1.57557,2.80968,2.35716,4.27861,0.63133,2.14069,5.37681,5.28122,5.47961,4.41475,0.08577,7.05882,2.82593,2.23837,5.44433,0.0424,0.04224,0.55092,0.56076,0.29492,-1.92145
relu,machine-3-7,11,ramp,W3_b01,A,16,38,16,14,8,2.31941,2.2679,0.04207,0.04215,2.05819,2.83915,3.22056,4.35408,1.36479,2.19443,5.20568,5.1991,5.26346,4.4712,0.08577,7.05882,2.82593,2.23837,5.44433,0.0437,0.04362,0.73966,0.72493,0.62193,-1.13353
relu,machine-3-7,11,ramp,W3_b01,A,30,38,30,0,8,2.07875,2.07792,0.03971,0.03979,2.86734,2.92495,4.40913,4.48634,2.24439,2.30014,5.0347,5.03747,4.79598,4.70311,0.08577,7.05882,2.82593,2.23837,5.44433,0.04606,0.04598,0.98279,0.9803,0.97577,-0.07721
relu,machine-3-7,11,ramp,W3_b01,B,0,16,0,16,0,5.37977,3.18482,0.066,0.05355,-0.63186,2.63088,-1.77261,3.82121,-2.03568,1.81602,6.8956,5.74565,6.12355,3.40801,0.08577,7.05882,2.82593,2.23837,5.44433,0.01978,0.03223,-0.46389,-0.24017,-1.12096,-5.59382
relu,machine-3-7,11,ramp,W3_b01,B,0,30,0,30,0,5.86247,2.73042,0.06812,0.04679,-1.31073,2.72337,-3.02248,4.07169,-2.46919,1.9888,7.15958,5.48887,7.45682,4.10712,0.08577,7.05882,2.82593,2.23837,5.44433,0.01766,0.03898,-0.74232,-0.48129,-1.24154,-7.09417
relu,machine-3-7,11,ramp,W3_b01,B,0,38,0,30,8,3.74982,2.55138,0.04858,0.04484,0.584,2.80423,0.44939,4.23321,-0.99579,2.11866,5.90954,5.35798,5.86337,4.34396,0.08577,7.05882,2.82593,2.23837,5.44433,0.03719,0.04093,0.10616,0.20826,-0.47001,-3.78382
relu,machine-3-7,11,ramp,W3_b01,B,0,46,8,30,8,2.73851,2.39787,0.04395,0.04346,1.61397,2.80692,2.36644,4.27678,0.54248,2.13882,5.39707,5.2797,5.42573,4.49876,0.08577,7.05882,2.82593,2.23837,5.44433,0.04183,0.04232,0.55332,0.575,0.25364,-1.91034
relu,machine-3-7,11,ramp,W3_b01,B,0,62,24,30,8,2.17522,2.16513,0.0402,0.04118,2.29791,2.88865,3.59796,4.42632,1.66862,2.25442,5.10184,5.11449,5.49265,4.7787,0.08577,7.05882,2.82593,2.23837,5.44433,0.04557,0.0446,0.81285,0.79549,0.74015,-0.82836
relu,machine-3-7,11,ramp,W3_b05,A,-16,38,16,22,0,8.99425,3.76832,0.12215,0.08577,-2.60243,3.15784,-5.12746,5.12727,-3.78152,2.57618,10.56023,7.72938,13.39279,8.09086,0.2867,10.622,3.30958,2.4807,8.50136,0.16455,0.20093,-1.00004,-0.82412,-1.46788,-10.25473
relu,machine-3-7,11,ramp,W3_b05,A,-8,38,8,30,0,9.27739,4.43131,0.13281,0.08472,-2.51584,2.99692,-4.89195,4.62605,-3.58749,2.24932,10.75673,8.05994,13.84415,8.74973,0.2867,10.622,3.30958,2.4807,8.50136,0.15389,0.20199,-1.05748,-0.83948,-1.59492,-9.518
relu,machine-3-7,11,ramp,W3_b05,A,0,38,0,30,8,4.24571,3.81754,0.06657,0.07121,2.87938,3.3382,4.2387,5.19805,1.68105,2.66531,7.61875,7.53993,10.46245,8.53589,0.2867,10.622,3.30958,2.4807,8.50136,0.22013,0.21549,0.81544,0.86255,0.63071,-0.95934
relu,machine-3-7,11,ramp,W3_b05,A,8,38,8,22,8,3.5404,3.5581,0.0686,0.0734,2.49036,3.1615,4.35282,5.13017,2.10611,2.56746,7.5067,7.55682,9.97844,8.24988,0.2867,10.622,3.30958,2.4807,8.50136,0.2181,0.2133,0.84847,0.78771,0.82031,-0.77735
relu,machine-3-7,11,ramp,W3_b05,A,16,38,16,14,8,3.3166,3.33837,0.07747,0.07894,2.63072,3.25808,4.53439,5.30927,2.25448,2.71773,7.3789,7.40718,9.81922,8.20751,0.2867,10.622,3.30958,2.4807,8.50136,0.20923,0.20776,0.85405,0.80745,0.82955,-0.77488
relu,machine-3-7,11,ramp,W3_b05,A,30,38,30,0,8,3.34367,3.35267,0.073,0.07397,3.17995,3.53764,4.95927,5.40316,2.54737,2.8028,7.16798,7.19015,10.02424,9.03201,0.2867,10.622,3.30958,2.4807,8.50136,0.2137,0.21273,0.91785,0.89889,0.90887,-0.44389
relu,machine-3-7,11,ramp,W3_b05,B,0,16,0,16,0,9.11096,4.13941,0.1224,0.08455,-2.49136,2.97899,-4.96859,4.70788,-3.64153,2.26344,10.60648,7.94279,13.01393,7.86249,0.2867,10.622,3.30958,2.4807,8.50136,0.16431,0.20215,-1.05538,-0.83631,-1.60885,-9.67647
relu,machine-3-7,11,ramp,W3_b05,B,0,30,0,30,0,9.18981,4.41512,0.13346,0.08398,-2.47402,2.99248,-4.84157,4.61579,-3.55624,2.24386,10.68578,8.05202,13.4203,8.45928,0.2867,10.622,3.30958,2.4807,8.50136,0.15324,0.20272,-1.04892,-0.82675,-1.58488,-9.45736
relu,machine-3-7,11,ramp,W3_b05,B,0,38,0,30,8,4.24571,3.81754,0.06657,0.07121,2.87938,3.3382,4.2387,5.19805,1.68105,2.66531,7.61875,7.53993,10.46245,8.53589,0.2867,10.622,3.30958,2.4807,8.50136,0.22013,0.21549,0.81544,0.86255,0.63071,-0.95934
relu,machine-3-7,11,ramp,W3_b05,B,0,46,8,30,8,3.60555,3.6014,0.0752,0.07609,3.36441,3.15901,5.40123,5.07269,2.72148,2.52625,7.56757,7.58753,9.93253,8.56007,0.2867,10.622,3.30958,2.4807,8.50136,0.21151,0.21061,1.06477,1.06502,1.07728,0.32854
relu,machine-3-7,11,ramp,W3_b05,B,0,62,24,30,8,3.60775,3.60517,0.0791,0.07926,3.64743,3.4517,5.57878,5.27558,2.91538,2.73287,7.43263,7.44082,10.71714,9.47875,0.2867,10.622,3.30958,2.4807,8.50136,0.2076,0.20744,1.05747,1.05671,1.06678,0.3032
relu,machine-3-7,22,level,W1,A,-16,38,16,22,0,4.22281,3.78086,0.05599,0.05583,0.86893,2.52923,-0.1619,3.46348,0.09234,1.64334,5.62048,5.45888,38.0,38.0,0.07332,6.88197,1.94063,1.87043,6.77505,0.01733,0.0175,-0.04675,0.34355,0.05619,-3.62538
relu,machine-3-7,22,level,W1,A,-8,38,8,30,0,4.28903,3.57772,0.05575,0.05436,0.69921,2.57534,-0.47285,3.5807,-0.11076,1.70663,5.67477,5.37571,38.0,38.0,0.07332,6.88197,1.94063,1.87043,6.77505,0.01758,0.01896,-0.13206,0.2715,-0.0649,-4.05356
relu,machine-3-7,22,level,W1,A,0,38,0,30,8,4.6855,3.43139,0.05599,0.05412,0.20503,2.64252,-0.85595,3.64605,-0.71646,1.75116,5.99096,5.3102,38.0,38.0,0.07332,6.88197,1.94063,1.87043,6.77505,0.01733,0.01921,-0.23476,0.07759,-0.40913,-4.502
relu,machine-3-7,22,level,W1,A,8,38,8,22,8,3.24069,3.23827,0.05404,0.05436,1.05701,2.6726,0.84779,3.77021,0.78488,1.83264,5.29168,5.23878,38.0,38.0,0.07332,6.88197,1.94063,1.87043,6.77505,0.01929,0.01896,0.22487,0.3955,0.42828,-2.92242
relu,machine-3-7,22,level,W1,A,16,38,16,14,8,3.10115,3.01635,0.05412,0.05509,1.14265,2.60305,1.07383,3.86073,0.87822,1.8886,5.24035,5.18124,38.0,38.0,0.07332,6.88197,1.94063,1.87043,6.77505,0.01921,0.01823,0.27814,0.43897,0.46501,-2.7869
relu,machine-3-7,22,level,W1,A,30,38,30,0,8,2.75791,2.74414,0.05404,0.05371,2.74283,2.653,4.04384,3.98203,2.04199,1.9331,5.08498,5.07973,38.0,38.0,0.07332,6.88197,1.94063,1.87043,6.77505,0.01929,0.01961,1.01552,1.03386,1.05633,0.06181
relu,machine-3-7,22,level,W1,B,0,16,0,16,0,6.49732,4.0294,0.06665,0.05615,-0.51943,2.48662,-2.48135,3.23037,-1.95763,1.50928,6.7893,5.59334,16.0,16.0,0.07332,6.88197,1.94063,1.87043,6.77505,0.00667,0.01717,-0.76813,-0.20889,-1.29706,-5.71172
relu,machine-3-7,22,level,W1,B,0,30,0,30,0,6.47809,3.61667,0.06665,0.05452,-0.64422,2.56029,-2.78587,3.53767,-2.17675,1.67263,6.78358,5.39805,30.0,30.0,0.07332,6.88197,1.94063,1.87043,6.77505,0.00667,0.0188,-0.78749,-0.25162,-1.3014,-6.32353
relu,machine-3-7,22,level,W1,B,0,38,0,30,8,4.6855,3.43139,0.05599,0.05412,0.20503,2.64252,-0.85595,3.64605,-0.71646,1.75116,5.99096,5.3102,38.0,38.0,0.07332,6.88197,1.94063,1.87043,6.77505,0.01733,0.01921,-0.23476,0.07759,-0.40913,-4.502
relu,machine-3-7,22,level,W1,B,0,46,8,30,8,3.31142,3.24189,0.05461,0.05379,0.85447,2.68125,0.6568,3.76729,0.62637,1.82366,5.36114,5.23237,46.0,46.0,0.07332,6.88197,1.94063,1.87043,6.77505,0.01872,0.01953,0.17434,0.31868,0.34347,-3.11048
relu,machine-3-7,22,level,W1,B,0,62,24,30,8,2.92336,2.83349,0.05501,0.05371,1.00256,2.6919,1.09311,3.96273,0.98704,1.92519,5.1797,5.06517,62.0,62.0,0.07332,6.88197,1.94063,1.87043,6.77505,0.01831,0.01961,0.27585,0.37244,0.5127,-2.86962
relu,machine-3-7,22,level,W2_f0995,A,-16,38,16,22,0,6.65297,6.56895,0.09757,0.09513,1.3842,1.97602,1.55648,2.26273,0.44315,0.92038,7.47697,7.39951,286.2777,269.70853,0.15633,8.55607,1.84256,1.71895,8.37994,0.05876,0.0612,0.68788,0.7005,0.48148,-0.70625
relu,machine-3-7,22,level,W2_f0995,A,-8,38,8,30,0,6.68003,6.53858,0.09562,0.09074,1.1726,1.97812,1.30055,2.26835,0.27205,0.92261,7.50241,7.37898,305.94956,270.21296,0.15633,8.55607,1.84256,1.71895,8.37994,0.06071,0.06559,0.57335,0.59279,0.29487,-0.9678
relu,machine-3-7,22,level,W2_f0995,A,0,38,0,30,8,6.66477,6.51304,0.09342,0.08805,1.18953,1.98089,1.31613,2.27384,0.2785,0.92512,7.48807,7.35895,304.45308,269.91618,0.15633,8.55607,1.84256,1.71895,8.37994,0.06291,0.06828,0.57882,0.6005,0.30104,-0.9577
relu,machine-3-7,22,level,W2_f0995,A,8,38,8,22,8,6.5939,6.48886,0.09001,0.08683,1.39476,1.98294,1.56432,2.27858,0.44545,0.9272,7.42813,7.34041,285.83109,269.62706,0.15633,8.55607,1.84256,1.71895,8.37994,0.06632,0.0695,0.68653,0.70338,0.48043,-0.71427
relu,machine-3-7,22,level,W2_f0995,A,16,38,16,14,8,6.52473,6.46219,0.087,0.08618,1.61164,1.98598,1.82851,2.28368,0.62114,0.92924,7.37016,7.31841,272.51845,270.22565,0.15633,8.55607,1.84256,1.71895,8.37994,0.06934,0.07015,0.80069,0.81151,0.66844,-0.45517
relu,machine-3-7,22,level,W2_f0995,A,30,38,30,0,8,6.4371,6.42175,0.08415,0.08407,1.97458,1.99158,2.26322,2.28905,0.91277,0.93071,7.28785,7.27787,268.15426,270.64328,0.15633,8.55607,1.84256,1.71895,8.37994,0.07218,0.07227,0.98872,0.99146,0.98072,-0.02583
relu,machine-3-7,22,level,W2_f0995,B,0,16,0,16,0,7.55911,7.49709,0.12492,0.12012,1.39675,1.83183,1.50861,2.02927,0.4649,0.8102,8.04894,7.99234,144.96257,120.21815,0.15633,8.55607,1.84256,1.71895,8.37994,0.03141,0.03621,0.74343,0.76249,0.57381,-0.52066
relu,machine-3-7,22,level,W2_f0995,B,0,30,0,30,0,6.99519,6.84458,0.10311,0.09928,1.11643,1.92714,1.21019,2.18618,0.23278,0.8831,7.70295,7.57362,264.57263,217.40763,0.15633,8.55607,1.84256,1.71895,8.37994,0.05322,0.05705,0.55357,0.57932,0.26359,-0.97599
relu,machine-3-7,22,level,W2_f0995,B,0,38,0,30,8,6.66477,6.51304,0.09342,0.08805,1.18953,1.98089,1.31613,2.27384,0.2785,0.92512,7.48807,7.35895,304.45308,269.91618,0.15633,8.55607,1.84256,1.71895,8.37994,0.06291,0.06828,0.57882,0.6005,0.30104,-0.9577
relu,machine-3-7,22,level,W2_f0995,B,0,46,8,30,8,6.3421,6.20838,0.08675,0.0835,1.28027,2.03274,1.44975,2.35941,0.34658,0.96709,7.27975,7.16365,343.85689,320.04159,0.15633,8.55607,1.84256,1.71895,8.37994,0.06958,0.07284,0.61445,0.62983,0.35837,-0.90966
relu,machine-3-7,22,level,W2_f0995,B,0,62,24,30,8,5.76571,5.66076,0.07479,0.07633,1.45076,2.13121,1.70063,2.52403,0.47546,1.04973,6.90834,6.81365,425.51412,414.49775,0.15633,8.55607,1.84256,1.71895,8.37994,0.08154,0.08,0.67377,0.68072,0.45293,-0.8234
relu,machine-3-7,22,level,W3_b01,A,-16,38,16,22,0,5.76257,3.09543,0.0542,0.03955,-1.45197,2.9933,-2.40039,3.88429,-2.25681,1.88117,6.81712,4.97343,9.6026,7.65491,0.08561,8.10865,1.87161,1.80395,8.01182,0.03141,0.04606,-0.61797,-0.48507,-1.19969,-6.28468
relu,machine-3-7,22,level,W3_b01,A,-8,38,8,30,0,5.9773,2.96946,0.05632,0.03988,-1.72079,2.99906,-2.84258,3.94931,-2.402,1.92196,6.96902,4.91061,9.68102,7.62029,0.08561,8.10865,1.87161,1.80395,8.01182,0.0293,0.04574,-0.71977,-0.57378,-1.24977,-6.79189
relu,machine-3-7,22,level,W3_b01,A,0,38,0,30,8,3.87442,2.85333,0.04574,0.04012,0.75232,3.02653,0.80133,4.02866,-0.70927,1.97873,5.55953,4.83807,8.23423,7.58611,0.08561,8.10865,1.87161,1.80395,8.01182,0.03988,0.04549,0.19891,0.24858,-0.35845,-3.22732
relu,machine-3-7,22,level,W3_b01,A,8,38,8,22,8,2.86576,2.69878,0.04199,0.03979,2.01852,3.04359,2.66992,4.12413,0.89893,2.0491,4.90249,4.76363,8.15997,7.54788,0.08561,8.10865,1.87161,1.80395,8.01182,0.04362,0.04582,0.64739,0.6632,0.43869,-1.45421
relu,machine-3-7,22,level,W3_b01,A,16,38,16,14,8,2.5709,2.56806,0.04093,0.04004,2.5145,3.0477,3.40899,4.19514,1.53619,2.09721,4.71967,4.70382,8.09081,7.51929,0.08561,8.10865,1.87161,1.80395,8.01182,0.04468,0.04557,0.8126,0.82505,0.73249,-0.78615
relu,machine-3-7,22,level,W3_b01,A,30,38,30,0,8,2.36545,2.37442,0.03979,0.03979,3.07408,3.06572,4.26316,4.30058,2.15557,2.17224,4.59308,4.59756,7.68505,7.57612,0.08561,8.10865,1.87161,1.80395,8.01182,0.04582,0.04582,0.9913,1.00273,0.99233,-0.03742
relu,machine-3-7,22,level,W3_b01,B,0,16,0,16,0,5.63121,3.48731,0.06982,0.04492,-1.07559,2.92247,-1.73492,3.69569,-2.01919,1.73386,6.67803,5.15169,7.78147,6.21675,0.08561,8.10865,1.87161,1.80395,8.01182,0.01579,0.04069,-0.46944,-0.36804,-1.16457,-5.43061
relu,machine-3-7,22,level,W3_b01,B,0,30,0,30,0,6.00755,2.9744,0.06217,0.04028,-1.74052,3.00329,-2.8742,3.95607,-2.43796,1.92428,6.98694,4.90891,9.29294,7.4,0.08561,8.10865,1.87161,1.80395,8.01182,0.02344,0.04533,-0.72653,-0.57954,-1.26694,-6.83027
relu,machine-3-7,22,level,W3_b01,B,0,38,0,30,8,3.87442,2.85333,0.04574,0.04012,0.75232,3.02653,0.80133,4.02866,-0.70927,1.97873,5.55953,4.83807,8.23423,7.58611,0.08561,8.10865,1.87161,1.80395,8.01182,0.03988,0.04549,0.19891,0.24858,-0.35845,-3.22732
relu,machine-3-7,22,level,W3_b01,B,0,46,8,30,8,2.92226,2.70087,0.04175,0.03979,2.01896,3.03958,2.68953,4.11943,0.84834,2.04635,4.95238,4.7678,8.09375,7.65492,0.08561,8.10865,1.87161,1.80395,8.01182,0.04386,0.04582,0.65289,0.66422,0.41456,-1.4299
relu,machine-3-7,22,level,W3_b01,B,0,62,24,30,8,2.432,2.44897,0.04045,0.04004,2.73607,3.05872,3.76886,4.26178,1.81579,2.14678,4.6465,4.64395,8.18191,7.74769,0.08561,8.10865,1.87161,1.80395,8.01182,0.04517,0.04557,0.88434,0.89451,0.84582,-0.49292
relu,machine-3-7,22,level,W3_b05,A,-16,38,16,22,0,8.48332,4.29005,0.09237,0.0507,-2.6491,3.00961,-4.02597,4.3139,-3.1305,2.08734,9.71386,7.00587,14.91346,11.86891,0.15609,11.31814,1.81882,1.84633,11.36874,0.06372,0.10539,-0.93325,-0.88021,-1.49976,-8.33987
relu,machine-3-7,22,level,W3_b05,A,-8,38,8,30,0,8.34501,4.04338,0.07349,0.04899,-2.72098,3.0948,-4.14575,4.44932,-3.18414,2.15951,9.61813,6.82772,14.74555,11.68123,0.15609,11.31814,1.81882,1.84633,11.36874,0.0826,0.1071,-0.93177,-0.87921,-1.47447,-8.59507
relu,machine-3-7,22,level,W3_b05,A,0,38,0,30,8,4.43957,4.10117,0.04631,0.04655,2.98242,3.14067,4.17385,4.4622,1.82645,2.16683,7.094,6.83673,12.53988,11.6251,0.15609,11.31814,1.81882,1.84633,11.36874,0.10978,0.10954,0.93538,0.94961,0.84292,-0.28835
relu,machine-3-7,22,level,W3_b05,A,8,38,8,22,8,3.59906,3.63905,0.04964,0.05046,3.19699,3.21074,4.57958,4.77194,2.35471,2.40355,6.5572,6.59994,12.6425,11.37633,0.15609,11.31814,1.81882,1.84633,11.36874,0.10645,0.10563,0.95969,0.99571,0.97968,-0.19236
relu,machine-3-7,22,level,W3_b05,A,16,38,16,14,8,3.3801,3.42735,0.0498,0.05062,3.11832,3.11829,4.6277,4.80464,2.36349,2.39513,6.48518,6.53339,12.59777,11.38726,0.15609,11.31814,1.81882,1.84633,11.36874,0.10628,0.10547,0.96317,1.00001,0.98679,-0.17694
relu,machine-3-7,22,level,W3_b05,A,30,38,30,0,8,3.46142,3.4991,0.04688,0.04785,3.23378,3.14846,4.78504,4.84023,2.47839,2.44885,6.48457,6.53148,12.64407,11.70999,0.15609,11.31814,1.81882,1.84633,11.36874,0.10921,0.10824,0.9886,1.0271,1.01207,-0.05519
relu,machine-3-7,22,level,W3_b05,B,0,16,0,16,0,8.64883,4.49236,0.09993,0.04785,-2.67188,2.94958,-3.96961,4.12497,-3.06382,1.94958,9.78613,7.04843,14.66711,11.57754,0.15609,11.31814,1.81882,1.84633,11.36874,0.05615,0.10824,-0.96234,-0.90585,-1.57153,-8.09458
relu,machine-3-7,22,level,W3_b05,B,0,30,0,30,0,8.31131,4.05488,0.07129,0.04875,-2.69054,3.08458,-4.10954,4.4268,-3.16413,2.14242,9.58593,6.82988,14.5184,11.67122,0.15609,11.31814,1.81882,1.84633,11.36874,0.0848,0.10734,-0.92833,-0.87226,-1.47689,-8.53634
relu,machine-3-7,22,level,W3_b05,B,0,38,0,30,8,4.43957,4.10117,0.04631,0.04655,2.98242,3.14067,4.17385,4.4622,1.82645,2.16683,7.094,6.83673,12.53988,11.6251,0.15609,11.31814,1.81882,1.84633,11.36874,0.10978,0.10954,0.93538,0.94961,0.84292,-0.28835
relu,machine-3-7,22,level,W3_b05,B,0,46,8,30,8,3.66488,3.64215,0.04997,0.05029,3.5953,3.21231,5.22442,4.78075,2.69238,2.40954,6.64258,6.61136,11.92475,11.39516,0.15609,11.31814,1.81882,1.84633,11.36874,0.10612,0.10579,1.0928,1.11922,1.11738,0.44367
relu,machine-3-7,22,level,W3_b05,B,0,62,24,30,8,3.31481,3.30767,0.05339,0.05396,3.56465,3.19316,5.42084,4.97984,2.82696,2.54248,6.49365,6.46928,12.20541,11.71807,0.15609,11.31814,1.81882,1.84633,11.36874,0.1027,0.10213,1.08856,1.11634,1.11189,0.441
relu,machine-3-7,22,ramp,W1,A,-16,38,16,22,0,3.41308,3.01937,0.02205,0.02148,0.96593,2.60608,-0.00586,3.56034,0.4243,1.69061,5.2082,5.03968,38.0,38.0,0.02238,5.61574,2.99964,2.32744,4.02453,0.00033,0.0009,-0.00165,0.37065,0.25097,-3.5662
relu,machine-3-7,22,ramp,W1,A,-8,38,8,30,0,3.51063,2.92471,0.02311,0.02124,0.8618,2.66033,-0.17636,3.62671,0.30029,1.72921,5.26134,4.99724,38.0,38.0,0.02238,5.61574,2.99964,2.32744,4.02453,-0.00073,0.00114,-0.04863,0.32394,0.17366,-3.80307
relu,machine-3-7,22,ramp,W1,A,0,38,0,30,8,3.72602,2.88631,0.02165,0.02262,0.50077,2.65788,-0.34496,3.6941,-0.04855,1.7739,5.46986,4.96054,38.0,38.0,0.02238,5.61574,2.99964,2.32744,4.02453,0.00073,-0.00024,-0.09338,0.18841,-0.02737,-4.03906
relu,machine-3-7,22,ramp,W1,A,8,38,8,22,8,2.83597,2.70537,0.0214,0.02262,1.26163,2.69031,0.72918,3.81637,0.87225,1.85884,4.90577,4.87204,38.0,38.0,0.02238,5.61574,2.99964,2.32744,4.02453,0.00098,-0.00024,0.19107,0.46895,0.46925,-3.08719
relu,machine-3-7,22,ramp,W1,A,16,38,16,14,8,2.61695,2.53562,0.02035,0.02051,1.31314,2.70191,1.02236,3.87607,1.0812,1.89916,4.85386,4.82056,38.0,38.0,0.02238,5.61574,2.99964,2.32744,4.02453,0.00203,0.00187,0.26376,0.486,0.5693,-2.85371
relu,machine-3-7,22,ramp,W1,A,30,38,30,0,8,2.41273,2.37968,0.02051,0.02043,2.74363,2.74312,4.11362,3.98614,1.9916,1.94352,4.76478,4.74713,38.0,38.0,0.02238,5.61574,2.99964,2.32744,4.02453,0.00187,0.00195,1.03198,1.00018,1.02474,0.12748
relu,machine-3-7,22,ramp,W1,B,0,16,0,16,0,4.13573,3.28807,0.02368,0.0214,0.25089,2.52259,-0.56069,3.33883,-0.06046,1.5663,5.71823,5.15028,16.0,16.0,0.02238,5.61574,2.99964,2.32744,4.02453,-0.0013,0.00098,-0.16793,0.09946,-0.0386,-3.89952
relu,machine-3-7,22,ramp,W1,B,0,30,0,30,0,4.12512,2.96733,0.02466,0.021,0.12849,2.65361,-0.82029,3.58701,-0.23172,1.69709,5.72942,5.01173,30.0,30.0,0.02238,5.61574,2.99964,2.32744,4.02453,-0.00228,0.00138,-0.22868,0.04842,-0.13654,-4.4073
relu,machine-3-7,22,ramp,W1,B,0,38,0,30,8,3.72602,2.88631,0.02165,0.02262,0.50077,2.65788,-0.34496,3.6941,-0.04855,1.7739,5.46986,4.96054,38.0,38.0,0.02238,5.61574,2.99964,2.32744,4.02453,0.00073,-0.00024,-0.09338,0.18841,-0.02737,-4.03906
relu,machine-3-7,22,ramp,W1,B,0,46,8,30,8,2.9104,2.69824,0.02132,0.02262,1.18314,2.6836,0.51907,3.82204,0.69392,1.8617,4.94111,4.86836,46.0,46.0,0.02238,5.61574,2.99964,2.32744,4.02453,0.00106,-0.00024,0.13581,0.44088,0.37273,-3.30297
relu,machine-3-7,22,ramp,W1,B,0,62,24,30,8,2.50205,2.40029,0.02043,0.02059,1.27646,2.74031,0.969,4.01546,1.11421,1.97332,4.81209,4.7579,62.0,62.0,0.02238,5.61574,2.99964,2.32744,4.02453,0.00195,0.00179,0.24132,0.46581,0.56464,-3.04646
relu,machine-3-7,22,ramp,W2_f0995,A,-16,38,16,22,0,5.33241,5.23531,0.12174,0.12199,1.55627,2.10091,1.90748,2.61848,0.58972,1.09128,7.19684,7.14848,197.11661,159.64465,0.1814,7.75283,2.33348,1.96297,6.2391,0.05965,0.05941,0.72847,0.74076,0.54039,-0.711
relu,machine-3-7,22,ramp,W2_f0995,A,-8,38,8,30,0,5.35101,5.19189,0.11995,0.11987,1.36529,2.10591,1.65108,2.62777,0.40837,1.09475,7.20228,7.11903,225.89362,162.0502,0.1814,7.75283,2.33348,1.96297,6.2391,0.06144,0.06152,0.62832,0.64831,0.37303,-0.97669
relu,machine-3-7,22,ramp,W2_f0995,A,0,38,0,30,8,5.31442,5.14859,0.11784,0.11735,1.38994,2.11493,1.68144,2.64187,0.4239,1.10193,7.175,7.08755,224.61725,164.28009,0.1814,7.75283,2.33348,1.96297,6.2391,0.06356,0.06405,0.63646,0.6572,0.38469,-0.96043
relu,machine-3-7,22,ramp,W2_f0995,A,8,38,8,22,8,5.22034,5.10725,0.11532,0.1158,1.58031,2.11973,1.93809,2.65068,0.60496,1.10518,7.11557,7.05847,201.9273,167.29262,0.1814,7.75283,2.33348,1.96297,6.2391,0.06608,0.06559,0.73117,0.74553,0.54739,-0.71259
relu,machine-3-7,22,ramp,W2_f0995,A,16,38,16,14,8,5.13159,5.06553,0.11198,0.11247,1.78309,2.12685,2.20941,2.66226,0.79208,1.11052,7.05972,7.02763,183.30957,170.8153,0.1814,7.75283,2.33348,1.96297,6.2391,0.06942,0.06893,0.8299,0.83837,0.71325,-0.45285
relu,machine-3-7,22,ramp,W2_f0995,A,30,38,30,0,8,5.01293,5.00015,0.1049,0.10449,2.12786,2.14027,2.66135,2.68118,1.10564,1.11953,6.98099,6.97332,175.00144,176.22953,0.1814,7.75283,2.33348,1.96297,6.2391,0.0765,0.0769,0.9926,0.9942,0.9876,-0.01983
relu,machine-3-7,22,ramp,W2_f0995,B,0,16,0,16,0,5.80945,5.74039,0.13485,0.1346,1.62583,2.02923,1.94256,2.46563,0.64669,1.01176,7.48383,7.44959,111.18065,72.0589,0.1814,7.75283,2.33348,1.96297,6.2391,0.04655,0.04679,0.78786,0.8012,0.63918,-0.52307
relu,machine-3-7,22,ramp,W2_f0995,B,0,30,0,30,0,5.51989,5.35225,0.12215,0.12166,1.33424,2.08285,1.58974,2.57667,0.37807,1.06748,7.30209,7.21333,205.49676,131.51281,0.1814,7.75283,2.33348,1.96297,6.2391,0.05924,0.05973,0.61698,0.64058,0.35417,-0.98692
relu,machine-3-7,22,ramp,W2_f0995,B,0,38,0,30,8,5.31442,5.14859,0.11784,0.11735,1.38994,2.11493,1.68144,2.64187,0.4239,1.10193,7.175,7.08755,224.61725,164.28009,0.1814,7.75283,2.33348,1.96297,6.2391,0.06356,0.06405,0.63646,0.6572,0.38469,-0.96043
relu,machine-3-7,22,ramp,W2_f0995,B,0,46,8,30,8,5.10241,4.9544,0.11182,0.11239,1.45534,2.14225,1.79003,2.70143,0.48385,1.13256,7.04511,6.96892,244.69139,196.65893,0.1814,7.75283,2.33348,1.96297,6.2391,0.06958,0.06901,0.66263,0.67935,0.42722,-0.91139
relu,machine-3-7,22,ramp,W2_f0995,B,0,62,24,30,8,4.70638,4.58892,0.10726,0.10596,1.58064,2.19907,2.00273,2.82577,0.60368,1.1998,6.80237,6.74549,290.39682,259.77612,0.1814,7.75283,2.33348,1.96297,6.2391,0.07414,0.07544,0.70874,0.71878,0.50315,-0.82304
relu,machine-3-7,22,ramp,W3_b01,A,-16,38,16,22,0,5.61851,2.73342,0.06771,0.05835,-1.08097,2.76299,-2.67221,4.0389,-2.45387,1.96315,6.94112,5.43819,7.20103,4.13184,0.09749,6.9956,2.73742,2.23351,5.40405,0.02979,0.03914,-0.66162,-0.39123,-1.24997,-6.71111
relu,machine-3-7,22,ramp,W3_b01,A,-8,38,8,30,0,5.90349,2.65975,0.0673,0.05412,-1.34854,2.78382,-3.12827,4.07482,-2.56394,1.98578,7.10889,5.38554,7.51493,4.2117,0.09749,6.9956,2.73742,2.23351,5.40405,0.03019,0.04338,-0.76771,-0.48442,-1.29115,-7.20309
relu,machine-3-7,22,ramp,W3_b01,A,0,38,0,30,8,3.77106,2.51899,0.05298,0.05135,0.64255,2.86508,0.46011,4.22789,-1.01593,2.11024,5.84956,5.27863,5.5979,4.29252,0.09749,6.9956,2.73742,2.23351,5.40405,0.04451,0.04614,0.10883,0.22427,-0.48143,-3.76778
relu,machine-3-7,22,ramp,W3_b01,A,8,38,8,22,8,2.64123,2.35399,0.04606,0.04647,1.68259,2.87711,2.43048,4.2888,0.66529,2.14479,5.28492,5.19156,5.24415,4.36781,0.09749,6.9956,2.73742,2.23351,5.40405,0.05143,0.05103,0.5667,0.58482,0.31019,-1.85832
relu,machine-3-7,22,ramp,W3_b01,A,16,38,16,14,8,2.28911,2.23617,0.04191,0.04264,2.16613,2.90007,3.28174,4.34695,1.39623,2.18427,5.11828,5.12213,5.08446,4.41747,0.09749,6.9956,2.73742,2.23351,5.40405,0.05558,0.05485,0.75495,0.74692,0.63922,-1.06521
relu,machine-3-7,22,ramp,W3_b01,A,30,38,30,0,8,2.06664,2.06901,0.03792,0.03825,2.92677,2.97274,4.40175,4.46159,2.235,2.27751,4.97427,4.97915,4.72813,4.65127,0.09749,6.9956,2.73742,2.23351,5.40405,0.05957,0.05924,0.98659,0.98454,0.98133,-0.05984
relu,machine-3-7,22,ramp,W3_b01,B,0,16,0,16,0,5.46158,3.12964,0.06844,0.0603,-0.6874,2.68701,-1.90779,3.81068,-2.14732,1.79957,6.87649,5.65172,6.03005,3.3736,0.09749,6.9956,2.73742,2.23351,5.40405,0.02905,0.03719,-0.50064,-0.25583,-1.19324,-5.71847
relu,machine-3-7,22,ramp,W3_b01,B,0,30,0,30,0,5.97294,2.68597,0.06779,0.05396,-1.37425,2.7824,-3.1592,4.06479,-2.58014,1.97787,7.16227,5.40052,7.29986,4.06378,0.09749,6.9956,2.73742,2.23351,5.40405,0.0297,0.04354,-0.77721,-0.49391,-1.30451,-7.22399
relu,machine-3-7,22,ramp,W3_b01,B,0,38,0,30,8,3.77106,2.51899,0.05298,0.05135,0.64255,2.86508,0.46011,4.22789,-1.01593,2.11024,5.84956,5.27863,5.5979,4.29252,0.09749,6.9956,2.73742,2.23351,5.40405,0.04451,0.04614,0.10883,0.22427,-0.48143,-3.76778
relu,machine-3-7,22,ramp,W3_b01,B,0,46,8,30,8,2.69912,2.34544,0.04574,0.04631,1.7299,2.87634,2.45884,4.29152,0.59321,2.14753,5.30457,5.18645,5.17662,4.45099,0.09749,6.9956,2.73742,2.23351,5.40405,0.05176,0.05119,0.57295,0.60142,0.27623,-1.83267
relu,machine-3-7,22,ramp,W3_b01,B,0,62,24,30,8,2.14726,2.14407,0.03841,0.03955,2.43024,2.94963,3.69705,4.41854,1.73049,2.24608,5.024,5.04425,5.26699,4.71368,0.09749,6.9956,2.73742,2.23351,5.40405,0.05908,0.05794,0.83671,0.82391,0.77045,-0.72149
relu,machine-3-7,22,ramp,W3_b05,A,-16,38,16,22,0,8.99231,3.81482,0.13444,0.1106,-2.5713,3.40579,-5.21246,5.18627,-3.87163,2.61894,10.30072,7.70899,13.26735,7.64236,0.22437,10.39502,3.48901,2.75902,8.32168,0.08993,0.11377,-1.00505,-0.75498,-1.47832,-10.39873
relu,machine-3-7,22,ramp,W3_b05,A,-8,38,8,30,0,9.23341,4.28024,0.12996,0.09855,-2.48192,3.23532,-5.01466,4.7134,-3.71256,2.27789,10.42277,7.85023,13.64063,8.21219,0.22437,10.39502,3.48901,2.75902,8.32168,0.0944,0.12581,-1.06392,-0.76713,-1.62982,-9.72806
relu,machine-3-7,22,ramp,W3_b05,A,0,38,0,30,8,4.28119,3.89428,0.0835,0.09131,3.1118,3.49186,4.43671,5.25514,1.85181,2.69639,7.59556,7.57723,9.86822,8.0723,0.22437,10.39502,3.48901,2.75902,8.32168,0.14087,0.13306,0.84426,0.89116,0.68677,-0.81843
relu,machine-3-7,22,ramp,W3_b05,A,8,38,8,22,8,3.42497,3.45644,0.07739,0.08089,2.87598,3.48551,4.4475,5.24527,2.16111,2.64815,7.28836,7.35749,9.46822,8.00592,0.22437,10.39502,3.48901,2.75902,8.32168,0.14697,0.14347,0.84791,0.82512,0.81608,-0.79776
relu,machine-3-7,22,ramp,W3_b05,A,16,38,16,14,8,3.32366,3.37462,0.07715,0.07878,2.86255,3.47212,4.47681,5.29024,2.16255,2.65774,7.28071,7.35785,9.25397,7.79583,0.22437,10.39502,3.48901,2.75902,8.32168,0.14722,0.14559,0.84624,0.82444,0.81368,-0.81343
relu,machine-3-7,22,ramp,W3_b05,A,30,38,30,0,8,3.34884,3.37807,0.07503,0.07788,3.24791,3.61122,4.85827,5.3427,2.45893,2.74381,7.17544,7.21149,9.58365,8.71112,0.22437,10.39502,3.48901,2.75902,8.32168,0.14933,0.14648,0.90933,0.89939,0.89618,-0.48442
relu,machine-3-7,22,ramp,W3_b05,B,0,16,0,16,0,9.21685,4.25039,0.13379,0.11198,-2.45739,3.15376,-5.02122,4.72903,-3.68077,2.29483,10.42897,7.95474,12.99927,7.437,0.22437,10.39502,3.48901,2.75902,8.32168,0.09058,0.11239,-1.06179,-0.77919,-1.60394,-9.75026
relu,machine-3-7,22,ramp,W3_b05,B,0,30,0,30,0,9.18061,4.26195,0.13354,0.09709,-2.4513,3.21292,-4.97223,4.69941,-3.67401,2.26874,10.39299,7.82983,13.23821,7.9061,0.22437,10.39502,3.48901,2.75902,8.32168,0.09082,0.12728,-1.05806,-0.76295,-1.61941,-9.67164
relu,machine-3-7,22,ramp,W3_b05,B,0,38,0,30,8,4.28119,3.89428,0.0835,0.09131,3.1118,3.49186,4.43671,5.25514,1.85181,2.69639,7.59556,7.57723,9.86822,8.0723,0.22437,10.39502,3.48901,2.75902,8.32168,0.14087,0.13306,0.84426,0.89116,0.68677,-0.81843
relu,machine-3-7,22,ramp,W3_b05,B,0,46,8,30,8,3.46432,3.46338,0.08114,0.08187,3.66803,3.47351,5.56666,5.22999,2.84506,2.64217,7.35631,7.35918,9.47496,8.2455,0.22437,10.39502,3.48901,2.75902,8.32168,0.14323,0.1425,1.06437,1.056,1.07679,0.33666
relu,machine-3-7,22,ramp,W3_b05,B,0,62,24,30,8,3.55736,3.55983,0.08049,0.08293,3.81074,3.62748,5.66726,5.3485,2.97308,2.77465,7.37102,7.36932,10.07216,8.95125,0.22437,10.39502,3.48901,2.75902,8.32168,0.14388,0.14144,1.0596,1.05052,1.07151,0.31876
relu,machine-3-7,33,level,W1,A,-16,38,16,22,0,4.2572,3.83512,0.05819,0.05981,0.92225,2.49155,-0.23541,3.3654,0.06963,1.62062,5.63624,5.50286,38.0,38.0,0.07292,6.9075,1.8897,1.83472,6.8678,0.01473,0.0131,-0.06995,0.37015,0.04297,-3.60081
relu,machine-3-7,33,level,W1,A,-8,38,8,30,0,4.32179,3.67293,0.05884,0.05737,0.74335,2.46122,-0.49016,3.43696,-0.10425,1.6546,5.69457,5.45217,38.0,38.0,0.07292,6.9075,1.8897,1.83472,6.8678,0.01408,0.01554,-0.14261,0.30202,-0.06301,-3.92712
relu,machine-3-7,33,level,W1,A,0,38,0,30,8,4.56959,3.49635,0.05998,0.05583,0.2031,2.55171,-0.67408,3.55322,-0.58127,1.69574,5.93305,5.36115,38.0,38.0,0.07292,6.9075,1.8897,1.83472,6.8678,0.01294,0.01709,-0.18971,0.0796,-0.34278,-4.2273
relu,machine-3-7,33,level,W1,A,8,38,8,22,8,3.23661,3.27107,0.05493,0.05607,1.0832,2.59278,0.89647,3.67716,0.82676,1.77815,5.30182,5.27239,38.0,38.0,0.07292,6.9075,1.8897,1.83472,6.8678,0.01799,0.01685,0.24379,0.41778,0.46496,-2.78069
relu,machine-3-7,33,level,W1,A,16,38,16,14,8,3.04629,3.04409,0.05469,0.05575,1.20809,2.60797,1.18879,3.76991,1.0389,1.82634,5.22187,5.2039,38.0,38.0,0.07292,6.9075,1.8897,1.83472,6.8678,0.01823,0.01717,0.31534,0.46323,0.56884,-2.58111
relu,machine-3-7,33,level,W1,A,30,38,30,0,8,2.73143,2.73198,0.05436,0.05477,2.49539,2.6072,4.07553,3.89784,2.05727,1.92563,5.09631,5.09027,38.0,38.0,0.07292,6.9075,1.8897,1.83472,6.8678,0.01855,0.01815,1.04559,0.95712,1.06836,0.1777
relu,machine-3-7,33,level,W1,B,0,16,0,16,0,6.45232,4.05185,0.06698,0.06063,-0.38687,2.44327,-2.44099,3.1627,-1.88194,1.4975,6.76159,5.61419,16.0,16.0,0.07292,6.9075,1.8897,1.83472,6.8678,0.00594,0.01229,-0.77181,-0.15834,-1.25672,-5.60368
relu,machine-3-7,33,level,W1,B,0,30,0,30,0,6.42458,3.69168,0.06616,0.05762,-0.54689,2.44434,-2.70578,3.42348,-2.09295,1.64241,6.74984,5.47079,30.0,30.0,0.07292,6.9075,1.8897,1.83472,6.8678,0.00675,0.0153,-0.79036,-0.22374,-1.27432,-6.12926
relu,machine-3-7,33,level,W1,B,0,38,0,30,8,4.56959,3.49635,0.05998,0.05583,0.2031,2.55171,-0.67408,3.55322,-0.58127,1.69574,5.93305,5.36115,38.0,38.0,0.07292,6.9075,1.8897,1.83472,6.8678,0.01294,0.01709,-0.18971,0.0796,-0.34278,-4.2273
relu,machine-3-7,33,level,W1,B,0,46,8,30,8,3.32014,3.29266,0.05485,0.0555,0.83934,2.60324,0.69315,3.66445,0.64113,1.7768,5.37387,5.27912,46.0,46.0,0.07292,6.9075,1.8897,1.83472,6.8678,0.01807,0.01742,0.18916,0.32242,0.36083,-2.97129
relu,machine-3-7,33,level,W1,B,0,62,24,30,8,2.87987,2.87054,0.05412,0.05387,1.00217,2.67606,1.17507,3.84724,1.06804,1.89729,5.18278,5.10316,62.0,62.0,0.07292,6.9075,1.8897,1.83472,6.8678,0.0188,0.01904,0.30543,0.37449,0.56293,-2.67217
relu,machine-3-7,33,level,W2_f0995,A,-16,38,16,22,0,6.61003,6.51852,0.10075,0.09578,1.38056,1.97651,1.57543,2.29779,0.44695,0.93852,7.48444,7.40167,285.56467,268.90068,0.15804,8.56359,1.85666,1.72312,8.37042,0.05729,0.06226,0.68563,0.69848,0.47623,-0.72236
relu,machine-3-7,33,level,W2_f0995,A,-8,38,8,30,0,6.64117,6.48835,0.10018,0.09375,1.16685,1.97887,1.31378,2.30422,0.27123,0.94127,7.51161,7.38045,305.2739,269.40185,0.15804,8.56359,1.85666,1.72312,8.37042,0.05786,0.06429,0.57016,0.58966,0.28815,-0.99043
relu,machine-3-7,33,level,W2_f0995,A,0,38,0,30,8,6.62504,6.46252,0.0988,0.09237,1.18369,1.9816,1.33046,2.3102,0.27816,0.9441,7.49614,7.35919,303.80337,269.10596,0.15804,8.56359,1.85666,1.72312,8.37042,0.05924,0.06567,0.57591,0.59734,0.29463,-0.97974
relu,machine-3-7,33,level,W2_f0995,A,8,38,8,22,8,6.55004,6.43809,0.09538,0.09204,1.39199,1.98392,1.58725,2.31588,0.45192,0.94685,7.43328,7.33916,285.11932,268.92112,0.15804,8.56359,1.85666,1.72312,8.37042,0.06266,0.066,0.68538,0.70164,0.47729,-0.72863
relu,machine-3-7,33,level,W2_f0995,A,16,38,16,14,8,6.47675,6.41022,0.09269,0.09082,1.61045,1.98671,1.85788,2.32139,0.63296,0.94907,7.37135,7.31506,271.93728,269.67997,0.15804,8.56359,1.85666,1.72312,8.37042,0.06535,0.06722,0.80033,0.81061,0.66692,-0.46351
relu,machine-3-7,33,level,W2_f0995,A,30,38,30,0,8,6.38551,6.3703,0.08903,0.08887,1.97485,1.9918,2.30128,2.32709,0.93273,0.95097,7.28313,7.27275,267.7554,270.17885,0.15804,8.56359,1.85666,1.72312,8.37042,0.06901,0.06917,0.98891,0.99149,0.98083,-0.0258
relu,machine-3-7,33,level,W2_f0995,B,0,16,0,16,0,7.53045,7.46281,0.12484,0.12191,1.39603,1.83391,1.51929,2.05378,0.46624,0.82299,8.05801,7.99817,144.66304,119.80989,0.15804,8.56359,1.85666,1.72312,8.37042,0.0332,0.03613,0.73975,0.76123,0.56652,-0.53449
relu,machine-3-7,33,level,W2_f0995,B,0,30,0,30,0,6.96085,6.79822,0.10677,0.10002,1.11116,1.92843,1.21862,2.21886,0.22953,0.89998,7.71281,7.5759,264.07396,216.73869,0.15804,8.56359,1.85666,1.72312,8.37042,0.05127,0.05802,0.54921,0.5762,0.25503,-1.00024
relu,machine-3-7,33,level,W2_f0995,B,0,38,0,30,8,6.62504,6.46252,0.0988,0.09237,1.18369,1.9816,1.33046,2.3102,0.27816,0.9441,7.49614,7.35919,303.80337,269.10596,0.15804,8.56359,1.85666,1.72312,8.37042,0.05924,0.06567,0.57591,0.59734,0.29463,-0.97974
relu,machine-3-7,33,level,W2_f0995,B,0,46,8,30,8,6.29869,6.15555,0.09277,0.0874,1.27492,2.03296,1.46952,2.39855,0.34956,0.98779,7.28497,7.16175,343.04082,319.17139,0.15804,8.56359,1.85666,1.72312,8.37042,0.06527,0.07064,0.61267,0.62712,0.35388,-0.92903
relu,machine-3-7,33,level,W2_f0995,B,0,62,24,30,8,5.71862,5.60636,0.07967,0.07959,1.44522,2.12997,1.72811,2.56656,0.48375,1.07306,6.90869,6.8081,424.40082,413.49634,0.15804,8.56359,1.85666,1.72312,8.37042,0.07837,0.07845,0.67332,0.67852,0.45082,-0.83845
relu,machine-3-7,33,level,W3_b01,A,-16,38,16,22,0,5.6835,3.02571,0.05933,0.03955,-1.47266,2.94263,-2.38119,3.84534,-2.22259,1.85197,6.64759,4.81679,9.47262,7.48109,0.08781,7.94699,1.95682,1.80415,7.8053,0.02848,0.04826,-0.61924,-0.50046,-1.20012,-6.22653
relu,machine-3-7,33,level,W3_b01,A,-8,38,8,30,0,5.89576,2.89401,0.06274,0.03979,-1.74141,2.9541,-2.81627,3.91914,-2.36755,1.89825,6.80475,4.75926,9.56812,7.43892,0.08781,7.94699,1.95682,1.80415,7.8053,0.02507,0.04801,-0.71859,-0.58949,-1.24723,-6.73541
relu,machine-3-7,33,level,W3_b01,A,0,38,0,30,8,3.82165,2.7879,0.04508,0.0402,0.68141,2.98319,0.76498,3.99743,-0.70792,1.95466,5.43528,4.69527,8.11977,7.41458,0.08781,7.94699,1.95682,1.80415,7.8053,0.04272,0.04761,0.19137,0.22842,-0.36217,-3.23246
relu,machine-3-7,33,level,W3_b01,A,8,38,8,22,8,2.83216,2.64031,0.04126,0.03988,1.92699,3.00402,2.60892,4.0935,0.86828,2.02491,4.79322,4.6227,8.02148,7.36898,0.08781,7.94699,1.95682,1.80415,7.8053,0.04655,0.04793,0.63733,0.64147,0.4288,-1.48457
relu,machine-3-7,33,level,W3_b01,A,16,38,16,14,8,2.52933,2.5104,0.04045,0.03988,2.41942,3.00768,3.35315,4.16461,1.50261,2.07211,4.60455,4.56463,7.93153,7.33965,0.08781,7.94699,1.95682,1.80415,7.8053,0.04736,0.04793,0.80515,0.80441,0.72516,-0.81145
relu,machine-3-7,33,level,W3_b01,A,30,38,30,0,8,2.33273,2.33722,0.03923,0.03939,3.0153,3.03229,4.22023,4.26599,2.12301,2.14446,4.47325,4.46883,7.49606,7.38831,0.08781,7.94699,1.95682,1.80415,7.8053,0.04858,0.04842,0.98927,0.99439,0.99,-0.04575
relu,machine-3-7,33,level,W3_b01,B,0,16,0,16,0,5.56141,3.41745,0.06991,0.04297,-1.06893,2.8685,-1.70384,3.6729,-1.9648,1.71842,6.55142,5.03487,7.67882,6.07945,0.08781,7.94699,1.95682,1.80415,7.8053,0.0179,0.04484,-0.4639,-0.37264,-1.14338,-5.37674
relu,machine-3-7,33,level,W3_b01,B,0,30,0,30,0,5.93393,2.90316,0.06885,0.03988,-1.76573,2.95987,-2.84546,3.92633,-2.3983,1.90118,6.84009,4.76365,9.18987,7.22134,0.08781,7.94699,1.95682,1.80415,7.8053,0.01896,0.04793,-0.72471,-0.59656,-1.26148,-6.77179
relu,machine-3-7,33,level,W3_b01,B,0,38,0,30,8,3.82165,2.7879,0.04508,0.0402,0.68141,2.98319,0.76498,3.99743,-0.70792,1.95466,5.43528,4.69527,8.11977,7.41458,0.08781,7.94699,1.95682,1.80415,7.8053,0.04272,0.04761,0.19137,0.22842,-0.36217,-3.23246
relu,machine-3-7,33,level,W3_b01,B,0,46,8,30,8,2.8825,2.64175,0.04134,0.03963,1.9339,2.99689,2.62871,4.08607,0.81721,2.0199,4.83281,4.62767,7.95398,7.47451,0.08781,7.94699,1.95682,1.80415,7.8053,0.04647,0.04818,0.64334,0.6453,0.40458,-1.45736
relu,machine-3-7,33,level,W3_b01,B,0,62,24,30,8,2.40667,2.41188,0.03996,0.03955,2.64594,3.01795,3.6993,4.21892,1.77227,2.11253,4.53398,4.51283,8.02006,7.5519,0.08781,7.94699,1.95682,1.80415,7.8053,0.04785,0.04826,0.87683,0.87673,0.83893,-0.51963
relu,machine-3-7,33,level,W3_b05,A,-16,38,16,22,0,8.30028,4.08286,0.18058,0.06844,-2.87782,2.70596,-4.07695,4.03084,-3.10786,1.90729,9.48802,6.62907,14.12322,11.19154,0.27669,10.96063,1.63013,1.5228,10.81333,0.09611,0.20825,-1.01144,-1.06351,-1.62947,-8.10779
relu,machine-3-7,33,level,W3_b05,A,-8,38,8,30,0,8.14289,3.75836,0.17415,0.06348,-2.90322,2.84021,-4.16268,4.26358,-3.19157,2.03919,9.38108,6.48896,13.94287,10.9637,0.27669,10.96063,1.63013,1.5228,10.81333,0.10254,0.21322,-0.97633,-1.02219,-1.56512,-8.42627
relu,machine-3-7,33,level,W3_b05,A,0,38,0,30,8,4.2439,3.82066,0.07072,0.06657,2.54268,2.87337,3.877,4.30935,1.60944,2.09196,6.8083,6.48812,11.85287,11.14886,0.27669,10.96063,1.63013,1.5228,10.81333,0.20597,0.21012,0.89967,0.88491,0.76935,-0.43234
relu,machine-3-7,33,level,W3_b05,A,8,38,8,22,8,3.36631,3.3889,0.07015,0.06787,2.82319,2.91241,4.35008,4.54189,2.1859,2.25297,6.28524,6.2719,11.98211,10.80149,0.27669,10.96063,1.63013,1.5228,10.81333,0.20654,0.20882,0.95777,0.96937,0.97023,-0.19181
relu,machine-3-7,33,level,W3_b05,A,16,38,16,14,8,3.14516,3.16906,0.0708,0.06828,2.7374,2.83745,4.42433,4.61027,2.22157,2.27678,6.22933,6.21045,11.98797,10.80214,0.27669,10.96063,1.63013,1.5228,10.81333,0.20589,0.20841,0.95967,0.96474,0.97575,-0.18594
relu,machine-3-7,33,level,W3_b05,A,30,38,30,0,8,3.26643,3.27549,0.06071,0.05924,2.89869,2.9107,4.50727,4.58108,2.26249,2.26262,6.18653,6.16538,11.95253,11.10507,0.27669,10.96063,1.63013,1.5228,10.81333,0.21598,0.21745,0.98389,0.99587,0.99994,-0.07381
relu,machine-3-7,33,level,W3_b05,B,0,16,0,16,0,8.4792,4.2948,0.20345,0.07349,-2.90827,2.67906,-4.03067,3.88159,-3.05524,1.81335,9.56812,6.71053,13.76291,10.93549,0.27669,10.96063,1.63013,1.5228,10.81333,0.07324,0.20321,-1.03841,-1.08556,-1.68486,-7.91226
relu,machine-3-7,33,level,W3_b05,B,0,30,0,30,0,8.13441,3.75631,0.17269,0.06413,-2.89994,2.83022,-4.15894,4.25412,-3.19152,2.0306,9.37993,6.48635,13.69966,10.93481,0.27669,10.96063,1.63013,1.5228,10.81333,0.104,0.21257,-0.97763,-1.02463,-1.57172,-8.41306
relu,machine-3-7,33,level,W3_b05,B,0,38,0,30,8,4.2439,3.82066,0.07072,0.06657,2.54268,2.87337,3.877,4.30935,1.60944,2.09196,6.8083,6.48812,11.85287,11.14886,0.27669,10.96063,1.63013,1.5228,10.81333,0.20597,0.21012,0.89967,0.88491,0.76935,-0.43234
relu,machine-3-7,33,level,W3_b05,B,0,46,8,30,8,3.40776,3.39292,0.07096,0.06779,3.27519,2.91073,4.99811,4.5406,2.54217,2.25137,6.321,6.29327,11.31213,10.81282,0.27669,10.96063,1.63013,1.5228,10.81333,0.20573,0.2089,1.10076,1.12521,1.12916,0.4575
relu,machine-3-7,33,level,W3_b05,B,0,62,24,30,8,3.1957,3.19057,0.07113,0.06934,3.22445,2.87588,5.09266,4.6482,2.59603,2.31137,6.20459,6.17592,11.57983,11.11972,0.27669,10.96063,1.63013,1.5228,10.81333,0.20557,0.20736,1.09562,1.1212,1.12315,0.44446
relu,machine-3-7,33,ramp,W1,A,-16,38,16,22,0,3.45569,3.07121,0.02181,0.0214,0.90965,2.55935,0.03085,3.53951,0.40315,1.67711,5.25278,5.06324,38.0,38.0,0.0223,5.64287,3.03756,2.31861,4.04387,0.00049,0.0009,0.00872,0.35542,0.24038,-3.50866
relu,machine-3-7,33,ramp,W1,A,-8,38,8,30,0,3.51828,2.9438,0.02197,0.02124,0.78728,2.60805,-0.12783,3.64871,0.35198,1.74921,5.30851,5.00973,38.0,38.0,0.0223,5.64287,3.03756,2.31861,4.04387,0.00033,0.00106,-0.03503,0.30187,0.20122,-3.77654
relu,machine-3-7,33,ramp,W1,A,0,38,0,30,8,3.69053,2.88587,0.02173,0.02116,0.61358,2.64126,-0.25723,3.72521,-0.02878,1.80963,5.44716,4.96263,38.0,38.0,0.0223,5.64287,3.03756,2.31861,4.04387,0.00057,0.00114,-0.06905,0.23231,-0.0159,-3.98244
relu,machine-3-7,33,ramp,W1,A,8,38,8,22,8,2.87139,2.70187,0.02091,0.02091,1.21869,2.66817,0.69454,3.82874,0.81393,1.86705,4.94912,4.8938,38.0,38.0,0.0223,5.64287,3.03756,2.31861,4.04387,0.00138,0.00138,0.1814,0.45675,0.43595,-3.1342
relu,machine-3-7,33,ramp,W1,A,16,38,16,14,8,2.64065,2.56179,0.02035,0.02059,1.27007,2.66928,0.99534,3.87616,1.01362,1.88401,4.88374,4.85109,38.0,38.0,0.0223,5.64287,3.03756,2.31861,4.04387,0.00195,0.00171,0.25678,0.47581,0.53801,-2.88083
relu,machine-3-7,33,ramp,W1,A,30,38,30,0,8,2.45392,2.42224,0.02035,0.02026,2.63599,2.67619,4.06167,3.95434,1.91853,1.93318,4.78971,4.77203,38.0,38.0,0.0223,5.64287,3.03756,2.31861,4.04387,0.00195,0.00203,1.02714,0.98498,0.99242,0.10733
relu,machine-3-7,33,ramp,W1,B,0,16,0,16,0,4.01434,3.31869,0.02254,0.02124,0.53991,2.53652,-0.24941,3.40384,0.10134,1.57406,5.65123,5.15838,16.0,16.0,0.0223,5.64287,3.03756,2.31861,4.04387,-0.00024,0.00106,-0.07327,0.21285,0.06438,-3.65324
relu,machine-3-7,33,ramp,W1,B,0,30,0,30,0,4.007,3.00781,0.02246,0.02116,0.36494,2.61099,-0.63305,3.60298,-0.0945,1.71249,5.65912,5.02277,30.0,30.0,0.0223,5.64287,3.03756,2.31861,4.04387,-0.00016,0.00114,-0.1757,0.13977,-0.05519,-4.23603
relu,machine-3-7,33,ramp,W1,B,0,38,0,30,8,3.69053,2.88587,0.02173,0.02116,0.61358,2.64126,-0.25723,3.72521,-0.02878,1.80963,5.44716,4.96263,38.0,38.0,0.0223,5.64287,3.03756,2.31861,4.04387,0.00057,0.00114,-0.06905,0.23231,-0.0159,-3.98244
relu,machine-3-7,33,ramp,W1,B,0,46,8,30,8,2.91237,2.70247,0.02091,0.02083,1.12254,2.67318,0.53575,3.82945,0.67588,1.87004,4.9719,4.88936,46.0,46.0,0.0223,5.64287,3.03756,2.31861,4.04387,0.00138,0.00146,0.1399,0.41993,0.36143,-3.2937
relu,machine-3-7,33,ramp,W1,B,0,62,24,30,8,2.53039,2.42945,0.02026,0.02051,1.21519,2.67446,0.9609,3.987,1.04809,1.98444,4.85284,4.79841,62.0,62.0,0.0223,5.64287,3.03756,2.31861,4.04387,0.00203,0.00179,0.24101,0.45437,0.52815,-3.02609
relu,machine-3-7,33,ramp,W2_f0995,A,-16,38,16,22,0,5.27908,5.18406,0.11629,0.11759,1.52423,2.08726,1.9001,2.63303,0.58415,1.0996,7.15915,7.11148,195.46779,158.31307,0.18441,7.73697,2.33458,1.94757,6.22741,0.06812,0.06681,0.72164,0.73026,0.53124,-0.73294
relu,machine-3-7,33,ramp,W2_f0995,A,-8,38,8,30,0,5.295,5.13772,0.11401,0.11361,1.3288,2.09252,1.6377,2.64338,0.3994,1.1037,7.16273,7.07985,224.57005,160.70307,0.18441,7.73697,2.33458,1.94757,6.22741,0.07039,0.0708,0.61955,0.63502,0.36187,-1.00568
relu,machine-3-7,33,ramp,W2_f0995,A,0,38,0,30,8,5.25621,5.09196,0.11198,0.11035,1.35567,2.10148,1.67001,2.65795,0.41541,1.1112,7.13416,7.04686,223.43705,162.76223,0.18441,7.73697,2.33458,1.94757,6.22741,0.07243,0.07406,0.62831,0.6451,0.37384,-0.98794
relu,machine-3-7,33,ramp,W2_f0995,A,8,38,8,22,8,5.15711,5.04747,0.10994,0.10897,1.55066,2.10656,1.93444,2.6678,0.60136,1.11504,7.07139,7.01569,201.02376,165.83802,0.18441,7.73697,2.33458,1.94757,6.22741,0.07446,0.07544,0.72511,0.73611,0.53932,-0.73335
relu,machine-3-7,33,ramp,W2_f0995,A,16,38,16,14,8,5.06582,5.00257,0.10881,0.10767,1.759,2.11328,2.21358,2.67984,0.79323,1.12059,7.01378,6.98303,182.00814,169.36869,0.18441,7.73697,2.33458,1.94757,6.22741,0.0756,0.07674,0.82601,0.83235,0.70787,-0.46626
relu,machine-3-7,33,ramp,W2_f0995,A,30,38,30,0,8,4.9448,4.93204,0.10539,0.10514,2.11548,2.12692,2.6802,2.69964,1.11604,1.13004,6.93279,6.92511,173.16463,174.56726,0.18441,7.73697,2.33458,1.94757,6.22741,0.07902,0.07926,0.9928,0.99462,0.98761,-0.01944
relu,machine-3-7,33,ramp,W2_f0995,B,0,16,0,16,0,5.77011,5.7014,0.13135,0.13151,1.59512,2.01527,1.93112,2.47477,0.63866,1.01714,7.45237,7.41838,110.32793,71.49943,0.18441,7.73697,2.33458,1.94757,6.22741,0.05306,0.0529,0.78032,0.79152,0.6279,-0.54365
relu,machine-3-7,33,ramp,W2_f0995,B,0,30,0,30,0,5.46687,5.30018,0.11711,0.11849,1.29571,2.06912,1.57211,2.59053,0.36648,1.07538,7.26351,7.17479,204.53086,130.33695,0.18441,7.73697,2.33458,1.94757,6.22741,0.0673,0.06592,0.60687,0.62621,0.34079,-1.01842
relu,machine-3-7,33,ramp,W2_f0995,B,0,38,0,30,8,5.25621,5.09196,0.11198,0.11035,1.35567,2.10148,1.67001,2.65795,0.41541,1.1112,7.13416,7.04686,223.43705,162.76223,0.18441,7.73697,2.33458,1.94757,6.22741,0.07243,0.07406,0.62831,0.6451,0.37384,-0.98794
relu,machine-3-7,33,ramp,W2_f0995,B,0,46,8,30,8,5.03946,4.89381,0.10946,0.10929,1.4247,2.12998,1.78457,2.72023,0.47915,1.14358,7.00166,6.92602,242.98627,194.80036,0.18441,7.73697,2.33458,1.94757,6.22741,0.07495,0.07511,0.65604,0.66888,0.41899,-0.93566
relu,machine-3-7,33,ramp,W2_f0995,B,0,62,24,30,8,4.63751,4.52303,0.11027,0.10832,1.55593,2.18849,2.00617,2.84818,0.60464,1.21325,6.7561,6.70005,287.91864,257.35685,0.18441,7.73697,2.33458,1.94757,6.22741,0.07414,0.07609,0.70437,0.71096,0.49837,-0.84201
relu,machine-3-7,33,ramp,W3_b01,A,-16,38,16,22,0,5.5553,2.66549,0.04582,0.02824,-1.1104,2.71517,-2.65993,4.02773,-2.43665,1.9354,6.72548,5.18374,7.16502,4.04851,0.05729,6.75001,2.76239,2.21983,5.26385,0.01147,0.02905,-0.6604,-0.40896,-1.25899,-6.68765
relu,machine-3-7,33,ramp,W3_b01,A,-8,38,8,30,0,5.8531,2.59873,0.04785,0.02694,-1.38433,2.73259,-3.12472,4.05373,-2.53535,1.94766,6.90849,5.13334,7.49915,4.13451,0.05729,6.75001,2.76239,2.21983,5.26385,0.00944,0.03035,-0.77083,-0.5066,-1.30174,-7.17845
relu,machine-3-7,33,ramp,W3_b01,A,0,38,0,30,8,3.75061,2.46083,0.03133,0.02588,0.54199,2.81045,0.38288,4.20728,-1.08239,2.07518,5.67578,5.03108,5.59531,4.20989,0.05729,6.75001,2.76239,2.21983,5.26385,0.02596,0.03141,0.091,0.19285,-0.52159,-3.82441
relu,machine-3-7,33,ramp,W3_b01,A,8,38,8,22,8,2.61508,2.31937,0.02596,0.02441,1.56943,2.81992,2.3497,4.25542,0.59949,2.10322,5.09098,4.95164,5.22284,4.27842,0.05729,6.75001,2.76239,2.21983,5.26385,0.03133,0.03288,0.55217,0.55655,0.28504,-1.90571
relu,machine-3-7,33,ramp,W3_b01,A,16,38,16,14,8,2.25653,2.19986,0.02547,0.0249,2.06805,2.84666,3.21117,4.31983,1.33886,2.15152,4.90074,4.87879,5.04507,4.33373,0.05729,6.75001,2.76239,2.21983,5.26385,0.03182,0.03239,0.74336,0.72649,0.62229,-1.10866
relu,machine-3-7,33,ramp,W3_b01,A,30,38,30,0,8,2.03894,2.04072,0.02303,0.02295,2.88691,2.9282,4.38786,4.44064,2.2169,2.25358,4.74017,4.73974,4.60912,4.53279,0.05729,6.75001,2.76239,2.21983,5.26385,0.03426,0.03434,0.98811,0.9859,0.98373,-0.05278
relu,machine-3-7,33,ramp,W3_b01,B,0,16,0,16,0,5.39606,3.06065,0.04354,0.0284,-0.73693,2.63802,-1.90596,3.7909,-2.14623,1.76385,6.67661,5.41188,6.00829,3.29914,0.05729,6.75001,2.76239,2.21983,5.26385,0.01375,0.02889,-0.50277,-0.27935,-1.21679,-5.69686
relu,machine-3-7,33,ramp,W3_b01,B,0,30,0,30,0,5.91745,2.62552,0.04899,0.02702,-1.4134,2.72994,-3.1514,4.04278,-2.5487,1.93954,6.96888,5.15074,7.28874,3.98684,0.05729,6.75001,2.76239,2.21983,5.26385,0.0083,0.03027,-0.77951,-0.51774,-1.31407,-7.19419
relu,machine-3-7,33,ramp,W3_b01,B,0,38,0,30,8,3.75061,2.46083,0.03133,0.02588,0.54199,2.81045,0.38288,4.20728,-1.08239,2.07518,5.67578,5.03108,5.59531,4.20989,0.05729,6.75001,2.76239,2.21983,5.26385,0.02596,0.03141,0.091,0.19285,-0.52159,-3.82441
relu,machine-3-7,33,ramp,W3_b01,B,0,46,8,30,8,2.69144,2.31253,0.02637,0.0245,1.62009,2.82264,2.35653,4.2588,0.50261,2.10505,5.11316,4.94729,5.18009,4.36843,0.05729,6.75001,2.76239,2.21983,5.26385,0.03092,0.0328,0.55333,0.57396,0.23876,-1.90227
relu,machine-3-7,33,ramp,W3_b01,B,0,62,24,30,8,2.12587,2.11969,0.0249,0.02417,2.34625,2.89939,3.61694,4.38791,1.66392,2.20971,4.80514,4.80708,5.23694,4.61269,0.05729,6.75001,2.76239,2.21983,5.26385,0.03239,0.03312,0.8243,0.80922,0.75301,-0.77097
relu,machine-3-7,33,ramp,W3_b05,A,-16,38,16,22,0,9.04433,3.62619,0.19474,0.0708,-2.90777,3.10702,-5.38629,5.03812,-3.89453,2.45375,9.98828,6.94658,12.46183,7.19522,0.24365,9.32242,3.10981,2.40894,7.65074,0.04891,0.17285,-1.06911,-0.93587,-1.58717,-10.42441
relu,machine-3-7,33,ramp,W3_b05,A,-8,38,8,30,0,9.37236,4.25587,0.22811,0.0686,-2.84811,2.86142,-5.18152,4.45234,-3.713,2.06234,10.20305,7.23426,12.92595,7.83392,0.24365,9.32242,3.10981,2.40894,7.65074,0.01554,0.17505,-1.16377,-0.99535,-1.80039,-9.63386
relu,machine-3-7,33,ramp,W3_b05,A,0,38,0,30,8,4.0477,3.67513,0.06185,0.05461,2.85458,3.27736,4.37697,5.18779,1.73904,2.60212,6.95294,6.79078,9.26856,7.52035,0.24365,9.32242,3.10981,2.40894,7.65074,0.1818,0.18905,0.84371,0.871,0.66831,-0.81083
relu,machine-3-7,33,ramp,W3_b05,A,8,38,8,22,8,3.25982,3.30778,0.059,0.05778,2.67542,3.13454,4.45949,5.07493,2.1408,2.48395,6.65711,6.68863,8.77214,7.37654,0.24365,9.32242,3.10981,2.40894,7.65074,0.18465,0.18587,0.87873,0.85353,0.86185,-0.61544
relu,machine-3-7,33,ramp,W3_b05,A,16,38,16,14,8,3.15748,3.20173,0.06063,0.05933,2.74015,3.22146,4.49136,5.15953,2.16121,2.54729,6.56794,6.59479,8.64013,7.28831,0.24365,9.32242,3.10981,2.40894,7.65074,0.18302,0.18433,0.8705,0.85059,0.84843,-0.66817
relu,machine-3-7,33,ramp,W3_b05,A,30,38,30,0,8,3.2675,3.28905,0.0555,0.05436,3.09645,3.3367,4.92442,5.26948,2.50905,2.6981,6.56027,6.57007,8.80807,8.03374,0.24365,9.32242,3.10981,2.40894,7.65074,0.18815,0.18929,0.93452,0.928,0.92993,-0.34506
relu,machine-3-7,33,ramp,W3_b05,B,0,16,0,16,0,9.37798,4.02613,0.23039,0.06551,-2.91012,2.90799,-5.31781,4.51713,-3.78514,2.07212,10.20895,7.13687,12.25102,6.91328,0.24365,9.32242,3.10981,2.40894,7.65074,0.01326,0.17814,-1.17725,-1.00073,-1.8267,-9.83494
relu,machine-3-7,33,ramp,W3_b05,B,0,30,0,30,0,9.35471,4.22851,0.23438,0.0682,-2.84477,2.84688,-5.18264,4.45516,-3.70548,2.06187,10.19591,7.21056,12.50312,7.51358,0.24365,9.32242,3.10981,2.40894,7.65074,0.00928,0.17546,-1.16329,-0.99926,-1.79714,-9.63781
relu,machine-3-7,33,ramp,W3_b05,B,0,38,0,30,8,4.0477,3.67513,0.06185,0.05461,2.85458,3.27736,4.37697,5.18779,1.73904,2.60212,6.95294,6.79078,9.26856,7.52035,0.24365,9.32242,3.10981,2.40894,7.65074,0.1818,0.18905,0.84371,0.871,0.66831,-0.81083
relu,machine-3-7,33,ramp,W3_b05,B,0,46,8,30,8,3.35641,3.35886,0.05729,0.05786,3.46067,3.13439,5.46837,5.03254,2.72602,2.45111,6.71896,6.70864,9.10446,7.69884,0.24365,9.32242,3.10981,2.40894,7.65074,0.18636,0.18579,1.0866,1.10409,1.11216,0.43583
relu,machine-3-7,33,ramp,W3_b05,B,0,62,24,30,8,3.49567,3.49693,0.05697,0.05835,3.62912,3.31063,5.59158,5.17531,2.88101,2.61434,6.74245,6.72243,9.62734,8.34623,0.24365,9.32242,3.10981,2.40894,7.65074,0.18669,0.1853,1.08043,1.0962,1.102,0.41626
