machine,phi_seed,op,episode,start,length,A_no_update,B_always,C_threshold,D_quarantine,E_rollback,E_value,rand_C,rand_D,rand_E,absorb_B,r_C_threshold,r_D_quarantine,r_E_rollback,r_E_value,r_rand_E,w_C_threshold,w_D_quarantine,w_E_rollback,E_rb
machine-1-6,11,W1,0,246,6,7.134397904078166,7.132356882095337,7.132356882095337,7.132356882095337,7.132356882095337,7.132356882095337,7.132356882095337,7.1439982652664185,7.123561918735504,0.9997139181175103,0.9997139181175103,0.9997139181175103,0.9997139181175103,0.9997139181175103,0.9984811633037081,0.0,0.0,1.0,0
machine-1-6,11,W1,1,653,5,16.154987716674803,16.224052810668944,16.224052810668944,16.224052810668944,16.224052810668944,16.224052810668944,16.154987716674803,16.224052810668944,16.17795181274414,1.0042751560821586,1.0042751560821586,1.0042751560821586,1.0042751560821586,1.0042751560821586,1.0014214864456774,0.0,0.0,1.0,0
machine-1-6,11,W1,2,2092,8,10.810843169689178,9.862013161182404,10.810843169689178,10.810843169689178,9.862013161182404,9.862013161182404,9.862013161182404,9.862013161182404,9.862013161182404,0.9122334869155211,1.0,1.0,0.9122334869155211,0.9122334869155211,0.9122334869155211,0.5,0.5,1.0,0
machine-1-6,11,W1,3,2884,4,2.852798879146576,1.6725498735904694,1.7731052041053772,1.7731052041053772,1.6725498735904694,1.6725498735904694,2.1881557404994965,1.6725498735904694,1.8040956556797028,0.5862838371875756,0.6215317935892514,0.6215317935892514,0.5862838371875756,0.5862838371875756,0.6323949679268677,1.0,1.0,1.0,0
machine-1-6,11,W1,4,3534,5,17.342463302612305,19.101478385925297,17.23251724243164,17.23251724243164,19.101478385925297,19.101478385925297,19.101478385925297,17.84355945587158,19.101478385925297,1.1014282142403629,0.9936602973717059,0.9936602973717059,1.1014282142403629,1.1014282142403629,1.1014282142403629,0.0,0.0,1.0,0
machine-1-6,11,W1,5,4647,398,11.2994432509245,4.541593804431321,4.764940913897663,4.764940913897663,4.541593804431321,4.541593804431321,4.6270533575484505,4.531205580761684,4.595717607431077,0.40193075920441795,0.4216969640081872,0.4216969640081872,0.40193075920441795,0.40193075920441795,0.4067207122842148,0.6959798994974874,0.6959798994974874,1.0,0
machine-1-6,11,W1,6,5167,5,23.041897583007813,18.18843803405762,20.764048862457276,20.764048862457276,18.18843803405762,18.18843803405762,20.304806995391846,18.18843803405762,18.911670017242432,0.7893637218260459,0.9011431800551735,0.9011431800551735,0.7893637218260459,0.7893637218260459,0.8207514137719627,0.0,0.0,1.0,0
machine-1-6,11,W1,7,5708,5,18.351106452941895,11.93352427482605,10.511345767974854,10.511345767974854,11.93352427482605,11.93352427482605,11.443210649490355,11.93352427482605,11.897795820236206,0.6502890877684908,0.5727908447879863,0.5727908447879863,0.6502890877684908,0.6502890877684908,0.6483421504172492,0.2,0.2,1.0,0
machine-1-6,11,W1,8,5873,12,19.138209104537964,13.130737741788227,13.916930158933004,13.916930158933004,13.130737741788227,13.130737741788227,13.339203476905825,13.24745233853658,12.997711022694906,0.6861006518459832,0.7271803794657613,0.7271803794657613,0.6861006518459832,0.6861006518459832,0.67914980715792,0.0,0.0,1.0,0
machine-1-6,11,W1,9,6022,5,17.024270439147948,8.425092411041259,8.398511505126953,8.398511505126953,8.425092411041259,8.425092411041259,7.903472852706909,7.922774124145508,8.425092411041259,0.49488713429196024,0.4933257806933248,0.4933257806933248,0.49488713429196024,0.49488713429196024,0.49488713429196024,0.0,0.0,1.0,0
machine-1-6,11,W1,10,6412,7,18.432398796081543,18.61257212502616,17.15132863180978,17.15132863180978,18.61257212502616,18.61257212502616,17.56077902657645,18.645393235342844,18.61257212502616,1.0097748172084318,0.9304989991566317,0.9304989991566317,1.0097748172084318,1.0097748172084318,1.0097748172084318,0.0,0.0,0.0,1
machine-1-6,11,W1,11,7851,5,23.693983459472655,19.97898178100586,23.58493881225586,23.58493881225586,20.797420501708984,20.797420501708984,21.742012786865235,20.802478981018066,19.06509475708008,0.8432090709938616,0.9953977917050837,0.9953977917050837,0.8777511192781031,0.8777511192781031,0.8046386454894741,0.0,0.0,0.0,1
machine-1-6,11,W1,12,9291,7,20.1634886605399,16.204672472817556,21.508670125688827,21.508670125688827,19.148066452571324,19.148066452571324,16.59315456662859,17.50996310370309,16.83284384863717,0.8036641250742597,1.0667137263692594,1.0667137263692594,0.9496405495564979,0.9496405495564979,0.8348180283692263,0.0,0.0,0.0,1
machine-1-6,11,W1,13,10731,5,20.003709030151366,16.653889083862303,23.0053035736084,23.0053035736084,18.182096004486084,18.182096004486084,18.012011528015137,17.936257457733156,15.549323415756223,0.8325400583841768,1.1500518998218163,1.1500518998218163,0.9089362366289379,0.9089362366289379,0.7773220152482173,0.0,0.0,1.0,0
machine-1-6,11,W1,14,11467,4,26.37303137779236,18.51552987098694,20.735724449157715,20.735724449157715,16.753523588180542,16.753523588180542,17.267879247665405,16.580978393554688,15.254284143447876,0.7020630129981229,0.7862472899728323,0.7862472899728323,0.6352521008369175,0.6352521008369175,0.5784046560644097,0.0,0.0,1.0,0
machine-1-6,11,W1,15,12171,5,20.785797691345216,13.581822776794434,22.55683879852295,22.55683879852295,14.231735229492188,14.231735229492188,13.615504264831545,14.691844177246091,13.3320424079895,0.6534184051281144,1.0852043849111048,1.0852043849111048,0.6846855454298005,0.6846855454298005,0.6414015283878516,0.0,0.0,1.0,0
machine-1-6,11,W1,16,13069,4,21.875165224075317,15.160512566566467,14.752914369106293,14.752914369106293,15.160512566566467,15.160512566566467,15.167620420455933,15.279337763786316,14.762410044670103,0.6930467683910861,0.6744138486720807,0.6744138486720807,0.6930467683910861,0.6930467683910861,0.6748479334191692,0.25,0.25,1.0,0
machine-1-6,11,W1,17,13277,3,14.668095588684082,6.164621591567993,6.164621591567993,6.164621591567993,6.164621591567993,6.164621591567993,6.245235045750936,6.247737487157186,6.164621591567993,0.4202741626747907,0.4202741626747907,0.4202741626747907,0.4202741626747907,0.4202741626747907,0.4202741626747907,1.0,1.0,1.0,0
machine-1-6,11,W1,18,13613,6,15.632290363311768,9.17288819948832,15.34775447845459,15.34775447845459,12.684484362602234,12.684484362602234,9.817925771077476,11.625500599543251,8.605088194211325,0.5867910578872464,0.9817981960260302,0.9817981960260302,0.8114284003048017,0.8114284003048017,0.5504688049044337,0.0,0.0,1.0,0
machine-1-6,11,W1,19,14603,4,24.629935026168823,14.916642308235168,17.230559587478638,17.230559587478638,14.916642308235168,14.916642308235168,15.459294438362122,14.916642308235168,14.664892494678496,0.6056305992032268,0.6995779554096064,0.6995779554096064,0.6056305992032268,0.6056305992032268,0.5954093049412162,0.0,0.0,1.0,0
machine-1-6,11,W1,20,15052,3,26.704846064249676,22.919788996378585,26.74338722229004,26.74338722229004,21.402093251546223,21.402093251546223,21.468469619750977,22.155766169230144,23.928488731384277,0.8582632882899024,1.00144322711869,1.00144322711869,0.8014310661089203,0.8014310661089203,0.8960354489149381,0.0,0.0,1.0,0
machine-1-6,11,W1,21,15397,4,20.244518756866455,15.359320044517515,14.885505497455595,14.885505497455595,16.171557307243347,16.171557307243347,14.965118169784546,16.18237340450287,15.126638650894163,0.758690301754296,0.7352857173948276,0.7352857173948276,0.7988116438558631,0.7988116438558631,0.7471967515040865,0.0,0.0,1.0,0
machine-1-6,11,W1,22,15802,3,22.894890785217285,15.66824984550476,14.120593786239624,14.120593786239624,15.66824984550476,15.66824984550476,13.074491103490194,15.673622210820517,14.62239400545756,0.6843557365043819,0.6167574206275303,0.6167574206275303,0.6843557365043819,0.6843557365043819,0.6386749839793475,0.0,0.0,1.0,0
machine-1-6,11,W1,23,16491,8,18.26199460029602,12.595756471157074,19.803999185562137,19.803999185562137,16.022846221923828,16.022846221923828,14.586662709712982,14.426036834716797,13.667209029197693,0.689725122958524,1.084437906100417,1.084437906100417,0.8773875237956813,0.8773875237956813,0.748396291223093,0.0,0.0,1.0,0
machine-1-6,11,W1,24,16718,3,18.31035772959391,13.695879459381104,12.48687998453776,12.48687998453776,13.932581424713137,13.932581424713137,13.099003314971924,13.866883436838783,13.695879459381104,0.7479853567931822,0.6819571834118773,0.6819571834118773,0.7609125736628705,0.7609125736628705,0.7479853567931822,0.0,0.0,1.0,0
machine-1-6,11,W1,25,16972,4,21.20720076560974,13.48196029663086,15.8142471909523,15.8142471909523,13.48196029663086,13.48196029663086,13.674874365329742,13.48196029663086,13.741649568080902,0.6357255936622068,0.7457017720413708,0.7457017720413708,0.6357255936622068,0.6357255936622068,0.6479709283633882,0.0,0.0,1.0,0
machine-1-6,11,W1,26,17931,8,20.376879334449768,10.96873927116394,21.303555727005005,21.303555727005005,13.70955240726471,13.70955240726471,11.914328515529633,13.510441660881042,14.374901294708252,0.5382933809997028,1.045476855280218,1.045476855280218,0.6727994106578884,0.6727994106578884,0.7054515590326733,0.0,0.0,1.0,0
machine-1-6,11,W1,27,18600,3161,29.229936348716883,7.95889232619508,20.962373005668788,11.925284551804822,20.380001235407992,18.367796948121267,8.050218452422236,7.975818586854835,8.031528198504063,0.27228565369573426,0.7171542474668776,0.40798188574667593,0.6972304349989671,0.6283899057798518,0.27477063592225803,0.030686491616577,0.6836444163239481,0.0547295159759569,6
machine-1-6,11,W1,28,22252,8,16.32886517047882,14.08857262134552,15.338334560394289,15.338334560394289,14.08857262134552,14.08857262134552,14.424777507781982,14.135984539985657,13.974390387535095,0.8628016995826779,0.9393386741979274,0.9393386741979274,0.8628016995826779,0.8628016995826779,0.8558090376543489,0.0,0.0,1.0,0
machine-1-6,11,W1,29,22417,3,20.815892537434895,16.432625611623127,14.570104122161863,14.570104122161863,16.432625611623127,16.432625611623127,14.803112983703612,16.627448479334515,16.600072860717773,0.7894269045668358,0.699950967558046,0.699950967558046,0.7894269045668358,0.7894269045668358,0.7974711067932603,0.0,0.0,1.0,0
machine-1-6,11,W2_f0995,0,246,6,14.374334255854288,10.497100094954172,10.497100094954172,10.497100094954172,10.497100094954172,10.497100094954172,10.596394300460815,10.53872255484263,10.653540849685667,0.7302668706676958,0.7302668706676958,0.7302668706676958,0.7302668706676958,0.7302668706676958,0.7411502098155788,0.0,0.0,1.0,0
machine-1-6,11,W2_f0995,1,653,5,29.734782028198243,29.750729370117188,30.11004753112793,30.11004753112793,29.750729370117188,29.750729370117188,29.77291679382324,29.72857780456543,29.730159759521484,1.0005363194491832,1.0126204221902084,1.0126204221902084,1.0005363194491832,1.0005363194491832,0.9998445501072658,0.0,0.0,1.0,0
machine-1-6,11,W2_f0995,2,2092,8,28.42329180240631,27.767203390598297,28.15810453891754,28.15810453891754,27.767203390598297,27.767203390598297,27.748486876487732,27.750945508480072,27.75336444377899,0.9769172263237832,0.9906700720897388,0.9906700720897388,0.9769172263237832,0.9769172263237832,0.9764303387769251,0.0,0.0,1.0,0
machine-1-6,11,W2_f0995,3,2884,4,7.112886548042297,2.6449230909347534,2.6994434595108032,2.6994434595108032,2.6449230909347534,2.6449230909347534,3.1342669129371643,2.803284108638763,2.70466411113739,0.3718494697012599,0.3795144828021726,0.3795144828021726,0.3718494697012599,0.3718494697012599,0.3802484536860501,1.0,1.0,1.0,0
machine-1-6,11,W2_f0995,4,3534,5,28.70804119110107,24.68660440444946,25.402363777160645,25.402363777160645,24.68660440444946,24.68660440444946,24.685739612579347,24.84792470932007,24.685049629211427,0.8599194992134059,0.8848518646070105,0.8848518646070105,0.8599194992134059,0.8599194992134059,0.8598653410342503,0.0,0.0,1.0,0
machine-1-6,11,W2_f0995,5,4647,398,14.706888321057036,5.713394211764312,5.95645537508193,5.95645537508193,5.715187855102309,5.715005319322174,6.08561278707418,5.823280130199452,5.759678516555671,0.3884842318129244,0.40501126037338525,0.40501126037338525,0.3886061912171737,0.38859377963314923,0.39163134925755,0.7763819095477387,0.7763819095477387,1.0,0
machine-1-6,11,W2_f0995,6,5167,5,26.8842472076416,20.049696063995363,20.30868558883667,20.30868558883667,20.050580310821537,20.050346422195435,20.3463228225708,20.057038354873654,20.07475028038025,0.7457785932832972,0.7554120980952784,0.7554120980952784,0.7458114841736146,0.7458027843344748,0.7467105225350772,0.0,0.0,1.0,0
machine-1-6,11,W2_f0995,7,5708,5,23.212691879272462,12.333934020996091,13.169512844085691,13.169512844085691,12.334607315063476,12.334499645233157,12.51121482849121,12.403860473632813,12.553071212768554,0.5313444078413652,0.5673410439676441,0.5673410439676441,0.5313734132695545,0.5313687748660948,0.5407848119492634,0.2,0.2,1.0,0
machine-1-6,11,W2_f0995,8,5873,12,25.164083003997803,14.12522280216217,14.42074433962504,14.42074433962504,14.125348567962646,14.125325242678324,14.187717398007711,14.287209550539652,14.387312531471252,0.5613247579861386,0.5730685412750397,0.5730685412750397,0.5613297558158015,0.5613288288881515,0.5717399886650171,0.0,0.0,1.0,0
machine-1-6,11,W2_f0995,9,6022,5,23.7159969329834,8.422432231903077,8.515028619766236,8.515028619766236,8.422465610504151,8.422460556030273,9.367390489578248,8.42008080482483,8.438337373733521,0.35513717832327113,0.3590415635416036,0.3590415635416036,0.3551385857530818,0.3551383726279962,0.35580782868114513,0.0,0.0,1.0,0
machine-1-6,11,W2_f0995,10,6412,7,31.908131735665457,22.86651829310826,23.04444898877825,23.04444898877825,22.86652033669608,22.866519587380544,22.972950867244176,22.957844802311488,22.883382320404053,0.7166360751716813,0.7222124184419175,0.7222124184419175,0.7166361392176692,0.7166361157341403,0.7171645933386331,0.0,0.0,1.0,0
machine-1-6,11,W2_f0995,11,7851,5,30.38903732299805,23.744327449798583,23.74480609893799,23.74480609893799,23.744327449798583,23.744327449798583,23.73661699295044,23.775200271606444,23.737528133392335,0.7813451672530991,0.7813609179705147,0.7813609179705147,0.7813451672530991,0.7813451672530991,0.7811214248444805,0.0,0.0,1.0,0
machine-1-6,11,W2_f0995,12,9291,7,29.20285415649414,21.46535812105451,21.500405311584473,21.500405311584473,21.46535812105451,21.46535812105451,21.448126111711776,21.405851568494523,21.356837885720388,0.7350431572895089,0.7362432862338288,0.7362432862338288,0.7350431572895089,0.7350431572895089,0.7313270741028253,0.2857142857142857,0.2857142857142857,1.0,0
machine-1-6,11,W2_f0995,13,10731,5,30.095043182373047,23.39635181427002,23.397684574127197,23.397684574127197,23.39635181427002,23.39635181427002,23.42976732254028,23.431978607177733,23.391788959503177,0.7774154591668267,0.77745974419573,0.77745974419573,0.7774154591668267,0.7774154591668267,0.7772638443397872,0.0,0.0,1.0,0
machine-1-6,11,W2_f0995,14,11467,4,30.249481201171875,21.56776535511017,21.617534637451172,21.617534637451172,21.56776535511017,21.56776535511017,21.64630961418152,21.618192315101624,21.60245442390442,0.7129962068332804,0.7146415005826183,0.7146415005826183,0.7129962068332804,0.7129962068332804,0.7141429725765853,0.0,0.0,1.0,0
machine-1-6,11,W2_f0995,15,12171,5,30.78984680175781,24.26069860458374,24.273896884918212,24.273896884918212,24.26069860458374,24.26069860458374,24.210151863098144,24.29886989593506,24.254995155334473,0.7879447650645239,0.7883734219662438,0.7883734219662438,0.7879447650645239,0.7879447650645239,0.7877595270772747,0.0,0.0,1.0,0
machine-1-6,11,W2_f0995,16,13069,4,26.68714904785156,14.809989035129547,14.875206053256989,14.875206053256989,14.809989035129547,14.809989035129547,15.208505034446716,14.863235771656036,14.949741840362549,0.5549483389392551,0.5573921000922544,0.5573921000922544,0.5549483389392551,0.5549483389392551,0.5601850468761883,0.25,0.25,1.0,0
machine-1-6,11,W2_f0995,17,13277,3,18.99627685546875,6.612278858820598,6.517828623453776,6.517828623453776,6.612278858820598,6.612278858820598,6.55409820874532,6.465938965479533,6.5109396775563555,0.3480828853532433,0.34311084603809555,0.34311084603809555,0.3480828853532433,0.3480828853532433,0.34274819887571556,1.0,1.0,1.0,0
machine-1-6,11,W2_f0995,18,13613,6,27.499876340230305,19.25173783302307,19.610465208689373,19.610465208689373,19.25173783302307,19.25173783302307,19.603739261627197,19.254066069920857,19.348855177561443,0.7000663419296613,0.7131110324303785,0.7131110324303785,0.7000663419296613,0.7000663419296613,0.7035978976114698,0.5,0.5,1.0,0
machine-1-6,11,W2_f0995,19,14603,4,29.750056743621823,17.171817243099213,17.17375284433365,17.17375284433365,17.171817243099213,17.171817243099213,17.30056941509247,17.175797939300537,17.22508668899536,0.5772028400174637,0.5772679021197351,0.5772679021197351,0.5772028400174637,0.5772028400174637,0.5789934062121842,0.0,0.0,1.0,0
machine-1-6,11,W2_f0995,20,15052,3,33.950242360432945,26.401978492736816,26.458073616027832,26.458073616027832,26.401978492736816,26.401978492736816,26.356666882832844,26.36066246032715,26.428836504618328,0.77766686353635,0.7793191381415054,0.7793191381415054,0.77766686353635,0.77766686353635,0.7784579628044016,0.0,0.0,1.0,0
machine-1-6,11,W2_f0995,21,15397,4,24.99084782600403,15.187438666820526,15.243338286876678,15.243338286876678,15.187438666820526,15.187438666820526,15.296834945678713,15.241729497909546,15.189201951026917,0.6077200250492245,0.6099568287161248,0.6099568287161248,0.6077200250492245,0.6077200250492245,0.6077905822475503,0.0,0.0,1.0,0
machine-1-6,11,W2_f0995,22,15802,3,27.533036549886067,14.0881028175354,14.100275357564293,14.100275357564293,14.0881028175354,14.0881028175354,14.244702657063804,14.163758834203083,14.15635085105896,0.5116799519010444,0.5121220586046343,0.5121220586046343,0.5116799519010444,0.5116799519010444,0.5141587207575018,0.0,0.0,1.0,0
machine-1-6,11,W2_f0995,23,16491,8,31.77819561958313,24.135571718215942,24.292177379131317,24.292177379131317,24.135571718215942,24.135571718215942,24.096136808395386,24.12241768836975,24.267786979675293,0.7595010115471293,0.764429096917051,0.764429096917051,0.7595010115471293,0.7595010115471293,0.7636615769562577,0.0,0.0,1.0,0
machine-1-6,11,W2_f0995,24,16718,3,22.0875981648763,12.819696505864462,13.003714402516684,13.003714402516684,12.819696505864462,12.819696505864462,13.11188268661499,12.987259229024252,13.050434112548828,0.5804024688501597,0.5887337457630495,0.5887337457630495,0.5804024688501597,0.5804024688501597,0.5908489467769125,0.3333333333333333,0.3333333333333333,1.0,0
machine-1-6,11,W2_f0995,25,16972,4,27.260947227478027,16.329351544380188,16.4028662443161,16.4028662443161,16.329351544380188,16.329351544380188,16.203398942947388,16.304888606071472,16.31272268295288,0.5990016197207119,0.6016983235190969,0.6016983235190969,0.5990016197207119,0.5990016197207119,0.5983916313263781,0.0,0.0,1.0,0
machine-1-6,11,W2_f0995,26,17931,8,32.90616273880005,24.76573818922043,24.94347482919693,24.94347482919693,24.76573818922043,24.76573818922043,24.78516310453415,24.72978800535202,24.762237548828125,0.7526170214924164,0.7580183392147933,0.7580183392147933,0.7526170214924164,0.7526170214924164,0.7525106389761659,0.0,0.0,1.0,0
machine-1-6,11,W2_f0995,27,18600,3161,35.06295790335906,10.99404473438251,23.36757458994865,15.597331583330202,22.924027244677387,22.3951481935232,11.230241457143563,11.095850441433967,11.300313510912876,0.3135515481804024,0.6664461867237395,0.44483787210194164,0.6537961602629436,0.6387124627434163,0.32228637247487596,0.0458715596330275,0.6178424549193293,0.061372983233154,4
machine-1-6,11,W2_f0995,28,22252,8,27.318663835525513,22.03585857152939,22.54777118563652,22.18939146399498,22.30778858065605,22.313824713230133,22.10437935590744,21.934127032756805,21.86595389246941,0.8066228533063794,0.8253614203603594,0.8122429265789944,0.8165768543791934,0.8167978070806293,0.800403490599517,0.0,0.0,1.0,0
machine-1-6,11,W2_f0995,29,22417,3,19.63558514912923,11.79809856414795,11.971410115559896,11.948026259740194,11.813176075617472,11.806117296218872,11.993404467900596,12.055637121200562,12.075780948003134,0.600852914468462,0.6096793156220652,0.608488423899608,0.6016207811429213,0.6012612920141284,0.614994707633587,0.0,0.0,1.0,0
machine-1-6,11,W3_b01,0,246,6,12.9603853225708,10.869954029719034,10.869954029719034,10.869954029719034,10.869954029719034,10.869954029719034,10.87069304784139,10.890360315640768,10.87766965230306,0.8387060846708597,0.8387060846708597,0.8387060846708597,0.8387060846708597,0.8387060846708597,0.839301408219658,0.0,0.0,1.0,0
machine-1-6,11,W3_b01,1,653,5,19.345348358154297,18.963568878173827,20.05159740447998,20.05159740447998,18.963568878173827,18.963568878173827,18.48206195831299,18.93352928161621,18.734819984436037,0.9802650501344141,1.0365074349270114,1.0365074349270114,0.9802650501344141,0.9802650501344141,0.9684405593316228,0.0,0.0,1.0,0
machine-1-6,11,W3_b01,2,2092,8,19.99728113412857,18.752571165561676,20.765839517116547,20.765839517116547,18.752571165561676,18.752571165561676,18.63851708173752,18.68987393379211,18.662563383579258,0.9377560399227174,1.0384331438775598,1.0384331438775598,0.9377560399227174,0.9377560399227174,0.9332550389426989,0.0,0.0,1.0,0
machine-1-6,11,W3_b01,3,2884,4,5.402216911315918,1.9079314470291135,1.8460733294487,1.8460733294487,1.9079314470291135,1.9079314470291135,2.3267903327941895,1.889061987400055,2.329114854335785,0.3531756459154032,0.34172513983690034,0.34172513983690034,0.3531756459154032,0.3531756459154032,0.4311405655439406,1.0,1.0,1.0,0
machine-1-6,11,W3_b01,4,3534,5,23.23931751251221,19.393766593933105,19.99319734573364,19.99319734573364,19.393766593933105,19.393766593933105,19.29700651168823,19.33434715270996,19.46512441635132,0.8345239305539575,0.860317749648593,0.860317749648593,0.8345239305539575,0.8345239305539575,0.8375944950135116,0.0,0.0,1.0,0
machine-1-6,11,W3_b01,5,4647,398,11.955932405126754,4.3861029062738375,4.47893259064037,4.47893259064037,4.3861029062738375,4.3861029062738375,4.436486408339074,4.382787618804817,4.557353391719224,0.36685577984641815,0.3746200997857586,0.3746200997857586,0.36685577984641815,0.36685577984641815,0.3811792537205222,0.6959798994974874,0.6959798994974874,1.0,0
machine-1-6,11,W3_b01,6,5167,5,22.316019821166993,17.3406063079834,18.144299507141113,18.144299507141113,17.3406063079834,17.3406063079834,17.49915189743042,17.320042991638182,17.27620725631714,0.7770474505285948,0.8130616325197491,0.8130616325197491,0.7770474505285948,0.7770474505285948,0.7741616737555711,0.0,0.0,1.0,0
machine-1-6,11,W3_b01,7,5708,5,18.79946384429932,11.62606701850891,12.152756786346435,12.152756786346435,11.62606701850891,11.62606701850891,11.59317455291748,11.640155458450318,11.583268690109254,0.6184254569597396,0.6464416691347074,0.6464416691347074,0.6184254569597396,0.6184254569597396,0.6161488852046023,0.2,0.2,1.0,0
machine-1-6,11,W3_b01,8,5873,12,19.77554416656494,11.918193022410074,12.053877313931784,12.053877313931784,11.918193022410074,11.918193022410074,11.9321848154068,12.31363046169281,12.316712538401283,0.6026733283304786,0.6095345449108605,0.6095345449108605,0.6026733283304786,0.6026733283304786,0.6228254673884266,0.0,0.0,1.0,0
machine-1-6,11,W3_b01,9,6022,5,20.028185272216795,7.787740755081177,7.772947454452515,7.772947454452515,7.787740755081177,7.787740755081177,7.7490153312683105,7.775120449066162,7.771207332611084,0.3888390610148974,0.3881004368995522,0.3881004368995522,0.3888390610148974,0.3888390610148974,0.38801355324944714,0.0,0.0,1.0,0
machine-1-6,11,W3_b01,10,6412,7,24.19244929722377,18.115918227604457,19.393349170684814,19.393349170684814,18.115918227604457,18.115918227604457,17.95040668760027,17.930710451943533,18.353099141802108,0.748825305161779,0.8016281829269067,0.8016281829269067,0.748825305161779,0.748825305161779,0.7586292283315124,0.0,0.0,1.0,0
machine-1-6,11,W3_b01,11,7851,5,24.42434368133545,19.53800916671753,20.708741474151612,20.708741474151612,19.53800916671753,19.53800916671753,19.899729251861572,19.649015045166017,19.489633560180664,0.7999399869912595,0.8478729968894427,0.8478729968894427,0.7999399869912595,0.7999399869912595,0.7979593562251671,0.0,0.0,1.0,0
machine-1-6,11,W3_b01,12,9291,7,22.203355925423757,17.410248143332346,18.092122554779053,18.092122554779053,17.410248143332346,17.410248143332346,17.718042986733572,16.615588937486923,17.403884410858154,0.7841268771175665,0.8148372982690796,0.8148372982690796,0.7841268771175665,0.7841268771175665,0.7838402658280134,0.2857142857142857,0.2857142857142857,1.0,0
machine-1-6,11,W3_b01,13,10731,5,23.564189910888672,18.671662521362304,19.948204040527344,19.948204040527344,18.671662521362304,18.671662521362304,18.81277961730957,18.939213848114015,18.56716594696045,0.7923744712621925,0.8465474143590044,0.8465474143590044,0.7923744712621925,0.7923744712621925,0.7879399214305616,0.0,0.0,1.0,0
machine-1-6,11,W3_b01,14,11467,4,23.240397930145264,16.716623663902283,18.3573180437088,18.3573180437088,16.716623663902283,16.716623663902283,16.826587796211243,16.928948283195496,16.778135657310486,0.7192916280585302,0.7898882841372269,0.7898882841372269,0.7192916280585302,0.7192916280585302,0.7219383982899649,0.0,0.0,1.0,0
machine-1-6,11,W3_b01,15,12171,5,23.58049545288086,18.24713687896729,20.51114501953125,20.51114501953125,18.24713687896729,18.24713687896729,18.569919776916503,18.345602989196777,18.1821439743042,0.7738233030526935,0.8698352017461691,0.8698352017461691,0.7738233030526935,0.7738233030526935,0.7710670885027084,0.0,0.0,1.0,0
machine-1-6,11,W3_b01,16,13069,4,23.202720642089844,14.822103440761566,14.267518222332,14.267518222332,14.822103440761566,14.822103440761566,14.797283411026,14.79822075366974,14.304853618144987,0.6388088564870363,0.6149071241434789,0.6149071241434789,0.6388088564870363,0.6388088564870363,0.6165162197486409,0.25,0.25,1.0,0
machine-1-6,11,W3_b01,17,13277,3,15.452101707458496,5.8958198229471845,5.825748443603516,5.825748443603516,5.8958198229471845,5.8958198229471845,5.877177079518636,5.6576247215271,5.837645689646403,0.3815545570801777,0.3770198095959668,0.3770198095959668,0.3815545570801777,0.3815545570801777,0.3777897531459206,1.0,1.0,1.0,0
machine-1-6,11,W3_b01,18,13613,6,19.98222271601359,14.999476114908854,16.419355233510334,16.419355233510334,14.999476114908854,14.999476114908854,13.492703517278036,15.890387694040934,15.049985567728678,0.7506410236779312,0.821698139734575,0.821698139734575,0.7506410236779312,0.7506410236779312,0.7531687431182389,0.5,0.5,1.0,0
machine-1-6,11,W3_b01,19,14603,4,24.301618099212646,14.524603962898254,15.153753578662872,15.153753578662872,14.524603962898254,14.524603962898254,14.62961333990097,14.647517740726473,14.547009706497192,0.5976805290742694,0.6235697358421513,0.6235697358421513,0.5976805290742694,0.5976805290742694,0.5986025147423621,0.0,0.0,1.0,0
machine-1-6,11,W3_b01,20,15052,3,27.69955762227376,21.4188715616862,23.32387924194336,23.32387924194336,21.4188715616862,21.4188715616862,21.8573678334554,21.553534507751465,21.526026725769043,0.7732568098655432,0.842030748649508,0.842030748649508,0.7732568098655432,0.7732568098655432,0.7771252891222906,0.0,0.0,1.0,0
machine-1-6,11,W3_b01,21,15397,4,21.166653394699097,14.40792202949524,14.225276291370392,14.225276291370392,14.40792202949524,14.40792202949524,14.296087503433228,14.405013918876648,14.314500212669373,0.6806896565473836,0.6720607186270136,0.6720607186270136,0.6806896565473836,0.6806896565473836,0.6762760246385594,0.0,0.0,1.0,0
machine-1-6,11,W3_b01,22,15802,3,22.534037272135414,13.385543704032898,12.992682576179504,12.992682576179504,13.385543704032898,13.385543704032898,13.222315231959024,13.234798034032186,13.461683670679728,0.5940144476722271,0.5765803268749217,0.5765803268749217,0.5940144476722271,0.5940144476722271,0.5973933347188454,0.0,0.0,1.0,0
machine-1-6,11,W3_b01,23,16491,8,24.501625299453735,18.09954410791397,20.814131498336792,20.814131498336792,18.09954410791397,18.09954410791397,18.555603444576263,18.590540945529938,18.10158771276474,0.7387078974029327,0.8495000329141775,0.8495000329141775,0.7387078974029327,0.7387078974029327,0.7387913043127109,0.0,0.0,1.0,0
machine-1-6,11,W3_b01,24,16718,3,18.738107045491535,12.951470851898192,12.53438409169515,12.53438409169515,12.951470851898192,12.951470851898192,12.688670953114828,12.892577489217125,12.943161408106484,0.6911835235253588,0.6689247777945091,0.6689247777945091,0.6911835235253588,0.6911835235253588,0.6907400719124753,0.0,0.0,1.0,0
machine-1-6,11,W3_b01,25,16972,4,23.060412406921387,14.373909771442412,14.978811919689178,14.978811919689178,14.373909771442412,14.373909771442412,14.371742904186249,14.3289897441864,14.276851296424866,0.6233153821276937,0.6495465759837589,0.6495465759837589,0.6233153821276937,0.6233153821276937,0.6191065035827282,0.0,0.0,1.0,0
machine-1-6,11,W3_b01,26,17931,8,25.821722745895386,18.5284942984581,21.64070224761963,21.64070224761963,18.5284942984581,18.5284942984581,18.821489095687863,18.90760600566864,19.08827304840088,0.7175545365734122,0.8380812721358659,0.8380812721358659,0.7175545365734122,0.7175545365734122,0.739233134684445,0.0,0.0,1.0,0
machine-1-6,11,W3_b01,27,18600,3161,31.78211321765884,8.084050505306855,20.98994228787831,12.843494575297443,19.73936404049755,16.190928223615053,8.275220960350362,8.128338444274425,8.33289200250426,0.25435849560862994,0.6604325566437111,0.4041107804046622,0.6210840640240979,0.509435232098381,0.2621881039009804,0.0458715596330275,0.6482125909522303,0.0993356532742802,6
machine-1-6,11,W3_b01,28,22252,8,21.50449526309967,17.11336123943329,19.242137014865875,19.51322066783905,23.81641316413879,24.572426795959473,17.93815803527832,17.12963557243347,17.08847999572754,0.7958039019310867,0.8947960312225576,0.9074019375531441,1.1075085870537136,1.1426646612870832,0.7946468766951378,0.0,0.0,0.0,0
machine-1-6,11,W3_b01,29,22417,3,19.59191131591797,15.661625226338703,12.61116361618042,13.976513703664144,25.99235852559407,24.18916702270508,15.38781992594401,15.477624575297035,15.696120262145996,0.799392411173993,0.6436923592000003,0.713381837958227,1.3266882493733978,1.234650700110711,0.8011530885908649,0.0,0.0,0.0,0
machine-1-6,22,W1,0,246,6,7.738630334536235,7.782544255256653,7.782544255256653,7.782544255256653,7.782544255256653,7.782544255256653,7.782544255256653,7.782544255256653,7.782544255256653,1.0056746373482188,1.0056746373482188,1.0056746373482188,1.0056746373482188,1.0056746373482188,1.0056746373482188,0.0,0.0,1.0,0
machine-1-6,22,W1,1,653,5,13.658007431030274,13.69743423461914,13.69743423461914,13.69743423461914,13.69743423461914,13.69743423461914,13.69743423461914,13.69743423461914,13.69743423461914,1.002886717098959,1.002886717098959,1.002886717098959,1.002886717098959,1.002886717098959,1.002886717098959,0.0,0.0,1.0,0
machine-1-6,22,W1,2,2092,8,11.282008171081545,10.839348375797272,11.326727390289308,11.326727390289308,10.839348375797272,10.839348375797272,10.810671865940094,10.839348375797272,10.839348375797272,0.9607640954897626,1.0039637641215675,1.0039637641215675,0.9607640954897626,0.9607640954897626,0.9607640954897626,0.0,0.0,1.0,0
machine-1-6,22,W1,3,2884,4,2.725886821746826,2.037856698036194,2.254735767841339,2.254735767841339,2.037856698036194,2.037856698036194,2.2911974787712097,2.037856698036194,2.030186116695404,0.7475940239992345,0.827156780631281,0.827156780631281,0.7475940239992345,0.7475940239992345,0.7447800475422537,1.0,1.0,1.0,0
machine-1-6,22,W1,4,3534,5,19.73210906982422,19.923022079467778,20.274630737304687,20.274630737304687,19.923022079467778,19.923022079467778,19.910322189331055,19.738687133789064,19.923022079467778,1.0096752460149085,1.027494357828689,1.027494357828689,1.0096752460149085,1.0096752460149085,1.0096752460149085,0.0,0.0,1.0,0
machine-1-6,22,W1,5,4647,398,11.513109252680486,4.610807251990141,4.672161032506569,4.672161032506569,4.610807251990141,4.610807251990141,4.679543657218991,4.640480107098967,4.796239380860449,0.40048323617850246,0.40581227277234383,0.40581227277234383,0.40048323617850246,0.40048323617850246,0.4165894091332267,0.6959798994974874,0.6959798994974874,1.0,0
machine-1-6,22,W1,6,5167,5,21.408970260620116,20.039266204833982,23.698311614990235,23.698311614990235,20.039266204833982,20.039266204833982,21.49504508972168,20.048204040527345,22.80621757507324,0.9360219553246995,1.106933744430537,1.106933744430537,0.9360219553246995,0.9360219553246995,1.0652645735616362,0.0,0.0,1.0,0
machine-1-6,22,W1,7,5708,5,19.158476638793942,10.189151906967163,10.500838232040405,10.500838232040405,10.189151906967163,10.189151906967163,10.36775197982788,10.253956604003909,10.166986989974976,0.5318351818398327,0.5481040288337585,0.5481040288337585,0.5318351818398327,0.5318351818398327,0.5306782570273815,0.2,0.2,1.0,0
machine-1-6,22,W1,8,5873,12,19.296958049138382,13.278101126352944,13.889626582463585,13.889626582463585,13.278101126352944,13.278101126352944,13.895239353179932,13.903292338053385,13.33298945426941,0.6880929674273618,0.7197832190490647,0.7197832190490647,0.6880929674273618,0.6880929674273618,0.6909373705595392,0.0,0.0,1.0,0
machine-1-6,22,W1,9,6022,5,17.667129707336425,8.09429349899292,8.1679105758667,8.1679105758667,8.09429349899292,8.09429349899292,8.555694627761842,7.874356508255005,8.09429349899292,0.45815554835892197,0.46232244349657464,0.46232244349657464,0.45815554835892197,0.45815554835892197,0.45815554835892197,0.0,0.0,1.0,0
machine-1-6,22,W1,10,6412,7,20.600846699305944,21.61213166373117,21.467974254063197,21.467974254063197,21.61213166373117,21.61213166373117,20.086578641619003,21.62113094329834,20.635946001325333,1.0490894854559205,1.0420918405643234,1.0420918405643234,1.0490894854559205,1.0490894854559205,1.001703779584,0.0,0.0,0.0,1
machine-1-6,22,W1,11,7851,5,23.91859245300293,19.813579559326172,24.643828773498537,24.643828773498537,24.020105934143068,24.020105934143068,20.75959415435791,24.733805465698243,19.683614349365236,0.8283756495394702,1.0303210283765907,1.0303210283765907,1.0042441243705957,1.0042441243705957,0.8229420016266049,0.0,0.0,0.0,1
machine-1-6,22,W1,12,9291,7,19.277391024998256,12.681008849825178,21.934523037501744,21.934523037501744,20.363853318350657,20.150797026497976,12.71316909790039,15.258635214396886,12.683180230004448,0.6578176908576935,1.1378367025422584,1.1378367025422584,1.0563594052713625,1.0453072721493857,0.657930329553275,0.0,0.0,1.0,0
machine-1-6,22,W1,13,10731,5,22.12745761871338,17.66703815460205,25.501130485534667,25.501130485534667,16.563054943084715,16.563054943084715,17.90484027862549,16.729651069641115,17.90400447845459,0.7984215113651776,1.152465453779387,1.152465453779387,0.7485295070264737,0.7485295070264737,0.8091306641262311,0.0,0.0,1.0,0
machine-1-6,22,W1,14,11467,4,23.39577794075012,20.121214151382446,20.977006196975708,20.977006196975708,19.59138584136963,19.59138584136963,19.999855995178223,19.59138584136963,21.37494993209839,0.8600361228568456,0.8966150324259378,0.8966150324259378,0.8373898013130777,0.8373898013130777,0.9136242439225793,0.0,0.0,1.0,0
machine-1-6,22,W1,15,12171,5,20.940041160583498,13.609309768676756,22.97722187042236,22.97722187042236,15.57365951538086,15.57365951538086,14.83963737487793,15.560065841674804,15.494088745117187,0.6499180046643963,1.0972863756196214,1.0972863756196214,0.7437263086519597,0.7437263086519597,0.7399263748479395,0.0,0.0,1.0,0
machine-1-6,22,W1,16,13069,4,21.89919424057007,16.611061334609985,15.425019264221191,15.425019264221191,16.611061334609985,16.611061334609985,16.714325428009033,16.617759943008423,16.611061334609985,0.758523859468611,0.7043646946445667,0.7043646946445667,0.758523859468611,0.758523859468611,0.758523859468611,0.25,0.25,1.0,0
machine-1-6,22,W1,17,13277,3,14.690166155497232,6.037906169891357,6.037906169891357,6.037906169891357,6.037906169891357,6.037906169891357,6.184793869654338,5.933715581893921,6.037906169891357,0.4110168738719066,0.4110168738719066,0.4110168738719066,0.4110168738719066,0.4110168738719066,0.4110168738719066,1.0,1.0,1.0,0
machine-1-6,22,W1,18,13613,6,16.916945934295654,10.412161389986672,18.833049297332764,18.833049297332764,10.799424489339192,10.799424489339192,9.320090254147848,10.412161389986672,10.128818035125732,0.615487064297944,1.1132653240412975,1.1132653240412975,0.6383790863482967,0.6383790863482967,0.5987379799205731,0.0,0.0,1.0,0
machine-1-6,22,W1,19,14603,4,23.1322922706604,15.287764430046082,16.56276547908783,16.56276547908783,14.709351301193236,14.709351301193236,15.067288339138033,15.287764430046082,15.224565505981444,0.6608841117504017,0.7160019113235501,0.7160019113235501,0.6358795371027577,0.6358795371027577,0.6581520468376306,0.0,0.0,1.0,0
machine-1-6,22,W1,20,15052,3,24.602303822835285,24.115811665852863,25.66059144337972,25.66059144337972,24.785528818766277,24.785528818766277,22.394136428833008,24.115811665852863,25.19974676767985,0.9802257479427243,1.043015793486875,1.043015793486875,1.007447473100504,1.007447473100504,1.0242840243396243,0.0,0.0,1.0,0
machine-1-6,22,W1,21,15397,4,21.562644481658936,15.09933602809906,15.386165022850037,15.386165022850037,15.09933602809906,15.09933602809906,15.542572975158691,15.09933602809906,15.09933602809906,0.7002543700492058,0.7135564951663245,0.7135564951663245,0.7002543700492058,0.7002543700492058,0.7002543700492058,0.0,0.0,1.0,0
machine-1-6,22,W1,22,15802,3,23.030173301696777,17.742640018463135,13.393210649490356,13.393210649490356,17.742640018463135,17.742640018463135,17.270812193552654,17.270812193552654,17.00163737932841,0.7704084457391349,0.5815505803642214,0.5815505803642214,0.7704084457391349,0.7704084457391349,0.7382331499032095,0.0,0.0,1.0,0
machine-1-6,22,W1,23,16491,8,19.3374902009964,12.378260731697084,21.15310823917389,21.15310823917389,14.599928796291351,14.599928796291351,13.76615035533905,13.820753157138824,12.318503320217133,0.6401172335724971,1.0938910902762313,1.0938910902762313,0.7550063966180608,0.7550063966180608,0.6370269974116083,0.0,0.0,1.0,0
machine-1-6,22,W1,24,16718,3,16.555795033772785,17.210922876993816,13.536789973576864,13.536789973576864,17.210922876993816,17.210922876993816,16.201669692993164,17.210922876993816,15.569578170776367,1.0395709080647961,0.8176466274173279,0.8176466274173279,1.0395709080647961,1.0395709080647961,0.9404307155902452,0.0,0.0,1.0,0
machine-1-6,22,W1,25,16972,4,23.192578315734863,15.286101758480072,15.81526529788971,15.81526529788971,15.286101758480072,15.286101758480072,14.381371438503264,15.28683465719223,15.370834410190582,0.6590945409510296,0.6819106130671094,0.6819106130671094,0.6590945409510296,0.6590945409510296,0.6627479791568639,0.0,0.0,1.0,0
machine-1-6,22,W1,26,17931,8,22.491615295410156,11.607521414756777,23.96358108520508,23.96358108520508,13.75799685716629,13.75799685716629,16.541326463222504,12.842141091823578,11.650820076465608,0.5160821604985175,1.0654450901129946,1.0654450901129946,0.6116944770958213,0.6116944770958213,0.5180072628595591,0.0,0.0,1.0,0
machine-1-6,22,W1,27,18600,3161,29.127557269080988,7.99917573085581,20.19611403041533,11.322506072852326,19.54368793485437,19.145438223200408,8.167299939046664,8.149328026353691,8.066551807974381,0.2746256974781392,0.6933679279674297,0.38872144231851563,0.6709689986808495,0.6572963893379197,0.2769388360807398,0.030686491616577,0.5824106295476115,0.0521986713065485,4
machine-1-6,22,W1,28,22252,8,16.084609389305115,13.849292755126951,16.027151226997375,16.027151226997375,13.849292755126951,13.849292755126951,14.059455633163452,14.146079301834106,13.849292755126951,0.8610276084376375,0.996427755196471,0.996427755196471,0.8610276084376375,0.8610276084376375,0.8610276084376375,0.0,0.0,1.0,0
machine-1-6,22,W1,29,22417,3,19.24527899424235,14.380293250083923,11.88634184996287,11.88634184996287,14.380293250083923,14.380293250083923,12.341871698697409,12.402886311213177,14.344366113344828,0.7472114721946148,0.6176237743042816,0.6176237743042816,0.7472114721946148,0.7472114721946148,0.7453446696011141,0.0,0.0,1.0,0
machine-1-6,22,W2_f0995,0,246,6,14.310320138931274,10.505932629108427,10.505932629108427,10.505932629108427,10.505932629108427,10.505932629108427,10.58284548918406,10.616161902745564,10.505932629108427,0.734150775601938,0.734150775601938,0.734150775601938,0.734150775601938,0.734150775601938,0.734150775601938,0.0,0.0,1.0,0
machine-1-6,22,W2_f0995,1,653,5,29.734553146362305,29.76909484863281,30.11297721862793,30.11297721862793,29.76909484863281,29.76909484863281,29.767300033569335,29.719155883789064,29.747927093505854,1.001161668786495,1.0127267448884436,1.0127267448884436,1.001161668786495,1.001161668786495,1.0004497779764074,0.0,0.0,1.0,0
machine-1-6,22,W2_f0995,2,2092,8,28.426223516464233,27.79659813642502,28.15796673297882,28.15796673297882,27.79659813642502,27.79659813642502,27.76870948076248,27.82026106119156,27.779753029346463,0.9778505442457194,0.9905630523403842,0.9905630523403842,0.9778505442457194,0.9778505442457194,0.9772579538487292,0.0,0.0,1.0,0
machine-1-6,22,W2_f0995,3,2884,4,7.058955788612366,2.643623411655426,2.6988949179649353,2.6988949179649353,2.643623411655426,2.643623411655426,2.808421552181244,2.868246376514435,2.7480844259262085,0.374506299631479,0.3823362829837865,0.3823362829837865,0.374506299631479,0.374506299631479,0.38930466604699066,1.0,1.0,1.0,0
machine-1-6,22,W2_f0995,4,3534,5,28.72273540496826,24.60151262283325,25.23928565979004,25.23928565979004,24.60151262283325,24.60151262283325,24.69092216491699,24.735993003845216,24.59593801498413,0.8565170508996107,0.8787215181261713,0.8787215181261713,0.8565170508996107,0.8565170508996107,0.8563229674402701,0.0,0.0,1.0,0
machine-1-6,22,W2_f0995,5,4647,398,14.698133619586429,5.689973024866688,5.926348795842885,5.926348795842885,5.689513537152927,5.689943422624214,5.773864450167172,5.723261507312257,5.821887455992962,0.3871221457181712,0.40320417198722125,0.40320417198722125,0.3870908840814455,0.3871201317044712,0.39609705603947126,0.7763819095477387,0.7763819095477387,1.0,0
machine-1-6,22,W2_f0995,6,5167,5,26.903564071655275,20.05417866706848,20.315934467315675,20.315934467315675,20.05516576766968,20.05490779876709,20.0990517616272,20.072139549255372,20.30048017501831,0.7454097387861304,0.7551391485977832,0.7551391485977832,0.7454464291145408,0.7454368404629441,0.754564715698997,0.0,0.0,1.0,0
machine-1-6,22,W2_f0995,7,5708,5,23.15383186340332,12.24334650039673,13.054415607452391,13.054415607452391,12.24396495819092,12.243870735168455,12.64595079421997,12.966907691955566,12.621378421783447,0.5287827333560464,0.5638123177393394,0.5638123177393394,0.5288094441742747,0.5288053747388991,0.5451097034928656,0.2,0.2,1.0,0
machine-1-6,22,W2_f0995,8,5873,12,25.04433552424113,14.080867528915403,14.35702129205068,14.35702129205068,14.08098248640696,14.080961465835571,14.20561675230662,14.417944073677065,14.17311910788218,0.5622376171763922,0.573264212905713,0.573264212905713,0.5622422073357695,0.5622413680014071,0.5659211478844631,0.0,0.0,1.0,0
machine-1-6,22,W2_f0995,9,6022,5,23.68592948913574,8.40789566040039,8.495067930221557,8.495067930221557,8.40791883468628,8.407916736602782,9.191351127624513,8.407455539703369,8.40096755027771,0.3549742755190132,0.35865461535373033,0.35865461535373033,0.35497525391785123,0.3549751653385325,0.35468177654294986,0.0,0.0,1.0,0
machine-1-6,22,W2_f0995,10,6412,7,31.896961757114955,22.868643079485217,23.039325714111328,23.039325714111328,22.868645191192627,22.86864444187709,22.911351953233993,22.963768482208252,22.829728807721818,0.71695364761141,0.7223047100707691,0.7223047100707691,0.7169537138154399,0.7169536903236873,0.7157336482879723,0.0,0.0,1.0,0
machine-1-6,22,W2_f0995,11,7851,5,30.38858871459961,23.750142765045165,23.75060968399048,23.75060968399048,23.750142765045165,23.750142765045165,23.704162120819092,23.777193450927733,23.79276933670044,0.7815480668779747,0.7815634318213651,0.7815634318213651,0.7815480668779747,0.7815480668779747,0.7829507832744357,0.0,0.0,1.0,0
machine-1-6,22,W2_f0995,12,9291,7,29.182949338640487,21.461714608328684,21.496225220816477,21.496225220816477,21.461714608328684,21.461714608328684,21.404776368822372,21.46667242050171,21.428709438868932,0.7354196575296695,0.736602218349254,0.736602218349254,0.7354196575296695,0.7354196575296695,0.7342886831008427,0.2857142857142857,0.2857142857142857,1.0,0
machine-1-6,22,W2_f0995,13,10731,5,30.088008308410643,23.398859882354735,23.40023202896118,23.40023202896118,23.398859882354735,23.398859882354735,23.42440071105957,23.417477130889893,23.36573715209961,0.7776805843214933,0.7777261887560701,0.7777261887560701,0.7776805843214933,0.7776805843214933,0.7765797228116317,0.0,0.0,1.0,0
machine-1-6,22,W2_f0995,14,11467,4,30.20396089553833,21.566195845603943,21.615105390548703,21.615105390548703,21.566195845603943,21.566195845603943,21.6600478887558,21.55757176876068,21.65976095199585,0.7140187977395263,0.7156381067140649,0.7156381067140649,0.7140187977395263,0.7140187977395263,0.7171165737800762,0.0,0.0,1.0,0
machine-1-6,22,W2_f0995,15,12171,5,30.788713264465333,24.263548278808592,24.276533222198488,24.276533222198488,24.263548278808592,24.263548278808592,24.23018522262573,24.243250370025635,24.25675048828125,0.7880663303591926,0.788488073979277,0.788488073979277,0.7880663303591926,0.7880663303591926,0.7878455419660905,0.0,0.0,1.0,0
machine-1-6,22,W2_f0995,16,13069,4,26.670806884765625,14.836918592453005,14.905430018901823,14.905430018901823,14.836918592453005,14.836918592453005,15.07518982887268,14.930816888809204,14.94739067554474,0.5562980773906716,0.5588668570584495,0.5588668570584495,0.5562980773906716,0.5562980773906716,0.5604401374179158,0.25,0.25,1.0,0
machine-1-6,22,W2_f0995,17,13277,3,18.888573328653973,6.611605246861775,6.516205231348674,6.516205231348674,6.611605246861775,6.611605246861775,6.338814973831177,6.571010986963908,6.606645345687866,0.3500320078082323,0.34498133437444894,0.34498133437444894,0.3500320078082323,0.3500320078082323,0.34976942041808856,1.0,1.0,1.0,0
machine-1-6,22,W2_f0995,18,13613,6,27.490957260131836,19.25699281692505,19.61952932675679,19.61952932675679,19.25699281692505,19.25699281692505,19.347692886988323,19.40610369046529,19.236499706904095,0.700484622441725,0.7136721046527393,0.7136721046527393,0.700484622441725,0.700484622441725,0.6997391733172351,0.5,0.5,1.0,0
machine-1-6,22,W2_f0995,19,14603,4,29.62699270248413,17.17242592573166,17.17432326078415,17.17432326078415,17.17242592573166,17.17242592573166,17.22735846042633,17.200278997421265,17.17101949453354,0.5796209591090832,0.5796849998664946,0.5796849998664946,0.5796209591090832,0.5796209591090832,0.579573487831379,0.0,0.0,1.0,0
machine-1-6,22,W2_f0995,20,15052,3,33.93656476338705,26.39075215657552,26.44473425547282,26.44473425547282,26.39075215657552,26.39075215657552,26.44036515553792,26.37453842163086,26.38970438639323,0.7776494863454053,0.7792401629290159,0.7792401629290159,0.7776494863454053,0.7776494863454053,0.7776186119717144,0.0,0.0,1.0,0
machine-1-6,22,W2_f0995,21,15397,4,24.9844434261322,15.186045050621033,15.242729246616364,15.242729246616364,15.186045050621033,15.186045050621033,15.31871509552002,15.184156477451324,15.222422540187836,0.6078200259100973,0.6100888055274187,0.6100888055274187,0.6078200259100973,0.6078200259100973,0.6092760315111168,0.0,0.0,1.0,0
machine-1-6,22,W2_f0995,22,15802,3,27.4570795694987,14.090986410776772,14.102990865707396,14.102990865707396,14.090986410776772,14.090986410776772,14.237422466278076,14.33410676320394,14.408588568369549,0.5132004798656756,0.5136376878688153,0.5136376878688153,0.5132004798656756,0.5132004798656756,0.5247677026939036,0.0,0.0,1.0,0
machine-1-6,22,W2_f0995,23,16491,8,31.729448914527893,24.14023131132126,24.29193365573883,24.29193365573883,24.14023131132126,24.14023131132126,24.301133036613464,24.138520419597626,24.168648600578308,0.7608147048613954,0.7655958261732159,0.7655958261732159,0.7608147048613954,0.7608147048613954,0.7617103173043848,0.0,0.0,1.0,0
machine-1-6,22,W2_f0995,24,16718,3,22.08732732137044,12.810097932815552,12.991583426793415,12.991583426793415,12.810097932815552,12.810097932815552,13.38249127070109,12.804383436838783,13.112758239110311,0.5799750122062631,0.5881917371787893,0.5881917371787893,0.5799750122062631,0.5799750122062631,0.5936779062636135,0.3333333333333333,0.3333333333333333,1.0,0
machine-1-6,22,W2_f0995,25,16972,4,27.25453281402588,16.324170410633087,16.398068010807037,16.398068010807037,16.324170410633087,16.324170410633087,16.291162133216858,16.240097165107727,16.227334201335907,0.5989524943253568,0.601663881846772,0.601663881846772,0.5989524943253568,0.5989524943253568,0.595399462983453,0.0,0.0,1.0,0
machine-1-6,22,W2_f0995,26,17931,8,32.85215997695923,24.76254111528397,24.93871778249741,24.93871778249741,24.76254111528397,24.76254111528397,24.74253624677658,24.75727093219757,24.770569384098053,0.7537568650783117,0.7591195769163461,0.7591195769163461,0.7537568650783117,0.7537568650783117,0.7540012407546665,0.0,0.0,1.0,0
machine-1-6,22,W2_f0995,27,18600,3161,34.85900371657712,10.997128064781004,23.27432406706661,15.64809332924227,22.834533998310775,22.312170444957367,11.569512585076076,11.219906841565898,11.19223175822689,0.3154745372011692,0.6676703745264686,0.44889674577248045,0.6550541198471448,0.6400690801827725,0.3210714755139273,0.0458715596330275,0.6887061056627649,0.061372983233154,4
machine-1-6,22,W2_f0995,28,22252,8,27.338027119636536,22.11731517314911,22.603577971458435,22.33215206861496,22.379555076360703,22.375808894634247,22.073875904083252,22.0678391456604,22.013922959566116,0.8090311373369932,0.8268181852531191,0.8168896742579524,0.8186236328767766,0.8184866009794103,0.8052491448351009,0.0,0.0,1.0,0
machine-1-6,22,W2_f0995,29,22417,3,19.63576889038086,11.760161797205608,11.940640290578209,11.908827304840088,11.78641684850057,11.782591183980308,11.892503023147585,11.84462070465088,11.911890427271524,0.5989152685009782,0.6081065812720821,0.606486426445667,0.600252371796578,0.6000575403875499,0.6066424235165501,0.0,0.0,1.0,0
machine-1-6,22,W3_b01,0,246,6,12.53845469156901,10.716244459152222,10.716244459152222,10.716244459152222,10.716244459152222,10.716244459152222,10.717156171798706,10.73591681321462,10.716244459152222,0.8546702702014738,0.8546702702014738,0.8546702702014738,0.8546702702014738,0.8546702702014738,0.8546702702014738,0.0,0.0,1.0,0
machine-1-6,22,W3_b01,1,653,5,17.018873405456542,17.886249923706053,18.952783012390135,18.952783012390135,17.886249923706053,17.886249923706053,17.81291332244873,17.784013175964354,17.841737937927245,1.0509655661444322,1.1136332329914123,1.1136332329914123,1.0509655661444322,1.0509655661444322,1.048350117711486,0.0,0.0,1.0,0
machine-1-6,22,W3_b01,2,2092,8,18.301645040512085,17.680922210216522,19.90894055366516,19.90894055366516,17.680922210216522,17.680922210216522,17.439769685268402,17.594900012016296,17.62210750579834,0.9660837684852075,1.0878224612921519,1.0878224612921519,0.9660837684852075,0.9660837684852075,0.962870139093533,0.0,0.0,1.0,0
machine-1-6,22,W3_b01,3,2884,4,5.412763595581055,1.9964681267738345,1.948891580104828,1.948891580104828,1.9964681267738345,1.9964681267738345,2.332322835922241,2.003625512123108,2.3525084853172302,0.36884450826630194,0.3600548122397015,0.3600548122397015,0.36884450826630194,0.36884450826630194,0.43462243339757217,1.0,1.0,1.0,0
machine-1-6,22,W3_b01,4,3534,5,22.0694278717041,19.090401077270503,20.012987995147704,20.012987995147704,19.090401077270503,19.090401077270503,18.99555425643921,19.07294683456421,19.03591461181641,0.865015676357741,0.9068195202652706,0.9068195202652706,0.865015676357741,0.865015676357741,0.862546810115678,0.0,0.0,1.0,0
machine-1-6,22,W3_b01,5,4647,398,11.864049387936616,4.397715261683392,4.518522696878443,4.518522696878443,4.397715261683392,4.397715261683392,4.56878440389082,4.432279846326789,4.406938656490651,0.3706757379276418,0.3808583856261492,0.3808583856261492,0.3706757379276418,0.3706757379276418,0.3714531617654621,0.6959798994974874,0.6959798994974874,1.0,0
machine-1-6,22,W3_b01,6,5167,5,21.557358169555663,17.37232141494751,18.09960193634033,18.09960193634033,17.37232141494751,17.37232141494751,17.43419075012207,17.27715845108032,17.675315952301027,0.8058650451650211,0.8396020418634348,0.8396020418634348,0.8058650451650211,0.8058650451650211,0.8199203173820695,0.0,0.0,1.0,0
machine-1-6,22,W3_b01,7,5708,5,18.443224334716795,11.131692552566529,11.756558990478515,11.756558990478515,11.131692552566529,11.131692552566529,11.064789295196531,11.02196307182312,11.186783409118652,0.6035654260091968,0.6374459680755731,0.6374459680755731,0.6035654260091968,0.6035654260091968,0.6065524772727019,0.2,0.2,1.0,0
machine-1-6,22,W3_b01,8,5873,12,19.282379229863484,11.84409244855245,12.037276347478231,12.037276347478231,11.84409244855245,11.84409244855245,11.903083483378092,12.11876940727234,11.921022097269692,0.6142443475133491,0.62426302293835,0.62426302293835,0.6142443475133491,0.6142443475133491,0.618233982184474,0.0,0.0,1.0,0
machine-1-6,22,W3_b01,9,6022,5,19.70272922515869,7.587583589553833,7.556885933876037,7.556885933876037,7.587583589553833,7.587583589553833,7.537102174758911,7.593515658378601,7.573882985115051,0.38510317544562006,0.38354513466218393,0.38354513466218393,0.38510317544562006,0.38510317544562006,0.3844078096268944,0.0,0.0,1.0,0
machine-1-6,22,W3_b01,10,6412,7,23.998771939958846,18.675021512167795,19.79984658105033,19.79984658105033,18.675021512167795,18.675021512167795,18.690612248012,18.58906616483416,18.78900950295585,0.7781657144327953,0.8250358239407596,0.8250358239407596,0.7781657144327953,0.7781657144327953,0.782915457089346,0.0,0.0,1.0,0
machine-1-6,22,W3_b01,11,7851,5,24.543470001220705,19.73903818130493,21.220983219146728,21.220983219146728,19.73903818130493,19.73903818130493,19.609429359436035,19.973199367523193,19.874500370025636,0.8042480619212842,0.8646284823658298,0.8646284823658298,0.8042480619212842,0.8042480619212842,0.8097673380755512,0.0,0.0,1.0,0
machine-1-6,22,W3_b01,12,9291,7,21.80590997423445,17.02182102203369,18.385509150368826,18.385509150368826,17.02182102203369,17.02182102203369,16.18410199029105,17.36144529070173,17.108974593026296,0.7806058560338198,0.8431434034210396,0.8431434034210396,0.7806058560338198,0.7806058560338198,0.7846026427350207,0.2857142857142857,0.2857142857142857,1.0,0
machine-1-6,22,W3_b01,13,10731,5,22.69163112640381,18.046532773971556,19.758410120010375,19.758410120010375,18.046532773971556,18.046532773971556,18.26894807815552,18.124627351760864,18.15057954788208,0.7952946473280517,0.8707355592881835,0.8707355592881835,0.7952946473280517,0.7952946473280517,0.7998798961068164,0.0,0.0,1.0,0
machine-1-6,22,W3_b01,14,11467,4,22.9855272769928,16.763625264167786,18.715907096862793,18.715907096862793,16.763625264167786,16.763625264167786,16.931554317474365,16.8436336517334,16.77472412586212,0.72931219119551,0.814247455423672,0.814247455423672,0.72931219119551,0.72931219119551,0.7297950542406161,0.0,0.0,1.0,0
machine-1-6,22,W3_b01,15,12171,5,22.71903476715088,17.38697509765625,20.439819145202637,20.439819145202637,17.38697509765625,17.38697509765625,17.59608473777771,17.54173970222473,17.706848049163817,0.7653043043358437,0.8996781489483116,0.8996781489483116,0.7653043043358437,0.7653043043358437,0.7793838176068065,0.0,0.0,1.0,0
machine-1-6,22,W3_b01,16,13069,4,23.3437180519104,15.399104177951813,14.858068585395811,14.858068585395811,15.399104177951813,15.399104177951813,15.33477020263672,15.372482299804688,15.347395539283752,0.6596680161963995,0.6364910916228214,0.6364910916228214,0.6596680161963995,0.6596680161963995,0.6574529175324646,0.25,0.25,1.0,0
machine-1-6,22,W3_b01,17,13277,3,15.567071278889976,5.713106234868367,5.709498484929402,5.709498484929402,5.713106234868367,5.713106234868367,5.658891439437866,5.682521820068359,5.677249272664388,0.36699942670756147,0.3667676714933448,0.3667676714933448,0.36699942670756147,0.36699942670756147,0.3646960414681938,1.0,1.0,1.0,0
machine-1-6,22,W3_b01,18,13613,6,20.066784063975017,15.36485775311788,17.44688566525777,17.44688566525777,15.36485775311788,15.36485775311788,15.620278914769491,15.626675287882486,15.526000420252482,0.7656861061609622,0.8694410429511408,0.8694410429511408,0.7656861061609622,0.7656861061609622,0.7737164246524983,0.5,0.5,1.0,0
machine-1-6,22,W3_b01,19,14603,4,24.42473316192627,14.349599421024324,15.581291496753693,15.581291496753693,14.349599421024324,14.349599421024324,14.336158871650696,14.330344319343569,14.466336369514464,0.5875028122474127,0.6379308790583678,0.6379308790583678,0.5875028122474127,0.5875028122474127,0.5922822686990439,0.0,0.0,1.0,0
machine-1-6,22,W3_b01,20,15052,3,26.673146565755207,21.847081184387207,23.922425270080566,23.922425270080566,21.847081184387207,21.847081184387207,21.525068600972492,21.756883939107254,22.039653778076172,0.8190665143510278,0.896873010880306,0.896873010880306,0.8190665143510278,0.8190665143510278,0.8262862322502352,0.0,0.0,1.0,0
machine-1-6,22,W3_b01,21,15397,4,20.33317542076111,14.492055773735046,14.20515388250351,14.20515388250351,14.492055773735046,14.492055773735046,14.353952050209044,14.47645103931427,14.390586733818054,0.7127295896408777,0.6986195509826465,0.6986195509826465,0.7127295896408777,0.7127295896408777,0.7077392702334433,0.0,0.0,1.0,0
machine-1-6,22,W3_b01,22,15802,3,22.542288462320965,13.533178726832071,13.18119978904724,13.18119978904724,13.533178726832071,13.533178726832071,13.48529601097107,13.5408833026886,13.5885329246521,0.6003462669485637,0.5847321052199017,0.5847321052199017,0.6003462669485637,0.6003462669485637,0.6028018383033777,0.0,0.0,1.0,0
machine-1-6,22,W3_b01,23,16491,8,23.865495204925537,18.331260800361633,21.286846935749058,21.286846935749058,18.331260800361633,18.331260800361633,18.909723937511444,18.456473410129547,18.034362077713013,0.7681072880724592,0.8919507746629838,0.8919507746629838,0.7681072880724592,0.7681072880724592,0.7556667868341969,0.0,0.0,1.0,0
machine-1-6,22,W3_b01,24,16718,3,18.499176025390625,12.936911582946776,12.61941623687744,12.61941623687744,12.936911582946776,12.936911582946776,12.853350639343262,12.906181812286375,13.174525419871012,0.6993236652913898,0.6821609902817805,0.6821609902817805,0.6993236652913898,0.6993236652913898,0.7121682285626459,0.0,0.0,1.0,0
machine-1-6,22,W3_b01,25,16972,4,22.599486112594604,14.383594393730164,15.146345973014832,15.146345973014832,14.383594393730164,14.383594393730164,14.246170103549955,14.311562061309814,14.381488978862762,0.6364567018058983,0.6702075391251411,0.6702075391251411,0.6364567018058983,0.6364567018058983,0.6363635397376587,0.0,0.0,1.0,0
machine-1-6,22,W3_b01,26,17931,8,25.33934772014618,19.023282945156097,22.225814044475555,22.225814044475555,19.023282945156097,19.023282945156097,19.736172139644623,19.13721466064453,18.836719751358032,0.7507408302397436,0.8771265262998387,0.8771265262998387,0.7507408302397436,0.7507408302397436,0.7433782415946643,0.0,0.0,1.0,0
machine-1-6,22,W3_b01,27,18600,3161,30.11452478730426,8.29270231120385,21.690759221838455,13.545394431032436,20.990370754123074,17.692120963393492,8.53699540345211,8.479916895314584,8.321114400186632,0.27537217903235534,0.7202756601685738,0.4497960544522001,0.6970181632410231,0.5874946089420667,0.27631564698290256,0.0408098702942106,0.6026573869028788,0.055045871559633,4
machine-1-6,22,W3_b01,28,22252,8,20.224815368652344,17.233057498931885,19.785090565681458,19.7171014547348,16.286123275756836,24.011099576950073,17.61470127105713,17.13668143749237,17.11617147922516,0.8520748983272518,0.9782581548975502,0.974896487079705,0.8052544845971586,1.1872098280890278,0.8462955615285637,0.0,0.0,1.0,0
machine-1-6,22,W3_b01,29,22417,3,19.419658025105793,13.903441429138184,12.592514355977375,12.70884625116984,13.899049123128256,22.939497629801433,13.722225427627563,14.007269541422524,14.013725121816,0.7159467695653431,0.6484416120869757,0.654432031436383,0.7157205912256294,1.1812513691098567,0.7216257414882905,0.0,0.0,1.0,0
machine-1-6,33,W1,0,246,6,7.874651988347371,7.838453849156697,7.838453849156697,7.838453849156697,7.838453849156697,7.838453849156697,7.838453849156697,7.840354641278584,7.838453849156697,0.9954032077551822,0.9954032077551822,0.9954032077551822,0.9954032077551822,0.9954032077551822,0.9954032077551822,0.0,0.0,1.0,0
machine-1-6,33,W1,1,653,5,13.943931293487548,13.929652118682862,13.929652118682862,13.929652118682862,13.929652118682862,13.929652118682862,13.929652118682862,13.929652118682862,13.943931293487548,0.998975957747916,0.998975957747916,0.998975957747916,0.998975957747916,0.998975957747916,1.0,0.0,0.0,1.0,0
machine-1-6,33,W1,2,2092,8,10.795265853405,10.43493276834488,10.824426352977753,10.824426352977753,10.43493276834488,10.43493276834488,10.42153650522232,10.43493276834488,10.42153650522232,0.9666211939610114,1.0027012303326976,1.0027012303326976,0.9666211939610114,0.9666211939610114,0.9653802552658025,0.5,0.5,1.0,0
machine-1-6,33,W1,3,2884,4,2.588045835494995,2.135107398033142,2.2278520464897156,2.2278520464897156,2.135107398033142,2.135107398033142,2.374191641807556,2.5387585163116455,2.190109431743622,0.8249882474066681,0.8608240302141372,0.8608240302141372,0.8249882474066681,0.8249882474066681,0.846240588828187,1.0,1.0,1.0,0
machine-1-6,33,W1,4,3534,5,14.697156715393067,18.773017120361327,19.192279434204103,19.192279434204103,18.773017120361327,18.773017120361327,18.773017120361327,18.753548431396485,18.773017120361327,1.2773230553294304,1.3058498188362562,1.3058498188362562,1.2773230553294304,1.2773230553294304,1.2773230553294304,0.0,0.0,1.0,0
machine-1-6,33,W1,5,4647,398,11.526664259445727,4.629216557771117,4.706383472111956,4.706383472111956,4.629216557771117,4.629216557771117,4.8641440673689145,4.630243001571253,4.814756038799957,0.4016093861654402,0.4083040302189099,0.4083040302189099,0.4016093861654402,0.4016093861654402,0.41770593212641033,0.6557788944723618,0.6557788944723618,1.0,0
machine-1-6,33,W1,6,5167,5,24.095389938354497,19.192403984069824,23.47151908874512,23.47151908874512,19.192403984069824,19.192403984069824,19.85941848754883,19.192403984069824,19.192403984069824,0.796517675504383,0.974108289958972,0.974108289958972,0.796517675504383,0.796517675504383,0.796517675504383,0.0,0.0,1.0,0
machine-1-6,33,W1,7,5708,5,19.030594062805175,12.123284769058229,10.39309320449829,10.39309320449829,12.123284769058229,12.123284769058229,11.343319511413574,12.123284769058229,12.123284769058229,0.6370418458324897,0.5461255266230146,0.5461255266230146,0.6370418458324897,0.6370418458324897,0.6370418458324897,0.2,0.2,1.0,0
machine-1-6,33,W1,8,5873,12,19.436448494593304,13.319872736930847,13.691551049550377,13.691551049550377,13.319872736930847,13.319872736930847,12.884767572085062,13.302369117736816,13.319872736930847,0.6853038373052607,0.7044265856161427,0.7044265856161427,0.6853038373052607,0.6853038373052607,0.6853038373052607,0.0,0.0,1.0,0
machine-1-6,33,W1,9,6022,5,17.073451042175293,7.874318718910217,7.95105471611023,7.95105471611023,7.874318718910217,7.874318718910217,7.856404852867127,7.874318718910217,8.313462114334106,0.46120252428515274,0.4656969874730846,0.4656969874730846,0.46120252428515274,0.46120252428515274,0.48692335801344266,0.0,0.0,1.0,0
machine-1-6,33,W1,10,6412,7,18.06261430467878,20.15280900682722,16.966986928667342,16.966986928667342,20.15280900682722,20.15280900682722,18.85647773742676,20.574863842555455,20.19512489863805,1.1157193896127766,0.9393428128658188,0.9393428128658188,1.1157193896127766,1.1157193896127766,1.118062123122835,0.0,0.0,0.0,1
machine-1-6,33,W1,11,7851,5,22.002773094177247,19.625642395019533,23.26511459350586,23.26511459350586,20.678491592407227,20.678491592407227,18.5273645401001,21.03043441772461,18.59174003601074,0.8919622227169723,1.0573719273441344,1.0573719273441344,0.9398129728420245,0.9398129728420245,0.8449725839753721,0.0,0.0,1.0,0
machine-1-6,33,W1,12,9291,7,19.70176683153425,13.48902027947562,19.35039370400565,19.35039370400565,16.039574214390345,16.039574214390345,13.987544877188546,15.555574076516288,14.335593496050151,0.6846604365393953,0.9821654001626798,0.9821654001626798,0.8141185687325122,0.8141185687325122,0.7276298424720411,0.0,0.0,1.0,0
machine-1-6,33,W1,13,10731,5,23.891796493530272,15.708950805664063,24.34794216156006,24.34794216156006,15.226658916473388,15.226658916473388,17.146072959899904,18.71078395843506,14.89049711227417,0.6575039599855095,1.0190921460490971,1.0190921460490971,0.6373174541561435,0.6373174541561435,0.6232472772110884,0.0,0.0,1.0,0
machine-1-6,33,W1,14,11467,4,24.491156816482544,18.91264843940735,20.70887303352356,20.70887303352356,17.666146993637085,17.666146993637085,19.12976622581482,20.02394223213196,18.939080476760864,0.7722235654740138,0.8455653274649114,0.8455653274649114,0.721327584728369,0.721327584728369,0.7733028136921187,0.0,0.0,1.0,0
machine-1-6,33,W1,15,12171,5,19.602145957946775,13.288898944854736,20.680831336975096,20.680831336975096,13.288898944854736,13.288898944854736,15.258374214172363,14.173607635498048,13.23188066482544,0.6779308231539503,1.0550289433280655,1.0550289433280655,0.6779308231539503,0.6779308231539503,0.675022045709296,0.0,0.0,1.0,0
machine-1-6,33,W1,16,13069,4,21.113277196884155,14.858266711235046,14.675177574157717,14.675177574157717,14.858266711235046,14.858266711235046,14.906010031700134,14.858266711235046,14.598019778728483,0.7037404270630138,0.6950686734849217,0.6950686734849217,0.7037404270630138,0.7037404270630138,0.6914142055067994,0.25,0.25,1.0,0
machine-1-6,33,W1,17,13277,3,13.398996671040852,6.864757776260376,6.864757776260376,6.864757776260376,6.864757776260376,6.864757776260376,6.3952163855234785,6.834070444107056,6.7723460992177325,0.5123337175758185,0.5123337175758185,0.5123337175758185,0.5123337175758185,0.5123337175758185,0.5054368073584757,1.0,1.0,1.0,0
machine-1-6,33,W1,18,13613,6,18.57612880071004,9.608290990193684,18.335793495178223,18.335793495178223,11.31311253706614,11.31311253706614,10.594839096069336,11.723313411076864,10.638274788856506,0.5172386073155577,0.987062142596544,0.987062142596544,0.6090134633774565,0.6090134633774565,0.5726852404495535,0.0,0.0,1.0,0
machine-1-6,33,W1,19,14603,4,24.893616199493408,15.047549426555634,17.302632570266724,17.302632570266724,15.047549426555634,15.047549426555634,15.108258426189424,16.83298099040985,15.138635337352753,0.6044742276882157,0.6950630407252296,0.6950630407252296,0.6044742276882157,0.6044742276882157,0.6081332344820528,0.0,0.0,1.0,0
machine-1-6,33,W1,20,15052,3,26.883179982503258,24.06007258097331,29.267749786376953,29.267749786376953,24.06007258097331,24.06007258097331,23.97207196553548,22.25354385375977,24.06007258097331,0.8949861064290999,1.088701180642531,1.088701180642531,0.8949861064290999,0.8949861064290999,0.8949861064290999,0.0,0.0,1.0,0
machine-1-6,33,W1,21,15397,4,23.957140684127808,13.886350691318512,15.54355138540268,15.54355138540268,14.290493071079254,14.290493071079254,13.89464795589447,14.189043879508972,14.04461658000946,0.5796330569832384,0.6488066163797528,0.6488066163797528,0.596502448246967,0.596502448246967,0.586239266412722,0.0,0.0,1.0,0
machine-1-6,33,W1,22,15802,3,24.005295435587566,17.515955845514934,14.729388078053791,14.729388078053791,17.515955845514934,17.515955845514934,17.391976912816364,19.34488709767659,17.515955845514934,0.7296704967666316,0.6135891190165337,0.6135891190165337,0.7296704967666316,0.7296704967666316,0.7296704967666316,0.0,0.0,1.0,0
machine-1-6,33,W1,23,16491,8,17.727969884872437,12.9954976439476,19.104278683662415,19.104278683662415,16.474167823791504,16.474167823791504,14.482236683368685,16.244171857833862,14.452474236488342,0.7330505257139943,1.0776348791050465,1.0776348791050465,0.9292754856183041,0.9292754856183041,0.8152357167991848,0.0,0.0,1.0,0
machine-1-6,33,W1,24,16718,3,20.7789888381958,16.332294464111328,15.948595841725668,15.948595841725668,16.88568623860677,16.88568623860677,17.12695598602295,16.88568623860677,16.332294464111328,0.7860004445495159,0.7675347422300485,0.7675347422300485,0.8126327209708882,0.8126327209708882,0.7860004445495159,0.0,0.0,1.0,0
machine-1-6,33,W1,25,16972,4,23.600088119506836,14.342885375022888,16.974189162254333,16.974189162254333,14.342885375022888,14.342885375022888,15.590144515037537,14.100750863552094,14.893701434135435,0.6077471110443721,0.7192426179215909,0.7192426179215909,0.6077471110443721,0.6077471110443721,0.6310866874189732,0.0,0.0,1.0,0
machine-1-6,33,W1,26,17931,8,20.281532883644104,11.18906307220459,22.05124044418335,22.05124044418335,11.949095129966736,11.949095129966736,11.638337671756744,11.933257699012756,14.534440279006958,0.5516872485130514,1.0872570910045174,1.0872570910045174,0.5891613419221876,0.5891613419221876,0.7166342091789399,0.0,0.0,1.0,0
machine-1-6,33,W1,27,18600,3161,29.021240128779933,8.063224965731806,20.565079301718253,11.949031910614211,19.65606351741241,17.998826109393796,8.218824758479883,8.135189539192222,8.1032901070081,0.2778387460339996,0.708621658153201,0.41173402161972167,0.677299227399996,0.6201949341077477,0.27921929149306707,0.030686491616577,0.6836444163239481,0.0597912053147738,4
machine-1-6,33,W1,28,22252,8,15.621661901474,14.01471197605133,17.339354515075684,17.339354515075684,14.01471197605133,14.01471197605133,13.96447217464447,14.01471197605133,14.007169127464294,0.8971332284901746,1.1099558180451727,1.1099558180451727,0.8971332284901746,0.8971332284901746,0.8966503830263175,0.0,0.0,1.0,0
machine-1-6,33,W1,29,22417,3,20.88029797871907,18.98713715871175,12.47143538792928,12.47143538792928,18.98713715871175,18.98713715871175,18.959113121032715,19.03848807017009,18.98713715871175,0.909332672266612,0.5972824430302673,0.5972824430302673,0.909332672266612,0.909332672266612,0.909332672266612,0.0,0.0,1.0,0
machine-1-6,33,W2_f0995,0,246,6,14.347864071528116,10.50205365816752,10.50205365816752,10.50205365816752,10.50205365816752,10.50205365816752,10.50205365816752,10.5947394768397,10.53516924381256,0.7319593777730152,0.7319593777730152,0.7319593777730152,0.7319593777730152,0.7319593777730152,0.7342674276318617,0.0,0.0,1.0,0
machine-1-6,33,W2_f0995,1,653,5,29.70039749145508,29.69516830444336,30.111775970458982,30.111775970458982,29.69516830444336,29.69516830444336,29.577965927124023,29.67719764709473,29.712258529663085,0.9998239354536173,1.0138509418644062,1.0138509418644062,0.9998239354536173,0.9998239354536173,1.000399356211021,0.0,0.0,1.0,0
machine-1-6,33,W2_f0995,2,2092,8,28.402339220046997,27.727972865104675,28.15309476852417,28.15309476852417,27.727972865104675,27.727972865104675,27.647092938423157,27.72459232807159,27.706388294696808,0.9762566614771526,0.9912245097281669,0.9912245097281669,0.9762566614771526,0.9762566614771526,0.9754967039877134,0.0,0.0,1.0,0
machine-1-6,33,W2_f0995,3,2884,4,7.1101871728897095,2.6405742168426514,2.6964390873908997,2.6964390873908997,2.6405742168426514,2.6405742168426514,2.834135115146637,2.764661431312561,2.7365981340408325,0.3713790020761822,0.3792360203500828,0.3792360203500828,0.3713790020761822,0.3713790020761822,0.38488412013612705,1.0,1.0,1.0,0
machine-1-6,33,W2_f0995,4,3534,5,28.68531150817871,24.615216159820555,25.278147411346435,25.278147411346435,24.615216159820555,24.615216159820555,24.67978458404541,24.730531024932866,24.816336345672607,0.8581122137300933,0.8812226914160988,0.8812226914160988,0.8581122137300933,0.8581122137300933,0.8651234740329389,0.0,0.0,1.0,0
machine-1-6,33,W2_f0995,5,4647,398,14.642735141006549,5.707158003021125,5.946804700185306,5.946804700185306,5.706985245996983,5.707297491667858,5.979746181162159,5.723827614257084,5.847083141456297,0.3897603793323009,0.40612663159708834,0.40612663159708834,0.38974858119332767,0.3897699054655943,0.39931632206347245,0.7763819095477387,0.7763819095477387,1.0,0
machine-1-6,33,W2_f0995,6,5167,5,26.858127212524415,20.065784978866574,20.33553476333618,20.33553476333618,20.066760969161987,20.066494131088255,20.24590721130371,20.06869535446167,20.124456787109377,0.7471029093014925,0.7571464161452539,0.7571464161452539,0.7471392480338132,0.7471293129377575,0.7492874178406971,0.0,0.0,1.0,0
machine-1-6,33,W2_f0995,7,5708,5,23.066582107543944,12.286977863311767,13.104594612121582,13.104594612121582,12.287605667114258,12.287509536743164,12.534316539764404,12.328885078430176,12.32419033050537,0.5326744034302898,0.5681203461797539,0.5681203461797539,0.5327016204579172,0.5326974529410027,0.534287666592561,0.2,0.2,1.0,0
machine-1-6,33,W2_f0995,8,5873,12,25.02923361460368,14.10150396823883,14.386075814565023,14.386075814565023,14.101620276769005,14.101599256197613,14.2137184937795,14.283302386601768,14.16423479715983,0.563401348414084,0.5747709273116238,0.5747709273116238,0.563405995321455,0.5634051554806626,0.5659076508397562,0.0,0.0,1.0,0
machine-1-6,33,W2_f0995,9,6022,5,23.539233779907228,8.423513889312744,8.507541608810424,8.507541608810424,8.42353663444519,8.423534440994263,8.439145708084107,8.414311504364013,9.079568529129029,0.3578499609661442,0.3614196489297943,0.3614196489297943,0.35785092723091977,0.3578508340481532,0.385720648939696,0.0,0.0,1.0,0
machine-1-6,33,W2_f0995,10,6412,7,31.84403555733817,22.87814732960292,23.048137732914515,23.048137732914515,22.87814964566912,22.878149100712367,22.841664178030832,22.978867871420725,22.864954130990164,0.7184437188687556,0.7237819368532667,0.7237819368532667,0.7184437916003098,0.7184437744870029,0.7180294121271052,0.0,0.0,1.0,0
machine-1-6,33,W2_f0995,11,7851,5,30.307995986938476,23.74431800842285,23.74483518600464,23.74483518600464,23.74431800842285,23.74431800842285,23.744000339508055,23.739693450927735,23.78751974105835,0.7834341148341083,0.7834511788980606,0.7834511788980606,0.7834341148341083,0.7834341148341083,0.7848595384303803,0.0,0.0,1.0,0
machine-1-6,33,W2_f0995,12,9291,7,29.12674086434501,21.47318390437535,21.50838783809117,21.50838783809117,21.47318390437535,21.47318390437535,21.427843366350448,21.5068427494594,21.470760072980607,0.7372326345877362,0.7384412810985073,0.7384412810985073,0.7372326345877362,0.7372326345877362,0.7371494178829895,0.2857142857142857,0.2857142857142857,1.0,0
machine-1-6,33,W2_f0995,13,10731,5,30.023756217956542,23.39593534469605,23.397289752960205,23.397289752960205,23.39593534469605,23.39593534469605,23.44113521575928,23.484138011932373,23.379199600219728,0.7792474457510903,0.7792925569708299,0.7792925569708299,0.7792474457510903,0.7792474457510903,0.7786900290056694,0.0,0.0,1.0,0
machine-1-6,33,W2_f0995,14,11467,4,30.15727472305298,21.586333632469177,21.63724637031555,21.63724637031555,21.586333632469177,21.586333632469177,21.743123054504395,21.57018792629242,21.598679423332214,0.7157919218731009,0.717480162548491,0.717480162548491,0.7157919218731009,0.7157919218731009,0.716201302063334,0.0,0.0,1.0,0
machine-1-6,33,W2_f0995,15,12171,5,30.728318214416504,24.26530504226685,24.27861328125,24.27861328125,24.26530504226685,24.26530504226685,24.254544067382813,24.277529335021978,24.273694038391113,0.7896724081333724,0.7901055017667528,0.7901055017667528,0.7896724081333724,0.7896724081333724,0.7899454135112042,0.0,0.0,1.0,0
machine-1-6,33,W2_f0995,16,13069,4,26.486640453338623,14.778880417346954,14.842474937438965,14.842474937438965,14.778880417346954,14.778880417346954,14.843898117542269,14.852013885974884,15.160831451416016,0.5579748946788035,0.5603758983169979,0.5603758983169979,0.5579748946788035,0.5579748946788035,0.5723954111177207,0.25,0.25,1.0,0
machine-1-6,33,W2_f0995,17,13277,3,18.891592661539715,6.6059277057647705,6.511033296585083,6.511033296585083,6.6059277057647705,6.6059277057647705,6.7234212557474775,6.568276723225911,6.460909128189087,0.34967553155078296,0.34465242889978853,0.34465242889978853,0.34967553155078296,0.34967553155078296,0.341999176244281,1.0,1.0,1.0,0
machine-1-6,33,W2_f0995,18,13613,6,27.43164825439453,19.25818634033203,19.613513867060345,19.613513867060345,19.25818634033203,19.25818634033203,19.31806977589925,19.381762345631916,19.28283421198527,0.7020426246988962,0.7149958210738676,0.7149958210738676,0.7020426246988962,0.7020426246988962,0.7029411442273132,0.5,0.5,1.0,0
machine-1-6,33,W2_f0995,19,14603,4,29.61351203918457,17.17229700088501,17.174203097820282,17.174203097820282,17.17229700088501,17.17229700088501,17.242924094200134,17.16670387983322,17.332835912704468,0.5798804605871348,0.5799448263716709,0.5799448263716709,0.5798804605871348,0.5798804605871348,0.5853015977898763,0.0,0.0,1.0,0
machine-1-6,33,W2_f0995,20,15052,3,33.879414876302086,26.40416940053304,26.462129592895508,26.462129592895508,26.40416940053304,26.40416940053304,26.469635327657063,26.40530490875244,26.361319224039715,0.779357302861868,0.7810680818872463,0.7810680818872463,0.779357302861868,0.779357302861868,0.7780925178397601,0.0,0.0,1.0,0
machine-1-6,33,W2_f0995,21,15397,4,24.95502495765686,15.186719179153442,15.240608513355255,15.240608513355255,15.186719179153442,15.186719179153442,15.198987483978271,15.193865358829498,15.190863251686096,0.6085635740666232,0.6107230323037218,0.6107230323037218,0.6085635740666232,0.6085635740666232,0.6087296357131127,0.0,0.0,1.0,0
machine-1-6,33,W2_f0995,22,15802,3,27.448724110921223,14.095194260279335,14.107436021169027,14.107436021169027,14.095194260279335,14.095194260279335,14.673745155334473,14.290858745574951,14.072326183319092,0.5135099978898902,0.5139559844078873,0.5139559844078873,0.5135099978898902,0.5135099978898902,0.5126768780382048,0.0,0.0,1.0,0
machine-1-6,33,W2_f0995,23,16491,8,31.72099006175995,24.141003489494324,24.295695304870605,24.295695304870605,24.141003489494324,24.141003489494324,24.130723357200623,24.134891271591187,24.291476666927338,0.7610419297283096,0.7659185686691214,0.7659185686691214,0.7610419297283096,0.7610419297283096,0.7657855766680819,0.0,0.0,1.0,0
machine-1-6,33,W2_f0995,24,16718,3,22.041020075480144,12.814417362213137,12.99823792775472,12.99823792775472,12.814417362213137,12.814417362213137,13.153299490610758,12.877620379130043,13.076964616775513,0.5813894873435882,0.5897294173882088,0.5897294173882088,0.5813894873435882,0.5813894873435882,0.5933012434085649,0.3333333333333333,0.3333333333333333,1.0,0
machine-1-6,33,W2_f0995,25,16972,4,27.222092628479004,16.337008893489838,16.409450709819794,16.409450709819794,16.337008893489838,16.337008893489838,16.178411185741425,16.303983330726624,16.35873234272003,0.6001378775854472,0.602799018200852,0.602799018200852,0.6001378775854472,0.6001378775854472,0.6009358856418693,0.0,0.0,1.0,0
machine-1-6,33,W2_f0995,26,17931,8,32.85094904899597,24.768307149410248,24.944228529930115,24.944228529930115,24.768307149410248,24.768307149410248,24.77630227804184,24.77358567714691,24.75800859928131,0.7539601706017454,0.7593153090562688,0.7593153090562688,0.7539601706017454,0.7539601706017454,0.753646677371654,0.0,0.0,1.0,0
machine-1-6,33,W2_f0995,27,18600,3161,34.879325023145476,10.980971666839595,23.25448768035553,15.58797880600842,22.818503810989068,22.29482100776237,11.356501270268245,11.11861027467481,11.109672385919929,0.31482752775613526,0.666712663301946,0.4469117104664278,0.6542128838745302,0.6391987514944114,0.3185174133544067,0.0458715596330275,0.6178424549193293,0.061372983233154,4
machine-1-6,33,W2_f0995,28,22252,8,27.305142045021057,22.095532953739166,22.580489575862885,22.270239293575287,22.351442337036133,22.34108579158783,21.940234810113907,21.9767744243145,22.024193584918976,0.8092077645048605,0.8269683980633352,0.8156060589926923,0.8185799693033201,0.8182006801045594,0.8065950929171221,0.0,0.0,1.0,0
machine-1-6,33,W2_f0995,29,22417,3,19.680245399475098,11.77185312906901,11.961200873057049,11.913237651189169,11.798252979914349,11.799124479293823,12.101236820220947,12.048230171203612,11.802974780400596,0.5981558100582924,0.6077770185414493,0.6053398933484292,0.599497249166874,0.5995415321197429,0.5997371750616178,0.0,0.0,1.0,0
machine-1-6,33,W3_b01,0,246,6,12.759711503982544,10.97162183125814,10.97162183125814,10.97162183125814,10.97162183125814,10.97162183125814,10.97162183125814,11.053372502326964,10.9742271900177,0.8598644121251247,0.8598644121251247,0.8598644121251247,0.8598644121251247,0.8598644121251247,0.8600685984626251,0.0,0.0,1.0,0
machine-1-6,33,W3_b01,1,653,5,16.352275848388672,16.71520881652832,17.053416061401368,17.053416061401368,16.71520881652832,16.71520881652832,16.68456439971924,16.30405616760254,16.489869689941408,1.0221946456569477,1.042877225134493,1.042877225134493,1.0221946456569477,1.0221946456569477,1.0084143542359758,0.0,0.0,1.0,0
machine-1-6,33,W3_b01,2,2092,8,17.76114320755005,16.541588723659515,18.203499138355255,18.203499138355255,16.541588723659515,16.541588723659515,16.417328655719757,16.249325394630432,16.537128031253815,0.9313358115725279,1.0249058253534697,1.0249058253534697,0.9313358115725279,0.9313358115725279,0.9310846626260003,0.0,0.0,1.0,0
machine-1-6,33,W3_b01,3,2884,4,5.480496525764465,1.9081882536411283,1.936146914958954,1.936146914958954,1.9081882536411283,1.9081882536411283,1.926274657249451,2.349846303462982,2.3407373428344727,0.3481779880108506,0.3532794712772643,0.3532794712772643,0.3481779880108506,0.3481779880108506,0.4271031523932892,1.0,1.0,1.0,0
machine-1-6,33,W3_b01,4,3534,5,21.731287574768068,18.64695930480957,18.924855041503907,18.924855041503907,18.64695930480957,18.64695930480957,18.564259338378907,18.591248321533204,18.571125793457032,0.8580696951643273,0.8708575125330965,0.8708575125330965,0.8580696951643273,0.8580696951643273,0.8545800946935026,0.0,0.0,1.0,0
machine-1-6,33,W3_b01,5,4647,398,11.631012939328524,4.390630366364915,4.492421962058724,4.492421962058724,4.390630366364915,4.390630366364915,4.624151228061273,4.426864709386874,4.559259652492389,0.3774933782008493,0.3862451177290219,0.3862451177290219,0.3774933782008493,0.3774933782008493,0.39199162414100125,0.6959798994974874,0.6959798994974874,1.0,0
machine-1-6,33,W3_b01,6,5167,5,21.406767272949217,17.31370277404785,17.9586519241333,17.9586519241333,17.31370277404785,17.31370277404785,17.32888994216919,17.28641757965088,17.25566682815552,0.8087957678657258,0.8389240512193942,0.8389240512193942,0.8087957678657258,0.8087957678657258,0.8060846651031116,0.0,0.0,1.0,0
machine-1-6,33,W3_b01,7,5708,5,18.711081314086915,12.220802736282348,12.452114391326903,12.452114391326903,12.220802736282348,12.220802736282348,12.299620580673215,11.845566558837891,12.189839267730711,0.6531318276663004,0.6654941092021306,0.6654941092021306,0.6531318276663004,0.6531318276663004,0.6514770078281585,0.2,0.2,1.0,0
machine-1-6,33,W3_b01,8,5873,12,19.737333059310913,12.109312852223717,12.155091365178428,12.155091365178428,12.109312852223717,12.109312852223717,12.116679469744364,12.08204178015391,12.056981841723124,0.6135232564518769,0.6158426434134865,0.6158426434134865,0.6135232564518769,0.6135232564518769,0.6108718845394033,0.0,0.0,1.0,0
machine-1-6,33,W3_b01,9,6022,5,19.69668369293213,8.032700872421264,7.897321653366089,7.897321653366089,8.032700872421264,8.032700872421264,8.041436433792114,8.031971311569214,7.943893384933472,0.4078199659216583,0.40094676730783513,0.40094676730783513,0.4078199659216583,0.4078199659216583,0.40331121262733294,0.0,0.0,1.0,0
machine-1-6,33,W3_b01,10,6412,7,23.07442951202393,18.01180866786412,18.81594603402274,18.81594603402274,18.01180866786412,18.01180866786412,17.896830558776855,17.643001079559326,17.948292187282018,0.780596055840873,0.8154457740425556,0.8154457740425556,0.780596055840873,0.780596055840873,0.777843377576433,0.0,0.0,1.0,0
machine-1-6,33,W3_b01,11,7851,5,22.59179801940918,18.258718967437744,19.77103500366211,19.77103500366211,18.258718967437744,18.258718967437744,18.27433547973633,18.559851932525635,18.20293598175049,0.8082012308958862,0.8751421638364648,0.8751421638364648,0.8082012308958862,0.8082012308958862,0.8057320610830484,0.0,0.0,1.0,0
machine-1-6,33,W3_b01,12,9291,7,20.94730281829834,16.123877661568777,17.38153726713998,17.38153726713998,16.123877661568777,16.123877661568777,16.16543688092913,15.712859255926949,16.13068151473999,0.7697352638395001,0.8297744782663133,0.8297744782663133,0.7697352638395001,0.7697352638395001,0.770060071917668,0.2857142857142857,0.2857142857142857,1.0,0
machine-1-6,33,W3_b01,13,10731,5,22.502698516845705,18.14426298141479,19.429853248596192,19.429853248596192,18.14426298141479,18.14426298141479,18.334066772460936,18.67935066223145,18.066437911987304,0.8063149834155156,0.8634454767303061,0.8634454767303061,0.8063149834155156,0.8063149834155156,0.8028565062302471,0.0,0.0,1.0,0
machine-1-6,33,W3_b01,14,11467,4,22.52734088897705,16.727858901023865,18.30054545402527,18.30054545402527,16.727858901023865,16.727858901023865,16.66583788394928,17.03302574157715,16.729064226150513,0.7425580756941023,0.812370423309925,0.812370423309925,0.7425580756941023,0.7425580756941023,0.7426115806831104,0.0,0.0,1.0,0
machine-1-6,33,W3_b01,15,12171,5,22.079076766967773,17.38961763381958,19.9291823387146,19.9291823387146,17.38961763381958,17.38961763381958,17.523170948028564,17.95858516693115,17.34336519241333,0.7876061946501298,0.9026275214790863,0.9026275214790863,0.7876061946501298,0.7876061946501298,0.7855113406897756,0.0,0.0,1.0,0
machine-1-6,33,W3_b01,16,13069,4,23.262022495269775,14.96832287311554,14.47281801700592,14.47281801700592,14.96832287311554,14.96832287311554,14.960833489894869,14.96308207511902,14.89893877506256,0.6434660991390271,0.622165077002608,0.622165077002608,0.6434660991390271,0.6434660991390271,0.6404833792114245,0.25,0.25,1.0,0
machine-1-6,33,W3_b01,17,13277,3,14.8380708694458,5.960965236028035,5.870798826217651,5.870798826217651,5.960965236028035,5.960965236028035,6.204985618591309,5.876130660374959,5.929195483525594,0.4017345171401433,0.39565782357237955,0.39565782357237955,0.4017345171401433,0.4017345171401433,0.39959341990574065,1.0,1.0,1.0,0
machine-1-6,33,W3_b01,18,13613,6,19.67479594548543,15.267037312189736,16.748242775599163,16.748242775599163,15.267037312189736,15.267037312189736,15.621254762013754,15.096855481465658,15.249545335769652,0.7759692834676083,0.8512536964553478,0.8512536964553478,0.7759692834676083,0.7759692834676083,0.7750802284314824,0.5,0.5,1.0,0
machine-1-6,33,W3_b01,19,14603,4,24.015482664108276,14.561050057411194,15.142344295978546,15.142344295978546,14.561050057411194,14.561050057411194,14.56183135509491,14.634575068950651,14.567299246788023,0.6063192758217197,0.6305242541974453,0.6305242541974453,0.6063192758217197,0.6063192758217197,0.606579490844846,0.0,0.0,1.0,0
machine-1-6,33,W3_b01,20,15052,3,26.260988235473633,21.41741689046224,23.055778821309406,23.055778821309406,21.41741689046224,21.41741689046224,21.590834617614743,21.570788383483887,21.312439282735188,0.8155602027775694,0.8779478751742253,0.8779478751742253,0.8155602027775694,0.8155602027775694,0.8115627291567843,0.0,0.0,1.0,0
machine-1-6,33,W3_b01,21,15397,4,20.36743760108948,14.692854762077332,14.402023434638975,14.402023434638975,14.692854762077332,14.692854762077332,14.651005506515505,14.479553699493408,14.622770071029665,0.7213894575177877,0.7071102274479826,0.7071102274479826,0.7213894575177877,0.7213894575177877,0.7179484409097919,0.0,0.0,1.0,0
machine-1-6,33,W3_b01,22,15802,3,22.332019805908203,13.933518727620443,13.225011110305786,13.225011110305786,13.933518727620443,13.933518727620443,13.921227931976318,13.702736616134644,13.976564168930054,0.6239255942238671,0.5921995065939781,0.5921995065939781,0.6239255942238671,0.6239255942238671,0.6258531154102052,0.0,0.0,1.0,0
machine-1-6,33,W3_b01,23,16491,8,23.179213523864743,17.33181494474411,20.073956191539764,20.073956191539764,17.33181494474411,17.33181494474411,17.248569011688232,18.232903599739075,17.32052356004715,0.7477309325831829,0.866032670645711,0.866032670645711,0.7477309325831829,0.7477309325831829,0.7472437985100042,0.0,0.0,1.0,0
machine-1-6,33,W3_b01,24,16718,3,18.62205187479655,13.533008337020874,12.304656267166138,12.304656267166138,13.533008337020874,13.533008337020874,13.634305477142334,13.249717791875204,13.35174282391866,0.7267195058852087,0.6607572758305705,0.6607572758305705,0.7267195058852087,0.7267195058852087,0.7169855885746494,0.3333333333333333,0.3333333333333333,1.0,0
machine-1-6,33,W3_b01,25,16972,4,22.29007315635681,14.831209301948547,15.1910799741745,15.1910799741745,14.831209301948547,14.831209301948547,15.022767424583437,14.774801969528198,14.7012060880661,0.6653728409912777,0.681517726192039,0.681517726192039,0.6653728409912777,0.6653728409912777,0.6595405041940621,0.0,0.0,1.0,0
machine-1-6,33,W3_b01,26,17931,8,24.71193492412567,17.706380248069763,20.928722381591797,20.928722381591797,17.706380248069763,17.706380248069763,17.57214742898941,18.379882156848907,18.354881167411804,0.7165112850302728,0.8469074738926892,0.8469074738926892,0.7165112850302728,0.7165112850302728,0.7427537027662036,0.0,0.0,1.0,0
machine-1-6,33,W3_b01,27,18600,3161,31.177606680995865,8.358472577381345,20.838863655759805,13.12781802422259,19.90350062460207,15.12812923627049,8.446059111664846,8.48271642561692,8.573100565581788,0.26809218112550653,0.6683920247304299,0.4210656115635899,0.6383909075591148,0.4852241992484868,0.2749762242272263,0.0408098702942106,0.6431509016134135,0.1151534324580828,7
machine-1-6,33,W3_b01,28,22252,8,20.04136300086975,16.017738938331604,18.891233682632446,18.408007264137268,22.24838662147522,22.696006059646606,16.07529842853546,15.94793951511383,16.29991054534912,0.7992340110618459,0.9426122206265416,0.918500765808114,1.1101234292552702,1.1324582094871316,0.813313472972958,0.0,0.0,0.0,0
machine-1-6,33,W3_b01,29,22417,3,20.705453554789223,15.510759115219116,12.557358105977375,13.504891554514566,25.9237429300944,23.58359146118164,15.489493449529013,15.37276570002238,15.507754882176718,0.7491146752316101,0.6064758771281697,0.6522383834181141,1.2520248765136648,1.139003857064831,0.7489695814265191,0.0,0.0,0.0,0
machine-2-7,11,W1,0,664,3,16.67467991511027,16.611924330393474,16.611924330393474,16.611924330393474,16.611924330393474,16.611924330393474,16.611924330393474,16.611924330393474,16.611924330393474,0.9962364744009311,0.9962364744009311,0.9962364744009311,0.9962364744009311,0.9962364744009311,0.9962364744009311,0.0,0.0,1.0,0
machine-2-7,11,W1,1,2104,3,13.820774714152018,12.99737310409546,13.773590723673502,13.773590723673502,12.99737310409546,12.99737310409546,13.022265275319418,12.99737310409546,12.99737310409546,0.9404229048597817,0.9965860097241727,0.9965860097241727,0.9404229048597817,0.9404229048597817,0.9404229048597817,0.0,0.0,1.0,0
machine-2-7,11,W1,2,3544,3,16.86011012395223,14.904685258865356,17.597726345062256,17.597726345062256,14.904685258865356,14.904685258865356,14.904099067052206,14.55069406827291,14.904685258865356,0.884020635054518,1.0437491935513599,1.0437491935513599,0.884020635054518,0.884020635054518,0.884020635054518,0.0,0.0,1.0,0
machine-2-7,11,W1,3,4984,3,19.31232976913452,16.816353400548298,19.22968053817749,19.22968053817749,16.816353400548298,16.816353400548298,16.816353400548298,16.816353400548298,16.816353400548298,0.8707573659716934,0.9957203904477064,0.9957203904477064,0.8707573659716934,0.8707573659716934,0.8707573659716934,0.0,0.0,1.0,0
machine-2-7,11,W1,4,6030,4,9.57835739850998,9.60934454202652,9.60934454202652,9.60934454202652,9.60934454202652,9.60934454202652,9.60934454202652,9.597805082798004,9.60934454202652,1.0032351208278532,1.0032351208278532,1.0032351208278532,1.0032351208278532,1.0032351208278532,1.0032351208278532,0.5,0.5,1.0,0
machine-2-7,11,W1,5,7665,4,1.4441850185394287,1.1059710830450058,1.1059710830450058,1.1059710830450058,1.1059710830450058,1.1059710830450058,1.1059710830450058,1.1059710830450058,1.1059710830450058,0.7658098296598629,0.7658098296598629,0.7658098296598629,0.7658098296598629,0.7658098296598629,0.7658098296598629,1.0,1.0,1.0,0
machine-2-7,11,W1,6,7863,4,14.498984694480896,14.227477431297302,14.541487097740172,14.541487097740172,14.227477431297302,14.227477431297302,14.227477431297302,14.227477431297302,14.227477431297302,0.9812740499486875,1.0029314054849272,1.0029314054849272,0.9812740499486875,0.9812740499486875,0.9812740499486875,0.0,0.0,1.0,0
machine-2-7,11,W1,7,9304,3,18.56734005610148,15.512444496154783,18.606410185496017,18.606410185496017,15.512444496154783,15.512444496154783,15.512444496154783,15.494165738423666,15.512444496154783,0.8354694021482729,1.0021042394482187,1.0021042394482187,0.8354694021482729,0.8354694021482729,0.8354694021482729,0.0,0.0,1.0,0
machine-2-7,11,W1,8,10744,3,19.31324315071106,14.455520153045654,19.31915593147278,19.31915593147278,14.455520153045654,14.455520153045654,14.455520153045654,14.477907339731852,14.478365103403728,0.7484770962723287,1.0003061516243326,1.0003061516243326,0.7484770962723287,0.7484770962723287,0.7496599608062552,0.0,0.0,1.0,0
machine-2-7,11,W1,9,12099,28,5.887716885123934,5.694999823612826,5.760617572282042,5.760617572282042,5.694999823612826,5.694999823612826,5.694999823612826,5.694999823612826,5.694999823612826,0.9672679469357583,0.9784128015457019,0.9784128015457019,0.9672679469357583,0.9672679469357583,0.9672679469357583,0.5357142857142857,0.5357142857142857,1.0,0
machine-2-7,11,W1,10,13623,2,26.70413303375244,19.519866585731503,26.787043571472168,26.787043571472168,19.519866585731503,19.519866585731503,19.519866585731503,19.519866585731503,19.519866585731503,0.7309679951436562,1.0031047829792838,1.0031047829792838,0.7309679951436562,0.7309679951436562,0.7309679951436562,0.0,0.0,1.0,0
machine-2-7,11,W1,11,14934,4,6.4203009605407715,6.625736832618713,6.625736832618713,6.625736832618713,6.625736832618713,6.625736832618713,6.625736832618713,6.625736832618713,6.625736832618713,1.0319978570071018,1.0319978570071018,1.0319978570071018,1.0319978570071018,1.0319978570071018,1.0319978570071018,0.0,0.0,1.0,0
machine-2-7,11,W1,12,15063,3,19.57762877146403,13.105507294336954,19.72642993927002,19.72642993927002,13.105507294336954,13.105507294336954,13.105507294336954,13.105507294336954,13.10368005434672,0.669412391425017,1.0076005715269705,1.0076005715269705,0.669412391425017,0.669412391425017,0.6693190583655558,0.0,0.0,1.0,0
machine-2-7,11,W1,13,16534,23,3.9846899924070938,4.058697109637053,4.090591503226238,4.090591503226238,4.058697109637053,4.058697109637053,4.058697109637053,4.058697109637053,4.055008401041445,1.018572866991154,1.026577101611654,1.026577101611654,1.018572866991154,1.018572866991154,1.0176471466458732,0.5652173913043478,0.5652173913043478,1.0,0
machine-2-7,11,W1,14,17978,3,16.560306310653687,16.70659303665161,16.560306310653687,16.560306310653687,16.70659303665161,16.70659303665161,16.70659303665161,16.70659303665161,16.70659303665161,1.0088335760977933,1.0,1.0,1.0088335760977933,1.0088335760977933,1.0088335760977933,0.0,0.0,1.0,0
machine-2-7,11,W1,15,18639,305,33.05850315406674,7.224265424540786,33.07969307508625,33.07969307508625,33.051503700506494,33.051503700506494,7.412074570968503,7.450987395693044,7.216906281572873,0.21852971959657774,1.0006409824704026,1.0006409824704026,0.9997882707051912,0.9997882707051912,0.21830710991175276,0.0,0.0,0.0,0
machine-2-7,11,W1,16,19411,7,8.847481318882533,7.908475807734898,8.900772094726562,8.900772094726562,7.908475807734898,7.908475807734898,7.908475807734898,7.908475807734898,7.908475807734898,0.8938674773866339,1.0060232707957568,1.0060232707957568,0.8938674773866339,0.8938674773866339,0.8938674773866339,0.0,0.0,1.0,0
machine-2-7,11,W1,17,20853,4,7.801044762134552,7.173567235469818,7.841233789920807,7.841233789920807,7.173567235469818,7.173567235469818,7.173567235469818,7.173567235469818,7.173567235469818,0.9195649370311982,1.0051517494145563,1.0051517494145563,0.9195649370311982,0.9195649370311982,0.9195649370311982,0.0,0.0,1.0,0
machine-2-7,11,W1,18,22291,5,6.388836097717285,6.112889528274536,7.049977207183838,7.049977207183838,6.112889528274536,6.112889528274536,6.112889528274536,6.112889528274536,6.112889528274536,0.9568080061497674,1.1034838113475438,1.1034838113475438,0.9568080061497674,0.9568080061497674,0.9568080061497674,0.0,0.0,1.0,0
machine-2-7,11,W1,19,22924,3,8.803134600321451,8.626507679621378,8.626507679621378,8.626507679621378,8.626507679621378,8.626507679621378,8.626507679621378,8.626507679621378,8.626507679621378,0.9799359059335951,0.9799359059335951,0.9799359059335951,0.9799359059335951,0.9799359059335951,0.9799359059335951,0.0,0.0,1.0,0
machine-2-7,11,W2_f0995,0,664,3,12.672192335128784,12.112794240315756,12.112794240315756,12.112794240315756,12.112794240315756,12.112794240315756,12.108944773674011,12.111175060272217,12.112794240315756,0.9558562496512689,0.9558562496512689,0.9558562496512689,0.9558562496512689,0.9558562496512689,0.9558562496512689,0.0,0.0,1.0,0
machine-2-7,11,W2_f0995,1,2104,3,10.460181395212809,10.222629268964132,10.222726583480837,10.222726583480837,10.222629268964132,10.222629268964132,10.219818830490112,10.236201723416649,10.214657743771872,0.9772898655125241,0.9772991688422683,0.9772991688422683,0.9772898655125241,0.9772898655125241,0.9765277826297254,0.0,0.0,1.0,0
machine-2-7,11,W2_f0995,2,3544,3,12.13748308022817,12.585752884546917,12.585823059082031,12.585823059082031,12.585752884546917,12.585752884546917,12.584611733754477,12.58590833346049,12.585744857788086,1.0369326821183358,1.036938463756477,1.036938463756477,1.0369326821183358,1.0369326821183358,1.0369320207984578,0.0,0.0,1.0,0
machine-2-7,11,W2_f0995,3,4984,3,13.415920615196228,13.86677885055542,13.86688725153605,13.86688725153605,13.86677885055542,13.86677885055542,13.866777817408243,13.866342226664225,13.86677885055542,1.0336062092413176,1.0336142892668143,1.0336142892668143,1.0336062092413176,1.0336062092413176,1.0336062092413176,0.0,0.0,1.0,0
machine-2-7,11,W2_f0995,4,6030,4,9.511719226837158,7.753405034542084,7.829372882843018,7.829372882843018,7.753405034542084,7.753405034542084,7.756127059459686,7.743878066539764,7.717786133289337,0.8151423364838167,0.8231290996008978,0.8231290996008978,0.8151423364838167,0.8151423364838167,0.8113975979772123,0.5,0.5,1.0,0
machine-2-7,11,W2_f0995,5,7665,4,3.786730706691742,2.11414834856987,2.114156663417816,2.114156663417816,2.11414834856987,2.11414834856987,2.1147222220897675,2.102003693580627,2.114140808582306,0.5583043824145829,0.5583065781999688,0.5583065781999688,0.5583043824145829,0.5583043824145829,0.5583023912543584,1.0,1.0,1.0,0
machine-2-7,11,W2_f0995,6,7863,4,13.214709222316742,12.25279825925827,12.252799987792969,12.252799987792969,12.25279825925827,12.25279825925827,12.252990484237673,12.24927169084549,12.25279664993286,0.9272090708258631,0.9272092016297022,0.9272092016297022,0.9272090708258631,0.9272090708258631,0.9272089490429783,0.0,0.0,1.0,0
machine-2-7,11,W2_f0995,7,9304,3,14.87251885732015,14.093319733937582,14.093419313430786,14.093419313430786,14.093319733937582,14.093319733937582,14.098008155822754,14.0919291973114,14.093433380126951,0.9476081267162723,0.9476148222527957,0.9476148222527957,0.9476081267162723,0.9476081267162723,0.947615768070804,0.0,0.0,1.0,0
machine-2-7,11,W2_f0995,8,10744,3,14.697871287663778,13.353713393211365,13.354046066602072,13.354046066602072,13.353713393211365,13.353713393211365,13.353724439938864,13.381121039390564,13.404847701390583,0.9085474441744096,0.90857007829497,0.90857007829497,0.9085474441744096,0.9085474441744096,0.9120264723396744,0.0,0.0,1.0,0
machine-2-7,11,W2_f0995,9,12099,28,13.44416207075119,12.517165937594005,12.799763930695397,12.799763930695397,12.79976402435984,12.79976402435984,12.514211254460472,12.51727710877146,12.516777485609056,0.9310484262032264,0.9520685531262874,0.9520685531262874,0.9520685600932104,0.9520685600932104,0.9310195324735239,0.5357142857142857,0.5357142857142857,0.25,1
machine-2-7,11,W2_f0995,10,13623,2,19.711670756340027,19.12240368127823,19.104715645313263,19.104715645313263,19.122391939163208,19.122388005256653,19.159796595573425,19.12261390686035,19.121797382831573,0.9701056758533638,0.9692083376122979,0.9692083376122979,0.9701050801598193,0.9701048805873628,0.9700749175044572,0.0,0.0,1.0,0
machine-2-7,11,W2_f0995,11,14934,4,7.2436483502388,6.191854178905487,6.1919218599796295,6.1919218599796295,6.191854178905487,6.191854178905487,6.236613988876343,6.167925119400024,6.191853821277618,0.8547977316846643,0.8548070751909846,0.8548070751909846,0.8547977316846643,0.8547977316846643,0.8547976823134288,1.0,1.0,1.0,0
machine-2-7,11,W2_f0995,12,15063,3,14.161684354146322,13.298316558202108,13.298418045043944,13.298418045043944,13.298316558202108,13.298316558202108,13.328351378440855,13.283204317092896,13.388873060544332,0.9390349499145959,0.9390421162120007,0.9390421162120007,0.9390349499145959,0.9390349499145959,0.9454294224983398,0.0,0.0,1.0,0
machine-2-7,11,W2_f0995,13,16534,23,5.98747207807458,4.902403525684191,5.007485436356586,5.007485436356586,4.902403525684191,4.902403525684191,4.951153827750164,4.915491684623387,4.902391330055568,0.8187768496885718,0.8363271462581696,0.8363271462581696,0.8187768496885718,0.8187768496885718,0.818774812830869,0.5652173913043478,0.5652173913043478,1.0,0
machine-2-7,11,W2_f0995,14,17978,3,15.92747942606608,15.64744997024536,15.65016190210978,15.65016190210978,15.64744997024536,15.64744997024536,15.669754187266031,15.645501136779783,15.646370569864908,0.9824184700962515,0.9825887375812612,0.9825887375812612,0.9824184700962515,0.9824184700962515,0.9823507004039117,0.0,0.0,1.0,0
machine-2-7,11,W2_f0995,15,18639,305,45.22836925006304,17.056228115519538,40.58468444699147,40.58468444699147,40.67899540135118,40.67899540135118,17.05947500604098,17.202744347150208,17.068539152770747,0.377113488687098,0.8973280513963015,0.8973280513963015,0.8994132681733706,0.8994132681733706,0.3773856859264709,0.0,0.0,0.0032786885245901,0
machine-2-7,11,W2_f0995,16,19411,7,12.084638118743896,12.39441558292934,12.074940647397725,12.074940647397725,12.052951540265765,12.056848764419556,12.432877608707972,12.474448476518903,12.386891875948224,1.0256339876412983,0.999197537298934,0.999197537298934,0.9973779456060845,0.9977004396779381,1.025011403257125,0.0,0.0,1.0,0
machine-2-7,11,W2_f0995,17,20853,4,13.648285448551178,12.872427076101305,12.872459828853607,12.872459828853607,12.872220933437347,12.872226268053057,12.87247321009636,12.8804652094841,12.872424632310867,0.943153418400094,0.9431558181705579,0.9431558181705579,0.9431383144762544,0.9431387053396877,0.9431532393453369,0.0,0.0,1.0,0
machine-2-7,11,W2_f0995,18,22291,5,13.155642461776733,12.361227250099182,12.361435174942017,12.361435174942017,12.361227107048034,12.361227107048034,12.374673581123352,12.352907037734983,12.36533501148224,0.9396141074838651,0.9396299124773071,0.9396299124773071,0.9396140966101165,0.9396140966101165,0.9399263507965723,0.0,0.0,1.0,0
machine-2-7,11,W2_f0995,19,22924,3,11.663363774617514,7.948465704917908,7.947419722874959,7.947419722874959,7.948465704917908,7.948465704917908,7.948562781016032,7.947961449623108,7.948480884234111,0.6814899936685348,0.6814003126757131,0.6814003126757131,0.6814899936685348,0.6814899936685348,0.6814912951212286,0.0,0.0,1.0,0
machine-2-7,11,W3_b01,0,664,3,13.53195103009542,13.123059670130411,13.123059670130411,13.123059670130411,13.123059670130411,13.123059670130411,13.12582532564799,13.1323983669281,13.123059670130411,0.9697832663556332,0.9697832663556332,0.9697832663556332,0.9697832663556332,0.9697832663556332,0.9697832663556332,0.0,0.0,1.0,0
machine-2-7,11,W3_b01,1,2104,3,10.868181387583414,10.315584500630695,10.41435702641805,10.41435702641805,10.315584500630695,10.315584500630695,10.318113923072817,10.328500747680664,10.315523823102316,0.9491546131550542,0.9582428425712655,0.9582428425712655,0.9491546131550542,0.9491546131550542,0.949149030111653,0.0,0.0,1.0,0
machine-2-7,11,W3_b01,2,3544,3,13.672922690709433,13.160966634750366,13.39564299583435,13.39564299583435,13.160966634750366,13.160966634750366,13.216994762420654,13.168001890182495,13.161264181137083,0.962556940638088,0.9797205249274547,0.9797205249274547,0.962556940638088,0.962556940638088,0.9625787023633203,0.0,0.0,1.0,0
machine-2-7,11,W3_b01,3,4984,3,14.955262343088783,14.153141419092814,14.496106068293251,14.496106068293251,14.153141419092814,14.153141419092814,14.165408611297607,14.17835283279419,14.15313227971395,0.9463653056967837,0.969298012681956,0.969298012681956,0.9463653056967837,0.9463653056967837,0.9463646945822037,0.0,0.0,1.0,0
machine-2-7,11,W3_b01,4,6030,4,7.696085453033447,7.4129489958286285,7.404052168130875,7.404052168130875,7.4129489958286285,7.4129489958286285,7.412207037210464,7.391579777002335,7.4120155572891235,0.9632103282983664,0.9620543084292981,0.9620543084292981,0.9632103282983664,0.9632103282983664,0.9630890408535736,0.5,0.5,1.0,0
machine-2-7,11,W3_b01,5,7665,4,3.0291759371757507,1.182489037513733,1.1859217286109924,1.1859217286109924,1.182489037513733,1.182489037513733,1.1802091896533966,1.1786333918571472,1.182571962475777,0.39036657560941324,0.39149978515829803,0.39149978515829803,0.39036657560941324,0.39036657560941324,0.3903939510289213,1.0,1.0,1.0,0
machine-2-7,11,W3_b01,6,7863,4,13.312674641609192,12.076106309890749,12.283632218837738,12.283632218837738,12.076106309890749,12.076106309890749,12.082085728645325,12.07344999909401,12.077014476060867,0.9071134565361112,0.9227020527073388,0.9227020527073388,0.9071134565361112,0.9071134565361112,0.9071816746962155,0.0,0.0,1.0,0
machine-2-7,11,W3_b01,7,9304,3,15.508290767669678,13.760045607884726,14.024120092391968,14.024120092391968,13.760045607884726,13.760045607884726,13.770261685053509,13.77633261680603,13.75952124595642,0.8872702874884484,0.9042982429519713,0.9042982429519713,0.8872702874884484,0.8872702874884484,0.8872364757721115,0.0,0.0,1.0,0
machine-2-7,11,W3_b01,8,10744,3,15.6928600470225,13.908570090929668,14.333823362986246,14.333823362986246,13.908570090929668,13.908570090929668,13.913211425145468,13.915139198303224,13.920300165812174,0.8862992500572657,0.9133977694337425,0.9133977694337425,0.8862992500572657,0.8862992500572657,0.8870467285186396,0.0,0.0,1.0,0
machine-2-7,11,W3_b01,9,12099,28,10.7206455213683,9.179972631590706,10.430390108908924,10.430390108908924,9.179972631590706,9.179972631590706,9.171525360218116,9.1641120452966,9.183287350194794,0.8562891677831583,0.9729255657338131,0.9729255657338131,0.8562891677831583,0.8562891677831583,0.8565983579898004,0.5357142857142857,0.5357142857142857,1.0,0
machine-2-7,11,W3_b01,10,13623,2,20.86967396736145,19.38590931892395,19.873749136924744,19.873749136924744,19.38590931892395,19.38590931892395,19.406522035598755,19.397297501564022,19.38945245742798,0.9289033144093198,0.9522788505467668,0.9522788505467668,0.9289033144093198,0.9289033144093198,0.9290730889112871,0.0,0.0,1.0,0
machine-2-7,11,W3_b01,11,14934,4,6.992486953735352,6.242407411336899,6.194243133068085,6.194243133068085,6.242407411336899,6.242407411336899,6.237031877040863,6.239505589008331,6.244622766971588,0.8927306482856198,0.8858426442625182,0.8858426442625182,0.8927306482856198,0.8927306482856198,0.8930474677018513,0.0,0.0,1.0,0
machine-2-7,11,W3_b01,12,15063,3,15.350265661875406,13.471467773119608,14.0602601369222,14.0602601369222,13.471467773119608,13.471467773119608,13.489545543988546,13.48343062400818,13.480482935905457,0.8776048616916081,0.9159620065627189,0.9159620065627189,0.8776048616916081,0.8776048616916081,0.8781921585491628,0.0,0.0,1.0,0
machine-2-7,11,W3_b01,13,16534,23,5.966661048972088,5.234600429949553,5.420755173849023,5.420755173849023,5.234600429949553,5.234600429949553,5.215071139128312,5.232095008311064,5.238393980523814,0.8773081606255057,0.9085073090892081,0.9085073090892081,0.8773081606255057,0.8773081606255057,0.8779439518231497,0.5652173913043478,0.5652173913043478,1.0,0
machine-2-7,11,W3_b01,14,17978,3,15.845372676849363,15.911450227101644,15.470024824142456,15.470024824142456,15.911450227101644,15.911450227101644,15.879814783732096,15.913174867630005,15.92624274889628,1.0041701480678218,0.9763118318286509,0.9763118318286509,1.0041701480678218,1.0041701480678218,1.005103702746296,0.0,0.0,1.0,0
machine-2-7,11,W3_b01,15,18639,305,35.68398676387599,7.795162742255164,32.623767821515194,32.623767821515194,32.72524182053863,32.72524182053863,7.797174731238943,7.911531956860276,7.815325892753289,0.2184498832441685,0.9142411142955934,0.9142411142955934,0.917084798766583,0.917084798766583,0.21901493082788007,0.0,0.0,0.0032786885245901,0
machine-2-7,11,W3_b01,16,19411,7,11.149616718292236,12.948965617588588,11.64899114200047,11.64899114200047,11.088529178074428,11.136516536985123,12.940138339996338,12.942684991019112,12.972528457641602,1.1613821304138923,1.044788483436292,1.044788483436292,0.9945211085043321,0.9988250554581288,1.1634954622573408,0.0,0.0,1.0,0
machine-2-7,11,W3_b01,17,20853,4,12.955973207950592,13.407935619354248,12.627500474452972,12.627500474452972,12.333925902843475,12.33850759267807,13.400925636291504,13.443895697593687,13.42163109779358,1.034884481786849,0.9746470042639446,0.9746470042639446,0.9519876048581677,0.9523412401861401,1.035941560110454,0.0,0.0,1.0,0
machine-2-7,11,W3_b01,18,22291,5,11.772802066802978,11.94704532623291,12.071408557891846,12.071408557891846,11.308245992660522,11.325056529045105,11.921269416809082,11.960499095916749,11.96466808319092,1.014800491713121,1.0253640967880435,1.0253640967880435,0.9605398891864143,0.9619678021241495,1.0162973959214832,0.0,0.0,1.0,0
machine-2-7,11,W3_b01,19,22924,3,10.08230686187744,9.634875694910685,8.772088527679443,8.772088527679443,8.852829615275065,8.872786601384481,9.62509854634603,9.600939830144249,9.632405598958334,0.9556221435137476,0.8700477626650992,0.8700477626650992,0.8780559584779953,0.8800353652132611,0.9553771503801136,0.0,0.0,1.0,0
machine-2-7,22,W1,0,664,3,16.952303647994995,16.913060585657757,16.913060585657757,16.913060585657757,16.913060585657757,16.913060585657757,16.913060585657757,16.913060585657757,16.913060585657757,0.9976850896991879,0.9976850896991879,0.9976850896991879,0.9976850896991879,0.9976850896991879,0.9976850896991879,0.0,0.0,1.0,0
machine-2-7,22,W1,1,2104,3,12.917142788569132,12.691245476404823,12.750371853510538,12.750371853510538,12.691245476404823,12.691245476404823,12.691245476404823,12.691245476404823,12.691245476404823,0.9825118204651099,0.987089177708388,0.987089177708388,0.9825118204651099,0.9825118204651099,0.9825118204651099,0.0,0.0,1.0,0
machine-2-7,22,W1,2,3544,3,16.253429969151814,14.65805427233378,16.69748616218567,16.69748616218567,14.65805427233378,14.65805427233378,14.65805427233378,14.65805427233378,14.65805427233378,0.9018437523743619,1.027320768224101,1.027320768224101,0.9018437523743619,0.9018437523743619,0.9018437523743619,0.0,0.0,1.0,0
machine-2-7,22,W1,3,4984,3,18.26361298561096,15.57818373044332,18.137171030044556,18.137171030044556,15.57818373044332,15.57818373044332,15.57818373044332,15.543466170628866,15.57818373044332,0.8529628689962188,0.9930768377721308,0.9930768377721308,0.8529628689962188,0.8529628689962188,0.8529628689962188,0.0,0.0,1.0,0
machine-2-7,22,W1,4,6030,4,9.211843609809875,9.37677663564682,9.37677663564682,9.37677663564682,9.37677663564682,9.37677663564682,9.37677663564682,9.37677663564682,9.37677663564682,1.017904453529943,1.017904453529943,1.017904453529943,1.017904453529943,1.017904453529943,1.017904453529943,0.5,0.5,1.0,0
machine-2-7,22,W1,5,7665,4,1.4502988457679749,1.3727592378854752,1.3727592378854752,1.3727592378854752,1.3727592378854752,1.3727592378854752,1.3727592378854752,1.3727592378854752,1.3727592378854752,0.9465354274336195,0.9465354274336195,0.9465354274336195,0.9465354274336195,0.9465354274336195,0.9465354274336195,1.0,1.0,1.0,0
machine-2-7,22,W1,6,7863,4,13.98967844247818,13.994799613952637,13.986764252185822,13.986764252185822,13.994799613952637,13.994799613952637,13.994799613952637,13.994799613952637,13.994799613952637,1.0003660678474857,0.9997916899731226,0.9997916899731226,1.0003660678474857,1.0003660678474857,1.0003660678474857,0.0,0.0,1.0,0
machine-2-7,22,W1,7,9304,3,18.105141798655193,15.948402722676596,17.946675459543865,17.946675459543865,15.948402722676596,15.948402722676596,15.948402722676596,15.948402722676596,15.948402722676596,0.8808769851148697,0.991247440043629,0.991247440043629,0.8808769851148697,0.8808769851148697,0.8808769851148697,0.0,0.0,1.0,0
machine-2-7,22,W1,8,10744,3,18.2959836324056,14.577734470367432,18.21449025472005,18.21449025472005,14.577734470367432,14.577734470367432,14.577734470367432,14.577734470367432,14.577734470367432,0.7967723825762253,0.995545832390164,0.995545832390164,0.7967723825762253,0.7967723825762253,0.7967723825762253,0.0,0.0,1.0,0
machine-2-7,22,W1,9,12099,28,6.251459483589445,6.07208244821855,6.114074669778347,6.114074669778347,6.07208244821855,6.07208244821855,6.07208244821855,6.07208244821855,6.07208244821855,0.971306374800673,0.9780235616703998,0.9780235616703998,0.971306374800673,0.971306374800673,0.971306374800673,0.5357142857142857,0.5357142857142857,1.0,0
machine-2-7,22,W1,10,13623,2,24.905149936676025,21.06810688972473,24.92659044265747,24.92659044265747,21.06810688972473,21.06810688972473,21.06810688972473,21.02613377571106,21.08786702156067,0.8459337503806489,1.0008608864446094,1.0008608864446094,0.8459337503806489,0.8459337503806489,0.8467271658744797,0.0,0.0,1.0,0
machine-2-7,22,W1,11,14934,4,6.521828532218933,7.033819079399109,7.033819079399109,7.033819079399109,7.033819079399109,7.033819079399109,7.158748030662537,7.033819079399109,7.158748030662537,1.0785041410780514,1.0785041410780514,1.0785041410780514,1.0785041410780514,1.0785041410780514,1.0976596510161396,0.0,0.0,1.0,0
machine-2-7,22,W1,12,15063,3,18.019197305043537,13.106034994125366,18.00816011428833,18.00816011428833,13.106034994125366,13.106034994125366,13.106034994125366,13.106034994125366,13.106034994125366,0.7273373376325156,0.9993874760030449,0.9993874760030449,0.7273373376325156,0.7273373376325156,0.7273373376325156,0.0,0.0,1.0,0
machine-2-7,22,W1,13,16534,23,4.3083334072776465,4.2903047489083335,4.339376921239107,4.339376921239107,4.2903047489083335,4.2903047489083335,4.2903047489083335,4.300209117972332,4.2903047489083335,0.9958153985160807,1.0072054576623577,1.0072054576623577,0.9958153985160807,0.9958153985160807,0.9958153985160807,0.5652173913043478,0.5652173913043478,1.0,0
machine-2-7,22,W1,14,17978,3,16.43471121788025,15.208042224248253,16.43471121788025,16.43471121788025,15.208042224248253,15.208042224248253,15.208042224248253,15.208042224248253,15.208042224248253,0.9253610862174789,1.0,1.0,0.9253610862174789,0.9253610862174789,0.9253610862174789,0.0,0.0,1.0,0
machine-2-7,22,W1,15,18639,305,32.731962182091884,7.544085793417008,32.69592123500637,32.69592123500637,32.69681526871978,32.69681526871978,7.548923985879929,7.544085793417008,7.544085793417008,0.23048070725025102,0.9988989066135108,0.9988989066135108,0.9989262203965477,0.9989262203965477,0.23048070725025102,0.0,0.0,0.0,0
machine-2-7,22,W1,16,19411,7,8.840337003980364,9.50938878740583,8.942144734518868,8.942144734518868,9.50938878740583,9.50938878740583,9.50938878740583,9.50938878740583,9.50938878740583,1.0756817057001589,1.0115162725688698,1.0115162725688698,1.0756817057001589,1.0756817057001589,1.0756817057001589,0.0,0.0,1.0,0
machine-2-7,22,W1,17,20853,4,7.988381266593933,6.170475661754608,7.988381266593933,7.988381266593933,6.170475661754608,6.170475661754608,6.170475661754608,6.170475661754608,6.170475661754608,0.7724312918761777,1.0,1.0,0.7724312918761777,0.7724312918761777,0.7724312918761777,0.0,0.0,1.0,0
machine-2-7,22,W1,18,22291,5,6.707882022857666,6.72815728187561,6.896282005310058,6.896282005310058,6.72815728187561,6.72815728187561,6.72815728187561,6.72815728187561,6.72815728187561,1.0030226022086934,1.0280863589744726,1.0280863589744726,1.0030226022086934,1.0030226022086934,1.0030226022086934,0.0,0.0,1.0,0
machine-2-7,22,W1,19,22924,3,9.153951247533165,8.976207256317139,8.976207256317139,8.976207256317139,8.976207256317139,8.976207256317139,8.976207256317139,8.976207256317139,8.976207256317139,0.9805828121201842,0.9805828121201842,0.9805828121201842,0.9805828121201842,0.9805828121201842,0.9805828121201842,0.0,0.0,1.0,0
machine-2-7,22,W2_f0995,0,664,3,12.67906411488851,12.123394091924032,12.123394091924032,12.123394091924032,12.123394091924032,12.123394091924032,12.139591733614605,12.123394091924032,12.123394091924032,0.956174208290975,0.956174208290975,0.956174208290975,0.956174208290975,0.956174208290975,0.956174208290975,0.0,0.0,1.0,0
machine-2-7,22,W2_f0995,1,2104,3,10.450827320416767,10.231476744016012,10.23157481352488,10.23157481352488,10.231476744016012,10.231476744016012,10.23427931467692,10.23023509979248,10.231135169665018,0.9790111758930098,0.9790205597920889,0.9790205597920889,0.9790111758930098,0.9790111758930098,0.9789784919398143,0.0,0.0,1.0,0
machine-2-7,22,W2_f0995,2,3544,3,12.14479374885559,12.651238044102987,12.65130877494812,12.65130877494812,12.651238044102987,12.651238044102987,12.653064012527466,12.65124535560608,12.708954890569052,1.0417005266388422,1.0417063506031345,1.0417063506031345,1.0417005266388422,1.0417005266388422,1.0464529207642264,0.0,0.0,1.0,0
machine-2-7,22,W2_f0995,3,4984,3,13.42580544948578,13.953405459721884,13.953514575958252,13.953514575958252,13.953405459721884,13.953405459721884,13.974573612213137,14.081960757573446,13.928847233454386,1.0392974568431803,1.0393055841944054,1.0393055841944054,1.0392974568431803,1.0392974568431803,1.0374682759899423,0.0,0.0,1.0,0
machine-2-7,22,W2_f0995,4,6030,4,9.498469710350037,7.7490473985672,7.825574815273285,7.825574815273285,7.7490473985672,7.7490473985672,7.761271357536316,7.700348913669586,7.748790085315704,0.8158206147800237,0.8238774301449973,0.8238774301449973,0.8158206147800237,0.8158206147800237,0.8157935248108663,0.5,0.5,1.0,0
machine-2-7,22,W2_f0995,5,7665,4,3.779252886772156,2.165355235338211,2.1653667986392975,2.1653667986392975,2.165355235338211,2.165355235338211,2.163661628961563,2.1655916273593903,2.164465606212616,0.5729585450386814,0.5729616047177853,0.5729616047177853,0.5729585450386814,0.5729585450386814,0.5727231468919448,1.0,1.0,1.0,0
machine-2-7,22,W2_f0995,6,7863,4,13.202151477336884,12.28694236278534,12.286944508552551,12.286944508552551,12.28694236278534,12.28694236278534,12.286562204360962,12.28701251745224,12.286754965782166,0.9306772751302987,0.9306774376619298,0.9306774376619298,0.9306772751302987,0.9306772751302987,0.9306630807011942,0.0,0.0,1.0,0
machine-2-7,22,W2_f0995,7,9304,3,14.881391048431396,14.186464071273804,14.186562697092691,14.186562697092691,14.186464071273804,14.186464071273804,14.186548391977944,14.186464150746664,14.185720125834148,0.9533022837115188,0.9533089111711808,0.9533089111711808,0.9533022837115188,0.9533022837115188,0.9532522920516509,0.0,0.0,1.0,0
machine-2-7,22,W2_f0995,8,10744,3,14.692795276641846,13.372204343477884,13.372548898061115,13.372548898061115,13.372204343477884,13.372204343477884,13.370713949203491,13.370009581247963,13.386223951975504,0.9101198302774016,0.91014328085823,0.91014328085823,0.9101198302774016,0.9101198302774016,0.9110740128024863,0.0,0.0,1.0,0
machine-2-7,22,W2_f0995,9,12099,28,13.444617024489812,12.446703919342584,12.799685852868215,12.799685852868215,12.799686014652252,12.799686014652252,12.446702812399185,12.446704268455504,12.446280279329844,0.9257760110734655,0.9520305286162608,0.9520305286162608,0.9520305406496298,0.9520305406496298,0.9257445010637742,0.5357142857142857,0.5357142857142857,0.25,1
machine-2-7,22,W2_f0995,10,13623,2,19.715280175209045,19.20460021495819,19.17854154109955,19.17854154109955,19.204586386680603,19.20458221435547,19.22178649902344,19.213672041893005,19.292657256126404,0.9740972506749862,0.9727755005589818,0.9727755005589818,0.9740965492759969,0.9740963376469916,0.9785636868800845,0.0,0.0,1.0,0
machine-2-7,22,W2_f0995,11,14934,4,7.23351776599884,6.2248934507369995,6.224956184625626,6.224956184625626,6.224893391132355,6.2248934507369995,6.225073933601379,6.314486026763916,6.225082248449326,0.8605624057491251,0.8605710784158215,0.8605710784158215,0.8605623975090618,0.8605624057491251,0.8605885061498477,1.0,1.0,1.0,0
machine-2-7,22,W2_f0995,12,15063,3,14.157855749130247,13.379300832748411,13.379397869110107,13.379397869110107,13.379300832748411,13.379300832748411,13.379520893096924,13.435174067815144,13.379449804623922,0.9450089808670593,0.9450158347553469,0.9450158347553469,0.9450089808670593,0.9450089808670593,0.9450195030731158,0.0,0.0,1.0,0
machine-2-7,22,W2_f0995,13,16534,23,5.986320143160612,4.9512699635132496,5.0528059005737305,5.0528059005737305,4.9512699635132496,4.9512699635132496,4.9544637514197305,4.950479372687962,4.951270010160363,0.8270974229752963,0.8440587505742698,0.8440587505742698,0.8270974229752963,0.8270974229752963,0.8270974307675816,0.5652173913043478,0.5652173913043478,1.0,0
machine-2-7,22,W2_f0995,14,17978,3,15.936410109202066,15.689077695210775,15.691734313964844,15.691734313964844,15.689077695210775,15.689077695210775,15.708786328633629,15.689077695210775,15.689077695210775,0.9844800420987864,0.9846467433028759,0.9846467433028759,0.9844800420987864,0.9844800420987864,0.9844800420987864,0.0,0.0,1.0,0
machine-2-7,22,W2_f0995,15,18639,305,45.35570993267122,17.839234323970608,41.01439159893599,41.01439159893599,41.06508371947242,41.06508371947242,18.855278491192177,17.8392343052098,17.837614316627626,0.39331837932759195,0.9042828711053195,0.9042828711053195,0.9054005279695089,0.9054005279695089,0.3932826615018675,0.0,0.0,0.0032786885245901,0
machine-2-7,22,W2_f0995,16,19411,7,12.09152272769383,12.756101063319615,12.137174265725273,12.137174265725273,12.110548632485528,12.114265407834734,12.799832344055176,12.840337208339148,12.845518861498151,1.0549623360591027,1.0037754995015544,1.0037754995015544,1.001573491215306,1.0018808780873245,1.0623574177367592,0.0,0.0,1.0,0
machine-2-7,22,W2_f0995,17,20853,4,13.640583276748655,12.897853165864944,12.897805392742155,12.897805392742155,12.897551774978638,12.89755567908287,12.911121189594269,12.901986300945282,12.897913187742232,0.9455499742338916,0.9455464719552998,0.9455464719552998,0.9455278790726956,0.9455281652851071,0.9455543744766136,0.0,0.0,1.0,0
machine-2-7,22,W2_f0995,18,22291,5,13.138390636444091,12.374587082862854,12.374808144569396,12.374808144569396,12.374586868286134,12.374586868286134,12.377613973617551,12.384501600265503,12.374112510681153,0.9418647553785963,0.9418815810091213,0.9418815810091213,0.9418647390465563,0.9418647390465563,0.9418286343501664,0.0,0.0,1.0,0
machine-2-7,22,W2_f0995,19,22924,3,11.640681584676107,7.960144480069478,7.959185679753621,7.959185679753621,7.960144480069478,7.960144480069478,7.960635979970296,7.960062543551127,7.994282603263855,0.6838211682164969,0.6837388018783334,0.6837388018783334,0.6838211682164969,0.6838211682164969,0.6867538249467795,0.0,0.0,1.0,0
machine-2-7,22,W3_b01,0,664,3,13.634466727574669,13.008451660474142,13.008451660474142,13.008451660474142,13.008451660474142,13.008451660474142,13.013881842295328,13.008451660474142,13.008451660474142,0.9540858414480957,0.9540858414480957,0.9540858414480957,0.9540858414480957,0.9540858414480957,0.9540858414480957,0.0,0.0,1.0,0
machine-2-7,22,W3_b01,1,2104,3,11.266830364863075,10.46198066075643,10.567330678304035,10.567330678304035,10.46198066075643,10.46198066075643,10.480688174565634,10.46219531695048,10.46210793654124,0.9285646736444472,0.9379151310611269,0.9379151310611269,0.9285646736444472,0.9285646736444472,0.9285759701476064,0.0,0.0,1.0,0
machine-2-7,22,W3_b01,2,3544,3,13.813667376836142,13.066325465838114,13.296804984410604,13.296804984410604,13.066325465838114,13.066325465838114,13.088804880777994,13.070992628733316,13.07190728187561,0.9458983707504619,0.9625832605979602,0.9625832605979602,0.9458983707504619,0.9458983707504619,0.9463024499775944,0.0,0.0,1.0,0
machine-2-7,22,W3_b01,3,4984,3,15.05998412768046,14.0027148326238,14.304482698440552,14.304482698440552,14.0027148326238,14.0027148326238,14.027523080507914,14.131560246149698,14.004505832990011,0.9297961215567695,0.9498338495688528,0.9498338495688528,0.9297961215567695,0.9297961215567695,0.9299150460092143,0.0,0.0,1.0,0
machine-2-7,22,W3_b01,4,6030,4,8.049153923988342,7.477668702602387,7.455873429775238,7.455873429775238,7.477668702602387,7.477668702602387,7.489097058773041,7.456536531448364,7.472529590129852,0.9290005848089453,0.9262928129073305,0.9262928129073305,0.9290005848089453,0.9290005848089453,0.9283621186395733,0.5,0.5,1.0,0
machine-2-7,22,W3_b01,5,7665,4,2.577518105506897,1.2711449563503263,1.2778646647930143,1.2778646647930143,1.2711449563503263,1.2711449563503263,1.270306944847107,1.2700265645980835,1.2728764414787292,0.4931662569642132,0.4957733030324178,0.4957733030324178,0.4931662569642132,0.4931662569642132,0.4938380214514164,1.0,1.0,1.0,0
machine-2-7,22,W3_b01,6,7863,4,13.088333368301392,12.032379418611526,12.202555298805237,12.202555298805237,12.032379418611526,12.032379418611526,12.034363210201263,12.03084021806717,12.033573061227798,0.9193209769360492,0.932323081589485,0.932323081589485,0.9193209769360492,0.9193209769360492,0.9194121759132362,0.0,0.0,1.0,0
machine-2-7,22,W3_b01,7,9304,3,15.569572607676188,14.11727507909139,14.283698399861654,14.283698399861654,14.11727507909139,14.11727507909139,14.123790582021078,14.118547121683756,14.120457649230955,0.9067220684099717,0.9174110786329122,0.9174110786329122,0.9067220684099717,0.9067220684099717,0.9069264780119409,0.0,0.0,1.0,0
machine-2-7,22,W3_b01,8,10744,3,15.683700799942017,14.102246324221293,14.432660778363546,14.432660778363546,14.102246324221293,14.102246324221293,14.110504428545632,14.109616915384928,14.106008847554524,0.8991657328908894,0.9202331109515239,0.9202331109515239,0.8991657328908894,0.8991657328908894,0.8994056331147732,0.0,0.0,1.0,0
machine-2-7,22,W3_b01,9,12099,28,10.801979558808464,8.287852760936532,9.81069956187691,9.81069956187691,8.287852760936532,8.287852760936532,8.273433771516595,8.278960172619138,8.286281020513602,0.7672531424277887,0.9082316355502437,0.9082316355502437,0.7672531424277887,0.7672531424277887,0.7671076375770923,0.5357142857142857,0.5357142857142857,1.0,0
machine-2-7,22,W3_b01,10,13623,2,21.232814073562626,19.96480429172516,20.499897241592407,20.499897241592407,19.96480429172516,19.96480429172516,19.96953547000885,19.97230041027069,19.969348430633545,0.940280653452512,0.9654818796306992,0.9654818796306992,0.940280653452512,0.940280653452512,0.9404946683679463,0.0,0.0,1.0,0
machine-2-7,22,W3_b01,11,14934,4,7.473061680793762,6.488421976566315,6.290063887834549,6.290063887834549,6.488421976566315,6.488421976566315,6.487706661224365,6.487667918205261,6.493646204471588,0.8682414589514184,0.8416983769852199,0.8416983769852199,0.8682414589514184,0.8682414589514184,0.8689405335915622,0.0,0.0,1.0,0
machine-2-7,22,W3_b01,12,15063,3,15.520093123118082,13.997557997703552,14.376584450403849,14.376584450403849,13.997557997703552,13.997557997703552,14.002287030220032,14.004030585289,14.001221617062887,0.9018990985855216,0.9263207595699983,0.9263207595699983,0.9018990985855216,0.9018990985855216,0.9021351551175458,0.0,0.0,1.0,0
machine-2-7,22,W3_b01,13,16534,23,5.864304366319076,5.154300166212994,5.201787938242373,5.201787938242373,5.154300166212994,5.154300166212994,5.143755741741346,5.1470987226652065,5.149557445360267,0.8789278052851578,0.8870255725671767,0.8870255725671767,0.8789278052851578,0.8789278052851578,0.8781190613052297,0.5652173913043478,0.5652173913043478,1.0,0
machine-2-7,22,W3_b01,14,17978,3,15.984144528706867,16.360262235005695,15.953692436218262,15.953692436218262,16.360262235005695,16.360262235005695,16.29298957188924,16.330580790837605,16.352075656255085,1.023530674764817,0.9980948562849945,0.9980948562849945,1.023530674764817,1.023530674764817,1.023018506050632,0.0,0.0,1.0,0
machine-2-7,22,W3_b01,15,18639,305,35.10393165213163,7.7563032681824735,32.672539270119586,32.672539270119586,32.960625232633994,24.38768509411421,7.891753209907501,7.756304128052759,7.756356931709853,0.220952551555902,0.9307373200783793,0.9307373200783793,0.9389439781065809,0.6947280246494358,0.22095408026009133,0.0,0.0,0.0,0
machine-2-7,22,W3_b01,16,19411,7,10.838892493929182,13.126805441720146,12.059760536466326,12.059760536466326,11.199163266590665,11.8732271194458,13.10775511605399,13.12138066973005,13.11661502293178,1.211083646144882,1.1126377112072057,1.1126377112072057,1.0332387070785387,1.0954280731261008,1.2101434745550195,0.0,0.0,1.0,0
machine-2-7,22,W3_b01,17,20853,4,12.667080760002136,13.579790592193604,13.202364027500153,13.202364027500153,12.163895606994627,12.701121985912325,13.570368111133575,13.570248246192932,13.5795716047287,1.0720536838348311,1.042257823853799,1.042257823853799,0.9602761549767348,1.0026873773488267,1.0720363959159294,0.0,0.0,1.0,0
machine-2-7,22,W3_b01,18,22291,5,11.326175785064695,11.497627687454225,12.392649507522584,12.392649507522584,11.009865951538083,11.196307373046874,11.481137418746949,11.476807832717896,11.488316011428832,1.0151376692047827,1.0941600892213061,1.0941600892213061,0.9720726713474008,0.9885337809970183,1.014315531512229,0.0,0.0,1.0,0
machine-2-7,22,W3_b01,19,22924,3,9.599541266759235,8.98092770576477,8.72415820757548,8.72415820757548,8.676968653996786,8.70517110824585,8.976665735244751,8.971219937006632,8.981671651204428,0.9355580080543467,0.9088099071759831,0.9088099071759831,0.9038940937774721,0.906831989814934,0.9356355060741983,0.0,0.0,1.0,0
machine-2-7,33,W1,0,664,3,16.427762508392334,16.57302490870158,16.57302490870158,16.57302490870158,16.57302490870158,16.57302490870158,16.57302490870158,16.55031220118205,16.57302490870158,1.0088424945414836,1.0088424945414836,1.0088424945414836,1.0088424945414836,1.0088424945414836,1.0088424945414836,0.0,0.0,1.0,0
machine-2-7,33,W1,1,2104,3,14.737041155497232,14.14824597040812,14.195985476175943,14.195985476175943,14.14824597040812,14.14824597040812,14.14824597040812,14.14824597040812,14.14824597040812,0.9600465806618529,0.9632860033698513,0.9632860033698513,0.9600465806618529,0.9600465806618529,0.9600465806618529,0.0,0.0,1.0,0
machine-2-7,33,W1,2,3544,3,17.63594651222229,16.148604949315388,18.07713786760966,18.07713786760966,16.148604949315388,16.148604949315388,16.148604949315388,16.14369289080302,16.148604949315388,0.9156642053843764,1.0250165963636604,1.0250165963636604,0.9156642053843764,0.9156642053843764,0.9156642053843764,0.0,0.0,1.0,0
machine-2-7,33,W1,3,4984,3,19.127029577891033,16.81941533088684,19.232742468516033,19.232742468516033,16.81941533088684,16.81941533088684,16.81941533088684,16.81941533088684,16.81941533088684,0.879353234771406,1.0055268848827,1.0055268848827,0.879353234771406,0.879353234771406,0.879353234771406,0.0,0.0,1.0,0
machine-2-7,33,W1,4,6030,4,9.7043639421463,8.909909784793854,8.909909784793854,8.909909784793854,8.909909784793854,8.909909784793854,8.909909784793854,8.909909784793854,8.909909784793854,0.9181343401701877,0.9181343401701877,0.9181343401701877,0.9181343401701877,0.9181343401701877,0.9181343401701877,0.5,0.5,1.0,0
machine-2-7,33,W1,5,7665,4,1.5308790504932404,1.210178256034851,1.210178256034851,1.210178256034851,1.210178256034851,1.210178256034851,1.3662348985671997,1.3644678890705109,1.210178256034851,0.7905119974337219,0.7905119974337219,0.7905119974337219,0.7905119974337219,0.7905119974337219,0.7905119974337219,1.0,1.0,1.0,0
machine-2-7,33,W1,6,7863,4,15.543936371803284,14.682711482048036,15.435743689537048,15.435743689537048,14.682711482048036,14.682711482048036,14.682711482048036,14.682711482048036,14.682711482048036,0.9445941575444486,0.9930395570543832,0.9930395570543832,0.9445941575444486,0.9445941575444486,0.9445941575444486,0.0,0.0,1.0,0
machine-2-7,33,W1,7,9304,3,19.71447499593099,15.90895144144694,19.90740203857422,19.90740203857422,15.90895144144694,15.90895144144694,15.90895144144694,15.90895144144694,15.90895144144694,0.8069680498583148,1.009786060378633,1.009786060378633,0.8069680498583148,0.8069680498583148,0.8069680498583148,0.0,0.0,1.0,0
machine-2-7,33,W1,8,10744,3,20.28669015566508,15.975494941075643,20.398715098698933,20.398715098698933,15.975494941075643,15.975494941075643,16.22248125076294,15.975494941075643,15.975494941075643,0.78748651546859,1.0055220906995797,1.0055220906995797,0.78748651546859,0.78748651546859,0.78748651546859,0.0,0.0,1.0,0
machine-2-7,33,W1,9,12099,28,5.948002440588815,5.753194070288113,5.818811818957329,5.818811818957329,5.753194070288113,5.753194070288113,5.753194070288113,5.771457382610866,5.753194070288113,0.9672481018213205,0.978279998550455,0.978279998550455,0.9672481018213205,0.9672481018213205,0.9672481018213205,0.5357142857142857,0.5357142857142857,1.0,0
machine-2-7,33,W1,10,13623,2,26.37473964691162,21.13566517829895,26.53785800933838,26.53785800933838,21.13566517829895,21.13566517829895,21.236619472503666,21.13566517829895,21.13566517829895,0.8013601446402848,1.0061846435115753,1.0061846435115753,0.8013601446402848,0.8013601446402848,0.8013601446402848,0.0,0.0,1.0,0
machine-2-7,33,W1,11,14934,4,6.546379566192627,6.660858631134033,6.660858631134033,6.660858631134033,6.660858631134033,6.660858631134033,6.660858631134033,6.660858631134033,6.660858631134033,1.0174873857807771,1.0174873857807771,1.0174873857807771,1.0174873857807771,1.0174873857807771,1.0174873857807771,0.0,0.0,1.0,0
machine-2-7,33,W1,12,15063,3,19.79353682200114,13.164308309555054,19.785230954488117,19.785230954488117,13.164308309555054,13.164308309555054,13.932147661844889,13.164308309555054,13.164308309555054,0.6650811539109327,0.9995803747663838,0.9995803747663838,0.6650811539109327,0.6650811539109327,0.6650811539109327,0.0,0.0,1.0,0
machine-2-7,33,W1,13,16534,23,4.002116535020911,4.0950520764226495,4.098983899406765,4.098983899406765,4.0950520764226495,4.0950520764226495,4.0950520764226495,4.096849482992421,4.0950520764226495,1.0232215980190724,1.0242040339251008,1.0242040339251008,1.0232215980190724,1.0232215980190724,1.0232215980190724,0.5652173913043478,0.5652173913043478,1.0,0
machine-2-7,33,W1,14,17978,3,17.794034004211426,17.430188020070393,17.794034004211426,17.794034004211426,17.430188020070393,17.430188020070393,17.430188020070393,17.430188020070393,17.430188020070393,0.979552360973632,1.0,1.0,0.979552360973632,0.979552360973632,0.979552360973632,0.0,0.0,1.0,0
machine-2-7,33,W1,15,18639,305,33.19266273154587,8.437209452566554,33.202326799611576,33.202326799611576,33.202326799611576,33.202326799611576,7.815984358553027,8.457614733742886,8.4517642924043,0.25418899112748616,1.0002911507324335,1.0002911507324335,1.0002911507324335,1.0002911507324335,0.25462748682623326,0.0,0.0,0.0,0
machine-2-7,33,W1,16,19411,7,7.909586327416556,7.372009652001517,7.921886546271188,7.921886546271188,7.372009652001517,7.372009652001517,7.372009652001517,7.372009652001517,7.372009652001517,0.9320347925716839,1.0015551026748386,1.0015551026748386,0.9320347925716839,0.9320347925716839,0.9320347925716839,0.0,0.0,1.0,0
machine-2-7,33,W1,17,20853,4,7.276946187019348,5.799641668796539,7.276946187019348,7.276946187019348,5.799641668796539,5.799641668796539,5.799641668796539,5.799641668796539,5.799641668796539,0.7969883959210758,1.0,1.0,0.7969883959210758,0.7969883959210758,0.7969883959210758,0.0,0.0,1.0,0
machine-2-7,33,W1,18,22291,5,8.205685710906982,7.921086359024048,8.197147464752197,8.197147464752197,7.921086359024048,7.921086359024048,7.921086359024048,7.921086359024048,7.921086359024048,0.9653168105738384,0.998959471949622,0.998959471949622,0.9653168105738384,0.9653168105738384,0.9653168105738384,0.0,0.0,1.0,0
machine-2-7,33,W1,19,22924,3,8.930910189946493,8.925985177357992,8.925985177357992,8.925985177357992,8.925985177357992,8.925985177357992,8.925985177357992,8.921195824941,8.925985177357992,0.9994485430394267,0.9994485430394267,0.9994485430394267,0.9994485430394267,0.9994485430394267,0.9994485430394267,0.0,0.0,1.0,0
machine-2-7,33,W2_f0995,0,664,3,12.676646073659262,12.109925945599874,12.109925945599874,12.109925945599874,12.109925945599874,12.109925945599874,12.11911710103353,12.103676637013754,12.126734733581545,0.9552941586625999,0.9552941586625999,0.9552941586625999,0.9552941586625999,0.9552941586625999,0.9566201235813963,0.0,0.0,1.0,0
machine-2-7,33,W2_f0995,1,2104,3,10.462701201438904,10.221314469973246,10.22140864531199,10.22140864531199,10.221314469973246,10.221314469973246,10.224233587582908,10.24749235312144,10.22620141506195,0.9769288325435059,0.9769378335975294,0.9769378335975294,0.9769288325435059,0.9769288325435059,0.9773959150869731,0.0,0.0,1.0,0
machine-2-7,33,W2_f0995,2,3544,3,12.14280084768931,12.636035839716593,12.636108001073202,12.636108001073202,12.636035839716593,12.636035839716593,12.69999901453654,12.757107973098757,12.636040925979614,1.0406195405997407,1.0406254833272477,1.0406254833272477,1.0406195405997407,1.0406195405997407,1.0406199594704022,0.0,0.0,1.0,0
machine-2-7,33,W2_f0995,3,4984,3,13.416665037473043,13.932810544967651,13.932923158009848,13.932923158009848,13.932810544967651,13.932810544967651,13.9550142288208,13.934342861175535,13.974410454432167,1.0384704772797861,1.0384788707994783,1.0384788707994783,1.0384704772797861,1.0384704772797861,1.0415710920263217,0.0,0.0,1.0,0
machine-2-7,33,W2_f0995,4,6030,4,9.505332469940186,7.877787411212921,7.954461097717285,7.954461097717285,7.877787411212921,7.877787411212921,7.892032206058502,7.561431527137756,7.878141522407532,0.8287755779322565,0.8368419645364956,0.8368419645364956,0.8287755779322565,0.8287755779322565,0.8288128318837339,0.5,0.5,1.0,0
machine-2-7,33,W2_f0995,5,7665,4,3.796850800514221,2.1639613807201385,2.163974165916443,2.163974165916443,2.1639613807201385,2.1639613807201385,2.395428955554962,2.25813090801239,2.1639614701271057,0.5699358479998913,0.5699392153158528,0.5699392153158528,0.5699358479998913,0.5699358479998913,0.5699358715475553,1.0,1.0,1.0,0
machine-2-7,33,W2_f0995,6,7863,4,13.215363800525664,12.2675461769104,12.267548978328705,12.267548978328705,12.2675461769104,12.2675461769104,12.310900807380676,12.286375403404236,12.2675461769104,0.9282791122573892,0.9282793242393177,0.9282793242393177,0.9282791122573892,0.9282791122573892,0.9282791122573892,0.0,0.0,1.0,0
machine-2-7,33,W2_f0995,7,9304,3,14.874902566274008,14.133919795354208,14.134016116460163,14.134016116460163,14.133919795354208,14.133919795354208,14.148231029510498,14.13374137878418,14.137499888737995,0.9501857059151543,0.9501921813260369,0.9501921813260369,0.9501857059151543,0.9501857059151543,0.9504263860384584,0.0,0.0,1.0,0
machine-2-7,33,W2_f0995,8,10744,3,14.697319269180298,13.363450249036154,13.363773822784424,13.363773822784424,13.363450249036154,13.363450249036154,13.376531283060707,13.3619544506073,13.363168120384216,0.9092440603817313,0.9092660762162073,0.9092660762162073,0.9092440603817313,0.9092440603817313,0.9092248644558097,0.0,0.0,1.0,0
machine-2-7,33,W2_f0995,9,12099,28,13.442144811153412,12.475054851600104,12.80023644225938,12.80023644225938,12.800235995224543,12.800235995224543,12.474713766149112,12.483522751501628,12.474439642259052,0.9280553830404445,0.9522465813371227,0.9522465813371227,0.9522465480809094,0.9522465480809094,0.9280096158396224,0.5357142857142857,0.5357142857142857,0.25,1
machine-2-7,33,W2_f0995,10,13623,2,19.72041618824005,19.255015015602112,19.225744485855103,19.225744485855103,19.255001425743103,19.25500011444092,19.25689136981964,19.289496302604675,19.27593469619751,0.976400032930569,0.9749157574737222,0.9749157574737222,0.9763993438041896,0.9763992773095391,0.9774608462722201,0.0,0.0,1.0,0
machine-2-7,33,W2_f0995,11,14934,4,7.23432332277298,6.232903480529785,6.232961416244507,6.232961416244507,6.23290342092514,6.232903450727463,6.198255896568298,6.232943207025528,6.232807278633118,0.8615738062064744,0.8615818146562128,0.8615818146562128,0.8615737979673286,0.8615738020869015,0.8615605082251186,1.0,1.0,1.0,0
machine-2-7,33,W2_f0995,12,15063,3,14.163475354512531,13.36091653505961,13.36101726690928,13.36101726690928,13.36091653505961,13.36091653505961,13.386444807052612,13.360945105552672,13.360900044441223,0.9433360245727245,0.9433431366583637,0.9433431366583637,0.9433360245727245,0.9433360245727245,0.9433348602667915,0.0,0.0,1.0,0
machine-2-7,33,W2_f0995,13,16534,23,5.986845970153809,4.926845104798026,5.03061378520468,5.03061378520468,4.926845104798026,4.926845104798026,4.926268064457437,4.974660064863122,4.926845021869825,0.8229450247024562,0.8402778040864541,0.8402778040864541,0.8229450247024562,0.8229450247024562,0.8229450108507217,0.5652173913043478,0.5652173913043478,1.0,0
machine-2-7,33,W2_f0995,14,17978,3,15.930328210194906,15.682318846384684,15.685112317403158,15.685112317403158,15.682318846384684,15.682318846384684,15.682217280069986,15.681859016418455,15.7014586130778,0.9844316224664157,0.9846069779883871,0.9846069779883871,0.9844316224664157,0.9844316224664157,0.9856330896578367,0.0,0.0,1.0,0
machine-2-7,33,W2_f0995,15,18639,305,45.36704112506304,19.063312948727216,40.657150462416354,40.657150462416354,40.7411503526031,40.7411503526031,19.06434934803697,20.35648883444364,19.07514946734319,0.42020181338640755,0.8961825469361566,0.8961825469361566,0.8980341089535071,0.8980341089535071,0.4204627190642397,0.0,0.0,0.0032786885245901,0
machine-2-7,33,W2_f0995,16,19411,7,12.08797001838684,12.54207832472665,12.09707362311227,12.09707362311227,12.073906183242798,12.076788663864136,12.55996424811227,12.672992161342076,12.55547857284546,1.0375669616692522,1.0007531127816813,1.0007531127816813,0.9988365428502345,0.9990750014679307,1.0386755223372905,0.0,0.0,1.0,0
machine-2-7,33,W2_f0995,17,20853,4,13.6486656665802,12.87985697388649,12.879852950572968,12.879852950572968,12.879611104726791,12.879613995552065,12.879883527755736,12.94307416677475,12.879857629537582,0.9436715125511356,0.9436712177740767,0.9436712177740767,0.9436534983975395,0.9436537102003153,0.9436715605888785,0.0,0.0,1.0,0
machine-2-7,33,W2_f0995,18,22291,5,13.151690006256104,12.364607739448548,12.364825797080991,12.364825797080991,12.364607548713684,12.364607548713684,12.364324569702148,12.357071733474733,12.363669610023498,0.9401535265480596,0.9401701067466759,0.9401701067466759,0.940153512045371,0.940153512045371,0.9400821950747201,0.0,0.0,1.0,0
machine-2-7,33,W2_f0995,19,22924,3,11.648546695709229,8.001629193623861,8.000836372375488,8.000836372375488,8.00162915388743,8.00162915388743,8.001700003941854,8.001376191775003,8.001623709996542,0.6869208153298026,0.6868527535132444,0.6868527535132444,0.6869208119185246,0.6869208119185246,0.6869203445734531,0.0,0.0,1.0,0
machine-2-7,33,W3_b01,0,664,3,13.681519349416098,13.301115353902182,13.301115353902182,13.301115353902182,13.301115353902182,13.301115353902182,13.30275591214498,13.30346425374349,13.301896731058756,0.972195778422069,0.972195778422069,0.972195778422069,0.972195778422069,0.972195778422069,0.9722528902922216,0.0,0.0,1.0,0
machine-2-7,33,W3_b01,1,2104,3,11.049370606740316,10.519141674041748,10.631843169530232,10.631843169530232,10.519141674041748,10.519141674041748,10.5251415570577,10.51976720492045,10.519947131474812,0.952012747913884,0.9622125592424798,0.9622125592424798,0.952012747913884,0.952012747913884,0.9520856441413462,0.0,0.0,1.0,0
machine-2-7,33,W3_b01,2,3544,3,13.891127189000448,13.363925615946451,13.633057673772177,13.633057673772177,13.363925615946451,13.363925615946451,13.386201779047648,13.369288444519045,13.372746467590332,0.9620476030576225,0.9814219888913968,0.9814219888913968,0.9620476030576225,0.9620476030576225,0.9626826020410647,0.0,0.0,1.0,0
machine-2-7,33,W3_b01,3,4984,3,15.028331200281778,14.247011423110962,14.655882120132446,14.655882120132446,14.247011423110962,14.247011423110962,14.27405826250712,14.253425121307371,14.263364871342976,0.9480102103980669,0.9752168703773079,0.9752168703773079,0.9480102103980669,0.9480102103980669,0.9490983849940398,0.0,0.0,1.0,0
machine-2-7,33,W3_b01,4,6030,4,7.7519500851631165,7.596975445747376,7.625219523906708,7.625219523906708,7.596975445747376,7.596975445747376,7.609294593334198,7.594604790210724,7.598094403743744,0.9800083027221299,0.9836517831172616,0.9836517831172616,0.9800083027221299,0.9800083027221299,0.9801526480783402,0.5,0.5,1.0,0
machine-2-7,33,W3_b01,5,7665,4,2.9636077880859375,1.179564207792282,1.1699268966913223,1.1699268966913223,1.179564207792282,1.179564207792282,1.9708240926265717,1.1819103956222534,1.1830387860536575,0.39801630044781,0.39476441565397763,0.39476441565397763,0.39801630044781,0.39801630044781,0.3991887154601283,1.0,1.0,1.0,0
machine-2-7,33,W3_b01,6,7863,4,13.33806610107422,12.374224543571472,12.591217637062073,12.591217637062073,12.374224543571472,12.374224543571472,12.374822735786438,12.38813215494156,12.375415027141573,0.9277375332976403,0.9440062406084494,0.9440062406084494,0.9277375332976403,0.9277375332976403,0.9278267878838059,0.0,0.0,1.0,0
machine-2-7,33,W3_b01,7,9304,3,15.58945576349894,14.323961814244589,14.611703395843506,14.611703395843506,14.323961814244589,14.323961814244589,14.326478958129885,14.342720111211142,14.32558830579122,0.9188237249296816,0.9372811737312384,0.9372811737312384,0.9188237249296816,0.9188237249296816,0.9189280577281644,0.0,0.0,1.0,0
machine-2-7,33,W3_b01,8,10744,3,15.7217747370402,14.364271958669027,14.833767493565878,14.833767493565878,14.364271958669027,14.364271958669027,14.51680302619934,14.374660968780518,14.366832574208578,0.9136546095414456,0.9435173663071134,0.9435173663071134,0.9136546095414456,0.9136546095414456,0.9138174801831117,0.0,0.0,1.0,0
machine-2-7,33,W3_b01,9,12099,28,10.590147239821295,8.65516387777669,10.129954914961544,10.129954914961544,8.65516387777669,8.65516387777669,8.629620417952538,8.661003355469022,8.649406215974263,0.8172845647727504,0.9565452382824928,0.9565452382824928,0.8172845647727504,0.8172845647727504,0.8167408837764393,0.5357142857142857,0.5357142857142857,1.0,0
machine-2-7,33,W3_b01,10,13623,2,21.270288228988647,19.705577492713928,20.44606924057007,20.44606924057007,19.705577492713928,19.705577492713928,19.88272905349731,19.70202159881592,19.712218403816223,0.9264367873425325,0.9612502200466059,0.9612502200466059,0.9264367873425325,0.9264367873425325,0.9267490027216003,0.0,0.0,1.0,0
machine-2-7,33,W3_b01,11,14934,4,7.008312106132507,6.137210786342621,6.020525932312012,6.020525932312012,6.137210786342621,6.137210786342621,6.132997453212738,6.1239617466926575,6.136933237314224,0.8757045481710719,0.8590550536474896,0.8590550536474896,0.8757045481710719,0.8757045481710719,0.8756649453360107,0.0,0.0,1.0,0
machine-2-7,33,W3_b01,12,15063,3,15.510114987691244,13.888105154037476,14.58290410041809,14.58290410041809,13.888105154037476,13.888105154037476,13.999192317326864,13.876605908075968,13.893733024597168,0.8954224494827415,0.9402189546622328,0.9402189546622328,0.8954224494827415,0.8954224494827415,0.8957853011162825,0.0,0.0,1.0,0
machine-2-7,33,W3_b01,13,16534,23,5.926074463388194,5.107853288235872,5.63295913260916,5.63295913260916,5.107853288235872,5.107853288235872,5.057246000870414,5.0885010957717896,5.104241505913112,0.8619286375479478,0.9505380277298359,0.9505380277298359,0.8619286375479478,0.8619286375479478,0.8613191645578472,0.5652173913043478,0.5652173913043478,1.0,0
machine-2-7,33,W3_b01,14,17978,3,16.04286527633667,16.42013136545817,16.097469965616863,16.097469965616863,16.42013136545817,16.42013136545817,16.362677415211994,16.405056556065876,16.418342113494873,1.023516128984638,1.003403674364874,1.003403674364874,1.023516128984638,1.023516128984638,1.0234045995332288,0.0,0.0,1.0,0
machine-2-7,33,W3_b01,15,18639,305,35.47045032000933,8.050300211984602,33.207846249126995,33.207846249126995,33.29100373377565,23.60180094711116,8.1638211482861,8.221457075486418,8.243592073585166,0.22695793651774776,0.9362115775111552,0.9362115775111552,0.9385559933248375,0.665393326957484,0.23240731367131395,0.0,0.0,0.0032786885245901,0
machine-2-7,33,W3_b01,16,19411,7,11.068091324397496,11.31136441230774,11.31366399356297,11.31366399356297,10.888156516211373,11.40291142463684,11.25239212172372,11.235842772892545,11.598333495003835,1.0219796784088684,1.0221874451491157,1.0221874451491157,0.9837429234262378,1.0302509340071397,1.0479072818488153,0.0,0.0,1.0,0
machine-2-7,33,W3_b01,17,20853,4,12.983441174030304,12.535166561603546,12.800084859132768,12.800084859132768,12.150876224040983,12.452128648757936,12.51214748620987,12.399889528751372,12.672427713871002,0.9654733589948862,0.9858776796967904,0.9858776796967904,0.9358748625399381,0.9590776807049346,0.9760453753369025,0.0,0.0,1.0,0
machine-2-7,33,W3_b01,18,22291,5,11.551206922531128,11.170906448364258,11.93371376991272,11.93371376991272,10.78099684715271,10.93905086517334,11.09977116584778,11.106349515914918,11.350099182128906,0.9670769923249252,1.0331140156995626,1.0331140156995626,0.9333221125252211,0.947005013288806,0.9825898937010684,0.0,0.0,1.0,0
machine-2-7,33,W3_b01,19,22924,3,9.98034119606018,9.049005826314293,8.761058370272318,8.761058370272318,9.001287579536438,8.993128498395285,9.035974979400637,9.008472363154093,9.142772118250528,0.9066830129902232,0.8778315488583512,0.8778315488583512,0.901901788997932,0.9010842737466124,0.9160781118244445,0.0,0.0,1.0,0
machine-3-7,11,W1,0,10609,35,3.0365460532052175,2.85493683048657,2.925989938633782,2.925989938633782,2.85493683048657,2.85493683048657,2.8774772754737308,2.8439926998955865,2.8413347133568356,0.9401921724431117,0.9635914909129278,0.9635914909129278,0.9401921724431117,0.9401921724431117,0.9357127023835758,0.1142857142857142,0.1142857142857142,1.0,0
machine-3-7,11,W1,1,11491,63,3.2183390250281683,2.898292454462202,2.91777742571301,2.91777742571301,2.898292454462202,2.898292454462202,3.02868114340873,2.909285549133543,2.8575113496137043,0.9005553585010625,0.9066097148318525,0.9066097148318525,0.9005553585010625,0.9005553585010625,0.8878838827704593,0.5396825396825397,0.5396825396825397,1.0,0
machine-3-7,11,W1,2,14775,18,3.8468317290147143,3.6287181443638272,3.7378507256507874,3.7378507256507874,3.6287181443638272,3.6287181443638272,3.6597066124280295,3.636237939198812,3.694538801908493,0.9433004612586077,0.97166993228689,0.97166993228689,0.9433004612586077,0.9433004612586077,0.9604108165279098,0.0,0.0,1.0,0
machine-3-7,11,W1,3,21201,311,20.645559389874865,6.316836957571208,20.58971613204747,20.58971613204747,20.59668940075724,20.59668940075724,6.7984735644706955,7.925313690467663,7.924199002636208,0.3059658902082912,0.9972951443565737,0.9972951443565737,0.9976329055466719,0.9976329055466719,0.38382098799039793,0.1028938906752411,0.9003215434083601,0.1832797427652733,1
machine-3-7,11,W1,4,24579,7,23.284005573817662,5.285027231488909,22.361357825142996,5.309946809496198,22.402402060372488,22.402402060372488,5.224641399724143,5.274793761117118,5.476547283785684,0.2269810155616782,0.9603741827947265,0.22805126002319434,0.9621369480156576,0.9621369480156576,0.23520640666500858,0.0,0.0,0.0,0
machine-3-7,11,W2_f0995,0,10609,35,7.546845436096191,3.695996601240976,3.755081731932504,3.755081731932504,3.695996601240976,3.695996601240976,3.590077979224069,3.572637721470424,3.5531008175441197,0.4897405985768843,0.4975697148867171,0.4975697148867171,0.4897405985768843,0.4897405985768843,0.47080609343737356,0.1142857142857142,0.1142857142857142,1.0,0
machine-3-7,11,W2_f0995,1,11491,63,6.100424573535011,4.77132401012239,4.840074327256945,4.840074327256945,4.77132401012239,4.77132401012239,4.454739296247089,4.763676510916816,3.861597467036474,0.7821298259831696,0.79339958537546,0.79339958537546,0.7821298259831696,0.7821298259831696,0.6330047065558251,0.5396825396825397,0.5396825396825397,1.0,0
machine-3-7,11,W2_f0995,2,14775,18,8.701941145790947,4.907347056600782,4.907332420349121,4.907332420349121,4.907347056600782,4.907347056600782,4.381576869222853,4.900612115859985,4.62199631664488,0.5639370543174064,0.5639353723649068,0.5639353723649068,0.5639370543174064,0.5639370543174064,0.5311454351631072,0.5,0.5,1.0,0
machine-3-7,11,W2_f0995,3,21201,311,22.280237227007508,13.584377088730742,21.94809116006281,21.94809116006281,21.91788037183584,21.91788037183584,14.369770033949823,15.024206802392696,14.718306122102154,0.6097052266689568,0.9850923460302263,0.9850923460302263,0.9837364004934189,0.9837364004934189,0.6605991656256253,0.1543408360128617,0.9517684887459807,0.1897106109324758,1
machine-3-7,11,W2_f0995,4,24579,7,25.942563465663365,9.010262761797224,24.09128843035017,9.63230460030692,24.117787224905832,24.117787224905832,9.653095313480922,8.961157321929932,9.799738134656634,0.3473158222672513,0.9286394716634894,0.3712934773410457,0.9296609125319192,0.9296609125319192,0.37774748619685217,0.0,0.0,0.0,0
machine-3-7,11,W3_b01,0,10609,35,5.109553827558245,3.0790190253938947,3.0511889048985075,3.0511889048985075,3.0790190253938947,3.0790190253938947,3.038840585095542,3.0693487576075964,3.041051743711744,0.6026003696814556,0.5971536865786597,0.5971536865786597,0.6026003696814556,0.6026003696814556,0.595169724469857,0.1142857142857142,0.1142857142857142,1.0,0
machine-3-7,11,W3_b01,1,11491,63,4.652957308860052,3.702568820544651,3.191977848136236,3.191977848136236,3.702568820544651,3.702568820544651,3.6332844817449175,3.692183483214605,3.688684963990771,0.7957452808548892,0.6860105597913282,0.6860105597913282,0.7957452808548892,0.7957452808548892,0.7927614029397742,0.5396825396825397,0.5396825396825397,1.0,0
machine-3-7,11,W3_b01,2,14775,18,5.902264356613159,3.9725617501470776,3.903408474392361,3.903408474392361,3.9725617501470776,3.9725617501470776,5.128010789553325,3.962042947610219,4.42459041542477,0.6730572387351716,0.6613408411669682,0.6613408411669682,0.6730572387351716,0.6730572387351716,0.749642874004324,0.5,0.5,1.0,0
machine-3-7,11,W3_b01,3,21201,311,21.829419294737544,7.567525952191981,21.649647049390236,21.649647049390236,21.74334773584194,21.74334773584194,8.080578120191765,8.615037150321665,8.41747337771382,0.3466663886022977,0.9917646803646011,0.9917646803646011,0.9960570843532996,0.9960570843532996,0.3856022583130755,0.1543408360128617,0.9517684887459807,0.1832797427652733,1
machine-3-7,11,W3_b01,4,24579,7,24.949665887015207,5.344881917749133,23.68642888750349,5.328377842903137,23.915360859462194,23.915360859462194,5.382426355566297,5.346671129976,5.556102429117475,0.21422659293128332,0.9493685805159757,0.213565098107235,0.9585443335298808,0.9585443335298808,0.22269245825889358,0.0,0.0,0.0,0
machine-3-7,22,W1,0,10609,35,2.9850673488208224,2.888673827477864,2.9274689031498773,2.9274689031498773,2.888673827477864,2.888673827477864,2.9118204018899374,2.9131044149398804,2.966624127967017,0.9677080916177532,0.9807044736549418,0.9807044736549418,0.9677080916177532,0.9677080916177532,0.9938215059499107,0.1142857142857142,0.1142857142857142,1.0,0
machine-3-7,22,W1,1,11491,63,3.120711667670144,2.872953586635135,2.921430250008901,2.921430250008901,2.872953586635135,2.872953586635135,2.951501981606559,2.856202903721067,2.8897158366347115,0.9206084677409561,0.9361423165985654,0.9361423165985654,0.9206084677409561,0.9206084677409561,0.9259797585824745,0.5396825396825397,0.5396825396825397,1.0,0
machine-3-7,22,W1,2,14775,18,3.972372402747472,3.5824645459651947,3.7417506277561183,3.7417506277561183,3.5824645459651947,3.5824645459651947,3.54991423090299,3.603724482986662,3.570188260740704,0.9018450897220515,0.9419435663101866,0.9419435663101866,0.9018450897220515,0.9018450897220515,0.8987546732203157,0.0,0.0,1.0,0
machine-3-7,22,W1,3,21201,311,20.56374684829037,6.430497891266629,20.512618225678754,20.512618225678754,20.523412482339857,20.523412482339857,6.513362112631752,6.540212766342225,7.8701931288004685,0.3127104189089571,0.9975136524005659,0.9975136524005659,0.9980385692233968,0.9980385692233968,0.3827217474939291,0.1028938906752411,0.9003215434083601,0.1832797427652733,1
machine-3-7,22,W1,4,24579,7,23.29011399405343,5.377506749970572,22.36497470310756,5.45165867464883,22.34920310974121,22.34920310974121,5.345006363732474,5.366000805582319,5.272135155541556,0.23089224687107968,0.9602775971306072,0.23407608378562594,0.9596004173894357,0.9596004173894357,0.22636794121693302,0.0,0.0,0.0,0
machine-3-7,22,W2_f0995,0,10609,35,7.580833775656564,3.6919313022068567,3.7510058777672906,3.7510058777672906,3.6919313022068567,3.6919313022068567,3.5057892084121702,3.619633425985064,3.590227345057896,0.48700860768934406,0.49480123015128663,0.49480123015128663,0.48700860768934406,0.48700860768934406,0.47359267480402606,0.1142857142857142,0.1142857142857142,1.0,0
machine-3-7,22,W2_f0995,1,11491,63,6.125553055415078,4.782645397716099,4.851409414457897,4.851409414457897,4.782645397716099,4.782645397716099,4.1963787570832265,4.78497382383498,4.706064074758499,0.780769565531421,0.7919953301472396,0.7919953301472396,0.780769565531421,0.780769565531421,0.7682676212555649,0.5396825396825397,0.5396825396825397,1.0,0
machine-3-7,22,W2_f0995,2,14775,18,8.745201879077488,4.883709960513645,4.883695827590095,4.883695827590095,4.883709960513645,4.883709960513645,4.2166861693064375,4.88508755630917,4.496096995141771,0.5584445079761632,0.5584428918987133,0.5584428918987133,0.5584445079761632,0.5584445079761632,0.5141215785879668,0.5,0.5,1.0,0
machine-3-7,22,W2_f0995,3,21201,311,22.288215557478633,13.498397571097616,21.94901264442125,21.94901264442125,21.917303304580248,21.917303304580248,13.696024183291714,13.516465362628557,13.963232208678193,0.6056293531569124,0.9847810645862329,0.9847810645862329,0.9833583692717863,0.9833583692717863,0.6264849769004025,0.1543408360128617,0.9517684887459807,0.1897106109324758,1
machine-3-7,22,W2_f0995,4,24579,7,25.950146538870676,9.0941789490836,24.13313593183245,9.723983355930873,24.151944841657365,24.151944841657365,9.549734456198555,9.04195383616856,9.089186327798028,0.35044807687160634,0.9299807188249773,0.3747178591598832,0.9307055282127294,0.9307055282127294,0.35025568407420565,0.0,0.0,0.0,0
machine-3-7,22,W3_b01,0,10609,35,5.706847245352609,2.995144828728267,2.987642971106938,2.987642971106938,2.995144828728267,2.995144828728267,3.000618600845337,2.9947292940957206,2.9841495343617033,0.5248335376713252,0.5235190014135976,0.5235190014135976,0.5248335376713252,0.5248335376713252,0.5229068531301334,0.1142857142857142,0.1142857142857142,1.0,0
machine-3-7,22,W3_b01,1,11491,63,4.965024051212129,3.74426071416764,3.190535036344377,3.190535036344377,3.74426071416764,3.74426071416764,3.665375382181198,4.264519286534143,4.160588471662431,0.754127407147915,0.6426021311146438,0.6426021311146438,0.754127407147915,0.754127407147915,0.8379795200884659,0.5396825396825397,0.5396825396825397,1.0,0
machine-3-7,22,W3_b01,2,14775,18,6.749421874682109,4.1401286125183105,4.024913986523946,4.024913986523946,4.1401286125183105,4.1401286125183105,4.535161852836609,4.132688694530064,4.064790182643467,0.6134049240644491,0.5963346285437988,0.5963346285437988,0.6134049240644491,0.6134049240644491,0.6022427191713978,0.5,0.5,1.0,0
machine-3-7,22,W3_b01,3,21201,311,21.905350300276776,7.452694461468331,21.76185865206734,21.76185865206734,21.898794651031498,21.898794651031498,7.460192682275435,7.446731388377224,8.093195039168048,0.34022256477560947,0.9934494702781528,0.9934494702781528,0.999700728399436,0.999700728399436,0.3694620231234462,0.1543408360128617,0.9517684887459807,0.1897106109324758,1
machine-3-7,22,W3_b01,4,24579,7,25.26005172729492,5.227563628128597,24.057167053222656,5.22088634116309,24.416819436209543,24.416819436209543,5.211114364010947,5.229961965765272,5.184616182531629,0.20694983860543398,0.9523799599835151,0.20668549682824386,0.9666179507394194,0.9666179507394194,0.20524962650529163,0.0,0.0,0.0,0
machine-3-7,33,W1,0,10609,35,3.0853795094149454,2.847632487331118,2.8751347150121416,2.8751347150121416,2.847632487331118,2.847632487331118,2.9425490140914916,2.962175452709198,2.8986049362591335,0.9229439939695103,0.9318577200110236,0.9318577200110236,0.9229439939695103,0.9229439939695103,0.9394646355218621,0.1142857142857142,0.1142857142857142,1.0,0
machine-3-7,33,W1,1,11491,63,3.1839931711318,2.9533137716944258,2.952752074551961,2.952752074551961,2.9533137716944258,2.9533137716944258,3.0856290062268577,2.95337868872143,2.9871327910158367,0.9275502844890288,0.9273738716915524,0.9273738716915524,0.9275502844890288,0.9275502844890288,0.93817185856401,0.5396825396825397,0.5396825396825397,1.0,0
machine-3-7,33,W1,2,14775,18,3.942022399769889,3.542104293902715,3.634223027361764,3.634223027361764,3.542104293902715,3.542104293902715,3.53117459681299,3.5238468746344247,3.509988314575619,0.8985500168922129,0.9219184111114913,0.9219184111114913,0.8985500168922129,0.8985500168922129,0.8904029349961357,0.0,0.0,1.0,0
machine-3-7,33,W1,3,21201,311,20.603584000535335,6.264163502542919,20.55605193943839,20.55605193943839,20.59655814117174,20.59655814117174,7.454108513053207,6.384437852733772,7.319053166548923,0.3040327111234705,0.9976930197631776,0.9976930197631776,0.9996589981935468,0.9996589981935468,0.35523203954995186,0.1028938906752411,0.9003215434083601,0.1832797427652733,1
machine-3-7,33,W1,4,24579,7,23.284040178571427,5.5605359588350565,22.86359705243792,5.557643634932382,22.86359705243792,22.86359705243792,6.062949878828866,5.538592415196555,5.475663508687701,0.23881319204870993,0.9819428620244159,0.2386889728891271,0.9819428620244159,0.9819428620244159,0.235168100840464,0.0,0.0,0.0,0
machine-3-7,33,W2_f0995,0,10609,35,7.572858810424805,3.6900081872940063,3.74964474269322,3.74964474269322,3.6900081872940063,3.6900081872940063,3.514415887423924,3.6719830989837647,3.5408741814749582,0.48726752731931794,0.49514256591334505,0.49514256591334505,0.48726752731931794,0.48726752731931794,0.467574303194533,0.1142857142857142,0.1142857142857142,1.0,0
machine-3-7,33,W2_f0995,1,11491,63,6.123395995488242,4.795044091012743,4.863810932825482,4.863810932825482,4.795044091012743,4.795044091012743,4.9184891572074285,4.736423636239673,4.4954917657943,0.7830694102660946,0.7942995906861436,0.7942995906861436,0.7830694102660946,0.7830694102660946,0.7341500972836981,0.5396825396825397,0.5396825396825397,1.0,0
machine-3-7,33,W2_f0995,2,14775,18,8.724920007917616,4.931642492612203,4.931628134515551,4.931628134515551,4.931642492612203,4.931642492612203,4.593899236785041,4.932356503274706,4.256268699963887,0.5652364134154672,0.5652347677732562,0.5652347677732562,0.5652364134154672,0.5652364134154672,0.48782896532019143,0.5,0.5,1.0,0
machine-3-7,33,W2_f0995,3,21201,311,22.282094053900128,13.610842543782912,21.953892553350933,21.953892553350933,21.92272793748371,21.92272793748371,17.714310166153492,13.669435688920345,14.838497341254133,0.6108421637059085,0.9852706168569579,0.9852706168569579,0.9838719774027022,0.9838719774027022,0.6659381880966834,0.1543408360128617,0.9517684887459807,0.1897106109324758,1
machine-3-7,33,W2_f0995,4,24579,7,25.958844866071427,9.13815518787929,24.147229058401926,9.772275379725864,24.16648347037179,24.16648347037179,10.306117057800291,9.177226884024485,9.301759992327009,0.35202472355859665,0.9302120022282923,0.37645262838711147,0.9309537306090889,0.9309537306090889,0.3583271921503926,0.0,0.0,0.0,0
machine-3-7,33,W3_b01,0,10609,35,5.757289184842791,3.046341553756169,2.9807523557118007,2.9807523557118007,3.046341553756169,3.046341553756169,3.0093002796173094,3.043421479633876,3.0244182297161646,0.5291277641179236,0.5177353890020366,0.5177353890020366,0.5291277641179236,0.5291277641179236,0.5253198393574787,0.1142857142857142,0.1142857142857142,1.0,0
machine-3-7,33,W3_b01,1,11491,63,4.904337638900394,3.6681559984646146,3.1868311109996976,3.1868311109996976,3.6681559984646146,3.6681559984646146,3.2476664440972463,3.63173080247546,3.568884768183269,0.7479411632203723,0.6497984734416083,0.6497984734416083,0.7479411632203723,0.7479411632203723,0.7276996469157152,0.5396825396825397,0.5396825396825397,1.0,0
machine-3-7,33,W3_b01,2,14775,18,6.678178495830959,4.191123081578149,4.112295342816247,4.112295342816247,4.191123081578149,4.191123081578149,4.639410866631402,4.17563600010342,4.7946171098285255,0.6275847649466955,0.615780986594393,0.615780986594393,0.6275847649466955,0.6275847649466955,0.7179528239357035,0.5,0.5,1.0,0
machine-3-7,33,W3_b01,3,21201,311,22.225644853720713,7.51659178647581,21.932039739234657,21.932039739234657,22.09780857609016,22.09780857609016,9.218924133340645,7.503847615607682,8.506646712876593,0.33819454220323714,0.9867898044615383,0.9867898044615383,0.9942482533815368,0.9942482533815368,0.3827401530467867,0.1543408360128617,0.9517684887459807,0.1897106109324758,1
machine-3-7,33,W3_b01,4,24579,7,25.90406036376953,5.508889317512512,24.463546752929688,5.518632386411939,24.863922119140625,24.863922119140625,5.376007412161146,5.503125071525574,5.559288288865771,0.21266508957095653,0.9443904318237845,0.2130412108725056,0.9598465171088125,0.9598465171088125,0.21461069078734918,0.0,0.0,0.0,0
